id_etablissement,nom_etablissement,annee_scolaire,region,code_region,province,milieu,secteur,cycle,nb_classes,effectif_eleves,annee_creation,equipement_bibliotheque,equipement_laboratoire,equipement_salle_sport,acces_internet,cantine,latitude,longitude
ETB10000,École 472-TAN,2021-2022,Tanger-Tétouan-Al Hoceïma,TAN,Fahs-Anjra,Rural,Public,Primaire,15,274,1976,0,0,1,0,0,31.21237,-5.12716
ETB10001,École 215-FES,2022-2023,Fès-Meknès,FES,Taza,Urbain,Privé,Primaire,3,317,1999,1,0,1,1,1,29.07572,-8.95286
ETB10002,Collège 224-ORI,2018-2019,Oriental,ORI,Driouch,Urbain,Privé,Collégial,12,330,1981,1,1,0,1,1,28.02939,-7.39556
ETB10003,Lycée 351-LAA,2018-2019,Laâyoune-Sakia El Hamra,LAA,Laâyoune,Rural,Public,Qualifiant,17,324,1982,0,0,1,0,1,32.11913,-13.01069
ETB10004,OFPPT 241-MAR,2017-2018,Marrakech-Safi,MAR,Essaouira,Rural,Privé,Formation Professionnelle,27,346,2010,0,0,0,1,1,31.75383,-10.2185
ETB10005,Collège 44-CAS,2015-2016,Casablanca-Settat,CAS,Settat,Rural,Privé,Collégial,3,371,1992,1,0,1,0,0,27.96012,-3.42183
ETB10006,École 115-SOU,2015-2016,Souss-Massa,SOU,Tata,Rural,Privé,Primaire,33,399,2010,0,0,0,1,1,31.73811,-10.61517
ETB10007,École 242-CAS,2021-2022,Casablanca-Settat,CAS,Mohammadia,Rural,Public,Primaire,31,176,2009,0,0,0,1,1,32.93164,-12.99064
ETB10008,Collège 44-MAR,2015-2016,Marrakech-Safi,MAR,Chichaoua,Rural,Public,Collégial,5,401,1971,1,1,0,0,0,28.07411,-10.969
ETB10009,École 394-RAB,2022-2023,Rabat-Salé-Kénitra,RAB,Sidi Slimane,Urbain,Public,Primaire,5,350,2016,1,1,0,0,0,28.36016,-2.58365
ETB10010,École 47-DAK,2016-2017,Dakhla-Oued Eddahab,DAK,Dakhla,Urbain,Public,Primaire,14,460,1979,0,0,1,1,0,27.83176,-1.9229
ETB10011,École 205-BMK,2015-2016,Béni Mellal-Khénifra,BMK,Azilal,Urbain,Public,Primaire,23,316,1992,0,1,1,0,0,33.20943,-3.19103
ETB10012,Collège 295-MAR,2018-2019,Marrakech-Safi,MAR,Al Haouz,Rural,Public,Collégial,24,495,2018,1,0,0,0,1,30.02773,-9.14868
ETB10013,École 398-FES,2016-2017,Fès-Meknès,FES,El Hajeb,Urbain,Public,Primaire,23,325,2005,1,0,1,1,0,31.50802,-12.86741
ETB10014,École 474-RAB,2016-2017,Rabat-Salé-Kénitra,RAB,Kénitra,Urbain,Public,Primaire,15,407,1998,1,0,0,0,1,33.44784,-7.10188
ETB10015,OFPPT 13-FES,2023-2024,Fès-Meknès,FES,Taza,Rural,Privé,Formation Professionnelle,22,250,2007,0,0,1,1,0,29.06493,-9.81948
ETB10016,Collège 360-CAS,2023-2024,Casablanca-Settat,CAS,Casablanca,Rural,Public,Collégial,13,524,1983,0,1,1,1,0,34.48018,-8.03345
ETB10017,École 299-CAS,2017-2018,Casablanca-Settat,CAS,Sidi Bennour,Urbain,Public,Primaire,12,323,1967,0,0,0,1,0,33.51627,-7.10714
ETB10018,École 80-RAB,2017-2018,Rabat-Salé-Kénitra,RAB,Skhirate-Témara,Urbain,Public,Primaire,25,212,1960,0,1,0,0,0,27.96991,-7.92304
ETB10019,École 473-DRA,2023-2024,Drâa-Tafilalet,DRA,Midelt,Rural,Privé,Primaire,3,405,1966,1,0,1,1,1,34.36319,-2.30809
ETB10020,École 338-CAS,2019-2020,Casablanca-Settat,CAS,Benslimane,Rural,Privé,Primaire,22,325,2003,1,1,0,1,1,30.81141,-2.69078
ETB10021,École 421-SOU,2018-2019,Souss-Massa,SOU,Agadir-Ida-Ou-Tanane,Urbain,Privé,Primaire,34,391,2021,1,0,0,1,1,28.07227,-9.05361
ETB10022,École 86-CAS,2023-2024,Casablanca-Settat,CAS,Benslimane,Urbain,Public,Primaire,10,294,2002,1,1,0,0,1,29.41316,-8.97399
ETB10023,École 209-MAR,2022-2023,Marrakech-Safi,MAR,El Kelaa des Sraghna,Urbain,Public,Primaire,19,332,2006,1,1,0,1,1,35.00339,-5.10459
ETB10024,École 430-CAS,2016-2017,Casablanca-Settat,CAS,Khouribga,Rural,Public,Primaire,14,303,1970,0,0,0,0,0,34.84024,-11.4321
ETB10025,Collège 54-FES,2017-2018,Fès-Meknès,FES,Boulemane,Urbain,Public,Collégial,29,457,1982,0,0,0,1,1,27.76531,-9.05117
ETB10026,École 229-FES,2015-2016,Fès-Meknès,FES,Séfrou,Urbain,Public,Primaire,16,342,2016,1,1,0,1,1,28.20219,-5.58977
ETB10027,Université 329-DRA,2016-2017,Drâa-Tafilalet,DRA,Zagora,Urbain,Public,Supérieur,15,2641,1984,1,0,0,0,1,30.38594,-3.41442
ETB10028,École 232-RAB,2022-2023,Rabat-Salé-Kénitra,RAB,Kénitra,Rural,Public,Primaire,33,284,2018,1,0,1,1,0,34.06334,-5.66426
ETB10029,OFPPT 442-ORI,2020-2021,Oriental,ORI,Driouch,Rural,Public,Formation Professionnelle,8,315,1972,0,1,0,0,0,31.37993,-2.02286
ETB10030,École 158-ORI,2022-2023,Oriental,ORI,Nador,Urbain,Public,Primaire,33,351,1975,1,1,0,1,1,29.65422,-4.53158
ETB10031,École 53-RAB,2018-2019,Rabat-Salé-Kénitra,RAB,Salé,Rural,Public,Primaire,17,308,2021,1,1,1,0,1,33.89753,-10.96816
ETB10032,Lycée 388-MAR,2020-2021,Marrakech-Safi,MAR,Safi,Urbain,Public,Qualifiant,15,467,1969,1,0,1,1,1,32.8211,-1.69913
ETB10033,Collège 85-TAN,2019-2020,Tanger-Tétouan-Al Hoceïma,TAN,Fahs-Anjra,Rural,Privé,Collégial,7,422,1996,0,0,0,1,0,29.14176,-2.94992
ETB10034,École 68-FES,2021-2022,Fès-Meknès,FES,Fès,Rural,Public,Primaire,10,520,1999,0,0,1,1,1,32.88083,-5.90194
ETB10035,Lycée 229-MAR,2019-2020,Marrakech-Safi,MAR,Chichaoua,Urbain,Public,Qualifiant,12,349,1969,0,0,1,0,0,33.97997,-6.05195
ETB10036,Université 423-ORI,2023-2024,Oriental,ORI,Figuig,Urbain,Public,Supérieur,23,3638,1966,0,0,1,0,1,28.80105,-1.14471
ETB10037,Lycée 414-ORI,2019-2020,Oriental,ORI,Oujda-Angad,Urbain,Public,Qualifiant,29,225,1990,1,1,0,1,1,34.96322,-1.6416
ETB10038,École 272-RAB,2022-2023,Rabat-Salé-Kénitra,RAB,Khémisset,Rural,Privé,Primaire,6,383,1988,1,0,0,1,0,33.75894,-10.76881
ETB10039,École 170-ORI,2016-2017,Oriental,ORI,Taourirt,Urbain,Public,Primaire,19,262,2008,1,0,1,1,1,32.25532,-2.55882
ETB10040,Collège 242-MAR,2021-2022,Marrakech-Safi,MAR,Marrakech,Rural,Privé,Collégial,19,720,1990,1,1,1,1,0,30.54717,-11.72877
ETB10041,École 301-CAS,2020-2021,Casablanca-Settat,CAS,El Jadida,Urbain,Public,Primaire,11,188,2010,1,0,1,0,0,33.43281,-8.84507
ETB10042,Collège 481-FES,2021-2022,Fès-Meknès,FES,Meknès,Rural,Public,Collégial,27,317,1988,0,0,1,0,1,29.66653,-5.99986
ETB10043,Lycée 266-FES,2018-2019,Fès-Meknès,FES,Taounate,Urbain,Public,Qualifiant,8,413,1978,0,0,1,1,0,32.83417,-8.85139
ETB10044,Collège 333-CAS,2021-2022,Casablanca-Settat,CAS,Casablanca,Urbain,Public,Collégial,15,321,1963,1,1,1,1,1,31.80052,-7.71137
ETB10045,École 159-SOU,2019-2020,Souss-Massa,SOU,Chtouka-Ait Baha,Urbain,Public,Primaire,13,302,1984,0,1,0,1,1,33.60668,-1.94596
ETB10046,École 166-RAB,2015-2016,Rabat-Salé-Kénitra,RAB,Rabat,Rural,Public,Primaire,13,330,2010,0,0,1,0,0,30.07715,-8.48555
ETB10047,Collège 29-RAB,2017-2018,Rabat-Salé-Kénitra,RAB,Sidi Kacem,Urbain,Public,Collégial,24,527,1964,0,0,1,1,0,35.77317,-11.56833
ETB10048,École 260-RAB,2021-2022,Rabat-Salé-Kénitra,RAB,Kénitra,Rural,Public,Primaire,12,198,1984,1,0,0,0,0,29.806,-10.55929
ETB10049,École 43-BMK,2018-2019,Béni Mellal-Khénifra,BMK,Azilal,Urbain,Public,Primaire,30,272,1961,1,0,1,1,0,34.17864,-3.82386
ETB10050,Jardin 65-BMK,2020-2021,Béni Mellal-Khénifra,BMK,Khouribga,Urbain,Public,Préscolaire,18,60,1966,0,0,1,0,0,31.83136,-11.43526
ETB10051,OFPPT 154-MAR,2021-2022,Marrakech-Safi,MAR,El Kelaa des Sraghna,Urbain,Privé,Formation Professionnelle,24,393,1989,0,0,0,0,1,30.99869,-8.67048
ETB10052,Collège 347-RAB,2015-2016,Rabat-Salé-Kénitra,RAB,Salé,Rural,Privé,Collégial,19,633,1960,1,0,1,1,1,35.02839,-9.99617
ETB10053,Collège 131-CAS,2020-2021,Casablanca-Settat,CAS,Benslimane,Rural,Privé,Collégial,20,433,2002,1,1,0,1,0,34.18036,-10.42244
ETB10054,École 257-DRA,2016-2017,Drâa-Tafilalet,DRA,Zagora,Rural,Public,Primaire,22,351,1984,1,0,1,0,0,34.2613,-2.12073
ETB10055,École 141-RAB,2020-2021,Rabat-Salé-Kénitra,RAB,Khémisset,Rural,Public,Primaire,4,439,1990,0,0,1,0,0,34.86674,-10.01957
ETB10056,École 297-MAR,2018-2019,Marrakech-Safi,MAR,Safi,Urbain,Public,Primaire,22,348,2006,0,0,0,1,0,30.94704,-2.75252
ETB10057,Collège 312-FES,2017-2018,Fès-Meknès,FES,Boulemane,Urbain,Privé,Collégial,28,368,2007,0,0,1,1,0,30.19126,-2.42701
ETB10058,École 493-RAB,2022-2023,Rabat-Salé-Kénitra,RAB,Skhirate-Témara,Urbain,Public,Primaire,8,221,2014,1,0,0,1,1,30.32941,-11.37335
ETB10059,École 326-SOU,2021-2022,Souss-Massa,SOU,Chtouka-Ait Baha,Rural,Public,Primaire,24,337,2003,0,1,1,1,1,31.2644,-2.23619
ETB10060,École 348-BMK,2019-2020,Béni Mellal-Khénifra,BMK,Khouribga,Rural,Public,Primaire,20,336,1980,0,0,0,0,1,32.41179,-1.86078
ETB10061,Collège 374-FES,2018-2019,Fès-Meknès,FES,Taounate,Rural,Public,Collégial,26,357,2016,0,0,0,1,0,32.34009,-11.54317
ETB10062,École 99-TAN,2023-2024,Tanger-Tétouan-Al Hoceïma,TAN,Tétouan,Rural,Public,Primaire,11,313,2000,0,1,1,0,0,28.53985,-9.76057
ETB10063,École 498-MAR,2017-2018,Marrakech-Safi,MAR,Safi,Urbain,Public,Primaire,20,299,1995,0,0,1,0,0,30.41753,-12.62462
ETB10064,Jardin 85-RAB,2017-2018,Rabat-Salé-Kénitra,RAB,Khémisset,Urbain,Public,Préscolaire,13,52,2012,0,0,0,0,1,30.84913,-9.61688
ETB10065,OFPPT 88-MAR,2022-2023,Marrakech-Safi,MAR,Marrakech,Urbain,Public,Formation Professionnelle,12,355,1973,0,0,0,0,0,30.88436,-11.68161
ETB10066,École 499-ORI,2016-2017,Oriental,ORI,Oujda-Angad,Rural,Public,Primaire,27,282,1971,0,1,0,0,0,33.55773,-9.86559
ETB10067,Collège 54-CAS,2022-2023,Casablanca-Settat,CAS,El Jadida,Urbain,Public,Collégial,19,482,2016,1,0,0,1,1,35.2475,-7.27333
ETB10068,École 228-FES,2021-2022,Fès-Meknès,FES,Séfrou,Urbain,Public,Primaire,3,220,1977,1,1,0,1,0,35.5679,-4.20725
ETB10069,École 164-RAB,2015-2016,Rabat-Salé-Kénitra,RAB,Sidi Kacem,Urbain,Privé,Primaire,31,420,1985,0,0,1,1,0,28.4338,-11.35952
ETB10070,Collège 349-SOU,2018-2019,Souss-Massa,SOU,Taroudannt,Urbain,Public,Collégial,5,555,1992,0,0,0,0,0,33.99152,-4.72319
ETB10071,Collège 198-ORI,2019-2020,Oriental,ORI,Guercif,Urbain,Public,Collégial,18,515,1995,0,0,0,1,1,33.86915,-9.53791
ETB10072,École 202-CAS,2021-2022,Casablanca-Settat,CAS,El Jadida,Rural,Privé,Primaire,31,219,1974,0,0,1,1,0,30.5145,-11.72702
ETB10073,École 436-SOU,2022-2023,Souss-Massa,SOU,Inezgane-Ait Melloul,Rural,Public,Primaire,29,269,1969,0,1,1,1,0,31.01965,-8.66836
ETB10074,École 126-SOU,2019-2020,Souss-Massa,SOU,Agadir-Ida-Ou-Tanane,Urbain,Public,Primaire,9,328,2014,1,0,1,1,0,30.31328,-9.93077
ETB10075,Lycée 168-TAN,2021-2022,Tanger-Tétouan-Al Hoceïma,TAN,Fahs-Anjra,Urbain,Public,Qualifiant,29,60,2005,0,0,1,0,0,33.47735,-1.02997
ETB10076,École 13-FES,2021-2022,Fès-Meknès,FES,Meknès,Rural,Public,Primaire,14,407,1980,1,0,1,0,0,30.54021,-11.58866
ETB10077,École 475-FES,2016-2017,Fès-Meknès,FES,Meknès,Urbain,Public,Primaire,18,235,1960,1,0,1,1,0,29.4166,-9.34992
ETB10078,Lycée 71-SOU,2023-2024,Souss-Massa,SOU,Agadir-Ida-Ou-Tanane,Rural,Public,Qualifiant,5,515,2016,0,0,1,0,0,31.8639,-1.15497
ETB10079,École 89-CAS,2018-2019,Casablanca-Settat,CAS,Berrechid,Urbain,Public,Primaire,7,208,2019,1,0,1,0,1,28.65729,-9.69716
ETB10080,Jardin 478-TAN,2015-2016,Tanger-Tétouan-Al Hoceïma,TAN,Al Hoceïma,Urbain,Public,Préscolaire,14,60,1976,0,0,1,1,0,34.44516,-12.32107
ETB10081,École 428-RAB,2022-2023,Rabat-Salé-Kénitra,RAB,Sidi Kacem,Urbain,Privé,Primaire,14,476,1964,1,0,1,0,0,35.86011,-6.27747
ETB10082,Jardin 193-TAN,2023-2024,Tanger-Tétouan-Al Hoceïma,TAN,Tétouan,Rural,Public,Préscolaire,15,53,1994,0,1,1,1,0,33.6504,-9.01332
ETB10083,École 371-CAS,2017-2018,Casablanca-Settat,CAS,Sidi Bennour,Urbain,Public,Primaire,30,471,1990,0,1,1,0,0,32.00819,-5.99572
ETB10084,École 419-CAS,2021-2022,Casablanca-Settat,CAS,Khouribga,Rural,Public,Primaire,18,304,2018,1,0,1,0,0,27.79345,-6.78326
ETB10085,Lycée 246-BMK,2018-2019,Béni Mellal-Khénifra,BMK,Khouribga,Rural,Public,Qualifiant,12,301,2013,1,0,1,1,0,28.49064,-12.90056
ETB10086,École 322-SOU,2017-2018,Souss-Massa,SOU,Inezgane-Ait Melloul,Urbain,Public,Primaire,24,319,2002,1,0,0,0,1,33.23025,-9.83617
ETB10087,Jardin 327-DRA,2016-2017,Drâa-Tafilalet,DRA,Tinghir,Urbain,Public,Préscolaire,31,50,1964,0,0,1,1,1,33.88865,-2.94113
ETB10088,École 316-CAS,2016-2017,Casablanca-Settat,CAS,El Jadida,Urbain,Public,Primaire,8,189,1973,1,0,1,1,0,28.01435,-11.82676
ETB10089,École 211-RAB,2023-2024,Rabat-Salé-Kénitra,RAB,Salé,Rural,Public,Primaire,7,449,1973,0,0,1,1,1,29.3393,-12.86233
ETB10090,École 225-CAS,2015-2016,Casablanca-Settat,CAS,Casablanca,Rural,Privé,Primaire,28,267,1997,0,0,0,1,1,33.04843,-10.44874
ETB10091,Lycée 429-MAR,2016-2017,Marrakech-Safi,MAR,El Kelaa des Sraghna,Rural,Public,Qualifiant,21,472,1984,0,1,0,0,0,29.36334,-7.96863
ETB10092,Lycée 479-FES,2018-2019,Fès-Meknès,FES,Ifrane,Rural,Public,Qualifiant,11,483,1977,1,1,0,1,1,35.59519,-8.4938
ETB10093,École 82-RAB,2023-2024,Rabat-Salé-Kénitra,RAB,Khémisset,Rural,Public,Primaire,27,340,2009,0,0,1,1,1,28.28635,-4.921
ETB10094,Lycée 136-RAB,2017-2018,Rabat-Salé-Kénitra,RAB,Kénitra,Rural,Privé,Qualifiant,20,409,1991,0,0,0,1,1,29.6097,-11.83615
ETB10095,Lycée 324-CAS,2017-2018,Casablanca-Settat,CAS,Casablanca,Rural,Privé,Qualifiant,29,311,1998,0,0,0,1,1,29.58234,-12.39491
ETB10096,École 485-CAS,2023-2024,Casablanca-Settat,CAS,Casablanca,Rural,Privé,Primaire,17,443,1993,0,0,1,0,0,35.23926,-11.02946
ETB10097,Collège 161-RAB,2018-2019,Rabat-Salé-Kénitra,RAB,Skhirate-Témara,Urbain,Public,Collégial,9,560,2011,0,0,1,1,0,35.4571,-6.25845
ETB10098,Collège 221-RAB,2023-2024,Rabat-Salé-Kénitra,RAB,Salé,Urbain,Privé,Collégial,30,648,2012,0,0,1,0,1,30.78943,-7.3834
ETB10099,École 99-ORI,2023-2024,Oriental,ORI,Nador,Urbain,Public,Primaire,27,217,1998,0,0,1,1,1,32.05217,-12.82976
ETB10100,École 32-FES,2023-2024,Fès-Meknès,FES,Fès,Rural,Public,Primaire,10,445,2001,1,0,1,1,0,33.80902,-9.04911
ETB10101,École 144-CAS,2021-2022,Casablanca-Settat,CAS,Sidi Bennour,Rural,Public,Primaire,14,382,1965,1,0,1,1,0,29.05609,-1.05577
ETB10102,École 341-MAR,2017-2018,Marrakech-Safi,MAR,Safi,Urbain,Public,Primaire,23,523,1982,1,0,0,1,0,32.77135,-12.65231
ETB10103,Collège 490-DRA,2023-2024,Drâa-Tafilalet,DRA,Ouarzazate,Urbain,Privé,Collégial,4,511,1987,0,1,1,1,1,35.26619,-2.69812
ETB10104,Lycée 484-SOU,2019-2020,Souss-Massa,SOU,Inezgane-Ait Melloul,Rural,Public,Qualifiant,28,375,1999,0,0,0,1,0,32.0801,-10.89217
ETB10105,École 472-MAR,2022-2023,Marrakech-Safi,MAR,Youssoufia,Urbain,Public,Primaire,19,396,2018,0,1,0,1,0,30.73675,-11.82773
ETB10106,Jardin 234-FES,2021-2022,Fès-Meknès,FES,El Hajeb,Urbain,Privé,Préscolaire,4,64,2012,1,1,1,0,1,35.85227,-9.13499
ETB10107,École 19-SOU,2023-2024,Souss-Massa,SOU,Tiznit,Urbain,Public,Primaire,13,216,1983,0,1,1,1,0,35.89576,-11.27229
ETB10108,École 67-MAR,2021-2022,Marrakech-Safi,MAR,Youssoufia,Urbain,Privé,Primaire,15,382,1982,1,0,0,0,0,30.41425,-9.94077
ETB10109,École 281-ORI,2019-2020,Oriental,ORI,Jerada,Rural,Privé,Primaire,28,170,2012,1,0,0,0,1,30.34825,-6.69167
ETB10110,École 407-BMK,2019-2020,Béni Mellal-Khénifra,BMK,Azilal,Rural,Privé,Primaire,28,340,1995,0,0,1,1,1,30.1926,-3.26841
ETB10111,École 135-SOU,2020-2021,Souss-Massa,SOU,Inezgane-Ait Melloul,Urbain,Public,Primaire,17,420,2010,0,1,1,1,1,34.89684,-10.84505
ETB10112,École 341-DRA,2016-2017,Drâa-Tafilalet,DRA,Midelt,Rural,Public,Primaire,31,264,1960,1,0,0,0,1,32.75181,-11.70154
ETB10113,Lycée 227-BMK,2018-2019,Béni Mellal-Khénifra,BMK,Khouribga,Urbain,Privé,Qualifiant,23,449,1990,0,0,0,1,0,28.98032,-12.11695
ETB10114,École 200-ORI,2019-2020,Oriental,ORI,Berkane,Urbain,Privé,Primaire,16,341,1968,1,0,0,0,0,30.43837,-1.7585
ETB10115,Lycée 46-TAN,2018-2019,Tanger-Tétouan-Al Hoceïma,TAN,Fahs-Anjra,Urbain,Public,Qualifiant,25,449,1977,0,1,0,1,1,35.86901,-8.08811
ETB10116,Lycée 470-FES,2017-2018,Fès-Meknès,FES,Ifrane,Urbain,Privé,Qualifiant,20,358,2005,1,0,1,1,0,31.22014,-10.1039
ETB10117,OFPPT 289-SOU,2023-2024,Souss-Massa,SOU,Tata,Urbain,Public,Formation Professionnelle,33,388,1964,1,0,1,1,0,30.45354,-11.6451
ETB10118,École 383-TAN,2022-2023,Tanger-Tétouan-Al Hoceïma,TAN,Tanger-Assilah,Urbain,Privé,Primaire,34,352,1996,1,0,1,1,1,30.3009,-12.41396
ETB10119,Collège 425-RAB,2017-2018,Rabat-Salé-Kénitra,RAB,Rabat,Urbain,Public,Collégial,31,631,2001,1,0,0,1,0,32.51777,-2.42387
ETB10120,Collège 485-FES,2021-2022,Fès-Meknès,FES,Taza,Urbain,Public,Collégial,30,639,1986,1,0,0,0,1,33.82018,-12.48823
ETB10121,École 482-BMK,2020-2021,Béni Mellal-Khénifra,BMK,Khouribga,Rural,Public,Primaire,29,295,2005,0,0,0,0,0,28.61422,-11.73134
ETB10122,École 142-TAN,2021-2022,Tanger-Tétouan-Al Hoceïma,TAN,Tanger-Assilah,Rural,Public,Primaire,18,310,1964,0,0,0,1,1,35.79002,-11.38583
ETB10123,École 263-TAN,2018-2019,Tanger-Tétouan-Al Hoceïma,TAN,Larache,Rural,Public,Primaire,15,381,1964,1,0,0,0,0,28.04442,-8.22515
ETB10124,École 222-RAB,2018-2019,Rabat-Salé-Kénitra,RAB,Skhirate-Témara,Rural,Public,Primaire,19,338,1961,1,0,0,1,0,28.34529,-7.82215
ETB10125,Collège 126-CAS,2020-2021,Casablanca-Settat,CAS,Sidi Bennour,Rural,Public,Collégial,16,476,1972,0,1,0,1,1,31.18866,-5.62796
ETB10126,Lycée 289-BMK,2019-2020,Béni Mellal-Khénifra,BMK,Azilal,Urbain,Public,Qualifiant,20,215,1977,1,0,0,0,1,29.8857,-7.60705
ETB10127,Lycée 380-FES,2016-2017,Fès-Meknès,FES,Taounate,Rural,Public,Qualifiant,22,216,2009,0,1,0,1,0,30.9574,-5.45354
ETB10128,École 323-RAB,2023-2024,Rabat-Salé-Kénitra,RAB,Sidi Kacem,Rural,Public,Primaire,6,449,1967,0,1,1,1,0,28.36291,-1.84959
ETB10129,Collège 62-RAB,2018-2019,Rabat-Salé-Kénitra,RAB,Sidi Slimane,Urbain,Public,Collégial,8,642,1990,0,0,1,1,0,31.5162,-10.42971
ETB10130,École 139-MAR,2016-2017,Marrakech-Safi,MAR,Chichaoua,Urbain,Privé,Primaire,13,322,1984,1,0,0,1,1,34.3288,-9.29581
ETB10131,École 395-MAR,2022-2023,Marrakech-Safi,MAR,Al Haouz,Rural,Public,Primaire,9,447,2012,0,0,1,0,1,28.49467,-6.43341
ETB10132,Collège 247-SOU,2017-2018,Souss-Massa,SOU,Taroudannt,Rural,Public,Collégial,16,437,2018,1,1,1,0,0,32.22881,-11.51357
ETB10133,Jardin 282-RAB,2016-2017,Rabat-Salé-Kénitra,RAB,Sidi Slimane,Urbain,Privé,Préscolaire,10,55,1973,1,1,1,0,1,32.20286,-9.36929
ETB10134,Collège 359-SOU,2015-2016,Souss-Massa,SOU,Tiznit,Rural,Public,Collégial,20,385,2016,0,1,1,1,1,33.39842,-8.95199
ETB10135,Collège 427-FES,2017-2018,Fès-Meknès,FES,El Hajeb,Rural,Public,Collégial,6,412,2008,0,0,0,0,0,29.59825,-4.16735
ETB10136,Lycée 168-BMK,2023-2024,Béni Mellal-Khénifra,BMK,El Kelaa des Sraghna,Rural,Public,Qualifiant,27,351,2019,0,1,1,0,1,31.18176,-12.27712
ETB10137,Collège 491-CAS,2019-2020,Casablanca-Settat,CAS,Benslimane,Rural,Privé,Collégial,32,247,2020,1,0,0,1,0,31.72763,-13.14182
ETB10138,Jardin 491-FES,2023-2024,Fès-Meknès,FES,Séfrou,Rural,Public,Préscolaire,27,36,2009,0,0,1,0,0,31.38753,-5.51752
ETB10139,École 417-CAS,2018-2019,Casablanca-Settat,CAS,Benslimane,Urbain,Public,Primaire,21,225,1984,1,1,0,0,0,34.18239,-1.06876
ETB10140,École 162-ORI,2015-2016,Oriental,ORI,Nador,Urbain,Public,Primaire,6,395,2008,1,1,1,1,1,29.88818,-11.5896
ETB10141,École 393-CAS,2018-2019,Casablanca-Settat,CAS,Sidi Bennour,Urbain,Public,Primaire,7,349,2005,1,1,1,1,1,35.01201,-10.12539
ETB10142,École 115-CAS,2015-2016,Casablanca-Settat,CAS,El Jadida,Rural,Public,Primaire,3,441,2019,1,0,0,1,1,35.72933,-1.20576
ETB10143,OFPPT 353-FES,2022-2023,Fès-Meknès,FES,Fès,Urbain,Privé,Formation Professionnelle,33,233,1975,0,0,1,0,1,32.04496,-3.50235
ETB10144,Collège 247-MAR,2017-2018,Marrakech-Safi,MAR,Safi,Urbain,Public,Collégial,26,543,1988,1,0,0,0,0,29.60034,-2.97916
ETB10145,OFPPT 17-RAB,2021-2022,Rabat-Salé-Kénitra,RAB,Rabat,Rural,Privé,Formation Professionnelle,30,308,2018,1,1,1,0,0,29.10493,-8.69714
ETB10146,École 46-CAS,2019-2020,Casablanca-Settat,CAS,Khouribga,Urbain,Privé,Primaire,6,283,2004,1,1,0,1,0,33.69099,-7.07371
ETB10147,Lycée 47-FES,2015-2016,Fès-Meknès,FES,Séfrou,Rural,Public,Qualifiant,29,370,2007,0,0,1,1,0,31.71677,-6.58678
ETB10148,École 445-TAN,2021-2022,Tanger-Tétouan-Al Hoceïma,TAN,Tétouan,Urbain,Public,Primaire,11,283,1978,1,1,1,1,0,29.95087,-5.75385
ETB10149,Collège 437-MAR,2017-2018,Marrakech-Safi,MAR,Al Haouz,Urbain,Public,Collégial,11,356,2016,1,0,0,1,0,33.30934,-9.16788
ETB10150,Lycée 430-BMK,2015-2016,Béni Mellal-Khénifra,BMK,Azilal,Urbain,Public,Qualifiant,19,473,1961,1,0,0,1,1,33.88569,-9.14354
ETB10151,Collège 333-BMK,2019-2020,Béni Mellal-Khénifra,BMK,Azilal,Rural,Public,Collégial,22,318,2012,0,1,0,1,1,33.98208,-4.70853
ETB10152,École 129-DRA,2015-2016,Drâa-Tafilalet,DRA,Midelt,Rural,Privé,Primaire,12,240,1975,1,0,1,0,0,29.48649,-9.96179
ETB10153,Jardin 429-TAN,2016-2017,Tanger-Tétouan-Al Hoceïma,TAN,Larache,Urbain,Public,Préscolaire,8,57,1972,1,1,0,1,1,35.17268,-7.97363
ETB10154,École 268-BMK,2017-2018,Béni Mellal-Khénifra,BMK,Fquih Ben Salah,Rural,Public,Primaire,23,322,1977,0,1,0,0,0,29.03984,-10.13832
ETB10155,Lycée 341-BMK,2016-2017,Béni Mellal-Khénifra,BMK,Béni Mellal,Urbain,Public,Qualifiant,15,307,2004,0,0,0,0,0,33.31519,-9.80802
ETB10156,Jardin 197-ORI,2017-2018,Oriental,ORI,Figuig,Urbain,Privé,Préscolaire,4,61,1992,0,0,1,1,0,33.61327,-7.70401
ETB10157,Lycée 26-MAR,2018-2019,Marrakech-Safi,MAR,Chichaoua,Urbain,Public,Qualifiant,24,370,2003,1,0,1,1,0,34.52641,-3.02223
ETB10158,Collège 309-RAB,2018-2019,Rabat-Salé-Kénitra,RAB,Salé,Urbain,Public,Collégial,15,312,1988,0,0,0,1,1,28.64895,-9.42124
ETB10159,Collège 276-LAA,2019-2020,Laâyoune-Sakia El Hamra,LAA,Laâyoune,Urbain,Public,Collégial,4,465,2017,1,1,0,0,1,30.86864,-7.41311
ETB10160,École 146-FES,2020-2021,Fès-Meknès,FES,Boulemane,Urbain,Public,Primaire,8,514,1969,1,0,1,0,0,31.34597,-9.20678
ETB10161,École 115-CAS,2021-2022,Casablanca-Settat,CAS,Benslimane,Urbain,Public,Primaire,30,254,2012,0,0,1,0,1,31.16403,-6.64312
ETB10162,École 141-FES,2023-2024,Fès-Meknès,FES,Ifrane,Rural,Public,Primaire,16,365,2010,0,1,1,1,0,32.69917,-4.61364
ETB10163,Collège 365-MAR,2022-2023,Marrakech-Safi,MAR,Chichaoua,Urbain,Public,Collégial,34,487,1990,1,0,0,0,0,32.86565,-7.89853
ETB10164,Jardin 219-FES,2020-2021,Fès-Meknès,FES,Ifrane,Rural,Public,Préscolaire,29,52,2008,1,1,0,0,1,30.41308,-4.81726
ETB10165,École 232-CAS,2017-2018,Casablanca-Settat,CAS,Berrechid,Rural,Public,Primaire,10,263,1980,0,1,1,1,0,32.89941,-8.04607
ETB10166,Lycée 343-TAN,2016-2017,Tanger-Tétouan-Al Hoceïma,TAN,Mdiq-Fnideq,Urbain,Privé,Qualifiant,13,363,1962,1,0,1,1,1,30.80479,-11.37845
ETB10167,École 123-SOU,2021-2022,Souss-Massa,SOU,Inezgane-Ait Melloul,Rural,Public,Primaire,17,342,1985,1,0,0,0,0,33.13611,-3.96438
ETB10168,École 202-CAS,2018-2019,Casablanca-Settat,CAS,El Jadida,Urbain,Public,Primaire,23,316,1969,0,0,0,1,0,28.48044,-11.19932
ETB10169,Lycée 202-MAR,2016-2017,Marrakech-Safi,MAR,Marrakech,Rural,Public,Qualifiant,32,389,1999,0,1,1,0,1,29.17232,-3.5589
ETB10170,École 194-TAN,2022-2023,Tanger-Tétouan-Al Hoceïma,TAN,Fahs-Anjra,Urbain,Public,Primaire,7,254,1965,1,0,1,0,1,35.53663,-12.21569
ETB10171,École 136-RAB,2018-2019,Rabat-Salé-Kénitra,RAB,Skhirate-Témara,Rural,Public,Primaire,25,205,2001,1,0,1,0,0,31.24729,-5.39167
ETB10172,Lycée 62-ORI,2022-2023,Oriental,ORI,Jerada,Urbain,Public,Qualifiant,24,395,1985,1,1,0,1,0,32.64519,-7.33288
ETB10173,École 337-MAR,2015-2016,Marrakech-Safi,MAR,Chichaoua,Urbain,Public,Primaire,24,347,1980,1,1,0,1,0,29.02416,-6.63982
ETB10174,École 267-CAS,2016-2017,Casablanca-Settat,CAS,Benslimane,Urbain,Public,Primaire,19,398,1962,1,0,0,0,0,32.8366,-10.11377
ETB10175,Collège 463-RAB,2020-2021,Rabat-Salé-Kénitra,RAB,Skhirate-Témara,Urbain,Public,Collégial,33,639,1980,1,1,1,1,1,34.05434,-1.82096
ETB10176,École 322-GUE,2015-2016,Guelmim-Oued Noun,GUE,Sidi Ifni,Rural,Public,Primaire,4,435,1962,1,0,0,1,1,27.82796,-9.49983
ETB10177,Lycée 322-TAN,2016-2017,Tanger-Tétouan-Al Hoceïma,TAN,Chefchaouen,Rural,Public,Qualifiant,30,299,1969,0,0,1,1,0,33.29676,-1.91043
ETB10178,OFPPT 77-TAN,2022-2023,Tanger-Tétouan-Al Hoceïma,TAN,Fahs-Anjra,Urbain,Public,Formation Professionnelle,18,350,2003,1,1,0,1,0,32.03767,-8.42348
ETB10179,École 251-TAN,2022-2023,Tanger-Tétouan-Al Hoceïma,TAN,Ouazzane,Urbain,Public,Primaire,34,282,1980,1,0,1,1,1,31.38554,-3.58433
ETB10180,Lycée 325-RAB,2023-2024,Rabat-Salé-Kénitra,RAB,Salé,Urbain,Public,Qualifiant,14,400,1971,1,1,1,1,0,31.16217,-4.79525
ETB10181,École 267-SOU,2018-2019,Souss-Massa,SOU,Taroudannt,Rural,Privé,Primaire,29,383,2012,0,1,1,1,0,27.83935,-3.66563
ETB10182,Collège 56-CAS,2017-2018,Casablanca-Settat,CAS,Casablanca,Urbain,Public,Collégial,25,460,2000,0,0,0,1,0,29.71889,-12.93904
ETB10183,École 249-DAK,2016-2017,Dakhla-Oued Eddahab,DAK,Dakhla,Urbain,Public,Primaire,30,381,1986,1,0,1,1,1,31.28137,-3.19239
ETB10184,Jardin 79-SOU,2022-2023,Souss-Massa,SOU,Inezgane-Ait Melloul,Rural,Public,Préscolaire,33,71,1996,1,0,1,1,0,30.33639,-11.08916
ETB10185,École 340-CAS,2019-2020,Casablanca-Settat,CAS,Mohammadia,Rural,Public,Primaire,12,466,1991,0,0,0,0,1,34.1608,-6.71888
ETB10186,Collège 4-ORI,2022-2023,Oriental,ORI,Jerada,Rural,Public,Collégial,15,323,1971,0,1,1,0,0,35.20356,-1.47513
ETB10187,Lycée 430-MAR,2019-2020,Marrakech-Safi,MAR,El Kelaa des Sraghna,Rural,Public,Qualifiant,32,306,1986,0,0,1,1,0,33.26377,-7.6463
ETB10188,OFPPT 125-CAS,2017-2018,Casablanca-Settat,CAS,Casablanca,Urbain,Public,Formation Professionnelle,20,371,1996,1,1,0,0,0,35.84465,-11.30132
ETB10189,Collège 160-MAR,2020-2021,Marrakech-Safi,MAR,El Kelaa des Sraghna,Rural,Privé,Collégial,34,318,2020,0,1,0,1,1,29.32146,-8.21799
ETB10190,École 128-CAS,2020-2021,Casablanca-Settat,CAS,Sidi Bennour,Urbain,Public,Primaire,27,349,1984,0,0,1,1,0,32.21529,-4.05808
ETB10191,École 344-FES,2019-2020,Fès-Meknès,FES,Taza,Rural,Public,Primaire,12,318,1970,1,1,0,1,0,34.91691,-8.05388
ETB10192,École 354-RAB,2022-2023,Rabat-Salé-Kénitra,RAB,Sidi Slimane,Urbain,Public,Primaire,17,396,1977,0,1,1,1,0,31.17047,-9.94305
ETB10193,École 202-RAB,2022-2023,Rabat-Salé-Kénitra,RAB,Khémisset,Urbain,Public,Primaire,5,314,1992,1,0,0,1,1,28.58483,-2.48663
ETB10194,Collège 438-MAR,2015-2016,Marrakech-Safi,MAR,Chichaoua,Urbain,Public,Collégial,12,391,2016,1,0,1,0,1,30.87381,-7.96877
ETB10195,Collège 32-ORI,2023-2024,Oriental,ORI,Berkane,Urbain,Public,Collégial,27,556,1980,1,0,1,1,1,30.29498,-1.63623
ETB10196,École 366-CAS,2016-2017,Casablanca-Settat,CAS,Berrechid,Rural,Public,Primaire,18,325,1963,0,0,1,1,0,28.99212,-2.77028
ETB10197,Lycée 424-DRA,2019-2020,Drâa-Tafilalet,DRA,Zagora,Rural,Public,Qualifiant,15,361,1982,0,1,0,1,0,28.93778,-1.15822
ETB10198,École 168-CAS,2018-2019,Casablanca-Settat,CAS,Sidi Bennour,Urbain,Public,Primaire,24,261,2006,0,1,0,0,1,35.61891,-5.09405
ETB10199,École 327-RAB,2018-2019,Rabat-Salé-Kénitra,RAB,Rabat,Rural,Public,Primaire,4,389,1963,0,1,0,1,0,30.14639,-4.16033
ETB10200,École 175-ORI,2022-2023,Oriental,ORI,Driouch,Urbain,Public,Primaire,32,236,2008,0,0,1,1,0,29.90724,-6.7068
ETB10201,Lycée 431-DRA,2023-2024,Drâa-Tafilalet,DRA,Errachidia,Urbain,Public,Qualifiant,22,441,1985,0,1,0,0,0,33.58706,-7.60153
ETB10202,École 130-RAB,2015-2016,Rabat-Salé-Kénitra,RAB,Kénitra,Urbain,Privé,Primaire,10,360,1976,1,0,0,0,1,32.21781,-6.91861
ETB10203,École 359-FES,2015-2016,Fès-Meknès,FES,El Hajeb,Rural,Public,Primaire,10,327,1987,0,0,1,1,0,34.97703,-4.57942
ETB10204,École 467-FES,2022-2023,Fès-Meknès,FES,Boulemane,Urbain,Public,Primaire,27,159,1982,1,0,0,0,0,32.38296,-1.93958
ETB10205,Collège 316-BMK,2023-2024,Béni Mellal-Khénifra,BMK,Fquih Ben Salah,Rural,Privé,Collégial,5,500,2001,0,0,1,1,0,34.61758,-9.42993
ETB10206,OFPPT 123-CAS,2021-2022,Casablanca-Settat,CAS,El Jadida,Rural,Public,Formation Professionnelle,29,342,2011,0,0,1,0,1,31.4581,-8.57288
ETB10207,École 341-TAN,2016-2017,Tanger-Tétouan-Al Hoceïma,TAN,Tanger-Assilah,Rural,Public,Primaire,22,424,2008,1,1,0,0,1,33.04548,-7.60388
ETB10208,École 445-MAR,2023-2024,Marrakech-Safi,MAR,Marrakech,Rural,Public,Primaire,7,412,1967,1,1,0,1,1,31.49293,-8.5583
ETB10209,Collège 208-BMK,2021-2022,Béni Mellal-Khénifra,BMK,Khouribga,Urbain,Public,Collégial,20,353,1994,1,0,1,0,1,30.64146,-7.93419
ETB10210,Lycée 278-CAS,2022-2023,Casablanca-Settat,CAS,Berrechid,Urbain,Public,Qualifiant,29,274,2007,1,1,1,1,0,34.42909,-5.02193
ETB10211,Lycée 262-CAS,2016-2017,Casablanca-Settat,CAS,Casablanca,Rural,Public,Qualifiant,33,283,2020,0,0,0,1,0,35.4781,-2.13676
ETB10212,Collège 13-ORI,2016-2017,Oriental,ORI,Oujda-Angad,Urbain,Public,Collégial,14,513,2006,0,1,1,0,1,29.89547,-10.76154
ETB10213,Collège 273-FES,2016-2017,Fès-Meknès,FES,Taounate,Urbain,Public,Collégial,12,546,1981,0,0,1,1,0,35.57075,-9.90609
ETB10214,Collège 361-BMK,2020-2021,Béni Mellal-Khénifra,BMK,Khouribga,Rural,Public,Collégial,6,412,1973,1,0,1,1,1,29.25698,-12.82341
ETB10215,Collège 40-CAS,2017-2018,Casablanca-Settat,CAS,Khouribga,Urbain,Public,Collégial,29,378,1999,1,0,1,1,1,28.82549,-2.79503
ETB10216,Lycée 181-CAS,2019-2020,Casablanca-Settat,CAS,Casablanca,Urbain,Public,Qualifiant,29,328,1968,0,0,1,0,1,31.46122,-7.98177
ETB10217,École 494-MAR,2022-2023,Marrakech-Safi,MAR,Chichaoua,Urbain,Public,Primaire,29,235,2002,0,1,0,0,1,34.09229,-11.36212
ETB10218,École 447-FES,2016-2017,Fès-Meknès,FES,Taza,Rural,Public,Primaire,29,277,2006,0,1,1,1,0,33.34619,-9.59408
ETB10219,École 77-TAN,2019-2020,Tanger-Tétouan-Al Hoceïma,TAN,Chefchaouen,Rural,Public,Primaire,27,332,2002,1,1,1,1,1,35.07791,-5.67691
ETB10220,Collège 43-TAN,2016-2017,Tanger-Tétouan-Al Hoceïma,TAN,Ouazzane,Rural,Public,Collégial,28,318,1976,0,1,0,0,0,28.81107,-1.70792
ETB10221,École 455-MAR,2020-2021,Marrakech-Safi,MAR,El Kelaa des Sraghna,Urbain,Public,Primaire,33,325,1989,1,0,0,1,1,29.24613,-10.75129
ETB10222,Jardin 413-BMK,2021-2022,Béni Mellal-Khénifra,BMK,El Kelaa des Sraghna,Urbain,Public,Préscolaire,9,66,1972,0,0,1,1,0,30.75534,-4.3571
ETB10223,École 415-BMK,2016-2017,Béni Mellal-Khénifra,BMK,Fquih Ben Salah,Urbain,Public,Primaire,30,264,2019,0,1,1,1,0,28.24684,-2.86364
ETB10224,École 258-MAR,2021-2022,Marrakech-Safi,MAR,El Kelaa des Sraghna,Urbain,Public,Primaire,21,328,1960,1,0,0,0,1,31.66579,-1.50822
ETB10225,École 248-MAR,2019-2020,Marrakech-Safi,MAR,El Kelaa des Sraghna,Urbain,Privé,Primaire,26,320,1982,0,0,0,1,1,31.06919,-10.66105
ETB10226,École 283-CAS,2016-2017,Casablanca-Settat,CAS,Casablanca,Urbain,Public,Primaire,7,349,1974,1,0,1,0,1,34.29963,-5.4206
ETB10227,École 382-FES,2022-2023,Fès-Meknès,FES,Taounate,Urbain,Public,Primaire,8,273,2012,0,0,1,0,0,35.52726,-10.74642
ETB10228,Collège 86-SOU,2018-2019,Souss-Massa,SOU,Tiznit,Urbain,Public,Collégial,28,552,2017,0,0,0,1,0,32.143,-11.38039
ETB10229,École 393-MAR,2023-2024,Marrakech-Safi,MAR,Marrakech,Rural,Public,Primaire,28,221,2017,1,0,1,1,0,34.86036,-3.88219
ETB10230,Collège 297-RAB,2021-2022,Rabat-Salé-Kénitra,RAB,Skhirate-Témara,Urbain,Privé,Collégial,23,615,2000,1,0,1,1,1,30.44587,-9.98834
ETB10231,École 25-SOU,2016-2017,Souss-Massa,SOU,Taroudannt,Rural,Public,Primaire,33,478,2017,1,1,1,0,1,32.92839,-1.38587
ETB10232,Lycée 61-FES,2022-2023,Fès-Meknès,FES,Taza,Urbain,Privé,Qualifiant,27,419,2016,0,0,0,0,1,30.75544,-7.79565
ETB10233,Lycée 458-RAB,2017-2018,Rabat-Salé-Kénitra,RAB,Khémisset,Urbain,Public,Qualifiant,7,452,1966,0,0,1,1,0,33.31277,-1.33909
ETB10234,École 268-RAB,2023-2024,Rabat-Salé-Kénitra,RAB,Sidi Kacem,Urbain,Privé,Primaire,32,261,1998,0,0,1,1,0,34.00258,-6.83949
ETB10235,Lycée 445-FES,2017-2018,Fès-Meknès,FES,Fès,Urbain,Public,Qualifiant,7,512,2014,0,1,1,1,1,35.16946,-7.23818
ETB10236,Lycée 333-MAR,2021-2022,Marrakech-Safi,MAR,Essaouira,Urbain,Privé,Qualifiant,13,303,1984,1,1,0,0,1,34.35978,-9.21032
ETB10237,OFPPT 140-CAS,2017-2018,Casablanca-Settat,CAS,Mohammadia,Rural,Privé,Formation Professionnelle,22,288,2015,1,0,0,1,1,33.97416,-12.41357
ETB10238,Collège 32-CAS,2019-2020,Casablanca-Settat,CAS,El Jadida,Rural,Privé,Collégial,23,651,1994,0,1,0,1,0,34.28857,-5.79631
ETB10239,Jardin 370-MAR,2023-2024,Marrakech-Safi,MAR,Youssoufia,Urbain,Privé,Préscolaire,5,64,1993,1,0,0,1,1,31.87353,-1.58183
ETB10240,Lycée 295-CAS,2015-2016,Casablanca-Settat,CAS,Benslimane,Urbain,Public,Qualifiant,5,447,2009,1,1,0,1,0,35.17873,-1.51215
ETB10241,École 359-RAB,2016-2017,Rabat-Salé-Kénitra,RAB,Kénitra,Urbain,Public,Primaire,27,308,2002,1,0,1,1,1,32.62475,-2.75382
ETB10242,École 366-ORI,2019-2020,Oriental,ORI,Driouch,Urbain,Public,Primaire,10,339,2005,1,0,1,1,1,30.95173,-6.76128
ETB10243,Lycée 467-FES,2023-2024,Fès-Meknès,FES,Séfrou,Urbain,Public,Qualifiant,5,460,2016,0,0,1,0,1,30.94148,-12.7906
ETB10244,École 34-SOU,2022-2023,Souss-Massa,SOU,Inezgane-Ait Melloul,Urbain,Privé,Primaire,32,383,1964,0,1,0,1,0,35.72688,-7.78615
ETB10245,Collège 129-MAR,2021-2022,Marrakech-Safi,MAR,Safi,Urbain,Privé,Collégial,34,434,1994,0,0,1,1,1,30.08936,-5.54316
ETB10246,Lycée 327-CAS,2019-2020,Casablanca-Settat,CAS,Settat,Urbain,Public,Qualifiant,18,320,2011,1,0,1,1,1,31.35252,-12.3008
ETB10247,École 157-RAB,2018-2019,Rabat-Salé-Kénitra,RAB,Rabat,Urbain,Public,Primaire,9,251,1983,0,0,0,0,1,34.00075,-5.92203
ETB10248,Collège 44-LAA,2016-2017,Laâyoune-Sakia El Hamra,LAA,Tarfaya,Rural,Public,Collégial,28,448,2017,1,0,0,1,0,27.84921,-3.15668
ETB10249,École 390-RAB,2018-2019,Rabat-Salé-Kénitra,RAB,Kénitra,Urbain,Privé,Primaire,27,363,1974,1,1,1,0,0,35.27775,-5.15435
ETB10250,École 498-CAS,2020-2021,Casablanca-Settat,CAS,Benslimane,Urbain,Public,Primaire,7,492,1984,0,1,0,1,1,31.90993,-9.91205
ETB10251,École 248-TAN,2018-2019,Tanger-Tétouan-Al Hoceïma,TAN,Fahs-Anjra,Urbain,Public,Primaire,9,401,2015,0,0,1,1,1,28.18135,-5.35891
ETB10252,École 442-CAS,2023-2024,Casablanca-Settat,CAS,Casablanca,Urbain,Public,Primaire,3,374,2012,0,1,1,1,1,33.41991,-5.18154
ETB10253,Lycée 351-TAN,2017-2018,Tanger-Tétouan-Al Hoceïma,TAN,Tanger-Assilah,Urbain,Privé,Qualifiant,5,338,1975,1,1,1,0,0,32.79734,-10.46393
ETB10254,École 23-CAS,2022-2023,Casablanca-Settat,CAS,Berrechid,Urbain,Public,Primaire,15,385,2001,1,0,0,1,1,28.59037,-3.00014
ETB10255,École 219-ORI,2017-2018,Oriental,ORI,Oujda-Angad,Rural,Public,Primaire,3,271,1964,1,1,0,0,0,34.02614,-7.20635
ETB10256,École 53-BMK,2021-2022,Béni Mellal-Khénifra,BMK,Khouribga,Rural,Public,Primaire,14,373,1983,0,1,0,1,1,29.86064,-3.02039
ETB10257,Collège 379-MAR,2019-2020,Marrakech-Safi,MAR,Safi,Rural,Public,Collégial,28,428,1975,0,0,0,0,1,28.10561,-9.41063
ETB10258,Lycée 430-TAN,2021-2022,Tanger-Tétouan-Al Hoceïma,TAN,Mdiq-Fnideq,Rural,Public,Qualifiant,19,326,1997,1,1,1,1,1,29.79732,-7.36336
ETB10259,École 493-RAB,2020-2021,Rabat-Salé-Kénitra,RAB,Sidi Kacem,Urbain,Public,Primaire,31,390,2020,0,1,0,1,0,33.92301,-10.29592
ETB10260,École 143-TAN,2022-2023,Tanger-Tétouan-Al Hoceïma,TAN,Fahs-Anjra,Rural,Public,Primaire,3,297,1964,1,1,0,1,1,30.60003,-12.8425
ETB10261,École 170-RAB,2022-2023,Rabat-Salé-Kénitra,RAB,Skhirate-Témara,Rural,Public,Primaire,5,422,1992,1,1,0,1,1,35.04522,-6.523
ETB10262,Université 187-BMK,2018-2019,Béni Mellal-Khénifra,BMK,Khouribga,Rural,Privé,Supérieur,14,2351,1982,1,1,0,1,1,34.50166,-1.50205
ETB10263,École 343-TAN,2020-2021,Tanger-Tétouan-Al Hoceïma,TAN,Mdiq-Fnideq,Rural,Public,Primaire,7,422,1977,1,0,1,1,1,30.02186,-11.49999
ETB10264,Jardin 343-SOU,2017-2018,Souss-Massa,SOU,Tiznit,Rural,Privé,Préscolaire,18,53,2003,0,0,1,1,1,31.0764,-5.70607
ETB10265,Lycée 7-FES,2023-2024,Fès-Meknès,FES,Séfrou,Rural,Public,Qualifiant,21,252,1987,0,0,0,0,1,31.72079,-11.01496
ETB10266,École 258-BMK,2016-2017,Béni Mellal-Khénifra,BMK,Khouribga,Rural,Public,Primaire,20,285,1963,1,0,1,1,1,35.2351,-9.53102
ETB10267,Collège 111-MAR,2015-2016,Marrakech-Safi,MAR,Marrakech,Rural,Public,Collégial,5,415,2018,0,0,1,0,1,32.57842,-6.81018
ETB10268,Collège 78-SOU,2015-2016,Souss-Massa,SOU,Agadir-Ida-Ou-Tanane,Rural,Public,Collégial,16,440,1982,1,0,0,1,0,31.79247,-8.31059
ETB10269,École 232-FES,2017-2018,Fès-Meknès,FES,Ifrane,Rural,Privé,Primaire,33,467,1966,0,1,0,0,0,30.15392,-6.78736
ETB10270,Jardin 366-SOU,2020-2021,Souss-Massa,SOU,Agadir-Ida-Ou-Tanane,Rural,Public,Préscolaire,16,49,1999,0,0,0,0,0,33.171,-8.07679
ETB10271,Lycée 44-FES,2015-2016,Fès-Meknès,FES,Séfrou,Urbain,Public,Qualifiant,14,473,1981,1,0,1,0,0,31.65922,-2.89646
ETB10272,École 342-CAS,2018-2019,Casablanca-Settat,CAS,Sidi Bennour,Rural,Public,Primaire,26,270,2021,1,1,0,1,0,32.76716,-5.3208
ETB10273,École 437-RAB,2017-2018,Rabat-Salé-Kénitra,RAB,Khémisset,Urbain,Privé,Primaire,7,250,1982,1,0,0,1,0,30.15062,-4.53381
ETB10274,École 101-RAB,2022-2023,Rabat-Salé-Kénitra,RAB,Rabat,Rural,Public,Primaire,30,323,1963,1,0,0,0,1,29.30663,-1.51336
ETB10275,Collège 448-FES,2016-2017,Fès-Meknès,FES,Boulemane,Urbain,Public,Collégial,19,614,1967,1,0,0,1,1,33.17199,-9.9412
ETB10276,Collège 377-CAS,2020-2021,Casablanca-Settat,CAS,Sidi Bennour,Rural,Public,Collégial,23,305,1960,0,1,1,0,0,29.68443,-13.11428
ETB10277,Collège 436-CAS,2020-2021,Casablanca-Settat,CAS,El Jadida,Rural,Public,Collégial,17,488,1967,0,1,1,0,1,29.58208,-12.9762
ETB10278,Université 139-RAB,2022-2023,Rabat-Salé-Kénitra,RAB,Sidi Slimane,Urbain,Public,Supérieur,29,2851,1962,0,0,1,0,0,31.51095,-4.26931
ETB10279,Jardin 464-ORI,2015-2016,Oriental,ORI,Driouch,Urbain,Public,Préscolaire,25,62,1978,0,1,1,1,1,27.93624,-8.63669
ETB10280,Collège 167-TAN,2023-2024,Tanger-Tétouan-Al Hoceïma,TAN,Tétouan,Urbain,Public,Collégial,16,440,1976,0,0,1,0,0,34.81925,-2.57604
ETB10281,Collège 363-MAR,2022-2023,Marrakech-Safi,MAR,Marrakech,Urbain,Public,Collégial,13,185,1988,0,0,0,1,1,31.09161,-9.89777
ETB10282,École 184-CAS,2015-2016,Casablanca-Settat,CAS,Sidi Bennour,Rural,Privé,Primaire,12,342,2003,1,1,1,1,0,33.37103,-2.52628
ETB10283,Lycée 476-LAA,2019-2020,Laâyoune-Sakia El Hamra,LAA,Es-Semara,Urbain,Public,Qualifiant,21,444,1965,1,0,0,0,0,35.29344,-11.34889
ETB10284,École 90-TAN,2018-2019,Tanger-Tétouan-Al Hoceïma,TAN,Chefchaouen,Urbain,Public,Primaire,31,418,1974,0,0,0,1,0,35.06098,-9.24487
ETB10285,École 418-FES,2021-2022,Fès-Meknès,FES,Moulay Yacoub,Urbain,Privé,Primaire,29,194,1964,1,0,1,0,1,32.47848,-8.34631
ETB10286,École 101-RAB,2021-2022,Rabat-Salé-Kénitra,RAB,Kénitra,Urbain,Privé,Primaire,25,474,1960,0,0,1,1,0,32.61838,-9.52573
ETB10287,Collège 43-BMK,2019-2020,Béni Mellal-Khénifra,BMK,El Kelaa des Sraghna,Rural,Public,Collégial,23,586,2016,1,0,0,1,1,34.12015,-1.91248
ETB10288,Collège 169-RAB,2021-2022,Rabat-Salé-Kénitra,RAB,Sidi Kacem,Rural,Public,Collégial,9,392,1999,1,1,0,1,1,29.03407,-13.11955
ETB10289,École 81-BMK,2020-2021,Béni Mellal-Khénifra,BMK,El Kelaa des Sraghna,Urbain,Public,Primaire,8,404,1966,1,1,1,1,0,35.12413,-6.08127
ETB10290,OFPPT 8-SOU,2017-2018,Souss-Massa,SOU,Tata,Urbain,Public,Formation Professionnelle,16,359,1972,1,1,0,1,1,33.31378,-10.36439
ETB10291,École 109-RAB,2022-2023,Rabat-Salé-Kénitra,RAB,Kénitra,Urbain,Public,Primaire,5,293,2019,0,0,1,0,0,34.10664,-11.38122
ETB10292,École 123-FES,2022-2023,Fès-Meknès,FES,El Hajeb,Rural,Public,Primaire,18,396,1986,1,1,0,0,0,32.59053,-1.29458
ETB10293,École 464-CAS,2018-2019,Casablanca-Settat,CAS,El Jadida,Rural,Public,Primaire,16,265,1976,0,1,1,0,0,30.7416,-4.49744
ETB10294,École 474-TAN,2017-2018,Tanger-Tétouan-Al Hoceïma,TAN,Larache,Urbain,Public,Primaire,10,331,1971,1,0,1,0,0,32.11185,-11.60286
ETB10295,Collège 78-CAS,2021-2022,Casablanca-Settat,CAS,Settat,Rural,Public,Collégial,9,122,2003,1,1,1,1,1,28.72227,-9.81821
ETB10296,École 107-RAB,2016-2017,Rabat-Salé-Kénitra,RAB,Salé,Urbain,Public,Primaire,20,409,1976,1,0,1,0,1,33.58407,-8.88002
ETB10297,École 147-CAS,2020-2021,Casablanca-Settat,CAS,Casablanca,Urbain,Privé,Primaire,22,276,2005,1,0,0,1,0,31.59293,-10.71796
ETB10298,École 10-CAS,2018-2019,Casablanca-Settat,CAS,Benslimane,Urbain,Privé,Primaire,14,258,1982,0,0,1,1,1,33.93325,-1.20445
ETB10299,Lycée 322-MAR,2015-2016,Marrakech-Safi,MAR,Chichaoua,Urbain,Public,Qualifiant,27,404,2017,0,0,0,1,0,30.98641,-11.02451
ETB10300,École 343-BMK,2016-2017,Béni Mellal-Khénifra,BMK,Fquih Ben Salah,Rural,Privé,Primaire,27,309,1962,1,0,0,1,0,34.66112,-9.86285
ETB10301,Lycée 299-FES,2020-2021,Fès-Meknès,FES,El Hajeb,Rural,Public,Qualifiant,6,319,2010,1,0,1,1,0,34.6483,-1.51055
ETB10302,Collège 388-SOU,2022-2023,Souss-Massa,SOU,Tiznit,Rural,Public,Collégial,11,354,1962,1,0,1,1,0,35.61952,-3.52133
ETB10303,Collège 451-CAS,2020-2021,Casablanca-Settat,CAS,Berrechid,Urbain,Public,Collégial,11,427,2018,1,1,0,1,0,34.04355,-7.5839
ETB10304,Université 297-FES,2021-2022,Fès-Meknès,FES,Moulay Yacoub,Urbain,Public,Supérieur,4,2440,2011,0,0,0,1,1,35.05345,-7.77385
ETB10305,Jardin 158-ORI,2023-2024,Oriental,ORI,Guercif,Urbain,Privé,Préscolaire,34,63,2014,1,1,1,1,0,31.54711,-13.16732
ETB10306,École 322-DRA,2020-2021,Drâa-Tafilalet,DRA,Errachidia,Urbain,Public,Primaire,33,269,2006,0,0,0,0,0,29.20983,-7.76428
ETB10307,Collège 190-FES,2016-2017,Fès-Meknès,FES,Séfrou,Urbain,Public,Collégial,26,437,2011,1,1,0,1,0,34.28952,-5.04564
ETB10308,École 59-CAS,2018-2019,Casablanca-Settat,CAS,Berrechid,Urbain,Public,Primaire,33,322,1987,1,1,0,0,1,32.91565,-4.04703
ETB10309,Collège 248-TAN,2023-2024,Tanger-Tétouan-Al Hoceïma,TAN,Tétouan,Rural,Privé,Collégial,34,620,1973,0,1,1,1,1,33.72085,-13.06138
ETB10310,École 121-GUE,2017-2018,Guelmim-Oued Noun,GUE,Assa-Zag,Urbain,Public,Primaire,14,182,1967,0,0,0,0,0,35.47158,-12.16639
ETB10311,Collège 412-SOU,2022-2023,Souss-Massa,SOU,Tiznit,Rural,Public,Collégial,9,245,1980,0,1,0,1,0,33.36232,-4.8814
ETB10312,École 277-SOU,2019-2020,Souss-Massa,SOU,Inezgane-Ait Melloul,Rural,Public,Primaire,17,413,1991,0,1,0,0,0,28.29352,-3.36026
ETB10313,École 42-MAR,2023-2024,Marrakech-Safi,MAR,Youssoufia,Rural,Public,Primaire,23,416,2017,0,1,0,0,1,35.80953,-4.53636
ETB10314,Collège 404-CAS,2017-2018,Casablanca-Settat,CAS,Settat,Rural,Public,Collégial,14,600,2012,0,0,0,1,0,28.60361,-12.56374
ETB10315,École 481-CAS,2016-2017,Casablanca-Settat,CAS,Settat,Rural,Public,Primaire,22,353,2011,0,0,0,1,0,34.34732,-8.39561
ETB10316,OFPPT 38-DRA,2019-2020,Drâa-Tafilalet,DRA,Midelt,Rural,Public,Formation Professionnelle,30,356,2006,1,1,1,0,0,35.73459,-11.41449
ETB10317,École 96-MAR,2017-2018,Marrakech-Safi,MAR,Safi,Urbain,Public,Primaire,29,332,2017,1,0,1,1,0,35.88958,-12.27416
ETB10318,Collège 34-FES,2017-2018,Fès-Meknès,FES,Meknès,Urbain,Public,Collégial,9,469,2000,0,0,0,1,0,29.61406,-10.72859
ETB10319,Collège 439-MAR,2018-2019,Marrakech-Safi,MAR,Essaouira,Urbain,Public,Collégial,5,449,2006,1,0,1,1,0,35.16328,-7.77157
ETB10320,Collège 317-CAS,2021-2022,Casablanca-Settat,CAS,Khouribga,Rural,Privé,Collégial,31,411,2011,0,1,1,1,0,35.60921,-6.06821
ETB10321,Collège 43-MAR,2022-2023,Marrakech-Safi,MAR,Chichaoua,Urbain,Privé,Collégial,33,495,2021,0,1,0,1,0,29.25272,-2.57253
ETB10322,Lycée 438-RAB,2018-2019,Rabat-Salé-Kénitra,RAB,Sidi Slimane,Urbain,Privé,Qualifiant,25,562,1991,1,1,1,0,0,34.82103,-11.22772
ETB10323,Collège 365-FES,2015-2016,Fès-Meknès,FES,Taza,Urbain,Public,Collégial,6,256,1998,1,1,1,1,1,35.38003,-4.33136
ETB10324,École 147-BMK,2019-2020,Béni Mellal-Khénifra,BMK,Azilal,Urbain,Privé,Primaire,31,318,2013,0,1,1,1,0,30.80435,-8.49089
ETB10325,École 326-DRA,2016-2017,Drâa-Tafilalet,DRA,Tinghir,Urbain,Public,Primaire,13,356,1975,1,0,0,1,0,29.67198,-6.30728
ETB10326,École 451-TAN,2021-2022,Tanger-Tétouan-Al Hoceïma,TAN,Chefchaouen,Rural,Public,Primaire,14,339,1997,1,0,0,1,0,33.42973,-10.7225
ETB10327,École 34-DRA,2016-2017,Drâa-Tafilalet,DRA,Zagora,Urbain,Public,Primaire,33,281,1986,1,1,0,1,1,30.51162,-7.13804
ETB10328,École 223-SOU,2015-2016,Souss-Massa,SOU,Agadir-Ida-Ou-Tanane,Rural,Public,Primaire,16,282,1995,0,0,0,1,0,31.99168,-10.60431
ETB10329,Lycée 245-MAR,2015-2016,Marrakech-Safi,MAR,Safi,Urbain,Public,Qualifiant,20,422,1962,0,1,1,0,1,30.12723,-5.09581
ETB10330,Université 216-DRA,2019-2020,Drâa-Tafilalet,DRA,Ouarzazate,Rural,Public,Supérieur,3,2390,1964,0,1,1,0,1,35.7126,-11.46868
ETB10331,Jardin 440-DRA,2020-2021,Drâa-Tafilalet,DRA,Tinghir,Rural,Public,Préscolaire,5,79,1997,1,0,0,0,1,33.74811,-6.6745
ETB10332,Jardin 300-MAR,2021-2022,Marrakech-Safi,MAR,Chichaoua,Rural,Public,Préscolaire,4,70,1992,1,0,0,1,1,31.39829,-3.2051
ETB10333,École 299-TAN,2019-2020,Tanger-Tétouan-Al Hoceïma,TAN,Tétouan,Rural,Privé,Primaire,9,227,1982,1,1,1,0,0,35.84653,-11.03942
ETB10334,Jardin 95-SOU,2015-2016,Souss-Massa,SOU,Chtouka-Ait Baha,Urbain,Public,Préscolaire,34,46,1977,0,1,1,1,1,35.60566,-3.36749
ETB10335,Collège 393-RAB,2020-2021,Rabat-Salé-Kénitra,RAB,Rabat,Urbain,Public,Collégial,29,370,1987,0,0,1,1,0,29.68193,-1.96061
ETB10336,École 35-BMK,2017-2018,Béni Mellal-Khénifra,BMK,Azilal,Rural,Public,Primaire,20,346,1970,0,1,1,0,1,29.84563,-8.07824
ETB10337,Université 196-CAS,2016-2017,Casablanca-Settat,CAS,Benslimane,Urbain,Privé,Supérieur,28,2963,2019,0,0,1,0,0,28.00474,-11.5215
ETB10338,Collège 271-DRA,2019-2020,Drâa-Tafilalet,DRA,Midelt,Urbain,Privé,Collégial,28,485,2012,0,1,1,0,0,28.50632,-10.08633
ETB10339,Lycée 176-RAB,2021-2022,Rabat-Salé-Kénitra,RAB,Salé,Urbain,Public,Qualifiant,17,460,2004,1,1,1,0,0,31.38172,-6.9709
ETB10340,Collège 19-RAB,2015-2016,Rabat-Salé-Kénitra,RAB,Skhirate-Témara,Urbain,Privé,Collégial,17,636,1992,1,1,0,1,1,33.37031,-6.51197
ETB10341,Collège 172-MAR,2020-2021,Marrakech-Safi,MAR,Chichaoua,Urbain,Public,Collégial,25,374,1995,0,1,0,1,0,31.33272,-12.19986
ETB10342,Collège 425-SOU,2015-2016,Souss-Massa,SOU,Agadir-Ida-Ou-Tanane,Urbain,Privé,Collégial,7,473,1990,0,0,1,0,0,32.37244,-10.95856
ETB10343,Université 386-CAS,2023-2024,Casablanca-Settat,CAS,Khouribga,Rural,Public,Supérieur,8,2230,1994,0,0,1,1,1,34.12415,-6.06352
ETB10344,Collège 239-MAR,2022-2023,Marrakech-Safi,MAR,El Kelaa des Sraghna,Rural,Public,Collégial,11,410,1988,0,0,1,1,0,30.7582,-8.35044
ETB10345,École 357-CAS,2018-2019,Casablanca-Settat,CAS,Mohammadia,Urbain,Public,Primaire,6,214,1981,0,0,0,1,1,35.21615,-3.41373
ETB10346,Collège 422-DRA,2016-2017,Drâa-Tafilalet,DRA,Zagora,Urbain,Public,Collégial,12,452,1977,1,1,0,1,0,34.18825,-7.22382
ETB10347,Collège 419-MAR,2018-2019,Marrakech-Safi,MAR,Safi,Urbain,Public,Collégial,10,542,1996,0,0,0,1,0,35.70824,-11.33139
ETB10348,Jardin 403-ORI,2020-2021,Oriental,ORI,Driouch,Urbain,Public,Préscolaire,8,70,1998,0,0,0,1,1,28.13521,-6.22474
ETB10349,École 403-FES,2022-2023,Fès-Meknès,FES,Moulay Yacoub,Rural,Public,Primaire,18,308,1967,0,0,1,1,0,34.00798,-9.15336
ETB10350,Collège 484-SOU,2021-2022,Souss-Massa,SOU,Taroudannt,Urbain,Public,Collégial,28,639,1976,0,0,0,0,1,29.34635,-1.28171
ETB10351,Collège 316-RAB,2015-2016,Rabat-Salé-Kénitra,RAB,Sidi Kacem,Urbain,Public,Collégial,34,375,1961,0,0,1,1,0,30.14308,-2.50284
ETB10352,École 425-SOU,2016-2017,Souss-Massa,SOU,Inezgane-Ait Melloul,Rural,Public,Primaire,16,289,2006,0,1,0,1,0,31.65608,-9.33716
ETB10353,Collège 138-ORI,2023-2024,Oriental,ORI,Guercif,Rural,Privé,Collégial,22,301,1995,1,0,1,1,0,35.59699,-4.11945
ETB10354,Collège 364-RAB,2016-2017,Rabat-Salé-Kénitra,RAB,Skhirate-Témara,Urbain,Public,Collégial,3,573,1982,1,1,0,1,0,33.85372,-7.12037
ETB10355,Lycée 451-ORI,2015-2016,Oriental,ORI,Taourirt,Rural,Privé,Qualifiant,11,285,1991,1,0,1,0,0,29.54698,-2.18363
ETB10356,École 268-RAB,2020-2021,Rabat-Salé-Kénitra,RAB,Kénitra,Urbain,Privé,Primaire,12,378,2004,1,0,1,0,0,31.81636,-3.47939
ETB10357,Collège 317-CAS,2018-2019,Casablanca-Settat,CAS,Settat,Urbain,Public,Collégial,11,148,1970,1,0,0,1,1,29.26609,-1.03427
ETB10358,École 29-DRA,2015-2016,Drâa-Tafilalet,DRA,Tinghir,Rural,Privé,Primaire,13,305,2003,0,0,0,1,0,33.4349,-10.82963
ETB10359,École 406-DRA,2017-2018,Drâa-Tafilalet,DRA,Ouarzazate,Urbain,Public,Primaire,29,183,2003,1,0,0,1,1,32.85286,-11.04729
ETB10360,École 463-FES,2021-2022,Fès-Meknès,FES,El Hajeb,Urbain,Public,Primaire,5,345,1970,1,1,1,1,0,33.82644,-1.64362
ETB10361,Jardin 297-TAN,2023-2024,Tanger-Tétouan-Al Hoceïma,TAN,Al Hoceïma,Urbain,Public,Préscolaire,28,83,1995,0,0,0,1,1,28.28782,-6.70684
ETB10362,École 87-SOU,2020-2021,Souss-Massa,SOU,Tiznit,Urbain,Public,Primaire,34,269,1972,0,1,1,1,0,34.99209,-7.90516
ETB10363,Jardin 255-FES,2018-2019,Fès-Meknès,FES,El Hajeb,Urbain,Privé,Préscolaire,13,49,1989,0,1,1,0,1,35.435,-2.67255
ETB10364,École 434-RAB,2017-2018,Rabat-Salé-Kénitra,RAB,Sidi Kacem,Rural,Public,Primaire,14,250,1984,0,0,1,1,0,28.26615,-7.53256
ETB10365,Collège 255-DRA,2022-2023,Drâa-Tafilalet,DRA,Midelt,Rural,Public,Collégial,11,554,2008,1,0,1,1,1,30.96685,-7.12754
ETB10366,Jardin 278-FES,2015-2016,Fès-Meknès,FES,Meknès,Urbain,Public,Préscolaire,9,46,1982,0,1,1,1,1,28.03895,-6.49876
ETB10367,École 15-MAR,2023-2024,Marrakech-Safi,MAR,Marrakech,Urbain,Privé,Primaire,13,346,1969,0,1,1,0,1,28.41655,-10.93628
ETB10368,École 426-SOU,2017-2018,Souss-Massa,SOU,Agadir-Ida-Ou-Tanane,Rural,Privé,Primaire,18,232,1981,1,0,0,1,0,34.16129,-7.67092
ETB10369,Jardin 329-BMK,2015-2016,Béni Mellal-Khénifra,BMK,Béni Mellal,Rural,Public,Préscolaire,22,74,1990,1,1,1,1,0,35.19949,-11.45829
ETB10370,Lycée 105-FES,2018-2019,Fès-Meknès,FES,Fès,Urbain,Public,Qualifiant,32,506,2010,0,0,1,1,0,32.19494,-12.07889
ETB10371,École 24-CAS,2018-2019,Casablanca-Settat,CAS,El Jadida,Rural,Public,Primaire,27,324,1961,1,0,1,1,0,34.89876,-3.17143
ETB10372,École 434-MAR,2018-2019,Marrakech-Safi,MAR,Al Haouz,Urbain,Public,Primaire,33,364,2002,1,1,0,1,1,33.14006,-3.22525
ETB10373,École 21-CAS,2016-2017,Casablanca-Settat,CAS,Benslimane,Rural,Public,Primaire,30,279,2015,1,0,0,1,0,34.07493,-7.02148
ETB10374,École 14-RAB,2016-2017,Rabat-Salé-Kénitra,RAB,Skhirate-Témara,Rural,Public,Primaire,14,332,1982,0,0,1,0,1,32.50953,-4.28373
ETB10375,Collège 88-FES,2022-2023,Fès-Meknès,FES,Meknès,Rural,Privé,Collégial,18,477,2005,1,1,1,1,0,28.71134,-4.70306
ETB10376,OFPPT 396-FES,2023-2024,Fès-Meknès,FES,Ifrane,Urbain,Public,Formation Professionnelle,9,377,2000,0,1,1,1,0,32.48886,-9.95439
ETB10377,École 308-DRA,2018-2019,Drâa-Tafilalet,DRA,Errachidia,Rural,Privé,Primaire,23,302,2003,0,0,1,1,1,30.5518,-7.48059
ETB10378,École 471-SOU,2019-2020,Souss-Massa,SOU,Agadir-Ida-Ou-Tanane,Urbain,Public,Primaire,32,350,2019,0,0,1,0,0,33.81594,-12.5899
ETB10379,Lycée 290-RAB,2019-2020,Rabat-Salé-Kénitra,RAB,Skhirate-Témara,Rural,Public,Qualifiant,31,245,2018,0,0,1,0,1,30.56887,-1.52466
ETB10380,Université 437-RAB,2021-2022,Rabat-Salé-Kénitra,RAB,Salé,Urbain,Public,Supérieur,4,1769,2021,1,0,1,0,0,31.26219,-5.15397
ETB10381,Collège 297-CAS,2022-2023,Casablanca-Settat,CAS,Casablanca,Urbain,Privé,Collégial,14,489,2017,0,1,1,0,0,34.51377,-1.35097
ETB10382,Université 204-MAR,2023-2024,Marrakech-Safi,MAR,Safi,Rural,Privé,Supérieur,20,2492,2011,1,0,0,1,0,30.89296,-2.37521
ETB10383,École 130-FES,2021-2022,Fès-Meknès,FES,Séfrou,Urbain,Privé,Primaire,26,317,2000,1,0,0,1,1,31.11479,-12.18991
ETB10384,Collège 330-TAN,2022-2023,Tanger-Tétouan-Al Hoceïma,TAN,Chefchaouen,Rural,Public,Collégial,33,418,1995,1,0,1,0,1,35.30046,-5.13144
ETB10385,Collège 188-CAS,2020-2021,Casablanca-Settat,CAS,Khouribga,Urbain,Privé,Collégial,9,447,2007,1,1,1,1,1,30.1093,-10.88153
ETB10386,OFPPT 233-BMK,2016-2017,Béni Mellal-Khénifra,BMK,El Kelaa des Sraghna,Rural,Public,Formation Professionnelle,8,283,1963,0,1,0,1,1,32.50645,-9.02352
ETB10387,OFPPT 226-MAR,2023-2024,Marrakech-Safi,MAR,Marrakech,Rural,Public,Formation Professionnelle,8,396,1971,1,0,0,0,1,28.35635,-12.65014
ETB10388,École 268-TAN,2021-2022,Tanger-Tétouan-Al Hoceïma,TAN,Tanger-Assilah,Rural,Public,Primaire,25,269,1983,1,1,0,1,1,34.4264,-11.40045
ETB10389,Université 261-MAR,2015-2016,Marrakech-Safi,MAR,Safi,Urbain,Public,Supérieur,19,2527,2006,1,0,1,0,1,29.17203,-9.18433
ETB10390,École 364-MAR,2022-2023,Marrakech-Safi,MAR,El Kelaa des Sraghna,Rural,Public,Primaire,8,387,2020,1,0,1,1,0,29.14178,-1.34573
ETB10391,Collège 1-DRA,2017-2018,Drâa-Tafilalet,DRA,Zagora,Rural,Public,Collégial,15,451,2004,0,0,1,1,1,34.43971,-3.006
ETB10392,École 110-DRA,2017-2018,Drâa-Tafilalet,DRA,Errachidia,Rural,Public,Primaire,3,359,1993,1,0,0,1,0,35.81467,-10.04566
ETB10393,OFPPT 128-SOU,2022-2023,Souss-Massa,SOU,Agadir-Ida-Ou-Tanane,Urbain,Privé,Formation Professionnelle,12,357,2003,1,0,0,1,1,32.53562,-2.57361
ETB10394,École 407-BMK,2018-2019,Béni Mellal-Khénifra,BMK,El Kelaa des Sraghna,Urbain,Public,Primaire,5,359,2018,0,1,1,1,1,30.86847,-6.78811
ETB10395,École 274-CAS,2016-2017,Casablanca-Settat,CAS,Mohammadia,Rural,Privé,Primaire,32,187,1962,1,0,0,1,0,31.26805,-13.18572
ETB10396,École 113-FES,2017-2018,Fès-Meknès,FES,Fès,Urbain,Public,Primaire,21,219,1986,0,0,0,1,0,33.13635,-11.98861
ETB10397,École 137-DRA,2016-2017,Drâa-Tafilalet,DRA,Tinghir,Urbain,Public,Primaire,23,416,2006,1,1,1,0,0,29.15771,-3.94413
ETB10398,École 222-FES,2015-2016,Fès-Meknès,FES,Fès,Rural,Public,Primaire,12,344,1980,0,0,1,0,0,28.02791,-5.58841
ETB10399,École 304-ORI,2015-2016,Oriental,ORI,Taourirt,Rural,Public,Primaire,15,456,2002,1,0,1,1,0,35.27518,-6.45392
ETB10400,Lycée 37-CAS,2019-2020,Casablanca-Settat,CAS,El Jadida,Rural,Public,Qualifiant,24,396,1970,0,0,0,1,1,33.28072,-3.55101
ETB10401,École 420-MAR,2023-2024,Marrakech-Safi,MAR,Chichaoua,Urbain,Public,Primaire,27,370,1974,1,0,1,0,0,30.49184,-9.21065
ETB10402,Jardin 22-MAR,2022-2023,Marrakech-Safi,MAR,Youssoufia,Urbain,Public,Préscolaire,24,66,1994,0,0,1,0,0,32.24462,-2.29269
ETB10403,École 360-MAR,2019-2020,Marrakech-Safi,MAR,Chichaoua,Rural,Public,Primaire,19,361,2019,1,1,1,0,0,35.41917,-2.68578
ETB10404,Collège 475-MAR,2023-2024,Marrakech-Safi,MAR,Marrakech,Rural,Public,Collégial,23,578,2005,1,1,1,1,0,28.34938,-12.77878
ETB10405,Collège 37-MAR,2018-2019,Marrakech-Safi,MAR,El Kelaa des Sraghna,Rural,Public,Collégial,4,465,2000,0,1,0,1,0,34.07442,-2.34401
ETB10406,École 204-CAS,2015-2016,Casablanca-Settat,CAS,Berrechid,Rural,Public,Primaire,6,275,2007,0,0,1,1,0,28.47557,-5.56127
ETB10407,Lycée 92-RAB,2018-2019,Rabat-Salé-Kénitra,RAB,Sidi Kacem,Rural,Public,Qualifiant,20,338,2006,1,1,1,0,0,30.54882,-9.10634
ETB10408,École 58-CAS,2019-2020,Casablanca-Settat,CAS,Mohammadia,Urbain,Public,Primaire,14,328,2000,0,1,1,1,0,32.4968,-3.94921
ETB10409,Collège 24-CAS,2020-2021,Casablanca-Settat,CAS,Berrechid,Rural,Privé,Collégial,33,376,2005,0,1,0,1,0,32.96192,-11.64622
ETB10410,Lycée 190-RAB,2015-2016,Rabat-Salé-Kénitra,RAB,Salé,Rural,Public,Qualifiant,10,387,1997,0,1,0,0,1,28.03606,-6.02855
ETB10411,École 121-CAS,2016-2017,Casablanca-Settat,CAS,Mohammadia,Urbain,Public,Primaire,12,256,1967,0,0,1,1,1,28.10909,-12.49713
ETB10412,École 466-CAS,2022-2023,Casablanca-Settat,CAS,Sidi Bennour,Rural,Public,Primaire,22,262,1997,1,0,1,1,1,32.23434,-5.91301
ETB10413,Lycée 328-TAN,2017-2018,Tanger-Tétouan-Al Hoceïma,TAN,Larache,Urbain,Public,Qualifiant,19,561,1994,1,1,0,1,0,31.57632,-2.3602
ETB10414,École 326-ORI,2019-2020,Oriental,ORI,Nador,Rural,Privé,Primaire,22,400,2013,0,0,0,1,1,29.40257,-2.79707
ETB10415,École 145-SOU,2018-2019,Souss-Massa,SOU,Tata,Rural,Public,Primaire,15,151,1986,0,0,1,1,1,30.8695,-4.56652
ETB10416,École 208-FES,2018-2019,Fès-Meknès,FES,Taounate,Rural,Public,Primaire,16,368,1981,1,0,1,0,1,28.4074,-12.40827
ETB10417,Jardin 404-RAB,2022-2023,Rabat-Salé-Kénitra,RAB,Rabat,Urbain,Public,Préscolaire,22,51,1993,0,0,1,1,1,35.87417,-8.11843
ETB10418,École 254-DRA,2023-2024,Drâa-Tafilalet,DRA,Midelt,Urbain,Public,Primaire,6,339,2015,0,0,1,1,0,35.00722,-2.00111
ETB10419,École 428-SOU,2022-2023,Souss-Massa,SOU,Tiznit,Rural,Public,Primaire,34,239,1996,0,1,1,0,1,30.60385,-10.26008
ETB10420,École 394-TAN,2022-2023,Tanger-Tétouan-Al Hoceïma,TAN,Fahs-Anjra,Urbain,Public,Primaire,13,204,1976,1,1,1,1,0,32.1413,-11.48413
ETB10421,Collège 116-CAS,2019-2020,Casablanca-Settat,CAS,Berrechid,Rural,Privé,Collégial,34,489,1999,0,1,1,1,1,32.84723,-3.79739
ETB10422,Jardin 486-FES,2015-2016,Fès-Meknès,FES,Fès,Urbain,Public,Préscolaire,22,63,1968,0,0,1,1,0,28.56646,-1.4999
ETB10423,Lycée 337-FES,2015-2016,Fès-Meknès,FES,Taza,Rural,Privé,Qualifiant,34,444,2014,0,0,1,1,1,34.64006,-13.1371
ETB10424,Collège 266-CAS,2022-2023,Casablanca-Settat,CAS,Khouribga,Rural,Public,Collégial,15,331,2001,0,0,0,0,0,33.02037,-6.12084
ETB10425,Lycée 421-MAR,2019-2020,Marrakech-Safi,MAR,Essaouira,Rural,Public,Qualifiant,11,382,1989,1,0,0,0,0,35.23443,-7.44534
ETB10426,Lycée 85-CAS,2018-2019,Casablanca-Settat,CAS,El Jadida,Urbain,Public,Qualifiant,29,245,2001,1,1,0,1,1,30.45891,-9.69157
ETB10427,Collège 329-CAS,2023-2024,Casablanca-Settat,CAS,Sidi Bennour,Rural,Privé,Collégial,18,373,1996,1,1,0,1,0,35.25943,-11.40163
ETB10428,Jardin 469-MAR,2019-2020,Marrakech-Safi,MAR,Youssoufia,Urbain,Privé,Préscolaire,17,38,2018,1,0,0,1,0,29.39381,-11.50867
ETB10429,École 142-DRA,2019-2020,Drâa-Tafilalet,DRA,Midelt,Rural,Privé,Primaire,26,261,1971,0,0,0,1,1,31.94905,-1.23244
ETB10430,Collège 190-MAR,2021-2022,Marrakech-Safi,MAR,El Kelaa des Sraghna,Urbain,Public,Collégial,27,611,1961,1,0,1,1,0,32.48495,-4.18822
ETB10431,Collège 174-DRA,2020-2021,Drâa-Tafilalet,DRA,Tinghir,Rural,Privé,Collégial,5,352,1975,1,1,1,1,1,33.45774,-10.26188
ETB10432,Lycée 91-RAB,2022-2023,Rabat-Salé-Kénitra,RAB,Kénitra,Rural,Public,Qualifiant,34,382,2013,0,1,1,0,1,35.83663,-6.7716
ETB10433,Jardin 59-MAR,2021-2022,Marrakech-Safi,MAR,El Kelaa des Sraghna,Rural,Public,Préscolaire,23,38,2021,0,0,0,1,0,28.28574,-12.23529
ETB10434,École 180-MAR,2015-2016,Marrakech-Safi,MAR,Essaouira,Urbain,Privé,Primaire,32,229,2005,0,0,0,1,1,32.30745,-3.99191
ETB10435,École 408-DRA,2015-2016,Drâa-Tafilalet,DRA,Midelt,Urbain,Public,Primaire,17,289,1962,0,0,0,0,1,32.46166,-4.13795
ETB10436,École 435-FES,2015-2016,Fès-Meknès,FES,Taza,Rural,Public,Primaire,21,249,2005,0,1,1,1,0,28.04725,-10.40883
ETB10437,École 71-MAR,2023-2024,Marrakech-Safi,MAR,Youssoufia,Urbain,Public,Primaire,11,195,1980,1,1,0,1,0,31.38626,-8.2688
ETB10438,Jardin 86-TAN,2022-2023,Tanger-Tétouan-Al Hoceïma,TAN,Fahs-Anjra,Rural,Public,Préscolaire,7,75,1995,1,0,1,1,1,33.35141,-10.78515
ETB10439,Lycée 393-SOU,2022-2023,Souss-Massa,SOU,Chtouka-Ait Baha,Urbain,Public,Qualifiant,14,331,2001,1,0,1,0,1,30.44953,-13.00495
ETB10440,École 165-BMK,2019-2020,Béni Mellal-Khénifra,BMK,Fquih Ben Salah,Rural,Public,Primaire,30,156,1971,0,1,0,0,1,34.25842,-12.81089
ETB10441,Lycée 391-CAS,2018-2019,Casablanca-Settat,CAS,Settat,Urbain,Public,Qualifiant,17,257,1972,1,0,1,1,1,35.33667,-10.926
ETB10442,Lycée 430-TAN,2023-2024,Tanger-Tétouan-Al Hoceïma,TAN,Fahs-Anjra,Urbain,Public,Qualifiant,23,412,2012,1,1,0,1,0,30.07329,-12.85377
ETB10443,École 349-FES,2016-2017,Fès-Meknès,FES,Moulay Yacoub,Urbain,Privé,Primaire,27,424,1965,0,1,1,1,0,30.5752,-9.08826
ETB10444,École 95-CAS,2019-2020,Casablanca-Settat,CAS,El Jadida,Urbain,Privé,Primaire,4,424,2021,1,1,1,0,1,28.0591,-6.08064
ETB10445,École 494-CAS,2021-2022,Casablanca-Settat,CAS,El Jadida,Rural,Privé,Primaire,15,300,2000,0,0,0,1,0,34.46703,-12.2369
ETB10446,École 28-FES,2015-2016,Fès-Meknès,FES,Fès,Rural,Public,Primaire,30,365,1983,0,0,1,0,0,33.34048,-8.53242
ETB10447,École 301-TAN,2018-2019,Tanger-Tétouan-Al Hoceïma,TAN,Tétouan,Rural,Public,Primaire,29,348,1978,1,1,0,1,0,33.28092,-5.78175
ETB10448,Jardin 33-DRA,2019-2020,Drâa-Tafilalet,DRA,Errachidia,Urbain,Public,Préscolaire,30,52,1988,1,1,0,1,0,35.50341,-6.89031
ETB10449,École 234-MAR,2019-2020,Marrakech-Safi,MAR,Al Haouz,Rural,Public,Primaire,24,322,2013,0,0,1,1,1,27.86505,-7.892
ETB10450,Collège 427-ORI,2018-2019,Oriental,ORI,Berkane,Rural,Public,Collégial,23,252,1988,0,0,1,0,0,32.523,-6.79121
ETB10451,Collège 282-RAB,2019-2020,Rabat-Salé-Kénitra,RAB,Salé,Urbain,Privé,Collégial,26,329,1996,0,0,0,1,0,34.65388,-6.09162
ETB10452,École 56-CAS,2016-2017,Casablanca-Settat,CAS,Mohammadia,Rural,Public,Primaire,14,349,1967,1,0,1,0,0,35.45323,-1.68041
ETB10453,Collège 127-TAN,2021-2022,Tanger-Tétouan-Al Hoceïma,TAN,Ouazzane,Urbain,Public,Collégial,33,560,1981,0,1,1,1,0,30.86127,-3.60649
ETB10454,École 307-TAN,2017-2018,Tanger-Tétouan-Al Hoceïma,TAN,Al Hoceïma,Urbain,Public,Primaire,25,357,2003,1,0,1,0,1,34.30545,-8.09341
ETB10455,École 453-MAR,2015-2016,Marrakech-Safi,MAR,Safi,Urbain,Public,Primaire,14,367,1966,1,0,1,1,0,33.92809,-10.19426
ETB10456,Lycée 111-CAS,2019-2020,Casablanca-Settat,CAS,Mohammadia,Rural,Public,Qualifiant,17,328,1998,1,0,1,1,1,31.88119,-9.18295
ETB10457,École 151-CAS,2023-2024,Casablanca-Settat,CAS,Berrechid,Rural,Public,Primaire,7,367,2006,1,1,0,1,0,31.55204,-2.94301
ETB10458,École 366-MAR,2017-2018,Marrakech-Safi,MAR,Youssoufia,Rural,Public,Primaire,32,250,1997,1,0,0,1,0,33.24794,-2.40205
ETB10459,École 318-CAS,2016-2017,Casablanca-Settat,CAS,Khouribga,Urbain,Public,Primaire,25,404,2016,1,0,0,1,1,28.24262,-8.08028
ETB10460,Collège 403-MAR,2015-2016,Marrakech-Safi,MAR,Essaouira,Rural,Public,Collégial,30,434,2006,0,1,0,1,0,33.74536,-8.41068
ETB10461,Jardin 485-RAB,2016-2017,Rabat-Salé-Kénitra,RAB,Kénitra,Urbain,Privé,Préscolaire,9,44,1982,1,1,1,1,0,28.71113,-4.60235
ETB10462,Collège 464-TAN,2020-2021,Tanger-Tétouan-Al Hoceïma,TAN,Fahs-Anjra,Rural,Privé,Collégial,17,612,1981,0,0,1,1,0,35.12962,-4.38505
ETB10463,École 217-RAB,2021-2022,Rabat-Salé-Kénitra,RAB,Sidi Slimane,Urbain,Public,Primaire,29,334,2000,0,0,0,1,0,33.01295,-3.50377
ETB10464,Collège 125-GUE,2020-2021,Guelmim-Oued Noun,GUE,Sidi Ifni,Rural,Public,Collégial,16,311,1969,1,1,1,1,1,32.72592,-11.03453
ETB10465,Collège 52-RAB,2022-2023,Rabat-Salé-Kénitra,RAB,Skhirate-Témara,Urbain,Privé,Collégial,11,497,2017,0,0,0,0,0,27.79251,-6.34881
ETB10466,École 426-TAN,2021-2022,Tanger-Tétouan-Al Hoceïma,TAN,Mdiq-Fnideq,Rural,Public,Primaire,4,391,1999,1,1,0,0,0,28.03722,-4.58092
ETB10467,OFPPT 428-CAS,2021-2022,Casablanca-Settat,CAS,Mohammadia,Urbain,Public,Formation Professionnelle,23,348,2003,0,1,0,1,0,32.31413,-12.83344
ETB10468,Collège 416-MAR,2021-2022,Marrakech-Safi,MAR,Essaouira,Urbain,Public,Collégial,21,409,1964,0,1,1,0,1,32.62988,-7.5944
ETB10469,Collège 168-MAR,2023-2024,Marrakech-Safi,MAR,Essaouira,Urbain,Privé,Collégial,3,377,1987,0,0,0,0,0,30.5578,-3.47208
ETB10470,École 422-CAS,2021-2022,Casablanca-Settat,CAS,Berrechid,Urbain,Privé,Primaire,31,289,2001,1,1,0,1,1,28.91771,-2.42284
ETB10471,École 8-LAA,2018-2019,Laâyoune-Sakia El Hamra,LAA,Boujdour,Rural,Public,Primaire,17,478,1991,1,0,0,1,1,33.12769,-5.42911
ETB10472,École 58-CAS,2020-2021,Casablanca-Settat,CAS,Sidi Bennour,Urbain,Public,Primaire,23,292,1988,0,0,1,0,0,30.05717,-4.26521
ETB10473,École 452-TAN,2017-2018,Tanger-Tétouan-Al Hoceïma,TAN,Tanger-Assilah,Urbain,Public,Primaire,28,251,2004,1,0,0,1,1,32.05061,-2.17511
ETB10474,Université 229-MAR,2020-2021,Marrakech-Safi,MAR,El Kelaa des Sraghna,Rural,Public,Supérieur,8,2574,1984,0,0,1,1,1,35.23547,-6.47044
ETB10475,Lycée 354-MAR,2020-2021,Marrakech-Safi,MAR,Safi,Urbain,Public,Qualifiant,25,336,1968,1,0,1,1,1,32.98306,-7.70903
ETB10476,École 190-CAS,2019-2020,Casablanca-Settat,CAS,Benslimane,Rural,Public,Primaire,26,237,1975,1,0,0,1,1,32.37952,-8.05464
ETB10477,Jardin 499-TAN,2022-2023,Tanger-Tétouan-Al Hoceïma,TAN,Fahs-Anjra,Rural,Public,Préscolaire,29,49,2007,1,1,0,1,0,30.83105,-12.85156
ETB10478,École 421-MAR,2021-2022,Marrakech-Safi,MAR,El Kelaa des Sraghna,Rural,Public,Primaire,28,273,2019,1,0,1,0,1,27.7732,-5.28866
ETB10479,École 205-DRA,2017-2018,Drâa-Tafilalet,DRA,Errachidia,Urbain,Public,Primaire,31,139,1983,1,0,1,1,0,33.14986,-8.88504
ETB10480,École 174-CAS,2023-2024,Casablanca-Settat,CAS,Casablanca,Urbain,Privé,Primaire,7,471,2019,1,0,0,1,0,28.68271,-11.6791
ETB10481,École 273-DAK,2022-2023,Dakhla-Oued Eddahab,DAK,Dakhla,Urbain,Public,Primaire,13,463,1998,1,1,0,1,1,33.88101,-11.33641
ETB10482,École 266-ORI,2017-2018,Oriental,ORI,Jerada,Urbain,Privé,Primaire,14,364,1960,0,0,0,0,0,32.43061,-11.83515
ETB10483,École 72-ORI,2016-2017,Oriental,ORI,Guercif,Urbain,Public,Primaire,12,249,2015,1,0,1,1,1,28.52507,-4.04043
ETB10484,École 112-CAS,2020-2021,Casablanca-Settat,CAS,El Jadida,Rural,Public,Primaire,20,336,1960,1,0,1,1,1,33.24117,-10.55569
ETB10485,École 64-CAS,2018-2019,Casablanca-Settat,CAS,Sidi Bennour,Urbain,Public,Primaire,21,424,2010,1,1,1,1,0,29.82463,-11.34503
ETB10486,Lycée 70-CAS,2021-2022,Casablanca-Settat,CAS,Sidi Bennour,Urbain,Privé,Qualifiant,28,337,1996,0,0,0,1,0,31.76669,-2.46681
ETB10487,École 27-TAN,2021-2022,Tanger-Tétouan-Al Hoceïma,TAN,Mdiq-Fnideq,Rural,Public,Primaire,13,498,1976,1,0,1,1,0,29.24324,-6.01467
ETB10488,École 106-TAN,2016-2017,Tanger-Tétouan-Al Hoceïma,TAN,Chefchaouen,Urbain,Public,Primaire,22,465,1966,1,0,0,1,1,33.4349,-1.83845
ETB10489,École 273-DAK,2018-2019,Dakhla-Oued Eddahab,DAK,Aousserd,Rural,Public,Primaire,17,262,1971,1,0,1,1,1,29.92131,-10.74611
ETB10490,Université 60-CAS,2017-2018,Casablanca-Settat,CAS,El Jadida,Urbain,Public,Supérieur,27,2328,1973,1,0,1,1,1,33.83973,-7.72202
ETB10491,Université 492-SOU,2018-2019,Souss-Massa,SOU,Chtouka-Ait Baha,Urbain,Public,Supérieur,16,3078,1986,0,0,1,0,0,31.5421,-4.85468
ETB10492,École 23-MAR,2019-2020,Marrakech-Safi,MAR,Essaouira,Rural,Public,Primaire,10,339,1969,1,0,0,1,1,29.36513,-6.91611
ETB10493,École 167-RAB,2020-2021,Rabat-Salé-Kénitra,RAB,Sidi Slimane,Urbain,Public,Primaire,14,325,2000,0,1,1,1,1,32.32152,-2.11829
ETB10494,Lycée 29-MAR,2023-2024,Marrakech-Safi,MAR,Chichaoua,Rural,Public,Qualifiant,14,500,2010,0,0,0,0,1,32.90109,-12.29776
ETB10495,École 41-FES,2017-2018,Fès-Meknès,FES,El Hajeb,Urbain,Public,Primaire,4,328,1964,0,0,0,0,0,29.84567,-12.326
ETB10496,Lycée 48-SOU,2022-2023,Souss-Massa,SOU,Tiznit,Urbain,Privé,Qualifiant,17,339,2003,1,0,0,1,1,28.77125,-4.34242
ETB10497,École 86-FES,2023-2024,Fès-Meknès,FES,Ifrane,Urbain,Privé,Primaire,20,320,2021,1,0,1,1,0,35.30339,-1.62371
ETB10498,Collège 331-TAN,2017-2018,Tanger-Tétouan-Al Hoceïma,TAN,Tanger-Assilah,Urbain,Privé,Collégial,3,518,2020,0,1,0,1,0,28.54168,-3.47656
ETB10499,Collège 358-CAS,2023-2024,Casablanca-Settat,CAS,El Jadida,Urbain,Public,Collégial,14,388,2017,0,0,1,1,0,27.92872,-5.81212
ETB10500,Collège 165-TAN,2022-2023,Tanger-Tétouan-Al Hoceïma,TAN,Larache,Urbain,Public,Collégial,23,370,1999,0,0,1,1,0,30.454,-6.21945
ETB10501,Collège 324-CAS,2018-2019,Casablanca-Settat,CAS,Benslimane,Urbain,Public,Collégial,34,572,1968,0,0,1,1,1,33.70395,-8.60645
ETB10502,Collège 343-DRA,2019-2020,Drâa-Tafilalet,DRA,Errachidia,Urbain,Public,Collégial,30,215,1975,0,0,1,0,1,33.89257,-6.59247
ETB10503,Collège 9-FES,2018-2019,Fès-Meknès,FES,Moulay Yacoub,Urbain,Privé,Collégial,30,458,1962,1,0,0,1,1,32.42067,-7.2339
ETB10504,École 16-BMK,2022-2023,Béni Mellal-Khénifra,BMK,Fquih Ben Salah,Urbain,Public,Primaire,18,302,1980,1,0,1,0,0,32.46019,-5.54491
ETB10505,École 221-MAR,2022-2023,Marrakech-Safi,MAR,Safi,Urbain,Public,Primaire,30,387,2010,0,0,1,1,1,32.73571,-11.32089
ETB10506,Jardin 360-FES,2020-2021,Fès-Meknès,FES,Fès,Rural,Public,Préscolaire,24,63,1970,1,0,1,0,0,27.83293,-11.86416
ETB10507,École 70-CAS,2020-2021,Casablanca-Settat,CAS,El Jadida,Urbain,Public,Primaire,28,398,1963,0,0,0,1,0,32.30155,-3.37164
ETB10508,École 137-FES,2020-2021,Fès-Meknès,FES,Boulemane,Rural,Public,Primaire,7,220,1994,1,1,1,1,1,33.40625,-8.03872
ETB10509,Lycée 163-MAR,2018-2019,Marrakech-Safi,MAR,Al Haouz,Urbain,Privé,Qualifiant,6,361,1964,1,1,1,0,1,29.0132,-3.56963
ETB10510,Collège 111-SOU,2022-2023,Souss-Massa,SOU,Tiznit,Urbain,Privé,Collégial,29,392,1982,1,0,0,1,1,29.97417,-12.73696
ETB10511,Lycée 386-DRA,2022-2023,Drâa-Tafilalet,DRA,Midelt,Urbain,Public,Qualifiant,26,564,1996,0,1,1,1,0,29.49944,-7.83823
ETB10512,École 250-CAS,2019-2020,Casablanca-Settat,CAS,Berrechid,Rural,Privé,Primaire,4,165,2013,0,1,1,1,0,29.32627,-9.8372
ETB10513,Université 27-RAB,2015-2016,Rabat-Salé-Kénitra,RAB,Salé,Urbain,Privé,Supérieur,21,2330,1968,1,0,0,0,0,31.63199,-8.51812
ETB10514,École 459-DRA,2022-2023,Drâa-Tafilalet,DRA,Ouarzazate,Urbain,Public,Primaire,16,284,1983,0,1,0,0,1,34.96341,-8.52863
ETB10515,École 285-RAB,2018-2019,Rabat-Salé-Kénitra,RAB,Skhirate-Témara,Urbain,Public,Primaire,13,333,2000,1,0,1,1,1,31.11374,-9.63397
ETB10516,OFPPT 96-MAR,2021-2022,Marrakech-Safi,MAR,Marrakech,Urbain,Public,Formation Professionnelle,28,408,2008,1,0,1,0,0,32.94289,-6.14487
ETB10517,École 98-CAS,2022-2023,Casablanca-Settat,CAS,Casablanca,Urbain,Public,Primaire,12,350,1992,0,1,1,1,1,34.1518,-2.20222
ETB10518,Collège 439-CAS,2017-2018,Casablanca-Settat,CAS,Khouribga,Urbain,Public,Collégial,22,443,2016,1,0,0,1,0,31.61412,-1.09559
ETB10519,École 392-MAR,2018-2019,Marrakech-Safi,MAR,Essaouira,Urbain,Public,Primaire,8,179,1985,1,1,1,0,1,28.67862,-6.83894
ETB10520,École 239-CAS,2023-2024,Casablanca-Settat,CAS,Khouribga,Rural,Public,Primaire,21,431,1978,0,0,1,1,1,32.24621,-1.28292
ETB10521,Jardin 98-CAS,2020-2021,Casablanca-Settat,CAS,Khouribga,Rural,Public,Préscolaire,25,61,1973,1,1,0,0,0,29.89076,-10.38325
ETB10522,École 140-RAB,2022-2023,Rabat-Salé-Kénitra,RAB,Kénitra,Urbain,Public,Primaire,13,286,1998,1,1,0,0,0,33.09526,-10.78035
ETB10523,École 459-CAS,2015-2016,Casablanca-Settat,CAS,Casablanca,Urbain,Public,Primaire,5,234,1963,0,1,0,1,0,33.46553,-8.80112
ETB10524,Lycée 362-ORI,2020-2021,Oriental,ORI,Berkane,Urbain,Public,Qualifiant,9,480,1960,0,1,1,1,0,28.74833,-12.76528
ETB10525,École 457-TAN,2022-2023,Tanger-Tétouan-Al Hoceïma,TAN,Ouazzane,Rural,Public,Primaire,12,390,2013,1,0,0,1,0,35.18124,-10.92744
ETB10526,École 462-MAR,2022-2023,Marrakech-Safi,MAR,Youssoufia,Rural,Privé,Primaire,3,358,1975,0,1,0,1,0,27.96563,-6.20262
ETB10527,Lycée 447-MAR,2015-2016,Marrakech-Safi,MAR,Youssoufia,Urbain,Public,Qualifiant,27,353,2001,1,0,1,1,0,31.60695,-3.24161
ETB10528,École 114-MAR,2016-2017,Marrakech-Safi,MAR,Al Haouz,Urbain,Public,Primaire,4,360,1966,1,1,1,1,1,31.41088,-12.67069
ETB10529,École 128-CAS,2019-2020,Casablanca-Settat,CAS,Settat,Rural,Public,Primaire,6,333,1988,1,1,0,1,0,34.65853,-13.16357
ETB10530,École 361-CAS,2022-2023,Casablanca-Settat,CAS,Settat,Rural,Public,Primaire,25,369,1995,1,1,1,0,0,30.95687,-3.82819
ETB10531,École 10-RAB,2020-2021,Rabat-Salé-Kénitra,RAB,Salé,Rural,Privé,Primaire,12,229,2006,0,1,1,0,0,29.2542,-3.5793
ETB10532,OFPPT 8-CAS,2016-2017,Casablanca-Settat,CAS,Khouribga,Urbain,Privé,Formation Professionnelle,25,367,1963,1,0,0,1,1,29.77147,-4.86589
ETB10533,Collège 103-CAS,2016-2017,Casablanca-Settat,CAS,Berrechid,Urbain,Privé,Collégial,12,571,1999,1,0,1,1,1,30.07307,-8.93783
ETB10534,Collège 193-ORI,2020-2021,Oriental,ORI,Guercif,Urbain,Public,Collégial,27,512,1975,1,0,0,1,0,29.50745,-11.41402
ETB10535,École 289-DRA,2022-2023,Drâa-Tafilalet,DRA,Tinghir,Urbain,Privé,Primaire,7,289,1980,1,1,1,1,1,34.60884,-7.28017
ETB10536,Université 201-CAS,2020-2021,Casablanca-Settat,CAS,Settat,Rural,Privé,Supérieur,25,2596,2013,1,1,1,0,0,35.84567,-3.01628
ETB10537,Collège 351-FES,2019-2020,Fès-Meknès,FES,Taza,Urbain,Public,Collégial,33,644,2006,1,1,1,1,1,31.33903,-9.69105
ETB10538,École 54-FES,2023-2024,Fès-Meknès,FES,Fès,Urbain,Public,Primaire,32,499,1999,0,1,0,0,1,30.18008,-1.322
ETB10539,École 295-CAS,2020-2021,Casablanca-Settat,CAS,Sidi Bennour,Urbain,Privé,Primaire,21,219,1999,0,1,0,1,0,35.86889,-2.37146
ETB10540,Collège 382-MAR,2022-2023,Marrakech-Safi,MAR,Essaouira,Rural,Public,Collégial,26,421,2011,1,0,1,1,1,32.92579,-13.10033
ETB10541,Lycée 19-TAN,2017-2018,Tanger-Tétouan-Al Hoceïma,TAN,Larache,Urbain,Public,Qualifiant,34,432,1960,0,0,0,1,0,33.85262,-2.68082
ETB10542,École 349-CAS,2022-2023,Casablanca-Settat,CAS,Sidi Bennour,Rural,Public,Primaire,22,303,2014,0,1,0,0,0,31.44333,-5.01408
ETB10543,École 458-FES,2015-2016,Fès-Meknès,FES,Fès,Rural,Public,Primaire,31,300,1963,1,0,0,0,0,34.68964,-6.42622
ETB10544,École 98-DRA,2022-2023,Drâa-Tafilalet,DRA,Zagora,Urbain,Public,Primaire,29,368,1968,1,1,0,1,1,31.77769,-11.79325
ETB10545,Université 151-CAS,2017-2018,Casablanca-Settat,CAS,Khouribga,Urbain,Public,Supérieur,11,2913,2004,1,1,1,1,1,30.41409,-1.42946
ETB10546,Collège 179-BMK,2023-2024,Béni Mellal-Khénifra,BMK,Béni Mellal,Rural,Public,Collégial,6,546,1980,1,1,1,0,0,31.78959,-1.83933
ETB10547,École 492-FES,2017-2018,Fès-Meknès,FES,Taza,Urbain,Public,Primaire,20,381,2013,0,0,0,1,0,30.38386,-4.0276
ETB10548,Collège 334-FES,2022-2023,Fès-Meknès,FES,Meknès,Urbain,Privé,Collégial,3,411,2003,0,0,0,1,0,32.54104,-5.10838
ETB10549,École 276-CAS,2018-2019,Casablanca-Settat,CAS,Sidi Bennour,Rural,Public,Primaire,20,250,2001,1,1,1,0,0,32.72579,-11.74713
ETB10550,École 65-BMK,2021-2022,Béni Mellal-Khénifra,BMK,Azilal,Urbain,Public,Primaire,20,356,1985,1,0,0,0,1,31.08504,-8.32537
ETB10551,École 236-RAB,2017-2018,Rabat-Salé-Kénitra,RAB,Skhirate-Témara,Urbain,Public,Primaire,13,285,2016,0,0,0,1,0,35.03243,-13.11287
ETB10552,OFPPT 293-BMK,2019-2020,Béni Mellal-Khénifra,BMK,El Kelaa des Sraghna,Rural,Privé,Formation Professionnelle,18,355,2009,1,0,1,0,1,29.37343,-11.90712
ETB10553,Collège 345-GUE,2017-2018,Guelmim-Oued Noun,GUE,Assa-Zag,Urbain,Public,Collégial,30,484,2009,0,1,1,0,1,32.43247,-11.7345
ETB10554,École 489-TAN,2016-2017,Tanger-Tétouan-Al Hoceïma,TAN,Chefchaouen,Urbain,Public,Primaire,30,401,1989,1,1,0,1,0,34.22171,-8.47692
ETB10555,École 14-MAR,2015-2016,Marrakech-Safi,MAR,Youssoufia,Rural,Public,Primaire,5,295,1999,1,0,1,1,0,31.34647,-12.19601
ETB10556,École 355-TAN,2016-2017,Tanger-Tétouan-Al Hoceïma,TAN,Fahs-Anjra,Rural,Public,Primaire,25,281,1961,1,0,0,0,0,27.79491,-1.82036
ETB10557,Collège 377-SOU,2019-2020,Souss-Massa,SOU,Taroudannt,Rural,Public,Collégial,8,541,1966,0,0,0,0,0,34.79177,-10.2846
ETB10558,École 221-RAB,2019-2020,Rabat-Salé-Kénitra,RAB,Kénitra,Rural,Public,Primaire,15,364,2002,0,0,1,0,0,31.00896,-1.20425
ETB10559,École 95-FES,2019-2020,Fès-Meknès,FES,Séfrou,Urbain,Privé,Primaire,16,343,1967,1,1,0,0,1,34.36359,-3.37439
ETB10560,École 216-CAS,2016-2017,Casablanca-Settat,CAS,Casablanca,Rural,Public,Primaire,10,434,2003,0,0,1,1,0,35.19185,-11.31836
ETB10561,Jardin 483-ORI,2016-2017,Oriental,ORI,Taourirt,Rural,Public,Préscolaire,20,58,1967,0,1,1,0,0,30.93998,-3.19007
ETB10562,Lycée 31-LAA,2015-2016,Laâyoune-Sakia El Hamra,LAA,Es-Semara,Urbain,Public,Qualifiant,4,347,1974,1,1,1,1,0,34.45782,-3.27736
ETB10563,Lycée 284-RAB,2017-2018,Rabat-Salé-Kénitra,RAB,Skhirate-Témara,Rural,Public,Qualifiant,3,330,1980,0,1,1,1,1,28.31468,-4.37834
ETB10564,Collège 208-ORI,2022-2023,Oriental,ORI,Jerada,Urbain,Public,Collégial,13,411,1960,1,1,0,1,1,30.62781,-12.53861
ETB10565,Lycée 75-MAR,2020-2021,Marrakech-Safi,MAR,Marrakech,Urbain,Public,Qualifiant,27,496,1997,1,0,1,1,0,32.60048,-4.48462
ETB10566,Université 381-CAS,2016-2017,Casablanca-Settat,CAS,Settat,Rural,Public,Supérieur,7,2074,2001,1,1,1,0,1,31.90145,-2.98266
ETB10567,École 310-FES,2016-2017,Fès-Meknès,FES,Fès,Rural,Public,Primaire,31,374,1988,1,0,1,1,0,30.78655,-4.09891
ETB10568,École 111-FES,2018-2019,Fès-Meknès,FES,Boulemane,Urbain,Privé,Primaire,11,388,1980,0,0,1,1,0,33.8914,-9.78463
ETB10569,École 67-CAS,2020-2021,Casablanca-Settat,CAS,Sidi Bennour,Urbain,Public,Primaire,13,252,2012,0,1,1,0,0,33.55706,-2.12752
ETB10570,École 402-FES,2018-2019,Fès-Meknès,FES,Boulemane,Urbain,Public,Primaire,26,386,1961,0,0,0,0,0,30.4913,-5.99142
ETB10571,École 463-CAS,2023-2024,Casablanca-Settat,CAS,Benslimane,Urbain,Public,Primaire,21,216,1998,1,1,0,1,1,28.09636,-4.49543
ETB10572,Collège 333-FES,2021-2022,Fès-Meknès,FES,Fès,Urbain,Privé,Collégial,14,495,1991,1,0,1,1,0,29.89841,-8.2651
ETB10573,École 64-RAB,2015-2016,Rabat-Salé-Kénitra,RAB,Skhirate-Témara,Rural,Public,Primaire,12,230,2006,1,1,1,1,1,34.4814,-9.27176
ETB10574,Collège 83-DRA,2015-2016,Drâa-Tafilalet,DRA,Errachidia,Urbain,Privé,Collégial,14,458,1996,0,0,0,1,0,34.28177,-2.95411
ETB10575,Lycée 193-SOU,2019-2020,Souss-Massa,SOU,Agadir-Ida-Ou-Tanane,Urbain,Public,Qualifiant,13,463,1972,0,0,1,0,0,28.97922,-7.16377
ETB10576,Lycée 39-TAN,2016-2017,Tanger-Tétouan-Al Hoceïma,TAN,Larache,Urbain,Privé,Qualifiant,25,294,1981,1,1,1,0,0,31.68936,-3.25689
ETB10577,Collège 100-MAR,2019-2020,Marrakech-Safi,MAR,Al Haouz,Urbain,Public,Collégial,33,544,1983,0,0,0,0,0,31.73306,-2.67038
ETB10578,Collège 45-FES,2018-2019,Fès-Meknès,FES,Taounate,Urbain,Privé,Collégial,32,660,1998,0,0,1,0,1,33.43434,-9.58722
ETB10579,École 422-SOU,2020-2021,Souss-Massa,SOU,Taroudannt,Rural,Privé,Primaire,8,221,2020,1,1,1,0,0,28.81219,-12.91061
ETB10580,Collège 424-FES,2017-2018,Fès-Meknès,FES,Fès,Urbain,Public,Collégial,16,291,1997,1,0,1,1,1,35.31386,-11.02784
ETB10581,École 276-RAB,2016-2017,Rabat-Salé-Kénitra,RAB,Sidi Kacem,Rural,Public,Primaire,28,212,2012,1,0,0,1,0,28.61708,-7.59118
ETB10582,École 487-CAS,2021-2022,Casablanca-Settat,CAS,Berrechid,Urbain,Public,Primaire,18,309,2004,1,0,1,0,1,32.77363,-12.30531
ETB10583,École 69-RAB,2016-2017,Rabat-Salé-Kénitra,RAB,Khémisset,Rural,Public,Primaire,30,385,1973,1,0,1,1,0,33.05465,-11.28235
ETB10584,Jardin 81-CAS,2019-2020,Casablanca-Settat,CAS,Casablanca,Rural,Public,Préscolaire,32,66,2006,1,1,0,0,0,32.98911,-10.08545
ETB10585,Collège 155-TAN,2021-2022,Tanger-Tétouan-Al Hoceïma,TAN,Ouazzane,Urbain,Public,Collégial,27,233,2008,0,1,1,1,1,33.63065,-8.15071
ETB10586,OFPPT 187-DRA,2016-2017,Drâa-Tafilalet,DRA,Tinghir,Urbain,Public,Formation Professionnelle,29,281,1964,1,0,0,1,0,31.82123,-10.14134
ETB10587,École 20-TAN,2017-2018,Tanger-Tétouan-Al Hoceïma,TAN,Fahs-Anjra,Rural,Privé,Primaire,19,262,1983,0,0,0,1,0,30.26202,-2.96963
ETB10588,Collège 178-CAS,2017-2018,Casablanca-Settat,CAS,Berrechid,Urbain,Public,Collégial,34,291,2007,0,1,0,1,0,32.92909,-10.50117
ETB10589,École 31-DRA,2015-2016,Drâa-Tafilalet,DRA,Errachidia,Urbain,Public,Primaire,10,262,2013,0,1,0,1,1,34.17576,-6.15855
ETB10590,Collège 387-MAR,2016-2017,Marrakech-Safi,MAR,Youssoufia,Urbain,Public,Collégial,22,435,1983,0,1,1,1,0,34.85204,-7.18756
ETB10591,École 380-FES,2016-2017,Fès-Meknès,FES,Boulemane,Rural,Public,Primaire,3,274,2021,1,0,0,1,0,32.29151,-12.11643
ETB10592,Jardin 87-MAR,2022-2023,Marrakech-Safi,MAR,Chichaoua,Rural,Public,Préscolaire,21,51,2009,1,0,1,1,1,29.63485,-5.90223
ETB10593,OFPPT 313-CAS,2018-2019,Casablanca-Settat,CAS,Khouribga,Rural,Public,Formation Professionnelle,23,235,1967,0,1,1,0,0,29.20161,-5.80364
ETB10594,École 369-TAN,2018-2019,Tanger-Tétouan-Al Hoceïma,TAN,Al Hoceïma,Rural,Public,Primaire,4,357,1997,0,1,0,1,0,28.8543,-5.75738
ETB10595,Collège 364-RAB,2023-2024,Rabat-Salé-Kénitra,RAB,Sidi Kacem,Urbain,Public,Collégial,13,379,1969,0,0,1,0,1,29.58145,-8.7663
ETB10596,Collège 14-SOU,2015-2016,Souss-Massa,SOU,Tata,Urbain,Public,Collégial,10,397,1963,0,1,1,1,1,31.914,-3.02087
ETB10597,Collège 155-RAB,2021-2022,Rabat-Salé-Kénitra,RAB,Salé,Rural,Public,Collégial,4,564,1964,0,1,0,1,1,34.11402,-4.51201
ETB10598,École 344-CAS,2020-2021,Casablanca-Settat,CAS,Casablanca,Urbain,Public,Primaire,22,357,2002,0,0,0,0,0,35.27287,-10.99959
ETB10599,OFPPT 317-MAR,2019-2020,Marrakech-Safi,MAR,Essaouira,Urbain,Public,Formation Professionnelle,8,152,1987,1,1,1,0,1,35.64068,-2.08762
ETB10600,École 125-DRA,2022-2023,Drâa-Tafilalet,DRA,Midelt,Urbain,Public,Primaire,3,311,1986,1,1,0,1,1,29.86655,-6.96246
ETB10601,École 151-MAR,2015-2016,Marrakech-Safi,MAR,Marrakech,Rural,Public,Primaire,32,377,1990,0,1,0,0,0,30.14339,-3.04534
ETB10602,Jardin 162-CAS,2022-2023,Casablanca-Settat,CAS,Khouribga,Rural,Public,Préscolaire,14,71,1975,0,0,1,0,0,30.43032,-8.64339
ETB10603,École 287-SOU,2017-2018,Souss-Massa,SOU,Tata,Rural,Public,Primaire,28,258,2004,1,1,0,1,0,33.14601,-3.05895
ETB10604,Collège 368-CAS,2017-2018,Casablanca-Settat,CAS,Settat,Rural,Public,Collégial,17,410,2003,1,0,1,1,0,31.87491,-11.54383
ETB10605,Collège 133-FES,2018-2019,Fès-Meknès,FES,Moulay Yacoub,Urbain,Privé,Collégial,11,508,1993,0,1,0,0,0,28.11359,-9.80301
ETB10606,Collège 29-FES,2019-2020,Fès-Meknès,FES,Fès,Rural,Public,Collégial,27,394,1964,1,1,1,1,0,34.74581,-6.07039
ETB10607,Collège 493-TAN,2015-2016,Tanger-Tétouan-Al Hoceïma,TAN,Tétouan,Urbain,Public,Collégial,19,400,1971,1,0,0,0,0,34.6948,-4.04585
ETB10608,École 102-RAB,2023-2024,Rabat-Salé-Kénitra,RAB,Salé,Urbain,Public,Primaire,25,341,2014,0,0,0,1,0,28.95575,-5.65653
ETB10609,École 492-SOU,2017-2018,Souss-Massa,SOU,Tata,Urbain,Privé,Primaire,14,407,1962,1,0,1,1,1,34.31381,-1.73782
ETB10610,École 103-RAB,2023-2024,Rabat-Salé-Kénitra,RAB,Sidi Slimane,Urbain,Public,Primaire,20,359,1983,0,0,0,0,0,32.1029,-9.20192
ETB10611,École 495-RAB,2017-2018,Rabat-Salé-Kénitra,RAB,Kénitra,Rural,Public,Primaire,34,354,1975,1,1,1,1,1,35.28617,-5.67375
ETB10612,Collège 222-BMK,2019-2020,Béni Mellal-Khénifra,BMK,Khouribga,Rural,Public,Collégial,4,460,2009,1,1,0,1,0,29.07513,-13.12967
ETB10613,Université 328-ORI,2023-2024,Oriental,ORI,Jerada,Urbain,Public,Supérieur,12,1368,1961,1,0,0,0,0,35.49703,-4.10893
ETB10614,École 163-CAS,2019-2020,Casablanca-Settat,CAS,Berrechid,Rural,Privé,Primaire,29,278,1999,1,1,1,0,1,35.6182,-7.13295
ETB10615,École 179-LAA,2017-2018,Laâyoune-Sakia El Hamra,LAA,Tarfaya,Rural,Public,Primaire,15,290,1988,0,0,1,0,0,33.98374,-12.94585
ETB10616,École 62-MAR,2022-2023,Marrakech-Safi,MAR,Safi,Urbain,Public,Primaire,6,200,2002,1,1,1,0,1,33.10775,-4.20164
ETB10617,École 363-RAB,2022-2023,Rabat-Salé-Kénitra,RAB,Skhirate-Témara,Urbain,Public,Primaire,17,331,1989,1,1,0,0,1,29.8985,-3.67675
ETB10618,Collège 161-CAS,2018-2019,Casablanca-Settat,CAS,Settat,Urbain,Public,Collégial,12,391,1998,1,1,1,0,1,33.55612,-12.29623
ETB10619,Collège 305-SOU,2016-2017,Souss-Massa,SOU,Tata,Rural,Public,Collégial,24,156,1994,0,0,1,0,0,29.8605,-2.87813
ETB10620,OFPPT 431-CAS,2015-2016,Casablanca-Settat,CAS,El Jadida,Urbain,Public,Formation Professionnelle,20,299,1974,1,0,0,1,0,32.37392,-12.30018
ETB10621,Jardin 30-BMK,2019-2020,Béni Mellal-Khénifra,BMK,Fquih Ben Salah,Urbain,Privé,Préscolaire,28,69,1985,0,1,0,1,1,30.95998,-8.415
ETB10622,Jardin 484-CAS,2020-2021,Casablanca-Settat,CAS,Mohammadia,Urbain,Public,Préscolaire,28,71,2011,1,0,1,1,1,32.57075,-7.61639
ETB10623,Collège 168-FES,2016-2017,Fès-Meknès,FES,Séfrou,Rural,Public,Collégial,34,403,1977,1,1,1,0,0,35.69579,-8.41193
ETB10624,Jardin 487-CAS,2018-2019,Casablanca-Settat,CAS,Berrechid,Urbain,Privé,Préscolaire,6,59,2015,0,0,1,0,0,34.57544,-7.49613
ETB10625,École 177-RAB,2020-2021,Rabat-Salé-Kénitra,RAB,Sidi Kacem,Urbain,Public,Primaire,32,223,1970,1,1,1,0,0,31.27146,-9.49826
ETB10626,École 310-SOU,2016-2017,Souss-Massa,SOU,Tata,Urbain,Public,Primaire,7,209,1970,0,0,1,0,0,31.80866,-1.15788
ETB10627,OFPPT 180-CAS,2016-2017,Casablanca-Settat,CAS,Mohammadia,Urbain,Public,Formation Professionnelle,15,342,2017,1,0,1,0,0,27.97722,-2.87405
ETB10628,École 334-DRA,2019-2020,Drâa-Tafilalet,DRA,Errachidia,Rural,Privé,Primaire,22,288,1972,0,0,1,1,1,35.34794,-8.70455
ETB10629,Collège 347-FES,2021-2022,Fès-Meknès,FES,Ifrane,Urbain,Public,Collégial,26,557,1997,0,0,1,1,0,35.84883,-12.75822
ETB10630,Lycée 393-DRA,2021-2022,Drâa-Tafilalet,DRA,Errachidia,Rural,Public,Qualifiant,34,301,2013,1,1,1,0,1,27.84865,-12.80107
ETB10631,Collège 99-GUE,2018-2019,Guelmim-Oued Noun,GUE,Guelmim,Urbain,Public,Collégial,4,581,1965,0,0,0,1,0,27.98587,-5.85308
ETB10632,École 267-FES,2015-2016,Fès-Meknès,FES,Boulemane,Urbain,Public,Primaire,25,214,1986,0,1,0,0,0,33.00168,-7.49747
ETB10633,École 446-MAR,2018-2019,Marrakech-Safi,MAR,Marrakech,Urbain,Public,Primaire,12,304,1998,0,1,1,0,1,29.05516,-6.7335
ETB10634,École 29-CAS,2020-2021,Casablanca-Settat,CAS,Berrechid,Urbain,Public,Primaire,21,313,2011,0,0,1,0,1,30.79726,-4.64103
ETB10635,École 74-MAR,2023-2024,Marrakech-Safi,MAR,Safi,Urbain,Public,Primaire,23,337,2017,0,0,0,0,1,33.85813,-3.93906
ETB10636,École 291-FES,2020-2021,Fès-Meknès,FES,Meknès,Urbain,Public,Primaire,12,357,1975,1,1,1,1,0,29.83954,-3.86327
ETB10637,École 122-TAN,2018-2019,Tanger-Tétouan-Al Hoceïma,TAN,Ouazzane,Urbain,Public,Primaire,31,325,1990,0,1,1,1,1,29.79974,-10.38416
ETB10638,Université 94-CAS,2022-2023,Casablanca-Settat,CAS,Khouribga,Rural,Public,Supérieur,19,1500,1969,1,0,0,1,0,27.8181,-7.91471
ETB10639,Jardin 416-SOU,2019-2020,Souss-Massa,SOU,Agadir-Ida-Ou-Tanane,Urbain,Public,Préscolaire,4,77,2008,1,0,0,0,0,29.42126,-7.67244
ETB10640,OFPPT 454-MAR,2021-2022,Marrakech-Safi,MAR,Al Haouz,Urbain,Public,Formation Professionnelle,8,335,1960,0,0,1,1,0,33.09348,-11.32983
ETB10641,École 262-RAB,2016-2017,Rabat-Salé-Kénitra,RAB,Khémisset,Urbain,Public,Primaire,32,275,1994,0,1,0,1,0,32.88708,-2.12173
ETB10642,Collège 199-BMK,2023-2024,Béni Mellal-Khénifra,BMK,El Kelaa des Sraghna,Urbain,Public,Collégial,10,388,2015,0,0,0,0,0,35.8799,-2.55035
ETB10643,École 190-CAS,2023-2024,Casablanca-Settat,CAS,Sidi Bennour,Rural,Public,Primaire,20,333,2015,0,0,0,1,0,35.73704,-7.74243
ETB10644,École 175-BMK,2015-2016,Béni Mellal-Khénifra,BMK,El Kelaa des Sraghna,Urbain,Privé,Primaire,33,511,1983,0,0,1,0,1,34.50119,-8.40735
ETB10645,École 358-ORI,2018-2019,Oriental,ORI,Berkane,Rural,Public,Primaire,29,188,2003,0,0,0,1,0,29.66653,-1.2536
ETB10646,Lycée 256-CAS,2020-2021,Casablanca-Settat,CAS,Sidi Bennour,Rural,Public,Qualifiant,27,358,1972,1,1,1,1,0,28.31353,-2.33438
ETB10647,Lycée 362-MAR,2019-2020,Marrakech-Safi,MAR,Essaouira,Rural,Public,Qualifiant,15,390,1977,0,1,1,1,0,32.48711,-12.74749
ETB10648,Université 57-SOU,2017-2018,Souss-Massa,SOU,Tiznit,Urbain,Public,Supérieur,7,929,2020,0,0,1,1,0,29.80305,-8.30596
ETB10649,École 224-BMK,2021-2022,Béni Mellal-Khénifra,BMK,Fquih Ben Salah,Rural,Public,Primaire,28,260,1971,1,1,0,1,0,28.97352,-7.72513
ETB10650,École 76-TAN,2022-2023,Tanger-Tétouan-Al Hoceïma,TAN,Tétouan,Rural,Public,Primaire,14,361,1981,0,1,0,1,0,31.47328,-9.23316
ETB10651,Jardin 14-BMK,2019-2020,Béni Mellal-Khénifra,BMK,Fquih Ben Salah,Rural,Public,Préscolaire,14,67,2007,1,1,0,1,0,35.49144,-6.94963
ETB10652,Jardin 307-RAB,2017-2018,Rabat-Salé-Kénitra,RAB,Khémisset,Urbain,Public,Préscolaire,19,62,1972,1,0,0,1,0,28.21322,-10.06751
ETB10653,Jardin 185-RAB,2018-2019,Rabat-Salé-Kénitra,RAB,Rabat,Rural,Public,Préscolaire,22,59,2013,0,0,0,0,1,32.18805,-12.10616
ETB10654,École 426-ORI,2020-2021,Oriental,ORI,Figuig,Urbain,Public,Primaire,27,423,1970,0,0,0,0,0,33.9425,-6.90827
ETB10655,Lycée 275-TAN,2015-2016,Tanger-Tétouan-Al Hoceïma,TAN,Al Hoceïma,Urbain,Public,Qualifiant,7,477,1986,0,0,1,1,0,28.69843,-10.42672
ETB10656,Lycée 498-ORI,2018-2019,Oriental,ORI,Guercif,Rural,Public,Qualifiant,11,211,2000,0,0,1,1,1,32.32158,-13.13706
ETB10657,École 183-TAN,2015-2016,Tanger-Tétouan-Al Hoceïma,TAN,Fahs-Anjra,Urbain,Public,Primaire,24,242,1973,1,1,0,0,0,31.04085,-4.18893
ETB10658,Lycée 354-RAB,2018-2019,Rabat-Salé-Kénitra,RAB,Sidi Kacem,Urbain,Public,Qualifiant,3,447,1987,0,1,0,1,0,31.78583,-2.02684
ETB10659,Lycée 294-SOU,2023-2024,Souss-Massa,SOU,Chtouka-Ait Baha,Rural,Public,Qualifiant,12,552,1988,1,0,1,1,1,31.75599,-2.92407
ETB10660,École 313-BMK,2022-2023,Béni Mellal-Khénifra,BMK,Béni Mellal,Urbain,Privé,Primaire,30,420,1979,1,1,1,1,1,35.50463,-2.13391
ETB10661,Lycée 130-SOU,2023-2024,Souss-Massa,SOU,Tiznit,Urbain,Privé,Qualifiant,31,376,2005,0,0,0,0,0,27.8843,-2.67387
ETB10662,École 454-DAK,2019-2020,Dakhla-Oued Eddahab,DAK,Dakhla,Urbain,Public,Primaire,18,232,2013,0,0,1,1,0,30.36937,-6.86533
ETB10663,Jardin 197-RAB,2017-2018,Rabat-Salé-Kénitra,RAB,Rabat,Urbain,Public,Préscolaire,17,80,2019,0,0,1,1,0,31.12595,-7.84421
ETB10664,École 475-RAB,2022-2023,Rabat-Salé-Kénitra,RAB,Salé,Urbain,Public,Primaire,19,270,1970,1,0,1,0,0,32.50788,-5.19725
ETB10665,Collège 263-MAR,2015-2016,Marrakech-Safi,MAR,Safi,Urbain,Public,Collégial,16,502,2000,1,1,0,0,1,34.94238,-7.37697
ETB10666,OFPPT 415-MAR,2018-2019,Marrakech-Safi,MAR,El Kelaa des Sraghna,Rural,Public,Formation Professionnelle,11,262,1965,1,1,0,1,1,27.73192,-12.50507
ETB10667,OFPPT 380-BMK,2023-2024,Béni Mellal-Khénifra,BMK,Khouribga,Rural,Public,Formation Professionnelle,21,315,1986,0,0,0,0,0,35.75573,-9.7428
ETB10668,Jardin 497-CAS,2018-2019,Casablanca-Settat,CAS,Settat,Urbain,Public,Préscolaire,5,70,2000,0,1,1,1,1,33.71592,-4.72382
ETB10669,École 272-CAS,2015-2016,Casablanca-Settat,CAS,Sidi Bennour,Urbain,Public,Primaire,11,291,1987,1,0,1,1,0,30.43438,-11.52682
ETB10670,Collège 445-RAB,2017-2018,Rabat-Salé-Kénitra,RAB,Khémisset,Urbain,Privé,Collégial,14,393,1974,0,0,0,1,0,30.85642,-9.9423
ETB10671,Collège 366-ORI,2015-2016,Oriental,ORI,Figuig,Urbain,Public,Collégial,15,470,1979,1,1,0,0,1,32.40936,-5.27166
ETB10672,École 407-CAS,2018-2019,Casablanca-Settat,CAS,Casablanca,Urbain,Public,Primaire,17,321,1974,0,0,1,1,0,28.81178,-6.27768
ETB10673,École 397-TAN,2021-2022,Tanger-Tétouan-Al Hoceïma,TAN,Chefchaouen,Rural,Public,Primaire,9,324,2019,1,1,0,1,0,31.11378,-12.13987
ETB10674,École 178-ORI,2017-2018,Oriental,ORI,Guercif,Rural,Public,Primaire,25,229,1963,0,0,1,1,0,32.58358,-6.50125
ETB10675,École 213-FES,2021-2022,Fès-Meknès,FES,Taza,Rural,Public,Primaire,12,240,2004,1,0,1,1,0,30.80559,-6.46792
ETB10676,Collège 361-FES,2015-2016,Fès-Meknès,FES,Meknès,Urbain,Public,Collégial,29,555,2003,0,1,1,1,1,28.48308,-2.16329
ETB10677,École 133-TAN,2021-2022,Tanger-Tétouan-Al Hoceïma,TAN,Mdiq-Fnideq,Rural,Public,Primaire,27,283,2013,1,0,0,0,1,31.9886,-2.68201
ETB10678,Université 299-MAR,2019-2020,Marrakech-Safi,MAR,Safi,Rural,Public,Supérieur,18,2699,1969,0,0,1,1,1,33.20238,-13.06063
ETB10679,Université 52-RAB,2020-2021,Rabat-Salé-Kénitra,RAB,Salé,Urbain,Public,Supérieur,30,2859,1982,1,1,1,1,0,29.64779,-5.49475
ETB10680,École 136-MAR,2017-2018,Marrakech-Safi,MAR,Safi,Rural,Public,Primaire,30,246,1969,0,0,1,1,1,35.72895,-2.9303
ETB10681,École 442-TAN,2022-2023,Tanger-Tétouan-Al Hoceïma,TAN,Ouazzane,Rural,Public,Primaire,4,301,1989,0,0,0,0,0,31.19502,-5.14813
ETB10682,École 156-SOU,2015-2016,Souss-Massa,SOU,Tiznit,Urbain,Privé,Primaire,12,350,1990,1,1,0,1,0,35.1635,-4.63646
ETB10683,Lycée 414-MAR,2021-2022,Marrakech-Safi,MAR,Essaouira,Urbain,Public,Qualifiant,28,212,1979,0,1,1,1,0,31.66397,-2.20852
ETB10684,Collège 493-SOU,2022-2023,Souss-Massa,SOU,Tata,Rural,Public,Collégial,7,426,1989,1,1,1,1,1,31.68082,-8.92495
ETB10685,Lycée 476-RAB,2020-2021,Rabat-Salé-Kénitra,RAB,Rabat,Rural,Public,Qualifiant,11,347,1982,1,1,0,1,0,34.15542,-1.0665
ETB10686,Université 481-CAS,2021-2022,Casablanca-Settat,CAS,Settat,Urbain,Public,Supérieur,7,2504,1982,0,0,1,0,0,31.74006,-6.12539
ETB10687,École 168-CAS,2023-2024,Casablanca-Settat,CAS,Sidi Bennour,Urbain,Public,Primaire,9,230,2004,0,0,0,0,0,33.1515,-4.33544
ETB10688,Lycée 202-RAB,2019-2020,Rabat-Salé-Kénitra,RAB,Sidi Kacem,Urbain,Public,Qualifiant,3,483,1998,0,0,0,1,0,34.81116,-12.8614
ETB10689,Collège 93-RAB,2019-2020,Rabat-Salé-Kénitra,RAB,Khémisset,Urbain,Public,Collégial,13,524,2016,1,0,0,1,0,28.56274,-2.42293
ETB10690,Lycée 2-CAS,2021-2022,Casablanca-Settat,CAS,Sidi Bennour,Urbain,Public,Qualifiant,30,488,1989,1,0,0,1,1,32.52631,-7.32192
ETB10691,Jardin 193-DRA,2022-2023,Drâa-Tafilalet,DRA,Midelt,Rural,Public,Préscolaire,24,61,2012,0,0,1,1,1,35.6467,-7.97898
ETB10692,École 423-BMK,2022-2023,Béni Mellal-Khénifra,BMK,Fquih Ben Salah,Rural,Public,Primaire,12,310,1992,0,0,1,0,0,35.88702,-5.03222
ETB10693,Université 47-BMK,2018-2019,Béni Mellal-Khénifra,BMK,Fquih Ben Salah,Rural,Privé,Supérieur,31,2034,1997,1,0,0,1,1,35.5798,-10.80723
ETB10694,Collège 490-MAR,2018-2019,Marrakech-Safi,MAR,Safi,Rural,Public,Collégial,32,397,1991,0,0,1,0,1,31.9525,-9.47927
ETB10695,École 146-RAB,2019-2020,Rabat-Salé-Kénitra,RAB,Rabat,Urbain,Public,Primaire,7,239,1975,0,1,1,0,0,29.90443,-6.11037
ETB10696,Lycée 244-FES,2022-2023,Fès-Meknès,FES,Fès,Rural,Public,Qualifiant,33,401,1991,0,1,1,0,1,28.65472,-12.39118
ETB10697,Lycée 165-RAB,2016-2017,Rabat-Salé-Kénitra,RAB,Skhirate-Témara,Urbain,Public,Qualifiant,22,269,2015,0,1,0,0,1,35.50808,-3.65916
ETB10698,Collège 303-CAS,2022-2023,Casablanca-Settat,CAS,Settat,Rural,Public,Collégial,28,416,1976,0,0,1,1,0,29.85852,-2.03864
ETB10699,Lycée 378-MAR,2018-2019,Marrakech-Safi,MAR,Marrakech,Urbain,Public,Qualifiant,25,147,1967,1,0,1,0,0,31.81364,-2.74292
ETB10700,Lycée 105-DRA,2022-2023,Drâa-Tafilalet,DRA,Tinghir,Rural,Public,Qualifiant,20,97,1982,1,1,1,1,0,34.55477,-11.06308
ETB10701,École 443-TAN,2019-2020,Tanger-Tétouan-Al Hoceïma,TAN,Chefchaouen,Rural,Public,Primaire,20,366,1965,0,0,1,0,0,34.83042,-4.17073
ETB10702,Collège 224-ORI,2023-2024,Oriental,ORI,Oujda-Angad,Urbain,Public,Collégial,21,267,1978,1,0,0,1,0,35.61476,-12.43383
ETB10703,Collège 57-FES,2016-2017,Fès-Meknès,FES,El Hajeb,Urbain,Public,Collégial,22,377,1980,0,1,0,1,1,30.49815,-1.3766
ETB10704,Université 307-RAB,2015-2016,Rabat-Salé-Kénitra,RAB,Sidi Slimane,Rural,Public,Supérieur,19,2493,1994,1,1,0,1,1,31.23246,-10.43382
ETB10705,École 75-TAN,2022-2023,Tanger-Tétouan-Al Hoceïma,TAN,Chefchaouen,Rural,Privé,Primaire,15,369,1969,0,0,1,1,0,31.25602,-5.64591
ETB10706,Collège 122-MAR,2018-2019,Marrakech-Safi,MAR,Chichaoua,Urbain,Public,Collégial,9,502,1980,0,0,1,0,0,34.90485,-2.6354
ETB10707,École 399-DRA,2019-2020,Drâa-Tafilalet,DRA,Errachidia,Rural,Privé,Primaire,19,357,1987,1,1,0,1,1,30.25434,-5.65229
ETB10708,École 299-RAB,2023-2024,Rabat-Salé-Kénitra,RAB,Kénitra,Rural,Public,Primaire,10,282,1983,1,0,1,0,0,29.64505,-10.51728
ETB10709,École 299-ORI,2019-2020,Oriental,ORI,Driouch,Urbain,Public,Primaire,18,267,1987,1,0,1,1,0,27.96091,-1.68291
ETB10710,École 447-RAB,2022-2023,Rabat-Salé-Kénitra,RAB,Rabat,Rural,Public,Primaire,3,319,1984,1,0,1,1,1,29.51914,-6.66258
ETB10711,École 321-ORI,2015-2016,Oriental,ORI,Nador,Rural,Public,Primaire,18,388,1980,0,0,0,1,1,32.67934,-8.43836
ETB10712,École 358-ORI,2023-2024,Oriental,ORI,Berkane,Rural,Public,Primaire,23,267,1984,0,1,0,1,1,34.23036,-7.50763
ETB10713,École 79-GUE,2022-2023,Guelmim-Oued Noun,GUE,Guelmim,Urbain,Privé,Primaire,31,139,1979,0,0,1,1,0,35.22307,-10.56189
ETB10714,Jardin 6-MAR,2022-2023,Marrakech-Safi,MAR,Al Haouz,Urbain,Public,Préscolaire,26,53,1990,1,0,1,1,0,30.74971,-3.61298
ETB10715,École 385-CAS,2018-2019,Casablanca-Settat,CAS,El Jadida,Urbain,Public,Primaire,16,458,2019,1,0,1,1,0,34.22326,-9.67722
ETB10716,Lycée 378-CAS,2020-2021,Casablanca-Settat,CAS,Sidi Bennour,Urbain,Public,Qualifiant,34,231,1973,1,1,0,1,1,29.01802,-5.06028
ETB10717,OFPPT 208-BMK,2020-2021,Béni Mellal-Khénifra,BMK,Azilal,Urbain,Public,Formation Professionnelle,29,391,1963,1,0,1,0,1,30.18771,-4.43244
ETB10718,Lycée 417-FES,2016-2017,Fès-Meknès,FES,Taounate,Rural,Public,Qualifiant,27,121,1978,1,1,0,0,1,31.34901,-9.89781
ETB10719,École 223-SOU,2021-2022,Souss-Massa,SOU,Tiznit,Rural,Public,Primaire,13,228,2001,0,1,1,1,1,34.45229,-8.81328
ETB10720,École 311-MAR,2016-2017,Marrakech-Safi,MAR,Essaouira,Urbain,Public,Primaire,22,381,1973,1,1,1,1,1,28.60448,-5.29968
ETB10721,Lycée 191-MAR,2021-2022,Marrakech-Safi,MAR,Youssoufia,Urbain,Public,Qualifiant,4,310,1992,1,0,1,1,0,33.36347,-6.61097
ETB10722,École 357-TAN,2017-2018,Tanger-Tétouan-Al Hoceïma,TAN,Chefchaouen,Urbain,Privé,Primaire,7,327,1969,0,0,0,0,0,29.12535,-2.06568
ETB10723,Collège 122-FES,2020-2021,Fès-Meknès,FES,Meknès,Rural,Privé,Collégial,25,446,1989,0,1,0,0,0,29.50932,-13.09999
ETB10724,École 409-MAR,2020-2021,Marrakech-Safi,MAR,Al Haouz,Rural,Public,Primaire,15,458,1973,0,0,1,1,1,28.16217,-8.04349
ETB10725,Collège 438-BMK,2016-2017,Béni Mellal-Khénifra,BMK,Béni Mellal,Rural,Privé,Collégial,9,360,2006,0,0,1,1,0,34.07876,-1.60938
ETB10726,École 209-MAR,2023-2024,Marrakech-Safi,MAR,Youssoufia,Urbain,Privé,Primaire,28,442,1987,0,0,1,0,1,28.89998,-1.10545
ETB10727,École 406-MAR,2016-2017,Marrakech-Safi,MAR,Youssoufia,Urbain,Public,Primaire,11,272,1963,0,0,1,0,0,34.47027,-8.1014
ETB10728,Jardin 169-FES,2015-2016,Fès-Meknès,FES,El Hajeb,Urbain,Public,Préscolaire,4,60,2012,0,0,1,0,0,29.91824,-8.16388
ETB10729,Université 256-TAN,2022-2023,Tanger-Tétouan-Al Hoceïma,TAN,Fahs-Anjra,Urbain,Public,Supérieur,15,2298,1986,1,0,1,1,0,29.05599,-11.45013
ETB10730,École 21-TAN,2022-2023,Tanger-Tétouan-Al Hoceïma,TAN,Larache,Urbain,Public,Primaire,11,349,1965,1,0,0,0,1,31.5577,-6.51121
ETB10731,Collège 322-TAN,2018-2019,Tanger-Tétouan-Al Hoceïma,TAN,Mdiq-Fnideq,Rural,Public,Collégial,4,332,1987,1,0,0,1,0,29.50326,-7.01179
ETB10732,Université 288-RAB,2018-2019,Rabat-Salé-Kénitra,RAB,Kénitra,Rural,Public,Supérieur,4,2310,1979,0,0,0,0,0,28.10958,-10.06763
ETB10733,École 165-MAR,2018-2019,Marrakech-Safi,MAR,Marrakech,Rural,Public,Primaire,32,299,1974,0,1,1,1,1,32.79822,-6.46878
ETB10734,École 498-FES,2021-2022,Fès-Meknès,FES,Meknès,Urbain,Public,Primaire,23,437,2016,0,0,0,1,1,30.93963,-10.67314
ETB10735,Université 31-SOU,2022-2023,Souss-Massa,SOU,Agadir-Ida-Ou-Tanane,Urbain,Public,Supérieur,32,1541,2001,0,1,0,1,0,30.12291,-1.2025
ETB10736,Collège 330-BMK,2022-2023,Béni Mellal-Khénifra,BMK,Fquih Ben Salah,Urbain,Privé,Collégial,20,282,2002,0,0,1,0,0,27.95564,-6.55935
ETB10737,Collège 231-BMK,2016-2017,Béni Mellal-Khénifra,BMK,Khouribga,Rural,Public,Collégial,29,357,2018,1,1,0,1,1,29.54429,-4.78368
ETB10738,Collège 458-FES,2020-2021,Fès-Meknès,FES,Séfrou,Rural,Public,Collégial,26,430,1974,1,1,0,1,0,27.84443,-9.67035
ETB10739,École 341-RAB,2023-2024,Rabat-Salé-Kénitra,RAB,Khémisset,Urbain,Public,Primaire,32,309,2001,0,0,1,0,0,32.34579,-1.47987
ETB10740,École 494-TAN,2022-2023,Tanger-Tétouan-Al Hoceïma,TAN,Mdiq-Fnideq,Urbain,Public,Primaire,8,242,1995,1,0,0,1,1,27.87825,-12.52908
ETB10741,Collège 178-CAS,2020-2021,Casablanca-Settat,CAS,El Jadida,Urbain,Public,Collégial,24,355,2004,0,0,1,0,0,29.14911,-9.99653
ETB10742,École 201-RAB,2019-2020,Rabat-Salé-Kénitra,RAB,Kénitra,Urbain,Privé,Primaire,29,325,1969,1,0,0,0,0,28.42836,-12.15887
ETB10743,Collège 242-BMK,2016-2017,Béni Mellal-Khénifra,BMK,Fquih Ben Salah,Rural,Privé,Collégial,5,402,1964,1,1,0,0,0,30.51668,-9.35862
ETB10744,Université 495-FES,2015-2016,Fès-Meknès,FES,Taza,Urbain,Public,Supérieur,6,2807,1977,0,1,1,1,1,35.64705,-13.16215
ETB10745,École 468-DAK,2018-2019,Dakhla-Oued Eddahab,DAK,Dakhla,Urbain,Public,Primaire,22,306,1962,1,0,1,0,1,34.17134,-5.03607
ETB10746,Lycée 246-DRA,2020-2021,Drâa-Tafilalet,DRA,Tinghir,Rural,Public,Qualifiant,6,302,1986,0,0,0,1,0,34.65141,-3.25696
ETB10747,École 479-RAB,2023-2024,Rabat-Salé-Kénitra,RAB,Kénitra,Rural,Public,Primaire,27,131,2014,0,0,1,1,1,28.00721,-8.60143
ETB10748,École 362-TAN,2015-2016,Tanger-Tétouan-Al Hoceïma,TAN,Tétouan,Rural,Privé,Primaire,26,375,1991,0,0,0,1,0,30.29238,-13.02576
ETB10749,École 325-FES,2018-2019,Fès-Meknès,FES,Moulay Yacoub,Urbain,Public,Primaire,18,295,1999,0,0,0,0,1,32.09245,-1.75373
ETB10750,École 299-ORI,2022-2023,Oriental,ORI,Jerada,Urbain,Public,Primaire,3,414,1979,0,0,1,1,0,35.70388,-7.82592
ETB10751,Collège 315-CAS,2019-2020,Casablanca-Settat,CAS,Berrechid,Urbain,Public,Collégial,19,329,2018,0,1,1,0,0,28.40012,-7.65048
ETB10752,École 183-FES,2020-2021,Fès-Meknès,FES,Taza,Urbain,Public,Primaire,6,226,1978,0,1,1,1,1,31.32001,-11.11668
ETB10753,Lycée 337-MAR,2019-2020,Marrakech-Safi,MAR,Marrakech,Rural,Privé,Qualifiant,9,418,1991,0,1,0,0,0,33.3868,-12.22991
ETB10754,Jardin 238-GUE,2018-2019,Guelmim-Oued Noun,GUE,Guelmim,Urbain,Public,Préscolaire,14,60,1967,1,0,1,0,0,30.692,-7.17908
ETB10755,École 171-MAR,2020-2021,Marrakech-Safi,MAR,El Kelaa des Sraghna,Urbain,Privé,Primaire,26,273,1979,1,0,1,1,1,28.66639,-12.91577
ETB10756,Collège 72-MAR,2017-2018,Marrakech-Safi,MAR,El Kelaa des Sraghna,Urbain,Public,Collégial,11,448,2011,1,0,1,1,0,28.67982,-3.80364
ETB10757,Lycée 110-DRA,2017-2018,Drâa-Tafilalet,DRA,Ouarzazate,Urbain,Public,Qualifiant,11,360,1975,0,0,1,0,1,27.70466,-5.16288
ETB10758,École 39-RAB,2019-2020,Rabat-Salé-Kénitra,RAB,Sidi Slimane,Rural,Public,Primaire,25,341,1984,0,0,1,0,1,29.31993,-6.93662
ETB10759,Collège 50-SOU,2022-2023,Souss-Massa,SOU,Agadir-Ida-Ou-Tanane,Urbain,Privé,Collégial,18,545,1979,1,0,1,0,1,28.41724,-8.57838
ETB10760,Université 56-SOU,2021-2022,Souss-Massa,SOU,Inezgane-Ait Melloul,Urbain,Public,Supérieur,22,2105,2008,1,1,0,1,1,35.58402,-12.46213
ETB10761,École 144-RAB,2019-2020,Rabat-Salé-Kénitra,RAB,Sidi Kacem,Urbain,Public,Primaire,23,314,1983,0,0,1,0,1,27.878,-6.84849
ETB10762,Jardin 11-CAS,2023-2024,Casablanca-Settat,CAS,Mohammadia,Rural,Public,Préscolaire,33,89,1980,1,1,1,1,1,32.26911,-5.81472
ETB10763,Collège 98-MAR,2017-2018,Marrakech-Safi,MAR,El Kelaa des Sraghna,Urbain,Privé,Collégial,25,547,1967,1,0,1,1,0,34.31424,-12.73863
ETB10764,Lycée 92-FES,2021-2022,Fès-Meknès,FES,Meknès,Urbain,Privé,Qualifiant,9,419,1969,1,1,1,1,0,27.88982,-12.79889
ETB10765,École 342-ORI,2021-2022,Oriental,ORI,Berkane,Urbain,Public,Primaire,7,323,1993,1,0,1,1,1,33.57761,-3.60391
ETB10766,Collège 175-DAK,2020-2021,Dakhla-Oued Eddahab,DAK,Aousserd,Urbain,Public,Collégial,13,647,2014,1,0,0,0,0,27.96131,-10.60197
ETB10767,École 309-SOU,2019-2020,Souss-Massa,SOU,Chtouka-Ait Baha,Rural,Public,Primaire,8,267,1997,1,0,0,1,0,35.72077,-10.58274
ETB10768,Collège 264-FES,2020-2021,Fès-Meknès,FES,El Hajeb,Rural,Public,Collégial,26,458,1979,0,1,1,1,0,33.31457,-6.46067
ETB10769,Collège 48-SOU,2019-2020,Souss-Massa,SOU,Agadir-Ida-Ou-Tanane,Urbain,Public,Collégial,15,499,1961,1,1,0,1,1,30.75827,-2.41258
ETB10770,École 167-CAS,2017-2018,Casablanca-Settat,CAS,El Jadida,Rural,Privé,Primaire,3,210,2007,0,1,1,1,0,28.18557,-1.70018
ETB10771,Collège 165-FES,2015-2016,Fès-Meknès,FES,Boulemane,Urbain,Public,Collégial,19,390,1982,1,0,1,1,1,33.95116,-12.91137
ETB10772,École 389-ORI,2017-2018,Oriental,ORI,Berkane,Urbain,Privé,Primaire,32,546,2002,0,0,1,1,0,30.67869,-10.78376
ETB10773,Collège 19-GUE,2021-2022,Guelmim-Oued Noun,GUE,Assa-Zag,Urbain,Public,Collégial,34,461,1982,0,0,1,0,0,28.40559,-1.56592
ETB10774,École 30-CAS,2017-2018,Casablanca-Settat,CAS,Casablanca,Urbain,Public,Primaire,9,335,1999,0,1,0,0,0,35.30024,-5.53708
ETB10775,École 58-DRA,2016-2017,Drâa-Tafilalet,DRA,Zagora,Rural,Public,Primaire,22,319,2002,0,0,0,0,1,29.44516,-1.26746
ETB10776,Université 270-RAB,2019-2020,Rabat-Salé-Kénitra,RAB,Kénitra,Urbain,Public,Supérieur,33,1397,1980,1,0,1,1,1,31.03172,-12.0004
ETB10777,École 115-RAB,2019-2020,Rabat-Salé-Kénitra,RAB,Khémisset,Rural,Public,Primaire,14,288,2013,0,0,1,0,1,35.32952,-9.53118
ETB10778,Collège 450-TAN,2015-2016,Tanger-Tétouan-Al Hoceïma,TAN,Tétouan,Rural,Public,Collégial,23,474,1990,1,0,1,1,0,31.39033,-13.17674
ETB10779,Lycée 300-RAB,2019-2020,Rabat-Salé-Kénitra,RAB,Khémisset,Rural,Public,Qualifiant,30,325,1992,0,0,1,0,0,35.18693,-9.54746
ETB10780,Collège 339-FES,2021-2022,Fès-Meknès,FES,Taounate,Urbain,Public,Collégial,12,493,2018,1,1,0,0,0,35.79686,-1.05103
ETB10781,Collège 250-BMK,2023-2024,Béni Mellal-Khénifra,BMK,El Kelaa des Sraghna,Rural,Public,Collégial,3,304,1969,0,0,1,1,0,33.479,-3.66151
ETB10782,Collège 133-CAS,2023-2024,Casablanca-Settat,CAS,Berrechid,Rural,Public,Collégial,8,503,2011,0,0,1,1,0,32.88716,-4.67461
ETB10783,École 241-CAS,2021-2022,Casablanca-Settat,CAS,Berrechid,Urbain,Public,Primaire,4,412,1997,0,1,0,1,0,31.10246,-9.83042
ETB10784,École 219-RAB,2017-2018,Rabat-Salé-Kénitra,RAB,Rabat,Rural,Public,Primaire,34,309,2004,0,1,1,0,1,30.10031,-2.85632
ETB10785,École 450-TAN,2022-2023,Tanger-Tétouan-Al Hoceïma,TAN,Mdiq-Fnideq,Urbain,Public,Primaire,29,241,1964,0,1,0,1,0,32.00593,-3.8401
ETB10786,École 39-SOU,2020-2021,Souss-Massa,SOU,Agadir-Ida-Ou-Tanane,Rural,Public,Primaire,33,296,1978,1,1,1,0,1,31.97604,-3.96361
ETB10787,Lycée 192-FES,2018-2019,Fès-Meknès,FES,Séfrou,Urbain,Public,Qualifiant,14,299,1989,1,0,1,0,0,29.52535,-7.0517
ETB10788,Lycée 92-BMK,2015-2016,Béni Mellal-Khénifra,BMK,Azilal,Rural,Public,Qualifiant,24,226,1987,1,1,1,0,1,32.00365,-9.53848
ETB10789,École 382-ORI,2015-2016,Oriental,ORI,Berkane,Urbain,Public,Primaire,23,445,2007,1,1,1,0,1,29.85377,-1.96779
ETB10790,École 419-RAB,2023-2024,Rabat-Salé-Kénitra,RAB,Sidi Slimane,Urbain,Public,Primaire,24,224,1983,1,0,1,1,0,28.14872,-8.22575
ETB10791,École 187-CAS,2023-2024,Casablanca-Settat,CAS,Khouribga,Urbain,Public,Primaire,22,452,2006,0,1,1,0,0,28.91152,-3.25399
ETB10792,Lycée 382-MAR,2023-2024,Marrakech-Safi,MAR,El Kelaa des Sraghna,Rural,Privé,Qualifiant,5,455,2010,1,0,0,1,1,33.13136,-1.80441
ETB10793,École 415-CAS,2022-2023,Casablanca-Settat,CAS,Casablanca,Rural,Public,Primaire,30,437,1965,0,1,0,1,1,34.09563,-2.52331
ETB10794,Collège 229-TAN,2023-2024,Tanger-Tétouan-Al Hoceïma,TAN,Al Hoceïma,Rural,Privé,Collégial,9,412,1994,0,1,1,0,0,32.10106,-11.79353
ETB10795,OFPPT 439-FES,2019-2020,Fès-Meknès,FES,Meknès,Rural,Public,Formation Professionnelle,23,237,1965,0,1,0,1,0,33.20456,-6.18947
ETB10796,École 394-ORI,2019-2020,Oriental,ORI,Berkane,Urbain,Public,Primaire,6,259,1994,1,0,1,1,0,32.95583,-8.41712
ETB10797,Collège 167-ORI,2023-2024,Oriental,ORI,Oujda-Angad,Urbain,Public,Collégial,20,482,2016,1,0,0,0,1,35.09617,-6.19814
ETB10798,Collège 381-DRA,2020-2021,Drâa-Tafilalet,DRA,Errachidia,Rural,Privé,Collégial,12,404,2010,1,1,0,1,1,34.59798,-5.88347
ETB10799,Université 444-FES,2016-2017,Fès-Meknès,FES,Moulay Yacoub,Urbain,Public,Supérieur,4,2107,1969,1,0,0,1,1,29.17653,-1.20483
ETB10800,Lycée 415-CAS,2022-2023,Casablanca-Settat,CAS,Casablanca,Urbain,Public,Qualifiant,19,493,1980,0,1,0,0,1,30.43852,-6.56214
ETB10801,École 32-MAR,2023-2024,Marrakech-Safi,MAR,Chichaoua,Urbain,Public,Primaire,7,337,2008,0,1,1,1,1,32.20757,-12.8533
ETB10802,Collège 97-MAR,2020-2021,Marrakech-Safi,MAR,Youssoufia,Urbain,Public,Collégial,5,690,1974,0,1,1,1,1,28.82371,-7.93101
ETB10803,Collège 292-DRA,2015-2016,Drâa-Tafilalet,DRA,Zagora,Rural,Public,Collégial,12,370,1968,1,0,1,1,0,29.15822,-12.76122
ETB10804,Lycée 5-SOU,2020-2021,Souss-Massa,SOU,Taroudannt,Rural,Public,Qualifiant,18,300,1993,1,1,1,1,1,28.23151,-9.31591
ETB10805,Lycée 50-DRA,2016-2017,Drâa-Tafilalet,DRA,Tinghir,Rural,Privé,Qualifiant,33,265,1987,1,0,0,1,1,27.81442,-11.63432
ETB10806,École 266-RAB,2019-2020,Rabat-Salé-Kénitra,RAB,Rabat,Urbain,Public,Primaire,7,320,1980,1,1,1,1,1,29.62676,-5.40101
ETB10807,Collège 308-SOU,2015-2016,Souss-Massa,SOU,Chtouka-Ait Baha,Urbain,Public,Collégial,5,568,1963,0,1,1,1,0,27.94992,-2.19991
ETB10808,École 464-MAR,2021-2022,Marrakech-Safi,MAR,Safi,Rural,Privé,Primaire,12,395,1973,0,1,1,1,0,30.98867,-5.62086
ETB10809,Lycée 255-ORI,2019-2020,Oriental,ORI,Taourirt,Urbain,Public,Qualifiant,5,541,1995,0,1,0,0,0,34.64776,-7.06424
ETB10810,École 370-CAS,2019-2020,Casablanca-Settat,CAS,Mohammadia,Urbain,Public,Primaire,31,410,2000,1,0,1,0,1,29.91786,-2.41344
ETB10811,Collège 390-TAN,2018-2019,Tanger-Tétouan-Al Hoceïma,TAN,Chefchaouen,Urbain,Public,Collégial,12,417,1969,0,1,1,1,1,29.17018,-12.48858
ETB10812,Collège 248-MAR,2019-2020,Marrakech-Safi,MAR,Safi,Rural,Public,Collégial,12,494,1996,0,0,1,1,0,29.34481,-9.56198
ETB10813,École 70-FES,2015-2016,Fès-Meknès,FES,Ifrane,Rural,Public,Primaire,11,416,1977,0,0,0,0,0,35.86308,-3.91476
ETB10814,École 108-MAR,2019-2020,Marrakech-Safi,MAR,Essaouira,Urbain,Public,Primaire,24,266,2015,1,0,0,1,1,28.56851,-12.70847
ETB10815,École 401-ORI,2023-2024,Oriental,ORI,Berkane,Rural,Privé,Primaire,31,242,1994,1,0,1,1,0,29.6701,-10.80411
ETB10816,Lycée 493-CAS,2023-2024,Casablanca-Settat,CAS,Casablanca,Rural,Privé,Qualifiant,22,407,1963,0,1,1,1,0,29.33456,-2.21656
ETB10817,École 429-ORI,2017-2018,Oriental,ORI,Driouch,Rural,Privé,Primaire,13,309,2018,1,1,1,0,0,32.34581,-10.85213
ETB10818,Collège 344-RAB,2020-2021,Rabat-Salé-Kénitra,RAB,Salé,Rural,Public,Collégial,22,514,1999,0,0,1,1,1,27.8233,-3.30732
ETB10819,Collège 52-TAN,2017-2018,Tanger-Tétouan-Al Hoceïma,TAN,Al Hoceïma,Urbain,Public,Collégial,31,350,1974,1,1,1,1,1,30.12922,-5.50555
ETB10820,École 19-SOU,2018-2019,Souss-Massa,SOU,Inezgane-Ait Melloul,Urbain,Public,Primaire,5,331,1985,1,1,0,0,1,34.20224,-4.87548
ETB10821,Jardin 377-LAA,2017-2018,Laâyoune-Sakia El Hamra,LAA,Boujdour,Urbain,Public,Préscolaire,19,54,2020,1,0,0,0,0,30.74912,-10.98466
ETB10822,Jardin 119-MAR,2019-2020,Marrakech-Safi,MAR,Chichaoua,Urbain,Public,Préscolaire,3,54,1988,0,0,0,1,0,34.09498,-10.67501
ETB10823,OFPPT 259-CAS,2019-2020,Casablanca-Settat,CAS,Casablanca,Urbain,Privé,Formation Professionnelle,20,302,2013,0,0,0,1,1,32.99151,-7.92369
ETB10824,Jardin 335-CAS,2019-2020,Casablanca-Settat,CAS,Berrechid,Rural,Public,Préscolaire,4,31,1987,1,0,0,1,0,28.72576,-2.16759
ETB10825,École 116-TAN,2015-2016,Tanger-Tétouan-Al Hoceïma,TAN,Fahs-Anjra,Rural,Public,Primaire,31,278,1990,1,0,1,1,1,35.37225,-2.85491
ETB10826,Collège 451-SOU,2022-2023,Souss-Massa,SOU,Taroudannt,Urbain,Public,Collégial,13,398,1984,1,0,0,1,0,32.52187,-10.09683
ETB10827,École 268-RAB,2018-2019,Rabat-Salé-Kénitra,RAB,Sidi Kacem,Rural,Public,Primaire,25,335,2017,0,1,0,0,0,29.46509,-3.27115
ETB10828,Lycée 128-RAB,2018-2019,Rabat-Salé-Kénitra,RAB,Salé,Rural,Public,Qualifiant,20,291,1982,0,0,1,0,1,35.75731,-3.91558
ETB10829,École 488-BMK,2019-2020,Béni Mellal-Khénifra,BMK,Béni Mellal,Urbain,Privé,Primaire,28,326,2013,0,1,1,1,1,30.86623,-5.81509
ETB10830,Collège 403-BMK,2017-2018,Béni Mellal-Khénifra,BMK,Azilal,Urbain,Public,Collégial,8,310,1989,0,0,1,1,1,28.95491,-4.20164
ETB10831,Collège 142-DRA,2016-2017,Drâa-Tafilalet,DRA,Ouarzazate,Urbain,Public,Collégial,15,420,2013,0,0,1,1,0,34.35793,-5.5552
ETB10832,École 56-MAR,2020-2021,Marrakech-Safi,MAR,Al Haouz,Urbain,Public,Primaire,22,132,1961,0,1,1,0,0,34.25756,-8.09343
ETB10833,Collège 105-LAA,2015-2016,Laâyoune-Sakia El Hamra,LAA,Tarfaya,Rural,Privé,Collégial,9,513,2001,0,0,1,0,0,30.86871,-2.87665
ETB10834,Jardin 489-SOU,2017-2018,Souss-Massa,SOU,Inezgane-Ait Melloul,Rural,Public,Préscolaire,22,33,2005,0,0,1,1,0,33.24093,-2.81482
ETB10835,École 352-RAB,2021-2022,Rabat-Salé-Kénitra,RAB,Khémisset,Urbain,Public,Primaire,28,268,1965,0,0,0,1,0,28.93619,-4.35893
ETB10836,École 166-CAS,2016-2017,Casablanca-Settat,CAS,Berrechid,Rural,Public,Primaire,9,294,1998,1,1,1,1,1,29.99685,-5.60785
ETB10837,Université 129-FES,2017-2018,Fès-Meknès,FES,El Hajeb,Urbain,Privé,Supérieur,32,2817,2019,0,0,1,0,1,33.31038,-3.47291
ETB10838,École 55-TAN,2016-2017,Tanger-Tétouan-Al Hoceïma,TAN,Al Hoceïma,Urbain,Public,Primaire,5,325,2009,1,0,0,1,0,30.90623,-9.78901
ETB10839,École 158-RAB,2015-2016,Rabat-Salé-Kénitra,RAB,Skhirate-Témara,Urbain,Public,Primaire,23,317,1981,1,1,1,1,1,34.29862,-8.94204
ETB10840,Collège 485-RAB,2019-2020,Rabat-Salé-Kénitra,RAB,Sidi Kacem,Urbain,Public,Collégial,16,546,1986,1,0,1,1,0,31.36358,-5.89572
ETB10841,Lycée 84-FES,2017-2018,Fès-Meknès,FES,Taza,Rural,Privé,Qualifiant,3,284,1960,0,0,0,0,0,35.84487,-3.61802
ETB10842,Collège 143-DRA,2015-2016,Drâa-Tafilalet,DRA,Tinghir,Urbain,Privé,Collégial,22,461,2001,0,1,1,0,0,31.93839,-1.86998
ETB10843,École 368-CAS,2015-2016,Casablanca-Settat,CAS,Berrechid,Urbain,Public,Primaire,8,255,2013,0,0,0,1,0,28.59827,-9.10075
ETB10844,École 12-ORI,2023-2024,Oriental,ORI,Jerada,Urbain,Public,Primaire,11,72,1967,0,0,0,1,0,29.8732,-5.25983
ETB10845,Université 292-BMK,2017-2018,Béni Mellal-Khénifra,BMK,Khouribga,Urbain,Public,Supérieur,18,3413,1967,0,0,1,1,1,33.37133,-6.03834
ETB10846,École 378-ORI,2018-2019,Oriental,ORI,Berkane,Rural,Public,Primaire,27,246,2000,0,0,0,1,0,32.31515,-10.37781
ETB10847,École 303-CAS,2023-2024,Casablanca-Settat,CAS,Benslimane,Rural,Public,Primaire,12,240,1996,0,0,0,0,0,30.05696,-6.82368
ETB10848,Collège 246-CAS,2021-2022,Casablanca-Settat,CAS,Berrechid,Urbain,Public,Collégial,17,419,1989,0,0,1,1,1,28.7634,-5.95004
ETB10849,École 255-CAS,2021-2022,Casablanca-Settat,CAS,Sidi Bennour,Urbain,Public,Primaire,14,204,2006,0,1,0,1,1,29.02862,-4.673
ETB10850,Collège 137-DAK,2022-2023,Dakhla-Oued Eddahab,DAK,Dakhla,Rural,Public,Collégial,27,278,2019,0,0,0,1,1,32.549,-3.07155
ETB10851,Collège 456-DAK,2022-2023,Dakhla-Oued Eddahab,DAK,Dakhla,Rural,Public,Collégial,23,291,2000,0,0,1,0,0,28.72193,-2.44645
ETB10852,Lycée 219-BMK,2015-2016,Béni Mellal-Khénifra,BMK,Azilal,Urbain,Privé,Qualifiant,14,331,1975,0,0,1,1,1,33.79703,-9.70418
ETB10853,Lycée 186-CAS,2020-2021,Casablanca-Settat,CAS,Settat,Urbain,Public,Qualifiant,22,236,1967,1,0,0,1,0,31.2019,-1.54563
ETB10854,École 216-RAB,2015-2016,Rabat-Salé-Kénitra,RAB,Sidi Slimane,Urbain,Public,Primaire,25,390,2021,0,0,1,0,0,30.79729,-8.68806
ETB10855,École 385-CAS,2018-2019,Casablanca-Settat,CAS,Berrechid,Urbain,Public,Primaire,4,236,1960,1,0,1,0,0,29.40858,-5.71184
ETB10856,Lycée 42-TAN,2022-2023,Tanger-Tétouan-Al Hoceïma,TAN,Al Hoceïma,Urbain,Public,Qualifiant,33,383,1968,0,0,1,0,0,27.89116,-6.38373
ETB10857,École 178-DRA,2021-2022,Drâa-Tafilalet,DRA,Tinghir,Urbain,Public,Primaire,8,342,2008,0,0,1,1,0,30.39445,-1.66603
ETB10858,École 340-CAS,2015-2016,Casablanca-Settat,CAS,El Jadida,Urbain,Public,Primaire,7,375,2018,0,0,1,0,1,34.28448,-5.12388
ETB10859,École 243-FES,2020-2021,Fès-Meknès,FES,Meknès,Rural,Public,Primaire,6,310,2020,0,0,0,0,1,30.49691,-3.2817
ETB10860,École 355-MAR,2017-2018,Marrakech-Safi,MAR,Essaouira,Urbain,Public,Primaire,12,318,2016,0,1,0,0,0,34.33798,-10.10974
ETB10861,Lycée 37-TAN,2022-2023,Tanger-Tétouan-Al Hoceïma,TAN,Fahs-Anjra,Urbain,Public,Qualifiant,14,250,2001,1,0,0,1,1,34.80873,-4.02373
ETB10862,École 219-BMK,2015-2016,Béni Mellal-Khénifra,BMK,Khouribga,Rural,Public,Primaire,24,401,1986,1,0,1,0,1,32.30027,-9.72112
ETB10863,Lycée 231-TAN,2023-2024,Tanger-Tétouan-Al Hoceïma,TAN,Tanger-Assilah,Urbain,Public,Qualifiant,31,367,1971,1,0,1,0,1,33.39978,-4.89466
ETB10864,École 295-BMK,2022-2023,Béni Mellal-Khénifra,BMK,Khouribga,Rural,Privé,Primaire,20,255,1968,0,0,0,1,0,31.66216,-6.60055
ETB10865,Lycée 385-MAR,2023-2024,Marrakech-Safi,MAR,Safi,Rural,Privé,Qualifiant,7,609,1975,0,1,0,1,0,30.22324,-3.93086
ETB10866,Jardin 400-RAB,2019-2020,Rabat-Salé-Kénitra,RAB,Sidi Slimane,Rural,Public,Préscolaire,9,69,2017,1,0,1,1,0,29.39821,-9.88575
ETB10867,Jardin 421-CAS,2020-2021,Casablanca-Settat,CAS,Casablanca,Urbain,Public,Préscolaire,34,74,1996,0,0,0,0,1,30.4998,-13.07481
ETB10868,Lycée 202-FES,2018-2019,Fès-Meknès,FES,Meknès,Urbain,Public,Qualifiant,19,291,1987,0,1,0,0,0,31.32738,-1.89038
ETB10869,École 351-FES,2017-2018,Fès-Meknès,FES,Taza,Rural,Public,Primaire,5,373,2000,0,1,1,0,0,33.67741,-11.99551
ETB10870,École 234-MAR,2017-2018,Marrakech-Safi,MAR,Safi,Urbain,Public,Primaire,18,309,1994,1,1,0,0,1,33.44233,-4.45999
ETB10871,Collège 126-CAS,2017-2018,Casablanca-Settat,CAS,Settat,Urbain,Public,Collégial,9,238,2016,0,0,1,0,0,34.27135,-4.25239
ETB10872,Collège 111-FES,2019-2020,Fès-Meknès,FES,Séfrou,Rural,Public,Collégial,25,402,2002,0,1,0,1,1,32.19334,-6.23415
ETB10873,Collège 250-ORI,2015-2016,Oriental,ORI,Berkane,Rural,Public,Collégial,33,372,1965,0,1,1,1,1,34.48677,-8.75043
ETB10874,Collège 330-CAS,2022-2023,Casablanca-Settat,CAS,Casablanca,Rural,Public,Collégial,13,419,1991,1,0,0,0,0,30.51129,-12.84754
ETB10875,École 190-TAN,2016-2017,Tanger-Tétouan-Al Hoceïma,TAN,Fahs-Anjra,Urbain,Public,Primaire,6,299,2005,1,0,1,0,0,30.74624,-11.84599
ETB10876,Collège 343-BMK,2019-2020,Béni Mellal-Khénifra,BMK,Béni Mellal,Urbain,Public,Collégial,4,389,1979,0,1,1,1,0,29.56825,-10.38101
ETB10877,École 150-CAS,2021-2022,Casablanca-Settat,CAS,Casablanca,Rural,Public,Primaire,29,186,1993,1,0,0,1,0,31.21659,-12.26201
ETB10878,École 240-TAN,2017-2018,Tanger-Tétouan-Al Hoceïma,TAN,Mdiq-Fnideq,Rural,Public,Primaire,22,353,2007,0,1,0,0,0,31.74733,-7.30777
ETB10879,École 482-BMK,2023-2024,Béni Mellal-Khénifra,BMK,Béni Mellal,Urbain,Public,Primaire,24,322,1971,0,1,0,0,0,28.65208,-10.72765
ETB10880,École 407-CAS,2021-2022,Casablanca-Settat,CAS,Khouribga,Rural,Public,Primaire,13,382,1961,0,1,0,1,0,32.63731,-8.80527
ETB10881,École 176-CAS,2020-2021,Casablanca-Settat,CAS,Settat,Rural,Public,Primaire,17,174,1984,0,0,1,1,0,34.90758,-5.43905
ETB10882,Université 465-CAS,2018-2019,Casablanca-Settat,CAS,Sidi Bennour,Rural,Public,Supérieur,33,3093,1963,0,0,1,0,0,30.71681,-12.55563
ETB10883,École 127-CAS,2017-2018,Casablanca-Settat,CAS,El Jadida,Urbain,Privé,Primaire,31,390,2008,0,1,0,1,1,32.68196,-4.97413
ETB10884,Jardin 357-BMK,2020-2021,Béni Mellal-Khénifra,BMK,Khouribga,Urbain,Privé,Préscolaire,21,42,2011,1,0,1,1,0,33.94181,-13.16423
ETB10885,Lycée 33-CAS,2015-2016,Casablanca-Settat,CAS,Mohammadia,Rural,Public,Qualifiant,7,406,1976,1,1,1,1,1,29.47395,-4.77597
ETB10886,École 488-FES,2020-2021,Fès-Meknès,FES,El Hajeb,Urbain,Public,Primaire,16,367,1964,0,1,0,0,0,29.95626,-5.72843
ETB10887,Lycée 13-FES,2022-2023,Fès-Meknès,FES,El Hajeb,Rural,Privé,Qualifiant,17,368,1972,1,1,0,1,0,33.40176,-7.79665
ETB10888,Collège 380-TAN,2015-2016,Tanger-Tétouan-Al Hoceïma,TAN,Mdiq-Fnideq,Rural,Privé,Collégial,30,549,1960,1,0,1,1,1,32.47923,-1.43708
ETB10889,Collège 379-MAR,2017-2018,Marrakech-Safi,MAR,Chichaoua,Urbain,Privé,Collégial,4,657,2002,1,1,0,1,0,34.91228,-5.07984
ETB10890,École 294-MAR,2023-2024,Marrakech-Safi,MAR,Essaouira,Rural,Public,Primaire,7,348,1963,1,0,0,1,0,30.56511,-7.57424
ETB10891,École 346-BMK,2015-2016,Béni Mellal-Khénifra,BMK,El Kelaa des Sraghna,Urbain,Public,Primaire,22,281,1983,1,0,0,1,0,29.35981,-3.07537
ETB10892,École 389-BMK,2016-2017,Béni Mellal-Khénifra,BMK,Fquih Ben Salah,Urbain,Public,Primaire,32,312,2006,1,0,0,0,1,35.54913,-7.18608
ETB10893,École 300-MAR,2019-2020,Marrakech-Safi,MAR,Chichaoua,Urbain,Public,Primaire,29,401,2007,1,1,0,0,0,31.85554,-7.07624
ETB10894,École 112-ORI,2015-2016,Oriental,ORI,Taourirt,Urbain,Public,Primaire,30,312,1993,0,0,1,1,0,27.81322,-4.91061
ETB10895,Lycée 87-CAS,2017-2018,Casablanca-Settat,CAS,El Jadida,Urbain,Public,Qualifiant,33,373,2014,1,0,1,1,0,32.85102,-8.40373
ETB10896,Collège 460-RAB,2022-2023,Rabat-Salé-Kénitra,RAB,Salé,Rural,Public,Collégial,13,383,1986,1,0,0,1,1,34.28567,-13.14594
ETB10897,Collège 62-RAB,2016-2017,Rabat-Salé-Kénitra,RAB,Skhirate-Témara,Rural,Privé,Collégial,4,464,2020,0,0,0,1,0,31.15443,-11.08894
ETB10898,École 232-CAS,2020-2021,Casablanca-Settat,CAS,Khouribga,Urbain,Privé,Primaire,12,462,1989,0,1,1,0,1,34.6869,-7.28463
ETB10899,Collège 64-CAS,2015-2016,Casablanca-Settat,CAS,Settat,Urbain,Public,Collégial,9,466,2002,1,0,1,1,0,34.7367,-8.96249
ETB10900,École 131-MAR,2018-2019,Marrakech-Safi,MAR,Youssoufia,Urbain,Privé,Primaire,26,391,1979,0,0,1,1,1,28.32927,-4.62403
ETB10901,Lycée 100-GUE,2017-2018,Guelmim-Oued Noun,GUE,Assa-Zag,Rural,Public,Qualifiant,16,297,2014,1,0,1,1,0,34.93139,-11.80396
ETB10902,Jardin 262-SOU,2019-2020,Souss-Massa,SOU,Taroudannt,Urbain,Privé,Préscolaire,6,88,2000,1,0,1,0,0,27.99593,-3.73221
ETB10903,École 91-SOU,2015-2016,Souss-Massa,SOU,Taroudannt,Urbain,Public,Primaire,6,297,2007,1,0,1,1,0,32.19356,-1.99702
ETB10904,Jardin 3-CAS,2018-2019,Casablanca-Settat,CAS,Berrechid,Urbain,Public,Préscolaire,25,66,1986,1,1,1,0,0,35.24556,-7.55826
ETB10905,Collège 286-RAB,2022-2023,Rabat-Salé-Kénitra,RAB,Skhirate-Témara,Urbain,Public,Collégial,30,533,1971,0,0,0,0,1,31.06243,-4.36884
ETB10906,École 90-FES,2019-2020,Fès-Meknès,FES,Fès,Rural,Public,Primaire,15,281,1984,1,0,1,1,0,32.2371,-1.93973
ETB10907,Lycée 356-FES,2019-2020,Fès-Meknès,FES,Séfrou,Rural,Public,Qualifiant,33,630,2019,1,1,0,1,0,34.60364,-3.74759
ETB10908,Lycée 397-CAS,2017-2018,Casablanca-Settat,CAS,Casablanca,Urbain,Privé,Qualifiant,28,344,1973,1,1,0,1,0,28.47873,-10.53157
ETB10909,Université 356-CAS,2020-2021,Casablanca-Settat,CAS,Benslimane,Urbain,Privé,Supérieur,20,2545,1971,1,0,0,0,0,35.5526,-12.14589
ETB10910,Lycée 132-BMK,2020-2021,Béni Mellal-Khénifra,BMK,Azilal,Rural,Public,Qualifiant,25,254,1960,0,0,1,1,1,31.40368,-5.1989
ETB10911,Jardin 377-FES,2021-2022,Fès-Meknès,FES,Ifrane,Rural,Public,Préscolaire,23,67,1981,1,0,1,1,0,28.44926,-12.12363
ETB10912,Collège 444-RAB,2022-2023,Rabat-Salé-Kénitra,RAB,Rabat,Urbain,Public,Collégial,3,430,1996,0,1,0,0,0,27.78983,-7.01477
ETB10913,Collège 20-SOU,2015-2016,Souss-Massa,SOU,Agadir-Ida-Ou-Tanane,Rural,Public,Collégial,15,384,1970,1,1,0,0,0,29.91406,-1.71622
ETB10914,École 73-CAS,2018-2019,Casablanca-Settat,CAS,Sidi Bennour,Urbain,Public,Primaire,17,359,2017,1,1,0,1,0,33.94984,-2.36094
ETB10915,École 357-SOU,2019-2020,Souss-Massa,SOU,Tiznit,Rural,Public,Primaire,31,413,1985,0,0,1,0,0,33.82562,-12.87895
ETB10916,Jardin 369-BMK,2017-2018,Béni Mellal-Khénifra,BMK,Fquih Ben Salah,Urbain,Public,Préscolaire,11,43,1971,0,1,1,1,0,32.64177,-3.28388
ETB10917,Lycée 186-ORI,2022-2023,Oriental,ORI,Taourirt,Rural,Public,Qualifiant,13,330,1979,1,0,0,1,0,34.50024,-6.78909
ETB10918,École 366-BMK,2023-2024,Béni Mellal-Khénifra,BMK,Azilal,Rural,Public,Primaire,25,244,1966,1,1,1,1,0,30.09789,-1.10777
ETB10919,École 230-ORI,2015-2016,Oriental,ORI,Berkane,Urbain,Public,Primaire,16,206,1984,1,0,1,1,0,29.49168,-10.5496
ETB10920,École 34-RAB,2018-2019,Rabat-Salé-Kénitra,RAB,Kénitra,Urbain,Public,Primaire,5,495,2018,1,0,0,1,0,32.52365,-7.84799
ETB10921,École 288-CAS,2022-2023,Casablanca-Settat,CAS,El Jadida,Urbain,Public,Primaire,8,377,1986,0,0,1,0,0,33.39584,-2.23425
ETB10922,École 131-DRA,2018-2019,Drâa-Tafilalet,DRA,Zagora,Urbain,Privé,Primaire,20,173,1975,1,1,0,1,0,32.88299,-3.57946
ETB10923,Collège 164-MAR,2022-2023,Marrakech-Safi,MAR,El Kelaa des Sraghna,Rural,Public,Collégial,12,498,2001,1,1,1,0,1,33.95358,-9.32152
ETB10924,OFPPT 453-FES,2018-2019,Fès-Meknès,FES,Ifrane,Rural,Public,Formation Professionnelle,29,169,1985,1,1,1,0,1,32.8829,-12.07619
ETB10925,École 81-RAB,2018-2019,Rabat-Salé-Kénitra,RAB,Skhirate-Témara,Urbain,Public,Primaire,34,235,1962,1,1,1,0,0,32.35234,-8.07109
ETB10926,Lycée 433-FES,2015-2016,Fès-Meknès,FES,Fès,Urbain,Public,Qualifiant,13,391,1990,1,0,1,0,1,30.84519,-4.27161
ETB10927,École 10-CAS,2019-2020,Casablanca-Settat,CAS,Sidi Bennour,Urbain,Public,Primaire,16,378,2014,1,1,1,0,0,34.74066,-12.02964
ETB10928,Collège 83-MAR,2015-2016,Marrakech-Safi,MAR,Youssoufia,Urbain,Public,Collégial,7,542,1967,1,1,0,1,0,33.39383,-4.41143
ETB10929,École 44-ORI,2016-2017,Oriental,ORI,Berkane,Rural,Privé,Primaire,24,357,1968,0,1,0,1,0,34.70312,-6.91212
ETB10930,Lycée 281-BMK,2017-2018,Béni Mellal-Khénifra,BMK,El Kelaa des Sraghna,Urbain,Public,Qualifiant,20,433,2019,0,1,0,1,0,35.26137,-10.59128
ETB10931,Collège 90-GUE,2018-2019,Guelmim-Oued Noun,GUE,Sidi Ifni,Urbain,Privé,Collégial,25,508,1990,0,0,0,1,1,32.15593,-11.02403
ETB10932,Lycée 408-RAB,2020-2021,Rabat-Salé-Kénitra,RAB,Kénitra,Rural,Public,Qualifiant,27,469,1983,0,0,1,1,1,35.4074,-5.49197
ETB10933,OFPPT 445-MAR,2022-2023,Marrakech-Safi,MAR,El Kelaa des Sraghna,Rural,Public,Formation Professionnelle,16,279,1977,0,0,0,1,1,30.71673,-12.00795
ETB10934,École 334-CAS,2015-2016,Casablanca-Settat,CAS,Settat,Urbain,Public,Primaire,22,259,1961,0,1,1,0,0,30.80964,-1.58551
ETB10935,École 409-TAN,2017-2018,Tanger-Tétouan-Al Hoceïma,TAN,Ouazzane,Urbain,Privé,Primaire,24,354,1967,1,0,0,1,0,28.38349,-9.10613
ETB10936,École 99-MAR,2017-2018,Marrakech-Safi,MAR,Safi,Rural,Public,Primaire,27,455,1976,0,0,0,1,0,32.21903,-9.81197
ETB10937,École 398-TAN,2021-2022,Tanger-Tétouan-Al Hoceïma,TAN,Larache,Urbain,Public,Primaire,28,287,2014,0,1,1,1,0,32.6835,-9.89226
ETB10938,École 424-CAS,2016-2017,Casablanca-Settat,CAS,Sidi Bennour,Rural,Public,Primaire,11,322,1992,1,0,1,1,0,31.52904,-10.25304
ETB10939,Lycée 391-CAS,2023-2024,Casablanca-Settat,CAS,Benslimane,Rural,Public,Qualifiant,16,458,1997,0,0,0,1,1,28.2894,-5.28452
ETB10940,École 39-TAN,2016-2017,Tanger-Tétouan-Al Hoceïma,TAN,Larache,Rural,Public,Primaire,19,401,1980,1,0,1,1,1,34.68501,-9.8688
ETB10941,Lycée 328-SOU,2022-2023,Souss-Massa,SOU,Inezgane-Ait Melloul,Rural,Public,Qualifiant,4,490,2017,0,1,0,1,0,29.74156,-2.42499
ETB10942,Lycée 347-RAB,2019-2020,Rabat-Salé-Kénitra,RAB,Skhirate-Témara,Urbain,Public,Qualifiant,15,356,1996,0,1,1,0,1,34.9099,-8.7385
ETB10943,École 370-RAB,2015-2016,Rabat-Salé-Kénitra,RAB,Salé,Urbain,Public,Primaire,20,413,1977,1,0,1,1,1,31.87885,-10.91795
ETB10944,Collège 213-RAB,2016-2017,Rabat-Salé-Kénitra,RAB,Skhirate-Témara,Urbain,Public,Collégial,28,586,1989,1,0,0,1,1,30.47862,-1.69721
ETB10945,École 91-RAB,2023-2024,Rabat-Salé-Kénitra,RAB,Salé,Urbain,Public,Primaire,34,267,2002,1,0,0,0,0,35.04291,-11.11401
ETB10946,École 401-FES,2020-2021,Fès-Meknès,FES,Fès,Urbain,Public,Primaire,23,271,2006,0,1,0,1,1,28.02706,-6.64316
ETB10947,OFPPT 202-TAN,2018-2019,Tanger-Tétouan-Al Hoceïma,TAN,Fahs-Anjra,Urbain,Privé,Formation Professionnelle,33,451,1976,1,0,1,1,0,28.87484,-3.50728
ETB10948,Collège 41-BMK,2021-2022,Béni Mellal-Khénifra,BMK,Azilal,Urbain,Privé,Collégial,5,594,2016,1,0,0,1,0,32.74316,-10.26525
ETB10949,Lycée 365-CAS,2023-2024,Casablanca-Settat,CAS,Benslimane,Rural,Public,Qualifiant,22,314,1991,1,0,0,0,0,27.91855,-8.52198
ETB10950,Lycée 33-MAR,2020-2021,Marrakech-Safi,MAR,Safi,Rural,Public,Qualifiant,17,347,2020,0,0,0,1,0,34.86297,-8.39471
ETB10951,École 117-SOU,2017-2018,Souss-Massa,SOU,Tiznit,Urbain,Privé,Primaire,8,239,1973,1,0,1,0,0,27.99385,-11.77713
ETB10952,Collège 310-DRA,2018-2019,Drâa-Tafilalet,DRA,Tinghir,Urbain,Public,Collégial,15,264,1987,1,0,1,1,0,30.19564,-8.90621
ETB10953,École 267-FES,2019-2020,Fès-Meknès,FES,Ifrane,Urbain,Privé,Primaire,19,259,1966,1,0,0,0,1,31.08444,-8.34707
ETB10954,Collège 274-SOU,2022-2023,Souss-Massa,SOU,Agadir-Ida-Ou-Tanane,Urbain,Privé,Collégial,10,479,1964,1,0,1,1,1,35.17598,-1.8019
ETB10955,Collège 254-TAN,2018-2019,Tanger-Tétouan-Al Hoceïma,TAN,Larache,Urbain,Public,Collégial,15,596,2003,1,1,1,1,1,29.66185,-9.18342
ETB10956,Lycée 130-FES,2018-2019,Fès-Meknès,FES,El Hajeb,Urbain,Public,Qualifiant,11,133,2004,0,1,1,0,0,33.13221,-13.13156
ETB10957,École 172-RAB,2022-2023,Rabat-Salé-Kénitra,RAB,Sidi Kacem,Rural,Public,Primaire,3,294,1965,1,1,0,1,0,29.48395,-4.84614
ETB10958,Jardin 236-MAR,2015-2016,Marrakech-Safi,MAR,El Kelaa des Sraghna,Urbain,Public,Préscolaire,24,62,1999,0,0,1,1,1,35.21824,-2.89316
ETB10959,Collège 13-ORI,2020-2021,Oriental,ORI,Berkane,Urbain,Privé,Collégial,8,476,1967,1,0,0,1,0,30.27349,-9.98988
ETB10960,Université 68-RAB,2017-2018,Rabat-Salé-Kénitra,RAB,Kénitra,Urbain,Public,Supérieur,3,3009,2012,0,1,1,1,0,34.57627,-6.07629
ETB10961,École 163-FES,2022-2023,Fès-Meknès,FES,Taounate,Urbain,Privé,Primaire,19,385,2005,0,0,1,1,0,28.47228,-2.34498
ETB10962,Collège 344-BMK,2020-2021,Béni Mellal-Khénifra,BMK,Fquih Ben Salah,Rural,Privé,Collégial,4,319,1986,0,0,1,1,0,28.17437,-2.58768
ETB10963,Collège 73-RAB,2022-2023,Rabat-Salé-Kénitra,RAB,Sidi Slimane,Rural,Public,Collégial,30,616,1973,1,1,0,0,0,33.16815,-3.34516
ETB10964,Collège 156-MAR,2020-2021,Marrakech-Safi,MAR,Chichaoua,Urbain,Public,Collégial,28,604,1992,0,0,1,1,1,29.24368,-11.09445
ETB10965,École 399-BMK,2020-2021,Béni Mellal-Khénifra,BMK,Béni Mellal,Urbain,Privé,Primaire,5,335,1976,1,0,0,1,0,33.25886,-6.33036
ETB10966,École 114-TAN,2020-2021,Tanger-Tétouan-Al Hoceïma,TAN,Tétouan,Rural,Privé,Primaire,24,264,1973,1,0,1,1,0,34.58602,-5.47985
ETB10967,Jardin 261-CAS,2019-2020,Casablanca-Settat,CAS,Mohammadia,Urbain,Public,Préscolaire,9,28,2016,0,1,0,0,0,33.7416,-8.71352
ETB10968,Collège 287-TAN,2015-2016,Tanger-Tétouan-Al Hoceïma,TAN,Fahs-Anjra,Rural,Public,Collégial,26,478,2006,1,1,1,1,1,30.81688,-7.91559
ETB10969,Collège 435-MAR,2017-2018,Marrakech-Safi,MAR,El Kelaa des Sraghna,Rural,Privé,Collégial,27,345,2012,1,0,0,1,0,29.1732,-1.70195
ETB10970,École 51-CAS,2021-2022,Casablanca-Settat,CAS,Berrechid,Urbain,Public,Primaire,34,279,1966,0,1,1,1,1,33.37884,-3.64837
ETB10971,Université 461-TAN,2015-2016,Tanger-Tétouan-Al Hoceïma,TAN,Fahs-Anjra,Rural,Privé,Supérieur,29,2271,2011,1,0,1,1,0,34.06951,-11.70795
ETB10972,École 267-SOU,2021-2022,Souss-Massa,SOU,Tata,Urbain,Public,Primaire,24,261,2012,0,1,1,1,0,35.25893,-6.64208
ETB10973,École 33-SOU,2022-2023,Souss-Massa,SOU,Tiznit,Urbain,Public,Primaire,3,260,1971,1,1,0,1,1,29.01637,-7.3988
ETB10974,Collège 165-FES,2020-2021,Fès-Meknès,FES,Taounate,Urbain,Privé,Collégial,31,266,1975,0,0,1,1,0,31.18475,-2.35946
ETB10975,Lycée 54-MAR,2017-2018,Marrakech-Safi,MAR,Safi,Rural,Public,Qualifiant,5,440,2020,1,1,0,1,1,34.98239,-4.38957
ETB10976,Lycée 347-TAN,2016-2017,Tanger-Tétouan-Al Hoceïma,TAN,Ouazzane,Rural,Public,Qualifiant,11,341,1979,1,0,1,0,0,32.32761,-5.6052
ETB10977,Lycée 203-CAS,2023-2024,Casablanca-Settat,CAS,Casablanca,Urbain,Public,Qualifiant,24,364,1968,0,0,0,0,1,29.37082,-5.75932
ETB10978,Jardin 35-MAR,2022-2023,Marrakech-Safi,MAR,Safi,Urbain,Public,Préscolaire,15,84,1987,1,0,1,1,0,35.62655,-11.19678
ETB10979,École 349-CAS,2018-2019,Casablanca-Settat,CAS,Casablanca,Urbain,Public,Primaire,10,223,1983,1,0,0,1,1,29.60068,-9.26391
ETB10980,Collège 440-FES,2020-2021,Fès-Meknès,FES,El Hajeb,Urbain,Public,Collégial,29,394,2008,1,0,1,1,1,30.72378,-7.6824
ETB10981,École 369-DRA,2023-2024,Drâa-Tafilalet,DRA,Tinghir,Urbain,Privé,Primaire,4,351,1995,1,0,0,1,0,35.20521,-5.27323
ETB10982,Collège 131-RAB,2015-2016,Rabat-Salé-Kénitra,RAB,Skhirate-Témara,Rural,Public,Collégial,6,514,1962,1,1,0,1,0,30.1486,-5.13279
ETB10983,Collège 452-MAR,2019-2020,Marrakech-Safi,MAR,Al Haouz,Rural,Public,Collégial,27,402,1961,1,0,0,1,0,34.35664,-1.12567
ETB10984,Lycée 159-FES,2016-2017,Fès-Meknès,FES,El Hajeb,Urbain,Privé,Qualifiant,3,387,1970,1,0,1,0,0,30.11776,-3.91865
ETB10985,École 21-TAN,2020-2021,Tanger-Tétouan-Al Hoceïma,TAN,Tanger-Assilah,Urbain,Public,Primaire,34,122,1973,0,1,0,1,0,30.62517,-11.66113
ETB10986,Université 302-FES,2017-2018,Fès-Meknès,FES,Moulay Yacoub,Rural,Public,Supérieur,5,1791,1971,0,1,0,0,0,29.00144,-8.14741
ETB10987,OFPPT 268-FES,2019-2020,Fès-Meknès,FES,Boulemane,Rural,Public,Formation Professionnelle,12,339,1964,1,1,0,0,0,28.39378,-10.73071
ETB10988,École 375-CAS,2015-2016,Casablanca-Settat,CAS,El Jadida,Urbain,Public,Primaire,20,281,1996,1,1,0,1,0,32.36184,-3.22021
ETB10989,École 325-BMK,2016-2017,Béni Mellal-Khénifra,BMK,Béni Mellal,Rural,Privé,Primaire,16,304,1990,1,1,1,1,1,32.90142,-11.05515
ETB10990,École 220-SOU,2022-2023,Souss-Massa,SOU,Tata,Urbain,Public,Primaire,7,345,1992,0,0,0,1,0,29.3965,-7.41135
ETB10991,École 160-CAS,2020-2021,Casablanca-Settat,CAS,Berrechid,Rural,Public,Primaire,18,363,1978,0,0,0,0,1,33.93993,-5.41476
ETB10992,École 197-BMK,2016-2017,Béni Mellal-Khénifra,BMK,Azilal,Rural,Public,Primaire,32,257,1977,0,1,0,0,1,33.26888,-4.91867
ETB10993,Université 481-SOU,2016-2017,Souss-Massa,SOU,Chtouka-Ait Baha,Rural,Public,Supérieur,17,2288,2011,0,0,1,1,1,35.74563,-13.11181
ETB10994,École 168-FES,2017-2018,Fès-Meknès,FES,Séfrou,Urbain,Public,Primaire,30,244,1968,0,1,1,1,0,35.27865,-9.27024
ETB10995,École 115-MAR,2015-2016,Marrakech-Safi,MAR,Al Haouz,Urbain,Public,Primaire,15,332,2003,1,1,1,1,0,30.76586,-3.82801
ETB10996,École 290-DRA,2023-2024,Drâa-Tafilalet,DRA,Ouarzazate,Rural,Public,Primaire,25,197,2018,0,0,1,1,0,30.48031,-6.92005
ETB10997,Jardin 422-RAB,2018-2019,Rabat-Salé-Kénitra,RAB,Sidi Slimane,Urbain,Public,Préscolaire,33,67,2017,0,0,0,0,0,29.73567,-11.67011
ETB10998,Université 144-GUE,2021-2022,Guelmim-Oued Noun,GUE,Sidi Ifni,Urbain,Public,Supérieur,27,2144,1998,1,1,0,1,1,29.71495,-10.46988
ETB10999,Collège 270-ORI,2023-2024,Oriental,ORI,Figuig,Urbain,Public,Collégial,10,448,1983,0,0,1,1,0,31.2601,-11.83214
ETB11000,École 346-ORI,2015-2016,Oriental,ORI,Berkane,Rural,Public,Primaire,30,316,2015,0,1,0,1,0,30.75172,-3.15544
ETB11001,École 244-FES,2019-2020,Fès-Meknès,FES,Taza,Urbain,Public,Primaire,34,402,2013,1,0,1,1,0,35.22118,-2.56962
ETB11002,École 180-DRA,2021-2022,Drâa-Tafilalet,DRA,Midelt,Rural,Privé,Primaire,32,364,1969,0,1,0,0,0,33.52485,-5.18063
ETB11003,Lycée 50-SOU,2015-2016,Souss-Massa,SOU,Tiznit,Urbain,Public,Qualifiant,28,339,1996,1,0,1,0,0,35.64608,-10.13254
ETB11004,Université 40-SOU,2023-2024,Souss-Massa,SOU,Inezgane-Ait Melloul,Urbain,Privé,Supérieur,23,2605,2015,0,0,0,0,1,31.58404,-7.50452
ETB11005,École 38-CAS,2021-2022,Casablanca-Settat,CAS,Settat,Urbain,Public,Primaire,28,236,1985,0,0,1,0,0,32.41011,-4.41323
ETB11006,École 189-RAB,2019-2020,Rabat-Salé-Kénitra,RAB,Kénitra,Urbain,Public,Primaire,26,212,1992,0,1,0,1,0,28.17464,-3.82767
ETB11007,École 313-ORI,2018-2019,Oriental,ORI,Oujda-Angad,Urbain,Public,Primaire,34,438,2012,1,0,0,1,0,34.31166,-10.63847
ETB11008,Collège 333-RAB,2020-2021,Rabat-Salé-Kénitra,RAB,Khémisset,Urbain,Public,Collégial,19,383,1963,0,0,1,1,0,33.55708,-9.67669
ETB11009,OFPPT 168-SOU,2017-2018,Souss-Massa,SOU,Chtouka-Ait Baha,Rural,Public,Formation Professionnelle,30,295,2012,1,1,0,1,1,29.3078,-5.28239
ETB11010,Collège 129-DAK,2021-2022,Dakhla-Oued Eddahab,DAK,Aousserd,Urbain,Public,Collégial,28,457,1987,0,0,1,0,0,28.56581,-7.93692
ETB11011,École 450-RAB,2021-2022,Rabat-Salé-Kénitra,RAB,Skhirate-Témara,Rural,Privé,Primaire,22,429,2018,0,0,0,1,1,28.68752,-1.32174
ETB11012,École 451-MAR,2015-2016,Marrakech-Safi,MAR,Youssoufia,Rural,Public,Primaire,27,453,1987,0,0,1,0,1,32.84313,-6.80951
ETB11013,École 403-SOU,2020-2021,Souss-Massa,SOU,Inezgane-Ait Melloul,Urbain,Public,Primaire,16,306,1982,1,1,1,1,0,29.19112,-2.2808
ETB11014,École 419-TAN,2015-2016,Tanger-Tétouan-Al Hoceïma,TAN,Chefchaouen,Rural,Public,Primaire,29,278,1991,1,1,0,1,1,28.84203,-4.20897
ETB11015,Collège 181-SOU,2022-2023,Souss-Massa,SOU,Taroudannt,Rural,Privé,Collégial,17,307,1990,0,0,1,1,1,34.34331,-8.15684
ETB11016,Lycée 139-RAB,2023-2024,Rabat-Salé-Kénitra,RAB,Salé,Rural,Public,Qualifiant,23,303,1996,1,0,1,1,0,29.82327,-11.04462
ETB11017,Lycée 199-DRA,2022-2023,Drâa-Tafilalet,DRA,Midelt,Rural,Public,Qualifiant,16,384,1997,1,0,1,0,1,30.84849,-11.02221
ETB11018,OFPPT 362-CAS,2019-2020,Casablanca-Settat,CAS,Casablanca,Rural,Privé,Formation Professionnelle,14,206,2001,1,1,0,0,0,28.22937,-13.08098
ETB11019,Collège 166-TAN,2016-2017,Tanger-Tétouan-Al Hoceïma,TAN,Tétouan,Urbain,Public,Collégial,5,530,2015,1,0,0,0,0,30.78198,-3.0516
ETB11020,Lycée 104-ORI,2018-2019,Oriental,ORI,Berkane,Urbain,Public,Qualifiant,25,423,1972,1,0,0,1,0,31.88458,-5.98551
ETB11021,École 77-ORI,2018-2019,Oriental,ORI,Nador,Rural,Privé,Primaire,19,235,2012,1,1,0,1,0,32.79898,-5.30901
ETB11022,Collège 166-GUE,2019-2020,Guelmim-Oued Noun,GUE,Assa-Zag,Urbain,Privé,Collégial,11,438,1983,0,1,0,0,1,27.84214,-1.67216
ETB11023,OFPPT 17-RAB,2022-2023,Rabat-Salé-Kénitra,RAB,Skhirate-Témara,Urbain,Public,Formation Professionnelle,32,289,1993,1,0,0,0,0,34.69448,-3.90091
ETB11024,Lycée 162-BMK,2016-2017,Béni Mellal-Khénifra,BMK,Béni Mellal,Urbain,Public,Qualifiant,29,309,2009,0,0,1,1,0,27.91558,-6.39464
ETB11025,École 171-TAN,2020-2021,Tanger-Tétouan-Al Hoceïma,TAN,Fahs-Anjra,Rural,Public,Primaire,34,385,1988,0,1,0,0,1,28.6916,-5.403
ETB11026,École 366-GUE,2018-2019,Guelmim-Oued Noun,GUE,Sidi Ifni,Rural,Privé,Primaire,9,432,1982,0,0,0,1,0,34.30945,-12.59959
ETB11027,Lycée 332-SOU,2021-2022,Souss-Massa,SOU,Taroudannt,Urbain,Public,Qualifiant,16,379,1984,1,0,0,1,0,29.16525,-6.18989
ETB11028,École 360-DRA,2023-2024,Drâa-Tafilalet,DRA,Tinghir,Urbain,Privé,Primaire,34,356,1985,1,0,0,1,0,34.18027,-11.6628
ETB11029,École 8-CAS,2016-2017,Casablanca-Settat,CAS,Mohammadia,Rural,Public,Primaire,24,266,1963,1,0,1,1,1,31.41794,-10.73779
ETB11030,Collège 354-ORI,2017-2018,Oriental,ORI,Berkane,Rural,Public,Collégial,19,637,2016,0,0,1,1,0,33.57665,-4.88183
ETB11031,École 127-RAB,2022-2023,Rabat-Salé-Kénitra,RAB,Sidi Slimane,Urbain,Public,Primaire,10,319,1995,0,1,1,1,1,33.51083,-12.95085
ETB11032,École 329-FES,2018-2019,Fès-Meknès,FES,Taounate,Rural,Public,Primaire,9,504,1962,1,0,1,1,0,32.5015,-1.05594
ETB11033,Lycée 83-MAR,2016-2017,Marrakech-Safi,MAR,Chichaoua,Rural,Privé,Qualifiant,28,327,2016,1,0,1,1,1,28.51932,-4.68212
ETB11034,École 365-RAB,2015-2016,Rabat-Salé-Kénitra,RAB,Sidi Slimane,Urbain,Public,Primaire,26,353,1999,0,0,0,1,0,32.30288,-1.27247
ETB11035,Collège 490-MAR,2021-2022,Marrakech-Safi,MAR,Safi,Rural,Public,Collégial,16,405,1987,1,1,1,1,1,35.78086,-2.59815
ETB11036,Jardin 161-FES,2019-2020,Fès-Meknès,FES,Boulemane,Rural,Public,Préscolaire,9,55,2011,0,0,0,1,0,27.82191,-4.51014
ETB11037,École 206-TAN,2023-2024,Tanger-Tétouan-Al Hoceïma,TAN,Fahs-Anjra,Urbain,Public,Primaire,23,377,1988,1,1,1,1,1,35.71931,-2.44538
ETB11038,Université 206-DRA,2020-2021,Drâa-Tafilalet,DRA,Ouarzazate,Urbain,Public,Supérieur,4,2407,2008,0,1,1,0,0,30.75323,-13.05619
ETB11039,Collège 22-SOU,2021-2022,Souss-Massa,SOU,Chtouka-Ait Baha,Urbain,Public,Collégial,29,575,2006,1,0,0,1,1,32.69143,-6.72983
ETB11040,École 255-CAS,2017-2018,Casablanca-Settat,CAS,Mohammadia,Rural,Privé,Primaire,10,357,1989,0,1,1,1,1,35.47338,-9.84842
ETB11041,Collège 406-FES,2023-2024,Fès-Meknès,FES,Fès,Urbain,Public,Collégial,10,430,1963,1,0,0,1,0,32.94547,-7.11715
ETB11042,École 264-BMK,2020-2021,Béni Mellal-Khénifra,BMK,Fquih Ben Salah,Rural,Public,Primaire,13,400,1962,1,0,1,1,0,30.99559,-11.11096
ETB11043,École 203-SOU,2017-2018,Souss-Massa,SOU,Agadir-Ida-Ou-Tanane,Urbain,Public,Primaire,20,290,1986,0,1,0,1,0,29.8572,-1.49113
ETB11044,École 17-MAR,2015-2016,Marrakech-Safi,MAR,Al Haouz,Urbain,Public,Primaire,27,341,1988,1,1,1,0,1,33.19589,-2.49207
ETB11045,École 101-MAR,2017-2018,Marrakech-Safi,MAR,Chichaoua,Rural,Public,Primaire,33,260,2000,1,0,1,1,0,29.5057,-9.14577
ETB11046,Lycée 320-RAB,2023-2024,Rabat-Salé-Kénitra,RAB,Rabat,Rural,Public,Qualifiant,9,496,1960,1,0,1,1,1,30.17015,-2.21691
ETB11047,École 464-FES,2015-2016,Fès-Meknès,FES,Séfrou,Urbain,Public,Primaire,11,373,1998,0,1,0,1,0,28.80768,-11.95545
ETB11048,Collège 203-MAR,2019-2020,Marrakech-Safi,MAR,Essaouira,Rural,Public,Collégial,6,457,1997,0,0,1,0,1,30.2685,-10.4726
ETB11049,Université 326-CAS,2018-2019,Casablanca-Settat,CAS,Sidi Bennour,Rural,Public,Supérieur,23,2247,1960,1,0,1,1,0,35.55454,-4.72028
ETB11050,Lycée 455-BMK,2023-2024,Béni Mellal-Khénifra,BMK,Khouribga,Urbain,Privé,Qualifiant,27,456,1975,0,0,1,1,1,32.18344,-12.0322
ETB11051,École 361-BMK,2015-2016,Béni Mellal-Khénifra,BMK,Béni Mellal,Urbain,Public,Primaire,20,256,2013,1,1,0,1,0,28.79367,-1.99473
ETB11052,Collège 21-MAR,2019-2020,Marrakech-Safi,MAR,El Kelaa des Sraghna,Urbain,Public,Collégial,5,427,1972,0,1,1,1,1,35.6034,-12.41353
ETB11053,Collège 115-MAR,2021-2022,Marrakech-Safi,MAR,Safi,Rural,Public,Collégial,29,405,1972,1,0,0,1,0,34.58382,-1.23815
ETB11054,École 302-MAR,2022-2023,Marrakech-Safi,MAR,Al Haouz,Rural,Public,Primaire,25,257,2020,1,0,0,1,0,32.34663,-12.79819
ETB11055,Lycée 472-RAB,2016-2017,Rabat-Salé-Kénitra,RAB,Rabat,Urbain,Public,Qualifiant,31,422,1969,1,1,0,0,1,29.00734,-8.53409
ETB11056,Collège 260-MAR,2018-2019,Marrakech-Safi,MAR,Marrakech,Urbain,Public,Collégial,14,465,1975,0,0,1,0,1,35.18004,-13.14817
ETB11057,Lycée 486-TAN,2023-2024,Tanger-Tétouan-Al Hoceïma,TAN,Larache,Urbain,Public,Qualifiant,13,505,1995,0,1,0,1,1,33.0137,-3.77318
ETB11058,École 5-CAS,2019-2020,Casablanca-Settat,CAS,Settat,Urbain,Public,Primaire,13,341,1983,1,0,0,1,0,27.94193,-4.10602
ETB11059,École 207-TAN,2018-2019,Tanger-Tétouan-Al Hoceïma,TAN,Tanger-Assilah,Urbain,Public,Primaire,3,291,1975,1,1,0,0,1,27.97661,-13.19583
ETB11060,École 94-ORI,2020-2021,Oriental,ORI,Driouch,Urbain,Public,Primaire,34,317,1999,1,0,1,0,1,28.94267,-5.95955
ETB11061,Université 227-CAS,2017-2018,Casablanca-Settat,CAS,Berrechid,Urbain,Public,Supérieur,16,2517,1972,0,1,1,1,0,29.52741,-11.6734
ETB11062,École 361-SOU,2023-2024,Souss-Massa,SOU,Tiznit,Urbain,Public,Primaire,13,305,1973,0,0,0,1,0,31.85359,-7.50818
ETB11063,École 268-FES,2017-2018,Fès-Meknès,FES,Ifrane,Rural,Public,Primaire,19,430,2021,1,0,0,0,1,34.75407,-9.92272
ETB11064,Lycée 326-FES,2021-2022,Fès-Meknès,FES,Fès,Rural,Privé,Qualifiant,17,284,1980,0,1,1,1,0,28.7066,-8.20099
ETB11065,École 317-DRA,2018-2019,Drâa-Tafilalet,DRA,Midelt,Urbain,Privé,Primaire,10,435,2018,0,0,1,1,0,35.13686,-4.86456
ETB11066,Jardin 373-MAR,2019-2020,Marrakech-Safi,MAR,Youssoufia,Urbain,Public,Préscolaire,16,41,1964,0,0,1,1,0,34.23356,-12.36999
ETB11067,Lycée 200-TAN,2017-2018,Tanger-Tétouan-Al Hoceïma,TAN,Fahs-Anjra,Urbain,Privé,Qualifiant,26,478,1978,1,0,0,0,1,29.41992,-4.70542
ETB11068,OFPPT 347-SOU,2016-2017,Souss-Massa,SOU,Taroudannt,Rural,Public,Formation Professionnelle,33,213,1973,1,1,1,1,0,35.18192,-7.12355
ETB11069,OFPPT 235-FES,2017-2018,Fès-Meknès,FES,El Hajeb,Rural,Public,Formation Professionnelle,25,334,1967,1,0,0,0,0,35.89983,-9.24983
ETB11070,École 294-CAS,2016-2017,Casablanca-Settat,CAS,Mohammadia,Urbain,Public,Primaire,32,348,1960,0,1,1,1,0,30.85224,-9.81043
ETB11071,Lycée 78-RAB,2015-2016,Rabat-Salé-Kénitra,RAB,Rabat,Urbain,Public,Qualifiant,19,348,2014,0,0,1,1,1,27.83542,-6.91483
ETB11072,Lycée 59-RAB,2019-2020,Rabat-Salé-Kénitra,RAB,Sidi Kacem,Rural,Privé,Qualifiant,20,437,2009,0,0,1,1,1,31.58552,-6.73168
ETB11073,École 154-CAS,2021-2022,Casablanca-Settat,CAS,Settat,Rural,Privé,Primaire,26,285,2005,0,0,1,0,0,35.29389,-3.68961
ETB11074,Collège 35-SOU,2020-2021,Souss-Massa,SOU,Tiznit,Rural,Public,Collégial,5,544,1993,1,1,0,1,1,30.60499,-8.13023
ETB11075,École 248-TAN,2015-2016,Tanger-Tétouan-Al Hoceïma,TAN,Larache,Rural,Public,Primaire,18,294,2008,0,1,0,1,1,35.80062,-5.01069
ETB11076,École 281-DRA,2022-2023,Drâa-Tafilalet,DRA,Errachidia,Urbain,Public,Primaire,29,298,1998,1,0,1,1,0,32.74794,-9.26514
ETB11077,OFPPT 224-BMK,2019-2020,Béni Mellal-Khénifra,BMK,Azilal,Rural,Public,Formation Professionnelle,11,333,2002,0,0,0,0,1,29.14485,-13.12939
ETB11078,École 376-BMK,2023-2024,Béni Mellal-Khénifra,BMK,Fquih Ben Salah,Urbain,Privé,Primaire,25,304,1962,0,0,1,0,1,35.61787,-2.66429
ETB11079,École 324-CAS,2018-2019,Casablanca-Settat,CAS,Khouribga,Urbain,Public,Primaire,21,191,2010,1,0,0,1,1,34.31423,-8.97726
ETB11080,Collège 287-RAB,2017-2018,Rabat-Salé-Kénitra,RAB,Khémisset,Rural,Public,Collégial,32,217,2016,0,0,0,0,1,34.1522,-11.44118
ETB11081,OFPPT 259-BMK,2018-2019,Béni Mellal-Khénifra,BMK,Azilal,Urbain,Public,Formation Professionnelle,10,323,1986,0,1,1,1,0,27.87671,-1.74235
ETB11082,École 178-CAS,2021-2022,Casablanca-Settat,CAS,El Jadida,Rural,Privé,Primaire,21,427,1980,1,1,0,0,0,28.84325,-8.85075
ETB11083,Collège 273-ORI,2021-2022,Oriental,ORI,Oujda-Angad,Urbain,Public,Collégial,25,552,1997,1,0,1,1,1,34.10944,-10.60698
ETB11084,École 117-TAN,2022-2023,Tanger-Tétouan-Al Hoceïma,TAN,Tétouan,Urbain,Public,Primaire,23,263,1989,0,1,1,1,0,31.09874,-7.4695
ETB11085,École 17-RAB,2017-2018,Rabat-Salé-Kénitra,RAB,Sidi Slimane,Urbain,Public,Primaire,4,280,2013,1,0,0,0,0,30.48754,-8.15928
ETB11086,Jardin 390-TAN,2018-2019,Tanger-Tétouan-Al Hoceïma,TAN,Tanger-Assilah,Urbain,Privé,Préscolaire,28,54,2016,0,0,0,1,1,33.2182,-10.67096
ETB11087,Jardin 51-RAB,2022-2023,Rabat-Salé-Kénitra,RAB,Sidi Slimane,Rural,Public,Préscolaire,14,64,1968,1,0,0,1,0,29.24268,-7.95227
ETB11088,École 490-DRA,2020-2021,Drâa-Tafilalet,DRA,Zagora,Urbain,Public,Primaire,29,464,2011,0,1,1,1,0,32.3469,-2.4917
ETB11089,Université 380-RAB,2018-2019,Rabat-Salé-Kénitra,RAB,Salé,Urbain,Public,Supérieur,14,2641,1993,0,0,1,0,0,28.24422,-11.5262
ETB11090,Lycée 366-MAR,2020-2021,Marrakech-Safi,MAR,Safi,Urbain,Public,Qualifiant,28,283,1975,0,1,1,1,0,29.0726,-12.42496
ETB11091,Collège 220-MAR,2023-2024,Marrakech-Safi,MAR,Youssoufia,Urbain,Privé,Collégial,5,529,1984,1,0,1,1,0,32.15034,-13.17543
ETB11092,École 96-SOU,2020-2021,Souss-Massa,SOU,Inezgane-Ait Melloul,Rural,Public,Primaire,12,436,1960,1,1,1,1,0,27.86424,-8.49405
ETB11093,École 280-ORI,2015-2016,Oriental,ORI,Taourirt,Rural,Public,Primaire,27,287,1986,0,0,1,1,1,31.06913,-5.45231
ETB11094,Jardin 395-CAS,2016-2017,Casablanca-Settat,CAS,Casablanca,Rural,Public,Préscolaire,11,75,2010,1,0,0,1,1,34.92945,-8.03368
ETB11095,Collège 265-RAB,2016-2017,Rabat-Salé-Kénitra,RAB,Sidi Slimane,Rural,Public,Collégial,33,213,1978,1,0,1,1,0,33.07809,-3.73885
ETB11096,Collège 99-RAB,2023-2024,Rabat-Salé-Kénitra,RAB,Salé,Urbain,Public,Collégial,28,549,1982,1,0,1,1,0,35.72079,-11.1809
ETB11097,École 55-MAR,2016-2017,Marrakech-Safi,MAR,Safi,Urbain,Public,Primaire,5,188,2014,1,1,1,0,1,29.90694,-10.4205
ETB11098,OFPPT 76-CAS,2017-2018,Casablanca-Settat,CAS,Settat,Urbain,Public,Formation Professionnelle,22,276,2017,0,1,1,0,0,29.79863,-2.99904
ETB11099,École 492-ORI,2022-2023,Oriental,ORI,Taourirt,Urbain,Public,Primaire,8,328,1992,0,0,1,0,1,28.04764,-9.24755
ETB11100,École 290-MAR,2016-2017,Marrakech-Safi,MAR,Safi,Rural,Public,Primaire,31,434,1972,0,0,0,0,0,32.63003,-12.12317
ETB11101,École 261-FES,2016-2017,Fès-Meknès,FES,Séfrou,Urbain,Privé,Primaire,30,287,1966,0,1,1,1,1,29.01822,-12.88403
ETB11102,École 349-FES,2016-2017,Fès-Meknès,FES,Moulay Yacoub,Rural,Privé,Primaire,4,294,1972,0,1,1,1,0,33.01984,-8.53092
ETB11103,Lycée 140-BMK,2016-2017,Béni Mellal-Khénifra,BMK,Béni Mellal,Urbain,Privé,Qualifiant,17,386,2012,0,0,0,1,1,29.05745,-12.12536
ETB11104,Lycée 113-CAS,2019-2020,Casablanca-Settat,CAS,Sidi Bennour,Rural,Privé,Qualifiant,20,205,2004,1,1,1,0,0,32.45613,-3.45474
ETB11105,Collège 323-RAB,2015-2016,Rabat-Salé-Kénitra,RAB,Salé,Urbain,Privé,Collégial,10,560,2007,1,0,1,1,0,35.11697,-11.73563
ETB11106,École 369-CAS,2017-2018,Casablanca-Settat,CAS,El Jadida,Urbain,Public,Primaire,10,383,1996,1,0,0,1,0,30.52471,-10.03979
ETB11107,École 279-FES,2015-2016,Fès-Meknès,FES,Fès,Urbain,Privé,Primaire,21,319,1999,0,0,1,1,0,34.5585,-12.57611
ETB11108,École 130-MAR,2016-2017,Marrakech-Safi,MAR,Marrakech,Urbain,Public,Primaire,18,359,1977,0,1,0,1,0,32.08454,-12.39741
ETB11109,École 146-FES,2019-2020,Fès-Meknès,FES,Boulemane,Urbain,Privé,Primaire,4,332,1962,0,0,1,1,1,28.78383,-7.75269
ETB11110,École 396-MAR,2023-2024,Marrakech-Safi,MAR,El Kelaa des Sraghna,Urbain,Public,Primaire,23,387,1976,0,0,1,0,0,35.5789,-10.72528
ETB11111,École 446-TAN,2015-2016,Tanger-Tétouan-Al Hoceïma,TAN,Larache,Rural,Public,Primaire,4,303,1993,0,0,0,1,1,35.42402,-7.11355
ETB11112,Jardin 390-ORI,2016-2017,Oriental,ORI,Guercif,Urbain,Public,Préscolaire,22,63,1970,0,0,1,1,1,29.17516,-13.09704
ETB11113,École 407-GUE,2018-2019,Guelmim-Oued Noun,GUE,Assa-Zag,Urbain,Public,Primaire,27,347,1979,0,0,0,1,0,28.58038,-7.70691
ETB11114,Jardin 198-DRA,2019-2020,Drâa-Tafilalet,DRA,Errachidia,Rural,Public,Préscolaire,23,69,1987,0,0,0,1,1,35.09216,-8.04019
ETB11115,École 331-SOU,2022-2023,Souss-Massa,SOU,Inezgane-Ait Melloul,Urbain,Public,Primaire,28,172,1978,0,1,0,0,1,34.49482,-1.29823
ETB11116,Lycée 272-RAB,2017-2018,Rabat-Salé-Kénitra,RAB,Skhirate-Témara,Rural,Public,Qualifiant,8,334,2017,1,0,0,1,1,33.03012,-10.05318
ETB11117,OFPPT 368-SOU,2021-2022,Souss-Massa,SOU,Taroudannt,Urbain,Privé,Formation Professionnelle,33,354,1961,1,0,0,1,0,34.16254,-3.63695
ETB11118,Jardin 255-MAR,2016-2017,Marrakech-Safi,MAR,Marrakech,Rural,Public,Préscolaire,15,59,1960,1,0,0,1,1,32.7206,-9.09062
ETB11119,École 122-LAA,2016-2017,Laâyoune-Sakia El Hamra,LAA,Boujdour,Urbain,Public,Primaire,31,329,1992,1,0,0,1,1,29.82888,-6.20322
ETB11120,École 377-ORI,2016-2017,Oriental,ORI,Figuig,Rural,Public,Primaire,29,312,1978,1,0,1,0,0,27.79936,-6.60263
ETB11121,Collège 323-FES,2021-2022,Fès-Meknès,FES,Fès,Urbain,Public,Collégial,26,507,1976,0,0,1,1,1,32.81037,-8.0173
ETB11122,École 97-CAS,2019-2020,Casablanca-Settat,CAS,El Jadida,Urbain,Public,Primaire,21,256,1995,0,0,0,1,1,31.68474,-4.67557
ETB11123,Lycée 467-RAB,2018-2019,Rabat-Salé-Kénitra,RAB,Sidi Slimane,Urbain,Public,Qualifiant,33,464,1991,0,0,0,1,0,32.8864,-10.01763
ETB11124,École 279-FES,2022-2023,Fès-Meknès,FES,Taza,Urbain,Public,Primaire,16,276,1970,1,1,0,1,1,29.86085,-2.08042
ETB11125,Lycée 89-MAR,2023-2024,Marrakech-Safi,MAR,Marrakech,Urbain,Public,Qualifiant,19,395,1975,0,0,0,0,0,35.29945,-8.49246
ETB11126,Collège 14-FES,2021-2022,Fès-Meknès,FES,Meknès,Rural,Public,Collégial,26,325,2016,1,0,0,1,1,30.66391,-2.60577
ETB11127,École 229-MAR,2017-2018,Marrakech-Safi,MAR,Youssoufia,Rural,Privé,Primaire,32,292,2018,1,1,1,0,0,28.33637,-8.54591
ETB11128,École 61-CAS,2021-2022,Casablanca-Settat,CAS,El Jadida,Urbain,Public,Primaire,17,426,1981,1,1,0,0,1,35.84231,-12.97067
ETB11129,École 120-MAR,2022-2023,Marrakech-Safi,MAR,Safi,Rural,Public,Primaire,32,347,1965,1,0,1,1,0,29.58432,-8.30525
ETB11130,École 390-CAS,2022-2023,Casablanca-Settat,CAS,Mohammadia,Urbain,Public,Primaire,24,313,2020,1,0,1,1,1,35.71788,-6.89863
ETB11131,Collège 365-CAS,2022-2023,Casablanca-Settat,CAS,El Jadida,Rural,Privé,Collégial,10,663,1965,1,0,1,0,0,30.73899,-10.14884
ETB11132,Lycée 15-FES,2020-2021,Fès-Meknès,FES,Taza,Rural,Public,Qualifiant,3,349,1988,0,0,1,1,1,30.68607,-5.60059
ETB11133,Lycée 225-MAR,2023-2024,Marrakech-Safi,MAR,Marrakech,Urbain,Public,Qualifiant,29,414,2014,0,0,0,1,0,35.49075,-3.45584
ETB11134,École 479-SOU,2015-2016,Souss-Massa,SOU,Taroudannt,Urbain,Public,Primaire,29,394,2000,0,0,0,0,1,33.27125,-10.20101
ETB11135,Collège 390-CAS,2023-2024,Casablanca-Settat,CAS,Settat,Urbain,Public,Collégial,8,346,1973,1,1,0,1,1,30.78559,-11.99231
ETB11136,Collège 69-BMK,2015-2016,Béni Mellal-Khénifra,BMK,Khouribga,Urbain,Privé,Collégial,25,355,1964,1,0,1,1,1,34.0353,-7.30002
ETB11137,Collège 171-ORI,2018-2019,Oriental,ORI,Jerada,Urbain,Public,Collégial,31,489,2003,0,1,1,1,0,31.52358,-5.76364
ETB11138,OFPPT 70-ORI,2020-2021,Oriental,ORI,Figuig,Urbain,Public,Formation Professionnelle,3,333,2007,1,0,0,1,0,35.29593,-6.46967
ETB11139,École 408-RAB,2022-2023,Rabat-Salé-Kénitra,RAB,Skhirate-Témara,Urbain,Public,Primaire,17,398,1988,1,1,0,1,1,35.59275,-3.08185
ETB11140,École 113-TAN,2015-2016,Tanger-Tétouan-Al Hoceïma,TAN,Al Hoceïma,Urbain,Public,Primaire,19,299,1986,0,1,0,1,0,35.40405,-12.44862
ETB11141,École 476-RAB,2015-2016,Rabat-Salé-Kénitra,RAB,Khémisset,Urbain,Privé,Primaire,21,232,2011,0,1,0,1,0,33.17286,-1.93887
ETB11142,École 407-MAR,2019-2020,Marrakech-Safi,MAR,Al Haouz,Urbain,Public,Primaire,11,246,2005,0,0,0,1,1,31.99872,-9.0051
ETB11143,Jardin 379-RAB,2021-2022,Rabat-Salé-Kénitra,RAB,Sidi Kacem,Rural,Public,Préscolaire,29,67,1981,0,0,0,1,1,32.80926,-11.0849
ETB11144,Lycée 108-TAN,2016-2017,Tanger-Tétouan-Al Hoceïma,TAN,Fahs-Anjra,Urbain,Public,Qualifiant,15,538,1990,0,0,1,1,1,31.80727,-7.97351
ETB11145,École 367-SOU,2017-2018,Souss-Massa,SOU,Taroudannt,Rural,Public,Primaire,15,357,1989,1,1,1,1,0,34.19744,-7.17582
ETB11146,Collège 339-TAN,2018-2019,Tanger-Tétouan-Al Hoceïma,TAN,Mdiq-Fnideq,Rural,Privé,Collégial,25,514,1971,1,1,0,1,1,32.56776,-2.63809
ETB11147,Lycée 463-ORI,2016-2017,Oriental,ORI,Nador,Urbain,Public,Qualifiant,12,366,2005,1,0,1,1,0,27.85357,-10.70002
ETB11148,École 143-TAN,2015-2016,Tanger-Tétouan-Al Hoceïma,TAN,Ouazzane,Urbain,Public,Primaire,20,254,2000,1,0,0,1,0,30.70312,-1.43979
ETB11149,École 137-SOU,2015-2016,Souss-Massa,SOU,Chtouka-Ait Baha,Urbain,Public,Primaire,30,320,1974,1,1,0,1,0,29.1763,-5.86743
ETB11150,Lycée 353-FES,2022-2023,Fès-Meknès,FES,El Hajeb,Urbain,Public,Qualifiant,17,390,2017,0,0,1,1,1,31.63556,-10.64878
ETB11151,Collège 256-FES,2021-2022,Fès-Meknès,FES,Séfrou,Rural,Privé,Collégial,26,397,2018,0,0,1,1,1,27.92036,-12.69569
ETB11152,Jardin 455-CAS,2023-2024,Casablanca-Settat,CAS,Settat,Urbain,Privé,Préscolaire,13,66,1970,1,0,1,1,0,35.44653,-1.39625
ETB11153,Lycée 32-CAS,2018-2019,Casablanca-Settat,CAS,Casablanca,Urbain,Public,Qualifiant,24,487,1962,1,1,1,1,0,28.99663,-7.18828
ETB11154,École 240-DRA,2016-2017,Drâa-Tafilalet,DRA,Ouarzazate,Urbain,Public,Primaire,27,337,1997,0,1,0,0,1,29.70871,-10.71488
ETB11155,Jardin 484-TAN,2021-2022,Tanger-Tétouan-Al Hoceïma,TAN,Mdiq-Fnideq,Rural,Public,Préscolaire,3,79,2017,0,0,1,1,0,34.78797,-6.84387
ETB11156,École 232-TAN,2018-2019,Tanger-Tétouan-Al Hoceïma,TAN,Larache,Urbain,Public,Primaire,13,268,1981,0,0,0,0,1,32.79867,-9.16615
ETB11157,Collège 400-DRA,2016-2017,Drâa-Tafilalet,DRA,Midelt,Urbain,Public,Collégial,14,380,2008,1,1,1,0,0,34.31098,-4.11972
ETB11158,Lycée 176-ORI,2022-2023,Oriental,ORI,Driouch,Urbain,Public,Qualifiant,16,543,2012,0,1,0,1,0,29.59284,-6.92125
ETB11159,École 292-TAN,2018-2019,Tanger-Tétouan-Al Hoceïma,TAN,Tétouan,Urbain,Privé,Primaire,14,424,2012,0,0,0,0,1,32.07905,-2.23105
ETB11160,École 498-RAB,2021-2022,Rabat-Salé-Kénitra,RAB,Khémisset,Rural,Privé,Primaire,21,458,2016,0,0,0,1,1,30.17898,-5.08299
ETB11161,École 73-CAS,2022-2023,Casablanca-Settat,CAS,Mohammadia,Urbain,Public,Primaire,5,170,1964,0,0,1,0,0,27.73497,-3.83443
ETB11162,Jardin 433-FES,2023-2024,Fès-Meknès,FES,Ifrane,Rural,Public,Préscolaire,10,59,1993,0,1,1,1,1,34.73001,-10.45615
ETB11163,Collège 206-TAN,2023-2024,Tanger-Tétouan-Al Hoceïma,TAN,Tanger-Assilah,Rural,Public,Collégial,28,502,2002,0,0,1,0,1,31.37528,-10.72275
ETB11164,Université 453-MAR,2021-2022,Marrakech-Safi,MAR,Safi,Urbain,Public,Supérieur,18,1976,1969,1,1,1,0,0,31.99603,-2.87866
ETB11165,École 226-BMK,2023-2024,Béni Mellal-Khénifra,BMK,El Kelaa des Sraghna,Rural,Privé,Primaire,26,197,1970,0,0,0,1,1,31.06201,-11.21785
ETB11166,École 122-SOU,2015-2016,Souss-Massa,SOU,Agadir-Ida-Ou-Tanane,Urbain,Privé,Primaire,16,457,1962,0,1,1,0,0,34.79426,-11.74828
ETB11167,École 395-FES,2018-2019,Fès-Meknès,FES,Taounate,Urbain,Privé,Primaire,6,248,2004,1,0,1,1,0,34.73795,-5.97274
ETB11168,Collège 241-SOU,2022-2023,Souss-Massa,SOU,Taroudannt,Rural,Public,Collégial,21,435,1962,1,1,1,0,0,29.34001,-1.19654
ETB11169,École 387-RAB,2019-2020,Rabat-Salé-Kénitra,RAB,Skhirate-Témara,Rural,Public,Primaire,9,197,2008,1,1,1,0,0,31.63969,-12.74124
ETB11170,École 46-MAR,2021-2022,Marrakech-Safi,MAR,Essaouira,Rural,Public,Primaire,18,260,2006,0,0,0,1,0,32.75141,-12.41151
ETB11171,École 387-TAN,2017-2018,Tanger-Tétouan-Al Hoceïma,TAN,Al Hoceïma,Urbain,Public,Primaire,33,110,1968,0,1,0,1,0,35.44723,-6.09554
ETB11172,École 45-FES,2015-2016,Fès-Meknès,FES,Fès,Urbain,Privé,Primaire,9,443,2008,0,0,0,0,1,31.42662,-9.14093
ETB11173,Lycée 118-CAS,2019-2020,Casablanca-Settat,CAS,El Jadida,Urbain,Public,Qualifiant,29,457,1996,1,0,1,1,1,30.55612,-7.26648
ETB11174,École 115-CAS,2019-2020,Casablanca-Settat,CAS,Settat,Urbain,Public,Primaire,23,427,2010,1,0,0,1,1,32.01219,-13.07921
ETB11175,École 182-RAB,2015-2016,Rabat-Salé-Kénitra,RAB,Khémisset,Urbain,Privé,Primaire,3,392,1983,0,0,1,0,1,34.38244,-4.30298
ETB11176,Collège 397-SOU,2020-2021,Souss-Massa,SOU,Inezgane-Ait Melloul,Urbain,Public,Collégial,28,567,2005,0,1,1,0,0,30.76032,-5.75278
ETB11177,Collège 269-MAR,2018-2019,Marrakech-Safi,MAR,Safi,Urbain,Public,Collégial,12,477,2011,0,1,1,1,0,27.90872,-6.33521
ETB11178,École 206-CAS,2019-2020,Casablanca-Settat,CAS,Casablanca,Urbain,Privé,Primaire,28,211,1986,0,0,1,0,0,30.58307,-3.30101
ETB11179,Lycée 143-LAA,2022-2023,Laâyoune-Sakia El Hamra,LAA,Laâyoune,Urbain,Public,Qualifiant,17,632,1962,0,0,0,1,0,29.16112,-2.8808
ETB11180,École 345-RAB,2022-2023,Rabat-Salé-Kénitra,RAB,Salé,Urbain,Public,Primaire,27,284,2005,1,1,1,1,0,28.54947,-5.40661
ETB11181,Collège 401-MAR,2017-2018,Marrakech-Safi,MAR,Al Haouz,Rural,Privé,Collégial,8,279,1960,1,0,1,0,1,33.21395,-5.40307
ETB11182,Jardin 436-SOU,2021-2022,Souss-Massa,SOU,Tiznit,Rural,Public,Préscolaire,33,79,1993,0,0,1,0,0,30.71577,-9.13348
ETB11183,Collège 487-FES,2019-2020,Fès-Meknès,FES,Meknès,Urbain,Public,Collégial,9,666,2013,1,1,1,1,1,28.50801,-2.39702
ETB11184,OFPPT 442-RAB,2022-2023,Rabat-Salé-Kénitra,RAB,Kénitra,Rural,Public,Formation Professionnelle,33,290,2006,0,0,1,1,1,34.15492,-12.15307
ETB11185,Jardin 277-MAR,2015-2016,Marrakech-Safi,MAR,Al Haouz,Rural,Public,Préscolaire,32,61,2016,0,0,1,1,1,34.17301,-12.81259
ETB11186,Collège 160-RAB,2018-2019,Rabat-Salé-Kénitra,RAB,Sidi Kacem,Rural,Public,Collégial,4,611,2005,0,0,1,1,1,29.02509,-10.9485
ETB11187,Collège 429-CAS,2015-2016,Casablanca-Settat,CAS,Mohammadia,Urbain,Public,Collégial,34,402,2010,1,1,1,1,1,35.30138,-4.60692
ETB11188,Jardin 18-GUE,2017-2018,Guelmim-Oued Noun,GUE,Tan-Tan,Rural,Public,Préscolaire,24,43,2012,1,1,1,1,1,30.35432,-13.07337
ETB11189,École 268-FES,2018-2019,Fès-Meknès,FES,Séfrou,Urbain,Public,Primaire,17,410,2010,0,1,1,1,1,31.09411,-8.70622
ETB11190,École 256-BMK,2021-2022,Béni Mellal-Khénifra,BMK,Fquih Ben Salah,Rural,Public,Primaire,9,328,1973,1,0,1,1,0,35.281,-9.82026
ETB11191,Collège 400-RAB,2022-2023,Rabat-Salé-Kénitra,RAB,Sidi Kacem,Urbain,Public,Collégial,16,617,1976,0,0,0,0,0,29.10312,-6.9652
ETB11192,École 262-RAB,2016-2017,Rabat-Salé-Kénitra,RAB,Salé,Rural,Public,Primaire,22,371,2005,0,1,0,0,0,35.41098,-12.16894
ETB11193,Jardin 468-CAS,2016-2017,Casablanca-Settat,CAS,El Jadida,Urbain,Privé,Préscolaire,17,54,1982,1,0,1,1,1,32.98383,-12.01444
ETB11194,Collège 139-RAB,2022-2023,Rabat-Salé-Kénitra,RAB,Rabat,Urbain,Public,Collégial,28,447,1981,0,0,1,0,1,29.50876,-9.43551
ETB11195,Collège 213-RAB,2022-2023,Rabat-Salé-Kénitra,RAB,Skhirate-Témara,Rural,Public,Collégial,8,374,2000,1,0,1,0,0,32.45349,-9.51815
ETB11196,Collège 183-CAS,2021-2022,Casablanca-Settat,CAS,Sidi Bennour,Rural,Public,Collégial,33,364,2014,1,1,0,1,1,34.24432,-12.88151
ETB11197,Collège 148-ORI,2015-2016,Oriental,ORI,Taourirt,Urbain,Public,Collégial,15,524,1996,1,0,1,1,0,28.21636,-9.38583
ETB11198,Lycée 280-CAS,2023-2024,Casablanca-Settat,CAS,El Jadida,Rural,Privé,Qualifiant,3,430,1986,0,0,0,1,0,32.67257,-4.59664
ETB11199,Lycée 269-SOU,2022-2023,Souss-Massa,SOU,Inezgane-Ait Melloul,Urbain,Privé,Qualifiant,19,452,1987,0,1,0,0,0,35.84354,-12.74679
ETB11200,Jardin 311-SOU,2021-2022,Souss-Massa,SOU,Tata,Urbain,Public,Préscolaire,10,47,1985,0,1,1,0,1,34.75586,-5.70476
ETB11201,École 374-CAS,2020-2021,Casablanca-Settat,CAS,Mohammadia,Rural,Public,Primaire,7,363,2003,0,0,0,1,1,27.8294,-10.24635
ETB11202,École 15-RAB,2021-2022,Rabat-Salé-Kénitra,RAB,Sidi Kacem,Urbain,Public,Primaire,17,337,2004,0,1,0,1,0,32.89676,-3.47208
ETB11203,École 139-TAN,2022-2023,Tanger-Tétouan-Al Hoceïma,TAN,Al Hoceïma,Rural,Privé,Primaire,21,204,1999,1,1,0,1,0,35.22143,-1.99803
ETB11204,École 231-RAB,2019-2020,Rabat-Salé-Kénitra,RAB,Sidi Kacem,Rural,Public,Primaire,19,397,1987,1,0,0,1,1,29.32222,-3.47866
ETB11205,École 273-LAA,2021-2022,Laâyoune-Sakia El Hamra,LAA,Tarfaya,Urbain,Public,Primaire,17,329,1978,0,1,0,1,1,31.14824,-8.49225
ETB11206,Lycée 23-CAS,2022-2023,Casablanca-Settat,CAS,Mohammadia,Urbain,Public,Qualifiant,18,504,2001,1,0,1,1,1,32.81694,-3.58829
ETB11207,École 341-FES,2022-2023,Fès-Meknès,FES,Taza,Urbain,Public,Primaire,22,285,1982,1,1,1,0,0,29.21589,-1.90463
ETB11208,École 144-SOU,2023-2024,Souss-Massa,SOU,Tata,Rural,Privé,Primaire,31,272,2009,0,0,0,1,1,35.10358,-4.7779
ETB11209,Jardin 173-MAR,2016-2017,Marrakech-Safi,MAR,Essaouira,Urbain,Public,Préscolaire,34,49,2000,1,0,1,1,1,34.70904,-3.20768
ETB11210,Jardin 395-MAR,2019-2020,Marrakech-Safi,MAR,Al Haouz,Urbain,Public,Préscolaire,30,59,1963,1,0,0,1,1,31.54083,-1.0109
ETB11211,OFPPT 35-MAR,2019-2020,Marrakech-Safi,MAR,Marrakech,Urbain,Public,Formation Professionnelle,18,378,2019,1,1,1,1,1,35.6673,-11.15295
ETB11212,École 496-SOU,2016-2017,Souss-Massa,SOU,Tata,Urbain,Public,Primaire,14,455,1992,1,0,1,0,1,35.04243,-9.96438
ETB11213,École 170-MAR,2023-2024,Marrakech-Safi,MAR,Youssoufia,Rural,Public,Primaire,7,256,1986,0,1,0,1,0,31.56532,-3.60487
ETB11214,École 248-BMK,2016-2017,Béni Mellal-Khénifra,BMK,Fquih Ben Salah,Rural,Public,Primaire,7,223,1971,0,1,0,0,1,28.31154,-7.27188
ETB11215,École 154-ORI,2023-2024,Oriental,ORI,Driouch,Rural,Public,Primaire,13,387,2007,1,1,0,0,0,32.88998,-12.46575
ETB11216,Lycée 111-SOU,2020-2021,Souss-Massa,SOU,Inezgane-Ait Melloul,Rural,Public,Qualifiant,8,446,1992,1,0,0,1,0,34.66597,-12.24042
ETB11217,Collège 417-MAR,2022-2023,Marrakech-Safi,MAR,Essaouira,Urbain,Public,Collégial,32,417,2016,0,0,1,0,0,34.75941,-8.26317
ETB11218,École 79-TAN,2019-2020,Tanger-Tétouan-Al Hoceïma,TAN,Larache,Urbain,Public,Primaire,22,322,1991,1,0,1,0,1,34.58135,-9.93414
ETB11219,École 209-MAR,2023-2024,Marrakech-Safi,MAR,Youssoufia,Urbain,Privé,Primaire,21,411,2009,0,0,1,0,1,33.66498,-9.52327
ETB11220,Lycée 454-SOU,2015-2016,Souss-Massa,SOU,Chtouka-Ait Baha,Urbain,Privé,Qualifiant,23,425,1999,0,0,1,1,0,28.81024,-8.07409
ETB11221,École 173-MAR,2017-2018,Marrakech-Safi,MAR,Marrakech,Rural,Privé,Primaire,14,281,1987,0,1,1,1,0,28.96794,-4.18814
ETB11222,Université 107-TAN,2016-2017,Tanger-Tétouan-Al Hoceïma,TAN,Tanger-Assilah,Urbain,Public,Supérieur,3,2256,1998,0,0,0,1,0,33.66495,-3.3065
ETB11223,OFPPT 426-CAS,2016-2017,Casablanca-Settat,CAS,Casablanca,Urbain,Privé,Formation Professionnelle,22,253,1996,0,1,1,1,0,33.79866,-2.21625
ETB11224,École 236-CAS,2023-2024,Casablanca-Settat,CAS,Casablanca,Rural,Public,Primaire,21,328,2015,0,1,1,1,0,35.36301,-10.99927
ETB11225,Lycée 70-TAN,2022-2023,Tanger-Tétouan-Al Hoceïma,TAN,Tanger-Assilah,Rural,Public,Qualifiant,5,222,1982,0,0,0,0,1,32.67479,-2.86491
ETB11226,Collège 77-SOU,2023-2024,Souss-Massa,SOU,Tata,Rural,Public,Collégial,20,405,1967,1,1,0,0,0,28.13458,-11.82339
ETB11227,École 370-CAS,2022-2023,Casablanca-Settat,CAS,Casablanca,Urbain,Public,Primaire,33,338,1965,1,0,0,1,1,28.86118,-10.82421
ETB11228,École 178-FES,2021-2022,Fès-Meknès,FES,Meknès,Urbain,Public,Primaire,3,332,1977,1,1,0,1,1,31.56939,-9.83339
ETB11229,Université 126-SOU,2020-2021,Souss-Massa,SOU,Chtouka-Ait Baha,Urbain,Public,Supérieur,29,2564,2013,1,0,0,1,1,33.2334,-9.42136
ETB11230,École 190-MAR,2020-2021,Marrakech-Safi,MAR,Safi,Urbain,Public,Primaire,27,376,2011,1,1,0,0,0,35.50726,-10.14151
ETB11231,Université 378-BMK,2015-2016,Béni Mellal-Khénifra,BMK,El Kelaa des Sraghna,Rural,Public,Supérieur,17,3141,1966,0,0,0,0,0,31.90298,-9.35997
ETB11232,Collège 415-RAB,2020-2021,Rabat-Salé-Kénitra,RAB,Rabat,Urbain,Public,Collégial,22,182,1980,0,1,0,1,0,31.71631,-2.93043
ETB11233,École 136-FES,2018-2019,Fès-Meknès,FES,Meknès,Rural,Public,Primaire,13,210,1997,0,1,1,1,1,30.79525,-6.74847
ETB11234,Lycée 179-CAS,2022-2023,Casablanca-Settat,CAS,Settat,Rural,Public,Qualifiant,6,359,2013,0,1,0,0,0,31.01168,-9.0338
ETB11235,Jardin 188-TAN,2016-2017,Tanger-Tétouan-Al Hoceïma,TAN,Ouazzane,Urbain,Public,Préscolaire,32,74,1973,0,0,1,1,0,31.34893,-2.57249
ETB11236,École 258-CAS,2021-2022,Casablanca-Settat,CAS,Mohammadia,Rural,Public,Primaire,22,320,1985,1,1,0,1,0,33.60947,-7.55393
ETB11237,École 228-CAS,2016-2017,Casablanca-Settat,CAS,Sidi Bennour,Urbain,Public,Primaire,22,177,2015,1,0,1,0,0,32.70518,-2.27529
ETB11238,École 335-RAB,2023-2024,Rabat-Salé-Kénitra,RAB,Khémisset,Urbain,Privé,Primaire,20,327,1990,0,1,1,1,0,31.64163,-5.23464
ETB11239,Collège 14-FES,2015-2016,Fès-Meknès,FES,Taounate,Rural,Public,Collégial,7,457,1960,1,0,1,0,1,33.73478,-12.26311
ETB11240,Collège 478-TAN,2019-2020,Tanger-Tétouan-Al Hoceïma,TAN,Chefchaouen,Rural,Privé,Collégial,4,453,2012,0,0,0,1,0,29.17742,-1.07122
ETB11241,Collège 499-SOU,2021-2022,Souss-Massa,SOU,Agadir-Ida-Ou-Tanane,Urbain,Privé,Collégial,34,485,1994,0,0,0,0,1,28.21271,-12.87332
ETB11242,École 175-MAR,2016-2017,Marrakech-Safi,MAR,Youssoufia,Urbain,Public,Primaire,12,254,1964,1,1,1,0,0,33.00696,-3.03032
ETB11243,École 304-CAS,2023-2024,Casablanca-Settat,CAS,Casablanca,Urbain,Public,Primaire,31,306,1980,0,0,0,0,0,34.78507,-2.56179
ETB11244,École 421-CAS,2015-2016,Casablanca-Settat,CAS,El Jadida,Urbain,Privé,Primaire,14,401,1982,0,1,1,0,0,33.20325,-7.6115
ETB11245,École 126-RAB,2015-2016,Rabat-Salé-Kénitra,RAB,Kénitra,Rural,Public,Primaire,4,277,2020,1,0,0,1,0,27.71807,-4.79382
ETB11246,Collège 451-TAN,2019-2020,Tanger-Tétouan-Al Hoceïma,TAN,Chefchaouen,Urbain,Privé,Collégial,13,467,1982,1,0,1,0,1,29.57669,-12.23213
ETB11247,École 71-DRA,2015-2016,Drâa-Tafilalet,DRA,Midelt,Rural,Public,Primaire,11,390,2003,0,0,1,0,0,33.93904,-12.63597
ETB11248,École 474-RAB,2019-2020,Rabat-Salé-Kénitra,RAB,Sidi Slimane,Rural,Public,Primaire,27,350,2008,0,0,1,1,0,29.47661,-8.46842
ETB11249,Lycée 286-CAS,2023-2024,Casablanca-Settat,CAS,Mohammadia,Rural,Public,Qualifiant,12,343,1972,0,0,0,1,0,29.13483,-5.63924
ETB11250,École 108-RAB,2018-2019,Rabat-Salé-Kénitra,RAB,Khémisset,Urbain,Public,Primaire,28,352,2003,1,0,1,1,0,34.66581,-4.84617
ETB11251,École 420-FES,2019-2020,Fès-Meknès,FES,Taounate,Urbain,Public,Primaire,9,275,1979,0,1,1,0,1,34.22368,-5.38611
ETB11252,Collège 25-FES,2016-2017,Fès-Meknès,FES,Séfrou,Rural,Public,Collégial,22,511,1990,1,0,0,0,0,27.99283,-11.72368
ETB11253,École 234-TAN,2016-2017,Tanger-Tétouan-Al Hoceïma,TAN,Larache,Rural,Public,Primaire,9,455,1990,0,0,0,1,0,28.22941,-8.99471
ETB11254,Jardin 437-CAS,2017-2018,Casablanca-Settat,CAS,Berrechid,Urbain,Public,Préscolaire,31,76,2007,0,0,1,1,1,32.36339,-7.76091
ETB11255,Jardin 244-CAS,2015-2016,Casablanca-Settat,CAS,El Jadida,Urbain,Public,Préscolaire,24,64,1973,1,0,1,0,0,35.48968,-9.63088
ETB11256,École 466-RAB,2016-2017,Rabat-Salé-Kénitra,RAB,Rabat,Rural,Public,Primaire,22,236,1971,0,0,0,1,0,35.78824,-10.62955
ETB11257,Jardin 179-CAS,2021-2022,Casablanca-Settat,CAS,El Jadida,Urbain,Public,Préscolaire,19,77,2006,0,1,1,0,1,30.90774,-11.85476
ETB11258,École 393-DRA,2022-2023,Drâa-Tafilalet,DRA,Tinghir,Urbain,Public,Primaire,14,429,1962,1,0,1,1,0,29.39098,-10.30993
ETB11259,Lycée 155-TAN,2020-2021,Tanger-Tétouan-Al Hoceïma,TAN,Ouazzane,Urbain,Public,Qualifiant,24,372,1971,1,0,0,1,1,33.46195,-3.21381
ETB11260,Collège 449-BMK,2022-2023,Béni Mellal-Khénifra,BMK,Fquih Ben Salah,Urbain,Public,Collégial,27,486,2006,0,1,1,1,1,32.89118,-5.62315
ETB11261,École 456-SOU,2016-2017,Souss-Massa,SOU,Taroudannt,Rural,Public,Primaire,10,354,2013,1,0,1,0,1,30.73833,-7.40754
ETB11262,École 434-MAR,2016-2017,Marrakech-Safi,MAR,Al Haouz,Urbain,Public,Primaire,12,361,1962,1,0,1,0,0,34.3812,-2.60702
ETB11263,École 478-FES,2015-2016,Fès-Meknès,FES,Meknès,Urbain,Public,Primaire,20,358,1977,0,0,0,0,0,31.57802,-2.2787
ETB11264,École 61-MAR,2016-2017,Marrakech-Safi,MAR,Safi,Rural,Privé,Primaire,28,377,1998,0,0,0,0,0,34.13513,-4.39011
ETB11265,École 436-MAR,2021-2022,Marrakech-Safi,MAR,Safi,Rural,Public,Primaire,24,297,1997,1,0,0,1,0,31.57491,-3.14153
ETB11266,Collège 308-BMK,2021-2022,Béni Mellal-Khénifra,BMK,Fquih Ben Salah,Urbain,Public,Collégial,4,199,1987,1,0,1,1,0,28.33779,-1.97269
ETB11267,Collège 222-CAS,2017-2018,Casablanca-Settat,CAS,Casablanca,Urbain,Public,Collégial,26,404,1960,0,1,0,0,1,28.90911,-3.76754
ETB11268,École 366-FES,2023-2024,Fès-Meknès,FES,El Hajeb,Rural,Public,Primaire,9,325,1963,1,0,1,0,1,33.18686,-12.92401
ETB11269,École 470-RAB,2023-2024,Rabat-Salé-Kénitra,RAB,Skhirate-Témara,Rural,Public,Primaire,27,350,1971,0,0,0,1,1,34.52591,-6.18431
ETB11270,École 202-CAS,2017-2018,Casablanca-Settat,CAS,Sidi Bennour,Urbain,Privé,Primaire,15,351,1995,1,0,1,0,0,35.01246,-6.69885
ETB11271,Lycée 80-SOU,2023-2024,Souss-Massa,SOU,Agadir-Ida-Ou-Tanane,Urbain,Privé,Qualifiant,4,355,1970,0,0,0,0,1,29.46878,-4.48537
ETB11272,École 328-MAR,2022-2023,Marrakech-Safi,MAR,Al Haouz,Urbain,Public,Primaire,33,207,1964,1,0,0,1,0,27.88594,-11.96029
ETB11273,École 239-RAB,2018-2019,Rabat-Salé-Kénitra,RAB,Skhirate-Témara,Rural,Public,Primaire,33,261,1998,0,1,0,1,0,35.50878,-4.9471
ETB11274,École 77-RAB,2022-2023,Rabat-Salé-Kénitra,RAB,Skhirate-Témara,Urbain,Public,Primaire,29,264,1972,1,0,1,1,0,34.77468,-8.47863
ETB11275,École 104-CAS,2016-2017,Casablanca-Settat,CAS,Casablanca,Urbain,Public,Primaire,20,278,1971,0,0,1,1,1,28.785,-11.30554
ETB11276,École 359-FES,2023-2024,Fès-Meknès,FES,Fès,Urbain,Public,Primaire,8,248,1967,0,1,0,1,0,31.89989,-7.39266
ETB11277,École 88-BMK,2019-2020,Béni Mellal-Khénifra,BMK,El Kelaa des Sraghna,Urbain,Public,Primaire,17,293,1990,1,1,1,0,1,33.46105,-2.37896
ETB11278,OFPPT 432-RAB,2015-2016,Rabat-Salé-Kénitra,RAB,Rabat,Rural,Public,Formation Professionnelle,21,195,1963,1,0,1,1,1,34.46393,-7.39536
ETB11279,Collège 180-ORI,2015-2016,Oriental,ORI,Oujda-Angad,Urbain,Public,Collégial,14,449,1994,0,1,1,1,1,31.24156,-3.62139
ETB11280,École 206-GUE,2018-2019,Guelmim-Oued Noun,GUE,Tan-Tan,Rural,Public,Primaire,25,255,2016,1,0,1,0,1,29.98893,-4.18802
ETB11281,École 78-SOU,2023-2024,Souss-Massa,SOU,Inezgane-Ait Melloul,Rural,Privé,Primaire,11,251,2012,1,0,0,1,1,35.40074,-10.88947
ETB11282,Collège 141-SOU,2016-2017,Souss-Massa,SOU,Taroudannt,Urbain,Public,Collégial,30,560,2009,1,0,0,1,0,32.63398,-12.85558
ETB11283,Collège 312-CAS,2022-2023,Casablanca-Settat,CAS,Khouribga,Rural,Public,Collégial,29,503,1965,1,0,0,1,0,35.05959,-11.63374
ETB11284,Collège 65-MAR,2016-2017,Marrakech-Safi,MAR,Essaouira,Urbain,Public,Collégial,32,349,1966,0,0,1,1,0,34.47088,-10.60852
ETB11285,Lycée 237-TAN,2016-2017,Tanger-Tétouan-Al Hoceïma,TAN,Chefchaouen,Urbain,Privé,Qualifiant,25,443,1984,0,0,1,1,1,35.44014,-3.6062
ETB11286,Collège 82-CAS,2020-2021,Casablanca-Settat,CAS,Mohammadia,Urbain,Privé,Collégial,26,341,2001,1,1,1,1,0,31.48816,-8.17638
ETB11287,Collège 335-FES,2018-2019,Fès-Meknès,FES,El Hajeb,Urbain,Public,Collégial,12,482,2011,0,1,1,0,0,34.56528,-12.86999
ETB11288,École 335-CAS,2017-2018,Casablanca-Settat,CAS,Berrechid,Rural,Public,Primaire,21,277,1977,0,0,1,1,0,33.94486,-6.87851
ETB11289,OFPPT 157-TAN,2019-2020,Tanger-Tétouan-Al Hoceïma,TAN,Al Hoceïma,Urbain,Public,Formation Professionnelle,14,213,2002,1,0,1,1,0,31.38637,-8.61656
ETB11290,Collège 357-CAS,2019-2020,Casablanca-Settat,CAS,Benslimane,Urbain,Privé,Collégial,32,379,1963,0,1,1,0,1,30.35342,-2.39324
ETB11291,Collège 67-FES,2023-2024,Fès-Meknès,FES,Taza,Rural,Public,Collégial,15,489,2015,0,1,0,1,0,34.31688,-7.11886
ETB11292,OFPPT 55-BMK,2020-2021,Béni Mellal-Khénifra,BMK,El Kelaa des Sraghna,Urbain,Public,Formation Professionnelle,18,381,2006,1,0,1,1,1,32.30885,-10.50969
ETB11293,Lycée 456-MAR,2022-2023,Marrakech-Safi,MAR,Marrakech,Urbain,Public,Qualifiant,27,375,1968,1,1,1,1,1,31.88681,-10.95356
ETB11294,École 366-MAR,2016-2017,Marrakech-Safi,MAR,Safi,Urbain,Public,Primaire,14,363,1988,1,0,0,1,0,31.12779,-7.02722
ETB11295,Lycée 134-MAR,2015-2016,Marrakech-Safi,MAR,Chichaoua,Rural,Public,Qualifiant,30,305,1994,0,0,1,0,0,30.50825,-1.95538
ETB11296,École 297-GUE,2023-2024,Guelmim-Oued Noun,GUE,Assa-Zag,Urbain,Public,Primaire,4,392,2000,0,0,0,1,0,30.31832,-2.98823
ETB11297,Collège 41-TAN,2022-2023,Tanger-Tétouan-Al Hoceïma,TAN,Larache,Urbain,Public,Collégial,18,606,1972,0,1,1,0,1,35.31841,-1.72296
ETB11298,École 480-TAN,2021-2022,Tanger-Tétouan-Al Hoceïma,TAN,Fahs-Anjra,Urbain,Public,Primaire,4,373,2013,0,0,1,0,1,28.83297,-9.1017
ETB11299,Université 326-TAN,2021-2022,Tanger-Tétouan-Al Hoceïma,TAN,Chefchaouen,Urbain,Public,Supérieur,9,1398,2009,1,0,0,1,0,32.40339,-12.17047
ETB11300,École 189-CAS,2015-2016,Casablanca-Settat,CAS,Khouribga,Rural,Privé,Primaire,27,281,1972,1,1,1,1,0,29.85162,-5.94545
ETB11301,École 8-RAB,2017-2018,Rabat-Salé-Kénitra,RAB,Sidi Slimane,Urbain,Public,Primaire,34,274,1975,0,0,1,1,0,35.22139,-10.50922
ETB11302,École 230-TAN,2016-2017,Tanger-Tétouan-Al Hoceïma,TAN,Tanger-Assilah,Urbain,Privé,Primaire,5,421,1962,0,0,0,0,0,28.22313,-4.79113
ETB11303,École 218-FES,2021-2022,Fès-Meknès,FES,El Hajeb,Urbain,Public,Primaire,8,340,1981,0,0,1,1,1,35.82431,-2.49296
ETB11304,Collège 432-FES,2017-2018,Fès-Meknès,FES,Séfrou,Rural,Public,Collégial,31,585,1972,1,0,1,0,1,31.49164,-5.20653
ETB11305,Collège 17-CAS,2016-2017,Casablanca-Settat,CAS,El Jadida,Rural,Public,Collégial,22,262,1987,0,1,0,1,0,34.82318,-6.694
ETB11306,Jardin 390-RAB,2015-2016,Rabat-Salé-Kénitra,RAB,Khémisset,Rural,Public,Préscolaire,30,71,1969,1,0,0,1,0,28.896,-8.07766
ETB11307,Jardin 339-CAS,2019-2020,Casablanca-Settat,CAS,Benslimane,Rural,Public,Préscolaire,23,74,2004,1,0,0,1,0,32.33457,-6.12663
ETB11308,École 415-TAN,2021-2022,Tanger-Tétouan-Al Hoceïma,TAN,Tanger-Assilah,Urbain,Public,Primaire,18,508,1986,0,1,1,1,0,29.12935,-8.58719
ETB11309,Collège 260-MAR,2022-2023,Marrakech-Safi,MAR,Al Haouz,Urbain,Public,Collégial,15,423,1979,0,1,0,1,0,33.31392,-6.62875
ETB11310,École 133-BMK,2019-2020,Béni Mellal-Khénifra,BMK,Béni Mellal,Urbain,Public,Primaire,23,286,2000,1,1,1,0,0,30.06963,-11.88186
ETB11311,Collège 214-TAN,2015-2016,Tanger-Tétouan-Al Hoceïma,TAN,Ouazzane,Rural,Public,Collégial,8,510,1984,1,0,0,0,0,34.69863,-12.94871
ETB11312,Collège 160-CAS,2023-2024,Casablanca-Settat,CAS,Casablanca,Urbain,Public,Collégial,29,540,1980,1,0,0,1,0,34.8773,-12.96215
ETB11313,Lycée 36-CAS,2023-2024,Casablanca-Settat,CAS,Benslimane,Rural,Public,Qualifiant,9,302,1970,1,1,1,1,1,35.16081,-12.02957
ETB11314,Collège 216-MAR,2019-2020,Marrakech-Safi,MAR,Safi,Rural,Public,Collégial,21,513,2003,1,0,0,1,0,28.66799,-8.61477
ETB11315,École 339-MAR,2016-2017,Marrakech-Safi,MAR,Safi,Rural,Public,Primaire,15,278,2020,0,0,0,1,0,33.63279,-4.12453
ETB11316,Collège 358-RAB,2018-2019,Rabat-Salé-Kénitra,RAB,Skhirate-Témara,Rural,Public,Collégial,7,374,2000,1,1,1,1,1,32.99997,-3.10196
ETB11317,École 359-FES,2015-2016,Fès-Meknès,FES,Taounate,Urbain,Public,Primaire,19,333,1975,1,0,1,1,0,35.30743,-4.70352
ETB11318,Collège 338-FES,2016-2017,Fès-Meknès,FES,Moulay Yacoub,Rural,Public,Collégial,13,362,2010,0,1,1,0,1,30.24351,-7.58838
ETB11319,Université 402-CAS,2015-2016,Casablanca-Settat,CAS,Khouribga,Rural,Public,Supérieur,5,1759,2017,0,0,1,1,1,30.03545,-4.33588
ETB11320,Collège 167-RAB,2021-2022,Rabat-Salé-Kénitra,RAB,Khémisset,Rural,Privé,Collégial,6,460,1969,0,0,1,0,0,33.42722,-10.54589
ETB11321,Lycée 474-MAR,2019-2020,Marrakech-Safi,MAR,Marrakech,Urbain,Public,Qualifiant,8,326,1992,0,0,1,1,0,29.39393,-10.55274
ETB11322,Lycée 366-RAB,2022-2023,Rabat-Salé-Kénitra,RAB,Khémisset,Urbain,Privé,Qualifiant,28,186,1999,0,1,1,1,0,29.07029,-11.91144
ETB11323,École 204-CAS,2021-2022,Casablanca-Settat,CAS,El Jadida,Urbain,Privé,Primaire,20,335,2014,1,1,1,1,1,35.11378,-11.31714
ETB11324,École 459-RAB,2020-2021,Rabat-Salé-Kénitra,RAB,Salé,Rural,Privé,Primaire,11,176,2007,0,1,1,0,0,32.1042,-9.28843
ETB11325,École 232-CAS,2017-2018,Casablanca-Settat,CAS,Mohammadia,Urbain,Public,Primaire,23,301,2003,1,1,0,1,0,33.94732,-9.82755
ETB11326,Lycée 169-MAR,2020-2021,Marrakech-Safi,MAR,Marrakech,Urbain,Privé,Qualifiant,30,392,1979,0,0,1,1,0,33.10715,-6.42405
ETB11327,École 266-BMK,2015-2016,Béni Mellal-Khénifra,BMK,Fquih Ben Salah,Rural,Public,Primaire,26,208,1968,0,1,1,1,0,29.05242,-12.74483
ETB11328,École 21-MAR,2020-2021,Marrakech-Safi,MAR,Youssoufia,Urbain,Public,Primaire,3,491,1977,0,1,0,1,1,33.12704,-2.3232
ETB11329,Lycée 57-CAS,2017-2018,Casablanca-Settat,CAS,Casablanca,Rural,Public,Qualifiant,27,361,2019,1,0,0,1,0,31.36529,-6.38581
ETB11330,École 495-RAB,2017-2018,Rabat-Salé-Kénitra,RAB,Rabat,Rural,Public,Primaire,34,330,1989,0,0,0,0,0,32.13412,-4.28717
ETB11331,Collège 236-BMK,2020-2021,Béni Mellal-Khénifra,BMK,Azilal,Rural,Privé,Collégial,5,321,1970,1,0,0,1,0,35.49265,-1.67379
ETB11332,École 21-MAR,2022-2023,Marrakech-Safi,MAR,El Kelaa des Sraghna,Urbain,Public,Primaire,31,240,1987,0,0,0,1,0,27.81675,-4.47735
ETB11333,Lycée 120-FES,2020-2021,Fès-Meknès,FES,Taounate,Urbain,Public,Qualifiant,4,445,1993,0,1,0,0,1,32.23272,-8.62174
ETB11334,École 323-TAN,2018-2019,Tanger-Tétouan-Al Hoceïma,TAN,Tétouan,Urbain,Public,Primaire,27,472,2015,0,0,0,1,0,34.07904,-13.10771
ETB11335,École 340-RAB,2018-2019,Rabat-Salé-Kénitra,RAB,Sidi Kacem,Urbain,Public,Primaire,31,420,2021,0,1,0,1,0,34.46813,-9.34044
ETB11336,OFPPT 186-TAN,2020-2021,Tanger-Tétouan-Al Hoceïma,TAN,Tanger-Assilah,Urbain,Privé,Formation Professionnelle,31,295,1976,0,1,1,1,0,30.55889,-3.53302
ETB11337,Jardin 257-DRA,2019-2020,Drâa-Tafilalet,DRA,Zagora,Urbain,Public,Préscolaire,10,52,2003,1,0,1,1,1,30.13508,-9.40087
ETB11338,École 347-MAR,2018-2019,Marrakech-Safi,MAR,Essaouira,Rural,Public,Primaire,4,307,1983,0,1,0,1,1,30.16528,-8.78492
ETB11339,École 216-BMK,2019-2020,Béni Mellal-Khénifra,BMK,Fquih Ben Salah,Rural,Public,Primaire,31,343,2001,0,0,1,0,0,30.24714,-11.53517
ETB11340,Lycée 376-MAR,2021-2022,Marrakech-Safi,MAR,Youssoufia,Urbain,Privé,Qualifiant,32,408,1970,0,1,0,1,1,31.08195,-7.57575
ETB11341,OFPPT 375-ORI,2020-2021,Oriental,ORI,Nador,Urbain,Public,Formation Professionnelle,28,242,1969,1,0,0,1,0,27.73396,-8.97651
ETB11342,Collège 10-CAS,2018-2019,Casablanca-Settat,CAS,Sidi Bennour,Urbain,Public,Collégial,7,499,1969,0,0,1,1,0,31.00206,-1.38804
ETB11343,Lycée 227-SOU,2017-2018,Souss-Massa,SOU,Taroudannt,Urbain,Privé,Qualifiant,33,408,2002,0,0,1,0,1,31.10248,-4.22357
ETB11344,Lycée 13-BMK,2021-2022,Béni Mellal-Khénifra,BMK,Khouribga,Urbain,Public,Qualifiant,22,233,1993,0,1,1,1,0,30.36996,-3.73918
ETB11345,Lycée 251-CAS,2015-2016,Casablanca-Settat,CAS,Settat,Urbain,Public,Qualifiant,32,321,2000,0,0,0,1,1,34.83072,-11.93568
ETB11346,Jardin 435-FES,2015-2016,Fès-Meknès,FES,Taza,Rural,Public,Préscolaire,4,23,1962,1,1,0,1,1,30.77166,-11.90421
ETB11347,École 118-DRA,2018-2019,Drâa-Tafilalet,DRA,Ouarzazate,Urbain,Public,Primaire,31,377,1990,1,0,1,1,0,30.63883,-9.68314
ETB11348,Lycée 301-ORI,2019-2020,Oriental,ORI,Berkane,Urbain,Public,Qualifiant,33,219,2009,0,1,0,1,0,32.84397,-1.63628
ETB11349,École 458-ORI,2016-2017,Oriental,ORI,Guercif,Urbain,Privé,Primaire,15,239,2002,0,0,1,0,0,29.17039,-4.56783
ETB11350,Jardin 15-BMK,2017-2018,Béni Mellal-Khénifra,BMK,Fquih Ben Salah,Rural,Public,Préscolaire,24,47,1961,0,0,0,1,1,29.91631,-11.49807
ETB11351,Lycée 424-RAB,2015-2016,Rabat-Salé-Kénitra,RAB,Salé,Urbain,Public,Qualifiant,6,96,1993,0,0,1,0,1,35.09844,-4.38068
ETB11352,École 371-MAR,2016-2017,Marrakech-Safi,MAR,Safi,Urbain,Public,Primaire,3,399,2006,0,0,1,1,0,31.97791,-12.78377
ETB11353,Jardin 225-CAS,2020-2021,Casablanca-Settat,CAS,Mohammadia,Rural,Privé,Préscolaire,22,55,1992,0,1,1,0,0,29.72955,-9.55904
ETB11354,École 323-SOU,2023-2024,Souss-Massa,SOU,Inezgane-Ait Melloul,Urbain,Public,Primaire,30,218,1963,1,0,1,1,0,31.3621,-8.43508
ETB11355,Collège 295-SOU,2017-2018,Souss-Massa,SOU,Tata,Rural,Public,Collégial,17,404,2019,0,0,0,1,1,28.30901,-8.44869
ETB11356,École 231-ORI,2017-2018,Oriental,ORI,Guercif,Urbain,Public,Primaire,19,455,1999,0,1,1,1,0,34.92603,-9.35767
ETB11357,Université 464-BMK,2023-2024,Béni Mellal-Khénifra,BMK,El Kelaa des Sraghna,Rural,Public,Supérieur,28,2639,1961,1,0,0,0,0,35.88493,-10.26133
ETB11358,Lycée 369-MAR,2020-2021,Marrakech-Safi,MAR,Essaouira,Urbain,Public,Qualifiant,4,258,2000,0,0,0,0,0,33.20141,-3.9129
ETB11359,Collège 158-TAN,2017-2018,Tanger-Tétouan-Al Hoceïma,TAN,Larache,Rural,Privé,Collégial,24,530,1962,1,0,0,0,0,35.15662,-1.58057
ETB11360,Université 392-CAS,2018-2019,Casablanca-Settat,CAS,El Jadida,Urbain,Public,Supérieur,19,3360,1987,1,1,0,1,0,27.97261,-4.11073
ETB11361,École 128-FES,2020-2021,Fès-Meknès,FES,Taounate,Urbain,Privé,Primaire,23,458,1964,1,1,0,0,1,28.86121,-6.41076
ETB11362,Collège 29-MAR,2017-2018,Marrakech-Safi,MAR,Al Haouz,Urbain,Public,Collégial,27,321,2010,0,0,0,1,0,33.01951,-1.98672
ETB11363,École 486-CAS,2022-2023,Casablanca-Settat,CAS,Berrechid,Urbain,Public,Primaire,24,212,1976,1,0,0,1,1,31.82907,-12.51434
ETB11364,Lycée 266-CAS,2021-2022,Casablanca-Settat,CAS,Benslimane,Urbain,Public,Qualifiant,23,238,2019,0,1,1,1,0,30.22407,-12.10518
ETB11365,Jardin 392-DRA,2023-2024,Drâa-Tafilalet,DRA,Zagora,Urbain,Public,Préscolaire,12,81,2014,0,1,1,1,1,29.11374,-5.07865
ETB11366,École 239-ORI,2020-2021,Oriental,ORI,Nador,Rural,Public,Primaire,19,342,1967,0,1,1,1,1,28.00845,-6.60963
ETB11367,École 435-BMK,2016-2017,Béni Mellal-Khénifra,BMK,Béni Mellal,Urbain,Public,Primaire,16,317,1991,1,1,0,1,0,31.48178,-1.0355
ETB11368,École 20-TAN,2020-2021,Tanger-Tétouan-Al Hoceïma,TAN,Fahs-Anjra,Urbain,Public,Primaire,8,503,1971,1,0,1,0,0,35.1095,-11.97301
ETB11369,Collège 219-MAR,2017-2018,Marrakech-Safi,MAR,Chichaoua,Urbain,Public,Collégial,16,216,1986,0,0,0,1,0,34.75066,-12.71717
ETB11370,Jardin 407-CAS,2019-2020,Casablanca-Settat,CAS,El Jadida,Urbain,Public,Préscolaire,29,33,1963,0,0,0,0,1,29.08646,-7.22347
ETB11371,Université 221-CAS,2020-2021,Casablanca-Settat,CAS,Khouribga,Urbain,Privé,Supérieur,33,942,2007,1,0,0,0,0,34.22123,-12.13798
ETB11372,Collège 4-DRA,2020-2021,Drâa-Tafilalet,DRA,Tinghir,Urbain,Privé,Collégial,13,504,2003,1,0,1,0,0,34.32335,-7.44088
ETB11373,École 157-CAS,2017-2018,Casablanca-Settat,CAS,Benslimane,Rural,Public,Primaire,22,277,1975,1,1,1,1,0,32.67782,-11.03224
ETB11374,Lycée 168-RAB,2016-2017,Rabat-Salé-Kénitra,RAB,Salé,Rural,Public,Qualifiant,21,535,1963,0,1,0,1,1,33.33635,-3.35574
ETB11375,OFPPT 497-FES,2020-2021,Fès-Meknès,FES,Meknès,Urbain,Privé,Formation Professionnelle,26,259,2001,1,1,0,1,1,29.52099,-7.21496
ETB11376,École 353-MAR,2017-2018,Marrakech-Safi,MAR,El Kelaa des Sraghna,Rural,Public,Primaire,22,332,1979,0,0,1,1,1,29.62637,-11.60939
ETB11377,École 135-MAR,2015-2016,Marrakech-Safi,MAR,Youssoufia,Urbain,Public,Primaire,33,397,1974,0,0,1,1,0,32.40489,-2.15781
ETB11378,École 170-BMK,2019-2020,Béni Mellal-Khénifra,BMK,Fquih Ben Salah,Urbain,Public,Primaire,11,299,1976,0,0,0,1,0,31.29529,-9.51437
ETB11379,École 276-MAR,2018-2019,Marrakech-Safi,MAR,Marrakech,Urbain,Public,Primaire,6,384,1984,1,0,1,0,0,32.01652,-4.81361
ETB11380,École 325-RAB,2020-2021,Rabat-Salé-Kénitra,RAB,Skhirate-Témara,Rural,Public,Primaire,12,314,2017,0,0,1,1,1,31.96557,-7.08329
ETB11381,Collège 368-MAR,2020-2021,Marrakech-Safi,MAR,Youssoufia,Urbain,Public,Collégial,7,289,2000,1,0,1,1,0,31.94554,-7.57574
ETB11382,Lycée 308-CAS,2020-2021,Casablanca-Settat,CAS,Casablanca,Urbain,Public,Qualifiant,19,341,2020,0,1,1,0,0,31.26911,-11.49968
ETB11383,Lycée 416-RAB,2015-2016,Rabat-Salé-Kénitra,RAB,Khémisset,Rural,Privé,Qualifiant,29,336,1972,1,0,1,1,0,35.89686,-6.77807
ETB11384,École 371-CAS,2019-2020,Casablanca-Settat,CAS,Benslimane,Urbain,Privé,Primaire,29,429,1996,0,1,1,0,0,31.7547,-11.89125
ETB11385,Université 154-SOU,2018-2019,Souss-Massa,SOU,Chtouka-Ait Baha,Urbain,Public,Supérieur,33,2014,1979,1,0,0,0,0,35.81231,-9.84846
ETB11386,École 219-SOU,2015-2016,Souss-Massa,SOU,Tata,Urbain,Public,Primaire,22,390,1997,0,0,0,1,0,32.19301,-4.08025
ETB11387,École 170-MAR,2018-2019,Marrakech-Safi,MAR,Chichaoua,Urbain,Public,Primaire,32,443,1991,1,0,0,1,1,28.14774,-10.80086
ETB11388,Université 497-FES,2023-2024,Fès-Meknès,FES,Ifrane,Urbain,Public,Supérieur,33,1955,1970,0,1,1,0,1,28.94658,-5.8707
ETB11389,École 82-FES,2015-2016,Fès-Meknès,FES,El Hajeb,Rural,Public,Primaire,4,508,1972,0,1,1,0,1,35.63697,-4.72699
ETB11390,École 248-CAS,2022-2023,Casablanca-Settat,CAS,Khouribga,Rural,Public,Primaire,30,230,1985,1,0,1,1,1,32.30184,-3.92435
ETB11391,École 35-FES,2021-2022,Fès-Meknès,FES,Séfrou,Urbain,Privé,Primaire,13,405,1964,0,1,0,0,0,31.75265,-9.74281
ETB11392,École 172-DAK,2015-2016,Dakhla-Oued Eddahab,DAK,Dakhla,Rural,Privé,Primaire,5,410,2010,0,0,0,1,0,34.2056,-6.46853
ETB11393,École 237-RAB,2021-2022,Rabat-Salé-Kénitra,RAB,Salé,Urbain,Privé,Primaire,8,221,2021,1,0,1,0,0,32.54535,-12.51035
ETB11394,Collège 434-LAA,2019-2020,Laâyoune-Sakia El Hamra,LAA,Tarfaya,Urbain,Public,Collégial,34,312,2014,1,0,1,1,0,29.83793,-6.22489
ETB11395,OFPPT 449-RAB,2020-2021,Rabat-Salé-Kénitra,RAB,Khémisset,Rural,Public,Formation Professionnelle,22,288,1972,1,0,0,1,0,30.68939,-11.98472
ETB11396,Collège 124-CAS,2017-2018,Casablanca-Settat,CAS,Settat,Rural,Privé,Collégial,31,244,2014,1,0,0,0,1,32.81224,-12.82207
ETB11397,École 320-CAS,2020-2021,Casablanca-Settat,CAS,Khouribga,Urbain,Public,Primaire,25,367,1996,1,0,1,1,1,35.08059,-5.92137
ETB11398,École 483-FES,2019-2020,Fès-Meknès,FES,El Hajeb,Rural,Public,Primaire,19,320,2006,0,1,0,1,0,30.39258,-3.69596
ETB11399,École 191-MAR,2019-2020,Marrakech-Safi,MAR,Al Haouz,Rural,Public,Primaire,33,301,1986,1,1,1,0,0,35.56924,-1.81036
ETB11400,École 168-RAB,2019-2020,Rabat-Salé-Kénitra,RAB,Sidi Slimane,Rural,Public,Primaire,34,503,2010,1,0,1,1,1,28.32252,-11.37918
ETB11401,École 258-FES,2020-2021,Fès-Meknès,FES,Ifrane,Urbain,Public,Primaire,29,236,1980,0,0,1,0,0,29.69531,-12.63325
ETB11402,École 421-FES,2015-2016,Fès-Meknès,FES,Séfrou,Rural,Privé,Primaire,3,359,1972,0,1,1,1,0,34.5496,-6.91751
ETB11403,École 99-CAS,2020-2021,Casablanca-Settat,CAS,Settat,Urbain,Public,Primaire,5,354,1978,0,0,1,0,0,34.58765,-10.79181
ETB11404,Université 74-SOU,2021-2022,Souss-Massa,SOU,Tata,Rural,Public,Supérieur,14,2583,2017,1,0,0,1,1,34.3102,-11.4629
ETB11405,Lycée 380-FES,2015-2016,Fès-Meknès,FES,Fès,Urbain,Privé,Qualifiant,12,330,1971,1,0,0,1,0,30.6634,-9.2161
ETB11406,École 324-FES,2018-2019,Fès-Meknès,FES,Meknès,Urbain,Public,Primaire,17,138,1965,1,0,0,0,0,30.24416,-3.46491
ETB11407,Lycée 241-TAN,2022-2023,Tanger-Tétouan-Al Hoceïma,TAN,Ouazzane,Rural,Public,Qualifiant,4,298,1975,1,0,1,1,0,32.01354,-7.91445
ETB11408,École 112-BMK,2015-2016,Béni Mellal-Khénifra,BMK,Azilal,Rural,Public,Primaire,9,318,1994,0,1,0,1,0,35.67875,-1.72101
ETB11409,École 228-CAS,2020-2021,Casablanca-Settat,CAS,Berrechid,Urbain,Public,Primaire,11,377,1978,1,1,1,1,1,33.39928,-8.41252
ETB11410,OFPPT 337-CAS,2018-2019,Casablanca-Settat,CAS,Benslimane,Urbain,Public,Formation Professionnelle,28,235,1960,1,0,1,0,0,28.72396,-7.90521
ETB11411,École 447-TAN,2019-2020,Tanger-Tétouan-Al Hoceïma,TAN,Larache,Urbain,Public,Primaire,3,400,1972,1,0,1,0,0,34.90879,-8.83905
ETB11412,Lycée 310-CAS,2017-2018,Casablanca-Settat,CAS,Berrechid,Urbain,Public,Qualifiant,22,336,1960,0,0,0,1,0,34.90722,-4.10334
ETB11413,Lycée 29-RAB,2017-2018,Rabat-Salé-Kénitra,RAB,Sidi Kacem,Rural,Public,Qualifiant,32,365,2020,1,0,0,0,0,32.45829,-12.67412
ETB11414,Collège 477-RAB,2020-2021,Rabat-Salé-Kénitra,RAB,Sidi Kacem,Rural,Public,Collégial,6,438,1964,0,0,0,1,0,29.69177,-8.00582
ETB11415,École 436-CAS,2019-2020,Casablanca-Settat,CAS,Casablanca,Urbain,Privé,Primaire,7,289,1970,0,1,0,1,0,30.29115,-3.9207
ETB11416,Lycée 26-CAS,2022-2023,Casablanca-Settat,CAS,Settat,Urbain,Public,Qualifiant,26,288,1962,1,0,1,1,0,28.44117,-11.32405
ETB11417,École 482-TAN,2022-2023,Tanger-Tétouan-Al Hoceïma,TAN,Tétouan,Rural,Public,Primaire,7,445,1995,1,0,0,0,0,30.13975,-10.84005
ETB11418,École 484-CAS,2016-2017,Casablanca-Settat,CAS,Khouribga,Urbain,Privé,Primaire,27,425,1992,0,1,1,1,0,30.78673,-6.90137
ETB11419,École 232-RAB,2018-2019,Rabat-Salé-Kénitra,RAB,Salé,Rural,Public,Primaire,16,324,2005,0,1,0,0,1,27.7457,-12.68466
ETB11420,École 428-BMK,2021-2022,Béni Mellal-Khénifra,BMK,El Kelaa des Sraghna,Urbain,Public,Primaire,5,423,2000,0,0,1,0,1,29.49529,-6.49628
ETB11421,École 391-MAR,2020-2021,Marrakech-Safi,MAR,Essaouira,Urbain,Public,Primaire,16,280,2004,0,1,1,1,1,29.63292,-8.40967
ETB11422,Collège 292-TAN,2020-2021,Tanger-Tétouan-Al Hoceïma,TAN,Al Hoceïma,Urbain,Public,Collégial,18,395,1961,0,0,1,1,0,29.45703,-11.28612
ETB11423,École 149-CAS,2021-2022,Casablanca-Settat,CAS,Berrechid,Urbain,Privé,Primaire,32,348,1960,0,0,1,1,1,29.0959,-1.8862
ETB11424,Collège 270-FES,2021-2022,Fès-Meknès,FES,El Hajeb,Rural,Public,Collégial,25,475,1970,0,1,0,1,1,32.7435,-2.16929
ETB11425,Université 266-TAN,2021-2022,Tanger-Tétouan-Al Hoceïma,TAN,Al Hoceïma,Urbain,Public,Supérieur,29,2766,2009,1,0,0,1,1,35.8336,-1.71759
ETB11426,OFPPT 267-CAS,2021-2022,Casablanca-Settat,CAS,Sidi Bennour,Rural,Public,Formation Professionnelle,4,232,1974,1,0,0,0,0,32.42151,-11.81624
ETB11427,École 263-SOU,2023-2024,Souss-Massa,SOU,Tiznit,Urbain,Privé,Primaire,24,278,2011,1,1,0,0,0,30.57031,-8.41754
ETB11428,École 289-CAS,2019-2020,Casablanca-Settat,CAS,Casablanca,Urbain,Privé,Primaire,26,202,2001,0,1,1,0,1,32.38182,-6.89626
ETB11429,Lycée 77-FES,2020-2021,Fès-Meknès,FES,El Hajeb,Rural,Privé,Qualifiant,20,558,2003,1,0,1,0,0,34.0682,-6.85717
ETB11430,Collège 230-MAR,2015-2016,Marrakech-Safi,MAR,Marrakech,Urbain,Public,Collégial,24,436,1965,0,0,1,1,1,35.46655,-11.88267
ETB11431,Lycée 405-MAR,2020-2021,Marrakech-Safi,MAR,El Kelaa des Sraghna,Urbain,Privé,Qualifiant,22,394,1975,0,1,0,1,0,32.12104,-5.59931
ETB11432,Jardin 366-MAR,2020-2021,Marrakech-Safi,MAR,Essaouira,Urbain,Public,Préscolaire,34,72,2006,1,0,1,1,0,30.39282,-4.44478
ETB11433,École 151-CAS,2015-2016,Casablanca-Settat,CAS,Casablanca,Urbain,Public,Primaire,10,280,1976,1,0,0,0,0,32.47185,-3.60675
ETB11434,École 156-BMK,2018-2019,Béni Mellal-Khénifra,BMK,Fquih Ben Salah,Rural,Public,Primaire,10,245,1960,0,1,0,1,0,31.53857,-8.9546
ETB11435,École 302-ORI,2023-2024,Oriental,ORI,Taourirt,Urbain,Public,Primaire,7,145,2007,1,1,1,1,1,31.23897,-8.31949
ETB11436,Collège 434-GUE,2017-2018,Guelmim-Oued Noun,GUE,Assa-Zag,Rural,Public,Collégial,20,541,1965,1,0,0,1,0,33.03001,-1.64688
ETB11437,Collège 99-BMK,2015-2016,Béni Mellal-Khénifra,BMK,Khouribga,Rural,Public,Collégial,18,409,1976,0,0,1,1,0,33.10899,-6.20999
ETB11438,Lycée 105-BMK,2019-2020,Béni Mellal-Khénifra,BMK,Khouribga,Urbain,Public,Qualifiant,17,425,1960,1,0,1,0,0,31.48607,-6.58846
ETB11439,Collège 349-LAA,2015-2016,Laâyoune-Sakia El Hamra,LAA,Es-Semara,Rural,Public,Collégial,28,254,1982,1,0,1,0,0,31.0841,-2.93829
ETB11440,Collège 225-TAN,2015-2016,Tanger-Tétouan-Al Hoceïma,TAN,Fahs-Anjra,Urbain,Public,Collégial,11,433,2016,0,1,1,1,0,27.95019,-4.835
ETB11441,École 278-ORI,2021-2022,Oriental,ORI,Jerada,Urbain,Public,Primaire,4,200,1999,0,0,0,1,1,29.37934,-3.11601
ETB11442,Collège 295-MAR,2021-2022,Marrakech-Safi,MAR,Al Haouz,Rural,Public,Collégial,19,247,2003,0,0,0,0,0,33.85372,-5.62208
ETB11443,École 405-SOU,2022-2023,Souss-Massa,SOU,Chtouka-Ait Baha,Urbain,Public,Primaire,13,263,2016,0,1,1,0,1,28.25901,-8.41399
ETB11444,École 211-CAS,2017-2018,Casablanca-Settat,CAS,Mohammadia,Rural,Public,Primaire,25,266,1985,0,0,0,1,1,34.36963,-8.28916
ETB11445,École 83-CAS,2019-2020,Casablanca-Settat,CAS,Benslimane,Rural,Public,Primaire,30,420,1993,0,0,1,1,0,32.12197,-7.55709
ETB11446,Jardin 33-ORI,2015-2016,Oriental,ORI,Taourirt,Urbain,Privé,Préscolaire,21,70,1988,1,1,0,1,0,29.46558,-3.1512
ETB11447,Lycée 235-FES,2021-2022,Fès-Meknès,FES,Ifrane,Urbain,Public,Qualifiant,18,430,1983,1,1,1,0,0,31.33349,-12.78047
ETB11448,Collège 380-RAB,2022-2023,Rabat-Salé-Kénitra,RAB,Khémisset,Rural,Privé,Collégial,7,400,2011,0,1,0,0,0,28.29608,-3.81291
ETB11449,Jardin 23-MAR,2023-2024,Marrakech-Safi,MAR,Marrakech,Urbain,Public,Préscolaire,19,56,2016,0,1,1,1,0,31.81991,-7.33955
ETB11450,Lycée 104-CAS,2015-2016,Casablanca-Settat,CAS,Mohammadia,Urbain,Public,Qualifiant,19,346,1996,0,0,1,1,1,34.36994,-10.72103
ETB11451,Collège 113-RAB,2020-2021,Rabat-Salé-Kénitra,RAB,Rabat,Rural,Privé,Collégial,22,426,2020,1,0,0,1,0,32.32048,-8.49883
ETB11452,Lycée 83-TAN,2016-2017,Tanger-Tétouan-Al Hoceïma,TAN,Ouazzane,Rural,Public,Qualifiant,11,364,1989,1,0,0,0,0,32.28054,-4.54091
ETB11453,Collège 304-MAR,2019-2020,Marrakech-Safi,MAR,Al Haouz,Rural,Public,Collégial,9,664,2003,0,0,0,0,1,30.6159,-8.00142
ETB11454,École 424-CAS,2017-2018,Casablanca-Settat,CAS,Sidi Bennour,Urbain,Public,Primaire,26,336,1967,1,0,0,0,1,30.7493,-8.53095
ETB11455,Collège 327-RAB,2018-2019,Rabat-Salé-Kénitra,RAB,Sidi Slimane,Urbain,Public,Collégial,14,413,2004,1,0,1,1,0,33.19122,-3.9
ETB11456,Lycée 232-MAR,2019-2020,Marrakech-Safi,MAR,Youssoufia,Urbain,Public,Qualifiant,18,354,1960,0,1,0,1,0,32.753,-7.21659
ETB11457,Jardin 49-RAB,2018-2019,Rabat-Salé-Kénitra,RAB,Rabat,Urbain,Privé,Préscolaire,28,59,1994,1,0,1,1,1,29.68668,-8.52354
ETB11458,OFPPT 146-MAR,2016-2017,Marrakech-Safi,MAR,Al Haouz,Urbain,Privé,Formation Professionnelle,18,350,1995,1,0,1,0,1,33.03921,-8.08616
ETB11459,École 345-SOU,2019-2020,Souss-Massa,SOU,Agadir-Ida-Ou-Tanane,Rural,Public,Primaire,13,209,2003,0,0,0,1,1,28.98388,-9.26373
ETB11460,École 127-FES,2015-2016,Fès-Meknès,FES,Boulemane,Rural,Privé,Primaire,32,266,2021,0,0,1,0,0,32.00175,-2.43234
ETB11461,OFPPT 439-MAR,2022-2023,Marrakech-Safi,MAR,Safi,Rural,Public,Formation Professionnelle,19,285,1972,1,1,0,0,0,32.76996,-5.31833
ETB11462,Jardin 282-RAB,2017-2018,Rabat-Salé-Kénitra,RAB,Sidi Kacem,Rural,Public,Préscolaire,21,72,1969,1,1,0,1,0,28.84155,-10.51283
ETB11463,Collège 378-SOU,2020-2021,Souss-Massa,SOU,Agadir-Ida-Ou-Tanane,Rural,Public,Collégial,26,383,1994,0,1,1,1,1,29.66762,-3.02118
ETB11464,École 161-SOU,2015-2016,Souss-Massa,SOU,Tata,Urbain,Public,Primaire,28,263,1961,1,1,1,0,1,33.60745,-8.45219
ETB11465,Lycée 392-CAS,2023-2024,Casablanca-Settat,CAS,Settat,Urbain,Public,Qualifiant,32,348,1998,0,1,1,0,1,31.06227,-4.5038
ETB11466,Collège 138-RAB,2015-2016,Rabat-Salé-Kénitra,RAB,Skhirate-Témara,Urbain,Public,Collégial,13,542,1992,1,1,1,1,0,34.05104,-10.62418
ETB11467,École 76-TAN,2020-2021,Tanger-Tétouan-Al Hoceïma,TAN,Fahs-Anjra,Rural,Public,Primaire,31,480,2002,0,0,0,1,1,32.17673,-7.82795
ETB11468,École 482-CAS,2022-2023,Casablanca-Settat,CAS,El Jadida,Rural,Public,Primaire,15,195,1984,0,0,0,1,0,32.79828,-10.29039
ETB11469,Collège 333-TAN,2023-2024,Tanger-Tétouan-Al Hoceïma,TAN,Mdiq-Fnideq,Rural,Public,Collégial,4,481,1986,1,1,1,1,0,31.91773,-13.01475
ETB11470,Collège 111-TAN,2023-2024,Tanger-Tétouan-Al Hoceïma,TAN,Chefchaouen,Rural,Public,Collégial,19,490,2007,0,0,0,1,0,35.29021,-11.04762
ETB11471,Collège 9-DRA,2020-2021,Drâa-Tafilalet,DRA,Ouarzazate,Urbain,Public,Collégial,12,365,1997,1,1,1,0,0,35.62595,-10.34257
ETB11472,Collège 18-MAR,2022-2023,Marrakech-Safi,MAR,Marrakech,Urbain,Public,Collégial,16,297,1962,1,1,0,1,1,33.05133,-11.53276
ETB11473,Lycée 468-MAR,2016-2017,Marrakech-Safi,MAR,Chichaoua,Urbain,Public,Qualifiant,20,247,1988,1,1,1,1,0,27.84664,-1.30665
ETB11474,Lycée 374-DRA,2018-2019,Drâa-Tafilalet,DRA,Errachidia,Urbain,Public,Qualifiant,31,330,1970,0,1,1,1,0,29.31135,-9.19162
ETB11475,Lycée 58-RAB,2022-2023,Rabat-Salé-Kénitra,RAB,Sidi Slimane,Rural,Privé,Qualifiant,9,384,2003,1,1,1,1,1,29.97173,-7.96714
ETB11476,Collège 261-MAR,2023-2024,Marrakech-Safi,MAR,Marrakech,Rural,Public,Collégial,9,391,1965,1,1,0,1,1,30.00306,-4.14098
ETB11477,École 475-CAS,2021-2022,Casablanca-Settat,CAS,Mohammadia,Urbain,Public,Primaire,20,321,2005,0,1,0,1,1,33.10044,-4.49941
ETB11478,École 422-TAN,2018-2019,Tanger-Tétouan-Al Hoceïma,TAN,Ouazzane,Urbain,Public,Primaire,9,364,1965,0,1,1,1,1,28.87492,-9.06894
ETB11479,Collège 197-SOU,2023-2024,Souss-Massa,SOU,Chtouka-Ait Baha,Urbain,Public,Collégial,26,397,1963,0,0,0,1,1,33.28075,-11.21299
ETB11480,Collège 8-CAS,2016-2017,Casablanca-Settat,CAS,Benslimane,Rural,Public,Collégial,32,341,2009,1,1,0,1,0,31.89134,-3.45441
ETB11481,Lycée 207-CAS,2017-2018,Casablanca-Settat,CAS,Mohammadia,Urbain,Public,Qualifiant,6,543,2016,0,1,1,1,0,29.7612,-4.69632
ETB11482,École 374-TAN,2019-2020,Tanger-Tétouan-Al Hoceïma,TAN,Ouazzane,Urbain,Public,Primaire,5,317,2007,0,0,0,1,0,34.32629,-6.10579
ETB11483,École 449-RAB,2019-2020,Rabat-Salé-Kénitra,RAB,Sidi Kacem,Rural,Public,Primaire,19,283,2003,0,0,0,1,0,31.9144,-11.83204
ETB11484,École 82-RAB,2017-2018,Rabat-Salé-Kénitra,RAB,Khémisset,Rural,Public,Primaire,18,375,1998,0,0,0,1,0,35.6819,-2.01326
ETB11485,OFPPT 458-CAS,2019-2020,Casablanca-Settat,CAS,Benslimane,Rural,Public,Formation Professionnelle,26,401,1998,0,0,0,1,0,30.23062,-10.75944
ETB11486,École 363-CAS,2019-2020,Casablanca-Settat,CAS,Casablanca,Urbain,Privé,Primaire,28,317,1966,1,1,0,1,0,35.15393,-8.97699
ETB11487,École 36-FES,2018-2019,Fès-Meknès,FES,Fès,Urbain,Public,Primaire,14,324,2003,1,1,1,1,1,28.52506,-11.68175
ETB11488,École 175-MAR,2016-2017,Marrakech-Safi,MAR,Safi,Urbain,Public,Primaire,30,276,2002,0,0,1,1,1,32.94762,-4.85558
ETB11489,Lycée 9-LAA,2022-2023,Laâyoune-Sakia El Hamra,LAA,Boujdour,Urbain,Public,Qualifiant,5,283,1992,0,0,0,1,0,28.0275,-3.91579
ETB11490,Jardin 383-RAB,2020-2021,Rabat-Salé-Kénitra,RAB,Khémisset,Urbain,Public,Préscolaire,19,65,2019,1,0,1,0,0,31.83662,-10.57439
ETB11491,École 385-BMK,2018-2019,Béni Mellal-Khénifra,BMK,Béni Mellal,Urbain,Privé,Primaire,32,291,2002,1,1,0,1,0,35.48405,-11.72457
ETB11492,École 125-DRA,2019-2020,Drâa-Tafilalet,DRA,Errachidia,Urbain,Public,Primaire,33,252,1981,0,1,1,0,1,33.36563,-9.44723
ETB11493,Collège 415-TAN,2019-2020,Tanger-Tétouan-Al Hoceïma,TAN,Tétouan,Urbain,Public,Collégial,14,544,2013,1,0,0,0,0,30.95607,-1.45552
ETB11494,École 330-RAB,2019-2020,Rabat-Salé-Kénitra,RAB,Kénitra,Rural,Public,Primaire,3,348,1987,1,0,0,0,0,29.61305,-3.23661
ETB11495,École 103-MAR,2020-2021,Marrakech-Safi,MAR,Youssoufia,Rural,Public,Primaire,18,167,2009,1,0,1,0,0,32.75239,-3.11611
ETB11496,Lycée 225-RAB,2015-2016,Rabat-Salé-Kénitra,RAB,Skhirate-Témara,Urbain,Public,Qualifiant,5,470,1994,0,1,0,1,0,34.16321,-7.50695
ETB11497,Lycée 470-MAR,2017-2018,Marrakech-Safi,MAR,Marrakech,Rural,Public,Qualifiant,4,483,2000,1,1,1,1,0,27.86945,-1.75699
ETB11498,Jardin 405-DRA,2021-2022,Drâa-Tafilalet,DRA,Tinghir,Urbain,Public,Préscolaire,30,44,1983,0,1,1,1,0,31.10326,-9.82225
ETB11499,École 66-CAS,2019-2020,Casablanca-Settat,CAS,El Jadida,Rural,Public,Primaire,16,361,1986,0,1,0,0,0,34.44423,-4.16138
ETB11500,OFPPT 96-RAB,2019-2020,Rabat-Salé-Kénitra,RAB,Khémisset,Rural,Public,Formation Professionnelle,15,332,1974,1,0,1,1,0,33.44668,-8.05318
ETB11501,École 437-RAB,2015-2016,Rabat-Salé-Kénitra,RAB,Sidi Kacem,Urbain,Public,Primaire,23,295,1963,1,0,1,1,1,31.93471,-9.04778
ETB11502,Collège 31-TAN,2015-2016,Tanger-Tétouan-Al Hoceïma,TAN,Tanger-Assilah,Urbain,Public,Collégial,30,436,1981,1,0,0,0,1,28.26393,-8.37844
ETB11503,Université 150-RAB,2021-2022,Rabat-Salé-Kénitra,RAB,Salé,Urbain,Public,Supérieur,18,1730,2009,0,0,0,1,1,35.75796,-5.42797
ETB11504,Lycée 286-BMK,2018-2019,Béni Mellal-Khénifra,BMK,Azilal,Urbain,Public,Qualifiant,26,332,1977,1,0,1,1,1,28.77017,-2.3587
ETB11505,Collège 251-MAR,2022-2023,Marrakech-Safi,MAR,El Kelaa des Sraghna,Urbain,Privé,Collégial,15,279,2020,0,0,0,0,0,28.98909,-2.91394
ETB11506,École 153-CAS,2015-2016,Casablanca-Settat,CAS,Sidi Bennour,Urbain,Privé,Primaire,17,299,1992,0,1,1,1,1,29.22,-6.90258
ETB11507,Collège 102-FES,2021-2022,Fès-Meknès,FES,Moulay Yacoub,Urbain,Public,Collégial,32,411,2010,1,0,1,0,0,28.02332,-12.98901
ETB11508,Collège 108-FES,2022-2023,Fès-Meknès,FES,Séfrou,Urbain,Privé,Collégial,29,429,1989,1,0,1,0,0,32.92325,-5.55334
ETB11509,Lycée 370-CAS,2015-2016,Casablanca-Settat,CAS,Berrechid,Urbain,Privé,Qualifiant,20,362,1984,0,0,1,1,1,35.51886,-3.34904
ETB11510,Collège 120-SOU,2015-2016,Souss-Massa,SOU,Tiznit,Rural,Public,Collégial,13,352,1976,0,0,0,1,0,30.4514,-9.5491
ETB11511,Université 462-ORI,2017-2018,Oriental,ORI,Berkane,Rural,Privé,Supérieur,20,2446,2005,0,1,0,1,1,31.57486,-5.53745
ETB11512,École 232-MAR,2015-2016,Marrakech-Safi,MAR,Essaouira,Rural,Public,Primaire,30,478,1960,1,0,1,1,0,27.80572,-2.10578
ETB11513,Collège 309-TAN,2019-2020,Tanger-Tétouan-Al Hoceïma,TAN,Mdiq-Fnideq,Rural,Public,Collégial,30,199,1980,0,0,0,0,0,30.65192,-11.27717
ETB11514,École 23-SOU,2018-2019,Souss-Massa,SOU,Agadir-Ida-Ou-Tanane,Urbain,Public,Primaire,5,305,1962,1,0,1,0,1,32.6719,-7.01218
ETB11515,École 164-DRA,2021-2022,Drâa-Tafilalet,DRA,Tinghir,Urbain,Public,Primaire,14,314,2005,0,1,0,0,1,28.85149,-12.30266
ETB11516,École 202-SOU,2018-2019,Souss-Massa,SOU,Tata,Urbain,Privé,Primaire,31,329,1967,1,1,1,0,0,28.35615,-3.0858
ETB11517,Collège 122-CAS,2021-2022,Casablanca-Settat,CAS,Settat,Urbain,Public,Collégial,16,322,1970,1,1,1,1,0,28.78457,-3.70237
ETB11518,École 94-LAA,2020-2021,Laâyoune-Sakia El Hamra,LAA,Tarfaya,Urbain,Public,Primaire,13,451,1986,1,1,0,1,1,35.10516,-4.07059
ETB11519,École 376-SOU,2022-2023,Souss-Massa,SOU,Chtouka-Ait Baha,Rural,Public,Primaire,17,110,1979,0,1,1,1,0,33.94881,-8.11377
ETB11520,École 256-CAS,2015-2016,Casablanca-Settat,CAS,Khouribga,Urbain,Public,Primaire,8,394,2016,0,1,1,0,0,30.4011,-3.59332
ETB11521,Collège 436-FES,2019-2020,Fès-Meknès,FES,Ifrane,Rural,Public,Collégial,13,473,1990,1,0,1,1,0,29.93213,-3.67437
ETB11522,Collège 414-MAR,2015-2016,Marrakech-Safi,MAR,Marrakech,Rural,Public,Collégial,10,570,1960,1,0,0,0,1,31.89357,-11.72646
ETB11523,École 78-MAR,2016-2017,Marrakech-Safi,MAR,Marrakech,Urbain,Public,Primaire,34,252,2010,1,0,0,0,1,32.89249,-10.38657
ETB11524,Collège 199-CAS,2015-2016,Casablanca-Settat,CAS,Berrechid,Urbain,Public,Collégial,24,429,2005,1,0,0,1,1,28.19274,-11.0533
ETB11525,Collège 61-BMK,2021-2022,Béni Mellal-Khénifra,BMK,El Kelaa des Sraghna,Urbain,Public,Collégial,15,505,1981,0,0,1,1,0,28.66496,-8.36914
ETB11526,Lycée 134-RAB,2018-2019,Rabat-Salé-Kénitra,RAB,Rabat,Rural,Public,Qualifiant,6,324,1998,1,1,0,0,1,28.40585,-10.65463
ETB11527,Collège 281-CAS,2015-2016,Casablanca-Settat,CAS,Mohammadia,Urbain,Public,Collégial,26,516,1979,1,0,1,1,0,32.59921,-7.04282
ETB11528,École 67-CAS,2021-2022,Casablanca-Settat,CAS,Berrechid,Rural,Public,Primaire,5,316,2010,1,0,0,1,1,29.76812,-1.92178
ETB11529,École 486-RAB,2023-2024,Rabat-Salé-Kénitra,RAB,Rabat,Urbain,Public,Primaire,21,229,2004,1,0,1,0,0,29.16837,-2.22581
ETB11530,École 339-CAS,2018-2019,Casablanca-Settat,CAS,Berrechid,Urbain,Public,Primaire,15,209,2002,0,1,1,1,0,35.20337,-8.14719
ETB11531,Jardin 147-FES,2021-2022,Fès-Meknès,FES,Boulemane,Urbain,Public,Préscolaire,18,61,1993,1,0,1,0,1,29.42765,-6.8379
ETB11532,Collège 156-CAS,2018-2019,Casablanca-Settat,CAS,Settat,Rural,Public,Collégial,33,495,1969,1,0,0,1,0,32.99753,-1.69504
ETB11533,École 371-CAS,2017-2018,Casablanca-Settat,CAS,Benslimane,Rural,Public,Primaire,19,223,1978,1,1,1,0,0,27.72545,-10.04556
ETB11534,Jardin 236-TAN,2023-2024,Tanger-Tétouan-Al Hoceïma,TAN,Ouazzane,Rural,Public,Préscolaire,18,32,1978,1,0,1,1,1,31.4886,-3.90407
ETB11535,Collège 182-TAN,2023-2024,Tanger-Tétouan-Al Hoceïma,TAN,Chefchaouen,Urbain,Public,Collégial,14,678,1960,1,1,1,1,0,34.57807,-11.84179
ETB11536,École 447-ORI,2018-2019,Oriental,ORI,Oujda-Angad,Rural,Public,Primaire,7,375,1961,0,0,0,0,0,33.91205,-4.13295
ETB11537,Collège 141-TAN,2023-2024,Tanger-Tétouan-Al Hoceïma,TAN,Al Hoceïma,Urbain,Public,Collégial,29,402,1980,0,1,1,1,0,31.86945,-10.7809
ETB11538,Lycée 78-TAN,2019-2020,Tanger-Tétouan-Al Hoceïma,TAN,Mdiq-Fnideq,Urbain,Public,Qualifiant,10,484,1984,1,1,0,1,1,33.12607,-10.01977
ETB11539,École 448-CAS,2015-2016,Casablanca-Settat,CAS,Settat,Urbain,Public,Primaire,24,518,2009,0,0,0,0,0,30.29246,-7.45426
ETB11540,Université 273-RAB,2019-2020,Rabat-Salé-Kénitra,RAB,Salé,Urbain,Public,Supérieur,21,2862,2021,0,0,0,0,0,30.07831,-6.24762
ETB11541,Université 221-FES,2019-2020,Fès-Meknès,FES,Ifrane,Rural,Public,Supérieur,6,2454,2010,1,0,1,0,1,30.8355,-12.62173
ETB11542,École 485-ORI,2022-2023,Oriental,ORI,Taourirt,Urbain,Privé,Primaire,20,351,1986,1,1,1,1,0,29.17734,-5.89396
ETB11543,École 272-RAB,2019-2020,Rabat-Salé-Kénitra,RAB,Sidi Kacem,Urbain,Public,Primaire,32,394,1973,1,0,0,0,0,31.2707,-11.84827
ETB11544,École 459-FES,2016-2017,Fès-Meknès,FES,Taounate,Rural,Public,Primaire,4,345,2008,0,1,0,1,1,32.89547,-11.9614
ETB11545,École 346-CAS,2018-2019,Casablanca-Settat,CAS,El Jadida,Rural,Privé,Primaire,20,304,2020,1,0,1,0,0,33.25478,-3.52662
ETB11546,Lycée 271-RAB,2017-2018,Rabat-Salé-Kénitra,RAB,Rabat,Urbain,Privé,Qualifiant,29,247,1977,1,0,1,1,0,27.75206,-1.74141
ETB11547,Collège 365-CAS,2019-2020,Casablanca-Settat,CAS,Settat,Urbain,Public,Collégial,12,532,2017,0,0,1,1,1,33.14107,-10.57137
ETB11548,École 273-TAN,2016-2017,Tanger-Tétouan-Al Hoceïma,TAN,Ouazzane,Rural,Public,Primaire,13,318,1995,1,0,0,1,1,28.35846,-3.06027
ETB11549,École 212-TAN,2021-2022,Tanger-Tétouan-Al Hoceïma,TAN,Larache,Rural,Public,Primaire,9,295,2018,1,0,1,1,1,31.25432,-6.21815
ETB11550,École 445-CAS,2019-2020,Casablanca-Settat,CAS,Khouribga,Urbain,Public,Primaire,8,349,1973,1,0,0,1,0,32.48501,-4.67503
ETB11551,École 434-MAR,2021-2022,Marrakech-Safi,MAR,El Kelaa des Sraghna,Urbain,Privé,Primaire,31,282,2019,1,1,0,1,0,28.64579,-10.48371
ETB11552,École 397-ORI,2023-2024,Oriental,ORI,Guercif,Rural,Privé,Primaire,5,408,1993,1,0,1,1,0,32.8308,-9.84169
ETB11553,Collège 294-FES,2020-2021,Fès-Meknès,FES,Meknès,Rural,Public,Collégial,28,399,2000,1,0,1,1,1,32.88123,-9.26312
ETB11554,Jardin 167-CAS,2023-2024,Casablanca-Settat,CAS,Mohammadia,Rural,Public,Préscolaire,28,47,2013,1,0,1,1,1,30.99977,-9.09294
ETB11555,Collège 262-RAB,2016-2017,Rabat-Salé-Kénitra,RAB,Kénitra,Rural,Public,Collégial,24,475,1980,1,1,0,1,0,28.98045,-8.83102
ETB11556,Lycée 159-CAS,2022-2023,Casablanca-Settat,CAS,Casablanca,Urbain,Public,Qualifiant,16,395,1998,1,1,1,1,1,31.78852,-10.5596
ETB11557,Collège 264-ORI,2017-2018,Oriental,ORI,Jerada,Urbain,Public,Collégial,10,393,1971,0,0,1,1,1,31.6989,-10.37858
ETB11558,Lycée 68-FES,2022-2023,Fès-Meknès,FES,Ifrane,Rural,Public,Qualifiant,28,448,1995,1,0,0,0,0,33.3581,-8.55235
ETB11559,Lycée 31-CAS,2019-2020,Casablanca-Settat,CAS,Benslimane,Urbain,Public,Qualifiant,34,503,2011,1,1,1,0,1,28.80042,-11.96638
ETB11560,Lycée 174-TAN,2018-2019,Tanger-Tétouan-Al Hoceïma,TAN,Tanger-Assilah,Rural,Public,Qualifiant,16,459,1995,0,0,0,1,0,30.68765,-3.16687
ETB11561,École 127-CAS,2022-2023,Casablanca-Settat,CAS,Khouribga,Rural,Public,Primaire,14,411,2011,1,1,1,1,1,33.55714,-8.17051
ETB11562,École 258-RAB,2023-2024,Rabat-Salé-Kénitra,RAB,Sidi Slimane,Urbain,Public,Primaire,8,172,1968,0,0,1,1,1,32.10698,-6.24937
ETB11563,Collège 471-CAS,2022-2023,Casablanca-Settat,CAS,Casablanca,Rural,Public,Collégial,4,265,1978,1,1,1,0,0,35.81616,-12.82902
ETB11564,Collège 209-CAS,2017-2018,Casablanca-Settat,CAS,Khouribga,Rural,Public,Collégial,32,496,2020,1,0,0,1,1,32.21105,-3.11294
ETB11565,École 80-MAR,2019-2020,Marrakech-Safi,MAR,Safi,Urbain,Public,Primaire,18,279,2001,0,1,0,1,0,34.55618,-10.55459
ETB11566,Collège 131-DRA,2016-2017,Drâa-Tafilalet,DRA,Midelt,Urbain,Public,Collégial,10,506,1968,1,0,0,1,0,28.03897,-2.96347
ETB11567,Collège 335-CAS,2018-2019,Casablanca-Settat,CAS,Benslimane,Urbain,Public,Collégial,26,642,1987,0,0,1,0,0,28.57492,-13.13654
ETB11568,Collège 242-MAR,2021-2022,Marrakech-Safi,MAR,Chichaoua,Rural,Public,Collégial,33,431,1995,0,0,1,1,0,29.36345,-9.21334
ETB11569,École 139-CAS,2017-2018,Casablanca-Settat,CAS,Benslimane,Rural,Public,Primaire,24,386,2019,1,1,0,0,0,29.64352,-4.49513
ETB11570,École 347-MAR,2015-2016,Marrakech-Safi,MAR,Youssoufia,Rural,Public,Primaire,4,195,1976,0,0,0,1,1,28.76175,-9.1126
ETB11571,École 196-MAR,2023-2024,Marrakech-Safi,MAR,Essaouira,Urbain,Privé,Primaire,21,359,1974,1,0,0,1,0,33.42159,-7.59586
ETB11572,Collège 195-SOU,2021-2022,Souss-Massa,SOU,Agadir-Ida-Ou-Tanane,Rural,Public,Collégial,8,355,2005,0,0,0,1,0,34.25274,-6.8612
ETB11573,OFPPT 382-RAB,2021-2022,Rabat-Salé-Kénitra,RAB,Sidi Kacem,Rural,Public,Formation Professionnelle,10,368,1995,1,1,0,0,0,32.04054,-3.90656
ETB11574,École 323-FES,2017-2018,Fès-Meknès,FES,Meknès,Urbain,Public,Primaire,5,410,1961,0,0,0,0,1,28.46843,-8.39978
ETB11575,Jardin 282-FES,2022-2023,Fès-Meknès,FES,Meknès,Urbain,Public,Préscolaire,4,73,2007,0,0,1,1,1,28.60088,-11.1905
ETB11576,École 322-MAR,2020-2021,Marrakech-Safi,MAR,Essaouira,Rural,Public,Primaire,7,351,1998,0,0,0,1,1,31.24115,-10.06221
ETB11577,Jardin 410-FES,2018-2019,Fès-Meknès,FES,Ifrane,Urbain,Privé,Préscolaire,10,78,1973,0,0,1,1,0,28.74447,-12.79587
ETB11578,Lycée 338-SOU,2021-2022,Souss-Massa,SOU,Taroudannt,Urbain,Public,Qualifiant,21,366,2003,1,0,0,1,0,34.29255,-7.10063
ETB11579,Collège 424-MAR,2023-2024,Marrakech-Safi,MAR,Youssoufia,Rural,Privé,Collégial,25,544,1983,0,0,1,1,0,30.28528,-1.36886
ETB11580,Collège 71-RAB,2018-2019,Rabat-Salé-Kénitra,RAB,Khémisset,Urbain,Public,Collégial,29,467,2019,0,1,1,0,1,28.57067,-3.29379
ETB11581,Université 269-TAN,2018-2019,Tanger-Tétouan-Al Hoceïma,TAN,Tanger-Assilah,Urbain,Privé,Supérieur,8,3333,1972,1,1,1,1,0,34.58046,-5.95636
ETB11582,Lycée 488-RAB,2017-2018,Rabat-Salé-Kénitra,RAB,Rabat,Urbain,Public,Qualifiant,10,245,1960,1,1,1,1,0,29.00316,-6.45664
ETB11583,Lycée 158-CAS,2023-2024,Casablanca-Settat,CAS,Settat,Rural,Public,Qualifiant,32,407,2017,0,0,1,1,1,29.21413,-6.30175
ETB11584,Collège 361-MAR,2017-2018,Marrakech-Safi,MAR,Youssoufia,Rural,Public,Collégial,19,457,1982,1,0,1,0,1,31.75963,-9.59998
ETB11585,École 480-BMK,2023-2024,Béni Mellal-Khénifra,BMK,Béni Mellal,Rural,Privé,Primaire,24,352,1988,0,0,1,0,0,29.75035,-11.39653
ETB11586,Lycée 499-CAS,2017-2018,Casablanca-Settat,CAS,Settat,Urbain,Public,Qualifiant,24,422,1989,0,0,1,1,1,29.17813,-4.45554
ETB11587,École 111-SOU,2015-2016,Souss-Massa,SOU,Chtouka-Ait Baha,Urbain,Public,Primaire,28,252,1994,0,0,1,1,1,35.38322,-11.81638
ETB11588,Lycée 214-RAB,2015-2016,Rabat-Salé-Kénitra,RAB,Skhirate-Témara,Rural,Public,Qualifiant,14,316,2013,1,1,1,0,0,34.05449,-12.77365
ETB11589,Collège 330-FES,2023-2024,Fès-Meknès,FES,Taza,Rural,Privé,Collégial,33,558,2006,0,0,1,1,1,31.26618,-5.93848
ETB11590,École 422-FES,2020-2021,Fès-Meknès,FES,Meknès,Urbain,Public,Primaire,30,438,2016,1,0,1,1,0,31.12433,-8.23957
ETB11591,Jardin 390-BMK,2015-2016,Béni Mellal-Khénifra,BMK,Béni Mellal,Urbain,Public,Préscolaire,25,47,1983,0,1,0,1,1,35.22894,-2.93442
ETB11592,Collège 479-CAS,2019-2020,Casablanca-Settat,CAS,Benslimane,Rural,Public,Collégial,11,332,1978,1,0,1,1,0,35.20721,-3.60623
ETB11593,Jardin 193-BMK,2021-2022,Béni Mellal-Khénifra,BMK,Khouribga,Urbain,Public,Préscolaire,14,98,1972,1,1,0,1,1,31.51767,-7.58755
ETB11594,Collège 316-MAR,2019-2020,Marrakech-Safi,MAR,Essaouira,Urbain,Privé,Collégial,5,484,1990,0,0,1,0,0,28.99374,-7.81255
ETB11595,Lycée 385-RAB,2018-2019,Rabat-Salé-Kénitra,RAB,Skhirate-Témara,Urbain,Public,Qualifiant,18,345,2004,0,1,0,1,0,33.3268,-9.29133
ETB11596,Lycée 111-CAS,2023-2024,Casablanca-Settat,CAS,Mohammadia,Rural,Privé,Qualifiant,33,316,1970,0,0,0,1,0,31.32215,-7.59715
ETB11597,École 162-FES,2023-2024,Fès-Meknès,FES,El Hajeb,Urbain,Public,Primaire,20,378,1996,0,0,0,0,0,33.30957,-12.80383
ETB11598,Collège 148-TAN,2016-2017,Tanger-Tétouan-Al Hoceïma,TAN,Fahs-Anjra,Urbain,Public,Collégial,11,399,2015,1,1,1,0,1,27.74639,-13.18326
ETB11599,Jardin 173-SOU,2015-2016,Souss-Massa,SOU,Agadir-Ida-Ou-Tanane,Urbain,Public,Préscolaire,25,59,1979,1,0,0,0,0,32.89255,-3.59637
ETB11600,Université 189-DRA,2016-2017,Drâa-Tafilalet,DRA,Ouarzazate,Urbain,Public,Supérieur,15,4311,2006,0,1,0,1,0,33.745,-7.16095
ETB11601,École 67-CAS,2021-2022,Casablanca-Settat,CAS,Settat,Urbain,Privé,Primaire,7,347,1993,1,0,1,0,1,30.82141,-4.4021
ETB11602,Collège 446-RAB,2022-2023,Rabat-Salé-Kénitra,RAB,Kénitra,Rural,Public,Collégial,30,279,2019,0,1,0,0,0,32.62008,-5.2608
ETB11603,École 152-MAR,2019-2020,Marrakech-Safi,MAR,El Kelaa des Sraghna,Rural,Privé,Primaire,15,325,2008,0,0,1,1,0,30.48689,-2.88292
ETB11604,Lycée 207-BMK,2020-2021,Béni Mellal-Khénifra,BMK,Fquih Ben Salah,Rural,Public,Qualifiant,17,490,2006,1,0,0,1,0,33.86996,-12.83021
ETB11605,Jardin 150-FES,2015-2016,Fès-Meknès,FES,Fès,Rural,Public,Préscolaire,34,53,1975,1,1,1,1,0,29.8254,-13.0491
ETB11606,Collège 383-FES,2016-2017,Fès-Meknès,FES,Taza,Urbain,Public,Collégial,17,623,2020,1,1,1,0,0,31.33563,-10.05102
ETB11607,École 276-ORI,2016-2017,Oriental,ORI,Nador,Urbain,Public,Primaire,27,224,1973,0,0,1,0,0,32.4484,-2.32577
ETB11608,Jardin 48-RAB,2021-2022,Rabat-Salé-Kénitra,RAB,Skhirate-Témara,Urbain,Public,Préscolaire,14,97,2006,0,0,1,1,0,31.71592,-6.51166
ETB11609,Collège 68-FES,2018-2019,Fès-Meknès,FES,Meknès,Urbain,Public,Collégial,33,540,1965,1,0,0,0,0,32.78203,-5.61436
ETB11610,École 357-RAB,2015-2016,Rabat-Salé-Kénitra,RAB,Skhirate-Témara,Urbain,Public,Primaire,6,463,1963,1,0,1,1,0,29.84101,-8.75079
ETB11611,Université 465-FES,2017-2018,Fès-Meknès,FES,Moulay Yacoub,Urbain,Public,Supérieur,26,2661,1979,0,1,0,1,0,27.94052,-12.352
ETB11612,Collège 11-CAS,2022-2023,Casablanca-Settat,CAS,Benslimane,Rural,Public,Collégial,30,374,1968,1,0,0,0,0,34.49367,-4.08845
ETB11613,École 123-TAN,2016-2017,Tanger-Tétouan-Al Hoceïma,TAN,Al Hoceïma,Rural,Public,Primaire,13,172,1970,1,0,1,1,1,30.66739,-12.79813
ETB11614,École 436-SOU,2022-2023,Souss-Massa,SOU,Tiznit,Rural,Public,Primaire,3,240,1986,1,0,0,1,0,35.48295,-4.89192
ETB11615,École 259-RAB,2015-2016,Rabat-Salé-Kénitra,RAB,Salé,Urbain,Public,Primaire,3,164,1981,1,1,1,0,1,35.33413,-9.81729
ETB11616,École 455-TAN,2016-2017,Tanger-Tétouan-Al Hoceïma,TAN,Larache,Rural,Privé,Primaire,28,331,1989,0,1,0,1,1,28.64289,-1.60794
ETB11617,École 183-CAS,2022-2023,Casablanca-Settat,CAS,Berrechid,Urbain,Public,Primaire,28,324,2013,1,0,1,1,0,28.88677,-8.31858
ETB11618,Jardin 143-FES,2018-2019,Fès-Meknès,FES,Fès,Urbain,Public,Préscolaire,26,88,2011,0,0,0,1,0,30.5839,-1.12217
ETB11619,Collège 5-MAR,2019-2020,Marrakech-Safi,MAR,Marrakech,Urbain,Public,Collégial,19,483,1963,1,0,1,1,1,34.2372,-1.84967
ETB11620,OFPPT 238-DRA,2016-2017,Drâa-Tafilalet,DRA,Ouarzazate,Rural,Public,Formation Professionnelle,11,360,2008,0,1,1,1,0,31.72949,-1.29407
ETB11621,Collège 495-FES,2021-2022,Fès-Meknès,FES,Séfrou,Rural,Public,Collégial,21,354,2008,1,1,1,1,0,35.79703,-2.1162
ETB11622,École 431-BMK,2019-2020,Béni Mellal-Khénifra,BMK,El Kelaa des Sraghna,Rural,Public,Primaire,33,428,2016,1,0,1,1,0,28.48992,-11.18442
ETB11623,École 256-CAS,2023-2024,Casablanca-Settat,CAS,Casablanca,Rural,Public,Primaire,8,311,1984,0,0,0,0,1,33.71636,-7.83374
ETB11624,École 402-SOU,2020-2021,Souss-Massa,SOU,Tiznit,Urbain,Public,Primaire,23,285,1973,1,1,0,1,1,34.10403,-3.61345
ETB11625,École 394-TAN,2016-2017,Tanger-Tétouan-Al Hoceïma,TAN,Ouazzane,Urbain,Public,Primaire,17,210,1963,1,0,1,0,1,35.05369,-1.23773
ETB11626,Lycée 260-FES,2021-2022,Fès-Meknès,FES,Boulemane,Urbain,Public,Qualifiant,27,337,2016,0,0,1,1,1,30.07717,-2.36459
ETB11627,École 238-BMK,2018-2019,Béni Mellal-Khénifra,BMK,Fquih Ben Salah,Urbain,Public,Primaire,4,185,1977,0,0,1,1,0,35.87685,-9.47017
ETB11628,OFPPT 170-DRA,2016-2017,Drâa-Tafilalet,DRA,Zagora,Urbain,Public,Formation Professionnelle,19,216,2020,1,1,0,0,1,28.61532,-1.16962
ETB11629,Collège 391-TAN,2020-2021,Tanger-Tétouan-Al Hoceïma,TAN,Fahs-Anjra,Rural,Public,Collégial,7,514,2012,0,0,1,1,0,28.92364,-2.60032
ETB11630,École 17-FES,2018-2019,Fès-Meknès,FES,Moulay Yacoub,Urbain,Public,Primaire,23,316,1991,1,0,1,1,0,33.8093,-3.91872
ETB11631,École 282-MAR,2021-2022,Marrakech-Safi,MAR,Youssoufia,Urbain,Public,Primaire,6,337,1988,1,0,1,1,0,32.62187,-8.30674
ETB11632,École 386-RAB,2021-2022,Rabat-Salé-Kénitra,RAB,Sidi Slimane,Urbain,Public,Primaire,29,280,2018,0,1,1,1,0,32.87482,-10.45323
ETB11633,École 333-CAS,2017-2018,Casablanca-Settat,CAS,El Jadida,Urbain,Privé,Primaire,18,390,1993,0,1,1,0,0,28.56359,-2.79263
ETB11634,École 495-RAB,2023-2024,Rabat-Salé-Kénitra,RAB,Skhirate-Témara,Rural,Public,Primaire,7,250,2007,0,0,1,1,0,29.47378,-7.93921
ETB11635,Collège 212-SOU,2020-2021,Souss-Massa,SOU,Agadir-Ida-Ou-Tanane,Urbain,Privé,Collégial,29,421,2004,0,1,0,0,0,29.84614,-8.88732
ETB11636,École 445-RAB,2020-2021,Rabat-Salé-Kénitra,RAB,Salé,Urbain,Public,Primaire,7,266,1994,1,1,0,1,1,29.16858,-4.61583
ETB11637,Collège 359-LAA,2021-2022,Laâyoune-Sakia El Hamra,LAA,Boujdour,Rural,Public,Collégial,31,386,1994,0,0,1,1,1,29.65137,-9.74321
ETB11638,Jardin 370-RAB,2022-2023,Rabat-Salé-Kénitra,RAB,Sidi Slimane,Urbain,Public,Préscolaire,9,54,2019,1,0,0,0,0,31.47915,-5.11397
ETB11639,École 414-RAB,2022-2023,Rabat-Salé-Kénitra,RAB,Kénitra,Rural,Public,Primaire,17,314,2005,1,0,1,1,1,29.80673,-1.60673
ETB11640,Collège 399-DRA,2016-2017,Drâa-Tafilalet,DRA,Tinghir,Rural,Public,Collégial,19,516,2018,1,0,1,0,1,31.35131,-3.9103
ETB11641,Collège 459-FES,2023-2024,Fès-Meknès,FES,Meknès,Urbain,Public,Collégial,6,377,1984,1,1,0,1,0,34.5225,-9.48167
ETB11642,Collège 73-ORI,2019-2020,Oriental,ORI,Oujda-Angad,Urbain,Public,Collégial,8,492,1980,0,1,0,1,0,35.02991,-7.63148
ETB11643,École 194-TAN,2019-2020,Tanger-Tétouan-Al Hoceïma,TAN,Tétouan,Rural,Public,Primaire,12,328,1970,0,0,0,1,1,35.19823,-10.73969
ETB11644,Collège 205-MAR,2018-2019,Marrakech-Safi,MAR,Essaouira,Urbain,Public,Collégial,6,330,1987,0,0,0,1,0,30.97249,-12.01675
ETB11645,Collège 483-CAS,2023-2024,Casablanca-Settat,CAS,Khouribga,Rural,Privé,Collégial,31,532,2005,1,1,1,1,0,33.87395,-6.68648
ETB11646,École 162-FES,2016-2017,Fès-Meknès,FES,Moulay Yacoub,Urbain,Public,Primaire,17,357,1980,1,0,0,0,0,29.3223,-12.14886
ETB11647,École 211-SOU,2016-2017,Souss-Massa,SOU,Tata,Rural,Public,Primaire,26,361,1993,1,0,1,0,1,29.07707,-1.4652
ETB11648,École 260-RAB,2022-2023,Rabat-Salé-Kénitra,RAB,Sidi Slimane,Urbain,Public,Primaire,29,299,2000,1,0,0,0,1,35.64501,-1.66676
ETB11649,Jardin 246-BMK,2022-2023,Béni Mellal-Khénifra,BMK,Béni Mellal,Urbain,Privé,Préscolaire,30,74,2009,0,1,1,1,0,27.86004,-2.23676
ETB11650,École 280-BMK,2016-2017,Béni Mellal-Khénifra,BMK,El Kelaa des Sraghna,Urbain,Public,Primaire,13,397,2019,0,1,0,0,0,33.76693,-6.86833
ETB11651,École 143-BMK,2022-2023,Béni Mellal-Khénifra,BMK,Béni Mellal,Rural,Privé,Primaire,3,164,2010,0,1,1,1,0,28.7778,-6.21994
ETB11652,École 258-ORI,2018-2019,Oriental,ORI,Figuig,Urbain,Public,Primaire,28,407,2007,0,1,1,1,1,33.93637,-4.46544
ETB11653,École 275-MAR,2022-2023,Marrakech-Safi,MAR,Al Haouz,Urbain,Public,Primaire,9,276,1993,0,0,1,1,1,33.26396,-1.30905
ETB11654,Lycée 171-TAN,2020-2021,Tanger-Tétouan-Al Hoceïma,TAN,Tétouan,Urbain,Privé,Qualifiant,30,205,1972,1,0,0,0,0,33.27341,-1.673
ETB11655,Jardin 2-CAS,2021-2022,Casablanca-Settat,CAS,Berrechid,Urbain,Public,Préscolaire,32,79,2019,0,1,0,1,0,32.20094,-6.3063
ETB11656,Lycée 181-RAB,2015-2016,Rabat-Salé-Kénitra,RAB,Kénitra,Rural,Public,Qualifiant,21,249,1963,0,1,1,0,1,34.28121,-3.52304
ETB11657,Jardin 119-TAN,2018-2019,Tanger-Tétouan-Al Hoceïma,TAN,Al Hoceïma,Urbain,Public,Préscolaire,13,54,1986,0,0,1,1,0,29.42932,-8.81028
ETB11658,Collège 193-TAN,2019-2020,Tanger-Tétouan-Al Hoceïma,TAN,Tanger-Assilah,Rural,Privé,Collégial,25,455,1962,1,0,0,1,0,31.81551,-1.08273
ETB11659,Collège 370-RAB,2022-2023,Rabat-Salé-Kénitra,RAB,Sidi Slimane,Urbain,Public,Collégial,27,313,2002,1,1,1,1,1,34.59737,-5.65128
ETB11660,École 162-CAS,2016-2017,Casablanca-Settat,CAS,Sidi Bennour,Rural,Public,Primaire,29,402,1995,0,1,1,1,0,31.68675,-9.41895
ETB11661,École 198-CAS,2015-2016,Casablanca-Settat,CAS,Berrechid,Rural,Public,Primaire,4,327,1987,1,0,0,0,0,31.31517,-8.46769
ETB11662,OFPPT 489-MAR,2021-2022,Marrakech-Safi,MAR,Al Haouz,Rural,Public,Formation Professionnelle,17,389,2017,0,0,1,1,0,34.81751,-4.41189
ETB11663,Collège 143-BMK,2022-2023,Béni Mellal-Khénifra,BMK,Khouribga,Urbain,Public,Collégial,21,342,1970,1,0,0,0,1,30.39793,-7.04311
ETB11664,École 312-RAB,2021-2022,Rabat-Salé-Kénitra,RAB,Skhirate-Témara,Rural,Public,Primaire,7,322,2006,0,0,1,0,1,29.54048,-9.53832
ETB11665,Lycée 489-RAB,2022-2023,Rabat-Salé-Kénitra,RAB,Khémisset,Urbain,Privé,Qualifiant,3,292,1975,0,0,0,1,0,29.80609,-12.53883
ETB11666,École 94-CAS,2015-2016,Casablanca-Settat,CAS,Benslimane,Rural,Public,Primaire,23,257,1980,1,0,1,1,1,31.04884,-2.67135
ETB11667,Jardin 23-CAS,2015-2016,Casablanca-Settat,CAS,Benslimane,Rural,Public,Préscolaire,11,42,1960,1,0,1,1,0,35.29368,-11.79659
ETB11668,Collège 423-CAS,2017-2018,Casablanca-Settat,CAS,Berrechid,Urbain,Public,Collégial,28,566,1987,0,0,0,0,1,33.31452,-2.51524
ETB11669,École 121-MAR,2022-2023,Marrakech-Safi,MAR,Youssoufia,Rural,Public,Primaire,4,305,1960,1,0,1,0,1,29.60918,-2.57509
ETB11670,École 245-FES,2017-2018,Fès-Meknès,FES,Taounate,Urbain,Public,Primaire,8,246,2002,0,0,0,1,0,35.47935,-3.97859
ETB11671,Lycée 321-LAA,2019-2020,Laâyoune-Sakia El Hamra,LAA,Tarfaya,Urbain,Public,Qualifiant,9,365,1968,0,0,1,0,0,35.08078,-12.43922
ETB11672,École 472-BMK,2020-2021,Béni Mellal-Khénifra,BMK,Béni Mellal,Urbain,Privé,Primaire,8,434,1963,1,0,1,1,1,30.76333,-2.39471
ETB11673,École 309-BMK,2023-2024,Béni Mellal-Khénifra,BMK,El Kelaa des Sraghna,Urbain,Public,Primaire,34,311,1983,1,1,1,0,0,34.99572,-1.46121
ETB11674,Collège 89-FES,2016-2017,Fès-Meknès,FES,Séfrou,Rural,Public,Collégial,32,565,1988,0,0,0,0,1,34.97416,-1.20371
ETB11675,Jardin 61-FES,2023-2024,Fès-Meknès,FES,Ifrane,Rural,Public,Préscolaire,22,55,1990,1,0,1,0,0,29.71002,-12.26247
ETB11676,École 476-TAN,2015-2016,Tanger-Tétouan-Al Hoceïma,TAN,Chefchaouen,Rural,Privé,Primaire,11,391,2004,0,0,0,0,1,35.21986,-7.65941
ETB11677,Lycée 66-CAS,2016-2017,Casablanca-Settat,CAS,Benslimane,Urbain,Privé,Qualifiant,25,348,1966,0,0,0,1,0,34.63931,-6.42742
ETB11678,École 102-SOU,2020-2021,Souss-Massa,SOU,Tata,Rural,Public,Primaire,30,278,1961,0,0,1,1,1,28.51672,-11.96819
ETB11679,École 205-CAS,2019-2020,Casablanca-Settat,CAS,Settat,Rural,Public,Primaire,24,256,1962,1,1,0,0,1,28.06168,-2.86115
ETB11680,École 299-SOU,2015-2016,Souss-Massa,SOU,Inezgane-Ait Melloul,Urbain,Public,Primaire,14,385,2006,0,0,0,0,0,33.85478,-7.56103
ETB11681,École 296-CAS,2020-2021,Casablanca-Settat,CAS,Khouribga,Rural,Public,Primaire,6,408,2015,1,0,1,1,0,33.4892,-6.10213
ETB11682,École 280-CAS,2019-2020,Casablanca-Settat,CAS,Mohammadia,Rural,Public,Primaire,28,241,1994,1,1,1,0,0,30.1524,-10.38899
ETB11683,Université 375-CAS,2020-2021,Casablanca-Settat,CAS,Berrechid,Rural,Public,Supérieur,27,2976,1975,1,1,1,1,0,33.58217,-11.50998
ETB11684,Université 263-MAR,2015-2016,Marrakech-Safi,MAR,Marrakech,Urbain,Public,Supérieur,20,1595,2013,0,1,0,0,1,31.81857,-4.26407
ETB11685,École 304-MAR,2021-2022,Marrakech-Safi,MAR,Youssoufia,Urbain,Privé,Primaire,4,303,1975,1,1,1,1,1,30.70646,-1.08911
ETB11686,Jardin 70-BMK,2018-2019,Béni Mellal-Khénifra,BMK,El Kelaa des Sraghna,Urbain,Public,Préscolaire,11,65,1999,1,1,1,1,1,31.40471,-11.02795
ETB11687,Lycée 496-FES,2022-2023,Fès-Meknès,FES,Séfrou,Urbain,Public,Qualifiant,32,286,1989,0,0,0,0,1,32.57717,-1.12604
ETB11688,Jardin 175-TAN,2023-2024,Tanger-Tétouan-Al Hoceïma,TAN,Fahs-Anjra,Rural,Public,Préscolaire,14,69,1972,1,1,0,1,0,35.02934,-3.6713
ETB11689,OFPPT 470-MAR,2021-2022,Marrakech-Safi,MAR,Safi,Urbain,Public,Formation Professionnelle,13,301,1976,0,0,1,0,0,31.75668,-1.84164
ETB11690,Collège 71-RAB,2022-2023,Rabat-Salé-Kénitra,RAB,Salé,Rural,Privé,Collégial,6,427,1962,1,1,0,0,1,34.90331,-3.02111
ETB11691,École 191-TAN,2023-2024,Tanger-Tétouan-Al Hoceïma,TAN,Tétouan,Urbain,Privé,Primaire,26,233,1996,0,0,1,1,0,30.75056,-6.35252
ETB11692,Jardin 411-MAR,2017-2018,Marrakech-Safi,MAR,Safi,Urbain,Public,Préscolaire,33,38,2010,1,1,0,1,0,29.90995,-6.10838
ETB11693,Jardin 287-SOU,2015-2016,Souss-Massa,SOU,Inezgane-Ait Melloul,Rural,Public,Préscolaire,34,66,1989,1,1,1,1,1,32.2716,-1.08292
ETB11694,Collège 181-SOU,2021-2022,Souss-Massa,SOU,Chtouka-Ait Baha,Urbain,Public,Collégial,15,421,1998,1,1,1,1,0,33.38732,-9.64648
ETB11695,École 386-CAS,2021-2022,Casablanca-Settat,CAS,El Jadida,Urbain,Public,Primaire,7,225,1998,1,0,1,1,0,28.67981,-1.77438
ETB11696,OFPPT 387-FES,2019-2020,Fès-Meknès,FES,Taza,Rural,Public,Formation Professionnelle,26,266,1988,0,1,0,1,0,32.76728,-2.21548
ETB11697,École 152-ORI,2021-2022,Oriental,ORI,Guercif,Urbain,Public,Primaire,10,369,1970,0,0,1,1,0,28.8526,-10.48187
ETB11698,Jardin 175-SOU,2015-2016,Souss-Massa,SOU,Tiznit,Rural,Public,Préscolaire,24,55,1975,0,0,1,1,0,29.2344,-8.57742
ETB11699,École 98-FES,2022-2023,Fès-Meknès,FES,Taounate,Urbain,Public,Primaire,12,317,2002,0,0,1,0,0,34.69996,-10.68409
ETB11700,École 107-ORI,2023-2024,Oriental,ORI,Oujda-Angad,Rural,Public,Primaire,5,258,1989,1,1,1,0,1,29.22525,-4.48715
ETB11701,Jardin 229-FES,2023-2024,Fès-Meknès,FES,Taza,Rural,Privé,Préscolaire,20,71,1978,1,0,1,1,0,35.63502,-8.3531
ETB11702,OFPPT 435-RAB,2022-2023,Rabat-Salé-Kénitra,RAB,Sidi Kacem,Rural,Privé,Formation Professionnelle,3,206,1996,0,1,1,1,0,29.24473,-4.47868
ETB11703,Lycée 295-CAS,2018-2019,Casablanca-Settat,CAS,Casablanca,Urbain,Public,Qualifiant,16,388,1975,0,1,1,1,1,31.4518,-11.88749
ETB11704,Collège 299-RAB,2018-2019,Rabat-Salé-Kénitra,RAB,Sidi Kacem,Urbain,Public,Collégial,14,393,2008,1,1,1,0,0,32.88317,-11.52176
ETB11705,École 318-RAB,2017-2018,Rabat-Salé-Kénitra,RAB,Skhirate-Témara,Urbain,Public,Primaire,10,348,1961,1,1,1,1,0,34.49074,-1.7132
ETB11706,École 56-MAR,2019-2020,Marrakech-Safi,MAR,Safi,Urbain,Privé,Primaire,17,296,2011,0,1,1,1,0,31.50166,-1.32687
ETB11707,École 340-RAB,2023-2024,Rabat-Salé-Kénitra,RAB,Skhirate-Témara,Rural,Public,Primaire,11,312,1975,0,0,1,1,1,30.25939,-5.99104
ETB11708,Collège 95-TAN,2018-2019,Tanger-Tétouan-Al Hoceïma,TAN,Tétouan,Urbain,Privé,Collégial,10,446,2015,1,0,0,0,1,28.67809,-10.44275
ETB11709,École 468-RAB,2020-2021,Rabat-Salé-Kénitra,RAB,Skhirate-Témara,Rural,Public,Primaire,31,130,1969,1,0,0,0,1,33.56658,-1.69289
ETB11710,École 43-TAN,2016-2017,Tanger-Tétouan-Al Hoceïma,TAN,Mdiq-Fnideq,Urbain,Privé,Primaire,14,311,1970,1,0,1,0,0,29.48027,-11.80957
ETB11711,École 335-RAB,2016-2017,Rabat-Salé-Kénitra,RAB,Rabat,Rural,Public,Primaire,24,315,1971,0,0,1,1,0,31.80741,-2.15654
ETB11712,Jardin 245-DRA,2018-2019,Drâa-Tafilalet,DRA,Midelt,Urbain,Privé,Préscolaire,31,70,2006,1,0,1,1,1,29.50383,-4.78608
ETB11713,Collège 463-FES,2016-2017,Fès-Meknès,FES,Ifrane,Urbain,Privé,Collégial,17,255,2016,0,0,0,1,1,29.28089,-9.58689
ETB11714,Collège 438-MAR,2019-2020,Marrakech-Safi,MAR,Essaouira,Urbain,Public,Collégial,17,427,2012,1,0,0,0,1,30.79308,-10.97043
ETB11715,École 416-MAR,2019-2020,Marrakech-Safi,MAR,Safi,Rural,Public,Primaire,24,257,1974,0,1,1,0,0,29.0156,-4.7616
ETB11716,Lycée 52-FES,2021-2022,Fès-Meknès,FES,Séfrou,Urbain,Public,Qualifiant,28,570,1994,0,1,1,1,0,33.16791,-2.06116
ETB11717,Collège 130-TAN,2022-2023,Tanger-Tétouan-Al Hoceïma,TAN,Fahs-Anjra,Rural,Public,Collégial,29,369,2013,0,0,1,1,1,33.39448,-11.31359
ETB11718,École 68-RAB,2023-2024,Rabat-Salé-Kénitra,RAB,Sidi Kacem,Urbain,Public,Primaire,29,231,1968,0,0,1,0,0,30.79717,-7.58855
ETB11719,École 273-TAN,2018-2019,Tanger-Tétouan-Al Hoceïma,TAN,Fahs-Anjra,Rural,Public,Primaire,32,345,1990,1,1,0,1,0,35.86251,-1.72292
ETB11720,École 334-RAB,2016-2017,Rabat-Salé-Kénitra,RAB,Kénitra,Urbain,Public,Primaire,6,290,1975,0,1,0,0,1,28.00508,-10.23769
ETB11721,Collège 413-TAN,2023-2024,Tanger-Tétouan-Al Hoceïma,TAN,Chefchaouen,Urbain,Privé,Collégial,34,275,1970,0,1,0,1,0,30.19714,-7.60005
ETB11722,Collège 392-CAS,2020-2021,Casablanca-Settat,CAS,Settat,Urbain,Public,Collégial,20,380,1996,0,0,0,0,1,34.88653,-11.51248
ETB11723,École 169-FES,2023-2024,Fès-Meknès,FES,Taounate,Urbain,Public,Primaire,7,352,1970,1,0,0,0,1,32.56334,-5.05307
ETB11724,École 301-RAB,2023-2024,Rabat-Salé-Kénitra,RAB,Salé,Urbain,Public,Primaire,9,313,2010,0,0,0,1,1,34.25783,-8.68669
ETB11725,Collège 305-ORI,2015-2016,Oriental,ORI,Oujda-Angad,Urbain,Privé,Collégial,3,484,1997,0,1,1,1,0,30.50598,-10.2455
ETB11726,Collège 445-CAS,2018-2019,Casablanca-Settat,CAS,Berrechid,Urbain,Public,Collégial,6,474,2013,0,1,1,1,0,35.0592,-6.02249
ETB11727,École 389-FES,2022-2023,Fès-Meknès,FES,Fès,Urbain,Public,Primaire,26,338,1964,1,0,1,1,0,32.14407,-7.79705
ETB11728,Jardin 16-DRA,2016-2017,Drâa-Tafilalet,DRA,Zagora,Rural,Public,Préscolaire,12,54,1979,1,1,0,1,0,32.6612,-8.80289
ETB11729,Lycée 251-FES,2022-2023,Fès-Meknès,FES,Taza,Rural,Privé,Qualifiant,17,487,1961,1,0,0,1,0,30.55153,-2.68337
ETB11730,Lycée 226-RAB,2020-2021,Rabat-Salé-Kénitra,RAB,Sidi Slimane,Urbain,Public,Qualifiant,10,298,1968,1,0,1,1,1,31.24891,-12.80782
ETB11731,École 368-ORI,2016-2017,Oriental,ORI,Berkane,Urbain,Public,Primaire,10,321,2006,1,0,1,1,1,33.62958,-2.09889
ETB11732,Collège 8-TAN,2020-2021,Tanger-Tétouan-Al Hoceïma,TAN,Al Hoceïma,Urbain,Public,Collégial,14,473,1977,1,1,0,1,1,35.57092,-4.22941
ETB11733,Collège 279-CAS,2019-2020,Casablanca-Settat,CAS,Benslimane,Rural,Public,Collégial,23,591,1989,1,1,1,1,0,33.73004,-4.89124
ETB11734,École 206-CAS,2018-2019,Casablanca-Settat,CAS,Khouribga,Rural,Privé,Primaire,19,176,1999,1,1,0,0,1,32.58097,-2.96717
ETB11735,École 379-CAS,2017-2018,Casablanca-Settat,CAS,Casablanca,Urbain,Public,Primaire,16,400,1963,1,1,1,1,0,30.74387,-10.253
ETB11736,Collège 299-MAR,2015-2016,Marrakech-Safi,MAR,Al Haouz,Rural,Public,Collégial,27,234,2006,0,0,1,0,0,30.91298,-10.52568
ETB11737,École 55-RAB,2022-2023,Rabat-Salé-Kénitra,RAB,Khémisset,Urbain,Public,Primaire,4,281,1999,1,1,0,0,0,28.57167,-5.76505
ETB11738,École 494-CAS,2017-2018,Casablanca-Settat,CAS,El Jadida,Rural,Public,Primaire,30,281,1993,0,0,1,1,1,34.67865,-2.09306
ETB11739,Lycée 101-MAR,2023-2024,Marrakech-Safi,MAR,Chichaoua,Rural,Public,Qualifiant,20,593,1999,1,0,1,1,0,29.54507,-4.1866
ETB11740,École 73-CAS,2015-2016,Casablanca-Settat,CAS,Khouribga,Urbain,Public,Primaire,5,430,2019,0,0,0,0,0,28.49968,-6.45539
ETB11741,OFPPT 25-TAN,2020-2021,Tanger-Tétouan-Al Hoceïma,TAN,Al Hoceïma,Urbain,Privé,Formation Professionnelle,24,297,1994,1,1,1,1,1,34.76257,-1.45427
ETB11742,École 281-SOU,2018-2019,Souss-Massa,SOU,Taroudannt,Urbain,Public,Primaire,28,380,2021,0,1,1,0,0,28.0167,-8.36285
ETB11743,École 330-MAR,2016-2017,Marrakech-Safi,MAR,Essaouira,Rural,Public,Primaire,34,154,2015,0,0,1,0,0,34.44703,-4.95561
ETB11744,Jardin 215-RAB,2019-2020,Rabat-Salé-Kénitra,RAB,Kénitra,Urbain,Public,Préscolaire,30,57,2019,0,0,0,0,1,31.53233,-2.74626
ETB11745,École 343-RAB,2017-2018,Rabat-Salé-Kénitra,RAB,Rabat,Urbain,Public,Primaire,28,264,1992,1,0,1,1,0,32.72529,-5.55974
ETB11746,Jardin 334-CAS,2020-2021,Casablanca-Settat,CAS,Benslimane,Rural,Privé,Préscolaire,25,47,1983,1,0,1,1,0,34.46291,-5.03935
ETB11747,École 44-RAB,2021-2022,Rabat-Salé-Kénitra,RAB,Sidi Kacem,Urbain,Public,Primaire,30,380,1962,0,0,1,1,0,34.97641,-3.86042
ETB11748,Lycée 211-CAS,2019-2020,Casablanca-Settat,CAS,Benslimane,Rural,Public,Qualifiant,28,177,1974,1,0,0,1,0,28.52831,-2.1915
ETB11749,Lycée 407-FES,2020-2021,Fès-Meknès,FES,El Hajeb,Urbain,Public,Qualifiant,5,437,1964,0,0,1,1,0,34.44748,-9.47615
ETB11750,Collège 279-DRA,2018-2019,Drâa-Tafilalet,DRA,Midelt,Rural,Public,Collégial,7,509,1973,1,0,0,1,1,34.85836,-11.91435
ETB11751,École 285-ORI,2021-2022,Oriental,ORI,Berkane,Urbain,Public,Primaire,3,438,1982,1,1,1,1,1,32.76015,-3.43323
ETB11752,Collège 217-DRA,2021-2022,Drâa-Tafilalet,DRA,Ouarzazate,Urbain,Public,Collégial,13,516,1994,0,0,1,1,1,30.05919,-2.64686
ETB11753,École 438-RAB,2015-2016,Rabat-Salé-Kénitra,RAB,Rabat,Urbain,Public,Primaire,8,174,2018,1,0,0,1,1,28.36213,-4.53551
ETB11754,École 223-MAR,2020-2021,Marrakech-Safi,MAR,Al Haouz,Rural,Public,Primaire,28,360,2002,0,1,0,1,0,29.23093,-11.60192
ETB11755,Collège 25-TAN,2021-2022,Tanger-Tétouan-Al Hoceïma,TAN,Ouazzane,Urbain,Public,Collégial,4,390,2012,0,1,0,0,1,30.45936,-5.67068
ETB11756,École 317-RAB,2017-2018,Rabat-Salé-Kénitra,RAB,Khémisset,Rural,Public,Primaire,33,302,2005,1,0,1,1,0,31.32925,-2.77439
ETB11757,École 315-CAS,2022-2023,Casablanca-Settat,CAS,Benslimane,Urbain,Privé,Primaire,33,330,1975,1,1,0,0,0,28.8529,-11.38867
ETB11758,École 473-FES,2016-2017,Fès-Meknès,FES,Meknès,Urbain,Public,Primaire,21,396,1992,0,0,0,1,0,29.65897,-11.45607
ETB11759,Lycée 69-DRA,2020-2021,Drâa-Tafilalet,DRA,Ouarzazate,Rural,Public,Qualifiant,33,522,1974,1,0,0,0,0,30.11198,-12.50627
ETB11760,Université 88-TAN,2023-2024,Tanger-Tétouan-Al Hoceïma,TAN,Fahs-Anjra,Urbain,Public,Supérieur,32,3494,2017,0,0,0,1,1,33.75197,-2.37355
ETB11761,École 29-RAB,2022-2023,Rabat-Salé-Kénitra,RAB,Khémisset,Urbain,Public,Primaire,29,372,2010,1,0,1,0,0,28.23352,-11.58505
ETB11762,Lycée 303-RAB,2018-2019,Rabat-Salé-Kénitra,RAB,Sidi Kacem,Rural,Privé,Qualifiant,19,391,2000,0,0,1,1,0,33.00096,-10.66031
ETB11763,Collège 156-CAS,2020-2021,Casablanca-Settat,CAS,Khouribga,Rural,Public,Collégial,21,401,1995,0,1,0,1,0,31.7046,-11.77186
ETB11764,École 225-TAN,2020-2021,Tanger-Tétouan-Al Hoceïma,TAN,Chefchaouen,Urbain,Public,Primaire,26,472,2011,1,1,0,0,1,29.65385,-2.27802
ETB11765,Collège 329-CAS,2018-2019,Casablanca-Settat,CAS,Mohammadia,Urbain,Public,Collégial,29,487,1995,0,0,1,0,0,34.66232,-7.32694
ETB11766,École 103-FES,2018-2019,Fès-Meknès,FES,Séfrou,Urbain,Privé,Primaire,14,297,1977,0,0,0,0,1,27.92141,-9.45457
ETB11767,Jardin 408-BMK,2022-2023,Béni Mellal-Khénifra,BMK,Khouribga,Urbain,Public,Préscolaire,28,84,2001,0,0,1,0,1,34.35405,-1.45756
ETB11768,École 477-SOU,2023-2024,Souss-Massa,SOU,Chtouka-Ait Baha,Urbain,Public,Primaire,14,497,1986,1,0,0,0,0,31.8121,-3.10113
ETB11769,Lycée 305-FES,2015-2016,Fès-Meknès,FES,Taza,Rural,Public,Qualifiant,19,234,1979,0,0,1,0,1,28.13656,-2.58276
ETB11770,Lycée 72-CAS,2017-2018,Casablanca-Settat,CAS,El Jadida,Rural,Public,Qualifiant,20,601,2019,1,0,0,0,0,32.04841,-6.86639
ETB11771,École 239-CAS,2015-2016,Casablanca-Settat,CAS,Settat,Urbain,Public,Primaire,17,413,1970,0,1,1,0,1,29.05512,-3.46651
ETB11772,École 405-FES,2019-2020,Fès-Meknès,FES,Séfrou,Rural,Public,Primaire,23,209,2004,1,0,1,1,0,32.87005,-5.99124
ETB11773,École 137-DRA,2023-2024,Drâa-Tafilalet,DRA,Tinghir,Urbain,Public,Primaire,17,393,1977,1,0,1,0,0,34.33185,-1.40589
ETB11774,École 139-RAB,2021-2022,Rabat-Salé-Kénitra,RAB,Kénitra,Rural,Public,Primaire,33,272,1960,0,0,1,1,0,32.35717,-4.9809
ETB11775,École 285-MAR,2017-2018,Marrakech-Safi,MAR,Essaouira,Urbain,Public,Primaire,26,318,2006,0,0,0,0,0,34.64602,-9.59589
ETB11776,Collège 414-MAR,2016-2017,Marrakech-Safi,MAR,Marrakech,Urbain,Public,Collégial,13,324,2012,1,1,1,0,0,35.51805,-8.21462
ETB11777,Jardin 311-RAB,2019-2020,Rabat-Salé-Kénitra,RAB,Khémisset,Rural,Public,Préscolaire,22,89,2010,0,0,1,1,0,35.84916,-10.85674
ETB11778,Collège 433-CAS,2023-2024,Casablanca-Settat,CAS,Casablanca,Rural,Public,Collégial,18,262,2018,0,1,0,0,0,33.82843,-1.87407
ETB11779,École 39-FES,2021-2022,Fès-Meknès,FES,Ifrane,Urbain,Public,Primaire,4,179,2002,1,0,1,0,1,35.85587,-4.60486
ETB11780,École 445-CAS,2019-2020,Casablanca-Settat,CAS,Sidi Bennour,Urbain,Privé,Primaire,16,324,2008,1,1,1,1,0,31.65373,-2.07424
ETB11781,École 480-FES,2023-2024,Fès-Meknès,FES,Boulemane,Urbain,Public,Primaire,16,343,2009,1,0,1,1,1,30.3813,-9.81662
ETB11782,Jardin 366-MAR,2021-2022,Marrakech-Safi,MAR,Marrakech,Rural,Privé,Préscolaire,30,73,2002,0,0,0,1,0,32.64901,-6.94951
ETB11783,École 212-CAS,2015-2016,Casablanca-Settat,CAS,Casablanca,Urbain,Public,Primaire,23,183,1998,0,0,1,0,1,29.10686,-9.78764
ETB11784,Collège 303-FES,2019-2020,Fès-Meknès,FES,Taounate,Urbain,Public,Collégial,17,302,2006,0,0,0,1,1,34.54122,-4.26666
ETB11785,Collège 334-MAR,2018-2019,Marrakech-Safi,MAR,Chichaoua,Rural,Public,Collégial,28,537,2009,0,0,1,0,0,33.64864,-2.13604
ETB11786,Collège 446-CAS,2017-2018,Casablanca-Settat,CAS,Benslimane,Rural,Privé,Collégial,30,271,1974,0,0,1,1,0,30.88403,-10.72159
ETB11787,École 467-FES,2018-2019,Fès-Meknès,FES,Taza,Rural,Privé,Primaire,25,250,1971,1,0,0,1,0,34.84127,-3.34701
ETB11788,Jardin 53-RAB,2020-2021,Rabat-Salé-Kénitra,RAB,Rabat,Urbain,Privé,Préscolaire,26,63,2011,1,1,0,0,1,30.68111,-4.8156
ETB11789,Lycée 334-FES,2019-2020,Fès-Meknès,FES,Fès,Rural,Public,Qualifiant,12,371,2020,0,0,1,1,0,34.31891,-2.84075
ETB11790,Collège 156-ORI,2021-2022,Oriental,ORI,Berkane,Rural,Public,Collégial,15,635,2003,0,0,0,0,1,35.21749,-5.70826
ETB11791,École 206-CAS,2016-2017,Casablanca-Settat,CAS,Benslimane,Rural,Public,Primaire,4,231,1973,0,0,1,0,1,28.94161,-4.38577
ETB11792,École 157-SOU,2021-2022,Souss-Massa,SOU,Tiznit,Urbain,Public,Primaire,18,445,2012,0,0,1,0,0,31.71763,-8.98364
ETB11793,Lycée 292-RAB,2017-2018,Rabat-Salé-Kénitra,RAB,Salé,Urbain,Public,Qualifiant,9,453,1990,1,1,0,1,0,28.30192,-4.07825
ETB11794,École 280-MAR,2021-2022,Marrakech-Safi,MAR,Marrakech,Urbain,Public,Primaire,23,376,2017,1,0,1,1,0,27.8529,-8.03465
ETB11795,École 254-CAS,2018-2019,Casablanca-Settat,CAS,Mohammadia,Urbain,Public,Primaire,10,287,1960,0,0,1,0,0,33.28356,-2.20017
ETB11796,Université 299-ORI,2016-2017,Oriental,ORI,Taourirt,Urbain,Public,Supérieur,15,3177,2001,0,1,1,1,0,31.18983,-2.23506
ETB11797,Jardin 175-CAS,2017-2018,Casablanca-Settat,CAS,Khouribga,Urbain,Privé,Préscolaire,31,72,2007,0,0,0,0,0,34.48451,-1.05592
ETB11798,École 13-RAB,2022-2023,Rabat-Salé-Kénitra,RAB,Khémisset,Urbain,Public,Primaire,32,386,1980,1,0,0,0,1,28.73791,-12.56704
ETB11799,Jardin 62-SOU,2015-2016,Souss-Massa,SOU,Agadir-Ida-Ou-Tanane,Rural,Public,Préscolaire,33,66,1964,0,1,0,1,0,32.8484,-9.50863
ETB11800,École 449-TAN,2021-2022,Tanger-Tétouan-Al Hoceïma,TAN,Tanger-Assilah,Rural,Public,Primaire,16,385,1997,0,1,0,0,0,34.25431,-6.46836
ETB11801,Lycée 395-ORI,2023-2024,Oriental,ORI,Berkane,Rural,Privé,Qualifiant,22,293,1969,1,1,0,1,0,29.70161,-6.16018
ETB11802,École 488-BMK,2019-2020,Béni Mellal-Khénifra,BMK,Azilal,Urbain,Public,Primaire,27,324,1962,1,0,1,0,0,34.76953,-11.04823
ETB11803,Collège 439-RAB,2019-2020,Rabat-Salé-Kénitra,RAB,Sidi Kacem,Rural,Public,Collégial,17,308,2019,0,0,1,1,0,29.1097,-6.30286
ETB11804,Collège 253-DRA,2017-2018,Drâa-Tafilalet,DRA,Errachidia,Urbain,Public,Collégial,6,439,1997,0,0,0,1,0,29.11441,-2.47092
ETB11805,École 6-ORI,2019-2020,Oriental,ORI,Jerada,Urbain,Public,Primaire,27,310,1973,0,1,0,1,0,28.90565,-5.86481
ETB11806,Collège 445-TAN,2017-2018,Tanger-Tétouan-Al Hoceïma,TAN,Tétouan,Rural,Public,Collégial,4,363,1993,0,0,0,1,1,34.28581,-2.45187
ETB11807,Collège 139-CAS,2019-2020,Casablanca-Settat,CAS,Berrechid,Urbain,Public,Collégial,32,576,2017,1,0,0,1,0,33.38625,-10.58732
ETB11808,École 284-TAN,2015-2016,Tanger-Tétouan-Al Hoceïma,TAN,Tétouan,Rural,Public,Primaire,18,338,1989,1,1,0,1,1,33.98327,-2.76389
ETB11809,École 347-TAN,2021-2022,Tanger-Tétouan-Al Hoceïma,TAN,Chefchaouen,Urbain,Public,Primaire,16,325,1980,0,1,1,1,1,29.74464,-3.1363
ETB11810,Lycée 432-TAN,2022-2023,Tanger-Tétouan-Al Hoceïma,TAN,Tanger-Assilah,Urbain,Privé,Qualifiant,16,500,1967,0,0,1,0,1,35.50733,-12.80991
ETB11811,École 452-RAB,2015-2016,Rabat-Salé-Kénitra,RAB,Skhirate-Témara,Urbain,Public,Primaire,12,476,1974,1,0,0,1,0,30.52821,-3.27048
ETB11812,Lycée 279-MAR,2020-2021,Marrakech-Safi,MAR,Chichaoua,Urbain,Public,Qualifiant,3,264,2017,1,1,1,0,0,28.43688,-2.02721
ETB11813,École 333-SOU,2020-2021,Souss-Massa,SOU,Inezgane-Ait Melloul,Urbain,Privé,Primaire,9,172,1983,1,1,1,1,1,35.54881,-9.41266
ETB11814,École 427-CAS,2016-2017,Casablanca-Settat,CAS,Settat,Rural,Public,Primaire,13,376,2018,0,1,1,1,0,28.78539,-4.31968
ETB11815,Lycée 57-TAN,2019-2020,Tanger-Tétouan-Al Hoceïma,TAN,Ouazzane,Urbain,Public,Qualifiant,7,278,2020,1,1,1,0,0,34.96099,-10.8993
ETB11816,Jardin 472-CAS,2015-2016,Casablanca-Settat,CAS,Benslimane,Urbain,Public,Préscolaire,28,29,1963,0,0,1,1,0,28.05214,-4.07982
ETB11817,Collège 291-MAR,2015-2016,Marrakech-Safi,MAR,Essaouira,Rural,Public,Collégial,29,630,1987,0,0,1,0,0,30.54928,-10.93852
ETB11818,École 64-FES,2016-2017,Fès-Meknès,FES,Ifrane,Rural,Public,Primaire,13,432,1986,1,0,1,1,1,35.63909,-10.48826
ETB11819,École 491-TAN,2020-2021,Tanger-Tétouan-Al Hoceïma,TAN,Tanger-Assilah,Rural,Public,Primaire,33,324,1990,1,0,0,1,0,30.06403,-11.38695
ETB11820,Jardin 292-GUE,2015-2016,Guelmim-Oued Noun,GUE,Tan-Tan,Urbain,Public,Préscolaire,15,46,1996,0,1,0,1,1,35.77108,-13.01803
ETB11821,École 260-FES,2016-2017,Fès-Meknès,FES,Boulemane,Rural,Privé,Primaire,30,284,2019,1,0,1,1,0,31.25716,-10.53984
ETB11822,Jardin 466-MAR,2019-2020,Marrakech-Safi,MAR,Essaouira,Urbain,Privé,Préscolaire,31,59,2014,1,0,1,1,0,27.8631,-8.14623
ETB11823,Lycée 395-MAR,2021-2022,Marrakech-Safi,MAR,El Kelaa des Sraghna,Urbain,Public,Qualifiant,30,393,1960,0,0,0,0,0,33.99149,-4.54122
ETB11824,École 110-SOU,2019-2020,Souss-Massa,SOU,Chtouka-Ait Baha,Urbain,Public,Primaire,4,506,2010,1,0,1,1,0,28.41097,-10.99625
ETB11825,École 463-TAN,2019-2020,Tanger-Tétouan-Al Hoceïma,TAN,Tanger-Assilah,Rural,Public,Primaire,14,289,1975,1,0,1,1,1,31.5481,-9.11976
ETB11826,Collège 25-ORI,2020-2021,Oriental,ORI,Driouch,Urbain,Privé,Collégial,19,593,1994,0,0,1,1,1,28.7113,-5.15383
ETB11827,Collège 168-CAS,2020-2021,Casablanca-Settat,CAS,Sidi Bennour,Urbain,Public,Collégial,18,466,2020,0,0,0,1,0,32.07241,-3.66796
ETB11828,Lycée 448-CAS,2023-2024,Casablanca-Settat,CAS,Sidi Bennour,Urbain,Privé,Qualifiant,30,277,2018,0,0,1,0,1,32.23688,-2.1462
ETB11829,Collège 379-SOU,2015-2016,Souss-Massa,SOU,Tiznit,Rural,Public,Collégial,23,576,1991,0,1,1,0,1,29.20682,-10.64558
ETB11830,Collège 436-MAR,2017-2018,Marrakech-Safi,MAR,El Kelaa des Sraghna,Rural,Public,Collégial,6,356,1993,1,0,1,1,1,33.59331,-11.48248
ETB11831,OFPPT 468-TAN,2015-2016,Tanger-Tétouan-Al Hoceïma,TAN,Mdiq-Fnideq,Urbain,Privé,Formation Professionnelle,24,257,2010,1,0,1,1,1,32.17104,-8.20126
ETB11832,OFPPT 157-TAN,2023-2024,Tanger-Tétouan-Al Hoceïma,TAN,Al Hoceïma,Urbain,Public,Formation Professionnelle,4,265,1964,0,0,1,1,0,28.73908,-3.401
ETB11833,École 328-SOU,2021-2022,Souss-Massa,SOU,Agadir-Ida-Ou-Tanane,Rural,Public,Primaire,28,396,1979,0,1,1,1,0,32.34049,-2.21376
ETB11834,École 238-CAS,2023-2024,Casablanca-Settat,CAS,Sidi Bennour,Urbain,Public,Primaire,31,192,1963,1,1,1,1,0,28.98254,-1.90827
ETB11835,École 221-FES,2015-2016,Fès-Meknès,FES,Ifrane,Urbain,Public,Primaire,27,365,1976,1,1,0,1,0,35.60447,-11.58277
ETB11836,École 96-TAN,2015-2016,Tanger-Tétouan-Al Hoceïma,TAN,Mdiq-Fnideq,Rural,Public,Primaire,12,86,1983,0,1,0,1,0,32.56338,-12.05206
ETB11837,École 29-RAB,2018-2019,Rabat-Salé-Kénitra,RAB,Khémisset,Rural,Public,Primaire,9,464,2007,1,0,1,0,1,35.88572,-2.59285
ETB11838,École 62-RAB,2018-2019,Rabat-Salé-Kénitra,RAB,Khémisset,Urbain,Public,Primaire,30,445,2011,1,0,1,1,0,35.37792,-9.4508
ETB11839,École 108-BMK,2018-2019,Béni Mellal-Khénifra,BMK,Azilal,Rural,Privé,Primaire,5,233,1983,0,0,1,1,1,34.13349,-1.55331
ETB11840,École 306-RAB,2018-2019,Rabat-Salé-Kénitra,RAB,Sidi Slimane,Urbain,Public,Primaire,33,340,2019,1,1,1,1,1,27.80271,-7.89892
ETB11841,Jardin 414-ORI,2019-2020,Oriental,ORI,Nador,Rural,Public,Préscolaire,17,75,1963,0,1,0,1,0,30.79829,-11.33502
ETB11842,École 1-CAS,2017-2018,Casablanca-Settat,CAS,El Jadida,Rural,Public,Primaire,27,257,1993,1,0,1,0,0,34.06415,-1.04234
ETB11843,Lycée 101-BMK,2023-2024,Béni Mellal-Khénifra,BMK,Fquih Ben Salah,Urbain,Privé,Qualifiant,14,156,1994,0,0,1,1,0,27.93606,-6.45621
ETB11844,École 439-DRA,2017-2018,Drâa-Tafilalet,DRA,Errachidia,Urbain,Public,Primaire,14,415,2012,0,0,0,0,1,33.08347,-5.77236
ETB11845,OFPPT 374-FES,2019-2020,Fès-Meknès,FES,Taounate,Rural,Public,Formation Professionnelle,25,326,1996,0,0,0,1,0,28.56002,-7.65097
ETB11846,Lycée 5-CAS,2019-2020,Casablanca-Settat,CAS,Mohammadia,Urbain,Public,Qualifiant,11,366,1978,0,0,1,0,1,28.3162,-13.16229
ETB11847,Collège 43-MAR,2016-2017,Marrakech-Safi,MAR,Essaouira,Urbain,Public,Collégial,32,524,1973,0,0,1,0,0,32.33374,-12.18414
ETB11848,École 410-TAN,2019-2020,Tanger-Tétouan-Al Hoceïma,TAN,Ouazzane,Urbain,Public,Primaire,26,415,2004,1,0,1,0,0,30.44799,-7.47516
ETB11849,Collège 244-MAR,2018-2019,Marrakech-Safi,MAR,Essaouira,Urbain,Public,Collégial,22,440,2006,1,1,1,1,1,33.10735,-12.69286
ETB11850,École 304-CAS,2023-2024,Casablanca-Settat,CAS,Sidi Bennour,Urbain,Public,Primaire,31,345,1983,0,0,1,1,0,35.51602,-1.82797
ETB11851,Collège 107-TAN,2018-2019,Tanger-Tétouan-Al Hoceïma,TAN,Mdiq-Fnideq,Urbain,Public,Collégial,4,340,1986,0,1,1,1,1,31.51033,-5.33513
ETB11852,Lycée 470-RAB,2021-2022,Rabat-Salé-Kénitra,RAB,Rabat,Urbain,Public,Qualifiant,3,337,1969,0,0,1,1,1,34.80773,-11.56201
ETB11853,Jardin 404-RAB,2016-2017,Rabat-Salé-Kénitra,RAB,Salé,Urbain,Public,Préscolaire,24,76,1976,0,1,0,1,0,29.98884,-5.58856
ETB11854,OFPPT 29-RAB,2017-2018,Rabat-Salé-Kénitra,RAB,Sidi Kacem,Urbain,Public,Formation Professionnelle,23,406,1988,0,0,0,1,1,29.74146,-9.58494
ETB11855,Collège 388-SOU,2023-2024,Souss-Massa,SOU,Tata,Rural,Public,Collégial,26,325,2010,0,0,0,0,0,33.1553,-4.38071
ETB11856,École 245-MAR,2021-2022,Marrakech-Safi,MAR,Al Haouz,Urbain,Public,Primaire,26,533,2002,1,0,1,0,0,35.21771,-10.12187
ETB11857,OFPPT 267-TAN,2020-2021,Tanger-Tétouan-Al Hoceïma,TAN,Tétouan,Urbain,Privé,Formation Professionnelle,10,277,1984,0,0,1,1,0,32.10703,-5.34929
ETB11858,École 248-FES,2015-2016,Fès-Meknès,FES,Séfrou,Urbain,Public,Primaire,5,285,1985,1,0,0,1,1,35.28251,-4.1872
ETB11859,Lycée 142-CAS,2021-2022,Casablanca-Settat,CAS,Casablanca,Rural,Public,Qualifiant,33,516,1960,1,0,0,1,1,35.46386,-6.39535
ETB11860,École 392-TAN,2019-2020,Tanger-Tétouan-Al Hoceïma,TAN,Mdiq-Fnideq,Rural,Public,Primaire,30,346,1974,1,0,0,0,0,28.00321,-6.83129
ETB11861,Lycée 312-TAN,2019-2020,Tanger-Tétouan-Al Hoceïma,TAN,Larache,Urbain,Public,Qualifiant,18,292,1988,1,0,0,0,1,30.1818,-6.63178
ETB11862,Lycée 88-DRA,2016-2017,Drâa-Tafilalet,DRA,Errachidia,Rural,Public,Qualifiant,27,300,1966,1,1,1,0,0,35.50089,-5.97319
ETB11863,École 269-FES,2022-2023,Fès-Meknès,FES,Boulemane,Urbain,Privé,Primaire,33,386,2010,0,0,1,0,0,34.16418,-3.78263
ETB11864,École 274-GUE,2020-2021,Guelmim-Oued Noun,GUE,Assa-Zag,Urbain,Public,Primaire,34,266,1967,1,1,1,1,0,32.80272,-12.5362
ETB11865,École 390-CAS,2023-2024,Casablanca-Settat,CAS,Settat,Urbain,Public,Primaire,3,240,2006,1,0,1,0,1,29.80726,-10.58044
ETB11866,Collège 22-MAR,2018-2019,Marrakech-Safi,MAR,Chichaoua,Rural,Public,Collégial,33,475,1990,0,1,0,1,0,27.76113,-8.47696
ETB11867,Jardin 260-SOU,2015-2016,Souss-Massa,SOU,Inezgane-Ait Melloul,Urbain,Privé,Préscolaire,30,46,2007,0,1,0,1,0,31.93998,-10.93861
ETB11868,École 420-CAS,2016-2017,Casablanca-Settat,CAS,Mohammadia,Urbain,Public,Primaire,22,213,1970,0,1,1,0,1,35.03608,-4.13333
ETB11869,École 29-RAB,2019-2020,Rabat-Salé-Kénitra,RAB,Salé,Rural,Privé,Primaire,21,232,1997,0,0,1,0,0,29.64145,-6.74785
ETB11870,Jardin 298-FES,2021-2022,Fès-Meknès,FES,El Hajeb,Rural,Public,Préscolaire,20,71,1965,1,0,0,0,0,28.14041,-7.16544
ETB11871,Lycée 313-LAA,2015-2016,Laâyoune-Sakia El Hamra,LAA,Es-Semara,Rural,Public,Qualifiant,5,404,2008,0,1,0,0,0,28.80399,-8.84912
ETB11872,Collège 105-DRA,2015-2016,Drâa-Tafilalet,DRA,Ouarzazate,Rural,Public,Collégial,8,392,1963,0,0,0,1,1,35.01636,-9.30685
ETB11873,Collège 318-MAR,2019-2020,Marrakech-Safi,MAR,Safi,Urbain,Public,Collégial,25,318,1975,1,0,1,0,0,35.83358,-2.57506
ETB11874,École 487-RAB,2023-2024,Rabat-Salé-Kénitra,RAB,Kénitra,Rural,Privé,Primaire,33,170,1986,0,0,0,1,0,31.59826,-9.77959
ETB11875,Collège 390-TAN,2021-2022,Tanger-Tétouan-Al Hoceïma,TAN,Mdiq-Fnideq,Urbain,Privé,Collégial,16,379,1994,1,0,1,0,1,30.41759,-3.69637
ETB11876,École 209-BMK,2015-2016,Béni Mellal-Khénifra,BMK,Béni Mellal,Rural,Public,Primaire,17,358,2003,0,0,1,1,1,32.8805,-5.18096
ETB11877,École 318-MAR,2020-2021,Marrakech-Safi,MAR,Chichaoua,Rural,Public,Primaire,5,247,1969,1,1,0,1,0,32.29957,-1.96581
ETB11878,École 16-SOU,2020-2021,Souss-Massa,SOU,Tiznit,Urbain,Public,Primaire,11,301,1967,1,0,1,1,0,29.67036,-8.64362
ETB11879,École 171-CAS,2023-2024,Casablanca-Settat,CAS,Mohammadia,Rural,Public,Primaire,31,405,1984,0,1,0,0,1,33.64637,-11.86125
ETB11880,Collège 289-CAS,2023-2024,Casablanca-Settat,CAS,Sidi Bennour,Rural,Public,Collégial,34,459,1994,0,1,0,1,0,34.50828,-7.67883
ETB11881,Lycée 478-CAS,2021-2022,Casablanca-Settat,CAS,Casablanca,Urbain,Public,Qualifiant,33,373,1995,0,0,1,0,0,31.10784,-12.17835
ETB11882,Jardin 378-MAR,2017-2018,Marrakech-Safi,MAR,Safi,Rural,Privé,Préscolaire,19,73,1993,1,1,1,0,1,28.84566,-4.98546
ETB11883,Collège 223-RAB,2018-2019,Rabat-Salé-Kénitra,RAB,Khémisset,Urbain,Public,Collégial,28,641,1960,0,1,0,1,0,28.38133,-4.49723
ETB11884,Collège 165-FES,2018-2019,Fès-Meknès,FES,Ifrane,Rural,Public,Collégial,30,372,1984,1,0,1,1,0,34.2531,-3.13692
ETB11885,Collège 222-FES,2020-2021,Fès-Meknès,FES,Meknès,Rural,Public,Collégial,3,475,1972,0,0,0,1,0,30.39403,-3.79985
ETB11886,École 136-BMK,2019-2020,Béni Mellal-Khénifra,BMK,Béni Mellal,Urbain,Public,Primaire,34,370,2006,1,1,1,1,0,33.51731,-1.19742
ETB11887,Lycée 2-SOU,2020-2021,Souss-Massa,SOU,Tiznit,Rural,Public,Qualifiant,17,289,2020,1,1,0,1,0,35.29055,-7.51121
ETB11888,Collège 436-FES,2021-2022,Fès-Meknès,FES,Ifrane,Urbain,Public,Collégial,25,544,1988,0,0,0,1,1,33.27711,-5.09801
ETB11889,École 327-MAR,2015-2016,Marrakech-Safi,MAR,Marrakech,Rural,Public,Primaire,26,322,1994,1,0,0,1,1,33.47899,-7.95298
ETB11890,Collège 103-MAR,2016-2017,Marrakech-Safi,MAR,Chichaoua,Urbain,Privé,Collégial,28,362,1965,0,1,1,1,0,27.8151,-9.07245
ETB11891,Collège 235-RAB,2019-2020,Rabat-Salé-Kénitra,RAB,Rabat,Urbain,Public,Collégial,32,425,2015,0,1,1,1,0,32.28201,-7.52669
ETB11892,Collège 12-MAR,2020-2021,Marrakech-Safi,MAR,Safi,Urbain,Public,Collégial,31,334,2020,0,1,0,0,0,35.06603,-6.39504
ETB11893,École 155-ORI,2021-2022,Oriental,ORI,Guercif,Urbain,Public,Primaire,22,482,1981,1,1,0,0,1,27.96362,-8.76916
ETB11894,Jardin 242-MAR,2018-2019,Marrakech-Safi,MAR,Safi,Urbain,Privé,Préscolaire,25,81,1967,0,0,1,1,1,29.20904,-5.21044
ETB11895,École 208-RAB,2019-2020,Rabat-Salé-Kénitra,RAB,Khémisset,Rural,Public,Primaire,22,340,1979,1,0,1,0,0,31.71517,-9.36228
ETB11896,École 34-CAS,2023-2024,Casablanca-Settat,CAS,Khouribga,Urbain,Public,Primaire,14,287,1986,0,0,0,1,0,32.27148,-2.52358
ETB11897,Collège 233-CAS,2018-2019,Casablanca-Settat,CAS,El Jadida,Urbain,Public,Collégial,29,343,1987,0,0,0,1,1,30.39738,-4.69562
ETB11898,École 65-SOU,2022-2023,Souss-Massa,SOU,Taroudannt,Rural,Public,Primaire,13,372,1985,1,0,1,1,1,28.90718,-9.75654
ETB11899,École 273-CAS,2017-2018,Casablanca-Settat,CAS,Sidi Bennour,Urbain,Public,Primaire,18,402,1975,0,1,1,0,0,28.1506,-12.76742
ETB11900,École 134-ORI,2019-2020,Oriental,ORI,Figuig,Urbain,Public,Primaire,8,356,2011,0,0,0,1,1,31.2956,-5.68229
ETB11901,École 478-RAB,2022-2023,Rabat-Salé-Kénitra,RAB,Skhirate-Témara,Rural,Privé,Primaire,15,231,1997,0,0,1,0,0,29.47109,-6.39318
ETB11902,École 381-CAS,2023-2024,Casablanca-Settat,CAS,Mohammadia,Rural,Public,Primaire,13,201,1965,1,1,0,0,0,30.37882,-6.71423
ETB11903,Collège 138-MAR,2019-2020,Marrakech-Safi,MAR,Safi,Rural,Public,Collégial,27,324,2002,0,0,1,1,1,29.89426,-8.36654
ETB11904,École 205-RAB,2015-2016,Rabat-Salé-Kénitra,RAB,Salé,Rural,Public,Primaire,31,282,1996,0,1,1,1,1,33.90558,-10.49603
ETB11905,École 297-ORI,2021-2022,Oriental,ORI,Driouch,Urbain,Public,Primaire,17,197,2012,0,1,0,0,0,28.28438,-12.95184
ETB11906,Collège 208-DRA,2017-2018,Drâa-Tafilalet,DRA,Errachidia,Urbain,Privé,Collégial,28,551,2007,0,0,1,0,0,31.08621,-5.11918
ETB11907,Collège 259-CAS,2015-2016,Casablanca-Settat,CAS,Berrechid,Urbain,Public,Collégial,24,487,1996,0,0,0,0,0,35.57977,-7.93201
ETB11908,Lycée 415-DAK,2023-2024,Dakhla-Oued Eddahab,DAK,Aousserd,Urbain,Public,Qualifiant,5,267,1970,1,0,0,1,1,33.04005,-4.40913
ETB11909,École 38-ORI,2018-2019,Oriental,ORI,Jerada,Rural,Public,Primaire,22,373,2005,1,1,0,1,1,33.71023,-4.98806
ETB11910,École 333-RAB,2022-2023,Rabat-Salé-Kénitra,RAB,Sidi Kacem,Rural,Privé,Primaire,20,320,1983,1,0,0,1,1,31.10632,-9.15521
ETB11911,École 473-CAS,2015-2016,Casablanca-Settat,CAS,Casablanca,Urbain,Public,Primaire,3,502,2003,0,1,1,1,0,32.53893,-10.93036
ETB11912,École 13-RAB,2021-2022,Rabat-Salé-Kénitra,RAB,Sidi Slimane,Urbain,Public,Primaire,4,270,1983,0,0,1,1,0,35.34188,-10.24075
ETB11913,Lycée 1-ORI,2016-2017,Oriental,ORI,Nador,Urbain,Public,Qualifiant,24,344,2017,0,0,1,1,1,33.04142,-8.3622
ETB11914,École 191-GUE,2022-2023,Guelmim-Oued Noun,GUE,Tan-Tan,Rural,Public,Primaire,24,313,2015,0,1,0,0,0,29.38046,-2.38556
ETB11915,École 243-FES,2018-2019,Fès-Meknès,FES,Fès,Rural,Privé,Primaire,13,338,1966,0,1,1,1,0,32.56683,-2.02514
ETB11916,Collège 75-FES,2017-2018,Fès-Meknès,FES,Ifrane,Rural,Public,Collégial,25,538,1966,1,1,1,0,0,29.37127,-5.17417
ETB11917,École 273-RAB,2019-2020,Rabat-Salé-Kénitra,RAB,Khémisset,Urbain,Public,Primaire,12,285,2001,1,0,0,0,1,34.98036,-3.74513
ETB11918,École 153-TAN,2015-2016,Tanger-Tétouan-Al Hoceïma,TAN,Mdiq-Fnideq,Rural,Public,Primaire,28,384,2014,1,1,1,1,1,33.22965,-7.71835
ETB11919,Lycée 418-BMK,2020-2021,Béni Mellal-Khénifra,BMK,Fquih Ben Salah,Rural,Public,Qualifiant,18,346,2010,1,0,0,1,0,31.05797,-2.19883
ETB11920,École 169-RAB,2022-2023,Rabat-Salé-Kénitra,RAB,Sidi Kacem,Urbain,Public,Primaire,3,353,2004,0,1,0,1,0,33.23864,-3.72535
ETB11921,École 287-BMK,2020-2021,Béni Mellal-Khénifra,BMK,Béni Mellal,Urbain,Privé,Primaire,29,511,2021,0,1,1,0,0,35.23437,-8.70264
ETB11922,Collège 396-MAR,2015-2016,Marrakech-Safi,MAR,Youssoufia,Urbain,Public,Collégial,24,368,2014,1,0,1,1,0,33.51242,-9.56944
ETB11923,École 385-ORI,2016-2017,Oriental,ORI,Berkane,Urbain,Public,Primaire,4,241,1994,0,1,1,0,0,28.69917,-9.89868
ETB11924,École 154-LAA,2023-2024,Laâyoune-Sakia El Hamra,LAA,Tarfaya,Rural,Public,Primaire,25,215,2002,1,0,1,1,0,33.59421,-11.07103
ETB11925,École 18-RAB,2019-2020,Rabat-Salé-Kénitra,RAB,Kénitra,Urbain,Public,Primaire,19,167,1996,1,0,1,1,0,35.30103,-12.18475
ETB11926,OFPPT 490-BMK,2016-2017,Béni Mellal-Khénifra,BMK,Fquih Ben Salah,Rural,Public,Formation Professionnelle,4,205,1998,1,0,1,0,1,28.10145,-11.50503
ETB11927,École 63-FES,2017-2018,Fès-Meknès,FES,Fès,Urbain,Public,Primaire,30,371,1978,0,1,1,1,0,30.61666,-7.24474
ETB11928,Collège 149-FES,2018-2019,Fès-Meknès,FES,Boulemane,Rural,Public,Collégial,34,442,2019,0,0,1,0,1,31.66876,-11.94916
ETB11929,Collège 411-DRA,2017-2018,Drâa-Tafilalet,DRA,Midelt,Urbain,Public,Collégial,10,377,1989,1,0,0,1,0,34.28263,-13.11663
ETB11930,École 37-BMK,2021-2022,Béni Mellal-Khénifra,BMK,Khouribga,Urbain,Public,Primaire,32,379,1985,1,1,1,1,0,30.24867,-11.40344
ETB11931,Collège 358-SOU,2015-2016,Souss-Massa,SOU,Tata,Rural,Public,Collégial,17,206,1970,1,0,0,1,0,31.71572,-11.65488
ETB11932,École 322-BMK,2020-2021,Béni Mellal-Khénifra,BMK,Fquih Ben Salah,Rural,Public,Primaire,14,423,2006,0,1,0,0,0,32.20937,-10.35339
ETB11933,École 53-FES,2019-2020,Fès-Meknès,FES,Meknès,Urbain,Public,Primaire,33,310,1980,0,1,0,1,1,29.77335,-1.97875
ETB11934,École 352-CAS,2018-2019,Casablanca-Settat,CAS,Benslimane,Urbain,Public,Primaire,31,299,1967,1,0,1,0,1,32.9822,-7.7773
ETB11935,Collège 279-CAS,2019-2020,Casablanca-Settat,CAS,Sidi Bennour,Rural,Public,Collégial,30,548,1968,0,0,1,0,0,33.98111,-12.62177
ETB11936,École 162-CAS,2015-2016,Casablanca-Settat,CAS,Mohammadia,Urbain,Public,Primaire,28,270,1984,0,0,1,0,0,31.15685,-13.18884
ETB11937,École 292-BMK,2021-2022,Béni Mellal-Khénifra,BMK,Khouribga,Rural,Public,Primaire,8,319,1968,1,0,0,1,0,34.59378,-8.16764
ETB11938,Lycée 85-SOU,2019-2020,Souss-Massa,SOU,Taroudannt,Rural,Public,Qualifiant,15,383,1982,0,0,1,0,0,28.20147,-8.69867
ETB11939,Collège 290-CAS,2023-2024,Casablanca-Settat,CAS,Sidi Bennour,Rural,Public,Collégial,25,526,1977,1,0,1,0,0,28.09798,-5.77729
ETB11940,École 63-RAB,2021-2022,Rabat-Salé-Kénitra,RAB,Sidi Slimane,Rural,Public,Primaire,10,560,1977,0,0,0,1,1,29.2212,-1.44622
ETB11941,OFPPT 108-RAB,2018-2019,Rabat-Salé-Kénitra,RAB,Sidi Kacem,Urbain,Public,Formation Professionnelle,20,304,2012,0,0,1,1,1,29.77866,-2.28377
ETB11942,Lycée 38-FES,2023-2024,Fès-Meknès,FES,Ifrane,Urbain,Public,Qualifiant,15,571,1979,0,1,0,1,1,29.79344,-3.87324
ETB11943,École 14-TAN,2021-2022,Tanger-Tétouan-Al Hoceïma,TAN,Al Hoceïma,Rural,Public,Primaire,5,285,1995,0,0,1,1,0,28.08037,-8.28443
ETB11944,Lycée 190-TAN,2019-2020,Tanger-Tétouan-Al Hoceïma,TAN,Tétouan,Urbain,Public,Qualifiant,3,295,2020,0,0,0,1,0,29.94987,-11.28872
ETB11945,OFPPT 150-CAS,2018-2019,Casablanca-Settat,CAS,Casablanca,Urbain,Public,Formation Professionnelle,29,472,1982,0,0,1,1,1,32.93997,-9.58824
ETB11946,Jardin 494-CAS,2023-2024,Casablanca-Settat,CAS,El Jadida,Rural,Public,Préscolaire,4,55,1991,0,0,0,1,1,31.07421,-10.08489
ETB11947,École 247-RAB,2022-2023,Rabat-Salé-Kénitra,RAB,Sidi Slimane,Urbain,Public,Primaire,5,358,1972,0,0,0,0,1,30.41395,-11.58904
ETB11948,École 439-RAB,2017-2018,Rabat-Salé-Kénitra,RAB,Rabat,Rural,Public,Primaire,8,320,1989,0,1,1,0,1,35.83687,-5.75561
ETB11949,Collège 95-DRA,2020-2021,Drâa-Tafilalet,DRA,Midelt,Urbain,Privé,Collégial,23,428,1973,1,0,1,1,1,32.88203,-12.29834
ETB11950,Collège 465-ORI,2017-2018,Oriental,ORI,Nador,Urbain,Public,Collégial,12,407,2011,0,1,1,1,0,32.03243,-11.22554
ETB11951,Collège 142-BMK,2019-2020,Béni Mellal-Khénifra,BMK,Béni Mellal,Rural,Privé,Collégial,32,305,2011,1,0,1,1,0,32.81052,-9.00172
ETB11952,École 9-CAS,2023-2024,Casablanca-Settat,CAS,Settat,Rural,Privé,Primaire,10,271,1992,1,1,1,0,1,29.40562,-11.32305
ETB11953,Lycée 425-DRA,2022-2023,Drâa-Tafilalet,DRA,Zagora,Rural,Public,Qualifiant,33,474,1971,0,1,1,1,0,29.37012,-4.25864
ETB11954,École 185-MAR,2020-2021,Marrakech-Safi,MAR,Al Haouz,Urbain,Public,Primaire,17,300,1989,1,0,0,1,0,35.41718,-5.54968
ETB11955,École 293-FES,2023-2024,Fès-Meknès,FES,Taza,Urbain,Public,Primaire,20,292,2000,1,1,0,0,0,29.68484,-4.66534
ETB11956,Collège 28-RAB,2020-2021,Rabat-Salé-Kénitra,RAB,Salé,Urbain,Public,Collégial,12,622,1991,1,0,0,1,0,27.90349,-10.89854
ETB11957,OFPPT 463-RAB,2018-2019,Rabat-Salé-Kénitra,RAB,Sidi Kacem,Urbain,Public,Formation Professionnelle,11,274,1987,0,1,1,0,0,29.5917,-12.69029
ETB11958,Université 231-CAS,2020-2021,Casablanca-Settat,CAS,Khouribga,Rural,Public,Supérieur,4,3294,2021,0,0,1,1,0,29.07399,-4.96976
ETB11959,École 463-CAS,2020-2021,Casablanca-Settat,CAS,Sidi Bennour,Urbain,Public,Primaire,27,279,1973,1,0,1,1,0,29.49393,-11.99689
ETB11960,Collège 434-CAS,2020-2021,Casablanca-Settat,CAS,Sidi Bennour,Urbain,Public,Collégial,9,385,1984,0,1,0,1,1,30.94082,-1.12197
ETB11961,Collège 48-CAS,2015-2016,Casablanca-Settat,CAS,Settat,Urbain,Public,Collégial,8,473,1979,1,0,0,0,1,29.41367,-6.3885
ETB11962,OFPPT 192-MAR,2017-2018,Marrakech-Safi,MAR,Youssoufia,Urbain,Public,Formation Professionnelle,12,339,2000,0,0,1,0,0,29.69701,-4.46999
ETB11963,Collège 287-CAS,2016-2017,Casablanca-Settat,CAS,Benslimane,Urbain,Public,Collégial,18,392,2009,0,0,1,1,0,34.15852,-11.65468
ETB11964,École 295-TAN,2020-2021,Tanger-Tétouan-Al Hoceïma,TAN,Fahs-Anjra,Rural,Public,Primaire,19,432,1982,1,1,1,0,0,32.17694,-12.63837
ETB11965,Jardin 403-ORI,2015-2016,Oriental,ORI,Taourirt,Urbain,Public,Préscolaire,15,50,1967,1,1,0,1,1,32.21248,-11.38466
ETB11966,École 76-TAN,2017-2018,Tanger-Tétouan-Al Hoceïma,TAN,Tétouan,Urbain,Public,Primaire,10,334,1985,1,0,0,0,0,32.0481,-7.08307
ETB11967,École 231-SOU,2017-2018,Souss-Massa,SOU,Tiznit,Urbain,Public,Primaire,12,366,1964,1,0,0,1,0,35.70682,-4.05926
ETB11968,Lycée 136-MAR,2021-2022,Marrakech-Safi,MAR,Safi,Rural,Public,Qualifiant,6,441,2011,0,1,0,1,1,30.8827,-10.85846
ETB11969,École 256-TAN,2023-2024,Tanger-Tétouan-Al Hoceïma,TAN,Chefchaouen,Rural,Public,Primaire,28,291,1962,0,1,1,0,0,32.23061,-3.5422
ETB11970,Collège 318-RAB,2023-2024,Rabat-Salé-Kénitra,RAB,Skhirate-Témara,Rural,Public,Collégial,23,349,2001,1,1,0,1,1,27.9875,-10.9625
ETB11971,École 258-CAS,2021-2022,Casablanca-Settat,CAS,Casablanca,Urbain,Public,Primaire,21,390,1985,1,1,0,1,0,31.92905,-1.31244
ETB11972,École 85-CAS,2015-2016,Casablanca-Settat,CAS,Khouribga,Urbain,Public,Primaire,29,267,1960,1,0,0,1,1,29.83045,-10.00968
ETB11973,Collège 257-RAB,2016-2017,Rabat-Salé-Kénitra,RAB,Salé,Urbain,Privé,Collégial,29,534,2002,0,0,0,1,0,34.22758,-9.19878
ETB11974,Lycée 238-CAS,2017-2018,Casablanca-Settat,CAS,Sidi Bennour,Rural,Public,Qualifiant,5,273,2017,1,0,1,1,1,30.36619,-7.47266
ETB11975,Lycée 158-FES,2017-2018,Fès-Meknès,FES,Fès,Urbain,Public,Qualifiant,30,338,2020,0,1,0,1,0,28.61311,-13.19062
ETB11976,Collège 381-TAN,2019-2020,Tanger-Tétouan-Al Hoceïma,TAN,Ouazzane,Rural,Public,Collégial,20,341,1993,1,1,0,1,0,28.98131,-13.13901
ETB11977,École 424-MAR,2023-2024,Marrakech-Safi,MAR,Youssoufia,Rural,Public,Primaire,9,261,1973,0,0,1,0,0,31.6497,-6.3401
ETB11978,Jardin 499-CAS,2021-2022,Casablanca-Settat,CAS,Benslimane,Urbain,Public,Préscolaire,10,40,1972,0,1,1,1,0,35.12052,-1.60111
ETB11979,Lycée 315-RAB,2017-2018,Rabat-Salé-Kénitra,RAB,Skhirate-Témara,Urbain,Public,Qualifiant,23,427,2019,0,1,0,0,0,31.90575,-9.59464
ETB11980,École 87-MAR,2018-2019,Marrakech-Safi,MAR,Essaouira,Rural,Public,Primaire,14,239,1985,0,0,0,0,0,28.5567,-8.53736
ETB11981,Lycée 323-MAR,2021-2022,Marrakech-Safi,MAR,Marrakech,Urbain,Public,Qualifiant,11,440,1965,1,1,0,0,0,30.01429,-8.83174
ETB11982,Lycée 221-LAA,2016-2017,Laâyoune-Sakia El Hamra,LAA,Tarfaya,Rural,Public,Qualifiant,17,350,1983,0,1,1,0,1,32.76332,-10.17266
ETB11983,Lycée 337-RAB,2016-2017,Rabat-Salé-Kénitra,RAB,Skhirate-Témara,Urbain,Public,Qualifiant,33,360,1967,0,0,0,0,0,33.02866,-3.71353
ETB11984,Université 234-FES,2021-2022,Fès-Meknès,FES,Fès,Urbain,Public,Supérieur,10,2684,1975,1,1,1,1,1,29.77785,-10.0872
ETB11985,Université 418-SOU,2017-2018,Souss-Massa,SOU,Taroudannt,Rural,Public,Supérieur,11,2824,2006,1,1,1,1,0,35.63324,-9.83858
ETB11986,Collège 378-CAS,2018-2019,Casablanca-Settat,CAS,Sidi Bennour,Rural,Public,Collégial,34,527,1961,0,0,1,1,0,29.87446,-1.19653
ETB11987,Collège 371-SOU,2016-2017,Souss-Massa,SOU,Inezgane-Ait Melloul,Urbain,Privé,Collégial,15,565,2016,0,0,1,0,0,33.94203,-1.19091
ETB11988,École 258-SOU,2016-2017,Souss-Massa,SOU,Taroudannt,Urbain,Public,Primaire,34,182,1960,1,1,1,1,0,34.2659,-9.38382
ETB11989,Collège 247-MAR,2017-2018,Marrakech-Safi,MAR,Al Haouz,Rural,Public,Collégial,20,491,2012,1,0,1,1,1,35.17322,-5.94129
ETB11990,Collège 81-MAR,2019-2020,Marrakech-Safi,MAR,Youssoufia,Rural,Public,Collégial,5,285,1976,1,0,0,0,0,32.37057,-3.80207
ETB11991,Lycée 346-FES,2018-2019,Fès-Meknès,FES,Ifrane,Urbain,Public,Qualifiant,9,289,1965,1,1,0,0,0,31.07075,-5.45515
ETB11992,Collège 286-CAS,2018-2019,Casablanca-Settat,CAS,Casablanca,Urbain,Privé,Collégial,22,556,2004,0,0,0,1,1,29.4297,-4.77408
ETB11993,Lycée 456-SOU,2020-2021,Souss-Massa,SOU,Chtouka-Ait Baha,Rural,Public,Qualifiant,5,302,1972,0,0,0,0,0,28.58016,-1.20183
ETB11994,École 24-BMK,2017-2018,Béni Mellal-Khénifra,BMK,Béni Mellal,Rural,Privé,Primaire,17,307,1962,0,1,1,1,1,34.74006,-1.38923
ETB11995,Collège 44-BMK,2022-2023,Béni Mellal-Khénifra,BMK,Azilal,Urbain,Public,Collégial,4,516,1982,1,0,1,0,0,35.30624,-1.88644
ETB11996,École 430-CAS,2015-2016,Casablanca-Settat,CAS,El Jadida,Urbain,Public,Primaire,29,248,2014,0,1,0,0,0,35.34385,-2.84431
ETB11997,École 373-TAN,2019-2020,Tanger-Tétouan-Al Hoceïma,TAN,Tétouan,Rural,Public,Primaire,30,217,1963,0,1,1,0,0,29.04282,-7.32071
ETB11998,École 326-MAR,2020-2021,Marrakech-Safi,MAR,Essaouira,Urbain,Public,Primaire,8,342,1965,1,1,1,1,0,35.33588,-3.11398
ETB11999,École 143-RAB,2016-2017,Rabat-Salé-Kénitra,RAB,Khémisset,Urbain,Public,Primaire,20,254,1965,1,1,0,0,1,30.23927,-6.5246
ETB12000,École 347-SOU,2023-2024,Souss-Massa,SOU,Inezgane-Ait Melloul,Urbain,Public,Primaire,9,222,1986,1,1,0,1,0,34.89525,-3.53008
ETB12001,Université 158-ORI,2016-2017,Oriental,ORI,Nador,Rural,Public,Supérieur,19,2798,2011,1,0,1,1,0,29.55442,-10.64584
ETB12002,École 94-SOU,2020-2021,Souss-Massa,SOU,Inezgane-Ait Melloul,Urbain,Public,Primaire,23,460,1980,1,0,0,1,1,28.58056,-9.57807
ETB12003,Jardin 243-SOU,2016-2017,Souss-Massa,SOU,Tata,Urbain,Public,Préscolaire,14,39,1972,1,1,1,1,0,35.68683,-8.53952
ETB12004,École 164-TAN,2023-2024,Tanger-Tétouan-Al Hoceïma,TAN,Chefchaouen,Urbain,Public,Primaire,31,292,1985,1,1,1,0,0,30.39574,-7.33964
ETB12005,École 219-RAB,2023-2024,Rabat-Salé-Kénitra,RAB,Kénitra,Rural,Public,Primaire,15,192,1988,1,0,0,0,0,30.54248,-4.28923
ETB12006,OFPPT 39-DRA,2017-2018,Drâa-Tafilalet,DRA,Ouarzazate,Rural,Public,Formation Professionnelle,20,308,1986,1,1,1,1,0,30.53008,-3.72857
ETB12007,OFPPT 10-SOU,2022-2023,Souss-Massa,SOU,Agadir-Ida-Ou-Tanane,Rural,Privé,Formation Professionnelle,13,221,2003,1,1,1,0,0,33.47003,-3.73511
ETB12008,École 86-CAS,2020-2021,Casablanca-Settat,CAS,Benslimane,Urbain,Public,Primaire,10,237,1995,0,0,1,0,1,29.9881,-2.26358
ETB12009,École 234-CAS,2020-2021,Casablanca-Settat,CAS,Khouribga,Urbain,Public,Primaire,15,261,1984,0,1,1,0,1,34.03484,-5.00434
ETB12010,Lycée 430-TAN,2020-2021,Tanger-Tétouan-Al Hoceïma,TAN,Tanger-Assilah,Urbain,Public,Qualifiant,7,286,1997,0,0,0,1,0,30.23885,-8.52578
ETB12011,École 221-RAB,2017-2018,Rabat-Salé-Kénitra,RAB,Khémisset,Urbain,Public,Primaire,18,276,1984,0,1,0,0,0,28.19445,-7.29861
ETB12012,Lycée 460-DRA,2015-2016,Drâa-Tafilalet,DRA,Zagora,Urbain,Public,Qualifiant,11,388,2001,1,0,1,0,1,30.33611,-6.32189
ETB12013,Collège 50-TAN,2015-2016,Tanger-Tétouan-Al Hoceïma,TAN,Ouazzane,Rural,Public,Collégial,14,364,1985,1,0,1,1,0,30.90663,-6.46375
ETB12014,École 237-DRA,2017-2018,Drâa-Tafilalet,DRA,Errachidia,Urbain,Public,Primaire,7,323,2002,1,0,1,0,1,33.6649,-3.93366
ETB12015,École 203-MAR,2023-2024,Marrakech-Safi,MAR,Essaouira,Urbain,Public,Primaire,8,386,2010,1,0,1,1,1,27.74446,-2.2688
ETB12016,Lycée 471-FES,2016-2017,Fès-Meknès,FES,Séfrou,Rural,Public,Qualifiant,5,344,1976,1,1,1,1,0,32.18685,-5.94129
ETB12017,Lycée 54-CAS,2022-2023,Casablanca-Settat,CAS,Benslimane,Urbain,Public,Qualifiant,28,236,2006,0,1,1,1,1,32.74117,-12.22159
ETB12018,Collège 107-MAR,2021-2022,Marrakech-Safi,MAR,Al Haouz,Rural,Public,Collégial,25,566,1989,1,1,0,0,0,29.44515,-3.278
ETB12019,École 69-TAN,2023-2024,Tanger-Tétouan-Al Hoceïma,TAN,Al Hoceïma,Urbain,Public,Primaire,13,361,2021,1,0,0,1,1,30.79909,-1.89921
ETB12020,École 329-TAN,2023-2024,Tanger-Tétouan-Al Hoceïma,TAN,Tétouan,Urbain,Public,Primaire,31,375,1960,0,0,1,1,0,31.77289,-8.089
ETB12021,École 76-FES,2016-2017,Fès-Meknès,FES,Taounate,Urbain,Public,Primaire,34,263,2021,1,0,1,1,1,34.69545,-8.26166
ETB12022,École 389-MAR,2017-2018,Marrakech-Safi,MAR,Essaouira,Urbain,Public,Primaire,3,318,2008,0,0,1,0,1,30.20563,-9.17747
ETB12023,Collège 219-MAR,2015-2016,Marrakech-Safi,MAR,Youssoufia,Rural,Public,Collégial,20,381,1973,1,0,0,0,0,28.66358,-8.02818
ETB12024,École 445-CAS,2018-2019,Casablanca-Settat,CAS,El Jadida,Rural,Public,Primaire,19,424,1996,1,1,1,1,0,30.73913,-7.6105
ETB12025,École 350-RAB,2016-2017,Rabat-Salé-Kénitra,RAB,Rabat,Urbain,Public,Primaire,17,312,2003,0,1,1,1,1,32.24171,-9.15877
ETB12026,Lycée 283-MAR,2020-2021,Marrakech-Safi,MAR,Al Haouz,Urbain,Public,Qualifiant,5,331,1969,0,1,1,0,0,35.66158,-7.47495
ETB12027,Lycée 213-SOU,2020-2021,Souss-Massa,SOU,Inezgane-Ait Melloul,Rural,Privé,Qualifiant,15,436,1991,1,1,0,1,1,33.52115,-5.79335
ETB12028,École 374-ORI,2019-2020,Oriental,ORI,Figuig,Urbain,Public,Primaire,31,334,1974,1,0,1,1,1,33.39167,-11.74735
ETB12029,Jardin 197-CAS,2019-2020,Casablanca-Settat,CAS,Benslimane,Urbain,Public,Préscolaire,34,65,2011,1,1,0,0,1,31.2182,-8.03607
ETB12030,École 375-FES,2016-2017,Fès-Meknès,FES,Moulay Yacoub,Rural,Public,Primaire,6,321,1992,1,0,0,0,1,35.54193,-12.9938
ETB12031,École 408-CAS,2017-2018,Casablanca-Settat,CAS,Casablanca,Urbain,Public,Primaire,20,276,1992,0,1,0,1,0,35.85038,-3.09413
ETB12032,Collège 24-MAR,2021-2022,Marrakech-Safi,MAR,Al Haouz,Urbain,Public,Collégial,24,370,2000,1,0,0,1,1,34.62964,-1.81167
ETB12033,Collège 271-SOU,2017-2018,Souss-Massa,SOU,Tiznit,Rural,Public,Collégial,3,587,1988,0,1,1,0,1,29.67449,-3.11994
ETB12034,École 471-CAS,2016-2017,Casablanca-Settat,CAS,Berrechid,Urbain,Public,Primaire,13,353,2007,0,0,1,0,0,34.15755,-8.47804
ETB12035,Collège 64-CAS,2019-2020,Casablanca-Settat,CAS,Settat,Urbain,Public,Collégial,26,638,2012,0,0,1,0,0,30.95638,-12.1747
ETB12036,École 321-TAN,2022-2023,Tanger-Tétouan-Al Hoceïma,TAN,Mdiq-Fnideq,Rural,Public,Primaire,4,329,1973,0,0,0,1,1,35.56455,-4.54318
ETB12037,Collège 104-RAB,2016-2017,Rabat-Salé-Kénitra,RAB,Sidi Kacem,Rural,Public,Collégial,4,434,2005,0,0,1,1,0,28.32404,-4.06141
ETB12038,Collège 39-CAS,2017-2018,Casablanca-Settat,CAS,Berrechid,Urbain,Public,Collégial,5,408,1970,1,0,1,1,0,32.2092,-10.01118
ETB12039,Collège 479-MAR,2017-2018,Marrakech-Safi,MAR,Youssoufia,Urbain,Privé,Collégial,32,452,1983,1,1,0,0,1,34.40813,-8.66511
ETB12040,École 486-SOU,2020-2021,Souss-Massa,SOU,Tiznit,Urbain,Public,Primaire,33,302,1980,0,1,1,0,1,33.13842,-2.25571
ETB12041,École 476-CAS,2022-2023,Casablanca-Settat,CAS,Casablanca,Urbain,Public,Primaire,26,456,2014,0,0,0,1,0,34.30308,-12.99722
ETB12042,Collège 285-MAR,2022-2023,Marrakech-Safi,MAR,Safi,Urbain,Public,Collégial,29,431,1986,0,0,0,0,1,35.40678,-9.33486
ETB12043,École 199-CAS,2017-2018,Casablanca-Settat,CAS,El Jadida,Urbain,Public,Primaire,33,167,1985,0,0,1,1,0,35.08318,-1.29599
ETB12044,Collège 482-RAB,2022-2023,Rabat-Salé-Kénitra,RAB,Rabat,Urbain,Public,Collégial,23,135,1982,0,1,0,1,0,33.74102,-11.25743
ETB12045,École 275-MAR,2023-2024,Marrakech-Safi,MAR,Youssoufia,Rural,Public,Primaire,5,355,1973,0,1,0,1,0,34.08308,-6.90486
ETB12046,École 386-DRA,2022-2023,Drâa-Tafilalet,DRA,Zagora,Urbain,Public,Primaire,33,359,1960,1,0,1,0,0,28.78883,-5.78349
ETB12047,Lycée 103-SOU,2015-2016,Souss-Massa,SOU,Agadir-Ida-Ou-Tanane,Urbain,Public,Qualifiant,17,329,1996,1,0,1,0,0,32.20188,-2.26888
ETB12048,Collège 121-FES,2016-2017,Fès-Meknès,FES,Boulemane,Rural,Public,Collégial,25,338,2017,0,0,0,0,0,31.14975,-7.09872
ETB12049,Lycée 143-TAN,2023-2024,Tanger-Tétouan-Al Hoceïma,TAN,Mdiq-Fnideq,Urbain,Public,Qualifiant,10,349,1975,0,1,1,1,0,30.9912,-5.34336
ETB12050,Lycée 74-ORI,2017-2018,Oriental,ORI,Jerada,Urbain,Public,Qualifiant,27,414,2001,1,0,0,1,0,30.70917,-9.72324
ETB12051,École 300-FES,2020-2021,Fès-Meknès,FES,Taounate,Urbain,Public,Primaire,17,222,1963,0,1,0,1,0,30.16847,-4.17494
ETB12052,École 346-CAS,2015-2016,Casablanca-Settat,CAS,Berrechid,Rural,Public,Primaire,13,263,2011,1,0,1,1,1,34.04755,-6.75013
ETB12053,Collège 230-CAS,2020-2021,Casablanca-Settat,CAS,El Jadida,Urbain,Public,Collégial,26,412,1973,1,0,0,1,0,32.05519,-4.43265
ETB12054,Collège 151-SOU,2020-2021,Souss-Massa,SOU,Chtouka-Ait Baha,Urbain,Public,Collégial,34,366,2008,1,0,1,0,1,32.33874,-4.05464
ETB12055,École 97-TAN,2018-2019,Tanger-Tétouan-Al Hoceïma,TAN,Chefchaouen,Urbain,Public,Primaire,10,339,1984,1,0,1,1,0,35.34843,-13.01142
ETB12056,OFPPT 492-BMK,2019-2020,Béni Mellal-Khénifra,BMK,El Kelaa des Sraghna,Urbain,Public,Formation Professionnelle,15,288,1984,1,1,1,0,0,33.00627,-8.0077
ETB12057,Lycée 120-CAS,2016-2017,Casablanca-Settat,CAS,Mohammadia,Rural,Public,Qualifiant,23,125,2019,1,0,0,1,0,35.40011,-8.25781
ETB12058,École 206-CAS,2018-2019,Casablanca-Settat,CAS,Mohammadia,Rural,Public,Primaire,19,577,2004,0,0,1,1,1,31.21973,-10.47547
ETB12059,Lycée 158-CAS,2023-2024,Casablanca-Settat,CAS,Berrechid,Urbain,Public,Qualifiant,14,414,1985,0,0,1,1,0,31.17197,-4.14097
ETB12060,École 178-CAS,2017-2018,Casablanca-Settat,CAS,Khouribga,Rural,Public,Primaire,13,364,1968,0,0,0,1,0,33.74787,-2.03802
ETB12061,École 141-SOU,2016-2017,Souss-Massa,SOU,Taroudannt,Urbain,Public,Primaire,23,339,1990,0,1,1,0,0,33.17648,-5.50624
ETB12062,École 31-RAB,2015-2016,Rabat-Salé-Kénitra,RAB,Sidi Slimane,Rural,Public,Primaire,24,308,1987,1,0,1,1,0,33.8115,-12.46123
ETB12063,Jardin 241-MAR,2019-2020,Marrakech-Safi,MAR,Al Haouz,Urbain,Public,Préscolaire,16,62,1971,0,0,0,1,0,27.94471,-5.48232
ETB12064,Collège 211-ORI,2021-2022,Oriental,ORI,Driouch,Urbain,Public,Collégial,26,589,2005,1,0,1,1,0,31.94243,-2.02758
ETB12065,École 245-CAS,2018-2019,Casablanca-Settat,CAS,Casablanca,Rural,Public,Primaire,20,322,2012,1,0,1,1,0,29.54895,-9.44974
ETB12066,Collège 494-CAS,2020-2021,Casablanca-Settat,CAS,Sidi Bennour,Rural,Public,Collégial,32,273,2017,0,0,0,1,1,32.1949,-7.39011
ETB12067,OFPPT 44-TAN,2017-2018,Tanger-Tétouan-Al Hoceïma,TAN,Tétouan,Urbain,Public,Formation Professionnelle,6,306,1976,0,1,1,1,1,32.41676,-5.71583
ETB12068,Collège 142-BMK,2019-2020,Béni Mellal-Khénifra,BMK,Fquih Ben Salah,Rural,Public,Collégial,3,472,2007,0,1,1,1,1,28.99099,-3.71
ETB12069,École 244-FES,2021-2022,Fès-Meknès,FES,Ifrane,Urbain,Public,Primaire,13,352,2002,1,0,0,0,1,33.32811,-1.9162
ETB12070,École 397-CAS,2015-2016,Casablanca-Settat,CAS,Settat,Urbain,Privé,Primaire,3,355,1988,0,0,1,0,0,29.67795,-4.26492
ETB12071,École 279-TAN,2019-2020,Tanger-Tétouan-Al Hoceïma,TAN,Mdiq-Fnideq,Urbain,Public,Primaire,34,439,1978,1,0,0,1,0,29.89552,-6.65482
ETB12072,École 82-DRA,2022-2023,Drâa-Tafilalet,DRA,Midelt,Rural,Public,Primaire,17,417,1961,0,1,0,1,1,33.56487,-10.45306
ETB12073,Jardin 412-CAS,2015-2016,Casablanca-Settat,CAS,Benslimane,Urbain,Public,Préscolaire,8,59,2018,0,1,0,0,0,28.30064,-10.25068
ETB12074,École 473-RAB,2019-2020,Rabat-Salé-Kénitra,RAB,Skhirate-Témara,Urbain,Public,Primaire,7,235,1977,0,1,0,0,1,33.18777,-7.45885
ETB12075,Jardin 330-RAB,2017-2018,Rabat-Salé-Kénitra,RAB,Salé,Rural,Privé,Préscolaire,9,59,1971,1,0,1,1,1,35.82724,-9.59504
ETB12076,Collège 35-TAN,2019-2020,Tanger-Tétouan-Al Hoceïma,TAN,Al Hoceïma,Rural,Privé,Collégial,11,296,1987,1,1,1,1,0,31.7524,-1.773
ETB12077,École 220-TAN,2017-2018,Tanger-Tétouan-Al Hoceïma,TAN,Tanger-Assilah,Rural,Privé,Primaire,27,85,1982,0,1,0,0,0,32.10287,-7.38302
ETB12078,École 337-CAS,2016-2017,Casablanca-Settat,CAS,Sidi Bennour,Urbain,Public,Primaire,31,366,1992,1,0,0,1,0,28.48974,-8.15382
ETB12079,École 452-CAS,2021-2022,Casablanca-Settat,CAS,Berrechid,Rural,Public,Primaire,10,228,1999,1,1,0,0,1,29.26421,-5.29158
ETB12080,Collège 426-CAS,2016-2017,Casablanca-Settat,CAS,Benslimane,Urbain,Public,Collégial,33,445,1978,0,0,1,1,0,29.82847,-6.51882
ETB12081,Collège 246-ORI,2022-2023,Oriental,ORI,Berkane,Rural,Public,Collégial,31,263,1967,1,0,1,1,0,32.81276,-8.8822
ETB12082,Collège 471-MAR,2016-2017,Marrakech-Safi,MAR,Al Haouz,Rural,Public,Collégial,16,528,1992,0,0,0,1,1,29.35902,-4.59811
ETB12083,Collège 105-MAR,2016-2017,Marrakech-Safi,MAR,Marrakech,Rural,Public,Collégial,7,305,1971,0,1,1,1,0,31.24761,-7.2145
ETB12084,Lycée 67-TAN,2021-2022,Tanger-Tétouan-Al Hoceïma,TAN,Ouazzane,Rural,Public,Qualifiant,9,559,2015,1,1,0,1,0,31.25067,-3.64198
ETB12085,Collège 6-FES,2017-2018,Fès-Meknès,FES,Moulay Yacoub,Urbain,Public,Collégial,24,483,1982,0,1,0,1,1,30.51375,-5.75297
ETB12086,Lycée 382-MAR,2023-2024,Marrakech-Safi,MAR,Al Haouz,Urbain,Privé,Qualifiant,15,368,2002,0,1,1,0,1,31.80304,-12.5016
ETB12087,École 7-TAN,2018-2019,Tanger-Tétouan-Al Hoceïma,TAN,Ouazzane,Urbain,Public,Primaire,22,399,1965,1,1,0,1,0,32.9997,-7.25862
ETB12088,Jardin 234-MAR,2021-2022,Marrakech-Safi,MAR,Chichaoua,Rural,Public,Préscolaire,6,47,2001,1,0,1,1,1,35.51461,-9.91854
ETB12089,École 356-CAS,2020-2021,Casablanca-Settat,CAS,El Jadida,Rural,Privé,Primaire,13,393,1970,0,0,0,1,1,34.04453,-10.28372
ETB12090,École 14-CAS,2023-2024,Casablanca-Settat,CAS,Benslimane,Urbain,Public,Primaire,30,300,1962,0,0,0,0,1,35.64067,-2.13742
ETB12091,Lycée 298-MAR,2019-2020,Marrakech-Safi,MAR,Al Haouz,Rural,Public,Qualifiant,9,419,1966,0,0,0,1,1,33.9456,-6.92599
ETB12092,Lycée 59-ORI,2016-2017,Oriental,ORI,Driouch,Rural,Public,Qualifiant,9,461,2019,0,0,0,0,1,34.91772,-1.46775
ETB12093,École 139-MAR,2019-2020,Marrakech-Safi,MAR,Essaouira,Rural,Public,Primaire,30,176,1991,1,1,1,1,0,28.04153,-5.98895
ETB12094,École 463-CAS,2017-2018,Casablanca-Settat,CAS,El Jadida,Urbain,Public,Primaire,7,255,1962,1,0,1,0,1,35.19508,-7.1849
ETB12095,Université 418-FES,2017-2018,Fès-Meknès,FES,Ifrane,Urbain,Public,Supérieur,18,2562,2013,1,1,0,1,1,35.77722,-8.89073
ETB12096,École 296-RAB,2018-2019,Rabat-Salé-Kénitra,RAB,Kénitra,Rural,Public,Primaire,16,230,1986,0,1,0,0,0,30.22737,-3.79523
ETB12097,École 296-TAN,2021-2022,Tanger-Tétouan-Al Hoceïma,TAN,Fahs-Anjra,Rural,Public,Primaire,22,381,2017,1,0,0,0,0,31.67188,-10.57956
ETB12098,Collège 409-SOU,2019-2020,Souss-Massa,SOU,Taroudannt,Rural,Public,Collégial,6,373,2016,0,1,1,0,0,28.17174,-9.48624
ETB12099,École 200-RAB,2023-2024,Rabat-Salé-Kénitra,RAB,Sidi Slimane,Rural,Privé,Primaire,28,285,2015,0,1,1,1,0,29.5411,-9.28492
ETB12100,OFPPT 53-CAS,2021-2022,Casablanca-Settat,CAS,Casablanca,Urbain,Public,Formation Professionnelle,13,302,1962,0,0,1,1,0,31.61302,-10.83503
ETB12101,Université 322-CAS,2017-2018,Casablanca-Settat,CAS,Khouribga,Urbain,Public,Supérieur,25,3166,2020,1,1,1,1,1,34.41104,-10.53286
ETB12102,Jardin 47-CAS,2016-2017,Casablanca-Settat,CAS,Casablanca,Rural,Public,Préscolaire,4,87,1962,1,0,0,0,1,31.78163,-11.28934
ETB12103,Collège 24-RAB,2016-2017,Rabat-Salé-Kénitra,RAB,Skhirate-Témara,Urbain,Public,Collégial,28,363,2017,0,0,1,1,1,30.00359,-3.20574
ETB12104,École 273-MAR,2015-2016,Marrakech-Safi,MAR,Essaouira,Urbain,Public,Primaire,10,371,1993,0,1,0,0,1,34.3307,-9.58113
ETB12105,Collège 179-DRA,2020-2021,Drâa-Tafilalet,DRA,Ouarzazate,Urbain,Public,Collégial,10,486,1999,1,0,1,1,0,34.18136,-2.97004
ETB12106,École 463-MAR,2020-2021,Marrakech-Safi,MAR,Essaouira,Rural,Public,Primaire,3,332,1990,1,1,1,1,0,33.7706,-10.30436
ETB12107,OFPPT 436-SOU,2019-2020,Souss-Massa,SOU,Tata,Urbain,Public,Formation Professionnelle,21,280,1981,0,1,1,1,1,29.84765,-1.66169
ETB12108,École 387-FES,2020-2021,Fès-Meknès,FES,Boulemane,Urbain,Privé,Primaire,7,239,1966,1,1,1,1,1,31.03405,-4.13125
ETB12109,École 191-ORI,2020-2021,Oriental,ORI,Figuig,Rural,Public,Primaire,9,367,2015,0,0,1,0,0,30.32493,-6.98198
ETB12110,École 424-RAB,2018-2019,Rabat-Salé-Kénitra,RAB,Rabat,Urbain,Public,Primaire,27,194,2019,1,1,0,1,1,28.47381,-12.0206
ETB12111,École 462-CAS,2022-2023,Casablanca-Settat,CAS,Berrechid,Rural,Public,Primaire,30,203,2009,1,0,0,1,0,30.24802,-12.5895
ETB12112,Université 30-FES,2017-2018,Fès-Meknès,FES,Fès,Rural,Public,Supérieur,10,514,1987,1,0,1,0,0,32.64645,-2.7733
ETB12113,Collège 87-CAS,2021-2022,Casablanca-Settat,CAS,Khouribga,Rural,Public,Collégial,11,429,1964,1,1,1,0,1,28.86325,-12.55292
ETB12114,École 110-TAN,2023-2024,Tanger-Tétouan-Al Hoceïma,TAN,Mdiq-Fnideq,Rural,Public,Primaire,5,210,1967,1,0,1,1,1,29.16586,-6.01922
ETB12115,Lycée 486-MAR,2019-2020,Marrakech-Safi,MAR,Chichaoua,Rural,Public,Qualifiant,32,392,2016,0,1,1,1,0,33.61654,-9.04217
ETB12116,Lycée 328-DRA,2018-2019,Drâa-Tafilalet,DRA,Tinghir,Urbain,Public,Qualifiant,28,319,1963,0,0,1,0,1,29.78956,-9.55745
ETB12117,OFPPT 321-SOU,2020-2021,Souss-Massa,SOU,Chtouka-Ait Baha,Urbain,Privé,Formation Professionnelle,27,294,2006,0,0,1,1,0,35.23169,-11.63107
ETB12118,OFPPT 41-TAN,2017-2018,Tanger-Tétouan-Al Hoceïma,TAN,Ouazzane,Rural,Public,Formation Professionnelle,34,326,1962,1,0,1,1,0,27.86908,-13.18595
ETB12119,Collège 251-MAR,2019-2020,Marrakech-Safi,MAR,Al Haouz,Urbain,Public,Collégial,5,525,2001,1,1,0,0,0,31.86803,-10.71084
ETB12120,École 206-CAS,2015-2016,Casablanca-Settat,CAS,Casablanca,Urbain,Public,Primaire,30,228,1994,1,0,1,1,0,31.23695,-4.92123
ETB12121,OFPPT 300-SOU,2020-2021,Souss-Massa,SOU,Agadir-Ida-Ou-Tanane,Urbain,Public,Formation Professionnelle,12,301,1980,0,0,0,1,1,33.13649,-12.11644
ETB12122,École 191-CAS,2015-2016,Casablanca-Settat,CAS,Mohammadia,Urbain,Public,Primaire,30,323,1964,1,0,1,0,0,28.1922,-7.22953
ETB12123,Collège 301-CAS,2017-2018,Casablanca-Settat,CAS,El Jadida,Urbain,Privé,Collégial,31,461,1998,0,0,0,0,0,35.59723,-7.36669
ETB12124,Lycée 33-BMK,2021-2022,Béni Mellal-Khénifra,BMK,Fquih Ben Salah,Urbain,Public,Qualifiant,19,366,2000,0,0,0,1,1,28.68488,-11.20667
ETB12125,École 163-MAR,2022-2023,Marrakech-Safi,MAR,Al Haouz,Rural,Public,Primaire,10,359,1968,0,0,0,1,0,35.88992,-9.78799
ETB12126,École 4-SOU,2015-2016,Souss-Massa,SOU,Inezgane-Ait Melloul,Rural,Privé,Primaire,7,411,1995,0,1,1,0,1,29.61822,-9.72997
ETB12127,École 383-FES,2020-2021,Fès-Meknès,FES,El Hajeb,Rural,Privé,Primaire,3,431,1975,0,0,1,1,0,29.80669,-5.18358
ETB12128,Collège 15-FES,2015-2016,Fès-Meknès,FES,El Hajeb,Urbain,Public,Collégial,6,581,1975,0,0,0,1,0,28.77623,-12.05768
ETB12129,École 1-TAN,2015-2016,Tanger-Tétouan-Al Hoceïma,TAN,Larache,Rural,Public,Primaire,23,250,2019,1,0,0,0,0,34.65397,-10.58672
ETB12130,École 224-ORI,2023-2024,Oriental,ORI,Jerada,Urbain,Public,Primaire,16,628,2018,0,1,1,0,0,28.12143,-11.06175
ETB12131,École 36-DAK,2022-2023,Dakhla-Oued Eddahab,DAK,Dakhla,Rural,Privé,Primaire,11,172,2021,1,0,1,1,1,34.52236,-12.42447
ETB12132,Université 469-DRA,2020-2021,Drâa-Tafilalet,DRA,Tinghir,Rural,Public,Supérieur,21,2734,1976,1,0,0,1,0,35.46302,-10.22922
ETB12133,Collège 302-TAN,2017-2018,Tanger-Tétouan-Al Hoceïma,TAN,Mdiq-Fnideq,Urbain,Public,Collégial,22,473,2018,1,1,1,1,0,34.32538,-5.273
ETB12134,OFPPT 462-TAN,2019-2020,Tanger-Tétouan-Al Hoceïma,TAN,Ouazzane,Urbain,Public,Formation Professionnelle,6,384,1997,0,1,1,1,1,31.66259,-3.23516
ETB12135,École 485-TAN,2019-2020,Tanger-Tétouan-Al Hoceïma,TAN,Mdiq-Fnideq,Urbain,Public,Primaire,23,192,1986,0,0,1,1,1,35.67144,-10.95284
ETB12136,École 100-RAB,2017-2018,Rabat-Salé-Kénitra,RAB,Salé,Urbain,Privé,Primaire,11,484,2001,1,1,0,1,1,30.51672,-1.02714
ETB12137,École 37-FES,2018-2019,Fès-Meknès,FES,Ifrane,Urbain,Public,Primaire,17,291,1991,0,1,1,1,1,31.49592,-10.84536
ETB12138,Collège 465-RAB,2018-2019,Rabat-Salé-Kénitra,RAB,Kénitra,Urbain,Public,Collégial,29,411,1976,0,1,1,1,0,33.38802,-5.59466
ETB12139,Collège 185-BMK,2021-2022,Béni Mellal-Khénifra,BMK,El Kelaa des Sraghna,Urbain,Public,Collégial,24,547,2010,0,1,1,1,1,35.73191,-9.05632
ETB12140,Collège 307-DAK,2021-2022,Dakhla-Oued Eddahab,DAK,Aousserd,Urbain,Public,Collégial,21,327,1963,0,1,1,1,0,30.37416,-4.21698
ETB12141,École 336-ORI,2015-2016,Oriental,ORI,Nador,Rural,Public,Primaire,24,286,1994,0,0,0,0,0,30.21881,-4.24801
ETB12142,École 234-BMK,2019-2020,Béni Mellal-Khénifra,BMK,Khouribga,Urbain,Privé,Primaire,24,333,2011,0,0,1,1,0,35.84452,-10.15588
ETB12143,Jardin 304-ORI,2022-2023,Oriental,ORI,Nador,Urbain,Public,Préscolaire,15,73,2015,1,0,1,0,0,28.82617,-12.97545
ETB12144,École 484-FES,2015-2016,Fès-Meknès,FES,Taounate,Urbain,Public,Primaire,8,260,1997,0,1,1,0,0,34.38631,-2.15801
ETB12145,Collège 463-TAN,2015-2016,Tanger-Tétouan-Al Hoceïma,TAN,Larache,Rural,Public,Collégial,29,663,2017,0,1,1,1,0,35.888,-5.76477
ETB12146,École 68-DRA,2020-2021,Drâa-Tafilalet,DRA,Midelt,Urbain,Privé,Primaire,18,399,1977,1,0,0,0,0,35.26365,-2.13592
ETB12147,École 31-CAS,2016-2017,Casablanca-Settat,CAS,Settat,Urbain,Privé,Primaire,7,304,1979,0,1,0,1,1,29.55175,-12.15758
ETB12148,École 454-CAS,2023-2024,Casablanca-Settat,CAS,Settat,Urbain,Public,Primaire,4,356,2006,1,0,1,0,1,35.43773,-3.49446
ETB12149,Collège 31-TAN,2018-2019,Tanger-Tétouan-Al Hoceïma,TAN,Tétouan,Urbain,Privé,Collégial,22,449,1988,1,0,1,1,1,31.52343,-9.20221
ETB12150,École 454-SOU,2022-2023,Souss-Massa,SOU,Chtouka-Ait Baha,Urbain,Public,Primaire,30,268,2013,1,0,1,1,1,28.56864,-4.73951
ETB12151,École 176-FES,2020-2021,Fès-Meknès,FES,Taza,Urbain,Public,Primaire,29,435,2004,1,0,1,1,0,30.40631,-1.20769
ETB12152,Lycée 331-MAR,2015-2016,Marrakech-Safi,MAR,Safi,Rural,Public,Qualifiant,9,509,2009,0,1,0,1,0,29.13338,-6.89603
ETB12153,Université 488-RAB,2019-2020,Rabat-Salé-Kénitra,RAB,Kénitra,Urbain,Public,Supérieur,7,2741,1973,1,0,0,1,1,29.46972,-6.32656
ETB12154,Lycée 123-RAB,2016-2017,Rabat-Salé-Kénitra,RAB,Rabat,Rural,Public,Qualifiant,17,367,1975,0,1,1,1,0,29.41784,-1.30808
ETB12155,École 425-RAB,2018-2019,Rabat-Salé-Kénitra,RAB,Sidi Slimane,Rural,Public,Primaire,20,338,1960,1,1,0,1,0,33.01319,-9.80493
ETB12156,École 47-SOU,2022-2023,Souss-Massa,SOU,Tata,Urbain,Public,Primaire,34,238,2004,0,1,0,0,0,33.83585,-6.17167
ETB12157,Lycée 442-TAN,2023-2024,Tanger-Tétouan-Al Hoceïma,TAN,Chefchaouen,Urbain,Privé,Qualifiant,4,410,2001,1,0,0,1,0,29.82192,-5.46596
ETB12158,Collège 249-MAR,2023-2024,Marrakech-Safi,MAR,Safi,Rural,Public,Collégial,22,547,1979,1,0,0,0,0,28.69816,-6.92626
ETB12159,École 345-CAS,2018-2019,Casablanca-Settat,CAS,Khouribga,Urbain,Public,Primaire,4,376,1981,1,1,1,1,0,32.27503,-8.13342
ETB12160,École 202-RAB,2015-2016,Rabat-Salé-Kénitra,RAB,Sidi Slimane,Urbain,Public,Primaire,30,192,1978,1,1,0,0,0,30.78816,-9.34503
ETB12161,Collège 395-CAS,2018-2019,Casablanca-Settat,CAS,Sidi Bennour,Urbain,Public,Collégial,25,550,1975,0,0,1,1,0,31.85522,-5.87344
ETB12162,École 254-ORI,2018-2019,Oriental,ORI,Nador,Urbain,Public,Primaire,9,215,1968,0,1,0,1,0,35.2306,-4.76002
ETB12163,École 224-MAR,2015-2016,Marrakech-Safi,MAR,El Kelaa des Sraghna,Urbain,Privé,Primaire,33,488,2010,0,1,1,1,0,35.53207,-4.35178
ETB12164,École 96-TAN,2018-2019,Tanger-Tétouan-Al Hoceïma,TAN,Mdiq-Fnideq,Rural,Privé,Primaire,23,332,1991,1,0,1,1,0,34.00063,-4.11229
ETB12165,École 379-FES,2023-2024,Fès-Meknès,FES,Ifrane,Rural,Public,Primaire,24,279,2003,1,0,1,0,0,32.73562,-3.79411
ETB12166,École 144-LAA,2021-2022,Laâyoune-Sakia El Hamra,LAA,Boujdour,Urbain,Privé,Primaire,25,292,1963,0,1,1,0,0,27.85459,-2.77509
ETB12167,École 498-MAR,2020-2021,Marrakech-Safi,MAR,Chichaoua,Rural,Privé,Primaire,16,364,1987,0,0,1,1,0,30.10982,-1.97764
ETB12168,École 80-FES,2016-2017,Fès-Meknès,FES,Boulemane,Urbain,Public,Primaire,25,345,1985,0,1,1,1,0,30.11736,-6.9623
ETB12169,École 281-MAR,2015-2016,Marrakech-Safi,MAR,Youssoufia,Urbain,Public,Primaire,33,143,2013,0,1,1,1,0,34.26557,-11.6451
ETB12170,École 89-SOU,2022-2023,Souss-Massa,SOU,Tata,Rural,Privé,Primaire,27,460,1992,1,0,1,1,1,33.06299,-11.99813
ETB12171,Lycée 324-FES,2023-2024,Fès-Meknès,FES,Boulemane,Rural,Public,Qualifiant,16,426,2001,0,0,0,1,0,34.2265,-4.57899
ETB12172,École 396-ORI,2022-2023,Oriental,ORI,Figuig,Rural,Public,Primaire,24,257,1965,1,1,1,1,0,34.76706,-1.27957
ETB12173,École 123-CAS,2017-2018,Casablanca-Settat,CAS,Khouribga,Urbain,Public,Primaire,18,143,1983,0,0,1,0,0,34.93099,-11.01686
ETB12174,École 440-CAS,2023-2024,Casablanca-Settat,CAS,Mohammadia,Rural,Privé,Primaire,19,460,1980,0,0,1,1,0,34.53049,-6.9131
ETB12175,Lycée 488-FES,2015-2016,Fès-Meknès,FES,Boulemane,Urbain,Public,Qualifiant,4,391,1978,0,1,0,1,0,31.12821,-5.26933
ETB12176,École 260-FES,2023-2024,Fès-Meknès,FES,Taounate,Urbain,Public,Primaire,20,340,2010,1,1,1,0,1,31.08027,-7.59789
ETB12177,Collège 369-ORI,2020-2021,Oriental,ORI,Berkane,Rural,Public,Collégial,16,366,1982,0,0,0,1,1,35.14774,-3.09154
ETB12178,École 475-RAB,2019-2020,Rabat-Salé-Kénitra,RAB,Sidi Kacem,Rural,Public,Primaire,9,225,2015,1,0,0,1,1,33.73701,-3.17616
ETB12179,École 449-CAS,2020-2021,Casablanca-Settat,CAS,Benslimane,Rural,Public,Primaire,23,396,1997,1,0,1,0,0,28.02208,-1.17093
ETB12180,École 446-FES,2016-2017,Fès-Meknès,FES,El Hajeb,Urbain,Public,Primaire,5,359,1975,1,0,0,0,1,35.84451,-3.73608
ETB12181,Collège 274-DAK,2023-2024,Dakhla-Oued Eddahab,DAK,Aousserd,Rural,Privé,Collégial,33,420,2013,0,0,1,1,0,31.7244,-10.27545
ETB12182,Collège 333-CAS,2019-2020,Casablanca-Settat,CAS,Casablanca,Urbain,Public,Collégial,17,567,2001,1,0,1,0,1,33.44944,-1.93238
ETB12183,Collège 276-MAR,2023-2024,Marrakech-Safi,MAR,Essaouira,Urbain,Public,Collégial,29,434,2019,1,0,0,0,0,35.62893,-10.34189
ETB12184,École 216-BMK,2019-2020,Béni Mellal-Khénifra,BMK,Azilal,Rural,Public,Primaire,34,217,1980,1,0,1,1,1,29.14634,-10.59888
ETB12185,OFPPT 139-CAS,2023-2024,Casablanca-Settat,CAS,Berrechid,Urbain,Public,Formation Professionnelle,31,197,1966,1,0,1,1,0,30.94004,-6.05465
ETB12186,Université 230-MAR,2015-2016,Marrakech-Safi,MAR,Chichaoua,Urbain,Public,Supérieur,27,1927,1996,0,0,0,1,0,34.54673,-1.0748
ETB12187,Université 120-RAB,2020-2021,Rabat-Salé-Kénitra,RAB,Khémisset,Rural,Privé,Supérieur,12,2299,2017,1,1,1,1,0,33.84321,-12.95864
ETB12188,Collège 490-FES,2018-2019,Fès-Meknès,FES,Taounate,Rural,Privé,Collégial,23,478,1963,1,1,0,1,1,34.18271,-13.13548
ETB12189,École 359-SOU,2016-2017,Souss-Massa,SOU,Chtouka-Ait Baha,Urbain,Public,Primaire,20,297,1973,0,0,1,1,1,34.27213,-2.35213
ETB12190,OFPPT 475-TAN,2016-2017,Tanger-Tétouan-Al Hoceïma,TAN,Tanger-Assilah,Rural,Public,Formation Professionnelle,31,416,1963,1,0,0,1,1,35.20125,-7.93565
ETB12191,Lycée 377-TAN,2020-2021,Tanger-Tétouan-Al Hoceïma,TAN,Chefchaouen,Urbain,Public,Qualifiant,3,380,2019,1,0,1,1,0,32.20115,-4.55061
ETB12192,Lycée 286-CAS,2016-2017,Casablanca-Settat,CAS,Sidi Bennour,Urbain,Public,Qualifiant,4,460,1995,0,1,1,1,0,33.77751,-2.05718
ETB12193,Jardin 156-RAB,2015-2016,Rabat-Salé-Kénitra,RAB,Khémisset,Rural,Public,Préscolaire,6,58,1990,1,1,0,0,0,28.68728,-12.4404
ETB12194,Jardin 482-MAR,2017-2018,Marrakech-Safi,MAR,Essaouira,Rural,Public,Préscolaire,17,65,1967,0,1,0,1,0,29.69928,-7.30873
ETB12195,École 229-SOU,2021-2022,Souss-Massa,SOU,Chtouka-Ait Baha,Rural,Privé,Primaire,9,350,1987,0,0,1,0,0,33.49126,-8.03162
ETB12196,Jardin 320-SOU,2017-2018,Souss-Massa,SOU,Chtouka-Ait Baha,Urbain,Public,Préscolaire,29,60,2017,1,1,0,1,1,29.31977,-3.65692
ETB12197,Lycée 135-FES,2021-2022,Fès-Meknès,FES,Boulemane,Rural,Public,Qualifiant,24,475,1965,0,0,1,0,0,30.78664,-4.68329
ETB12198,Collège 299-SOU,2023-2024,Souss-Massa,SOU,Agadir-Ida-Ou-Tanane,Rural,Public,Collégial,18,259,1986,1,1,1,1,0,29.85562,-10.21354
ETB12199,Collège 342-FES,2023-2024,Fès-Meknès,FES,Boulemane,Rural,Public,Collégial,19,452,2009,1,0,1,1,0,27.85031,-2.63694
ETB12200,École 455-MAR,2018-2019,Marrakech-Safi,MAR,El Kelaa des Sraghna,Rural,Public,Primaire,17,280,1994,1,0,1,0,1,30.50227,-6.08881
ETB12201,École 164-RAB,2022-2023,Rabat-Salé-Kénitra,RAB,Sidi Slimane,Urbain,Privé,Primaire,22,288,2011,1,1,1,1,0,35.25819,-3.1927
ETB12202,Collège 36-MAR,2016-2017,Marrakech-Safi,MAR,Al Haouz,Rural,Public,Collégial,30,403,1986,0,0,1,1,1,30.88818,-9.68272
ETB12203,École 476-DRA,2016-2017,Drâa-Tafilalet,DRA,Errachidia,Rural,Privé,Primaire,31,256,1980,0,0,1,1,1,29.42902,-7.72781
ETB12204,École 333-ORI,2021-2022,Oriental,ORI,Berkane,Rural,Public,Primaire,24,233,1993,0,0,0,0,1,27.90868,-7.77191
ETB12205,École 42-SOU,2016-2017,Souss-Massa,SOU,Agadir-Ida-Ou-Tanane,Urbain,Public,Primaire,10,194,2001,0,0,0,0,0,30.35755,-3.64016
ETB12206,Jardin 307-CAS,2022-2023,Casablanca-Settat,CAS,Sidi Bennour,Rural,Public,Préscolaire,29,49,1983,0,0,1,1,1,33.20057,-7.31384
ETB12207,Collège 25-ORI,2022-2023,Oriental,ORI,Driouch,Urbain,Public,Collégial,15,568,1994,1,0,1,0,1,30.39646,-2.90239
ETB12208,Collège 145-RAB,2015-2016,Rabat-Salé-Kénitra,RAB,Salé,Urbain,Public,Collégial,5,482,2003,0,1,0,1,1,30.53903,-10.12805
ETB12209,École 25-CAS,2021-2022,Casablanca-Settat,CAS,Casablanca,Rural,Public,Primaire,24,417,1962,1,0,1,0,1,32.32226,-7.92433
ETB12210,École 47-BMK,2015-2016,Béni Mellal-Khénifra,BMK,Khouribga,Rural,Public,Primaire,7,276,1974,0,0,1,0,0,29.20121,-8.346
ETB12211,École 472-MAR,2017-2018,Marrakech-Safi,MAR,Al Haouz,Urbain,Public,Primaire,16,408,2009,0,0,1,1,1,30.0343,-10.42941
ETB12212,École 17-DRA,2021-2022,Drâa-Tafilalet,DRA,Zagora,Urbain,Public,Primaire,31,366,2017,1,1,1,0,0,34.57146,-1.6954
ETB12213,Lycée 85-MAR,2017-2018,Marrakech-Safi,MAR,Al Haouz,Urbain,Privé,Qualifiant,32,357,1998,0,1,0,0,0,33.57041,-5.18663
ETB12214,École 344-DRA,2020-2021,Drâa-Tafilalet,DRA,Ouarzazate,Urbain,Public,Primaire,18,393,1979,0,0,1,0,0,30.52686,-5.06726
ETB12215,École 297-SOU,2023-2024,Souss-Massa,SOU,Chtouka-Ait Baha,Rural,Privé,Primaire,32,356,1984,1,0,0,0,1,34.11626,-2.1921
ETB12216,Collège 364-MAR,2021-2022,Marrakech-Safi,MAR,Youssoufia,Rural,Public,Collégial,14,457,1989,1,1,1,1,0,28.09145,-12.37264
ETB12217,Jardin 211-DRA,2022-2023,Drâa-Tafilalet,DRA,Errachidia,Urbain,Public,Préscolaire,26,69,2018,0,1,1,1,0,29.55415,-4.2908
ETB12218,École 282-MAR,2023-2024,Marrakech-Safi,MAR,Marrakech,Urbain,Public,Primaire,8,341,2001,0,0,1,0,0,31.137,-9.90604
ETB12219,Collège 25-BMK,2016-2017,Béni Mellal-Khénifra,BMK,Fquih Ben Salah,Urbain,Public,Collégial,19,259,2015,1,0,1,1,0,33.47868,-13.03445
ETB12220,École 296-MAR,2021-2022,Marrakech-Safi,MAR,Safi,Rural,Public,Primaire,33,330,2006,0,1,1,1,0,33.68546,-11.47927
ETB12221,École 165-RAB,2017-2018,Rabat-Salé-Kénitra,RAB,Skhirate-Témara,Rural,Privé,Primaire,24,323,2014,0,0,1,1,1,32.35131,-5.13017
ETB12222,École 11-RAB,2018-2019,Rabat-Salé-Kénitra,RAB,Kénitra,Urbain,Privé,Primaire,25,336,1977,1,0,1,0,0,32.72028,-3.9953
ETB12223,École 38-MAR,2023-2024,Marrakech-Safi,MAR,Marrakech,Rural,Public,Primaire,13,395,1994,1,0,1,0,0,31.49466,-7.42525
ETB12224,Lycée 167-FES,2015-2016,Fès-Meknès,FES,El Hajeb,Urbain,Public,Qualifiant,17,486,2007,0,0,1,0,0,33.80644,-12.0445
ETB12225,Collège 253-RAB,2015-2016,Rabat-Salé-Kénitra,RAB,Kénitra,Rural,Public,Collégial,29,474,2008,1,0,0,1,0,34.80982,-8.75231
ETB12226,École 342-CAS,2021-2022,Casablanca-Settat,CAS,Sidi Bennour,Rural,Public,Primaire,8,342,1970,1,0,1,0,0,31.78161,-4.22574
ETB12227,Jardin 424-FES,2016-2017,Fès-Meknès,FES,Meknès,Urbain,Public,Préscolaire,19,80,1961,0,0,0,0,1,35.3626,-5.02874
ETB12228,École 338-CAS,2019-2020,Casablanca-Settat,CAS,Khouribga,Urbain,Public,Primaire,20,347,2017,1,0,1,0,0,35.82262,-4.67525
ETB12229,Collège 464-SOU,2020-2021,Souss-Massa,SOU,Chtouka-Ait Baha,Urbain,Public,Collégial,16,603,2020,1,1,0,0,0,31.19679,-6.95633
ETB12230,OFPPT 14-RAB,2017-2018,Rabat-Salé-Kénitra,RAB,Salé,Rural,Privé,Formation Professionnelle,28,336,1993,0,0,0,0,0,28.52161,-4.66698
ETB12231,École 363-BMK,2022-2023,Béni Mellal-Khénifra,BMK,Béni Mellal,Urbain,Public,Primaire,15,217,1975,0,0,0,0,1,32.86537,-4.42518
ETB12232,École 352-FES,2022-2023,Fès-Meknès,FES,Boulemane,Urbain,Privé,Primaire,10,341,1994,1,0,0,1,1,31.92605,-6.56218
ETB12233,École 70-SOU,2021-2022,Souss-Massa,SOU,Tata,Urbain,Privé,Primaire,29,281,1982,0,0,1,0,0,28.42017,-5.02064
ETB12234,Lycée 310-SOU,2016-2017,Souss-Massa,SOU,Inezgane-Ait Melloul,Urbain,Public,Qualifiant,27,447,2016,0,1,0,1,1,31.68501,-11.7333
ETB12235,École 172-TAN,2018-2019,Tanger-Tétouan-Al Hoceïma,TAN,Chefchaouen,Urbain,Public,Primaire,6,318,1993,1,1,0,1,1,34.24836,-2.05259
ETB12236,École 187-GUE,2022-2023,Guelmim-Oued Noun,GUE,Assa-Zag,Urbain,Public,Primaire,21,133,2000,1,1,1,0,0,33.58044,-11.4767
ETB12237,École 5-ORI,2017-2018,Oriental,ORI,Guercif,Urbain,Public,Primaire,15,351,1970,0,0,0,0,0,31.38359,-4.28577
ETB12238,École 443-MAR,2021-2022,Marrakech-Safi,MAR,Chichaoua,Urbain,Public,Primaire,26,344,2003,1,0,1,1,0,31.41671,-4.76422
ETB12239,École 65-MAR,2023-2024,Marrakech-Safi,MAR,Essaouira,Urbain,Public,Primaire,30,315,1985,0,0,1,0,0,31.64546,-1.01088
ETB12240,École 44-MAR,2017-2018,Marrakech-Safi,MAR,Youssoufia,Urbain,Public,Primaire,12,438,1976,0,0,0,0,0,31.66445,-3.6892
ETB12241,Jardin 154-TAN,2017-2018,Tanger-Tétouan-Al Hoceïma,TAN,Tétouan,Urbain,Privé,Préscolaire,14,59,1982,0,0,1,0,0,33.45413,-1.53012
ETB12242,Lycée 116-CAS,2023-2024,Casablanca-Settat,CAS,Settat,Rural,Public,Qualifiant,6,337,1979,0,0,0,1,0,32.11102,-7.08687
ETB12243,Collège 266-ORI,2015-2016,Oriental,ORI,Guercif,Urbain,Privé,Collégial,3,504,1978,0,1,0,0,0,30.21379,-5.87379
ETB12244,École 309-RAB,2017-2018,Rabat-Salé-Kénitra,RAB,Skhirate-Témara,Rural,Public,Primaire,10,214,1981,0,0,0,1,0,28.48117,-11.91828
ETB12245,Collège 19-ORI,2015-2016,Oriental,ORI,Figuig,Urbain,Public,Collégial,10,385,2008,1,1,1,0,1,33.05702,-1.91248
ETB12246,Collège 126-MAR,2020-2021,Marrakech-Safi,MAR,Marrakech,Urbain,Public,Collégial,6,494,2008,0,0,0,1,1,31.73222,-3.57514
ETB12247,OFPPT 127-DRA,2015-2016,Drâa-Tafilalet,DRA,Errachidia,Rural,Public,Formation Professionnelle,26,213,1991,1,0,0,1,1,35.87054,-9.04576
ETB12248,École 60-TAN,2018-2019,Tanger-Tétouan-Al Hoceïma,TAN,Larache,Urbain,Public,Primaire,18,351,1982,0,0,1,1,1,31.65412,-8.49008
ETB12249,École 395-CAS,2023-2024,Casablanca-Settat,CAS,El Jadida,Urbain,Public,Primaire,3,182,1989,1,1,1,0,0,31.19395,-4.3083
ETB12250,Université 459-CAS,2021-2022,Casablanca-Settat,CAS,Mohammadia,Urbain,Privé,Supérieur,21,3315,2004,1,1,0,1,0,34.74516,-6.92775
ETB12251,Lycée 167-BMK,2017-2018,Béni Mellal-Khénifra,BMK,Fquih Ben Salah,Urbain,Public,Qualifiant,18,266,2010,0,0,1,1,0,35.86139,-2.55648
ETB12252,École 104-RAB,2015-2016,Rabat-Salé-Kénitra,RAB,Khémisset,Urbain,Public,Primaire,4,257,2007,1,0,1,1,0,28.57868,-5.82699
ETB12253,École 108-FES,2018-2019,Fès-Meknès,FES,Meknès,Rural,Public,Primaire,5,278,1974,0,0,0,1,1,33.00061,-12.60004
ETB12254,École 470-CAS,2017-2018,Casablanca-Settat,CAS,Casablanca,Rural,Public,Primaire,21,394,2016,1,0,1,1,1,31.89915,-9.42486
ETB12255,Collège 245-ORI,2023-2024,Oriental,ORI,Figuig,Rural,Public,Collégial,12,333,1984,0,1,1,0,0,29.35174,-6.44711
ETB12256,Collège 444-RAB,2023-2024,Rabat-Salé-Kénitra,RAB,Salé,Urbain,Privé,Collégial,17,477,2008,1,1,0,1,0,31.88579,-1.13499
ETB12257,École 424-TAN,2017-2018,Tanger-Tétouan-Al Hoceïma,TAN,Ouazzane,Rural,Public,Primaire,10,327,2006,0,1,1,1,1,35.18088,-8.76964
ETB12258,École 403-SOU,2019-2020,Souss-Massa,SOU,Taroudannt,Urbain,Public,Primaire,25,367,2018,0,1,1,0,1,32.71698,-10.22773
ETB12259,Collège 310-ORI,2016-2017,Oriental,ORI,Berkane,Rural,Public,Collégial,28,521,2019,1,0,1,1,0,33.35287,-4.0767
ETB12260,Lycée 126-RAB,2020-2021,Rabat-Salé-Kénitra,RAB,Sidi Slimane,Rural,Public,Qualifiant,4,412,2005,1,0,0,0,0,30.27124,-3.40226
ETB12261,École 120-CAS,2017-2018,Casablanca-Settat,CAS,Sidi Bennour,Rural,Privé,Primaire,18,405,1972,0,1,1,0,0,35.63687,-4.73211
ETB12262,École 473-RAB,2022-2023,Rabat-Salé-Kénitra,RAB,Sidi Kacem,Urbain,Public,Primaire,28,260,1971,0,0,1,1,0,33.28446,-1.18364
ETB12263,École 297-CAS,2015-2016,Casablanca-Settat,CAS,Casablanca,Urbain,Public,Primaire,8,353,2013,0,0,1,1,1,32.24662,-2.70366
ETB12264,Collège 160-FES,2019-2020,Fès-Meknès,FES,Ifrane,Rural,Public,Collégial,8,490,2020,0,0,0,1,0,28.95356,-9.37683
ETB12265,Collège 392-CAS,2020-2021,Casablanca-Settat,CAS,Sidi Bennour,Urbain,Public,Collégial,7,647,1983,0,0,1,1,0,35.60972,-10.75134
ETB12266,Lycée 163-CAS,2015-2016,Casablanca-Settat,CAS,Casablanca,Urbain,Public,Qualifiant,6,306,1998,1,0,1,1,1,29.30294,-6.19594
ETB12267,École 290-ORI,2016-2017,Oriental,ORI,Jerada,Urbain,Public,Primaire,27,382,2010,1,0,0,1,0,29.66821,-12.23084
ETB12268,École 463-BMK,2020-2021,Béni Mellal-Khénifra,BMK,Fquih Ben Salah,Urbain,Public,Primaire,33,264,1986,1,0,0,0,1,30.96076,-4.89834
ETB12269,Collège 331-TAN,2020-2021,Tanger-Tétouan-Al Hoceïma,TAN,Al Hoceïma,Rural,Public,Collégial,18,410,1980,0,0,1,1,0,30.32284,-1.57334
ETB12270,École 369-FES,2019-2020,Fès-Meknès,FES,Boulemane,Urbain,Public,Primaire,15,298,1982,1,0,0,1,0,35.20139,-10.81541
ETB12271,Collège 216-RAB,2023-2024,Rabat-Salé-Kénitra,RAB,Khémisset,Urbain,Public,Collégial,9,348,1975,0,0,0,0,0,27.99782,-4.58573
ETB12272,Collège 173-TAN,2023-2024,Tanger-Tétouan-Al Hoceïma,TAN,Chefchaouen,Urbain,Public,Collégial,8,408,2012,1,0,1,1,0,32.36752,-13.16228
ETB12273,Lycée 66-RAB,2018-2019,Rabat-Salé-Kénitra,RAB,Skhirate-Témara,Rural,Privé,Qualifiant,20,237,1971,1,0,0,1,0,30.02234,-8.3206
ETB12274,École 454-RAB,2018-2019,Rabat-Salé-Kénitra,RAB,Salé,Urbain,Public,Primaire,10,339,1999,1,0,1,0,1,35.06348,-10.28633
ETB12275,Collège 285-MAR,2016-2017,Marrakech-Safi,MAR,Safi,Rural,Public,Collégial,31,374,1984,1,1,1,1,1,30.6879,-13.01171
ETB12276,École 183-FES,2019-2020,Fès-Meknès,FES,El Hajeb,Rural,Public,Primaire,4,172,1987,1,1,0,0,0,34.65533,-9.36451
ETB12277,Jardin 305-CAS,2018-2019,Casablanca-Settat,CAS,Benslimane,Rural,Public,Préscolaire,20,60,1966,0,0,1,1,1,31.0486,-8.16591
ETB12278,Lycée 487-CAS,2016-2017,Casablanca-Settat,CAS,Benslimane,Urbain,Public,Qualifiant,33,391,1985,1,0,1,1,0,33.5513,-4.56283
ETB12279,Jardin 210-ORI,2017-2018,Oriental,ORI,Oujda-Angad,Rural,Public,Préscolaire,27,53,1993,1,0,1,0,1,27.89935,-4.14414
ETB12280,OFPPT 354-BMK,2016-2017,Béni Mellal-Khénifra,BMK,Fquih Ben Salah,Urbain,Public,Formation Professionnelle,11,160,2008,0,1,0,0,0,35.31061,-3.51755
ETB12281,École 216-SOU,2018-2019,Souss-Massa,SOU,Tiznit,Urbain,Public,Primaire,9,217,1977,1,1,0,1,1,33.44012,-9.90079
ETB12282,École 83-CAS,2023-2024,Casablanca-Settat,CAS,Benslimane,Rural,Public,Primaire,9,389,1994,0,1,1,1,1,33.89385,-3.90739
ETB12283,Lycée 291-RAB,2023-2024,Rabat-Salé-Kénitra,RAB,Khémisset,Rural,Public,Qualifiant,10,397,1974,0,1,1,1,0,30.77765,-7.68224
ETB12284,École 50-ORI,2023-2024,Oriental,ORI,Driouch,Rural,Public,Primaire,20,155,1965,1,0,1,0,0,30.76513,-3.08024
ETB12285,Jardin 9-LAA,2017-2018,Laâyoune-Sakia El Hamra,LAA,Tarfaya,Urbain,Public,Préscolaire,5,68,1988,1,0,0,1,1,28.4681,-1.65266
ETB12286,École 164-TAN,2022-2023,Tanger-Tétouan-Al Hoceïma,TAN,Larache,Urbain,Public,Primaire,6,319,2018,1,1,0,0,1,31.63997,-4.61584
ETB12287,Lycée 115-ORI,2020-2021,Oriental,ORI,Jerada,Urbain,Public,Qualifiant,16,550,1972,0,0,1,0,0,30.12486,-2.68296
ETB12288,École 369-MAR,2021-2022,Marrakech-Safi,MAR,Youssoufia,Rural,Public,Primaire,24,286,2006,1,0,0,1,0,31.59444,-12.54724
ETB12289,Collège 239-TAN,2015-2016,Tanger-Tétouan-Al Hoceïma,TAN,Al Hoceïma,Rural,Public,Collégial,17,389,1974,1,1,1,0,1,30.25117,-9.11379
ETB12290,École 166-CAS,2018-2019,Casablanca-Settat,CAS,El Jadida,Urbain,Public,Primaire,9,424,1971,0,0,1,1,0,32.60894,-5.5533
ETB12291,École 25-FES,2018-2019,Fès-Meknès,FES,Moulay Yacoub,Urbain,Public,Primaire,32,422,1968,0,0,1,1,1,28.01704,-5.17474
ETB12292,École 494-RAB,2020-2021,Rabat-Salé-Kénitra,RAB,Sidi Slimane,Rural,Public,Primaire,28,410,2015,0,0,0,1,0,28.83072,-7.17342
ETB12293,École 410-RAB,2016-2017,Rabat-Salé-Kénitra,RAB,Kénitra,Rural,Privé,Primaire,7,296,1974,0,1,1,1,0,34.85641,-4.62197
ETB12294,École 237-TAN,2016-2017,Tanger-Tétouan-Al Hoceïma,TAN,Chefchaouen,Urbain,Privé,Primaire,23,417,1982,1,0,0,0,0,31.42527,-4.2069
ETB12295,École 454-CAS,2016-2017,Casablanca-Settat,CAS,Berrechid,Urbain,Public,Primaire,23,355,1980,1,1,1,1,1,31.29349,-7.05862
ETB12296,Jardin 97-CAS,2019-2020,Casablanca-Settat,CAS,Khouribga,Urbain,Privé,Préscolaire,12,46,2016,0,0,0,0,1,33.63003,-6.07493
ETB12297,École 283-MAR,2021-2022,Marrakech-Safi,MAR,Essaouira,Urbain,Public,Primaire,26,363,1983,0,1,0,1,0,28.41236,-6.00789
ETB12298,Jardin 212-CAS,2018-2019,Casablanca-Settat,CAS,Benslimane,Urbain,Privé,Préscolaire,32,51,1992,1,0,1,0,0,34.8427,-3.11654
ETB12299,Lycée 317-SOU,2017-2018,Souss-Massa,SOU,Chtouka-Ait Baha,Urbain,Public,Qualifiant,15,206,1964,0,1,0,1,1,33.08677,-12.64246
ETB12300,Jardin 5-TAN,2015-2016,Tanger-Tétouan-Al Hoceïma,TAN,Chefchaouen,Rural,Public,Préscolaire,3,58,1992,0,1,1,1,1,34.46345,-7.24702
ETB12301,École 308-CAS,2016-2017,Casablanca-Settat,CAS,Berrechid,Urbain,Public,Primaire,12,342,2006,0,0,0,1,1,35.38264,-10.2216
ETB12302,Jardin 183-TAN,2019-2020,Tanger-Tétouan-Al Hoceïma,TAN,Al Hoceïma,Rural,Privé,Préscolaire,27,60,2003,0,0,1,0,1,30.51292,-3.62105
ETB12303,Lycée 347-FES,2017-2018,Fès-Meknès,FES,Taounate,Urbain,Public,Qualifiant,16,305,1993,0,1,1,1,0,30.43731,-3.66606
ETB12304,OFPPT 191-CAS,2015-2016,Casablanca-Settat,CAS,El Jadida,Rural,Privé,Formation Professionnelle,33,285,1979,1,0,1,1,0,33.40772,-11.93326
ETB12305,École 320-FES,2019-2020,Fès-Meknès,FES,Séfrou,Urbain,Public,Primaire,8,153,1971,1,0,1,1,1,29.33984,-10.70571
ETB12306,Lycée 86-BMK,2016-2017,Béni Mellal-Khénifra,BMK,El Kelaa des Sraghna,Rural,Public,Qualifiant,22,334,1997,1,0,0,1,0,33.0898,-7.36432
ETB12307,Lycée 129-RAB,2019-2020,Rabat-Salé-Kénitra,RAB,Rabat,Urbain,Public,Qualifiant,23,465,2021,0,1,1,1,1,28.28083,-6.47263
ETB12308,Jardin 407-MAR,2016-2017,Marrakech-Safi,MAR,Marrakech,Urbain,Public,Préscolaire,20,65,1991,0,0,0,0,0,30.54269,-8.41811
ETB12309,Collège 150-ORI,2015-2016,Oriental,ORI,Guercif,Rural,Privé,Collégial,20,489,1983,0,1,0,0,1,30.46205,-2.19346
ETB12310,École 492-ORI,2015-2016,Oriental,ORI,Figuig,Urbain,Public,Primaire,14,350,1962,0,0,0,0,1,34.20495,-9.08126
ETB12311,Collège 163-ORI,2018-2019,Oriental,ORI,Oujda-Angad,Rural,Public,Collégial,25,379,1966,1,1,1,1,1,29.14695,-12.49643
ETB12312,OFPPT 113-ORI,2020-2021,Oriental,ORI,Nador,Urbain,Public,Formation Professionnelle,17,297,1977,1,0,1,0,0,33.27694,-6.48027
ETB12313,Collège 330-GUE,2023-2024,Guelmim-Oued Noun,GUE,Guelmim,Urbain,Privé,Collégial,25,311,1987,1,0,1,0,1,35.3583,-2.7272
ETB12314,Lycée 355-BMK,2019-2020,Béni Mellal-Khénifra,BMK,Béni Mellal,Rural,Privé,Qualifiant,34,243,1981,1,0,1,0,1,34.5451,-1.09003
ETB12315,École 190-FES,2018-2019,Fès-Meknès,FES,Fès,Rural,Public,Primaire,7,366,1969,0,0,1,1,1,32.31688,-8.17256
ETB12316,Collège 64-FES,2022-2023,Fès-Meknès,FES,Ifrane,Urbain,Public,Collégial,28,524,1994,0,1,0,0,0,33.50612,-9.54692
ETB12317,École 129-CAS,2020-2021,Casablanca-Settat,CAS,Berrechid,Urbain,Public,Primaire,22,251,1970,1,1,0,0,0,30.05641,-2.27186
ETB12318,École 135-MAR,2015-2016,Marrakech-Safi,MAR,El Kelaa des Sraghna,Urbain,Privé,Primaire,10,349,1998,1,0,0,0,0,33.31513,-11.85625
ETB12319,Jardin 252-CAS,2022-2023,Casablanca-Settat,CAS,Settat,Rural,Public,Préscolaire,17,39,1965,0,1,1,0,0,35.17407,-5.52166
ETB12320,École 323-DAK,2016-2017,Dakhla-Oued Eddahab,DAK,Dakhla,Rural,Privé,Primaire,22,257,1995,0,0,1,0,1,31.23117,-11.85068
ETB12321,Jardin 76-SOU,2022-2023,Souss-Massa,SOU,Agadir-Ida-Ou-Tanane,Urbain,Public,Préscolaire,15,77,1993,1,1,1,1,1,34.77948,-2.21504
ETB12322,École 4-FES,2022-2023,Fès-Meknès,FES,Boulemane,Urbain,Public,Primaire,17,381,1992,1,1,0,1,1,32.81479,-6.51108
ETB12323,École 216-CAS,2016-2017,Casablanca-Settat,CAS,El Jadida,Urbain,Public,Primaire,33,90,2012,1,1,1,0,0,32.97578,-2.15872
ETB12324,Lycée 167-BMK,2023-2024,Béni Mellal-Khénifra,BMK,Béni Mellal,Urbain,Public,Qualifiant,10,308,2006,0,0,0,0,1,30.79538,-4.13394
ETB12325,École 299-CAS,2015-2016,Casablanca-Settat,CAS,Khouribga,Urbain,Privé,Primaire,8,410,2019,1,0,1,1,0,30.04585,-5.21916
ETB12326,École 279-CAS,2022-2023,Casablanca-Settat,CAS,Khouribga,Rural,Public,Primaire,5,370,2015,0,0,1,1,0,30.05052,-2.1848
ETB12327,Collège 311-FES,2015-2016,Fès-Meknès,FES,Meknès,Rural,Public,Collégial,20,441,1977,1,1,0,1,0,35.81709,-5.95599
ETB12328,Lycée 115-MAR,2017-2018,Marrakech-Safi,MAR,Safi,Urbain,Privé,Qualifiant,18,512,1967,1,1,0,0,1,28.52079,-3.5016
ETB12329,Collège 162-FES,2015-2016,Fès-Meknès,FES,Fès,Rural,Privé,Collégial,18,284,1972,1,0,0,1,1,31.91092,-6.92809
ETB12330,Lycée 255-FES,2015-2016,Fès-Meknès,FES,El Hajeb,Urbain,Public,Qualifiant,34,377,2007,1,1,1,0,1,31.64061,-10.26304
ETB12331,École 437-SOU,2015-2016,Souss-Massa,SOU,Chtouka-Ait Baha,Rural,Privé,Primaire,3,434,1970,1,0,0,1,1,32.42051,-4.40547
ETB12332,École 64-ORI,2016-2017,Oriental,ORI,Driouch,Urbain,Public,Primaire,29,280,1974,1,0,1,1,1,30.8353,-8.59339
ETB12333,Collège 494-MAR,2023-2024,Marrakech-Safi,MAR,Marrakech,Rural,Privé,Collégial,6,364,1999,0,0,1,0,0,30.32945,-7.59332
ETB12334,École 79-TAN,2015-2016,Tanger-Tétouan-Al Hoceïma,TAN,Fahs-Anjra,Rural,Public,Primaire,10,235,1992,0,1,0,0,0,32.57356,-2.15073
ETB12335,École 482-FES,2015-2016,Fès-Meknès,FES,Taza,Urbain,Public,Primaire,20,357,1971,0,0,1,0,0,34.09267,-3.75887
ETB12336,Lycée 411-MAR,2016-2017,Marrakech-Safi,MAR,Al Haouz,Urbain,Public,Qualifiant,5,403,1979,0,0,0,1,0,32.92392,-4.86683
ETB12337,École 51-CAS,2018-2019,Casablanca-Settat,CAS,El Jadida,Urbain,Privé,Primaire,21,376,2021,1,0,1,1,1,32.71172,-1.39571
ETB12338,École 84-BMK,2022-2023,Béni Mellal-Khénifra,BMK,Béni Mellal,Urbain,Public,Primaire,11,269,2017,1,0,1,1,0,34.78297,-6.77275
ETB12339,Jardin 241-SOU,2017-2018,Souss-Massa,SOU,Chtouka-Ait Baha,Rural,Public,Préscolaire,5,58,1995,1,0,1,1,1,34.69951,-13.15344
ETB12340,Lycée 488-MAR,2018-2019,Marrakech-Safi,MAR,El Kelaa des Sraghna,Rural,Public,Qualifiant,26,374,1992,0,0,1,0,1,32.69203,-6.22338
ETB12341,École 152-RAB,2022-2023,Rabat-Salé-Kénitra,RAB,Kénitra,Rural,Public,Primaire,27,220,2003,0,0,0,1,0,31.87708,-9.50782
ETB12342,OFPPT 186-RAB,2021-2022,Rabat-Salé-Kénitra,RAB,Khémisset,Rural,Public,Formation Professionnelle,9,238,1989,1,0,1,1,1,29.74936,-6.47489
ETB12343,Collège 432-CAS,2019-2020,Casablanca-Settat,CAS,Benslimane,Urbain,Public,Collégial,34,520,1992,0,1,1,0,1,31.11894,-7.1581
ETB12344,École 496-BMK,2015-2016,Béni Mellal-Khénifra,BMK,Azilal,Rural,Public,Primaire,5,234,1980,1,0,1,1,0,35.81164,-9.06713
ETB12345,École 413-TAN,2017-2018,Tanger-Tétouan-Al Hoceïma,TAN,Ouazzane,Urbain,Public,Primaire,28,356,1980,1,1,1,0,0,31.48665,-4.09267
ETB12346,École 162-MAR,2023-2024,Marrakech-Safi,MAR,Safi,Rural,Public,Primaire,19,274,2006,1,0,0,1,1,34.01811,-11.49694
ETB12347,Collège 90-BMK,2019-2020,Béni Mellal-Khénifra,BMK,Azilal,Urbain,Public,Collégial,23,375,1976,1,1,1,1,0,29.36174,-7.58293
ETB12348,Collège 412-BMK,2015-2016,Béni Mellal-Khénifra,BMK,Khouribga,Rural,Public,Collégial,19,412,1964,1,1,0,1,0,28.13314,-3.56912
ETB12349,École 490-TAN,2015-2016,Tanger-Tétouan-Al Hoceïma,TAN,Mdiq-Fnideq,Urbain,Privé,Primaire,24,361,1976,1,0,0,0,0,29.83786,-12.57383
ETB12350,École 46-DRA,2019-2020,Drâa-Tafilalet,DRA,Midelt,Urbain,Public,Primaire,30,343,1994,0,0,1,1,1,28.9685,-6.66507
ETB12351,Collège 247-FES,2016-2017,Fès-Meknès,FES,Moulay Yacoub,Rural,Public,Collégial,11,374,1989,1,1,0,1,1,28.32705,-1.4216
ETB12352,École 166-ORI,2021-2022,Oriental,ORI,Jerada,Rural,Public,Primaire,26,250,2018,1,0,0,1,0,28.47361,-4.78235
ETB12353,Lycée 247-BMK,2021-2022,Béni Mellal-Khénifra,BMK,Azilal,Rural,Public,Qualifiant,21,279,1975,0,0,0,0,0,29.5608,-2.76761
ETB12354,Lycée 2-MAR,2023-2024,Marrakech-Safi,MAR,Safi,Rural,Privé,Qualifiant,31,442,1969,0,0,0,1,0,28.03439,-12.36097
ETB12355,Collège 417-BMK,2018-2019,Béni Mellal-Khénifra,BMK,Béni Mellal,Urbain,Public,Collégial,31,457,2001,0,0,1,1,0,35.41837,-6.09217
ETB12356,École 446-RAB,2015-2016,Rabat-Salé-Kénitra,RAB,Salé,Rural,Public,Primaire,28,330,1971,0,1,0,0,1,33.2695,-5.43549
ETB12357,École 143-RAB,2020-2021,Rabat-Salé-Kénitra,RAB,Kénitra,Rural,Public,Primaire,7,271,1970,0,0,1,0,0,35.06123,-2.52751
ETB12358,Lycée 360-DRA,2018-2019,Drâa-Tafilalet,DRA,Tinghir,Urbain,Public,Qualifiant,18,523,2017,0,1,0,0,0,35.15107,-13.19129
ETB12359,Lycée 453-CAS,2023-2024,Casablanca-Settat,CAS,El Jadida,Rural,Public,Qualifiant,8,405,2020,1,0,0,0,0,32.02662,-1.61628
ETB12360,École 21-RAB,2023-2024,Rabat-Salé-Kénitra,RAB,Kénitra,Rural,Public,Primaire,8,290,1984,0,1,1,0,0,35.62389,-5.49457
ETB12361,Jardin 305-TAN,2020-2021,Tanger-Tétouan-Al Hoceïma,TAN,Larache,Rural,Public,Préscolaire,21,65,2007,1,0,0,1,0,33.45908,-3.7196
ETB12362,École 305-SOU,2022-2023,Souss-Massa,SOU,Inezgane-Ait Melloul,Rural,Public,Primaire,29,335,1986,1,0,0,0,0,31.6555,-1.15307
ETB12363,École 88-RAB,2015-2016,Rabat-Salé-Kénitra,RAB,Rabat,Rural,Privé,Primaire,17,296,1983,0,0,1,1,0,32.20487,-8.45833
ETB12364,Lycée 64-SOU,2022-2023,Souss-Massa,SOU,Tiznit,Urbain,Public,Qualifiant,12,334,1969,0,1,1,1,0,32.97202,-11.99706
ETB12365,Collège 189-ORI,2016-2017,Oriental,ORI,Taourirt,Urbain,Public,Collégial,11,494,1961,0,0,0,1,0,32.55634,-2.86809
ETB12366,Lycée 204-FES,2023-2024,Fès-Meknès,FES,Ifrane,Urbain,Public,Qualifiant,15,298,1989,1,1,1,1,1,31.55816,-4.63352
ETB12367,OFPPT 21-RAB,2016-2017,Rabat-Salé-Kénitra,RAB,Sidi Slimane,Urbain,Privé,Formation Professionnelle,4,321,2000,1,1,0,1,0,30.20272,-1.8052
ETB12368,Jardin 367-RAB,2020-2021,Rabat-Salé-Kénitra,RAB,Sidi Kacem,Urbain,Privé,Préscolaire,3,71,2016,0,0,1,1,0,34.42246,-2.34586
ETB12369,École 19-CAS,2016-2017,Casablanca-Settat,CAS,Mohammadia,Rural,Privé,Primaire,12,296,1961,0,0,0,1,1,34.88372,-7.05345
ETB12370,Collège 315-CAS,2021-2022,Casablanca-Settat,CAS,El Jadida,Urbain,Public,Collégial,3,333,1967,0,1,0,1,0,33.54889,-7.00761
ETB12371,École 136-ORI,2015-2016,Oriental,ORI,Taourirt,Rural,Public,Primaire,6,360,1987,1,0,1,1,1,30.75486,-7.63687
ETB12372,École 492-CAS,2022-2023,Casablanca-Settat,CAS,Mohammadia,Urbain,Public,Primaire,17,298,2020,1,0,1,0,1,29.93031,-7.42076
ETB12373,École 414-CAS,2020-2021,Casablanca-Settat,CAS,El Jadida,Rural,Public,Primaire,19,213,1996,0,0,1,0,1,33.40329,-11.08261
ETB12374,Lycée 10-SOU,2015-2016,Souss-Massa,SOU,Inezgane-Ait Melloul,Rural,Public,Qualifiant,3,599,2001,0,1,0,0,0,33.33293,-3.17421
ETB12375,École 171-ORI,2017-2018,Oriental,ORI,Nador,Urbain,Public,Primaire,32,242,2015,0,0,1,0,1,35.01148,-8.07636
ETB12376,Lycée 45-ORI,2022-2023,Oriental,ORI,Oujda-Angad,Rural,Public,Qualifiant,14,282,1982,0,1,0,1,1,34.63463,-11.52927
ETB12377,Collège 230-BMK,2018-2019,Béni Mellal-Khénifra,BMK,Fquih Ben Salah,Rural,Public,Collégial,24,226,1987,0,0,1,1,0,28.81234,-5.42008
ETB12378,Jardin 176-CAS,2023-2024,Casablanca-Settat,CAS,Mohammadia,Urbain,Public,Préscolaire,29,71,1996,1,0,1,1,1,35.64791,-1.13402
ETB12379,Collège 136-FES,2022-2023,Fès-Meknès,FES,Fès,Rural,Public,Collégial,24,208,1967,1,0,1,0,0,34.557,-5.30399
ETB12380,École 464-RAB,2020-2021,Rabat-Salé-Kénitra,RAB,Skhirate-Témara,Urbain,Public,Primaire,4,259,2013,0,0,1,1,0,33.56195,-8.0311
ETB12381,École 324-ORI,2019-2020,Oriental,ORI,Oujda-Angad,Rural,Public,Primaire,32,359,1986,1,1,0,0,0,33.80991,-2.38898
ETB12382,Collège 256-FES,2018-2019,Fès-Meknès,FES,Meknès,Urbain,Public,Collégial,5,485,1974,0,0,1,0,0,35.38525,-10.49689
ETB12383,Jardin 89-ORI,2018-2019,Oriental,ORI,Taourirt,Urbain,Public,Préscolaire,15,76,1962,0,1,0,1,1,33.89702,-9.6107
ETB12384,Collège 189-CAS,2023-2024,Casablanca-Settat,CAS,Benslimane,Rural,Public,Collégial,4,420,2005,0,1,1,0,0,28.45447,-9.92403
ETB12385,Collège 490-ORI,2019-2020,Oriental,ORI,Jerada,Urbain,Public,Collégial,23,552,2009,1,0,1,1,1,30.57617,-9.02657
ETB12386,OFPPT 309-CAS,2022-2023,Casablanca-Settat,CAS,Sidi Bennour,Urbain,Public,Formation Professionnelle,6,296,1978,0,0,1,0,0,28.0744,-6.99248
ETB12387,École 151-TAN,2022-2023,Tanger-Tétouan-Al Hoceïma,TAN,Al Hoceïma,Rural,Public,Primaire,10,254,1973,0,1,1,1,0,34.60278,-9.69441
ETB12388,École 13-TAN,2016-2017,Tanger-Tétouan-Al Hoceïma,TAN,Fahs-Anjra,Rural,Public,Primaire,34,331,2002,1,0,1,1,0,35.37346,-1.76782
ETB12389,Lycée 88-BMK,2019-2020,Béni Mellal-Khénifra,BMK,El Kelaa des Sraghna,Rural,Public,Qualifiant,7,425,1960,0,0,1,1,0,28.20265,-8.82822
ETB12390,Lycée 262-CAS,2016-2017,Casablanca-Settat,CAS,Sidi Bennour,Urbain,Public,Qualifiant,22,417,1969,1,1,0,0,1,29.32031,-12.44009
ETB12391,Collège 393-MAR,2022-2023,Marrakech-Safi,MAR,El Kelaa des Sraghna,Urbain,Public,Collégial,8,644,1977,1,0,1,1,1,35.08419,-12.34013
ETB12392,École 273-MAR,2021-2022,Marrakech-Safi,MAR,Marrakech,Urbain,Privé,Primaire,7,415,1977,1,0,1,1,1,34.19878,-8.802
ETB12393,École 78-MAR,2021-2022,Marrakech-Safi,MAR,Al Haouz,Rural,Public,Primaire,6,364,2014,1,0,0,1,0,34.65743,-3.34003
ETB12394,Collège 66-CAS,2021-2022,Casablanca-Settat,CAS,El Jadida,Urbain,Privé,Collégial,33,376,1972,1,1,0,1,0,35.08361,-4.28096
ETB12395,École 138-TAN,2016-2017,Tanger-Tétouan-Al Hoceïma,TAN,Ouazzane,Urbain,Privé,Primaire,23,264,1964,1,1,0,0,0,34.85473,-10.5056
ETB12396,Collège 265-CAS,2017-2018,Casablanca-Settat,CAS,Benslimane,Urbain,Public,Collégial,19,553,1969,1,1,0,1,0,30.32115,-1.3898
ETB12397,École 491-DRA,2021-2022,Drâa-Tafilalet,DRA,Tinghir,Rural,Public,Primaire,21,376,1970,1,1,1,1,1,32.87483,-10.88103
ETB12398,Collège 72-TAN,2021-2022,Tanger-Tétouan-Al Hoceïma,TAN,Tétouan,Urbain,Privé,Collégial,33,530,1969,0,1,1,0,0,32.97612,-8.47652
ETB12399,Collège 60-MAR,2020-2021,Marrakech-Safi,MAR,Essaouira,Urbain,Public,Collégial,12,528,2002,0,1,1,1,0,30.77729,-7.5099
ETB12400,École 469-CAS,2017-2018,Casablanca-Settat,CAS,Sidi Bennour,Rural,Public,Primaire,17,248,2008,0,0,1,1,0,28.74109,-8.67036
ETB12401,Lycée 128-FES,2016-2017,Fès-Meknès,FES,Ifrane,Rural,Public,Qualifiant,11,490,1974,0,1,1,1,1,34.54233,-12.39586
ETB12402,Collège 454-RAB,2017-2018,Rabat-Salé-Kénitra,RAB,Khémisset,Rural,Public,Collégial,34,532,1961,0,0,1,0,0,30.75114,-7.05299
ETB12403,École 78-SOU,2020-2021,Souss-Massa,SOU,Inezgane-Ait Melloul,Rural,Public,Primaire,18,302,1965,1,0,0,1,0,34.66272,-7.74273
ETB12404,École 491-ORI,2015-2016,Oriental,ORI,Figuig,Urbain,Public,Primaire,12,518,1964,1,1,0,1,0,28.31378,-2.66406
ETB12405,Collège 309-FES,2020-2021,Fès-Meknès,FES,Moulay Yacoub,Rural,Privé,Collégial,14,502,2004,1,0,0,1,1,30.23451,-8.98403
ETB12406,École 207-RAB,2018-2019,Rabat-Salé-Kénitra,RAB,Skhirate-Témara,Rural,Public,Primaire,31,301,1985,1,0,0,1,1,30.79131,-6.09949
ETB12407,École 119-FES,2015-2016,Fès-Meknès,FES,El Hajeb,Urbain,Public,Primaire,28,348,1974,1,0,0,0,0,28.37392,-1.32392
ETB12408,École 395-CAS,2019-2020,Casablanca-Settat,CAS,Berrechid,Urbain,Privé,Primaire,32,334,1989,0,0,1,0,0,35.83109,-2.81897
ETB12409,OFPPT 159-CAS,2016-2017,Casablanca-Settat,CAS,Khouribga,Urbain,Public,Formation Professionnelle,30,385,1970,0,0,1,1,0,35.54059,-6.07394
ETB12410,École 205-GUE,2019-2020,Guelmim-Oued Noun,GUE,Tan-Tan,Rural,Public,Primaire,28,235,1966,0,1,1,1,1,35.71586,-11.75721
ETB12411,École 25-RAB,2018-2019,Rabat-Salé-Kénitra,RAB,Skhirate-Témara,Rural,Privé,Primaire,27,335,1983,0,1,0,1,1,32.95144,-3.69957
ETB12412,Jardin 340-BMK,2022-2023,Béni Mellal-Khénifra,BMK,Khouribga,Urbain,Privé,Préscolaire,22,39,1990,0,0,1,1,0,29.26175,-1.23837
ETB12413,Collège 127-FES,2018-2019,Fès-Meknès,FES,Taza,Urbain,Public,Collégial,6,435,1964,1,1,1,1,1,34.98482,-9.58929
ETB12414,École 297-CAS,2020-2021,Casablanca-Settat,CAS,El Jadida,Urbain,Privé,Primaire,7,280,2015,1,0,0,0,1,35.38603,-2.86853
ETB12415,Université 206-ORI,2023-2024,Oriental,ORI,Oujda-Angad,Rural,Public,Supérieur,21,3576,1999,0,0,1,0,1,31.91477,-4.97228
ETB12416,École 81-FES,2021-2022,Fès-Meknès,FES,El Hajeb,Urbain,Public,Primaire,10,327,1993,1,0,0,0,1,30.31931,-10.86789
ETB12417,Lycée 401-FES,2019-2020,Fès-Meknès,FES,Ifrane,Urbain,Public,Qualifiant,28,522,1975,1,0,0,0,1,28.39187,-8.66893
ETB12418,École 187-FES,2020-2021,Fès-Meknès,FES,Meknès,Rural,Public,Primaire,17,286,1992,1,0,0,0,1,30.85921,-4.37896
ETB12419,Lycée 34-FES,2018-2019,Fès-Meknès,FES,Taounate,Urbain,Public,Qualifiant,32,344,2012,1,0,1,1,1,30.56036,-12.29805
ETB12420,École 170-ORI,2015-2016,Oriental,ORI,Driouch,Urbain,Public,Primaire,6,170,1992,0,0,0,1,1,34.61534,-8.18259
ETB12421,Lycée 232-BMK,2017-2018,Béni Mellal-Khénifra,BMK,Azilal,Rural,Public,Qualifiant,26,552,2017,0,1,1,0,1,28.02677,-5.94727
ETB12422,École 234-CAS,2015-2016,Casablanca-Settat,CAS,Settat,Rural,Public,Primaire,25,306,2018,1,0,0,0,0,35.86979,-9.44044
ETB12423,École 330-CAS,2021-2022,Casablanca-Settat,CAS,Mohammadia,Rural,Public,Primaire,34,439,2010,0,0,1,0,0,29.78588,-8.31334
ETB12424,Jardin 18-MAR,2017-2018,Marrakech-Safi,MAR,Chichaoua,Urbain,Public,Préscolaire,28,63,1983,0,0,1,0,0,30.01643,-1.63758
ETB12425,Collège 360-DRA,2022-2023,Drâa-Tafilalet,DRA,Errachidia,Rural,Public,Collégial,6,514,1986,0,0,1,0,0,28.24523,-9.28824
ETB12426,École 92-DRA,2015-2016,Drâa-Tafilalet,DRA,Tinghir,Urbain,Privé,Primaire,29,416,1962,1,1,0,0,0,34.59046,-7.71266
ETB12427,OFPPT 377-BMK,2017-2018,Béni Mellal-Khénifra,BMK,Khouribga,Urbain,Public,Formation Professionnelle,33,175,1982,0,0,0,1,0,29.90692,-4.993
ETB12428,Jardin 468-CAS,2016-2017,Casablanca-Settat,CAS,Sidi Bennour,Urbain,Public,Préscolaire,15,51,1997,0,1,1,0,0,31.54212,-12.45177
ETB12429,Lycée 33-FES,2018-2019,Fès-Meknès,FES,Meknès,Urbain,Privé,Qualifiant,15,501,2009,0,0,1,0,0,32.65201,-12.42601
ETB12430,Collège 368-FES,2017-2018,Fès-Meknès,FES,Moulay Yacoub,Urbain,Privé,Collégial,24,376,1965,0,0,1,1,0,32.50791,-4.39963
ETB12431,École 498-MAR,2020-2021,Marrakech-Safi,MAR,Safi,Urbain,Privé,Primaire,14,257,2009,1,1,0,0,1,31.38055,-1.04906
ETB12432,Collège 150-ORI,2023-2024,Oriental,ORI,Berkane,Urbain,Public,Collégial,29,388,2015,1,1,0,0,0,29.51885,-4.47469
ETB12433,École 101-RAB,2015-2016,Rabat-Salé-Kénitra,RAB,Skhirate-Témara,Urbain,Public,Primaire,33,389,2001,1,1,0,1,0,33.39248,-12.4017
ETB12434,École 420-ORI,2015-2016,Oriental,ORI,Taourirt,Urbain,Privé,Primaire,16,243,2020,1,0,0,0,0,35.71504,-7.52832
ETB12435,École 201-RAB,2018-2019,Rabat-Salé-Kénitra,RAB,Salé,Rural,Public,Primaire,10,324,1995,0,0,1,1,0,34.80386,-9.61229
ETB12436,École 391-TAN,2015-2016,Tanger-Tétouan-Al Hoceïma,TAN,Ouazzane,Rural,Public,Primaire,12,314,1994,0,0,1,1,0,29.32451,-8.48306
ETB12437,Lycée 438-TAN,2017-2018,Tanger-Tétouan-Al Hoceïma,TAN,Fahs-Anjra,Rural,Public,Qualifiant,13,298,1972,1,1,0,0,0,34.01916,-1.0131
ETB12438,École 131-CAS,2015-2016,Casablanca-Settat,CAS,El Jadida,Rural,Public,Primaire,15,358,2004,0,1,0,1,1,34.20594,-4.03268
ETB12439,Lycée 308-TAN,2022-2023,Tanger-Tétouan-Al Hoceïma,TAN,Tanger-Assilah,Urbain,Public,Qualifiant,15,270,1975,0,0,1,1,0,29.68519,-3.5913
ETB12440,École 316-CAS,2015-2016,Casablanca-Settat,CAS,Khouribga,Urbain,Public,Primaire,29,339,2019,1,0,1,0,1,34.74383,-8.90108
ETB12441,École 319-MAR,2022-2023,Marrakech-Safi,MAR,Safi,Urbain,Public,Primaire,25,202,1985,1,0,0,1,1,29.74212,-1.90045
ETB12442,Jardin 206-DAK,2016-2017,Dakhla-Oued Eddahab,DAK,Dakhla,Urbain,Public,Préscolaire,12,36,1991,1,0,0,0,1,30.58916,-11.21718
ETB12443,Collège 494-FES,2020-2021,Fès-Meknès,FES,Ifrane,Urbain,Public,Collégial,7,515,1992,0,0,0,0,0,33.03102,-11.79184
ETB12444,Jardin 133-RAB,2017-2018,Rabat-Salé-Kénitra,RAB,Sidi Kacem,Rural,Public,Préscolaire,21,63,2005,0,1,1,1,1,33.62843,-8.44652
ETB12445,Collège 85-DRA,2021-2022,Drâa-Tafilalet,DRA,Tinghir,Rural,Public,Collégial,31,513,1996,0,0,1,0,1,29.64672,-12.3166
ETB12446,École 176-RAB,2018-2019,Rabat-Salé-Kénitra,RAB,Sidi Kacem,Rural,Public,Primaire,22,170,1966,1,0,1,1,1,35.3411,-4.3762
ETB12447,Lycée 94-TAN,2020-2021,Tanger-Tétouan-Al Hoceïma,TAN,Fahs-Anjra,Urbain,Public,Qualifiant,14,383,1964,1,1,1,1,1,29.92666,-7.18741
ETB12448,École 162-SOU,2021-2022,Souss-Massa,SOU,Tata,Rural,Public,Primaire,16,342,1966,0,0,0,0,1,35.35558,-13.00947
ETB12449,École 393-LAA,2020-2021,Laâyoune-Sakia El Hamra,LAA,Tarfaya,Urbain,Public,Primaire,20,272,1972,0,1,0,1,0,35.23812,-11.23824
ETB12450,Jardin 45-CAS,2015-2016,Casablanca-Settat,CAS,El Jadida,Urbain,Privé,Préscolaire,9,47,2021,1,1,1,1,0,31.15562,-12.01997
ETB12451,École 27-MAR,2020-2021,Marrakech-Safi,MAR,Marrakech,Rural,Privé,Primaire,21,399,1962,1,0,0,0,1,31.75301,-8.69648
ETB12452,École 13-RAB,2021-2022,Rabat-Salé-Kénitra,RAB,Sidi Slimane,Urbain,Privé,Primaire,34,349,1966,0,0,0,0,1,32.96261,-8.80728
ETB12453,Lycée 320-CAS,2020-2021,Casablanca-Settat,CAS,Benslimane,Rural,Privé,Qualifiant,28,372,1988,0,0,0,1,0,29.40027,-9.88666
ETB12454,École 407-RAB,2019-2020,Rabat-Salé-Kénitra,RAB,Khémisset,Urbain,Privé,Primaire,31,251,1986,0,0,1,0,0,32.34119,-3.52682
ETB12455,Lycée 469-RAB,2016-2017,Rabat-Salé-Kénitra,RAB,Kénitra,Urbain,Public,Qualifiant,27,324,1979,0,1,1,1,0,33.4234,-9.71212
ETB12456,Collège 343-FES,2019-2020,Fès-Meknès,FES,Meknès,Rural,Public,Collégial,6,400,1994,1,0,1,0,1,32.21218,-2.94443
ETB12457,Collège 339-TAN,2016-2017,Tanger-Tétouan-Al Hoceïma,TAN,Larache,Rural,Public,Collégial,6,707,2019,0,0,1,1,1,35.30984,-10.97917
ETB12458,École 329-CAS,2021-2022,Casablanca-Settat,CAS,Settat,Urbain,Privé,Primaire,5,164,1963,0,0,0,1,0,29.37476,-10.37272
ETB12459,École 409-BMK,2019-2020,Béni Mellal-Khénifra,BMK,El Kelaa des Sraghna,Rural,Public,Primaire,16,246,2014,1,0,0,1,0,33.70233,-5.74609
ETB12460,École 376-RAB,2017-2018,Rabat-Salé-Kénitra,RAB,Sidi Kacem,Urbain,Public,Primaire,32,165,1993,1,1,1,1,0,35.65961,-7.36516
ETB12461,Collège 287-CAS,2022-2023,Casablanca-Settat,CAS,El Jadida,Urbain,Public,Collégial,15,701,1986,1,1,0,1,1,34.24644,-2.68278
ETB12462,École 194-ORI,2018-2019,Oriental,ORI,Taourirt,Rural,Public,Primaire,20,317,1966,1,0,1,1,1,35.84925,-13.14259
ETB12463,École 63-ORI,2016-2017,Oriental,ORI,Nador,Urbain,Public,Primaire,21,403,1993,1,0,0,0,1,28.26657,-4.80311
ETB12464,Jardin 128-TAN,2017-2018,Tanger-Tétouan-Al Hoceïma,TAN,Chefchaouen,Urbain,Public,Préscolaire,9,56,2001,0,0,1,1,1,33.62542,-10.14013
ETB12465,Lycée 14-SOU,2019-2020,Souss-Massa,SOU,Tata,Urbain,Public,Qualifiant,16,350,1963,0,0,1,1,0,32.91921,-7.49367
ETB12466,École 169-MAR,2023-2024,Marrakech-Safi,MAR,El Kelaa des Sraghna,Rural,Public,Primaire,11,420,1970,1,0,0,1,0,28.23664,-8.10099
ETB12467,École 325-MAR,2019-2020,Marrakech-Safi,MAR,Essaouira,Urbain,Public,Primaire,19,388,2007,1,1,1,1,0,34.001,-6.88013
ETB12468,Lycée 264-CAS,2021-2022,Casablanca-Settat,CAS,Settat,Urbain,Public,Qualifiant,18,316,2010,0,0,0,0,0,33.76409,-12.50283
ETB12469,École 44-CAS,2017-2018,Casablanca-Settat,CAS,Settat,Urbain,Privé,Primaire,19,453,1987,1,1,1,1,1,35.50484,-10.34281
ETB12470,Université 2-MAR,2022-2023,Marrakech-Safi,MAR,El Kelaa des Sraghna,Urbain,Privé,Supérieur,6,3191,1963,0,0,1,1,0,31.73289,-4.5284
ETB12471,OFPPT 136-BMK,2016-2017,Béni Mellal-Khénifra,BMK,El Kelaa des Sraghna,Urbain,Privé,Formation Professionnelle,34,308,1966,0,0,1,0,1,35.62851,-12.11675
ETB12472,Collège 11-BMK,2015-2016,Béni Mellal-Khénifra,BMK,Fquih Ben Salah,Urbain,Privé,Collégial,31,295,1964,0,1,1,1,0,31.8265,-3.96496
ETB12473,École 441-CAS,2022-2023,Casablanca-Settat,CAS,Berrechid,Urbain,Public,Primaire,17,198,2005,1,0,1,0,0,34.13012,-7.20693
ETB12474,Lycée 49-MAR,2022-2023,Marrakech-Safi,MAR,Chichaoua,Urbain,Public,Qualifiant,19,308,1978,0,0,1,0,0,33.6693,-8.45398
ETB12475,École 492-RAB,2023-2024,Rabat-Salé-Kénitra,RAB,Rabat,Urbain,Privé,Primaire,6,328,1982,0,1,1,0,1,33.5325,-1.16722
ETB12476,Collège 169-FES,2017-2018,Fès-Meknès,FES,Moulay Yacoub,Urbain,Public,Collégial,9,516,1960,0,1,1,1,1,34.3806,-3.85055
ETB12477,École 369-FES,2020-2021,Fès-Meknès,FES,Moulay Yacoub,Rural,Public,Primaire,21,314,2008,0,1,1,1,0,28.46134,-2.17325
ETB12478,Lycée 170-RAB,2023-2024,Rabat-Salé-Kénitra,RAB,Sidi Slimane,Urbain,Public,Qualifiant,5,493,2012,1,0,1,1,0,32.9482,-6.86693
ETB12479,Université 396-TAN,2018-2019,Tanger-Tétouan-Al Hoceïma,TAN,Ouazzane,Urbain,Public,Supérieur,14,2100,1968,0,0,1,1,0,29.6166,-3.79571
ETB12480,École 19-RAB,2015-2016,Rabat-Salé-Kénitra,RAB,Salé,Urbain,Privé,Primaire,33,166,1978,0,0,1,0,1,28.63731,-3.01095
ETB12481,Lycée 165-ORI,2018-2019,Oriental,ORI,Nador,Rural,Public,Qualifiant,25,494,1975,0,0,0,0,0,35.2838,-3.56887
ETB12482,Lycée 113-SOU,2019-2020,Souss-Massa,SOU,Taroudannt,Rural,Public,Qualifiant,24,633,2009,0,0,1,1,1,33.84081,-5.82652
ETB12483,Collège 204-CAS,2016-2017,Casablanca-Settat,CAS,Berrechid,Urbain,Public,Collégial,11,357,1971,0,1,1,1,0,28.28939,-6.09778
ETB12484,École 283-DRA,2015-2016,Drâa-Tafilalet,DRA,Ouarzazate,Urbain,Privé,Primaire,4,493,1977,1,0,1,1,0,31.02021,-3.3568
ETB12485,Lycée 230-FES,2017-2018,Fès-Meknès,FES,Fès,Urbain,Public,Qualifiant,27,380,1990,0,0,1,1,1,34.81746,-7.88137
ETB12486,Collège 40-BMK,2019-2020,Béni Mellal-Khénifra,BMK,El Kelaa des Sraghna,Rural,Public,Collégial,26,518,2008,0,1,0,1,1,32.96738,-2.51868
ETB12487,École 366-DRA,2021-2022,Drâa-Tafilalet,DRA,Zagora,Rural,Public,Primaire,5,334,2016,1,0,1,1,0,33.89445,-6.95307
ETB12488,Lycée 71-MAR,2023-2024,Marrakech-Safi,MAR,El Kelaa des Sraghna,Urbain,Public,Qualifiant,22,313,1964,0,0,1,1,0,33.87064,-9.34314
ETB12489,Collège 144-TAN,2023-2024,Tanger-Tétouan-Al Hoceïma,TAN,Larache,Urbain,Privé,Collégial,15,631,2018,1,1,1,1,1,31.04014,-12.95227
ETB12490,École 292-RAB,2021-2022,Rabat-Salé-Kénitra,RAB,Sidi Kacem,Urbain,Public,Primaire,29,412,1985,1,1,1,1,1,34.53938,-7.70336
ETB12491,Collège 433-MAR,2015-2016,Marrakech-Safi,MAR,Youssoufia,Rural,Public,Collégial,34,575,2003,0,1,1,1,0,35.76475,-12.0397
ETB12492,Lycée 292-SOU,2017-2018,Souss-Massa,SOU,Taroudannt,Urbain,Public,Qualifiant,21,278,1964,0,1,0,1,0,35.74805,-5.10093
ETB12493,École 468-DAK,2020-2021,Dakhla-Oued Eddahab,DAK,Dakhla,Rural,Privé,Primaire,33,295,1968,0,0,1,0,0,33.82913,-1.49014
ETB12494,Lycée 491-FES,2023-2024,Fès-Meknès,FES,Ifrane,Urbain,Privé,Qualifiant,21,395,1971,0,0,1,0,1,29.77279,-2.11043
ETB12495,École 233-RAB,2023-2024,Rabat-Salé-Kénitra,RAB,Skhirate-Témara,Urbain,Public,Primaire,29,330,1984,1,0,1,1,0,33.21137,-5.08774
ETB12496,École 160-TAN,2021-2022,Tanger-Tétouan-Al Hoceïma,TAN,Ouazzane,Rural,Public,Primaire,8,365,2008,1,0,0,1,1,31.32119,-5.04636
ETB12497,École 309-RAB,2017-2018,Rabat-Salé-Kénitra,RAB,Rabat,Rural,Privé,Primaire,6,291,1979,1,1,1,0,0,28.28263,-12.83391
ETB12498,École 151-CAS,2022-2023,Casablanca-Settat,CAS,El Jadida,Rural,Public,Primaire,8,451,2008,1,1,1,0,1,32.15774,-3.36281
ETB12499,École 344-TAN,2021-2022,Tanger-Tétouan-Al Hoceïma,TAN,Al Hoceïma,Rural,Public,Primaire,7,242,2012,1,1,0,1,0,32.46737,-5.61003
ETB12500,École 425-DRA,2019-2020,Drâa-Tafilalet,DRA,Midelt,Urbain,Public,Primaire,23,370,1968,1,1,0,0,1,35.85556,-11.67447
ETB12501,Collège 376-RAB,2023-2024,Rabat-Salé-Kénitra,RAB,Rabat,Rural,Public,Collégial,15,539,2011,1,0,0,0,1,35.22434,-2.40674
ETB12502,Jardin 161-TAN,2021-2022,Tanger-Tétouan-Al Hoceïma,TAN,Al Hoceïma,Rural,Public,Préscolaire,12,46,1977,1,0,1,0,1,31.28597,-8.10295
ETB12503,École 268-FES,2022-2023,Fès-Meknès,FES,Fès,Rural,Public,Primaire,26,268,2013,1,0,1,1,1,32.06674,-8.57966
ETB12504,Collège 76-TAN,2018-2019,Tanger-Tétouan-Al Hoceïma,TAN,Chefchaouen,Rural,Privé,Collégial,17,509,1972,0,0,0,1,0,31.26407,-2.63288
ETB12505,Collège 127-DRA,2019-2020,Drâa-Tafilalet,DRA,Ouarzazate,Rural,Public,Collégial,18,450,1978,1,0,1,1,0,35.32137,-9.22436
ETB12506,Jardin 162-TAN,2017-2018,Tanger-Tétouan-Al Hoceïma,TAN,Ouazzane,Rural,Public,Préscolaire,16,68,1986,1,0,1,1,0,29.11814,-12.24931
ETB12507,École 2-SOU,2022-2023,Souss-Massa,SOU,Tiznit,Rural,Privé,Primaire,27,376,2000,0,1,1,1,0,31.29794,-10.77795
ETB12508,Collège 332-CAS,2017-2018,Casablanca-Settat,CAS,Sidi Bennour,Urbain,Public,Collégial,4,385,2008,0,0,1,1,0,35.14326,-9.39084
ETB12509,École 429-MAR,2017-2018,Marrakech-Safi,MAR,Essaouira,Rural,Privé,Primaire,30,293,2017,0,1,0,0,1,28.03486,-13.03754
ETB12510,OFPPT 127-SOU,2015-2016,Souss-Massa,SOU,Agadir-Ida-Ou-Tanane,Urbain,Public,Formation Professionnelle,31,305,1989,0,0,1,1,0,32.40387,-2.59167
ETB12511,École 215-SOU,2017-2018,Souss-Massa,SOU,Inezgane-Ait Melloul,Urbain,Public,Primaire,23,407,2011,1,1,1,1,0,29.89083,-8.37134
ETB12512,Jardin 181-SOU,2021-2022,Souss-Massa,SOU,Taroudannt,Rural,Privé,Préscolaire,12,65,1964,0,0,1,0,1,34.67274,-1.57456
ETB12513,École 84-TAN,2021-2022,Tanger-Tétouan-Al Hoceïma,TAN,Chefchaouen,Rural,Public,Primaire,26,252,1999,1,0,1,0,0,28.1694,-2.80195
ETB12514,Collège 477-MAR,2020-2021,Marrakech-Safi,MAR,Safi,Urbain,Public,Collégial,33,371,1968,0,1,0,1,0,34.71487,-11.11448
ETB12515,École 222-CAS,2018-2019,Casablanca-Settat,CAS,Settat,Rural,Public,Primaire,18,313,1987,1,0,0,0,0,31.70999,-8.71545
ETB12516,Collège 211-FES,2015-2016,Fès-Meknès,FES,Ifrane,Rural,Public,Collégial,10,549,1992,1,0,0,0,1,28.22401,-11.38997
ETB12517,Collège 438-RAB,2020-2021,Rabat-Salé-Kénitra,RAB,Salé,Urbain,Public,Collégial,34,419,1984,0,0,1,1,1,34.59028,-12.28369
ETB12518,École 310-BMK,2018-2019,Béni Mellal-Khénifra,BMK,Béni Mellal,Urbain,Public,Primaire,4,343,2003,1,1,0,1,1,29.57696,-10.92025
ETB12519,École 151-CAS,2020-2021,Casablanca-Settat,CAS,Mohammadia,Rural,Public,Primaire,9,206,2016,1,0,0,0,0,35.73497,-2.94705
ETB12520,Lycée 435-MAR,2019-2020,Marrakech-Safi,MAR,Safi,Urbain,Privé,Qualifiant,17,424,1991,0,1,0,0,1,28.6005,-2.8784
ETB12521,École 42-ORI,2016-2017,Oriental,ORI,Figuig,Urbain,Privé,Primaire,6,292,2011,0,1,0,1,0,33.14713,-2.38662
ETB12522,École 117-RAB,2023-2024,Rabat-Salé-Kénitra,RAB,Skhirate-Témara,Rural,Public,Primaire,26,247,1993,0,1,0,1,1,34.2748,-12.07445
ETB12523,École 404-BMK,2015-2016,Béni Mellal-Khénifra,BMK,Béni Mellal,Urbain,Privé,Primaire,31,270,1993,1,0,0,1,1,30.67029,-12.97313
ETB12524,Jardin 467-FES,2017-2018,Fès-Meknès,FES,Taounate,Rural,Public,Préscolaire,16,80,1967,1,1,0,1,1,28.8727,-8.24193
ETB12525,École 411-CAS,2018-2019,Casablanca-Settat,CAS,Settat,Urbain,Public,Primaire,8,402,2017,1,0,1,1,1,30.15134,-10.88241
ETB12526,Jardin 36-CAS,2016-2017,Casablanca-Settat,CAS,El Jadida,Urbain,Privé,Préscolaire,25,67,1979,0,1,1,1,1,34.69111,-3.47092
ETB12527,École 470-CAS,2017-2018,Casablanca-Settat,CAS,Casablanca,Urbain,Public,Primaire,7,275,1970,0,0,1,0,0,28.89229,-8.4318
ETB12528,École 159-MAR,2020-2021,Marrakech-Safi,MAR,Marrakech,Rural,Public,Primaire,31,339,1965,0,0,0,1,1,32.46986,-12.74578
ETB12529,École 13-CAS,2021-2022,Casablanca-Settat,CAS,Berrechid,Rural,Public,Primaire,12,318,1962,1,0,0,1,0,27.75996,-1.06295
ETB12530,Collège 52-FES,2020-2021,Fès-Meknès,FES,Taounate,Urbain,Public,Collégial,13,656,1998,1,0,0,1,0,34.78205,-6.47203
ETB12531,Jardin 243-SOU,2017-2018,Souss-Massa,SOU,Taroudannt,Urbain,Public,Préscolaire,4,47,2019,1,0,0,0,1,34.35302,-7.71163
ETB12532,École 232-TAN,2018-2019,Tanger-Tétouan-Al Hoceïma,TAN,Ouazzane,Rural,Public,Primaire,17,350,1973,1,1,0,0,1,29.46208,-6.80162
ETB12533,Lycée 74-SOU,2020-2021,Souss-Massa,SOU,Tiznit,Urbain,Public,Qualifiant,23,441,1963,1,0,1,1,0,31.77729,-8.15228
ETB12534,École 422-RAB,2015-2016,Rabat-Salé-Kénitra,RAB,Sidi Kacem,Urbain,Public,Primaire,15,241,1970,0,0,1,1,0,33.58311,-12.68576
ETB12535,École 265-TAN,2016-2017,Tanger-Tétouan-Al Hoceïma,TAN,Ouazzane,Urbain,Public,Primaire,19,211,1977,0,0,0,1,0,29.21081,-10.36468
ETB12536,École 397-FES,2023-2024,Fès-Meknès,FES,El Hajeb,Urbain,Public,Primaire,12,297,2010,1,0,1,1,1,35.36484,-12.63242
ETB12537,École 112-FES,2019-2020,Fès-Meknès,FES,Boulemane,Urbain,Public,Primaire,18,301,1972,0,0,0,0,0,35.66835,-9.70651
ETB12538,École 352-ORI,2015-2016,Oriental,ORI,Figuig,Urbain,Public,Primaire,16,431,1966,0,1,0,0,1,32.325,-11.42722
ETB12539,École 380-CAS,2020-2021,Casablanca-Settat,CAS,Khouribga,Rural,Public,Primaire,22,326,1960,1,1,1,1,1,35.65318,-1.07178
ETB12540,Lycée 375-CAS,2022-2023,Casablanca-Settat,CAS,El Jadida,Urbain,Public,Qualifiant,31,417,1979,1,0,1,1,0,34.66289,-9.32508
ETB12541,École 336-MAR,2018-2019,Marrakech-Safi,MAR,Safi,Rural,Public,Primaire,32,409,1987,1,1,1,0,0,29.54909,-12.57266
ETB12542,Collège 490-CAS,2015-2016,Casablanca-Settat,CAS,Benslimane,Rural,Public,Collégial,15,345,2004,0,0,0,1,0,29.38956,-4.5659
ETB12543,Lycée 454-CAS,2017-2018,Casablanca-Settat,CAS,Casablanca,Rural,Public,Qualifiant,31,293,1979,0,0,0,1,0,30.35544,-6.26066
ETB12544,Lycée 435-CAS,2018-2019,Casablanca-Settat,CAS,Casablanca,Urbain,Privé,Qualifiant,14,166,1975,1,1,1,1,1,33.08979,-5.3572
ETB12545,Jardin 416-CAS,2015-2016,Casablanca-Settat,CAS,Settat,Rural,Privé,Préscolaire,27,79,2004,0,1,1,1,0,33.83276,-4.31671
ETB12546,Lycée 271-FES,2018-2019,Fès-Meknès,FES,Fès,Urbain,Privé,Qualifiant,17,432,2006,1,0,0,1,1,32.09366,-12.43106
ETB12547,École 60-MAR,2018-2019,Marrakech-Safi,MAR,El Kelaa des Sraghna,Urbain,Privé,Primaire,19,261,2002,1,0,0,1,0,33.25487,-13.00102
ETB12548,École 85-CAS,2020-2021,Casablanca-Settat,CAS,Berrechid,Urbain,Public,Primaire,32,310,1976,1,0,1,1,0,33.59313,-5.0121
ETB12549,Lycée 229-GUE,2023-2024,Guelmim-Oued Noun,GUE,Assa-Zag,Rural,Public,Qualifiant,9,243,1984,0,0,1,1,1,30.07665,-7.43532
ETB12550,École 237-FES,2019-2020,Fès-Meknès,FES,Taza,Rural,Public,Primaire,27,356,2021,1,1,1,1,0,29.36971,-7.49986
ETB12551,Lycée 145-SOU,2023-2024,Souss-Massa,SOU,Tata,Rural,Privé,Qualifiant,25,207,1981,0,0,0,1,0,35.2007,-1.24353
ETB12552,Collège 391-MAR,2018-2019,Marrakech-Safi,MAR,Marrakech,Rural,Public,Collégial,7,412,1961,1,0,0,1,1,27.96477,-8.5855
ETB12553,OFPPT 300-CAS,2020-2021,Casablanca-Settat,CAS,Khouribga,Rural,Privé,Formation Professionnelle,12,298,2021,0,1,0,0,1,34.70491,-7.8733
ETB12554,Jardin 231-TAN,2022-2023,Tanger-Tétouan-Al Hoceïma,TAN,Tétouan,Rural,Public,Préscolaire,21,79,2003,1,0,0,1,1,29.88804,-10.81653
ETB12555,OFPPT 8-CAS,2019-2020,Casablanca-Settat,CAS,Sidi Bennour,Rural,Public,Formation Professionnelle,7,299,1966,0,0,0,0,0,35.73137,-2.20291
ETB12556,Lycée 30-CAS,2023-2024,Casablanca-Settat,CAS,Mohammadia,Urbain,Privé,Qualifiant,7,413,2001,1,1,1,1,0,35.73661,-10.37282
ETB12557,École 46-CAS,2022-2023,Casablanca-Settat,CAS,Khouribga,Rural,Public,Primaire,20,448,2001,1,1,1,0,0,34.28805,-1.00992
ETB12558,École 241-FES,2017-2018,Fès-Meknès,FES,Ifrane,Urbain,Public,Primaire,18,302,2015,1,0,1,0,1,27.95826,-4.68308
ETB12559,École 163-GUE,2020-2021,Guelmim-Oued Noun,GUE,Assa-Zag,Urbain,Public,Primaire,19,311,1964,1,0,1,1,0,31.74333,-2.98263
ETB12560,Lycée 177-SOU,2015-2016,Souss-Massa,SOU,Tata,Urbain,Public,Qualifiant,13,496,2002,1,0,0,1,0,35.20505,-11.13489
ETB12561,Collège 153-CAS,2019-2020,Casablanca-Settat,CAS,Mohammadia,Rural,Public,Collégial,15,392,1990,1,1,1,1,0,32.62656,-2.28593
ETB12562,École 405-BMK,2017-2018,Béni Mellal-Khénifra,BMK,Béni Mellal,Urbain,Public,Primaire,15,203,2017,0,0,0,1,0,28.43163,-12.35025
ETB12563,École 417-CAS,2020-2021,Casablanca-Settat,CAS,El Jadida,Urbain,Public,Primaire,6,250,1989,0,1,0,0,0,33.58746,-4.87959
ETB12564,Collège 237-ORI,2017-2018,Oriental,ORI,Nador,Rural,Privé,Collégial,15,409,2016,0,0,1,0,0,28.4537,-7.386
ETB12565,École 174-RAB,2022-2023,Rabat-Salé-Kénitra,RAB,Khémisset,Urbain,Privé,Primaire,25,342,2019,1,1,1,0,1,34.56074,-5.46729
ETB12566,École 157-BMK,2018-2019,Béni Mellal-Khénifra,BMK,El Kelaa des Sraghna,Rural,Public,Primaire,5,332,2019,0,1,1,0,1,29.35881,-8.75812
ETB12567,École 329-BMK,2017-2018,Béni Mellal-Khénifra,BMK,Fquih Ben Salah,Rural,Public,Primaire,14,343,2006,0,1,0,1,0,30.46125,-10.57241
ETB12568,École 257-FES,2022-2023,Fès-Meknès,FES,Fès,Urbain,Public,Primaire,21,177,1971,1,1,0,1,1,34.49177,-6.8723
ETB12569,Collège 20-SOU,2021-2022,Souss-Massa,SOU,Agadir-Ida-Ou-Tanane,Rural,Public,Collégial,32,341,1971,1,0,1,1,1,35.02652,-3.94831
ETB12570,Collège 140-RAB,2019-2020,Rabat-Salé-Kénitra,RAB,Kénitra,Rural,Public,Collégial,32,404,1972,0,0,0,0,1,34.50729,-7.75467
ETB12571,Collège 461-SOU,2022-2023,Souss-Massa,SOU,Inezgane-Ait Melloul,Urbain,Public,Collégial,24,327,2006,1,1,0,1,0,29.38438,-12.54055
ETB12572,Collège 124-SOU,2021-2022,Souss-Massa,SOU,Taroudannt,Urbain,Privé,Collégial,9,400,1994,1,0,0,1,1,35.8176,-9.16216
ETB12573,École 246-RAB,2021-2022,Rabat-Salé-Kénitra,RAB,Kénitra,Rural,Public,Primaire,20,278,1963,1,0,1,1,0,34.43721,-9.12793
ETB12574,Lycée 88-TAN,2018-2019,Tanger-Tétouan-Al Hoceïma,TAN,Fahs-Anjra,Rural,Privé,Qualifiant,10,395,2009,0,0,1,0,0,30.07835,-9.68145
ETB12575,École 456-FES,2015-2016,Fès-Meknès,FES,Fès,Rural,Privé,Primaire,9,290,1969,1,0,0,0,1,35.45464,-5.77224
ETB12576,École 290-CAS,2018-2019,Casablanca-Settat,CAS,Settat,Urbain,Privé,Primaire,10,357,2008,0,1,1,0,0,31.02812,-9.76222
ETB12577,Collège 401-TAN,2023-2024,Tanger-Tétouan-Al Hoceïma,TAN,Tanger-Assilah,Urbain,Public,Collégial,18,600,1966,0,0,1,0,1,33.87678,-5.39435
ETB12578,Collège 495-FES,2019-2020,Fès-Meknès,FES,Taza,Urbain,Public,Collégial,14,346,1965,1,0,1,1,1,34.77547,-11.74784
ETB12579,Jardin 224-SOU,2020-2021,Souss-Massa,SOU,Taroudannt,Urbain,Public,Préscolaire,14,62,2002,0,0,0,0,1,34.18189,-8.85569
ETB12580,Collège 482-BMK,2022-2023,Béni Mellal-Khénifra,BMK,Béni Mellal,Urbain,Public,Collégial,33,369,1966,0,1,0,1,1,34.05894,-9.77979
ETB12581,Lycée 35-CAS,2019-2020,Casablanca-Settat,CAS,Settat,Urbain,Public,Qualifiant,17,225,1989,1,0,1,1,0,34.87031,-3.721
ETB12582,Lycée 13-TAN,2017-2018,Tanger-Tétouan-Al Hoceïma,TAN,Ouazzane,Rural,Public,Qualifiant,28,329,1968,0,1,1,0,0,33.09684,-7.5194
ETB12583,École 18-RAB,2018-2019,Rabat-Salé-Kénitra,RAB,Rabat,Urbain,Public,Primaire,20,302,1996,0,1,1,0,1,35.34463,-13.00096
ETB12584,Collège 138-LAA,2022-2023,Laâyoune-Sakia El Hamra,LAA,Laâyoune,Rural,Public,Collégial,32,317,2013,1,0,1,1,0,32.00676,-7.48709
ETB12585,École 223-DRA,2016-2017,Drâa-Tafilalet,DRA,Ouarzazate,Rural,Public,Primaire,23,308,2012,1,1,0,1,1,32.05852,-8.51059
ETB12586,École 179-BMK,2016-2017,Béni Mellal-Khénifra,BMK,Azilal,Urbain,Public,Primaire,24,227,1968,0,0,0,0,0,28.23304,-1.05993
ETB12587,École 301-ORI,2015-2016,Oriental,ORI,Oujda-Angad,Rural,Public,Primaire,28,250,1970,0,1,0,1,1,32.63605,-5.2025
ETB12588,Collège 224-SOU,2021-2022,Souss-Massa,SOU,Tata,Urbain,Privé,Collégial,8,495,1977,0,0,0,1,0,29.63845,-1.08121
ETB12589,Lycée 261-RAB,2018-2019,Rabat-Salé-Kénitra,RAB,Salé,Urbain,Public,Qualifiant,26,417,1998,1,1,0,0,1,32.94681,-9.73778
ETB12590,OFPPT 428-CAS,2021-2022,Casablanca-Settat,CAS,El Jadida,Urbain,Public,Formation Professionnelle,11,350,2019,1,0,0,0,1,29.39176,-8.04479
ETB12591,École 57-MAR,2022-2023,Marrakech-Safi,MAR,Marrakech,Rural,Public,Primaire,20,464,1974,1,1,0,1,0,31.04199,-5.91173
ETB12592,Université 168-ORI,2016-2017,Oriental,ORI,Taourirt,Urbain,Public,Supérieur,5,2064,2008,0,1,1,0,0,29.50485,-8.87092
ETB12593,Collège 460-TAN,2015-2016,Tanger-Tétouan-Al Hoceïma,TAN,Al Hoceïma,Urbain,Public,Collégial,17,332,1966,1,0,1,1,0,30.92222,-11.62108
ETB12594,École 130-RAB,2017-2018,Rabat-Salé-Kénitra,RAB,Rabat,Urbain,Public,Primaire,3,413,2014,0,0,1,0,0,27.85719,-1.54091
ETB12595,Lycée 359-DAK,2022-2023,Dakhla-Oued Eddahab,DAK,Aousserd,Urbain,Public,Qualifiant,29,403,1960,1,1,1,1,1,32.45524,-11.91314
ETB12596,Collège 392-FES,2019-2020,Fès-Meknès,FES,Taza,Urbain,Public,Collégial,27,405,2007,0,1,0,1,0,33.09144,-5.76364
ETB12597,École 488-DRA,2020-2021,Drâa-Tafilalet,DRA,Midelt,Rural,Privé,Primaire,30,195,1972,0,1,0,1,0,32.45036,-6.59779
ETB12598,École 108-CAS,2018-2019,Casablanca-Settat,CAS,El Jadida,Urbain,Public,Primaire,6,233,1984,1,1,1,1,1,29.11497,-7.72868
ETB12599,École 153-TAN,2022-2023,Tanger-Tétouan-Al Hoceïma,TAN,Tanger-Assilah,Rural,Public,Primaire,21,346,2007,0,1,0,1,0,30.66253,-7.4417
ETB12600,Collège 485-ORI,2016-2017,Oriental,ORI,Berkane,Urbain,Public,Collégial,6,512,2021,1,1,1,0,0,34.43002,-12.79428
ETB12601,École 79-ORI,2022-2023,Oriental,ORI,Berkane,Urbain,Privé,Primaire,20,355,1963,1,0,1,1,1,34.0424,-1.6392
ETB12602,Jardin 211-CAS,2017-2018,Casablanca-Settat,CAS,Mohammadia,Rural,Privé,Préscolaire,29,86,1981,0,1,1,1,1,34.53358,-11.35069
ETB12603,Jardin 475-RAB,2015-2016,Rabat-Salé-Kénitra,RAB,Rabat,Rural,Public,Préscolaire,4,59,1997,0,1,0,0,1,34.67132,-1.26522
ETB12604,École 392-FES,2016-2017,Fès-Meknès,FES,Taza,Urbain,Public,Primaire,27,280,1991,0,0,1,0,0,35.65313,-1.02035
ETB12605,École 383-FES,2018-2019,Fès-Meknès,FES,Taza,Urbain,Public,Primaire,7,157,1998,1,0,1,1,0,31.30299,-4.28501
ETB12606,Lycée 35-ORI,2020-2021,Oriental,ORI,Berkane,Rural,Public,Qualifiant,21,277,2005,1,1,1,1,1,28.93333,-10.23975
ETB12607,École 335-SOU,2021-2022,Souss-Massa,SOU,Inezgane-Ait Melloul,Urbain,Privé,Primaire,13,312,1985,1,1,1,1,0,35.51923,-7.32029
ETB12608,Collège 381-SOU,2023-2024,Souss-Massa,SOU,Inezgane-Ait Melloul,Rural,Public,Collégial,32,548,1985,1,1,1,0,0,29.899,-7.75366
ETB12609,École 96-CAS,2021-2022,Casablanca-Settat,CAS,Casablanca,Rural,Public,Primaire,23,275,1992,0,0,1,1,0,35.28781,-11.73911
ETB12610,Collège 490-RAB,2020-2021,Rabat-Salé-Kénitra,RAB,Rabat,Urbain,Public,Collégial,33,460,2007,0,0,0,0,1,30.11035,-1.68091
ETB12611,OFPPT 309-CAS,2017-2018,Casablanca-Settat,CAS,Casablanca,Urbain,Public,Formation Professionnelle,30,377,2001,0,0,0,1,0,35.32886,-4.65463
ETB12612,École 455-CAS,2021-2022,Casablanca-Settat,CAS,Sidi Bennour,Urbain,Public,Primaire,20,390,1977,1,1,0,1,0,33.5997,-8.3447
ETB12613,École 390-TAN,2015-2016,Tanger-Tétouan-Al Hoceïma,TAN,Al Hoceïma,Rural,Public,Primaire,30,438,2005,0,0,1,0,1,34.10032,-6.52352
ETB12614,Lycée 283-TAN,2017-2018,Tanger-Tétouan-Al Hoceïma,TAN,Chefchaouen,Urbain,Public,Qualifiant,21,216,2010,1,1,1,1,1,32.78513,-7.60955
ETB12615,École 280-ORI,2021-2022,Oriental,ORI,Driouch,Urbain,Public,Primaire,23,332,1984,0,0,1,0,1,28.81766,-11.23451
ETB12616,Collège 462-RAB,2017-2018,Rabat-Salé-Kénitra,RAB,Salé,Rural,Privé,Collégial,27,396,1983,1,1,1,0,1,30.35941,-5.84252
ETB12617,Collège 485-FES,2022-2023,Fès-Meknès,FES,Boulemane,Urbain,Privé,Collégial,25,322,2005,0,1,0,1,0,34.9603,-7.7816
ETB12618,Lycée 426-FES,2016-2017,Fès-Meknès,FES,Boulemane,Rural,Public,Qualifiant,5,381,1978,0,1,1,1,1,34.04609,-7.80515
ETB12619,Collège 404-RAB,2018-2019,Rabat-Salé-Kénitra,RAB,Rabat,Rural,Public,Collégial,20,516,2005,0,1,1,0,0,35.34647,-8.04895
ETB12620,École 170-MAR,2020-2021,Marrakech-Safi,MAR,El Kelaa des Sraghna,Urbain,Public,Primaire,34,341,2003,0,0,0,1,0,28.58555,-3.96996
ETB12621,Collège 138-BMK,2022-2023,Béni Mellal-Khénifra,BMK,El Kelaa des Sraghna,Urbain,Public,Collégial,6,287,1963,1,0,0,0,0,35.38299,-10.41477
ETB12622,Lycée 446-CAS,2019-2020,Casablanca-Settat,CAS,Settat,Rural,Public,Qualifiant,3,517,2000,0,0,0,0,0,30.13915,-7.30336
ETB12623,Collège 237-RAB,2016-2017,Rabat-Salé-Kénitra,RAB,Skhirate-Témara,Urbain,Public,Collégial,9,516,1989,0,0,1,0,1,29.34817,-11.1225
ETB12624,École 338-FES,2017-2018,Fès-Meknès,FES,Taza,Urbain,Public,Primaire,27,212,1978,1,0,1,0,0,33.46978,-11.10509
ETB12625,Jardin 231-RAB,2020-2021,Rabat-Salé-Kénitra,RAB,Kénitra,Urbain,Public,Préscolaire,21,46,2000,0,0,1,0,0,27.71039,-1.06545
ETB12626,École 476-TAN,2022-2023,Tanger-Tétouan-Al Hoceïma,TAN,Fahs-Anjra,Urbain,Public,Primaire,30,360,1968,1,0,1,1,1,35.66847,-1.44069
ETB12627,Lycée 54-TAN,2017-2018,Tanger-Tétouan-Al Hoceïma,TAN,Tanger-Assilah,Rural,Public,Qualifiant,17,412,1978,0,1,0,1,1,31.79885,-3.77708
ETB12628,École 267-CAS,2020-2021,Casablanca-Settat,CAS,El Jadida,Urbain,Public,Primaire,14,375,1974,1,0,0,1,1,31.95843,-9.63705
ETB12629,Collège 442-RAB,2022-2023,Rabat-Salé-Kénitra,RAB,Skhirate-Témara,Rural,Public,Collégial,7,435,1981,0,1,0,0,0,32.71952,-8.50286
ETB12630,École 11-FES,2023-2024,Fès-Meknès,FES,Séfrou,Urbain,Public,Primaire,15,283,2015,0,0,0,0,0,30.46658,-8.03357
ETB12631,Lycée 106-RAB,2018-2019,Rabat-Salé-Kénitra,RAB,Khémisset,Rural,Public,Qualifiant,5,446,2004,0,1,0,0,0,30.00462,-2.35029
ETB12632,École 392-CAS,2015-2016,Casablanca-Settat,CAS,Mohammadia,Urbain,Public,Primaire,19,353,1999,0,1,0,0,0,28.14721,-3.21142
ETB12633,Université 213-CAS,2023-2024,Casablanca-Settat,CAS,El Jadida,Urbain,Public,Supérieur,4,1839,2010,1,1,0,1,0,33.67277,-3.47084
ETB12634,École 218-DRA,2016-2017,Drâa-Tafilalet,DRA,Zagora,Rural,Public,Primaire,13,280,2005,0,0,1,1,0,33.92382,-7.74948
ETB12635,École 183-TAN,2016-2017,Tanger-Tétouan-Al Hoceïma,TAN,Al Hoceïma,Rural,Public,Primaire,30,255,2005,0,1,0,0,1,29.07796,-11.09779
ETB12636,École 226-GUE,2021-2022,Guelmim-Oued Noun,GUE,Guelmim,Urbain,Public,Primaire,21,247,1999,0,1,1,1,1,28.5431,-7.18116
ETB12637,Collège 496-MAR,2021-2022,Marrakech-Safi,MAR,Marrakech,Rural,Privé,Collégial,28,416,1998,0,0,0,1,1,30.25138,-1.15795
ETB12638,Lycée 366-TAN,2016-2017,Tanger-Tétouan-Al Hoceïma,TAN,Larache,Urbain,Public,Qualifiant,10,305,1989,0,1,1,0,0,34.27177,-1.10078
ETB12639,Lycée 484-ORI,2019-2020,Oriental,ORI,Oujda-Angad,Rural,Public,Qualifiant,7,295,2018,1,1,1,0,0,28.45514,-4.41442
ETB12640,École 252-RAB,2022-2023,Rabat-Salé-Kénitra,RAB,Khémisset,Rural,Public,Primaire,10,314,2021,0,0,1,1,1,31.59801,-11.07698
ETB12641,École 354-CAS,2020-2021,Casablanca-Settat,CAS,Benslimane,Urbain,Public,Primaire,4,231,2000,1,0,1,0,0,35.56097,-6.02837
ETB12642,Lycée 339-DRA,2018-2019,Drâa-Tafilalet,DRA,Tinghir,Rural,Public,Qualifiant,9,411,1997,0,0,0,0,0,27.87957,-1.94932
ETB12643,École 55-CAS,2022-2023,Casablanca-Settat,CAS,El Jadida,Urbain,Public,Primaire,21,255,2002,0,1,1,1,1,29.5482,-8.21342
ETB12644,Collège 292-TAN,2018-2019,Tanger-Tétouan-Al Hoceïma,TAN,Chefchaouen,Urbain,Privé,Collégial,27,568,2001,1,0,0,0,1,32.34011,-9.01468
ETB12645,École 106-TAN,2019-2020,Tanger-Tétouan-Al Hoceïma,TAN,Tanger-Assilah,Urbain,Privé,Primaire,22,437,2004,1,1,1,1,0,32.35653,-8.45928
ETB12646,Université 80-DRA,2021-2022,Drâa-Tafilalet,DRA,Tinghir,Rural,Public,Supérieur,25,2935,2019,1,0,1,1,0,33.84482,-4.50084
ETB12647,OFPPT 322-CAS,2020-2021,Casablanca-Settat,CAS,Khouribga,Urbain,Public,Formation Professionnelle,29,470,1974,0,0,0,1,1,28.60533,-12.07546
ETB12648,Jardin 306-MAR,2019-2020,Marrakech-Safi,MAR,Safi,Urbain,Public,Préscolaire,11,63,1988,0,1,0,1,0,35.64722,-10.63728
ETB12649,Lycée 376-SOU,2015-2016,Souss-Massa,SOU,Inezgane-Ait Melloul,Urbain,Public,Qualifiant,20,453,1996,0,1,0,1,0,29.24782,-6.94662
ETB12650,Université 104-RAB,2019-2020,Rabat-Salé-Kénitra,RAB,Sidi Kacem,Urbain,Public,Supérieur,28,3030,2019,0,0,0,1,1,31.19683,-10.46201
ETB12651,Lycée 70-DRA,2017-2018,Drâa-Tafilalet,DRA,Zagora,Urbain,Privé,Qualifiant,19,367,1974,1,0,0,0,0,30.17897,-10.00925
ETB12652,Collège 227-FES,2017-2018,Fès-Meknès,FES,Taza,Urbain,Public,Collégial,26,390,1999,1,0,1,1,0,31.0464,-7.82154
ETB12653,École 47-FES,2020-2021,Fès-Meknès,FES,Ifrane,Rural,Public,Primaire,21,309,1986,0,1,0,0,0,29.423,-7.21723
ETB12654,Jardin 270-FES,2023-2024,Fès-Meknès,FES,Fès,Rural,Public,Préscolaire,7,56,1960,0,1,0,1,0,30.86364,-7.26296
ETB12655,École 187-RAB,2019-2020,Rabat-Salé-Kénitra,RAB,Khémisset,Urbain,Public,Primaire,17,430,1991,0,1,0,1,0,29.89775,-11.65714
ETB12656,Collège 125-MAR,2018-2019,Marrakech-Safi,MAR,Youssoufia,Urbain,Public,Collégial,18,639,1975,1,0,1,1,1,28.17378,-3.47062
ETB12657,Collège 23-FES,2019-2020,Fès-Meknès,FES,Boulemane,Rural,Privé,Collégial,17,581,2011,1,0,0,0,0,33.9862,-8.09302
ETB12658,OFPPT 277-DRA,2017-2018,Drâa-Tafilalet,DRA,Zagora,Rural,Public,Formation Professionnelle,15,329,2013,0,1,1,1,1,30.25626,-8.65877
ETB12659,Lycée 174-TAN,2023-2024,Tanger-Tétouan-Al Hoceïma,TAN,Chefchaouen,Urbain,Privé,Qualifiant,14,337,1998,0,0,0,1,1,32.53718,-4.4188
ETB12660,Lycée 162-BMK,2017-2018,Béni Mellal-Khénifra,BMK,Azilal,Urbain,Public,Qualifiant,31,280,1988,1,1,1,1,0,35.85192,-7.14476
ETB12661,École 281-CAS,2020-2021,Casablanca-Settat,CAS,Mohammadia,Rural,Public,Primaire,29,310,2005,0,1,1,0,1,33.33419,-4.18777
ETB12662,Collège 376-FES,2023-2024,Fès-Meknès,FES,Fès,Urbain,Public,Collégial,24,277,2008,0,0,1,1,1,29.50682,-4.88804
ETB12663,Collège 292-RAB,2022-2023,Rabat-Salé-Kénitra,RAB,Khémisset,Urbain,Public,Collégial,10,477,2012,1,0,0,0,0,29.64649,-7.16093
ETB12664,Jardin 272-MAR,2018-2019,Marrakech-Safi,MAR,Safi,Rural,Public,Préscolaire,32,65,1988,0,0,1,1,0,28.98601,-1.80091
ETB12665,Collège 452-BMK,2018-2019,Béni Mellal-Khénifra,BMK,El Kelaa des Sraghna,Rural,Privé,Collégial,8,598,1977,1,0,0,1,1,29.67017,-13.0049
ETB12666,Lycée 307-FES,2017-2018,Fès-Meknès,FES,El Hajeb,Urbain,Public,Qualifiant,27,146,1975,1,1,1,1,0,33.82284,-7.09272
ETB12667,Jardin 461-SOU,2017-2018,Souss-Massa,SOU,Inezgane-Ait Melloul,Rural,Public,Préscolaire,23,40,2004,1,1,1,1,1,30.62433,-2.25888
ETB12668,Lycée 374-SOU,2021-2022,Souss-Massa,SOU,Tata,Rural,Public,Qualifiant,15,256,2007,1,1,1,1,0,35.53332,-6.27278
ETB12669,École 232-BMK,2015-2016,Béni Mellal-Khénifra,BMK,El Kelaa des Sraghna,Urbain,Public,Primaire,9,353,1967,0,1,1,1,0,34.51132,-5.42623
ETB12670,École 150-CAS,2022-2023,Casablanca-Settat,CAS,Sidi Bennour,Urbain,Privé,Primaire,13,440,1973,1,0,0,0,0,30.84061,-2.68499
ETB12671,Lycée 121-DRA,2017-2018,Drâa-Tafilalet,DRA,Errachidia,Rural,Public,Qualifiant,9,359,2019,1,1,1,0,0,32.93222,-11.71161
ETB12672,École 488-CAS,2018-2019,Casablanca-Settat,CAS,Mohammadia,Rural,Public,Primaire,15,261,2004,1,1,0,1,0,29.74662,-1.60547
ETB12673,École 137-TAN,2017-2018,Tanger-Tétouan-Al Hoceïma,TAN,Fahs-Anjra,Rural,Public,Primaire,26,359,1960,0,1,0,0,0,34.18366,-8.32363
ETB12674,Université 182-RAB,2023-2024,Rabat-Salé-Kénitra,RAB,Skhirate-Témara,Urbain,Public,Supérieur,14,2968,2017,0,1,1,1,0,29.91607,-3.61906
ETB12675,École 461-CAS,2019-2020,Casablanca-Settat,CAS,Mohammadia,Urbain,Privé,Primaire,22,136,1985,0,0,1,0,1,31.27737,-4.49379
ETB12676,Université 292-FES,2017-2018,Fès-Meknès,FES,Ifrane,Urbain,Public,Supérieur,24,1342,1981,0,0,1,1,1,28.35579,-4.47414
ETB12677,École 109-CAS,2021-2022,Casablanca-Settat,CAS,Berrechid,Rural,Public,Primaire,29,394,1971,1,1,1,1,1,35.57302,-5.48489
ETB12678,Collège 191-FES,2015-2016,Fès-Meknès,FES,Boulemane,Urbain,Public,Collégial,18,429,1993,0,1,1,0,1,29.44447,-9.80361
ETB12679,Collège 37-BMK,2016-2017,Béni Mellal-Khénifra,BMK,Azilal,Rural,Public,Collégial,23,365,2016,1,0,1,1,0,32.73212,-3.86065
ETB12680,Lycée 213-SOU,2022-2023,Souss-Massa,SOU,Chtouka-Ait Baha,Urbain,Public,Qualifiant,27,350,1999,0,1,1,1,1,29.21232,-6.03727
ETB12681,École 192-SOU,2021-2022,Souss-Massa,SOU,Tiznit,Rural,Public,Primaire,26,190,1969,1,1,1,0,1,35.5718,-3.76564
ETB12682,École 47-ORI,2022-2023,Oriental,ORI,Figuig,Urbain,Public,Primaire,16,256,2017,1,0,1,0,0,35.21092,-1.12783
ETB12683,Collège 223-RAB,2020-2021,Rabat-Salé-Kénitra,RAB,Sidi Kacem,Urbain,Public,Collégial,18,401,1993,0,0,1,0,0,35.66502,-6.07587
ETB12684,Collège 474-GUE,2015-2016,Guelmim-Oued Noun,GUE,Tan-Tan,Rural,Privé,Collégial,12,228,2021,1,1,1,1,0,30.81488,-2.5433
ETB12685,Jardin 241-SOU,2023-2024,Souss-Massa,SOU,Taroudannt,Rural,Public,Préscolaire,9,61,1972,1,0,1,0,1,32.06631,-10.34747
ETB12686,Lycée 359-RAB,2021-2022,Rabat-Salé-Kénitra,RAB,Kénitra,Rural,Public,Qualifiant,3,386,2021,0,0,0,0,0,35.23961,-12.09609
ETB12687,École 117-SOU,2020-2021,Souss-Massa,SOU,Inezgane-Ait Melloul,Urbain,Public,Primaire,3,317,2013,1,1,1,0,0,28.65692,-5.1325
ETB12688,Collège 370-MAR,2020-2021,Marrakech-Safi,MAR,Safi,Urbain,Public,Collégial,7,579,2017,1,0,0,1,0,28.31246,-10.72102
ETB12689,École 46-FES,2019-2020,Fès-Meknès,FES,Fès,Rural,Public,Primaire,22,345,2009,0,0,1,1,0,35.64567,-4.59915
ETB12690,Collège 420-DRA,2021-2022,Drâa-Tafilalet,DRA,Zagora,Urbain,Privé,Collégial,22,572,1965,1,0,0,1,0,28.80364,-4.80373
ETB12691,Collège 272-BMK,2021-2022,Béni Mellal-Khénifra,BMK,Béni Mellal,Urbain,Public,Collégial,26,475,1971,0,1,0,0,1,30.36431,-5.79508
ETB12692,Lycée 416-CAS,2018-2019,Casablanca-Settat,CAS,El Jadida,Rural,Public,Qualifiant,34,414,1971,1,0,0,0,1,29.49942,-6.62418
ETB12693,École 325-BMK,2021-2022,Béni Mellal-Khénifra,BMK,Béni Mellal,Urbain,Public,Primaire,19,260,2017,1,0,1,1,0,31.54814,-5.75225
ETB12694,Collège 434-GUE,2021-2022,Guelmim-Oued Noun,GUE,Assa-Zag,Rural,Public,Collégial,34,486,2019,1,0,0,1,0,31.79469,-8.05374
ETB12695,Lycée 252-FES,2022-2023,Fès-Meknès,FES,Moulay Yacoub,Urbain,Public,Qualifiant,19,413,1974,1,1,1,1,0,31.42712,-5.52776
ETB12696,École 484-DRA,2016-2017,Drâa-Tafilalet,DRA,Errachidia,Urbain,Privé,Primaire,22,400,1997,0,0,0,1,1,27.93915,-12.86371
ETB12697,École 284-ORI,2019-2020,Oriental,ORI,Guercif,Urbain,Public,Primaire,17,423,2020,1,0,1,0,1,32.13921,-1.11529
ETB12698,École 410-DAK,2019-2020,Dakhla-Oued Eddahab,DAK,Dakhla,Urbain,Public,Primaire,20,339,1975,1,0,1,1,0,27.76807,-6.85034
ETB12699,École 236-MAR,2019-2020,Marrakech-Safi,MAR,El Kelaa des Sraghna,Rural,Public,Primaire,23,419,1967,0,1,0,1,0,33.37439,-10.1325
ETB12700,École 263-SOU,2017-2018,Souss-Massa,SOU,Tiznit,Urbain,Public,Primaire,34,177,2014,1,0,1,1,0,28.72717,-12.20689
ETB12701,Collège 443-RAB,2021-2022,Rabat-Salé-Kénitra,RAB,Salé,Urbain,Privé,Collégial,11,376,1989,0,1,0,1,1,29.52693,-3.01567
ETB12702,Université 307-CAS,2022-2023,Casablanca-Settat,CAS,Sidi Bennour,Urbain,Public,Supérieur,22,1185,2017,0,1,1,1,0,35.77412,-8.61062
ETB12703,École 40-BMK,2023-2024,Béni Mellal-Khénifra,BMK,Khouribga,Rural,Public,Primaire,8,206,1990,1,1,0,1,0,27.83156,-12.10633
ETB12704,Collège 65-TAN,2019-2020,Tanger-Tétouan-Al Hoceïma,TAN,Ouazzane,Urbain,Public,Collégial,4,510,1987,0,1,0,1,0,28.90883,-2.73283
ETB12705,Lycée 127-CAS,2022-2023,Casablanca-Settat,CAS,Berrechid,Urbain,Public,Qualifiant,23,309,2009,1,0,0,1,0,31.99587,-5.26713
ETB12706,Collège 47-FES,2022-2023,Fès-Meknès,FES,Fès,Rural,Public,Collégial,6,482,1983,1,0,1,1,1,30.21781,-5.93996
ETB12707,Lycée 498-SOU,2016-2017,Souss-Massa,SOU,Inezgane-Ait Melloul,Urbain,Public,Qualifiant,27,484,2020,0,1,1,0,0,34.91046,-4.97164
ETB12708,École 13-CAS,2015-2016,Casablanca-Settat,CAS,Casablanca,Urbain,Privé,Primaire,4,266,1968,0,0,0,1,1,28.38346,-5.5207
ETB12709,Jardin 307-TAN,2021-2022,Tanger-Tétouan-Al Hoceïma,TAN,Ouazzane,Urbain,Privé,Préscolaire,10,63,2019,1,1,1,1,0,29.84664,-3.01532
ETB12710,École 438-SOU,2018-2019,Souss-Massa,SOU,Tata,Rural,Public,Primaire,21,381,1985,0,1,0,0,1,34.09123,-7.41906
ETB12711,École 243-TAN,2015-2016,Tanger-Tétouan-Al Hoceïma,TAN,Tétouan,Urbain,Public,Primaire,32,343,1987,1,0,1,0,1,30.63431,-3.07486
ETB12712,Lycée 275-ORI,2023-2024,Oriental,ORI,Guercif,Urbain,Public,Qualifiant,27,378,1967,0,1,0,1,0,27.98454,-1.13036
ETB12713,Jardin 375-SOU,2016-2017,Souss-Massa,SOU,Taroudannt,Urbain,Privé,Préscolaire,8,33,1989,1,0,0,0,0,31.90983,-3.11682
ETB12714,École 78-RAB,2016-2017,Rabat-Salé-Kénitra,RAB,Khémisset,Rural,Privé,Primaire,27,322,1994,0,0,0,1,1,34.8238,-9.99155
ETB12715,École 204-TAN,2021-2022,Tanger-Tétouan-Al Hoceïma,TAN,Tanger-Assilah,Urbain,Public,Primaire,18,345,1973,1,0,1,0,0,32.33838,-4.81684
ETB12716,Lycée 130-FES,2022-2023,Fès-Meknès,FES,Taza,Urbain,Public,Qualifiant,29,339,2016,1,1,0,0,1,31.64034,-2.17659
ETB12717,École 377-FES,2021-2022,Fès-Meknès,FES,Boulemane,Rural,Public,Primaire,31,270,1986,1,1,1,1,1,29.03964,-7.33187
ETB12718,OFPPT 104-FES,2019-2020,Fès-Meknès,FES,Ifrane,Urbain,Public,Formation Professionnelle,19,183,1994,0,1,0,1,0,32.36471,-4.67981
ETB12719,École 263-SOU,2020-2021,Souss-Massa,SOU,Inezgane-Ait Melloul,Rural,Public,Primaire,4,287,2007,1,0,1,1,1,29.10291,-1.99962
ETB12720,École 334-MAR,2019-2020,Marrakech-Safi,MAR,Youssoufia,Rural,Public,Primaire,33,371,2020,1,1,1,0,1,30.74915,-7.5637
ETB12721,Lycée 438-FES,2023-2024,Fès-Meknès,FES,Séfrou,Rural,Public,Qualifiant,7,377,2017,1,0,0,0,0,31.1266,-6.27632
ETB12722,Jardin 263-ORI,2020-2021,Oriental,ORI,Berkane,Rural,Public,Préscolaire,25,70,1979,1,1,0,1,1,30.76149,-7.47332
ETB12723,École 94-CAS,2022-2023,Casablanca-Settat,CAS,Khouribga,Rural,Public,Primaire,17,486,2016,1,1,0,0,1,28.7821,-5.96076
ETB12724,Jardin 391-FES,2023-2024,Fès-Meknès,FES,El Hajeb,Urbain,Public,Préscolaire,15,62,1975,1,1,1,1,0,35.46773,-2.9218
ETB12725,Lycée 458-TAN,2023-2024,Tanger-Tétouan-Al Hoceïma,TAN,Larache,Urbain,Privé,Qualifiant,28,516,1999,0,0,1,1,0,33.22932,-1.63939
ETB12726,Collège 222-DRA,2019-2020,Drâa-Tafilalet,DRA,Ouarzazate,Rural,Privé,Collégial,15,488,1996,0,0,0,1,0,34.84577,-10.41338
ETB12727,École 87-BMK,2021-2022,Béni Mellal-Khénifra,BMK,Béni Mellal,Urbain,Privé,Primaire,11,324,1985,0,0,0,1,0,30.46943,-1.09381
ETB12728,OFPPT 381-RAB,2015-2016,Rabat-Salé-Kénitra,RAB,Salé,Urbain,Privé,Formation Professionnelle,29,300,1987,1,1,0,1,1,32.0242,-12.45027
ETB12729,Collège 327-RAB,2020-2021,Rabat-Salé-Kénitra,RAB,Sidi Slimane,Rural,Public,Collégial,23,167,2017,0,1,1,1,0,29.48039,-13.03867
ETB12730,Université 146-FES,2017-2018,Fès-Meknès,FES,Séfrou,Urbain,Public,Supérieur,5,2068,2013,0,1,0,1,1,28.51465,-11.38961
ETB12731,Collège 226-TAN,2020-2021,Tanger-Tétouan-Al Hoceïma,TAN,Tanger-Assilah,Urbain,Public,Collégial,3,442,1989,0,1,0,1,0,31.76759,-6.7872
ETB12732,Lycée 204-FES,2015-2016,Fès-Meknès,FES,Boulemane,Urbain,Public,Qualifiant,7,378,1988,0,0,0,1,1,34.83998,-3.66388
ETB12733,Lycée 72-CAS,2020-2021,Casablanca-Settat,CAS,Casablanca,Rural,Public,Qualifiant,19,234,2007,0,1,0,1,0,28.27457,-10.27985
ETB12734,École 125-CAS,2017-2018,Casablanca-Settat,CAS,Mohammadia,Urbain,Public,Primaire,11,279,2020,0,0,1,0,1,32.51306,-8.18985
ETB12735,École 179-CAS,2016-2017,Casablanca-Settat,CAS,Casablanca,Rural,Public,Primaire,16,406,2019,1,1,1,1,1,29.41775,-7.81225
ETB12736,Lycée 111-SOU,2018-2019,Souss-Massa,SOU,Tiznit,Rural,Privé,Qualifiant,27,468,2012,1,0,0,1,0,29.20764,-11.58219
ETB12737,École 453-MAR,2017-2018,Marrakech-Safi,MAR,El Kelaa des Sraghna,Urbain,Privé,Primaire,18,363,1962,0,1,0,1,0,30.80489,-12.48749
ETB12738,Collège 409-FES,2023-2024,Fès-Meknès,FES,Taza,Urbain,Privé,Collégial,30,734,2005,1,0,1,1,0,29.2468,-1.82051
ETB12739,École 36-MAR,2015-2016,Marrakech-Safi,MAR,Chichaoua,Rural,Public,Primaire,5,402,1972,0,0,1,1,0,32.43741,-12.01714
ETB12740,École 433-SOU,2018-2019,Souss-Massa,SOU,Tiznit,Urbain,Public,Primaire,27,423,1992,0,0,1,1,1,33.55397,-2.45606
ETB12741,École 368-MAR,2019-2020,Marrakech-Safi,MAR,Youssoufia,Urbain,Public,Primaire,13,374,1969,0,1,0,0,1,31.64409,-8.33149
ETB12742,École 453-CAS,2017-2018,Casablanca-Settat,CAS,Sidi Bennour,Urbain,Public,Primaire,14,425,1960,0,0,0,1,1,34.3,-12.32571
ETB12743,École 325-TAN,2020-2021,Tanger-Tétouan-Al Hoceïma,TAN,Chefchaouen,Urbain,Public,Primaire,7,348,2018,0,1,1,0,0,35.54009,-9.74363
ETB12744,Jardin 440-BMK,2019-2020,Béni Mellal-Khénifra,BMK,Azilal,Rural,Privé,Préscolaire,30,78,1976,0,0,1,1,1,31.4024,-7.27837
ETB12745,École 129-MAR,2020-2021,Marrakech-Safi,MAR,Youssoufia,Rural,Public,Primaire,7,211,1985,1,0,0,0,1,28.38571,-1.93529
ETB12746,École 221-MAR,2021-2022,Marrakech-Safi,MAR,El Kelaa des Sraghna,Urbain,Public,Primaire,15,377,2012,0,1,1,1,1,34.35858,-10.53971
ETB12747,École 355-ORI,2020-2021,Oriental,ORI,Berkane,Urbain,Privé,Primaire,34,362,1985,0,0,1,0,1,29.06582,-3.51911
ETB12748,Université 164-MAR,2019-2020,Marrakech-Safi,MAR,El Kelaa des Sraghna,Rural,Public,Supérieur,12,2522,1961,0,0,0,0,0,32.34743,-6.19632
ETB12749,Lycée 73-BMK,2022-2023,Béni Mellal-Khénifra,BMK,Azilal,Urbain,Public,Qualifiant,32,552,1991,0,1,0,0,1,35.37726,-8.58178
ETB12750,Jardin 349-CAS,2019-2020,Casablanca-Settat,CAS,Khouribga,Urbain,Public,Préscolaire,8,71,1979,0,0,1,1,0,30.06733,-5.11811
ETB12751,Lycée 496-RAB,2017-2018,Rabat-Salé-Kénitra,RAB,Kénitra,Urbain,Public,Qualifiant,22,376,2001,0,1,1,0,0,31.43887,-3.14036
ETB12752,Collège 481-RAB,2019-2020,Rabat-Salé-Kénitra,RAB,Kénitra,Rural,Public,Collégial,7,460,1985,0,0,1,0,1,34.98854,-3.35317
ETB12753,École 6-MAR,2021-2022,Marrakech-Safi,MAR,Chichaoua,Urbain,Public,Primaire,26,286,1968,0,0,1,0,1,31.12141,-8.03712
ETB12754,Lycée 400-FES,2021-2022,Fès-Meknès,FES,Ifrane,Rural,Public,Qualifiant,17,270,1979,1,0,1,0,1,35.15949,-2.05819
ETB12755,Collège 328-MAR,2021-2022,Marrakech-Safi,MAR,Safi,Urbain,Public,Collégial,26,349,2010,1,0,0,1,0,27.74538,-4.74729
ETB12756,Collège 19-GUE,2022-2023,Guelmim-Oued Noun,GUE,Tan-Tan,Urbain,Public,Collégial,31,221,2019,0,0,1,0,0,35.00595,-3.26467
ETB12757,Collège 413-SOU,2022-2023,Souss-Massa,SOU,Taroudannt,Rural,Public,Collégial,5,367,2013,0,1,0,1,1,28.76326,-7.91626
ETB12758,École 473-RAB,2021-2022,Rabat-Salé-Kénitra,RAB,Khémisset,Urbain,Public,Primaire,17,363,2012,0,1,1,0,0,32.16208,-8.00351
ETB12759,Collège 155-CAS,2022-2023,Casablanca-Settat,CAS,Mohammadia,Rural,Privé,Collégial,22,495,1984,0,0,0,0,0,29.08371,-12.53226
ETB12760,Collège 389-RAB,2020-2021,Rabat-Salé-Kénitra,RAB,Salé,Urbain,Public,Collégial,33,440,1993,0,0,1,0,0,34.82585,-7.06371
ETB12761,Jardin 329-FES,2019-2020,Fès-Meknès,FES,Séfrou,Rural,Public,Préscolaire,7,40,1995,0,0,0,0,1,33.955,-12.51061
ETB12762,OFPPT 499-DRA,2020-2021,Drâa-Tafilalet,DRA,Midelt,Urbain,Public,Formation Professionnelle,32,435,1985,1,1,0,1,0,33.29077,-9.34527
ETB12763,École 78-FES,2023-2024,Fès-Meknès,FES,Taza,Urbain,Public,Primaire,22,37,2001,0,0,0,0,0,32.97331,-10.19071
ETB12764,Collège 296-BMK,2022-2023,Béni Mellal-Khénifra,BMK,Béni Mellal,Rural,Privé,Collégial,13,469,1986,0,1,0,0,0,28.1489,-11.65291
ETB12765,Jardin 141-TAN,2019-2020,Tanger-Tétouan-Al Hoceïma,TAN,Tétouan,Urbain,Public,Préscolaire,5,104,1966,1,0,1,0,0,35.42425,-11.06233
ETB12766,École 90-TAN,2018-2019,Tanger-Tétouan-Al Hoceïma,TAN,Tanger-Assilah,Urbain,Public,Primaire,9,383,1963,1,1,1,1,1,31.31731,-5.72958
ETB12767,École 442-MAR,2023-2024,Marrakech-Safi,MAR,Al Haouz,Urbain,Public,Primaire,15,259,2021,1,1,1,0,1,32.25368,-11.78774
ETB12768,Jardin 38-SOU,2015-2016,Souss-Massa,SOU,Agadir-Ida-Ou-Tanane,Urbain,Public,Préscolaire,10,69,2009,0,0,0,1,0,31.04784,-6.061
ETB12769,École 392-MAR,2023-2024,Marrakech-Safi,MAR,Youssoufia,Rural,Public,Primaire,24,351,1965,1,0,1,1,0,32.98054,-2.50173
ETB12770,Collège 355-CAS,2020-2021,Casablanca-Settat,CAS,Mohammadia,Urbain,Public,Collégial,29,474,1965,1,0,1,0,1,29.30612,-12.89487
ETB12771,École 347-MAR,2019-2020,Marrakech-Safi,MAR,Youssoufia,Urbain,Privé,Primaire,9,506,1995,1,0,1,1,0,31.29288,-7.33125
ETB12772,École 78-CAS,2019-2020,Casablanca-Settat,CAS,Mohammadia,Rural,Public,Primaire,18,391,2003,1,1,1,1,1,33.25844,-12.61608
ETB12773,École 40-CAS,2022-2023,Casablanca-Settat,CAS,Casablanca,Urbain,Public,Primaire,22,340,1973,0,0,1,0,0,32.78112,-6.1428
ETB12774,Collège 473-FES,2015-2016,Fès-Meknès,FES,Boulemane,Urbain,Public,Collégial,16,525,1968,0,0,0,0,1,31.77521,-5.21296
ETB12775,Collège 100-RAB,2017-2018,Rabat-Salé-Kénitra,RAB,Rabat,Urbain,Public,Collégial,6,441,1995,0,1,1,0,0,34.18586,-7.55217
ETB12776,Collège 401-DRA,2020-2021,Drâa-Tafilalet,DRA,Midelt,Urbain,Public,Collégial,21,374,2015,1,1,1,1,1,30.16472,-11.74536
ETB12777,Lycée 57-MAR,2022-2023,Marrakech-Safi,MAR,Al Haouz,Urbain,Privé,Qualifiant,11,327,1977,1,0,0,0,0,33.67177,-3.19584
ETB12778,École 314-CAS,2019-2020,Casablanca-Settat,CAS,Settat,Urbain,Public,Primaire,34,386,2006,0,1,0,1,1,35.6027,-8.28061
ETB12779,Université 307-MAR,2019-2020,Marrakech-Safi,MAR,Marrakech,Rural,Public,Supérieur,25,2773,1997,1,1,0,0,0,33.27765,-7.75405
ETB12780,Lycée 395-CAS,2019-2020,Casablanca-Settat,CAS,Sidi Bennour,Urbain,Public,Qualifiant,20,317,1985,1,1,1,1,1,29.16102,-1.1393
ETB12781,École 186-DRA,2020-2021,Drâa-Tafilalet,DRA,Midelt,Urbain,Public,Primaire,7,417,1966,0,0,0,0,1,28.62362,-4.30356
ETB12782,Collège 113-CAS,2022-2023,Casablanca-Settat,CAS,Berrechid,Urbain,Privé,Collégial,34,456,1992,1,0,1,0,0,27.97417,-7.0829
ETB12783,Université 437-CAS,2020-2021,Casablanca-Settat,CAS,Mohammadia,Urbain,Privé,Supérieur,33,3149,1987,0,1,1,1,0,28.78385,-3.89355
ETB12784,École 109-BMK,2022-2023,Béni Mellal-Khénifra,BMK,Azilal,Urbain,Public,Primaire,31,276,1963,1,1,1,1,0,29.1792,-5.64349
ETB12785,École 363-CAS,2016-2017,Casablanca-Settat,CAS,El Jadida,Urbain,Public,Primaire,25,326,2015,0,0,0,1,1,35.69447,-3.14178
ETB12786,Collège 259-BMK,2021-2022,Béni Mellal-Khénifra,BMK,Azilal,Rural,Public,Collégial,20,441,1967,0,0,1,1,0,30.55807,-9.6091
ETB12787,École 382-MAR,2023-2024,Marrakech-Safi,MAR,Al Haouz,Rural,Public,Primaire,34,310,2004,0,1,0,1,0,34.08596,-2.71547
ETB12788,École 303-ORI,2015-2016,Oriental,ORI,Oujda-Angad,Urbain,Public,Primaire,5,281,1987,0,1,1,0,1,34.15096,-12.31868
ETB12789,École 177-MAR,2021-2022,Marrakech-Safi,MAR,Al Haouz,Urbain,Public,Primaire,3,356,2017,1,0,0,1,1,32.44058,-6.74294
ETB12790,Lycée 175-DRA,2015-2016,Drâa-Tafilalet,DRA,Errachidia,Urbain,Public,Qualifiant,28,384,2011,1,1,1,0,0,32.42001,-5.92458
ETB12791,École 209-DRA,2015-2016,Drâa-Tafilalet,DRA,Tinghir,Rural,Public,Primaire,9,309,1991,1,0,0,1,1,32.27281,-8.56472
ETB12792,Jardin 77-SOU,2015-2016,Souss-Massa,SOU,Agadir-Ida-Ou-Tanane,Rural,Public,Préscolaire,20,27,1999,1,0,0,0,1,30.08888,-5.1054
ETB12793,Collège 415-CAS,2015-2016,Casablanca-Settat,CAS,Khouribga,Rural,Privé,Collégial,29,497,1995,0,1,0,1,0,32.20349,-1.32803
ETB12794,Lycée 282-CAS,2019-2020,Casablanca-Settat,CAS,Sidi Bennour,Rural,Public,Qualifiant,8,386,1968,1,0,1,0,0,34.72327,-9.1612
ETB12795,Collège 389-BMK,2020-2021,Béni Mellal-Khénifra,BMK,Béni Mellal,Urbain,Public,Collégial,13,366,2013,0,1,1,1,0,28.49752,-6.18955
ETB12796,Collège 237-FES,2020-2021,Fès-Meknès,FES,Ifrane,Urbain,Public,Collégial,3,413,1991,1,1,1,1,1,31.51909,-9.64615
ETB12797,École 66-ORI,2017-2018,Oriental,ORI,Oujda-Angad,Rural,Privé,Primaire,9,205,1999,1,1,0,0,1,34.61129,-12.67725
ETB12798,Collège 184-MAR,2018-2019,Marrakech-Safi,MAR,Youssoufia,Rural,Public,Collégial,5,445,2012,0,0,1,1,0,32.8044,-9.29265
ETB12799,Collège 35-FES,2018-2019,Fès-Meknès,FES,Meknès,Rural,Public,Collégial,10,446,1986,1,1,1,0,0,35.00523,-9.8175
ETB12800,École 352-MAR,2021-2022,Marrakech-Safi,MAR,El Kelaa des Sraghna,Rural,Public,Primaire,25,248,2007,1,0,1,1,0,35.71734,-3.62837
ETB12801,École 211-FES,2022-2023,Fès-Meknès,FES,Fès,Rural,Public,Primaire,7,238,1970,1,1,0,0,1,34.95028,-9.18538
ETB12802,Collège 170-MAR,2018-2019,Marrakech-Safi,MAR,Chichaoua,Urbain,Public,Collégial,13,391,1989,0,0,1,0,0,28.1836,-1.45418
ETB12803,École 74-ORI,2019-2020,Oriental,ORI,Berkane,Rural,Public,Primaire,31,460,1982,0,1,0,1,1,33.58788,-12.7153
ETB12804,Lycée 459-MAR,2017-2018,Marrakech-Safi,MAR,Safi,Urbain,Public,Qualifiant,29,388,1970,1,0,1,1,1,33.90883,-7.41782
ETB12805,École 45-TAN,2019-2020,Tanger-Tétouan-Al Hoceïma,TAN,Tanger-Assilah,Rural,Public,Primaire,13,292,1996,0,1,0,1,1,28.27554,-5.02519
ETB12806,École 246-ORI,2021-2022,Oriental,ORI,Guercif,Rural,Privé,Primaire,5,213,1967,1,0,0,1,1,35.62385,-12.35472
ETB12807,OFPPT 411-MAR,2017-2018,Marrakech-Safi,MAR,Chichaoua,Rural,Privé,Formation Professionnelle,32,201,1994,0,1,0,1,0,32.05636,-5.36419
ETB12808,École 297-BMK,2020-2021,Béni Mellal-Khénifra,BMK,Béni Mellal,Rural,Privé,Primaire,32,276,1985,0,1,1,1,1,31.35126,-12.82209
ETB12809,Université 18-MAR,2022-2023,Marrakech-Safi,MAR,Safi,Rural,Public,Supérieur,32,2337,1969,0,0,1,1,1,33.94498,-10.38219
ETB12810,Collège 394-BMK,2021-2022,Béni Mellal-Khénifra,BMK,Béni Mellal,Rural,Public,Collégial,17,429,1969,0,0,0,0,0,28.74993,-3.88732
ETB12811,École 30-CAS,2020-2021,Casablanca-Settat,CAS,Sidi Bennour,Urbain,Privé,Primaire,14,225,2015,1,1,0,1,0,28.44258,-2.60441
ETB12812,École 402-MAR,2021-2022,Marrakech-Safi,MAR,Essaouira,Rural,Privé,Primaire,13,329,1996,0,1,0,0,0,31.72801,-4.52278
ETB12813,Collège 96-ORI,2021-2022,Oriental,ORI,Taourirt,Rural,Public,Collégial,23,204,1993,1,0,1,0,0,35.55671,-11.12547
ETB12814,École 40-MAR,2016-2017,Marrakech-Safi,MAR,El Kelaa des Sraghna,Urbain,Privé,Primaire,23,337,1999,0,0,0,0,0,29.37846,-1.98476
ETB12815,Collège 471-FES,2016-2017,Fès-Meknès,FES,Meknès,Rural,Public,Collégial,24,301,1989,0,1,0,0,1,35.66867,-6.73038
ETB12816,Lycée 418-CAS,2021-2022,Casablanca-Settat,CAS,Casablanca,Urbain,Public,Qualifiant,5,312,2017,0,1,1,1,0,32.12328,-4.9551
ETB12817,Lycée 91-RAB,2015-2016,Rabat-Salé-Kénitra,RAB,Khémisset,Urbain,Public,Qualifiant,22,335,1979,1,0,0,1,0,28.00452,-12.66153
ETB12818,Collège 350-ORI,2022-2023,Oriental,ORI,Jerada,Urbain,Privé,Collégial,14,643,2010,0,0,0,0,1,29.50523,-6.72994
ETB12819,École 265-CAS,2020-2021,Casablanca-Settat,CAS,Khouribga,Urbain,Public,Primaire,22,227,2021,0,0,1,0,0,28.38148,-9.34319
ETB12820,Université 118-CAS,2017-2018,Casablanca-Settat,CAS,Berrechid,Rural,Public,Supérieur,34,3302,1977,0,0,1,1,0,32.08514,-11.62845
ETB12821,Collège 138-RAB,2023-2024,Rabat-Salé-Kénitra,RAB,Skhirate-Témara,Rural,Public,Collégial,15,475,1988,0,1,1,1,0,30.67592,-5.35084
ETB12822,École 177-TAN,2018-2019,Tanger-Tétouan-Al Hoceïma,TAN,Larache,Rural,Public,Primaire,32,328,2003,1,1,0,0,0,33.68956,-1.39126
ETB12823,Collège 11-FES,2015-2016,Fès-Meknès,FES,Boulemane,Rural,Public,Collégial,34,303,1982,0,1,1,0,0,32.7975,-7.45666
ETB12824,École 330-CAS,2019-2020,Casablanca-Settat,CAS,Benslimane,Urbain,Public,Primaire,13,324,2013,1,0,1,0,0,28.07527,-3.58126
ETB12825,Collège 107-ORI,2015-2016,Oriental,ORI,Nador,Urbain,Public,Collégial,3,461,2020,1,0,1,1,0,32.97315,-4.64819
ETB12826,École 260-FES,2019-2020,Fès-Meknès,FES,Meknès,Urbain,Privé,Primaire,3,236,1972,1,0,1,1,1,29.85095,-10.27027
ETB12827,École 19-LAA,2017-2018,Laâyoune-Sakia El Hamra,LAA,Boujdour,Rural,Privé,Primaire,12,300,2010,1,0,0,0,0,32.14966,-8.96818
ETB12828,Lycée 402-CAS,2023-2024,Casablanca-Settat,CAS,Casablanca,Urbain,Public,Qualifiant,18,301,1988,1,1,1,0,1,34.5477,-11.26484
ETB12829,Jardin 494-GUE,2022-2023,Guelmim-Oued Noun,GUE,Guelmim,Urbain,Public,Préscolaire,12,57,1990,1,0,0,0,0,30.31732,-2.85607
ETB12830,Jardin 51-FES,2022-2023,Fès-Meknès,FES,Taza,Urbain,Public,Préscolaire,31,72,1972,0,0,0,1,0,31.78147,-7.88967
ETB12831,École 144-MAR,2020-2021,Marrakech-Safi,MAR,Safi,Urbain,Privé,Primaire,22,226,1989,0,0,0,0,0,32.4217,-3.85192
ETB12832,École 152-RAB,2021-2022,Rabat-Salé-Kénitra,RAB,Kénitra,Rural,Public,Primaire,27,321,2008,0,0,0,1,1,31.45567,-5.77294
ETB12833,Collège 168-SOU,2017-2018,Souss-Massa,SOU,Tiznit,Rural,Public,Collégial,29,326,1972,0,0,0,1,0,28.73346,-5.47127
ETB12834,Lycée 159-SOU,2016-2017,Souss-Massa,SOU,Tiznit,Rural,Public,Qualifiant,30,312,2018,0,1,1,0,1,29.64151,-1.37898
ETB12835,École 325-SOU,2018-2019,Souss-Massa,SOU,Tata,Urbain,Public,Primaire,21,266,2015,0,0,1,0,1,34.90565,-3.99683
ETB12836,École 149-CAS,2016-2017,Casablanca-Settat,CAS,Khouribga,Rural,Public,Primaire,31,207,1965,1,0,1,1,0,35.13412,-6.41099
ETB12837,Collège 298-MAR,2018-2019,Marrakech-Safi,MAR,Chichaoua,Urbain,Public,Collégial,4,575,1975,1,1,0,1,1,27.74983,-11.9605
ETB12838,École 48-TAN,2018-2019,Tanger-Tétouan-Al Hoceïma,TAN,Mdiq-Fnideq,Rural,Public,Primaire,27,285,1988,0,1,1,0,1,33.0988,-8.00714
ETB12839,Collège 356-CAS,2023-2024,Casablanca-Settat,CAS,Benslimane,Urbain,Public,Collégial,6,485,1964,1,0,0,1,1,33.4322,-11.79192
ETB12840,OFPPT 371-TAN,2017-2018,Tanger-Tétouan-Al Hoceïma,TAN,Larache,Urbain,Public,Formation Professionnelle,31,235,2012,1,0,1,0,0,30.50486,-10.68667
ETB12841,École 73-CAS,2023-2024,Casablanca-Settat,CAS,Sidi Bennour,Rural,Public,Primaire,30,407,1991,0,1,1,1,0,28.58213,-3.71487
ETB12842,École 231-RAB,2016-2017,Rabat-Salé-Kénitra,RAB,Rabat,Urbain,Public,Primaire,31,291,1966,0,0,0,0,0,31.9002,-10.60169
ETB12843,Collège 80-CAS,2020-2021,Casablanca-Settat,CAS,Settat,Urbain,Public,Collégial,7,358,1963,0,1,1,1,1,34.94249,-6.48443
ETB12844,Jardin 312-FES,2019-2020,Fès-Meknès,FES,Meknès,Rural,Public,Préscolaire,13,58,2006,0,1,0,0,0,32.26577,-13.03918
ETB12845,Collège 44-CAS,2021-2022,Casablanca-Settat,CAS,Casablanca,Urbain,Public,Collégial,27,430,2008,0,1,1,1,1,33.75284,-8.33914
ETB12846,Lycée 283-BMK,2016-2017,Béni Mellal-Khénifra,BMK,Fquih Ben Salah,Urbain,Public,Qualifiant,27,412,1981,1,0,1,1,0,29.19254,-12.3235
ETB12847,École 227-FES,2015-2016,Fès-Meknès,FES,Boulemane,Urbain,Privé,Primaire,11,324,2007,1,1,0,0,1,32.43677,-7.01237
ETB12848,Lycée 495-CAS,2022-2023,Casablanca-Settat,CAS,Settat,Rural,Privé,Qualifiant,26,482,1966,1,1,0,0,0,32.16333,-5.8867
ETB12849,École 66-BMK,2023-2024,Béni Mellal-Khénifra,BMK,El Kelaa des Sraghna,Urbain,Public,Primaire,28,190,1993,1,1,1,1,0,33.59761,-13.13575
ETB12850,École 363-DRA,2022-2023,Drâa-Tafilalet,DRA,Midelt,Urbain,Public,Primaire,7,295,2015,0,0,1,1,1,29.51482,-10.50814
ETB12851,Jardin 112-RAB,2015-2016,Rabat-Salé-Kénitra,RAB,Salé,Rural,Privé,Préscolaire,28,67,1962,0,0,0,1,0,27.83023,-1.69822
ETB12852,Collège 260-CAS,2019-2020,Casablanca-Settat,CAS,Sidi Bennour,Urbain,Privé,Collégial,15,406,2011,0,1,1,0,0,27.97202,-9.96202
ETB12853,OFPPT 449-FES,2021-2022,Fès-Meknès,FES,Séfrou,Urbain,Public,Formation Professionnelle,16,283,1993,0,0,1,1,1,33.28124,-2.30031
ETB12854,Lycée 310-CAS,2018-2019,Casablanca-Settat,CAS,Benslimane,Urbain,Privé,Qualifiant,3,581,2020,1,0,1,0,0,28.27261,-12.16513
ETB12855,Lycée 201-DRA,2023-2024,Drâa-Tafilalet,DRA,Midelt,Rural,Public,Qualifiant,32,204,1989,1,0,0,1,1,28.649,-5.83879
ETB12856,Collège 476-CAS,2015-2016,Casablanca-Settat,CAS,Benslimane,Rural,Public,Collégial,12,599,2017,1,0,0,1,1,30.90323,-2.621
ETB12857,École 215-BMK,2017-2018,Béni Mellal-Khénifra,BMK,Khouribga,Urbain,Privé,Primaire,11,224,2011,0,0,1,1,0,33.82242,-12.08123
ETB12858,Jardin 313-DRA,2020-2021,Drâa-Tafilalet,DRA,Errachidia,Urbain,Public,Préscolaire,15,43,1970,0,0,0,1,1,27.8778,-12.09224
ETB12859,École 251-TAN,2021-2022,Tanger-Tétouan-Al Hoceïma,TAN,Chefchaouen,Urbain,Privé,Primaire,11,344,2000,1,1,1,1,0,35.68695,-10.80021
ETB12860,École 223-SOU,2020-2021,Souss-Massa,SOU,Tiznit,Urbain,Public,Primaire,26,192,1985,0,1,1,0,1,30.59741,-8.59802
ETB12861,Lycée 448-CAS,2017-2018,Casablanca-Settat,CAS,Mohammadia,Urbain,Public,Qualifiant,25,268,2019,0,0,0,1,0,33.41642,-4.14965
ETB12862,Lycée 39-SOU,2019-2020,Souss-Massa,SOU,Tiznit,Urbain,Public,Qualifiant,7,397,1984,0,0,1,0,0,28.07604,-11.17175
ETB12863,École 256-TAN,2017-2018,Tanger-Tétouan-Al Hoceïma,TAN,Fahs-Anjra,Rural,Public,Primaire,27,353,1960,1,0,1,0,1,29.30173,-11.08952
ETB12864,École 194-SOU,2018-2019,Souss-Massa,SOU,Inezgane-Ait Melloul,Rural,Public,Primaire,12,199,1977,0,1,1,0,0,29.77257,-5.21766
ETB12865,École 66-BMK,2018-2019,Béni Mellal-Khénifra,BMK,Azilal,Urbain,Public,Primaire,10,482,1966,0,0,1,1,0,31.36668,-10.08655
ETB12866,Collège 424-BMK,2018-2019,Béni Mellal-Khénifra,BMK,Béni Mellal,Rural,Privé,Collégial,20,196,2006,0,0,0,1,0,29.69219,-11.03613
ETB12867,École 41-CAS,2021-2022,Casablanca-Settat,CAS,Casablanca,Rural,Public,Primaire,7,324,2014,0,0,1,0,1,35.21125,-3.57917
ETB12868,École 266-RAB,2018-2019,Rabat-Salé-Kénitra,RAB,Rabat,Urbain,Public,Primaire,31,322,2013,0,0,0,0,1,33.01959,-5.57599
ETB12869,Université 365-MAR,2023-2024,Marrakech-Safi,MAR,El Kelaa des Sraghna,Urbain,Privé,Supérieur,11,3085,1982,0,0,1,1,1,28.34171,-6.18054
ETB12870,Université 387-TAN,2020-2021,Tanger-Tétouan-Al Hoceïma,TAN,Mdiq-Fnideq,Urbain,Public,Supérieur,18,4099,1993,1,1,0,0,1,34.27989,-6.93365
ETB12871,Collège 438-TAN,2015-2016,Tanger-Tétouan-Al Hoceïma,TAN,Mdiq-Fnideq,Urbain,Public,Collégial,20,573,2001,0,1,0,1,0,29.91155,-2.35124
ETB12872,École 144-MAR,2019-2020,Marrakech-Safi,MAR,Chichaoua,Rural,Privé,Primaire,16,315,1983,1,0,1,1,1,33.39697,-2.25674
ETB12873,École 37-MAR,2019-2020,Marrakech-Safi,MAR,Marrakech,Urbain,Public,Primaire,4,281,2015,0,1,1,0,0,31.97078,-8.30031
ETB12874,École 182-TAN,2018-2019,Tanger-Tétouan-Al Hoceïma,TAN,Larache,Urbain,Public,Primaire,14,392,2004,1,0,0,1,1,35.18285,-12.85809
ETB12875,École 411-SOU,2021-2022,Souss-Massa,SOU,Chtouka-Ait Baha,Rural,Public,Primaire,24,322,1960,1,0,1,1,1,28.26201,-4.40711
ETB12876,École 124-SOU,2018-2019,Souss-Massa,SOU,Tata,Rural,Privé,Primaire,33,351,1990,1,0,1,0,0,29.13153,-11.19271
ETB12877,Collège 122-CAS,2016-2017,Casablanca-Settat,CAS,Casablanca,Rural,Public,Collégial,20,416,2003,1,0,0,1,1,31.96121,-2.18204
ETB12878,École 80-CAS,2017-2018,Casablanca-Settat,CAS,Mohammadia,Rural,Privé,Primaire,26,250,1979,1,0,1,1,1,31.06052,-12.62846
ETB12879,Lycée 457-FES,2015-2016,Fès-Meknès,FES,Meknès,Rural,Public,Qualifiant,10,323,1996,1,0,1,1,0,35.2175,-6.22859
ETB12880,Lycée 128-MAR,2021-2022,Marrakech-Safi,MAR,Marrakech,Urbain,Public,Qualifiant,28,325,2009,0,1,0,0,0,27.97683,-3.19912
ETB12881,Lycée 257-SOU,2021-2022,Souss-Massa,SOU,Taroudannt,Urbain,Public,Qualifiant,7,548,1992,1,0,1,0,1,31.17827,-12.59227
ETB12882,Collège 190-FES,2016-2017,Fès-Meknès,FES,Moulay Yacoub,Urbain,Public,Collégial,6,541,2001,0,0,1,1,1,32.71653,-10.63019
ETB12883,École 38-RAB,2023-2024,Rabat-Salé-Kénitra,RAB,Sidi Slimane,Urbain,Public,Primaire,7,347,1970,0,1,0,0,0,32.50121,-10.38745
ETB12884,École 117-DRA,2023-2024,Drâa-Tafilalet,DRA,Midelt,Rural,Public,Primaire,29,250,1993,0,0,1,0,1,27.71095,-5.22763
ETB12885,École 248-MAR,2018-2019,Marrakech-Safi,MAR,Marrakech,Urbain,Privé,Primaire,9,385,1967,0,1,1,0,0,32.03165,-5.22051
ETB12886,École 180-TAN,2019-2020,Tanger-Tétouan-Al Hoceïma,TAN,Larache,Rural,Public,Primaire,28,259,2015,0,0,0,1,0,32.60754,-7.38728
ETB12887,Collège 448-SOU,2020-2021,Souss-Massa,SOU,Agadir-Ida-Ou-Tanane,Urbain,Public,Collégial,13,371,2005,1,0,0,1,0,32.16573,-6.01473
ETB12888,École 29-TAN,2015-2016,Tanger-Tétouan-Al Hoceïma,TAN,Tanger-Assilah,Rural,Privé,Primaire,16,237,2015,0,1,0,1,1,35.49082,-8.44936
ETB12889,École 228-RAB,2017-2018,Rabat-Salé-Kénitra,RAB,Sidi Slimane,Urbain,Public,Primaire,16,306,1961,1,0,0,0,1,35.38176,-10.05041
ETB12890,Collège 342-ORI,2022-2023,Oriental,ORI,Jerada,Urbain,Public,Collégial,8,439,1997,0,1,0,1,0,28.43961,-3.45707
ETB12891,École 425-TAN,2023-2024,Tanger-Tétouan-Al Hoceïma,TAN,Fahs-Anjra,Urbain,Public,Primaire,6,357,1976,0,0,0,0,0,31.69758,-12.28593
ETB12892,École 469-CAS,2016-2017,Casablanca-Settat,CAS,Mohammadia,Rural,Public,Primaire,19,346,1992,1,1,0,0,0,29.10373,-13.13901
ETB12893,École 317-FES,2022-2023,Fès-Meknès,FES,Séfrou,Urbain,Public,Primaire,6,438,1989,1,0,1,1,0,30.62624,-2.58708
ETB12894,Lycée 120-CAS,2016-2017,Casablanca-Settat,CAS,Casablanca,Rural,Public,Qualifiant,14,461,1979,1,0,1,1,1,29.05711,-8.95055
ETB12895,Lycée 104-CAS,2020-2021,Casablanca-Settat,CAS,Khouribga,Rural,Privé,Qualifiant,5,362,1969,1,1,0,1,1,29.46013,-1.23032
ETB12896,Collège 115-CAS,2023-2024,Casablanca-Settat,CAS,Settat,Urbain,Public,Collégial,10,507,1994,0,0,1,1,1,32.14551,-5.14583
ETB12897,École 402-MAR,2019-2020,Marrakech-Safi,MAR,Essaouira,Urbain,Public,Primaire,12,455,1975,1,1,0,0,0,33.24462,-5.53805
ETB12898,École 176-RAB,2021-2022,Rabat-Salé-Kénitra,RAB,Sidi Slimane,Urbain,Public,Primaire,5,322,1992,0,0,0,0,1,30.40787,-6.95014
ETB12899,École 178-CAS,2022-2023,Casablanca-Settat,CAS,Mohammadia,Urbain,Public,Primaire,6,318,1964,0,0,0,1,1,28.99182,-2.49799
ETB12900,Collège 211-DRA,2022-2023,Drâa-Tafilalet,DRA,Zagora,Urbain,Public,Collégial,22,373,2014,1,1,1,0,0,34.79035,-7.47469
ETB12901,OFPPT 98-SOU,2021-2022,Souss-Massa,SOU,Inezgane-Ait Melloul,Rural,Public,Formation Professionnelle,26,338,1978,1,0,1,1,1,32.24337,-7.09084
ETB12902,École 58-CAS,2020-2021,Casablanca-Settat,CAS,Casablanca,Urbain,Public,Primaire,32,314,1989,1,1,0,0,0,33.97276,-1.05912
ETB12903,École 309-MAR,2017-2018,Marrakech-Safi,MAR,El Kelaa des Sraghna,Urbain,Public,Primaire,29,391,1979,0,0,1,1,0,30.82639,-3.36337
ETB12904,École 157-FES,2016-2017,Fès-Meknès,FES,Taounate,Rural,Public,Primaire,29,222,1989,1,0,0,0,0,31.48839,-5.24162
ETB12905,Collège 125-FES,2023-2024,Fès-Meknès,FES,Fès,Rural,Public,Collégial,7,491,1981,1,1,1,1,1,31.07355,-6.04961
ETB12906,École 368-TAN,2023-2024,Tanger-Tétouan-Al Hoceïma,TAN,Larache,Urbain,Public,Primaire,11,297,1976,0,0,0,1,1,28.21447,-3.39275
ETB12907,Lycée 330-CAS,2018-2019,Casablanca-Settat,CAS,Sidi Bennour,Rural,Public,Qualifiant,7,423,2004,0,0,0,1,1,31.03234,-2.68745
ETB12908,École 487-RAB,2021-2022,Rabat-Salé-Kénitra,RAB,Skhirate-Témara,Rural,Public,Primaire,27,439,1989,1,0,0,1,1,31.02897,-8.39189
ETB12909,Jardin 102-CAS,2021-2022,Casablanca-Settat,CAS,Sidi Bennour,Urbain,Privé,Préscolaire,8,53,1977,1,1,0,1,0,32.1912,-5.51126
ETB12910,École 267-DRA,2016-2017,Drâa-Tafilalet,DRA,Ouarzazate,Urbain,Privé,Primaire,3,232,1983,1,0,1,1,0,33.38013,-12.68097
ETB12911,École 448-SOU,2023-2024,Souss-Massa,SOU,Tata,Urbain,Public,Primaire,9,363,2000,1,0,0,0,0,30.53518,-5.00924
ETB12912,École 164-RAB,2020-2021,Rabat-Salé-Kénitra,RAB,Rabat,Urbain,Privé,Primaire,26,375,1999,0,0,0,0,0,33.59244,-5.33408
ETB12913,École 333-BMK,2018-2019,Béni Mellal-Khénifra,BMK,Khouribga,Urbain,Public,Primaire,20,430,2000,1,1,0,1,1,32.29349,-6.77004
ETB12914,OFPPT 158-ORI,2015-2016,Oriental,ORI,Driouch,Urbain,Public,Formation Professionnelle,19,245,1983,0,0,1,1,1,30.48898,-4.93071
ETB12915,École 399-TAN,2018-2019,Tanger-Tétouan-Al Hoceïma,TAN,Ouazzane,Rural,Privé,Primaire,25,268,1962,1,0,1,1,1,28.43276,-10.51239
ETB12916,École 439-SOU,2017-2018,Souss-Massa,SOU,Tata,Urbain,Public,Primaire,9,349,2008,1,1,0,1,1,33.76274,-8.57475
ETB12917,École 171-RAB,2021-2022,Rabat-Salé-Kénitra,RAB,Rabat,Rural,Public,Primaire,26,234,2017,0,1,0,1,0,31.93105,-4.70623
ETB12918,Lycée 33-FES,2016-2017,Fès-Meknès,FES,Taza,Rural,Public,Qualifiant,15,302,2013,0,0,0,0,0,35.00312,-4.11634
ETB12919,École 288-ORI,2023-2024,Oriental,ORI,Guercif,Urbain,Public,Primaire,27,360,1975,0,0,1,1,1,31.93156,-12.27405
ETB12920,Lycée 363-CAS,2019-2020,Casablanca-Settat,CAS,Berrechid,Urbain,Privé,Qualifiant,22,486,2021,0,0,1,1,1,32.89255,-6.70007
ETB12921,OFPPT 425-TAN,2015-2016,Tanger-Tétouan-Al Hoceïma,TAN,Tétouan,Urbain,Privé,Formation Professionnelle,13,218,2011,0,1,1,0,0,35.46173,-2.40856
ETB12922,École 373-MAR,2015-2016,Marrakech-Safi,MAR,Chichaoua,Rural,Public,Primaire,24,258,2006,1,0,0,1,0,28.73001,-9.91707
ETB12923,École 130-MAR,2023-2024,Marrakech-Safi,MAR,Chichaoua,Rural,Public,Primaire,21,64,1962,0,1,0,1,1,34.97562,-9.27624
ETB12924,Lycée 422-DRA,2020-2021,Drâa-Tafilalet,DRA,Errachidia,Urbain,Public,Qualifiant,16,478,1983,1,0,0,1,1,34.00717,-1.57144
ETB12925,École 7-MAR,2019-2020,Marrakech-Safi,MAR,Safi,Urbain,Public,Primaire,32,427,1963,0,0,1,0,0,31.05903,-10.55233
ETB12926,Jardin 487-ORI,2016-2017,Oriental,ORI,Taourirt,Urbain,Public,Préscolaire,10,61,1968,1,0,1,0,0,31.37664,-12.93357
ETB12927,École 409-TAN,2023-2024,Tanger-Tétouan-Al Hoceïma,TAN,Ouazzane,Rural,Public,Primaire,11,166,2001,0,0,0,1,0,31.85481,-9.13723
ETB12928,École 350-CAS,2015-2016,Casablanca-Settat,CAS,Berrechid,Urbain,Privé,Primaire,22,384,1974,1,0,1,0,0,30.91824,-6.55881
ETB12929,Collège 336-MAR,2023-2024,Marrakech-Safi,MAR,Marrakech,Urbain,Public,Collégial,9,592,2012,0,1,0,1,0,33.2723,-1.69338
ETB12930,École 432-CAS,2021-2022,Casablanca-Settat,CAS,Sidi Bennour,Urbain,Privé,Primaire,23,222,2002,0,1,1,1,0,29.3441,-4.12562
ETB12931,École 34-TAN,2022-2023,Tanger-Tétouan-Al Hoceïma,TAN,Ouazzane,Rural,Privé,Primaire,23,391,1975,0,0,0,0,1,31.24903,-11.11896
ETB12932,École 421-RAB,2018-2019,Rabat-Salé-Kénitra,RAB,Sidi Kacem,Urbain,Public,Primaire,33,226,2004,0,0,0,0,0,28.09635,-4.72113
ETB12933,École 118-TAN,2023-2024,Tanger-Tétouan-Al Hoceïma,TAN,Larache,Rural,Privé,Primaire,6,381,1994,0,0,1,0,0,31.88131,-6.50719
ETB12934,Université 424-MAR,2018-2019,Marrakech-Safi,MAR,Safi,Rural,Public,Supérieur,16,1930,2019,1,0,0,1,0,35.49993,-9.86426
ETB12935,Collège 165-CAS,2019-2020,Casablanca-Settat,CAS,Settat,Rural,Public,Collégial,30,443,1980,1,0,1,1,0,31.92082,-12.41145
ETB12936,École 297-SOU,2021-2022,Souss-Massa,SOU,Inezgane-Ait Melloul,Rural,Public,Primaire,12,314,2004,1,1,1,1,0,33.64175,-2.77415
ETB12937,École 79-RAB,2018-2019,Rabat-Salé-Kénitra,RAB,Khémisset,Rural,Public,Primaire,10,288,1992,1,0,0,0,0,34.31584,-10.34476
ETB12938,Lycée 121-MAR,2017-2018,Marrakech-Safi,MAR,El Kelaa des Sraghna,Rural,Public,Qualifiant,11,305,2017,0,0,0,0,1,31.27066,-8.41691
ETB12939,Collège 125-TAN,2023-2024,Tanger-Tétouan-Al Hoceïma,TAN,Mdiq-Fnideq,Rural,Public,Collégial,31,497,1967,0,0,1,0,1,27.77561,-12.08471
ETB12940,Jardin 65-ORI,2021-2022,Oriental,ORI,Nador,Rural,Public,Préscolaire,12,76,1994,0,0,1,1,1,33.18205,-9.69177
ETB12941,École 354-CAS,2015-2016,Casablanca-Settat,CAS,Settat,Urbain,Public,Primaire,22,459,2002,1,0,0,1,0,34.55786,-1.5395
ETB12942,Collège 43-MAR,2020-2021,Marrakech-Safi,MAR,Essaouira,Urbain,Public,Collégial,21,502,2003,1,1,0,0,0,35.45287,-12.73232
ETB12943,Collège 208-RAB,2018-2019,Rabat-Salé-Kénitra,RAB,Sidi Slimane,Rural,Public,Collégial,4,475,2011,1,1,1,1,0,35.66898,-6.20861
ETB12944,École 65-TAN,2023-2024,Tanger-Tétouan-Al Hoceïma,TAN,Larache,Urbain,Privé,Primaire,32,218,1978,1,0,1,1,0,33.21926,-8.48746
ETB12945,Lycée 260-SOU,2023-2024,Souss-Massa,SOU,Tiznit,Urbain,Public,Qualifiant,23,380,1985,1,0,1,1,0,35.09014,-3.53536
ETB12946,École 83-ORI,2015-2016,Oriental,ORI,Berkane,Urbain,Public,Primaire,4,235,1996,0,1,0,1,1,27.85463,-6.05223
ETB12947,École 450-TAN,2023-2024,Tanger-Tétouan-Al Hoceïma,TAN,Ouazzane,Urbain,Privé,Primaire,20,313,2003,0,1,1,0,0,31.89018,-12.14176
ETB12948,École 226-TAN,2021-2022,Tanger-Tétouan-Al Hoceïma,TAN,Tanger-Assilah,Rural,Public,Primaire,17,144,2014,1,0,1,1,0,29.77869,-5.07148
ETB12949,École 55-MAR,2022-2023,Marrakech-Safi,MAR,Marrakech,Rural,Privé,Primaire,9,261,1990,0,0,1,1,0,28.39044,-7.24575
ETB12950,École 494-CAS,2015-2016,Casablanca-Settat,CAS,Berrechid,Urbain,Public,Primaire,32,290,2001,0,1,0,1,0,31.68076,-1.84484
ETB12951,Collège 153-RAB,2023-2024,Rabat-Salé-Kénitra,RAB,Salé,Urbain,Public,Collégial,15,568,1991,0,0,0,0,0,33.98175,-3.13766
ETB12952,Collège 365-MAR,2015-2016,Marrakech-Safi,MAR,Chichaoua,Urbain,Public,Collégial,23,438,2012,1,0,1,1,1,33.55485,-2.19918
ETB12953,Collège 426-BMK,2015-2016,Béni Mellal-Khénifra,BMK,Khouribga,Urbain,Privé,Collégial,22,420,1980,1,1,0,1,1,32.96552,-5.90962
ETB12954,Lycée 356-BMK,2019-2020,Béni Mellal-Khénifra,BMK,Béni Mellal,Urbain,Public,Qualifiant,17,427,1986,0,0,1,0,0,34.06167,-6.38191
ETB12955,École 184-FES,2022-2023,Fès-Meknès,FES,Boulemane,Urbain,Privé,Primaire,28,288,1987,0,1,0,0,1,30.40795,-2.87749
ETB12956,Collège 265-RAB,2016-2017,Rabat-Salé-Kénitra,RAB,Skhirate-Témara,Rural,Public,Collégial,15,530,1962,1,0,1,1,0,35.6857,-11.96857
ETB12957,École 75-FES,2023-2024,Fès-Meknès,FES,Fès,Urbain,Privé,Primaire,30,268,1990,1,0,0,1,0,28.71477,-10.46411
ETB12958,École 471-FES,2023-2024,Fès-Meknès,FES,Taounate,Urbain,Public,Primaire,23,268,1969,1,0,1,0,0,30.57603,-7.24841
ETB12959,Université 190-TAN,2017-2018,Tanger-Tétouan-Al Hoceïma,TAN,Ouazzane,Urbain,Public,Supérieur,3,2914,2019,1,0,1,1,0,28.7067,-2.30835
ETB12960,École 469-BMK,2015-2016,Béni Mellal-Khénifra,BMK,El Kelaa des Sraghna,Rural,Public,Primaire,22,326,1987,1,1,0,0,0,34.21029,-1.56449
ETB12961,Lycée 256-BMK,2021-2022,Béni Mellal-Khénifra,BMK,Khouribga,Urbain,Public,Qualifiant,4,473,1968,0,0,1,1,1,31.36555,-2.77703
ETB12962,École 220-SOU,2021-2022,Souss-Massa,SOU,Agadir-Ida-Ou-Tanane,Rural,Public,Primaire,4,395,2004,0,0,0,0,0,29.34048,-3.06691
ETB12963,École 246-CAS,2016-2017,Casablanca-Settat,CAS,Mohammadia,Urbain,Public,Primaire,4,366,1962,0,1,1,0,0,34.66008,-4.62079
ETB12964,École 338-RAB,2018-2019,Rabat-Salé-Kénitra,RAB,Skhirate-Témara,Rural,Privé,Primaire,27,328,1985,1,0,1,0,1,33.34976,-8.03167
ETB12965,École 490-BMK,2020-2021,Béni Mellal-Khénifra,BMK,Béni Mellal,Rural,Public,Primaire,21,374,2009,0,1,1,1,1,35.38744,-5.16583
ETB12966,École 490-SOU,2016-2017,Souss-Massa,SOU,Inezgane-Ait Melloul,Rural,Public,Primaire,32,343,1985,1,1,1,1,1,31.56175,-9.78463
ETB12967,Collège 410-MAR,2023-2024,Marrakech-Safi,MAR,Essaouira,Urbain,Public,Collégial,24,435,1989,1,1,1,1,0,31.82565,-2.684
ETB12968,École 433-RAB,2020-2021,Rabat-Salé-Kénitra,RAB,Sidi Slimane,Urbain,Public,Primaire,28,234,2011,1,0,1,0,1,29.76974,-12.80185
ETB12969,Collège 465-MAR,2023-2024,Marrakech-Safi,MAR,Essaouira,Urbain,Public,Collégial,6,498,1994,0,0,1,0,0,35.27421,-10.49932
ETB12970,École 445-BMK,2015-2016,Béni Mellal-Khénifra,BMK,Béni Mellal,Urbain,Public,Primaire,14,336,2011,0,0,1,1,0,30.83254,-13.15714
ETB12971,Lycée 317-FES,2018-2019,Fès-Meknès,FES,Séfrou,Rural,Privé,Qualifiant,31,403,2016,1,0,1,1,1,29.95799,-8.56556
ETB12972,Collège 169-CAS,2016-2017,Casablanca-Settat,CAS,Mohammadia,Rural,Public,Collégial,8,582,1982,0,0,1,1,1,34.9877,-7.73834
ETB12973,École 491-CAS,2019-2020,Casablanca-Settat,CAS,Mohammadia,Rural,Public,Primaire,8,355,1976,1,1,0,0,1,29.19312,-2.88389
ETB12974,Collège 470-RAB,2020-2021,Rabat-Salé-Kénitra,RAB,Salé,Urbain,Privé,Collégial,27,381,1975,0,0,0,0,0,28.57258,-9.15659
ETB12975,École 211-MAR,2020-2021,Marrakech-Safi,MAR,El Kelaa des Sraghna,Urbain,Public,Primaire,14,481,1993,0,0,0,1,1,31.23869,-11.17206
ETB12976,Collège 17-TAN,2017-2018,Tanger-Tétouan-Al Hoceïma,TAN,Ouazzane,Rural,Privé,Collégial,5,425,1969,0,0,0,1,1,28.47364,-3.27264
ETB12977,École 19-RAB,2016-2017,Rabat-Salé-Kénitra,RAB,Salé,Urbain,Public,Primaire,11,384,1968,0,1,1,1,0,35.05854,-8.16706
ETB12978,Collège 447-TAN,2017-2018,Tanger-Tétouan-Al Hoceïma,TAN,Tétouan,Rural,Public,Collégial,32,547,1964,1,0,0,1,1,31.69184,-9.16257
ETB12979,École 438-CAS,2019-2020,Casablanca-Settat,CAS,Mohammadia,Urbain,Privé,Primaire,19,413,1965,0,1,0,1,0,28.74145,-12.11588
ETB12980,École 51-TAN,2022-2023,Tanger-Tétouan-Al Hoceïma,TAN,Ouazzane,Urbain,Public,Primaire,15,522,1982,1,0,0,0,0,28.71472,-13.19962
ETB12981,École 439-LAA,2020-2021,Laâyoune-Sakia El Hamra,LAA,Laâyoune,Urbain,Public,Primaire,14,349,1963,1,0,1,1,0,34.94541,-2.4986
ETB12982,École 456-SOU,2017-2018,Souss-Massa,SOU,Tata,Rural,Public,Primaire,21,262,2014,1,0,1,0,0,33.56934,-9.7159
ETB12983,Lycée 27-CAS,2018-2019,Casablanca-Settat,CAS,Berrechid,Urbain,Public,Qualifiant,17,474,2005,0,1,0,1,1,28.85278,-4.44053
ETB12984,Lycée 49-TAN,2022-2023,Tanger-Tétouan-Al Hoceïma,TAN,Tanger-Assilah,Rural,Public,Qualifiant,22,487,2001,0,0,1,1,1,27.75271,-13.01162
ETB12985,École 367-DRA,2018-2019,Drâa-Tafilalet,DRA,Errachidia,Urbain,Public,Primaire,25,273,2009,1,1,1,1,1,29.6713,-10.56018
ETB12986,École 312-CAS,2023-2024,Casablanca-Settat,CAS,Benslimane,Urbain,Public,Primaire,25,336,1978,0,1,0,1,1,28.76368,-10.55711
ETB12987,École 301-FES,2020-2021,Fès-Meknès,FES,Séfrou,Urbain,Privé,Primaire,10,380,1960,0,0,0,0,0,33.14373,-7.00745
ETB12988,École 481-BMK,2022-2023,Béni Mellal-Khénifra,BMK,Fquih Ben Salah,Rural,Public,Primaire,16,323,2012,0,0,1,0,0,34.23248,-11.27892
ETB12989,École 48-CAS,2016-2017,Casablanca-Settat,CAS,El Jadida,Rural,Public,Primaire,16,469,1980,1,0,0,1,1,29.44197,-5.73329
ETB12990,OFPPT 103-MAR,2020-2021,Marrakech-Safi,MAR,Safi,Urbain,Public,Formation Professionnelle,23,362,1978,0,0,0,1,0,31.87968,-1.28015
ETB12991,École 75-TAN,2015-2016,Tanger-Tétouan-Al Hoceïma,TAN,Tétouan,Urbain,Privé,Primaire,7,247,2003,1,0,0,1,0,31.87918,-4.93351
ETB12992,OFPPT 292-RAB,2019-2020,Rabat-Salé-Kénitra,RAB,Skhirate-Témara,Urbain,Public,Formation Professionnelle,18,313,2005,1,0,0,1,1,29.25314,-9.44296
ETB12993,École 467-FES,2023-2024,Fès-Meknès,FES,El Hajeb,Urbain,Public,Primaire,3,262,1965,1,1,0,1,1,30.22178,-2.70899
ETB12994,Collège 408-TAN,2020-2021,Tanger-Tétouan-Al Hoceïma,TAN,Fahs-Anjra,Rural,Public,Collégial,32,283,2019,0,1,1,0,1,28.73422,-5.64852
ETB12995,Collège 39-FES,2022-2023,Fès-Meknès,FES,Moulay Yacoub,Rural,Public,Collégial,22,357,1999,0,0,0,1,0,29.9673,-2.14502
ETB12996,Collège 412-SOU,2022-2023,Souss-Massa,SOU,Tiznit,Rural,Public,Collégial,15,582,1976,0,0,0,0,0,33.4306,-11.91029
ETB12997,École 17-FES,2019-2020,Fès-Meknès,FES,El Hajeb,Rural,Privé,Primaire,34,359,1995,0,0,0,1,0,34.58664,-10.66389
ETB12998,École 119-CAS,2016-2017,Casablanca-Settat,CAS,Sidi Bennour,Rural,Public,Primaire,5,280,1972,1,1,0,0,0,35.80226,-11.47597
ETB12999,École 399-FES,2019-2020,Fès-Meknès,FES,Fès,Urbain,Privé,Primaire,33,220,2020,1,0,0,0,0,29.98886,-9.27636
