id_enseignant,annee_scolaire,region,code_region,province,milieu,genre,cycle_enseigne,categorie,matiere,anciennete_annees,salaire_mensuel_mad,heures_semaine,formation_continue,jours_absence
ENS200000,2016-2017,Rabat-Salé-Kénitra,RAB,Sidi Kacem,Rural,Masculin,Primaire,Professeur certifié,Éducation islamique,25,5442,19,1,15
ENS200001,2017-2018,Casablanca-Settat,CAS,El Jadida,Urbain,Masculin,Qualifiant,Instituteur,Anglais,25,4387,19,1,0
ENS200002,2022-2023,Souss-Massa,SOU,Agadir-Ida-Ou-Tanane,Rural,Féminin,Primaire,Vacataire,Histoire-Géo,15,2953,25,1,0
ENS200003,2018-2019,Laâyoune-Sakia El Hamra,LAA,Laâyoune,Rural,Masculin,Primaire,Contractuel,Sciences,18,5305,22,0,0
ENS200004,2017-2018,Drâa-Tafilalet,DRA,Zagora,Rural,Féminin,Primaire,Contractuel,Mathématiques,24,5115,28,1,19
ENS200005,2020-2021,Béni Mellal-Khénifra,BMK,El Kelaa des Sraghna,Rural,Masculin,Collégial,Professeur certifié,Histoire-Géo,14,6051,31,1,17
ENS200006,2021-2022,Rabat-Salé-Kénitra,RAB,Rabat,Rural,Masculin,Préscolaire,Professeur agrégé,Sciences,29,9058,22,1,8
ENS200007,2023-2024,Fès-Meknès,FES,Taza,Rural,Féminin,Qualifiant,Professeur agrégé,SVT,30,8001,30,0,0
ENS200008,2015-2016,Marrakech-Safi,MAR,Chichaoua,Rural,Masculin,Collégial,Instituteur,Philosophie,27,4343,29,0,0
ENS200009,2022-2023,Marrakech-Safi,MAR,El Kelaa des Sraghna,Urbain,Masculin,Qualifiant,Instituteur,Sciences,33,4824,18,1,0
ENS200010,2018-2019,Béni Mellal-Khénifra,BMK,Azilal,Urbain,Féminin,Primaire,Contractuel,Physique-Chimie,31,3233,29,1,0
ENS200011,2017-2018,Béni Mellal-Khénifra,BMK,Béni Mellal,Urbain,Masculin,Qualifiant,Maître d'enseignement,SVT,30,5320,18,0,0
ENS200012,2020-2021,Rabat-Salé-Kénitra,RAB,Khémisset,Rural,Masculin,Collégial,Professeur agrégé,Anglais,32,8695,30,0,12
ENS200013,2019-2020,Souss-Massa,SOU,Inezgane-Ait Melloul,Urbain,Féminin,Qualifiant,Vacataire,Sciences,14,3070,24,0,22
ENS200014,2018-2019,Oriental,ORI,Taourirt,Urbain,Féminin,Primaire,Vacataire,Sciences,24,4032,27,0,0
ENS200015,2015-2016,Rabat-Salé-Kénitra,RAB,Skhirate-Témara,Urbain,Féminin,Préscolaire,Contractuel,Philosophie,19,4920,25,0,19
ENS200016,2021-2022,Tanger-Tétouan-Al Hoceïma,TAN,Tétouan,Rural,Féminin,Primaire,Professeur certifié,Éducation physique,8,7323,26,0,6
ENS200017,2023-2024,Souss-Massa,SOU,Chtouka-Ait Baha,Urbain,Féminin,Primaire,Maître d'enseignement,Physique-Chimie,17,5839,24,0,0
ENS200018,2017-2018,Marrakech-Safi,MAR,Al Haouz,Urbain,Masculin,Primaire,Maître d'enseignement,Français,20,5236,21,0,15
ENS200019,2016-2017,Marrakech-Safi,MAR,Chichaoua,Rural,Féminin,Primaire,Contractuel,SVT,30,5034,26,1,0
ENS200020,2021-2022,Souss-Massa,SOU,Agadir-Ida-Ou-Tanane,Rural,Féminin,Collégial,Contractuel,SVT,5,4290,25,1,10
ENS200021,2021-2022,Tanger-Tétouan-Al Hoceïma,TAN,Tétouan,Rural,Masculin,Collégial,Contractuel,Anglais,2,4768,24,0,5
ENS200022,2021-2022,Tanger-Tétouan-Al Hoceïma,TAN,Al Hoceïma,Urbain,Féminin,Qualifiant,Instituteur,Mathématiques,27,4679,30,1,5
ENS200023,2017-2018,Rabat-Salé-Kénitra,RAB,Sidi Kacem,Rural,Masculin,Primaire,Maître d'enseignement,Éducation islamique,10,5287,22,0,0
ENS200024,2020-2021,Fès-Meknès,FES,Moulay Yacoub,Urbain,Masculin,Collégial,Instituteur,Physique-Chimie,4,4829,28,0,19
ENS200025,2019-2020,Marrakech-Safi,MAR,Essaouira,Rural,Féminin,Primaire,Contractuel,Philosophie,3,5204,23,0,0
ENS200026,2016-2017,Souss-Massa,SOU,Tiznit,Rural,Masculin,Primaire,Instituteur,Français,16,5437,23,1,21
ENS200027,2018-2019,Rabat-Salé-Kénitra,RAB,Kénitra,Rural,Féminin,Collégial,Contractuel,Histoire-Géo,10,4541,18,1,0
ENS200028,2016-2017,Marrakech-Safi,MAR,Youssoufia,Urbain,Masculin,Primaire,Professeur certifié,Éducation islamique,9,7819,20,0,1
ENS200029,2023-2024,Fès-Meknès,FES,Ifrane,Urbain,Masculin,Collégial,Professeur certifié,Philosophie,5,6872,22,0,11
ENS200030,2023-2024,Rabat-Salé-Kénitra,RAB,Sidi Kacem,Urbain,Masculin,Primaire,Maître d'enseignement,Mathématiques,34,5637,25,1,0
ENS200031,2022-2023,Marrakech-Safi,MAR,Essaouira,Urbain,Féminin,Primaire,Maître d'enseignement,SVT,30,6605,18,1,2
ENS200032,2019-2020,Fès-Meknès,FES,Taza,Rural,Masculin,Collégial,Professeur agrégé,Français,30,8257,31,0,5
ENS200033,2015-2016,Casablanca-Settat,CAS,El Jadida,Urbain,Féminin,Qualifiant,Contractuel,Éducation physique,16,5067,27,1,24
ENS200034,2022-2023,Marrakech-Safi,MAR,Chichaoua,Rural,Féminin,Primaire,Contractuel,Anglais,32,4629,27,0,0
ENS200035,2017-2018,Fès-Meknès,FES,Taza,Urbain,Masculin,Primaire,Professeur certifié,Physique-Chimie,22,7636,20,1,17
ENS200036,2015-2016,Souss-Massa,SOU,Tiznit,Urbain,Masculin,Primaire,Professeur certifié,Arabe,22,8226,23,0,6
ENS200037,2016-2017,Casablanca-Settat,CAS,Sidi Bennour,Rural,Féminin,Primaire,Maître d'enseignement,Philosophie,5,4459,31,1,18
ENS200038,2020-2021,Souss-Massa,SOU,Tata,Urbain,Masculin,Primaire,Professeur agrégé,Sciences,17,8374,28,0,0
ENS200039,2023-2024,Rabat-Salé-Kénitra,RAB,Sidi Slimane,Rural,Féminin,Qualifiant,Maître d'enseignement,Arabe,7,6283,30,0,2
ENS200040,2017-2018,Oriental,ORI,Oujda-Angad,Rural,Masculin,Qualifiant,Vacataire,Sciences,8,1985,24,1,4
ENS200041,2016-2017,Casablanca-Settat,CAS,Berrechid,Urbain,Féminin,Collégial,Maître d'enseignement,Sciences,9,4891,25,1,11
ENS200042,2016-2017,Rabat-Salé-Kénitra,RAB,Rabat,Urbain,Masculin,Primaire,Maître d'enseignement,Philosophie,21,5197,26,0,18
ENS200043,2020-2021,Oriental,ORI,Figuig,Urbain,Masculin,Primaire,Vacataire,Mathématiques,14,3245,27,0,0
ENS200044,2023-2024,Rabat-Salé-Kénitra,RAB,Salé,Urbain,Masculin,Primaire,Contractuel,Arabe,8,5545,21,1,0
ENS200045,2021-2022,Rabat-Salé-Kénitra,RAB,Sidi Slimane,Urbain,Masculin,Primaire,Vacataire,Éducation islamique,32,3626,26,0,23
ENS200046,2016-2017,Fès-Meknès,FES,Meknès,Urbain,Masculin,Qualifiant,Vacataire,Sciences,23,3603,22,1,7
ENS200047,2019-2020,Souss-Massa,SOU,Chtouka-Ait Baha,Rural,Féminin,Qualifiant,Professeur certifié,Éducation islamique,11,6597,23,1,8
ENS200048,2022-2023,Fès-Meknès,FES,Meknès,Urbain,Masculin,Primaire,Contractuel,Éducation physique,9,3439,25,1,3
ENS200049,2022-2023,Rabat-Salé-Kénitra,RAB,Khémisset,Rural,Féminin,Primaire,Instituteur,Histoire-Géo,9,5123,22,1,16
ENS200050,2016-2017,Drâa-Tafilalet,DRA,Tinghir,Rural,Masculin,Primaire,Contractuel,Arabe,33,4835,20,0,7
ENS200051,2019-2020,Rabat-Salé-Kénitra,RAB,Skhirate-Témara,Rural,Masculin,Qualifiant,Professeur certifié,Physique-Chimie,19,5994,29,0,23
ENS200052,2021-2022,Fès-Meknès,FES,Meknès,Rural,Masculin,Préscolaire,Maître d'enseignement,Sciences,10,5909,27,1,0
ENS200053,2021-2022,Oriental,ORI,Figuig,Urbain,Féminin,Primaire,Maître d'enseignement,SVT,15,5606,23,0,17
ENS200054,2019-2020,Tanger-Tétouan-Al Hoceïma,TAN,Mdiq-Fnideq,Rural,Masculin,Collégial,Professeur certifié,Éducation islamique,27,6197,22,1,0
ENS200055,2021-2022,Casablanca-Settat,CAS,Casablanca,Urbain,Féminin,Primaire,Maître d'enseignement,Éducation islamique,13,7128,28,0,0
ENS200056,2021-2022,Tanger-Tétouan-Al Hoceïma,TAN,Ouazzane,Rural,Féminin,Qualifiant,Contractuel,Sciences,7,4210,31,1,15
ENS200057,2016-2017,Souss-Massa,SOU,Tiznit,Urbain,Féminin,Qualifiant,Professeur agrégé,Éducation physique,11,7340,25,0,19
ENS200058,2021-2022,Casablanca-Settat,CAS,Settat,Rural,Masculin,Collégial,Instituteur,Français,7,4566,25,0,11
ENS200059,2020-2021,Rabat-Salé-Kénitra,RAB,Salé,Urbain,Féminin,Primaire,Instituteur,Arabe,6,4546,18,0,4
ENS200060,2020-2021,Marrakech-Safi,MAR,Chichaoua,Urbain,Masculin,Primaire,Professeur agrégé,Éducation physique,15,7951,29,0,0
ENS200061,2021-2022,Marrakech-Safi,MAR,El Kelaa des Sraghna,Urbain,Féminin,Primaire,Professeur certifié,SVT,16,6746,27,1,18
ENS200062,2016-2017,Casablanca-Settat,CAS,Settat,Rural,Féminin,Qualifiant,Vacataire,Éducation islamique,22,2952,27,0,21
ENS200063,2017-2018,Casablanca-Settat,CAS,Khouribga,Urbain,Féminin,Préscolaire,Instituteur,Éducation islamique,4,4537,27,0,20
ENS200064,2022-2023,Tanger-Tétouan-Al Hoceïma,TAN,Mdiq-Fnideq,Urbain,Féminin,Collégial,Instituteur,Arabe,4,4935,18,1,7
ENS200065,2020-2021,Tanger-Tétouan-Al Hoceïma,TAN,Chefchaouen,Rural,Masculin,Qualifiant,Instituteur,Sciences,21,5452,23,0,0
ENS200066,2021-2022,Tanger-Tétouan-Al Hoceïma,TAN,Tétouan,Urbain,Féminin,Primaire,Contractuel,Physique-Chimie,29,3634,19,1,0
ENS200067,2018-2019,Rabat-Salé-Kénitra,RAB,Khémisset,Rural,Féminin,Collégial,Instituteur,SVT,28,5752,24,1,0
ENS200068,2016-2017,Casablanca-Settat,CAS,Sidi Bennour,Rural,Féminin,Collégial,Professeur certifié,Mathématiques,4,6589,22,0,0
ENS200069,2021-2022,Marrakech-Safi,MAR,Al Haouz,Urbain,Féminin,Primaire,Professeur agrégé,Arabe,10,8237,27,1,19
ENS200070,2018-2019,Béni Mellal-Khénifra,BMK,Azilal,Urbain,Masculin,Primaire,Professeur certifié,Éducation islamique,15,6427,29,0,0
ENS200071,2015-2016,Marrakech-Safi,MAR,Safi,Urbain,Masculin,Collégial,Professeur certifié,SVT,21,5526,26,1,0
ENS200072,2021-2022,Drâa-Tafilalet,DRA,Zagora,Urbain,Masculin,Qualifiant,Professeur certifié,Arabe,24,6402,29,0,0
ENS200073,2021-2022,Marrakech-Safi,MAR,Essaouira,Rural,Masculin,Primaire,Professeur agrégé,Français,3,7681,24,0,10
ENS200074,2018-2019,Fès-Meknès,FES,Fès,Rural,Masculin,Qualifiant,Professeur certifié,Éducation islamique,3,7591,29,1,0
ENS200075,2016-2017,Casablanca-Settat,CAS,Benslimane,Urbain,Féminin,Primaire,Contractuel,Français,26,4577,18,1,24
ENS200076,2019-2020,Rabat-Salé-Kénitra,RAB,Sidi Slimane,Rural,Féminin,Primaire,Professeur certifié,SVT,32,5251,24,0,0
ENS200077,2017-2018,Béni Mellal-Khénifra,BMK,Fquih Ben Salah,Rural,Féminin,Primaire,Professeur certifié,SVT,3,8174,27,1,19
ENS200078,2018-2019,Casablanca-Settat,CAS,Benslimane,Rural,Féminin,Primaire,Professeur certifié,Français,27,5705,19,1,0
ENS200079,2016-2017,Souss-Massa,SOU,Taroudannt,Rural,Féminin,Collégial,Professeur agrégé,Mathématiques,7,7712,26,0,0
ENS200080,2019-2020,Fès-Meknès,FES,Taounate,Urbain,Féminin,Qualifiant,Contractuel,Français,5,3465,18,0,23
ENS200081,2022-2023,Oriental,ORI,Taourirt,Urbain,Féminin,Qualifiant,Professeur agrégé,Philosophie,9,8505,20,0,0
ENS200082,2020-2021,Souss-Massa,SOU,Tata,Urbain,Féminin,Primaire,Professeur certifié,Sciences,14,7343,20,1,1
ENS200083,2019-2020,Oriental,ORI,Jerada,Rural,Féminin,Primaire,Professeur certifié,Philosophie,9,5976,23,0,9
ENS200084,2015-2016,Marrakech-Safi,MAR,Al Haouz,Urbain,Féminin,Primaire,Professeur certifié,Philosophie,25,6577,20,0,6
ENS200085,2022-2023,Marrakech-Safi,MAR,Chichaoua,Rural,Masculin,Primaire,Professeur certifié,Éducation physique,28,6376,23,0,10
ENS200086,2018-2019,Laâyoune-Sakia El Hamra,LAA,Laâyoune,Urbain,Féminin,Primaire,Professeur certifié,SVT,25,6513,29,0,0
ENS200087,2017-2018,Rabat-Salé-Kénitra,RAB,Kénitra,Urbain,Masculin,Qualifiant,Professeur certifié,Philosophie,17,6224,29,1,14
ENS200088,2023-2024,Casablanca-Settat,CAS,Sidi Bennour,Urbain,Féminin,Primaire,Professeur certifié,SVT,25,6701,20,0,21
ENS200089,2019-2020,Tanger-Tétouan-Al Hoceïma,TAN,Larache,Rural,Féminin,Primaire,Professeur certifié,Sciences,12,6898,27,0,3
ENS200090,2019-2020,Casablanca-Settat,CAS,El Jadida,Rural,Masculin,Primaire,Instituteur,Philosophie,33,5202,26,0,0
ENS200091,2019-2020,Souss-Massa,SOU,Agadir-Ida-Ou-Tanane,Urbain,Masculin,Primaire,Instituteur,Sciences,27,5094,31,1,16
ENS200092,2023-2024,Rabat-Salé-Kénitra,RAB,Skhirate-Témara,Urbain,Masculin,Primaire,Contractuel,Physique-Chimie,14,4452,31,1,4
ENS200093,2021-2022,Casablanca-Settat,CAS,Casablanca,Urbain,Féminin,Primaire,Instituteur,Philosophie,14,4093,27,0,0
ENS200094,2022-2023,Casablanca-Settat,CAS,El Jadida,Rural,Féminin,Primaire,Professeur certifié,Anglais,17,6089,29,1,0
ENS200095,2018-2019,Tanger-Tétouan-Al Hoceïma,TAN,Chefchaouen,Rural,Féminin,Primaire,Professeur certifié,Sciences,20,7127,31,1,11
ENS200096,2021-2022,Fès-Meknès,FES,Meknès,Urbain,Masculin,Collégial,Maître d'enseignement,Sciences,4,5028,25,0,6
ENS200097,2017-2018,Marrakech-Safi,MAR,Chichaoua,Urbain,Masculin,Collégial,Instituteur,Éducation physique,25,6058,25,0,0
ENS200098,2021-2022,Tanger-Tétouan-Al Hoceïma,TAN,Al Hoceïma,Rural,Féminin,Qualifiant,Maître d'enseignement,Anglais,14,5363,31,1,1
ENS200099,2017-2018,Souss-Massa,SOU,Inezgane-Ait Melloul,Urbain,Masculin,Collégial,Contractuel,Mathématiques,16,3880,26,1,14
ENS200100,2015-2016,Oriental,ORI,Figuig,Rural,Féminin,Collégial,Contractuel,Anglais,32,4088,27,1,23
ENS200101,2021-2022,Casablanca-Settat,CAS,Settat,Urbain,Masculin,Collégial,Professeur certifié,Éducation physique,33,6853,22,0,3
ENS200102,2023-2024,Marrakech-Safi,MAR,Youssoufia,Rural,Masculin,Primaire,Professeur certifié,Éducation islamique,32,5561,31,0,15
ENS200103,2021-2022,Casablanca-Settat,CAS,Benslimane,Urbain,Masculin,Primaire,Professeur certifié,Arabe,32,7211,20,0,12
ENS200104,2016-2017,Fès-Meknès,FES,Séfrou,Urbain,Féminin,Collégial,Maître d'enseignement,Arabe,29,5595,30,0,13
ENS200105,2017-2018,Marrakech-Safi,MAR,Al Haouz,Rural,Masculin,Primaire,Professeur agrégé,Sciences,29,7610,30,1,0
ENS200106,2016-2017,Casablanca-Settat,CAS,El Jadida,Urbain,Masculin,Primaire,Professeur agrégé,Éducation physique,14,8335,19,0,22
ENS200107,2017-2018,Béni Mellal-Khénifra,BMK,Béni Mellal,Urbain,Féminin,Qualifiant,Professeur certifié,Éducation physique,20,7578,23,1,0
ENS200108,2020-2021,Oriental,ORI,Taourirt,Urbain,Féminin,Primaire,Instituteur,Français,17,4254,24,1,6
ENS200109,2019-2020,Souss-Massa,SOU,Chtouka-Ait Baha,Urbain,Masculin,Collégial,Contractuel,Histoire-Géo,2,4258,26,0,21
ENS200110,2015-2016,Drâa-Tafilalet,DRA,Tinghir,Rural,Féminin,Préscolaire,Professeur certifié,Éducation islamique,3,6819,29,1,20
ENS200111,2017-2018,Rabat-Salé-Kénitra,RAB,Skhirate-Témara,Urbain,Masculin,Primaire,Instituteur,Mathématiques,3,4249,25,0,21
ENS200112,2017-2018,Casablanca-Settat,CAS,Settat,Rural,Féminin,Primaire,Professeur certifié,Éducation physique,23,6274,24,1,0
ENS200113,2019-2020,Marrakech-Safi,MAR,Al Haouz,Urbain,Masculin,Primaire,Professeur certifié,Anglais,28,7678,27,1,2
ENS200114,2022-2023,Tanger-Tétouan-Al Hoceïma,TAN,Tanger-Assilah,Rural,Masculin,Qualifiant,Contractuel,Mathématiques,21,4071,19,1,0
ENS200115,2016-2017,Béni Mellal-Khénifra,BMK,Azilal,Urbain,Féminin,Primaire,Contractuel,Philosophie,4,3977,31,1,1
ENS200116,2018-2019,Fès-Meknès,FES,Ifrane,Urbain,Féminin,Primaire,Instituteur,Anglais,13,4862,23,0,0
ENS200117,2019-2020,Casablanca-Settat,CAS,Berrechid,Rural,Féminin,Primaire,Contractuel,Histoire-Géo,34,3266,21,1,23
ENS200118,2015-2016,Marrakech-Safi,MAR,Chichaoua,Rural,Féminin,Qualifiant,Vacataire,Histoire-Géo,27,3370,21,0,20
ENS200119,2017-2018,Fès-Meknès,FES,Moulay Yacoub,Rural,Masculin,Primaire,Instituteur,Histoire-Géo,14,5523,18,1,3
ENS200120,2022-2023,Casablanca-Settat,CAS,El Jadida,Rural,Féminin,Qualifiant,Professeur certifié,Français,31,5517,29,0,24
ENS200121,2022-2023,Oriental,ORI,Driouch,Urbain,Masculin,Primaire,Maître d'enseignement,Arabe,26,5924,29,0,0
ENS200122,2020-2021,Drâa-Tafilalet,DRA,Tinghir,Urbain,Masculin,Primaire,Professeur certifié,Physique-Chimie,17,7143,27,0,2
ENS200123,2015-2016,Casablanca-Settat,CAS,Mohammadia,Urbain,Masculin,Collégial,Professeur agrégé,Physique-Chimie,9,8647,30,0,3
ENS200124,2017-2018,Casablanca-Settat,CAS,Benslimane,Rural,Féminin,Primaire,Vacataire,Physique-Chimie,32,2987,20,1,9
ENS200125,2019-2020,Béni Mellal-Khénifra,BMK,Béni Mellal,Rural,Féminin,Collégial,Contractuel,Philosophie,25,3869,22,1,10
ENS200126,2017-2018,Rabat-Salé-Kénitra,RAB,Sidi Kacem,Rural,Féminin,Collégial,Instituteur,Sciences,14,4821,29,0,0
ENS200127,2019-2020,Rabat-Salé-Kénitra,RAB,Khémisset,Urbain,Féminin,Préscolaire,Instituteur,SVT,7,2732,19,0,2
ENS200128,2023-2024,Tanger-Tétouan-Al Hoceïma,TAN,Tétouan,Urbain,Masculin,Collégial,Maître d'enseignement,Physique-Chimie,17,4796,19,1,0
ENS200129,2015-2016,Fès-Meknès,FES,Meknès,Rural,Masculin,Primaire,Contractuel,Physique-Chimie,31,3693,28,1,23
ENS200130,2018-2019,Béni Mellal-Khénifra,BMK,Fquih Ben Salah,Rural,Masculin,Collégial,Professeur certifié,Sciences,15,7393,24,0,0
ENS200131,2023-2024,Tanger-Tétouan-Al Hoceïma,TAN,Tétouan,Urbain,Féminin,Primaire,Vacataire,Éducation islamique,29,3590,22,0,0
ENS200132,2022-2023,Fès-Meknès,FES,Boulemane,Urbain,Masculin,Collégial,Professeur certifié,Mathématiques,26,6782,21,1,0
ENS200133,2018-2019,Tanger-Tétouan-Al Hoceïma,TAN,Tétouan,Urbain,Féminin,Primaire,Vacataire,Éducation physique,7,4890,23,1,0
ENS200134,2016-2017,Tanger-Tétouan-Al Hoceïma,TAN,Fahs-Anjra,Urbain,Féminin,Primaire,Professeur certifié,Histoire-Géo,8,7206,29,0,0
ENS200135,2020-2021,Oriental,ORI,Figuig,Rural,Masculin,Primaire,Vacataire,Philosophie,11,2723,21,1,22
ENS200136,2017-2018,Fès-Meknès,FES,Ifrane,Urbain,Féminin,Primaire,Instituteur,Français,4,3976,21,1,5
ENS200137,2021-2022,Guelmim-Oued Noun,GUE,Assa-Zag,Rural,Masculin,Primaire,Maître d'enseignement,Physique-Chimie,16,5482,31,1,22
ENS200138,2021-2022,Souss-Massa,SOU,Tata,Urbain,Féminin,Primaire,Maître d'enseignement,Sciences,7,6766,29,1,5
ENS200139,2015-2016,Casablanca-Settat,CAS,Benslimane,Rural,Féminin,Collégial,Professeur agrégé,Physique-Chimie,13,8805,20,1,0
ENS200140,2015-2016,Marrakech-Safi,MAR,Marrakech,Rural,Masculin,Primaire,Professeur certifié,SVT,28,6447,26,1,15
ENS200141,2019-2020,Marrakech-Safi,MAR,Safi,Rural,Masculin,Collégial,Professeur certifié,Éducation islamique,5,5526,25,1,0
ENS200142,2020-2021,Marrakech-Safi,MAR,Safi,Rural,Masculin,Collégial,Professeur certifié,Français,30,7872,28,1,5
ENS200143,2020-2021,Béni Mellal-Khénifra,BMK,Azilal,Urbain,Masculin,Primaire,Instituteur,Éducation physique,26,4778,24,1,2
ENS200144,2016-2017,Souss-Massa,SOU,Tata,Rural,Masculin,Primaire,Contractuel,Anglais,22,3305,23,0,5
ENS200145,2023-2024,Marrakech-Safi,MAR,Chichaoua,Urbain,Masculin,Primaire,Professeur agrégé,Éducation physique,32,7676,25,0,7
ENS200146,2019-2020,Drâa-Tafilalet,DRA,Errachidia,Rural,Féminin,Collégial,Maître d'enseignement,Philosophie,19,4554,19,0,1
ENS200147,2021-2022,Casablanca-Settat,CAS,Khouribga,Rural,Masculin,Collégial,Contractuel,Éducation islamique,4,5526,23,1,14
ENS200148,2015-2016,Marrakech-Safi,MAR,Safi,Urbain,Masculin,Collégial,Instituteur,Sciences,16,5998,29,0,24
ENS200149,2016-2017,Marrakech-Safi,MAR,Safi,Rural,Masculin,Collégial,Professeur certifié,Philosophie,29,6436,31,1,0
ENS200150,2017-2018,Rabat-Salé-Kénitra,RAB,Rabat,Rural,Masculin,Primaire,Contractuel,Histoire-Géo,29,5339,24,0,0
ENS200151,2021-2022,Guelmim-Oued Noun,GUE,Tan-Tan,Urbain,Masculin,Collégial,Contractuel,Arabe,9,4057,28,1,5
ENS200152,2019-2020,Tanger-Tétouan-Al Hoceïma,TAN,Chefchaouen,Rural,Masculin,Préscolaire,Instituteur,Éducation physique,15,3703,23,0,24
ENS200153,2022-2023,Tanger-Tétouan-Al Hoceïma,TAN,Tétouan,Rural,Féminin,Primaire,Professeur certifié,Éducation physique,2,5959,25,0,16
ENS200154,2016-2017,Fès-Meknès,FES,Taza,Rural,Masculin,Primaire,Contractuel,Anglais,19,4821,26,0,8
ENS200155,2019-2020,Fès-Meknès,FES,El Hajeb,Rural,Féminin,Qualifiant,Professeur certifié,Anglais,4,5752,23,0,7
ENS200156,2023-2024,Tanger-Tétouan-Al Hoceïma,TAN,Tanger-Assilah,Rural,Féminin,Collégial,Professeur certifié,Français,30,6915,30,0,22
ENS200157,2022-2023,Casablanca-Settat,CAS,El Jadida,Urbain,Masculin,Collégial,Professeur certifié,Français,9,5947,31,0,0
ENS200158,2019-2020,Béni Mellal-Khénifra,BMK,Fquih Ben Salah,Urbain,Masculin,Collégial,Vacataire,SVT,26,3078,31,1,0
ENS200159,2015-2016,Casablanca-Settat,CAS,Berrechid,Rural,Féminin,Primaire,Maître d'enseignement,Histoire-Géo,11,5849,18,0,11
ENS200160,2015-2016,Fès-Meknès,FES,Séfrou,Urbain,Masculin,Primaire,Maître d'enseignement,Histoire-Géo,5,6487,30,0,24
ENS200161,2020-2021,Casablanca-Settat,CAS,Sidi Bennour,Urbain,Masculin,Collégial,Maître d'enseignement,Physique-Chimie,2,5190,26,0,0
ENS200162,2019-2020,Marrakech-Safi,MAR,Safi,Urbain,Masculin,Primaire,Professeur agrégé,Anglais,17,7899,22,1,24
ENS200163,2016-2017,Casablanca-Settat,CAS,Berrechid,Urbain,Masculin,Qualifiant,Maître d'enseignement,Histoire-Géo,13,5217,24,1,20
ENS200164,2018-2019,Rabat-Salé-Kénitra,RAB,Rabat,Rural,Masculin,Qualifiant,Professeur certifié,Philosophie,18,6775,22,0,8
ENS200165,2015-2016,Fès-Meknès,FES,Meknès,Rural,Masculin,Collégial,Instituteur,Sciences,18,5389,29,1,0
ENS200166,2021-2022,Rabat-Salé-Kénitra,RAB,Skhirate-Témara,Rural,Masculin,Collégial,Instituteur,SVT,7,5384,25,1,8
ENS200167,2023-2024,Casablanca-Settat,CAS,Khouribga,Rural,Masculin,Primaire,Contractuel,Histoire-Géo,12,5069,26,0,0
ENS200168,2023-2024,Marrakech-Safi,MAR,Essaouira,Rural,Masculin,Collégial,Maître d'enseignement,Anglais,15,5560,18,1,0
ENS200169,2019-2020,Béni Mellal-Khénifra,BMK,Béni Mellal,Rural,Masculin,Primaire,Professeur certifié,Physique-Chimie,30,5101,24,1,6
ENS200170,2018-2019,Marrakech-Safi,MAR,Youssoufia,Urbain,Masculin,Primaire,Instituteur,Éducation physique,24,3260,20,0,2
ENS200171,2022-2023,Casablanca-Settat,CAS,Settat,Rural,Masculin,Primaire,Contractuel,Philosophie,4,3833,31,1,14
ENS200172,2015-2016,Guelmim-Oued Noun,GUE,Tan-Tan,Urbain,Masculin,Collégial,Instituteur,Éducation islamique,22,5741,23,0,7
ENS200173,2018-2019,Marrakech-Safi,MAR,El Kelaa des Sraghna,Urbain,Féminin,Qualifiant,Professeur certifié,Français,5,6870,22,0,6
ENS200174,2016-2017,Casablanca-Settat,CAS,Casablanca,Urbain,Féminin,Primaire,Professeur certifié,Physique-Chimie,2,7788,28,1,0
ENS200175,2022-2023,Rabat-Salé-Kénitra,RAB,Khémisset,Urbain,Masculin,Collégial,Maître d'enseignement,Arabe,6,5126,19,0,2
ENS200176,2016-2017,Casablanca-Settat,CAS,Benslimane,Rural,Masculin,Collégial,Maître d'enseignement,Histoire-Géo,28,5252,19,1,22
ENS200177,2019-2020,Fès-Meknès,FES,Taza,Urbain,Masculin,Qualifiant,Instituteur,Éducation islamique,32,4675,20,0,24
ENS200178,2018-2019,Casablanca-Settat,CAS,Mohammadia,Rural,Masculin,Primaire,Professeur agrégé,Sciences,28,8538,18,1,15
ENS200179,2016-2017,Fès-Meknès,FES,Moulay Yacoub,Rural,Masculin,Primaire,Vacataire,Sciences,22,3236,20,0,0
ENS200180,2020-2021,Béni Mellal-Khénifra,BMK,Azilal,Urbain,Masculin,Primaire,Professeur agrégé,Mathématiques,2,9687,19,1,0
ENS200181,2016-2017,Casablanca-Settat,CAS,Mohammadia,Rural,Féminin,Collégial,Vacataire,Mathématiques,1,2664,18,0,0
ENS200182,2020-2021,Casablanca-Settat,CAS,El Jadida,Urbain,Féminin,Collégial,Professeur certifié,Philosophie,24,5865,30,0,0
ENS200183,2020-2021,Marrakech-Safi,MAR,Essaouira,Urbain,Féminin,Primaire,Professeur certifié,Éducation physique,14,7483,28,1,13
ENS200184,2019-2020,Casablanca-Settat,CAS,Berrechid,Urbain,Masculin,Collégial,Instituteur,Français,20,5304,19,1,0
ENS200185,2022-2023,Tanger-Tétouan-Al Hoceïma,TAN,Tanger-Assilah,Urbain,Féminin,Collégial,Instituteur,Sciences,10,5315,30,1,2
ENS200186,2023-2024,Fès-Meknès,FES,Taounate,Rural,Masculin,Primaire,Instituteur,Français,29,4726,20,0,7
ENS200187,2020-2021,Guelmim-Oued Noun,GUE,Guelmim,Rural,Féminin,Primaire,Professeur certifié,Éducation physique,4,5246,24,0,24
ENS200188,2019-2020,Laâyoune-Sakia El Hamra,LAA,Tarfaya,Rural,Féminin,Collégial,Instituteur,Arabe,20,5076,19,0,0
ENS200189,2020-2021,Fès-Meknès,FES,Moulay Yacoub,Urbain,Masculin,Primaire,Professeur certifié,Français,24,6667,31,0,2
ENS200190,2021-2022,Souss-Massa,SOU,Tiznit,Urbain,Masculin,Collégial,Contractuel,SVT,4,3752,20,1,13
ENS200191,2022-2023,Souss-Massa,SOU,Inezgane-Ait Melloul,Rural,Masculin,Collégial,Instituteur,Mathématiques,4,5330,22,0,0
ENS200192,2021-2022,Fès-Meknès,FES,Meknès,Rural,Masculin,Primaire,Professeur certifié,Philosophie,29,6485,21,0,17
ENS200193,2019-2020,Marrakech-Safi,MAR,El Kelaa des Sraghna,Urbain,Féminin,Primaire,Professeur certifié,Éducation physique,19,6557,28,0,12
ENS200194,2023-2024,Casablanca-Settat,CAS,Mohammadia,Urbain,Féminin,Primaire,Instituteur,Éducation islamique,32,4702,25,1,11
ENS200195,2017-2018,Fès-Meknès,FES,Moulay Yacoub,Urbain,Masculin,Qualifiant,Professeur certifié,Physique-Chimie,32,6471,31,0,10
ENS200196,2019-2020,Rabat-Salé-Kénitra,RAB,Kénitra,Rural,Féminin,Primaire,Instituteur,Mathématiques,18,3759,21,1,7
ENS200197,2018-2019,Casablanca-Settat,CAS,Benslimane,Urbain,Féminin,Primaire,Instituteur,Anglais,30,4184,21,0,15
ENS200198,2023-2024,Drâa-Tafilalet,DRA,Tinghir,Urbain,Masculin,Primaire,Professeur certifié,Anglais,16,6765,30,0,23
ENS200199,2016-2017,Souss-Massa,SOU,Agadir-Ida-Ou-Tanane,Rural,Masculin,Collégial,Instituteur,Français,32,6720,23,0,16
ENS200200,2016-2017,Marrakech-Safi,MAR,Youssoufia,Rural,Masculin,Qualifiant,Professeur certifié,SVT,16,6535,21,0,0
ENS200201,2019-2020,Fès-Meknès,FES,Boulemane,Rural,Masculin,Préscolaire,Professeur certifié,Sciences,29,7002,31,0,0
ENS200202,2020-2021,Tanger-Tétouan-Al Hoceïma,TAN,Chefchaouen,Urbain,Masculin,Primaire,Instituteur,Arabe,15,6517,23,0,14
ENS200203,2016-2017,Souss-Massa,SOU,Tiznit,Rural,Masculin,Primaire,Professeur certifié,Sciences,6,6730,18,0,16
ENS200204,2019-2020,Oriental,ORI,Nador,Urbain,Masculin,Primaire,Professeur certifié,Éducation islamique,33,4981,19,1,13
ENS200205,2016-2017,Casablanca-Settat,CAS,Benslimane,Urbain,Masculin,Qualifiant,Professeur certifié,Éducation physique,2,6495,21,1,0
ENS200206,2016-2017,Drâa-Tafilalet,DRA,Midelt,Urbain,Féminin,Qualifiant,Maître d'enseignement,Histoire-Géo,6,6133,18,0,23
ENS200207,2023-2024,Casablanca-Settat,CAS,Berrechid,Urbain,Féminin,Primaire,Contractuel,Philosophie,31,2412,31,1,0
ENS200208,2017-2018,Casablanca-Settat,CAS,Benslimane,Rural,Masculin,Primaire,Maître d'enseignement,Éducation islamique,28,4436,20,1,23
ENS200209,2022-2023,Casablanca-Settat,CAS,Settat,Urbain,Féminin,Préscolaire,Instituteur,Physique-Chimie,20,4277,31,1,15
ENS200210,2022-2023,Oriental,ORI,Guercif,Rural,Féminin,Primaire,Professeur certifié,Français,16,6125,19,1,0
ENS200211,2017-2018,Casablanca-Settat,CAS,Sidi Bennour,Urbain,Féminin,Primaire,Professeur certifié,SVT,25,6987,20,0,15
ENS200212,2021-2022,Casablanca-Settat,CAS,Berrechid,Urbain,Masculin,Primaire,Maître d'enseignement,Physique-Chimie,5,4794,28,0,0
ENS200213,2016-2017,Fès-Meknès,FES,Taounate,Urbain,Masculin,Primaire,Vacataire,Philosophie,12,2523,30,1,24
ENS200214,2015-2016,Fès-Meknès,FES,Taza,Urbain,Féminin,Primaire,Maître d'enseignement,Éducation islamique,34,5150,20,0,4
ENS200215,2022-2023,Casablanca-Settat,CAS,Berrechid,Urbain,Féminin,Collégial,Professeur certifié,Anglais,27,6682,27,0,8
ENS200216,2016-2017,Tanger-Tétouan-Al Hoceïma,TAN,Tétouan,Urbain,Féminin,Collégial,Professeur certifié,Physique-Chimie,7,6049,24,0,0
ENS200217,2020-2021,Fès-Meknès,FES,El Hajeb,Urbain,Féminin,Primaire,Instituteur,Mathématiques,21,5679,19,0,0
ENS200218,2016-2017,Fès-Meknès,FES,El Hajeb,Urbain,Féminin,Collégial,Vacataire,Physique-Chimie,20,3186,28,1,0
ENS200219,2018-2019,Laâyoune-Sakia El Hamra,LAA,Es-Semara,Rural,Masculin,Qualifiant,Maître d'enseignement,Éducation physique,21,4660,26,0,6
ENS200220,2015-2016,Souss-Massa,SOU,Chtouka-Ait Baha,Rural,Masculin,Primaire,Professeur agrégé,Arabe,18,10010,28,1,3
ENS200221,2018-2019,Rabat-Salé-Kénitra,RAB,Khémisset,Rural,Masculin,Collégial,Professeur certifié,Français,2,6417,28,1,0
ENS200222,2016-2017,Tanger-Tétouan-Al Hoceïma,TAN,Tanger-Assilah,Urbain,Masculin,Qualifiant,Contractuel,Sciences,19,4413,18,1,13
ENS200223,2018-2019,Oriental,ORI,Berkane,Rural,Féminin,Primaire,Professeur certifié,Anglais,29,7155,26,0,23
ENS200224,2019-2020,Tanger-Tétouan-Al Hoceïma,TAN,Tétouan,Urbain,Masculin,Primaire,Maître d'enseignement,Français,17,5394,28,0,20
ENS200225,2015-2016,Fès-Meknès,FES,Ifrane,Rural,Masculin,Collégial,Contractuel,Éducation islamique,10,4146,30,1,0
ENS200226,2018-2019,Marrakech-Safi,MAR,Essaouira,Rural,Féminin,Collégial,Professeur certifié,Philosophie,6,6177,25,0,14
ENS200227,2018-2019,Casablanca-Settat,CAS,El Jadida,Rural,Féminin,Primaire,Professeur certifié,Éducation islamique,23,7190,31,0,8
ENS200228,2019-2020,Casablanca-Settat,CAS,Casablanca,Urbain,Masculin,Primaire,Contractuel,SVT,27,3945,27,1,11
ENS200229,2017-2018,Marrakech-Safi,MAR,Youssoufia,Urbain,Masculin,Qualifiant,Professeur certifié,Éducation islamique,28,6817,30,1,0
ENS200230,2019-2020,Tanger-Tétouan-Al Hoceïma,TAN,Ouazzane,Urbain,Masculin,Préscolaire,Maître d'enseignement,Éducation islamique,27,4390,27,0,10
ENS200231,2021-2022,Marrakech-Safi,MAR,El Kelaa des Sraghna,Rural,Masculin,Qualifiant,Maître d'enseignement,SVT,15,5047,27,1,21
ENS200232,2019-2020,Béni Mellal-Khénifra,BMK,Khouribga,Rural,Masculin,Primaire,Professeur certifié,Éducation islamique,22,5662,20,0,3
ENS200233,2015-2016,Casablanca-Settat,CAS,Benslimane,Rural,Masculin,Primaire,Professeur certifié,Sciences,26,5516,21,0,4
ENS200234,2019-2020,Tanger-Tétouan-Al Hoceïma,TAN,Tanger-Assilah,Rural,Féminin,Primaire,Maître d'enseignement,Éducation physique,25,5614,18,1,3
ENS200235,2021-2022,Rabat-Salé-Kénitra,RAB,Kénitra,Urbain,Masculin,Collégial,Professeur certifié,Arabe,6,7214,19,1,12
ENS200236,2017-2018,Tanger-Tétouan-Al Hoceïma,TAN,Tétouan,Rural,Féminin,Primaire,Professeur agrégé,Arabe,2,8284,22,0,0
ENS200237,2018-2019,Béni Mellal-Khénifra,BMK,Béni Mellal,Rural,Masculin,Qualifiant,Maître d'enseignement,Histoire-Géo,23,4982,28,1,3
ENS200238,2020-2021,Tanger-Tétouan-Al Hoceïma,TAN,Ouazzane,Urbain,Féminin,Primaire,Maître d'enseignement,Sciences,26,5855,18,0,21
ENS200239,2018-2019,Marrakech-Safi,MAR,Marrakech,Rural,Féminin,Primaire,Maître d'enseignement,Français,18,5216,22,0,23
ENS200240,2016-2017,Tanger-Tétouan-Al Hoceïma,TAN,Mdiq-Fnideq,Urbain,Masculin,Qualifiant,Professeur agrégé,Éducation islamique,27,9075,27,1,0
ENS200241,2015-2016,Oriental,ORI,Oujda-Angad,Rural,Féminin,Qualifiant,Maître d'enseignement,Arabe,34,4859,30,1,0
ENS200242,2015-2016,Tanger-Tétouan-Al Hoceïma,TAN,Fahs-Anjra,Rural,Masculin,Primaire,Professeur certifié,Éducation islamique,16,5232,20,1,21
ENS200243,2015-2016,Tanger-Tétouan-Al Hoceïma,TAN,Mdiq-Fnideq,Urbain,Masculin,Primaire,Instituteur,SVT,13,3706,26,1,11
ENS200244,2015-2016,Casablanca-Settat,CAS,Settat,Urbain,Féminin,Primaire,Professeur certifié,Physique-Chimie,24,6305,27,1,1
ENS200245,2015-2016,Casablanca-Settat,CAS,Benslimane,Urbain,Féminin,Primaire,Professeur certifié,Français,30,6123,26,0,24
ENS200246,2015-2016,Fès-Meknès,FES,El Hajeb,Rural,Féminin,Primaire,Professeur certifié,Philosophie,21,6047,22,0,7
ENS200247,2015-2016,Drâa-Tafilalet,DRA,Ouarzazate,Urbain,Féminin,Primaire,Maître d'enseignement,Physique-Chimie,11,5250,19,1,18
ENS200248,2017-2018,Fès-Meknès,FES,Taza,Rural,Masculin,Collégial,Instituteur,Sciences,9,5471,26,0,0
ENS200249,2021-2022,Fès-Meknès,FES,Ifrane,Rural,Féminin,Collégial,Professeur certifié,Philosophie,27,6377,31,1,1
ENS200250,2017-2018,Fès-Meknès,FES,Meknès,Urbain,Masculin,Primaire,Instituteur,Histoire-Géo,8,6339,22,0,2
ENS200251,2019-2020,Marrakech-Safi,MAR,Al Haouz,Rural,Masculin,Primaire,Instituteur,Physique-Chimie,2,4965,28,1,12
ENS200252,2020-2021,Casablanca-Settat,CAS,Berrechid,Urbain,Féminin,Collégial,Instituteur,SVT,3,4127,23,0,13
ENS200253,2016-2017,Marrakech-Safi,MAR,El Kelaa des Sraghna,Urbain,Féminin,Primaire,Instituteur,Français,2,4567,26,1,7
ENS200254,2022-2023,Oriental,ORI,Figuig,Rural,Masculin,Primaire,Professeur certifié,Mathématiques,8,7412,25,1,8
ENS200255,2022-2023,Casablanca-Settat,CAS,Casablanca,Urbain,Masculin,Primaire,Contractuel,Anglais,20,5706,22,1,0
ENS200256,2021-2022,Casablanca-Settat,CAS,Benslimane,Rural,Masculin,Qualifiant,Instituteur,Histoire-Géo,31,5099,26,1,10
ENS200257,2017-2018,Casablanca-Settat,CAS,Sidi Bennour,Urbain,Masculin,Primaire,Instituteur,Histoire-Géo,34,4938,22,0,24
ENS200258,2016-2017,Laâyoune-Sakia El Hamra,LAA,Laâyoune,Urbain,Féminin,Qualifiant,Professeur certifié,Sciences,33,6346,31,1,22
ENS200259,2020-2021,Fès-Meknès,FES,Fès,Urbain,Féminin,Collégial,Vacataire,Mathématiques,7,3606,21,1,23
ENS200260,2015-2016,Casablanca-Settat,CAS,Casablanca,Urbain,Masculin,Primaire,Instituteur,Arabe,29,4509,18,1,0
ENS200261,2016-2017,Casablanca-Settat,CAS,Berrechid,Urbain,Masculin,Primaire,Instituteur,Physique-Chimie,15,5440,24,1,0
ENS200262,2017-2018,Casablanca-Settat,CAS,El Jadida,Rural,Masculin,Collégial,Contractuel,Français,18,3704,19,0,12
ENS200263,2023-2024,Tanger-Tétouan-Al Hoceïma,TAN,Larache,Urbain,Masculin,Primaire,Professeur certifié,Sciences,7,6057,20,0,9
ENS200264,2022-2023,Marrakech-Safi,MAR,Al Haouz,Urbain,Féminin,Primaire,Contractuel,Histoire-Géo,11,4200,31,1,5
ENS200265,2019-2020,Tanger-Tétouan-Al Hoceïma,TAN,Larache,Rural,Masculin,Qualifiant,Professeur certifié,Anglais,2,7934,30,0,9
ENS200266,2022-2023,Fès-Meknès,FES,Ifrane,Rural,Féminin,Primaire,Instituteur,Philosophie,29,3652,29,0,21
ENS200267,2016-2017,Marrakech-Safi,MAR,Marrakech,Rural,Masculin,Qualifiant,Professeur certifié,SVT,23,6799,18,0,21
ENS200268,2017-2018,Casablanca-Settat,CAS,Berrechid,Urbain,Masculin,Primaire,Instituteur,Histoire-Géo,4,4594,31,1,3
ENS200269,2015-2016,Casablanca-Settat,CAS,Benslimane,Urbain,Féminin,Collégial,Instituteur,Éducation islamique,30,4530,20,1,12
ENS200270,2019-2020,Fès-Meknès,FES,Taza,Rural,Masculin,Primaire,Contractuel,Histoire-Géo,3,4275,31,1,12
ENS200271,2017-2018,Marrakech-Safi,MAR,Essaouira,Rural,Féminin,Primaire,Professeur certifié,Éducation physique,27,6978,25,1,23
ENS200272,2020-2021,Casablanca-Settat,CAS,Berrechid,Urbain,Féminin,Préscolaire,Instituteur,SVT,33,3559,31,0,18
ENS200273,2022-2023,Rabat-Salé-Kénitra,RAB,Khémisset,Rural,Masculin,Collégial,Professeur certifié,Sciences,31,6336,23,1,9
ENS200274,2022-2023,Fès-Meknès,FES,Taounate,Urbain,Masculin,Primaire,Instituteur,Histoire-Géo,26,4737,29,0,0
ENS200275,2023-2024,Oriental,ORI,Guercif,Rural,Féminin,Qualifiant,Instituteur,Philosophie,27,4747,30,1,1
ENS200276,2023-2024,Oriental,ORI,Guercif,Urbain,Masculin,Primaire,Instituteur,Éducation physique,1,4578,29,1,0
ENS200277,2018-2019,Rabat-Salé-Kénitra,RAB,Skhirate-Témara,Rural,Masculin,Primaire,Maître d'enseignement,Mathématiques,29,5387,30,0,18
ENS200278,2019-2020,Rabat-Salé-Kénitra,RAB,Skhirate-Témara,Urbain,Féminin,Préscolaire,Instituteur,Sciences,13,5013,29,0,20
ENS200279,2020-2021,Rabat-Salé-Kénitra,RAB,Rabat,Urbain,Masculin,Primaire,Professeur certifié,Éducation physique,18,5527,18,1,16
ENS200280,2023-2024,Guelmim-Oued Noun,GUE,Tan-Tan,Urbain,Masculin,Collégial,Professeur agrégé,Sciences,17,8496,23,0,5
ENS200281,2018-2019,Casablanca-Settat,CAS,Benslimane,Urbain,Féminin,Primaire,Professeur certifié,Sciences,23,7862,18,1,0
ENS200282,2017-2018,Souss-Massa,SOU,Chtouka-Ait Baha,Rural,Masculin,Primaire,Contractuel,Philosophie,18,5527,18,0,8
ENS200283,2020-2021,Tanger-Tétouan-Al Hoceïma,TAN,Al Hoceïma,Urbain,Masculin,Primaire,Maître d'enseignement,Français,15,5060,27,0,15
ENS200284,2017-2018,Fès-Meknès,FES,Fès,Rural,Masculin,Primaire,Contractuel,Anglais,15,3858,23,1,0
ENS200285,2019-2020,Casablanca-Settat,CAS,Berrechid,Rural,Féminin,Primaire,Professeur certifié,Physique-Chimie,12,6128,18,0,0
ENS200286,2020-2021,Marrakech-Safi,MAR,El Kelaa des Sraghna,Rural,Féminin,Qualifiant,Maître d'enseignement,Éducation physique,33,4980,26,1,23
ENS200287,2022-2023,Béni Mellal-Khénifra,BMK,Azilal,Rural,Masculin,Primaire,Instituteur,Français,22,4611,21,0,10
ENS200288,2018-2019,Oriental,ORI,Figuig,Urbain,Masculin,Primaire,Maître d'enseignement,Physique-Chimie,1,5593,31,0,18
ENS200289,2020-2021,Marrakech-Safi,MAR,Chichaoua,Rural,Masculin,Primaire,Professeur agrégé,Arabe,17,8334,22,0,0
ENS200290,2015-2016,Fès-Meknès,FES,Moulay Yacoub,Urbain,Féminin,Primaire,Professeur agrégé,Sciences,16,8574,21,1,0
ENS200291,2018-2019,Casablanca-Settat,CAS,Khouribga,Rural,Masculin,Primaire,Instituteur,Éducation islamique,18,3865,19,1,13
ENS200292,2017-2018,Casablanca-Settat,CAS,Casablanca,Rural,Masculin,Qualifiant,Instituteur,SVT,20,4547,18,0,0
ENS200293,2015-2016,Béni Mellal-Khénifra,BMK,El Kelaa des Sraghna,Rural,Féminin,Qualifiant,Professeur certifié,Anglais,4,6323,30,0,11
ENS200294,2018-2019,Casablanca-Settat,CAS,Sidi Bennour,Urbain,Féminin,Primaire,Contractuel,Français,30,5883,26,0,5
ENS200295,2020-2021,Fès-Meknès,FES,Séfrou,Urbain,Féminin,Qualifiant,Instituteur,SVT,27,5277,21,0,8
ENS200296,2018-2019,Béni Mellal-Khénifra,BMK,Fquih Ben Salah,Rural,Masculin,Qualifiant,Vacataire,Éducation islamique,5,2977,31,1,13
ENS200297,2021-2022,Tanger-Tétouan-Al Hoceïma,TAN,Fahs-Anjra,Rural,Masculin,Collégial,Professeur certifié,Arabe,12,6946,31,0,2
ENS200298,2016-2017,Rabat-Salé-Kénitra,RAB,Salé,Urbain,Féminin,Primaire,Professeur certifié,Philosophie,16,6032,23,0,23
ENS200299,2015-2016,Marrakech-Safi,MAR,Youssoufia,Urbain,Masculin,Primaire,Contractuel,Éducation physique,27,4488,27,1,0
ENS200300,2017-2018,Oriental,ORI,Oujda-Angad,Urbain,Féminin,Collégial,Professeur certifié,Mathématiques,12,7236,25,1,17
ENS200301,2022-2023,Béni Mellal-Khénifra,BMK,Azilal,Rural,Féminin,Primaire,Vacataire,SVT,6,3546,28,0,9
ENS200302,2017-2018,Souss-Massa,SOU,Inezgane-Ait Melloul,Rural,Masculin,Primaire,Contractuel,Mathématiques,3,4111,19,0,20
ENS200303,2015-2016,Béni Mellal-Khénifra,BMK,Khouribga,Urbain,Masculin,Primaire,Professeur certifié,Physique-Chimie,11,6805,18,0,21
ENS200304,2023-2024,Marrakech-Safi,MAR,Youssoufia,Urbain,Masculin,Qualifiant,Instituteur,Éducation islamique,31,4598,31,0,0
ENS200305,2020-2021,Casablanca-Settat,CAS,Khouribga,Rural,Féminin,Qualifiant,Instituteur,SVT,29,4553,27,1,21
ENS200306,2015-2016,Béni Mellal-Khénifra,BMK,Fquih Ben Salah,Rural,Masculin,Primaire,Contractuel,Sciences,33,2648,27,0,14
ENS200307,2016-2017,Oriental,ORI,Guercif,Urbain,Féminin,Primaire,Professeur certifié,Éducation islamique,14,6406,20,0,22
ENS200308,2022-2023,Tanger-Tétouan-Al Hoceïma,TAN,Mdiq-Fnideq,Urbain,Masculin,Collégial,Professeur certifié,SVT,18,6478,19,0,21
ENS200309,2015-2016,Rabat-Salé-Kénitra,RAB,Khémisset,Urbain,Masculin,Primaire,Professeur certifié,SVT,2,5744,22,1,0
ENS200310,2017-2018,Casablanca-Settat,CAS,El Jadida,Urbain,Masculin,Qualifiant,Vacataire,SVT,18,4201,18,0,8
ENS200311,2018-2019,Oriental,ORI,Nador,Urbain,Masculin,Primaire,Contractuel,Sciences,19,5008,18,0,5
ENS200312,2019-2020,Casablanca-Settat,CAS,Benslimane,Urbain,Féminin,Qualifiant,Professeur certifié,Éducation physique,19,7327,29,1,21
ENS200313,2020-2021,Casablanca-Settat,CAS,Khouribga,Rural,Féminin,Primaire,Instituteur,Histoire-Géo,3,4586,19,0,18
ENS200314,2020-2021,Casablanca-Settat,CAS,Berrechid,Urbain,Masculin,Primaire,Professeur certifié,SVT,34,6450,25,1,24
ENS200315,2023-2024,Tanger-Tétouan-Al Hoceïma,TAN,Tanger-Assilah,Urbain,Masculin,Qualifiant,Professeur certifié,Philosophie,17,5646,25,0,22
ENS200316,2016-2017,Marrakech-Safi,MAR,Marrakech,Rural,Féminin,Collégial,Instituteur,Arabe,24,5892,31,0,0
ENS200317,2023-2024,Fès-Meknès,FES,Taza,Rural,Féminin,Primaire,Professeur agrégé,Philosophie,9,8924,30,0,11
ENS200318,2017-2018,Marrakech-Safi,MAR,Essaouira,Urbain,Masculin,Primaire,Contractuel,Sciences,10,4358,19,1,0
ENS200319,2016-2017,Béni Mellal-Khénifra,BMK,Fquih Ben Salah,Urbain,Masculin,Primaire,Maître d'enseignement,Éducation physique,30,5848,27,0,24
ENS200320,2020-2021,Casablanca-Settat,CAS,Khouribga,Urbain,Masculin,Qualifiant,Instituteur,Physique-Chimie,16,5344,20,1,0
ENS200321,2017-2018,Fès-Meknès,FES,Boulemane,Urbain,Masculin,Primaire,Contractuel,Éducation physique,26,4685,29,0,0
ENS200322,2022-2023,Drâa-Tafilalet,DRA,Errachidia,Rural,Féminin,Préscolaire,Maître d'enseignement,Éducation islamique,17,5377,23,0,12
ENS200323,2016-2017,Rabat-Salé-Kénitra,RAB,Rabat,Urbain,Féminin,Préscolaire,Contractuel,SVT,4,5613,23,0,7
ENS200324,2019-2020,Marrakech-Safi,MAR,Essaouira,Urbain,Masculin,Collégial,Contractuel,Physique-Chimie,19,3999,18,1,0
ENS200325,2018-2019,Tanger-Tétouan-Al Hoceïma,TAN,Mdiq-Fnideq,Urbain,Masculin,Primaire,Instituteur,Éducation islamique,21,4648,25,0,3
ENS200326,2017-2018,Fès-Meknès,FES,Ifrane,Rural,Masculin,Primaire,Instituteur,Physique-Chimie,26,5792,29,1,0
ENS200327,2020-2021,Béni Mellal-Khénifra,BMK,Khouribga,Rural,Féminin,Collégial,Contractuel,Mathématiques,1,4364,26,0,0
ENS200328,2022-2023,Fès-Meknès,FES,Meknès,Urbain,Masculin,Primaire,Maître d'enseignement,SVT,27,6225,25,0,11
ENS200329,2018-2019,Rabat-Salé-Kénitra,RAB,Salé,Urbain,Masculin,Primaire,Professeur certifié,SVT,19,5732,22,1,13
ENS200330,2022-2023,Rabat-Salé-Kénitra,RAB,Salé,Urbain,Masculin,Qualifiant,Professeur certifié,Sciences,26,6230,29,0,18
ENS200331,2017-2018,Fès-Meknès,FES,Séfrou,Urbain,Féminin,Qualifiant,Professeur certifié,Sciences,29,6258,30,0,10
ENS200332,2018-2019,Fès-Meknès,FES,Ifrane,Urbain,Masculin,Primaire,Professeur agrégé,Français,6,7161,21,0,6
ENS200333,2018-2019,Drâa-Tafilalet,DRA,Midelt,Rural,Féminin,Primaire,Instituteur,Physique-Chimie,22,4824,29,0,0
ENS200334,2016-2017,Casablanca-Settat,CAS,Benslimane,Rural,Masculin,Collégial,Professeur certifié,SVT,3,6505,20,1,5
ENS200335,2021-2022,Souss-Massa,SOU,Taroudannt,Rural,Masculin,Primaire,Instituteur,Anglais,1,5494,21,1,0
ENS200336,2023-2024,Souss-Massa,SOU,Tata,Urbain,Masculin,Primaire,Maître d'enseignement,Éducation islamique,34,6120,31,1,0
ENS200337,2015-2016,Souss-Massa,SOU,Tata,Rural,Féminin,Primaire,Instituteur,Histoire-Géo,4,6291,19,0,13
ENS200338,2017-2018,Rabat-Salé-Kénitra,RAB,Skhirate-Témara,Rural,Féminin,Collégial,Professeur certifié,Philosophie,19,7656,24,0,15
ENS200339,2021-2022,Rabat-Salé-Kénitra,RAB,Kénitra,Urbain,Masculin,Primaire,Instituteur,Histoire-Géo,3,4577,31,1,0
ENS200340,2019-2020,Marrakech-Safi,MAR,Chichaoua,Rural,Masculin,Primaire,Maître d'enseignement,Français,1,5155,23,1,5
ENS200341,2023-2024,Tanger-Tétouan-Al Hoceïma,TAN,Al Hoceïma,Rural,Féminin,Primaire,Contractuel,Arabe,1,4824,28,0,22
ENS200342,2023-2024,Béni Mellal-Khénifra,BMK,Fquih Ben Salah,Urbain,Masculin,Primaire,Instituteur,Éducation islamique,5,4832,27,0,24
ENS200343,2023-2024,Marrakech-Safi,MAR,Al Haouz,Urbain,Masculin,Collégial,Instituteur,Français,34,4611,27,0,13
ENS200344,2022-2023,Marrakech-Safi,MAR,Marrakech,Rural,Masculin,Primaire,Professeur certifié,Éducation physique,5,7214,19,1,4
ENS200345,2015-2016,Fès-Meknès,FES,Taza,Urbain,Masculin,Primaire,Professeur agrégé,Sciences,15,8683,28,0,1
ENS200346,2017-2018,Oriental,ORI,Oujda-Angad,Urbain,Masculin,Primaire,Maître d'enseignement,Éducation islamique,24,5438,28,1,0
ENS200347,2015-2016,Casablanca-Settat,CAS,Mohammadia,Rural,Masculin,Primaire,Professeur certifié,Sciences,3,5558,22,0,9
ENS200348,2019-2020,Tanger-Tétouan-Al Hoceïma,TAN,Tétouan,Urbain,Féminin,Préscolaire,Professeur certifié,SVT,26,5992,27,0,17
ENS200349,2022-2023,Souss-Massa,SOU,Inezgane-Ait Melloul,Urbain,Masculin,Collégial,Contractuel,Éducation physique,22,4707,31,1,0
ENS200350,2023-2024,Casablanca-Settat,CAS,Berrechid,Urbain,Masculin,Primaire,Professeur certifié,Éducation physique,32,5799,24,1,18
ENS200351,2020-2021,Marrakech-Safi,MAR,Essaouira,Rural,Masculin,Primaire,Maître d'enseignement,Arabe,33,4720,31,0,19
ENS200352,2022-2023,Souss-Massa,SOU,Agadir-Ida-Ou-Tanane,Urbain,Masculin,Primaire,Professeur agrégé,Physique-Chimie,27,9153,28,1,0
ENS200353,2017-2018,Oriental,ORI,Berkane,Rural,Masculin,Primaire,Vacataire,SVT,7,2412,31,0,18
ENS200354,2017-2018,Drâa-Tafilalet,DRA,Zagora,Urbain,Masculin,Qualifiant,Professeur certifié,SVT,26,6586,24,1,6
ENS200355,2023-2024,Béni Mellal-Khénifra,BMK,El Kelaa des Sraghna,Rural,Masculin,Qualifiant,Maître d'enseignement,Éducation physique,31,6295,24,1,0
ENS200356,2016-2017,Rabat-Salé-Kénitra,RAB,Khémisset,Urbain,Masculin,Collégial,Maître d'enseignement,Philosophie,33,5815,25,1,13
ENS200357,2023-2024,Tanger-Tétouan-Al Hoceïma,TAN,Larache,Rural,Masculin,Collégial,Professeur agrégé,Philosophie,4,9229,19,1,0
ENS200358,2023-2024,Drâa-Tafilalet,DRA,Tinghir,Rural,Féminin,Primaire,Instituteur,Français,6,4751,29,0,2
ENS200359,2016-2017,Marrakech-Safi,MAR,Youssoufia,Urbain,Féminin,Primaire,Instituteur,Français,27,3320,30,0,13
ENS200360,2020-2021,Marrakech-Safi,MAR,Al Haouz,Urbain,Masculin,Collégial,Instituteur,Mathématiques,11,5109,21,1,0
ENS200361,2023-2024,Souss-Massa,SOU,Tata,Urbain,Masculin,Primaire,Maître d'enseignement,Physique-Chimie,21,5851,29,1,18
ENS200362,2017-2018,Casablanca-Settat,CAS,Benslimane,Urbain,Féminin,Primaire,Professeur certifié,Physique-Chimie,32,7326,24,1,18
ENS200363,2023-2024,Drâa-Tafilalet,DRA,Errachidia,Urbain,Féminin,Collégial,Contractuel,Éducation physique,21,3886,30,0,6
ENS200364,2020-2021,Casablanca-Settat,CAS,Casablanca,Urbain,Féminin,Qualifiant,Instituteur,Sciences,25,4714,23,1,0
ENS200365,2016-2017,Casablanca-Settat,CAS,Casablanca,Rural,Féminin,Primaire,Professeur certifié,Arabe,17,7075,25,0,24
ENS200366,2018-2019,Casablanca-Settat,CAS,Mohammadia,Rural,Féminin,Primaire,Maître d'enseignement,SVT,11,6161,26,0,0
ENS200367,2018-2019,Oriental,ORI,Driouch,Rural,Masculin,Collégial,Professeur certifié,Anglais,26,6455,23,0,7
ENS200368,2016-2017,Tanger-Tétouan-Al Hoceïma,TAN,Mdiq-Fnideq,Urbain,Féminin,Primaire,Professeur certifié,Histoire-Géo,34,7421,27,1,21
ENS200369,2020-2021,Oriental,ORI,Driouch,Urbain,Masculin,Primaire,Maître d'enseignement,Sciences,2,5196,27,0,12
ENS200370,2021-2022,Rabat-Salé-Kénitra,RAB,Sidi Slimane,Urbain,Masculin,Primaire,Instituteur,Mathématiques,8,3890,24,1,6
ENS200371,2017-2018,Casablanca-Settat,CAS,Sidi Bennour,Urbain,Masculin,Qualifiant,Instituteur,Mathématiques,5,5466,24,1,3
ENS200372,2021-2022,Fès-Meknès,FES,Taounate,Urbain,Féminin,Primaire,Maître d'enseignement,Anglais,16,5458,18,0,24
ENS200373,2016-2017,Béni Mellal-Khénifra,BMK,Khouribga,Urbain,Masculin,Collégial,Professeur certifié,SVT,29,6943,18,1,9
ENS200374,2019-2020,Rabat-Salé-Kénitra,RAB,Salé,Urbain,Féminin,Primaire,Contractuel,Physique-Chimie,27,4429,30,0,10
ENS200375,2018-2019,Tanger-Tétouan-Al Hoceïma,TAN,Tétouan,Urbain,Masculin,Primaire,Professeur certifié,Éducation islamique,20,6371,19,1,17
ENS200376,2015-2016,Casablanca-Settat,CAS,El Jadida,Urbain,Masculin,Primaire,Vacataire,Sciences,30,3394,24,0,22
ENS200377,2020-2021,Marrakech-Safi,MAR,Al Haouz,Urbain,Masculin,Collégial,Professeur agrégé,Mathématiques,3,9205,20,0,2
ENS200378,2023-2024,Rabat-Salé-Kénitra,RAB,Sidi Kacem,Urbain,Masculin,Primaire,Professeur certifié,Sciences,21,6765,28,0,3
ENS200379,2016-2017,Casablanca-Settat,CAS,Khouribga,Rural,Masculin,Primaire,Contractuel,Arabe,17,4533,26,0,0
ENS200380,2021-2022,Marrakech-Safi,MAR,Chichaoua,Urbain,Féminin,Primaire,Professeur agrégé,Sciences,20,8646,25,1,24
ENS200381,2023-2024,Béni Mellal-Khénifra,BMK,Béni Mellal,Urbain,Masculin,Primaire,Instituteur,Anglais,27,5634,22,1,2
ENS200382,2015-2016,Fès-Meknès,FES,Séfrou,Urbain,Féminin,Primaire,Instituteur,Arabe,21,4963,22,0,10
ENS200383,2019-2020,Oriental,ORI,Driouch,Urbain,Masculin,Primaire,Professeur certifié,Histoire-Géo,11,6940,29,0,12
ENS200384,2017-2018,Casablanca-Settat,CAS,El Jadida,Urbain,Masculin,Primaire,Contractuel,Mathématiques,21,4915,21,1,19
ENS200385,2020-2021,Drâa-Tafilalet,DRA,Midelt,Rural,Féminin,Collégial,Instituteur,Physique-Chimie,8,4899,30,0,22
ENS200386,2022-2023,Marrakech-Safi,MAR,Youssoufia,Rural,Féminin,Primaire,Professeur certifié,Philosophie,28,6079,30,1,0
ENS200387,2015-2016,Casablanca-Settat,CAS,Berrechid,Urbain,Féminin,Primaire,Contractuel,SVT,14,4611,23,1,19
ENS200388,2023-2024,Tanger-Tétouan-Al Hoceïma,TAN,Al Hoceïma,Urbain,Masculin,Primaire,Instituteur,Éducation islamique,8,5052,28,1,0
ENS200389,2015-2016,Marrakech-Safi,MAR,Essaouira,Urbain,Masculin,Primaire,Vacataire,Philosophie,15,2229,27,1,2
ENS200390,2022-2023,Marrakech-Safi,MAR,Youssoufia,Urbain,Masculin,Primaire,Professeur certifié,Physique-Chimie,7,5989,24,0,0
ENS200391,2018-2019,Casablanca-Settat,CAS,Benslimane,Urbain,Masculin,Primaire,Maître d'enseignement,Français,25,5582,31,1,11
ENS200392,2022-2023,Fès-Meknès,FES,Meknès,Rural,Féminin,Primaire,Professeur certifié,SVT,7,5930,23,1,1
ENS200393,2016-2017,Rabat-Salé-Kénitra,RAB,Salé,Rural,Féminin,Qualifiant,Contractuel,SVT,6,4166,28,0,4
ENS200394,2016-2017,Fès-Meknès,FES,Meknès,Rural,Masculin,Collégial,Contractuel,Anglais,18,4101,21,1,0
ENS200395,2022-2023,Fès-Meknès,FES,Ifrane,Rural,Féminin,Collégial,Professeur agrégé,Éducation islamique,19,8225,27,0,22
ENS200396,2017-2018,Rabat-Salé-Kénitra,RAB,Rabat,Urbain,Féminin,Collégial,Instituteur,SVT,34,5110,30,1,0
ENS200397,2021-2022,Casablanca-Settat,CAS,Settat,Urbain,Féminin,Qualifiant,Professeur certifié,Histoire-Géo,3,6045,24,0,4
ENS200398,2015-2016,Casablanca-Settat,CAS,Berrechid,Rural,Féminin,Préscolaire,Contractuel,SVT,14,4983,25,0,4
ENS200399,2022-2023,Béni Mellal-Khénifra,BMK,Khouribga,Rural,Masculin,Primaire,Professeur certifié,Histoire-Géo,19,6633,21,1,0
ENS200400,2018-2019,Drâa-Tafilalet,DRA,Midelt,Rural,Féminin,Primaire,Contractuel,Sciences,14,3195,30,1,16
ENS200401,2018-2019,Casablanca-Settat,CAS,Khouribga,Urbain,Féminin,Primaire,Professeur certifié,Mathématiques,8,5702,22,1,5
ENS200402,2020-2021,Oriental,ORI,Taourirt,Rural,Masculin,Qualifiant,Professeur certifié,Histoire-Géo,15,6996,19,0,15
ENS200403,2017-2018,Casablanca-Settat,CAS,Benslimane,Rural,Féminin,Primaire,Instituteur,Anglais,30,5192,22,1,18
ENS200404,2019-2020,Béni Mellal-Khénifra,BMK,Fquih Ben Salah,Urbain,Masculin,Primaire,Professeur certifié,Français,13,6669,23,1,0
ENS200405,2015-2016,Souss-Massa,SOU,Tata,Urbain,Masculin,Primaire,Instituteur,Sciences,4,4621,22,0,23
ENS200406,2020-2021,Casablanca-Settat,CAS,Benslimane,Urbain,Masculin,Collégial,Professeur certifié,Éducation islamique,31,6628,31,1,0
ENS200407,2019-2020,Drâa-Tafilalet,DRA,Tinghir,Rural,Féminin,Primaire,Maître d'enseignement,Physique-Chimie,17,4083,27,1,4
ENS200408,2015-2016,Marrakech-Safi,MAR,Marrakech,Urbain,Féminin,Primaire,Professeur agrégé,Éducation islamique,29,7198,22,1,22
ENS200409,2023-2024,Rabat-Salé-Kénitra,RAB,Skhirate-Témara,Rural,Féminin,Qualifiant,Professeur agrégé,Histoire-Géo,19,7366,24,0,3
ENS200410,2020-2021,Souss-Massa,SOU,Tiznit,Urbain,Masculin,Collégial,Contractuel,Philosophie,25,3488,27,0,0
ENS200411,2021-2022,Casablanca-Settat,CAS,Khouribga,Urbain,Féminin,Primaire,Maître d'enseignement,Éducation islamique,4,4439,30,0,0
ENS200412,2023-2024,Fès-Meknès,FES,Ifrane,Urbain,Féminin,Collégial,Professeur certifié,Éducation islamique,32,6679,31,1,2
ENS200413,2019-2020,Casablanca-Settat,CAS,Khouribga,Urbain,Masculin,Primaire,Maître d'enseignement,Anglais,13,4571,29,0,0
ENS200414,2017-2018,Rabat-Salé-Kénitra,RAB,Kénitra,Urbain,Masculin,Primaire,Maître d'enseignement,Éducation physique,12,4814,29,0,0
ENS200415,2017-2018,Oriental,ORI,Nador,Rural,Féminin,Qualifiant,Maître d'enseignement,Sciences,2,5060,20,1,0
ENS200416,2018-2019,Béni Mellal-Khénifra,BMK,Fquih Ben Salah,Rural,Féminin,Primaire,Instituteur,Français,26,3603,30,0,11
ENS200417,2021-2022,Tanger-Tétouan-Al Hoceïma,TAN,Al Hoceïma,Rural,Féminin,Collégial,Contractuel,SVT,11,4608,24,1,8
ENS200418,2020-2021,Souss-Massa,SOU,Agadir-Ida-Ou-Tanane,Urbain,Masculin,Primaire,Contractuel,Éducation islamique,1,3437,18,0,16
ENS200419,2022-2023,Drâa-Tafilalet,DRA,Tinghir,Urbain,Masculin,Primaire,Instituteur,Français,21,4663,18,1,8
ENS200420,2023-2024,Casablanca-Settat,CAS,Settat,Rural,Masculin,Primaire,Instituteur,Sciences,6,4323,26,1,0
ENS200421,2021-2022,Marrakech-Safi,MAR,Al Haouz,Urbain,Féminin,Collégial,Contractuel,SVT,10,4875,28,0,14
ENS200422,2020-2021,Fès-Meknès,FES,El Hajeb,Urbain,Masculin,Primaire,Professeur certifié,Sciences,7,6877,27,1,0
ENS200423,2021-2022,Fès-Meknès,FES,Séfrou,Rural,Masculin,Qualifiant,Contractuel,Arabe,29,3536,22,0,13
ENS200424,2020-2021,Drâa-Tafilalet,DRA,Zagora,Urbain,Masculin,Collégial,Instituteur,Éducation islamique,5,5498,30,1,10
ENS200425,2021-2022,Fès-Meknès,FES,Séfrou,Rural,Féminin,Collégial,Professeur certifié,Arabe,30,6206,26,1,0
ENS200426,2017-2018,Marrakech-Safi,MAR,Marrakech,Urbain,Masculin,Primaire,Professeur agrégé,Physique-Chimie,29,9007,23,0,5
ENS200427,2016-2017,Oriental,ORI,Oujda-Angad,Urbain,Masculin,Qualifiant,Instituteur,Sciences,19,5729,21,1,0
ENS200428,2019-2020,Fès-Meknès,FES,Taza,Urbain,Masculin,Collégial,Contractuel,Physique-Chimie,4,4797,26,0,14
ENS200429,2022-2023,Rabat-Salé-Kénitra,RAB,Kénitra,Urbain,Féminin,Primaire,Instituteur,Sciences,6,4136,25,1,0
ENS200430,2016-2017,Souss-Massa,SOU,Chtouka-Ait Baha,Rural,Féminin,Primaire,Instituteur,Anglais,26,5103,26,1,0
ENS200431,2019-2020,Tanger-Tétouan-Al Hoceïma,TAN,Chefchaouen,Urbain,Masculin,Primaire,Contractuel,Philosophie,20,4093,23,0,2
ENS200432,2019-2020,Casablanca-Settat,CAS,Berrechid,Urbain,Masculin,Qualifiant,Instituteur,SVT,28,4794,20,0,0
ENS200433,2020-2021,Casablanca-Settat,CAS,Sidi Bennour,Urbain,Masculin,Collégial,Contractuel,Éducation physique,1,4404,22,0,2
ENS200434,2016-2017,Rabat-Salé-Kénitra,RAB,Kénitra,Urbain,Masculin,Primaire,Vacataire,SVT,11,2592,28,0,0
ENS200435,2021-2022,Rabat-Salé-Kénitra,RAB,Sidi Slimane,Urbain,Féminin,Collégial,Professeur certifié,SVT,15,6296,20,0,18
ENS200436,2015-2016,Rabat-Salé-Kénitra,RAB,Salé,Urbain,Masculin,Primaire,Professeur certifié,Arabe,17,5148,30,0,14
ENS200437,2015-2016,Marrakech-Safi,MAR,Youssoufia,Urbain,Masculin,Collégial,Instituteur,Éducation islamique,16,4919,19,0,17
ENS200438,2021-2022,Béni Mellal-Khénifra,BMK,Khouribga,Urbain,Féminin,Primaire,Professeur agrégé,Éducation islamique,9,8423,27,0,12
ENS200439,2021-2022,Rabat-Salé-Kénitra,RAB,Khémisset,Urbain,Féminin,Primaire,Instituteur,Éducation islamique,33,4241,29,0,11
ENS200440,2018-2019,Casablanca-Settat,CAS,Mohammadia,Rural,Masculin,Primaire,Professeur certifié,Physique-Chimie,34,6853,29,0,0
ENS200441,2017-2018,Marrakech-Safi,MAR,Marrakech,Urbain,Masculin,Qualifiant,Vacataire,Philosophie,12,3377,31,1,15
ENS200442,2017-2018,Casablanca-Settat,CAS,El Jadida,Urbain,Féminin,Primaire,Professeur certifié,Physique-Chimie,34,6914,24,0,6
ENS200443,2021-2022,Béni Mellal-Khénifra,BMK,Khouribga,Urbain,Masculin,Primaire,Instituteur,Arabe,25,5268,27,0,6
ENS200444,2019-2020,Oriental,ORI,Nador,Rural,Masculin,Primaire,Professeur certifié,Sciences,12,6132,23,1,10
ENS200445,2019-2020,Guelmim-Oued Noun,GUE,Sidi Ifni,Urbain,Masculin,Collégial,Maître d'enseignement,SVT,29,5795,22,1,22
ENS200446,2016-2017,Drâa-Tafilalet,DRA,Zagora,Rural,Masculin,Qualifiant,Maître d'enseignement,Anglais,11,5271,22,0,15
ENS200447,2020-2021,Souss-Massa,SOU,Tiznit,Urbain,Masculin,Collégial,Professeur certifié,Éducation physique,9,6218,29,1,0
ENS200448,2021-2022,Fès-Meknès,FES,Moulay Yacoub,Rural,Féminin,Primaire,Contractuel,SVT,34,3007,25,0,10
ENS200449,2016-2017,Casablanca-Settat,CAS,Mohammadia,Rural,Masculin,Qualifiant,Instituteur,Éducation islamique,31,5379,18,0,22
ENS200450,2019-2020,Tanger-Tétouan-Al Hoceïma,TAN,Ouazzane,Urbain,Masculin,Qualifiant,Instituteur,SVT,31,5180,18,1,14
ENS200451,2021-2022,Marrakech-Safi,MAR,Chichaoua,Rural,Masculin,Primaire,Instituteur,Anglais,4,5395,30,0,10
ENS200452,2022-2023,Fès-Meknès,FES,Taza,Urbain,Masculin,Préscolaire,Maître d'enseignement,Physique-Chimie,33,6034,23,0,0
ENS200453,2021-2022,Fès-Meknès,FES,Boulemane,Rural,Féminin,Primaire,Contractuel,Mathématiques,1,5473,21,1,15
ENS200454,2015-2016,Oriental,ORI,Taourirt,Rural,Féminin,Primaire,Maître d'enseignement,Physique-Chimie,5,6089,28,0,11
ENS200455,2016-2017,Fès-Meknès,FES,Séfrou,Rural,Masculin,Collégial,Contractuel,Histoire-Géo,26,3161,27,1,8
ENS200456,2016-2017,Béni Mellal-Khénifra,BMK,Khouribga,Rural,Féminin,Primaire,Contractuel,Physique-Chimie,28,4932,18,1,0
ENS200457,2015-2016,Marrakech-Safi,MAR,Chichaoua,Urbain,Masculin,Primaire,Vacataire,Arabe,12,3785,29,0,15
ENS200458,2021-2022,Oriental,ORI,Nador,Urbain,Féminin,Collégial,Professeur agrégé,Sciences,1,9841,28,1,0
ENS200459,2015-2016,Rabat-Salé-Kénitra,RAB,Rabat,Rural,Masculin,Primaire,Maître d'enseignement,Éducation physique,21,6006,18,1,0
ENS200460,2018-2019,Tanger-Tétouan-Al Hoceïma,TAN,Fahs-Anjra,Rural,Masculin,Qualifiant,Maître d'enseignement,Français,18,5902,18,1,7
ENS200461,2015-2016,Marrakech-Safi,MAR,Youssoufia,Urbain,Féminin,Primaire,Professeur certifié,Mathématiques,16,6844,22,0,0
ENS200462,2021-2022,Casablanca-Settat,CAS,Benslimane,Rural,Masculin,Primaire,Instituteur,Mathématiques,15,4250,24,0,12
ENS200463,2022-2023,Rabat-Salé-Kénitra,RAB,Sidi Slimane,Urbain,Féminin,Collégial,Professeur agrégé,Anglais,10,9020,19,1,16
ENS200464,2021-2022,Fès-Meknès,FES,Ifrane,Urbain,Masculin,Primaire,Maître d'enseignement,Éducation islamique,27,6183,24,1,19
ENS200465,2023-2024,Souss-Massa,SOU,Agadir-Ida-Ou-Tanane,Rural,Masculin,Primaire,Maître d'enseignement,Sciences,14,4815,28,0,14
ENS200466,2022-2023,Rabat-Salé-Kénitra,RAB,Skhirate-Témara,Rural,Masculin,Collégial,Maître d'enseignement,Éducation physique,3,6130,29,0,18
ENS200467,2017-2018,Rabat-Salé-Kénitra,RAB,Kénitra,Rural,Masculin,Primaire,Instituteur,Physique-Chimie,16,4917,18,1,0
ENS200468,2023-2024,Béni Mellal-Khénifra,BMK,Béni Mellal,Rural,Masculin,Primaire,Maître d'enseignement,Mathématiques,21,6211,29,1,0
ENS200469,2019-2020,Casablanca-Settat,CAS,Casablanca,Urbain,Masculin,Collégial,Instituteur,SVT,12,5410,30,0,16
ENS200470,2019-2020,Fès-Meknès,FES,Meknès,Rural,Masculin,Qualifiant,Maître d'enseignement,SVT,1,6057,29,0,2
ENS200471,2017-2018,Béni Mellal-Khénifra,BMK,El Kelaa des Sraghna,Urbain,Masculin,Primaire,Professeur certifié,Mathématiques,5,6538,22,0,19
ENS200472,2018-2019,Guelmim-Oued Noun,GUE,Sidi Ifni,Rural,Masculin,Collégial,Contractuel,Français,14,3631,27,0,11
ENS200473,2016-2017,Béni Mellal-Khénifra,BMK,Khouribga,Rural,Féminin,Collégial,Maître d'enseignement,Philosophie,9,6731,20,0,0
ENS200474,2017-2018,Rabat-Salé-Kénitra,RAB,Khémisset,Urbain,Masculin,Primaire,Maître d'enseignement,Éducation islamique,30,5299,22,1,0
ENS200475,2022-2023,Casablanca-Settat,CAS,Casablanca,Urbain,Masculin,Primaire,Professeur certifié,Physique-Chimie,27,7333,23,0,0
ENS200476,2017-2018,Fès-Meknès,FES,Séfrou,Urbain,Féminin,Primaire,Professeur agrégé,Éducation islamique,27,8683,30,0,0
ENS200477,2020-2021,Tanger-Tétouan-Al Hoceïma,TAN,Chefchaouen,Rural,Masculin,Collégial,Instituteur,Arabe,5,4941,27,0,16
ENS200478,2016-2017,Marrakech-Safi,MAR,Essaouira,Rural,Féminin,Primaire,Professeur certifié,Éducation islamique,1,7341,27,0,13
ENS200479,2020-2021,Béni Mellal-Khénifra,BMK,Khouribga,Urbain,Masculin,Primaire,Maître d'enseignement,Éducation physique,25,5285,18,1,0
ENS200480,2022-2023,Fès-Meknès,FES,Fès,Rural,Masculin,Primaire,Contractuel,Physique-Chimie,22,3129,28,0,18
ENS200481,2019-2020,Casablanca-Settat,CAS,Benslimane,Rural,Masculin,Primaire,Professeur certifié,Éducation physique,18,7006,24,1,0
ENS200482,2015-2016,Souss-Massa,SOU,Tiznit,Urbain,Masculin,Primaire,Contractuel,Philosophie,4,3909,24,1,5
ENS200483,2018-2019,Rabat-Salé-Kénitra,RAB,Khémisset,Urbain,Féminin,Primaire,Instituteur,Sciences,9,5137,30,0,8
ENS200484,2023-2024,Casablanca-Settat,CAS,Settat,Rural,Féminin,Primaire,Professeur certifié,SVT,3,6030,18,0,10
ENS200485,2017-2018,Tanger-Tétouan-Al Hoceïma,TAN,Chefchaouen,Rural,Masculin,Collégial,Instituteur,SVT,30,4146,23,0,17
ENS200486,2018-2019,Casablanca-Settat,CAS,El Jadida,Rural,Masculin,Collégial,Professeur agrégé,Arabe,19,8366,22,0,9
ENS200487,2021-2022,Souss-Massa,SOU,Chtouka-Ait Baha,Urbain,Masculin,Primaire,Professeur agrégé,Arabe,2,8952,29,0,0
ENS200488,2016-2017,Casablanca-Settat,CAS,Settat,Rural,Féminin,Collégial,Contractuel,Histoire-Géo,10,3900,31,1,11
ENS200489,2016-2017,Oriental,ORI,Figuig,Urbain,Masculin,Collégial,Contractuel,Histoire-Géo,33,5131,25,0,13
ENS200490,2020-2021,Rabat-Salé-Kénitra,RAB,Khémisset,Rural,Féminin,Primaire,Professeur certifié,Éducation islamique,22,7709,26,1,16
ENS200491,2022-2023,Béni Mellal-Khénifra,BMK,Khouribga,Urbain,Masculin,Collégial,Professeur certifié,Philosophie,32,7142,19,0,0
ENS200492,2021-2022,Souss-Massa,SOU,Chtouka-Ait Baha,Urbain,Féminin,Primaire,Instituteur,Philosophie,29,4608,31,1,7
ENS200493,2023-2024,Marrakech-Safi,MAR,Marrakech,Rural,Masculin,Qualifiant,Contractuel,Physique-Chimie,13,3307,25,1,1
ENS200494,2021-2022,Drâa-Tafilalet,DRA,Errachidia,Rural,Féminin,Primaire,Maître d'enseignement,Philosophie,13,4691,23,1,0
ENS200495,2023-2024,Rabat-Salé-Kénitra,RAB,Khémisset,Rural,Féminin,Primaire,Instituteur,Physique-Chimie,9,4591,25,0,15
ENS200496,2020-2021,Oriental,ORI,Berkane,Rural,Féminin,Primaire,Vacataire,Éducation islamique,1,2522,18,1,0
ENS200497,2019-2020,Oriental,ORI,Berkane,Urbain,Masculin,Primaire,Instituteur,Histoire-Géo,31,5660,31,1,0
ENS200498,2021-2022,Fès-Meknès,FES,Taza,Urbain,Masculin,Primaire,Professeur certifié,Histoire-Géo,16,4764,28,0,15
ENS200499,2019-2020,Tanger-Tétouan-Al Hoceïma,TAN,Ouazzane,Urbain,Féminin,Préscolaire,Contractuel,Éducation islamique,4,5232,23,1,0
ENS200500,2016-2017,Rabat-Salé-Kénitra,RAB,Skhirate-Témara,Rural,Masculin,Primaire,Professeur agrégé,Histoire-Géo,24,8920,18,0,7
ENS200501,2019-2020,Fès-Meknès,FES,Taounate,Urbain,Masculin,Primaire,Instituteur,Philosophie,32,5788,26,0,11
ENS200502,2015-2016,Tanger-Tétouan-Al Hoceïma,TAN,Larache,Rural,Féminin,Primaire,Instituteur,Français,22,3654,25,0,18
ENS200503,2019-2020,Rabat-Salé-Kénitra,RAB,Sidi Kacem,Rural,Masculin,Préscolaire,Instituteur,Éducation islamique,1,5944,24,0,10
ENS200504,2019-2020,Rabat-Salé-Kénitra,RAB,Rabat,Rural,Masculin,Collégial,Professeur certifié,Sciences,6,6659,24,1,21
ENS200505,2017-2018,Béni Mellal-Khénifra,BMK,Azilal,Urbain,Féminin,Primaire,Professeur certifié,Sciences,32,7258,27,0,0
ENS200506,2016-2017,Souss-Massa,SOU,Chtouka-Ait Baha,Rural,Masculin,Primaire,Professeur certifié,SVT,12,5917,20,1,14
ENS200507,2016-2017,Souss-Massa,SOU,Inezgane-Ait Melloul,Urbain,Masculin,Primaire,Contractuel,Philosophie,9,3612,29,0,14
ENS200508,2021-2022,Fès-Meknès,FES,Séfrou,Rural,Masculin,Collégial,Professeur certifié,Mathématiques,22,7012,20,0,21
ENS200509,2019-2020,Fès-Meknès,FES,Séfrou,Rural,Féminin,Qualifiant,Vacataire,Arabe,18,4043,30,1,8
ENS200510,2019-2020,Casablanca-Settat,CAS,Berrechid,Urbain,Masculin,Qualifiant,Instituteur,Arabe,3,4071,24,0,0
ENS200511,2017-2018,Casablanca-Settat,CAS,Khouribga,Rural,Masculin,Primaire,Maître d'enseignement,Histoire-Géo,30,5898,22,1,0
ENS200512,2015-2016,Souss-Massa,SOU,Chtouka-Ait Baha,Urbain,Masculin,Primaire,Vacataire,Éducation physique,8,1852,20,0,0
ENS200513,2023-2024,Drâa-Tafilalet,DRA,Zagora,Urbain,Masculin,Collégial,Professeur certifié,Mathématiques,14,6705,23,0,10
ENS200514,2020-2021,Casablanca-Settat,CAS,Benslimane,Urbain,Féminin,Collégial,Professeur agrégé,Arabe,19,7907,28,1,16
ENS200515,2023-2024,Fès-Meknès,FES,Fès,Urbain,Féminin,Primaire,Professeur certifié,Mathématiques,32,5929,30,0,2
ENS200516,2017-2018,Casablanca-Settat,CAS,Settat,Urbain,Féminin,Qualifiant,Professeur agrégé,Physique-Chimie,30,7859,26,1,14
ENS200517,2021-2022,Casablanca-Settat,CAS,Khouribga,Rural,Masculin,Qualifiant,Professeur certifié,Histoire-Géo,19,6921,26,0,0
ENS200518,2016-2017,Casablanca-Settat,CAS,Mohammadia,Urbain,Masculin,Primaire,Contractuel,Arabe,14,2996,24,1,0
ENS200519,2015-2016,Marrakech-Safi,MAR,Chichaoua,Urbain,Masculin,Primaire,Instituteur,Physique-Chimie,34,2936,19,1,18
ENS200520,2015-2016,Casablanca-Settat,CAS,Settat,Rural,Masculin,Primaire,Instituteur,Éducation islamique,27,4443,27,0,0
ENS200521,2017-2018,Souss-Massa,SOU,Taroudannt,Rural,Masculin,Qualifiant,Professeur certifié,Français,21,6083,22,0,1
ENS200522,2022-2023,Marrakech-Safi,MAR,Essaouira,Rural,Masculin,Primaire,Instituteur,Français,5,4930,25,0,0
ENS200523,2016-2017,Marrakech-Safi,MAR,Youssoufia,Urbain,Féminin,Qualifiant,Maître d'enseignement,Éducation physique,13,4431,22,1,7
ENS200524,2017-2018,Souss-Massa,SOU,Tiznit,Rural,Masculin,Primaire,Contractuel,Anglais,25,5574,28,1,10
ENS200525,2023-2024,Fès-Meknès,FES,Meknès,Rural,Masculin,Qualifiant,Instituteur,Sciences,24,5279,25,1,2
ENS200526,2020-2021,Casablanca-Settat,CAS,Casablanca,Rural,Féminin,Qualifiant,Instituteur,Éducation islamique,27,4916,19,1,17
ENS200527,2019-2020,Casablanca-Settat,CAS,Khouribga,Urbain,Féminin,Qualifiant,Professeur certifié,Mathématiques,33,6550,30,1,24
ENS200528,2023-2024,Casablanca-Settat,CAS,Settat,Urbain,Féminin,Collégial,Maître d'enseignement,Mathématiques,17,4871,25,1,0
ENS200529,2019-2020,Oriental,ORI,Berkane,Urbain,Masculin,Collégial,Professeur agrégé,Français,7,8282,21,1,21
ENS200530,2022-2023,Oriental,ORI,Nador,Urbain,Féminin,Collégial,Professeur certifié,Mathématiques,14,6801,27,1,8
ENS200531,2020-2021,Drâa-Tafilalet,DRA,Tinghir,Urbain,Féminin,Primaire,Instituteur,Physique-Chimie,12,5176,25,0,8
ENS200532,2017-2018,Tanger-Tétouan-Al Hoceïma,TAN,Ouazzane,Rural,Masculin,Collégial,Instituteur,Physique-Chimie,29,6368,30,0,15
ENS200533,2023-2024,Marrakech-Safi,MAR,Al Haouz,Rural,Féminin,Collégial,Contractuel,Arabe,4,4133,23,1,19
ENS200534,2016-2017,Casablanca-Settat,CAS,Berrechid,Rural,Féminin,Qualifiant,Professeur certifié,SVT,4,6147,29,0,8
ENS200535,2023-2024,Casablanca-Settat,CAS,Benslimane,Urbain,Masculin,Collégial,Professeur agrégé,Anglais,13,8746,19,0,7
ENS200536,2023-2024,Tanger-Tétouan-Al Hoceïma,TAN,Mdiq-Fnideq,Urbain,Masculin,Primaire,Professeur agrégé,Éducation physique,7,7953,20,1,10
ENS200537,2016-2017,Casablanca-Settat,CAS,El Jadida,Rural,Féminin,Qualifiant,Contractuel,Anglais,7,3508,20,0,0
ENS200538,2021-2022,Casablanca-Settat,CAS,Casablanca,Urbain,Féminin,Primaire,Instituteur,Français,9,5499,24,0,18
ENS200539,2016-2017,Tanger-Tétouan-Al Hoceïma,TAN,Larache,Urbain,Féminin,Qualifiant,Instituteur,Français,12,4166,21,1,7
ENS200540,2022-2023,Casablanca-Settat,CAS,Khouribga,Urbain,Féminin,Qualifiant,Professeur certifié,Philosophie,4,6877,19,1,18
ENS200541,2021-2022,Guelmim-Oued Noun,GUE,Sidi Ifni,Urbain,Féminin,Collégial,Instituteur,Mathématiques,22,4627,24,1,0
ENS200542,2020-2021,Oriental,ORI,Nador,Rural,Féminin,Collégial,Instituteur,Anglais,24,4469,19,1,14
ENS200543,2020-2021,Marrakech-Safi,MAR,Youssoufia,Urbain,Masculin,Primaire,Professeur certifié,Physique-Chimie,20,6136,24,1,2
ENS200544,2015-2016,Fès-Meknès,FES,Moulay Yacoub,Urbain,Masculin,Primaire,Professeur certifié,Éducation islamique,18,7986,23,1,6
ENS200545,2020-2021,Tanger-Tétouan-Al Hoceïma,TAN,Tétouan,Urbain,Masculin,Qualifiant,Professeur certifié,Arabe,19,7172,22,0,1
ENS200546,2020-2021,Souss-Massa,SOU,Chtouka-Ait Baha,Urbain,Masculin,Primaire,Professeur certifié,Philosophie,23,6355,29,0,0
ENS200547,2017-2018,Fès-Meknès,FES,Moulay Yacoub,Rural,Féminin,Primaire,Instituteur,Sciences,33,3343,29,0,15
ENS200548,2021-2022,Fès-Meknès,FES,Ifrane,Rural,Masculin,Qualifiant,Professeur certifié,Sciences,20,6221,24,1,9
ENS200549,2022-2023,Guelmim-Oued Noun,GUE,Tan-Tan,Urbain,Masculin,Collégial,Instituteur,Français,1,5147,19,1,0
ENS200550,2017-2018,Souss-Massa,SOU,Taroudannt,Rural,Masculin,Primaire,Maître d'enseignement,Arabe,2,4933,24,0,15
ENS200551,2020-2021,Casablanca-Settat,CAS,Settat,Urbain,Masculin,Collégial,Instituteur,Histoire-Géo,30,5271,27,0,8
ENS200552,2015-2016,Rabat-Salé-Kénitra,RAB,Rabat,Rural,Masculin,Collégial,Contractuel,Éducation islamique,22,4739,20,0,0
ENS200553,2022-2023,Dakhla-Oued Eddahab,DAK,Dakhla,Rural,Masculin,Qualifiant,Professeur certifié,Français,19,6208,21,1,0
ENS200554,2022-2023,Fès-Meknès,FES,Taounate,Rural,Masculin,Préscolaire,Vacataire,Anglais,2,1688,21,1,0
ENS200555,2016-2017,Tanger-Tétouan-Al Hoceïma,TAN,Mdiq-Fnideq,Rural,Masculin,Primaire,Professeur agrégé,Histoire-Géo,10,9283,25,0,16
ENS200556,2019-2020,Fès-Meknès,FES,Séfrou,Urbain,Masculin,Qualifiant,Professeur certifié,Français,1,6977,19,1,0
ENS200557,2022-2023,Béni Mellal-Khénifra,BMK,Khouribga,Urbain,Féminin,Primaire,Maître d'enseignement,Français,27,4988,21,0,0
ENS200558,2016-2017,Casablanca-Settat,CAS,Berrechid,Urbain,Masculin,Primaire,Professeur agrégé,Éducation islamique,1,8088,26,1,14
ENS200559,2016-2017,Oriental,ORI,Nador,Urbain,Féminin,Primaire,Contractuel,Philosophie,30,4253,30,1,0
ENS200560,2023-2024,Drâa-Tafilalet,DRA,Ouarzazate,Rural,Féminin,Primaire,Instituteur,SVT,3,4795,22,1,13
ENS200561,2018-2019,Casablanca-Settat,CAS,Settat,Urbain,Féminin,Collégial,Vacataire,Arabe,11,3934,23,1,0
ENS200562,2016-2017,Souss-Massa,SOU,Tiznit,Urbain,Masculin,Primaire,Professeur certifié,Sciences,13,6487,29,0,12
ENS200563,2018-2019,Rabat-Salé-Kénitra,RAB,Skhirate-Témara,Urbain,Féminin,Préscolaire,Instituteur,SVT,14,4465,25,0,12
ENS200564,2017-2018,Fès-Meknès,FES,Ifrane,Rural,Masculin,Préscolaire,Instituteur,Arabe,24,5915,30,0,3
ENS200565,2020-2021,Casablanca-Settat,CAS,Settat,Urbain,Masculin,Collégial,Professeur agrégé,Sciences,12,7998,28,1,9
ENS200566,2021-2022,Rabat-Salé-Kénitra,RAB,Salé,Rural,Masculin,Primaire,Professeur certifié,Sciences,22,4845,31,1,0
ENS200567,2015-2016,Béni Mellal-Khénifra,BMK,El Kelaa des Sraghna,Rural,Masculin,Primaire,Professeur agrégé,Arabe,21,7737,31,0,2
ENS200568,2023-2024,Fès-Meknès,FES,Meknès,Urbain,Féminin,Primaire,Professeur certifié,Éducation physique,18,6468,31,0,19
ENS200569,2022-2023,Fès-Meknès,FES,Ifrane,Rural,Masculin,Collégial,Professeur certifié,Philosophie,7,7349,23,0,0
ENS200570,2019-2020,Rabat-Salé-Kénitra,RAB,Rabat,Rural,Masculin,Collégial,Instituteur,Éducation physique,8,5393,27,0,0
ENS200571,2021-2022,Marrakech-Safi,MAR,Essaouira,Urbain,Masculin,Collégial,Contractuel,Éducation islamique,22,5690,19,0,4
ENS200572,2018-2019,Guelmim-Oued Noun,GUE,Sidi Ifni,Urbain,Féminin,Qualifiant,Professeur certifié,Mathématiques,14,7341,27,1,20
ENS200573,2019-2020,Souss-Massa,SOU,Agadir-Ida-Ou-Tanane,Urbain,Masculin,Primaire,Contractuel,Arabe,6,4573,29,0,16
ENS200574,2019-2020,Tanger-Tétouan-Al Hoceïma,TAN,Mdiq-Fnideq,Rural,Masculin,Primaire,Maître d'enseignement,Arabe,25,5692,28,1,16
ENS200575,2021-2022,Béni Mellal-Khénifra,BMK,Khouribga,Rural,Féminin,Qualifiant,Professeur certifié,SVT,10,7597,23,0,0
ENS200576,2016-2017,Fès-Meknès,FES,Boulemane,Urbain,Féminin,Primaire,Professeur certifié,Histoire-Géo,4,5271,22,0,7
ENS200577,2022-2023,Béni Mellal-Khénifra,BMK,Khouribga,Rural,Féminin,Qualifiant,Contractuel,SVT,11,4698,26,0,24
ENS200578,2019-2020,Casablanca-Settat,CAS,Casablanca,Rural,Féminin,Collégial,Contractuel,Mathématiques,4,4413,31,0,16
ENS200579,2023-2024,Fès-Meknès,FES,Taounate,Urbain,Masculin,Collégial,Professeur certifié,SVT,20,6395,21,1,14
ENS200580,2017-2018,Fès-Meknès,FES,Boulemane,Rural,Masculin,Qualifiant,Professeur certifié,Éducation islamique,27,6137,26,1,0
ENS200581,2015-2016,Casablanca-Settat,CAS,El Jadida,Rural,Féminin,Primaire,Instituteur,Physique-Chimie,9,4517,20,1,9
ENS200582,2016-2017,Fès-Meknès,FES,Ifrane,Rural,Féminin,Qualifiant,Professeur certifié,Français,19,6261,23,0,0
ENS200583,2016-2017,Casablanca-Settat,CAS,Mohammadia,Urbain,Masculin,Qualifiant,Professeur certifié,Éducation physique,9,7195,19,0,15
ENS200584,2021-2022,Tanger-Tétouan-Al Hoceïma,TAN,Tanger-Assilah,Rural,Féminin,Primaire,Maître d'enseignement,Philosophie,21,5321,21,1,0
ENS200585,2016-2017,Rabat-Salé-Kénitra,RAB,Khémisset,Rural,Féminin,Primaire,Professeur certifié,Éducation physique,6,7230,23,1,9
ENS200586,2017-2018,Tanger-Tétouan-Al Hoceïma,TAN,Tétouan,Rural,Féminin,Qualifiant,Instituteur,Histoire-Géo,22,4286,19,0,0
ENS200587,2020-2021,Rabat-Salé-Kénitra,RAB,Rabat,Urbain,Féminin,Primaire,Instituteur,Histoire-Géo,15,5335,30,0,15
ENS200588,2015-2016,Béni Mellal-Khénifra,BMK,Khouribga,Urbain,Masculin,Qualifiant,Vacataire,Histoire-Géo,16,3224,23,0,2
ENS200589,2020-2021,Souss-Massa,SOU,Inezgane-Ait Melloul,Urbain,Féminin,Primaire,Maître d'enseignement,Français,19,6805,28,0,12
ENS200590,2020-2021,Oriental,ORI,Nador,Urbain,Féminin,Primaire,Professeur certifié,Physique-Chimie,22,6583,29,0,13
ENS200591,2018-2019,Oriental,ORI,Oujda-Angad,Urbain,Masculin,Primaire,Vacataire,Éducation physique,5,3253,28,0,18
ENS200592,2015-2016,Marrakech-Safi,MAR,Marrakech,Rural,Féminin,Collégial,Professeur agrégé,Français,22,8789,24,0,0
ENS200593,2021-2022,Béni Mellal-Khénifra,BMK,Béni Mellal,Urbain,Féminin,Qualifiant,Instituteur,Physique-Chimie,26,5525,31,0,4
ENS200594,2016-2017,Béni Mellal-Khénifra,BMK,El Kelaa des Sraghna,Rural,Masculin,Primaire,Contractuel,Philosophie,22,5316,24,1,9
ENS200595,2023-2024,Tanger-Tétouan-Al Hoceïma,TAN,Mdiq-Fnideq,Urbain,Féminin,Collégial,Instituteur,Anglais,2,5031,27,0,9
ENS200596,2016-2017,Rabat-Salé-Kénitra,RAB,Skhirate-Témara,Urbain,Masculin,Collégial,Instituteur,Mathématiques,22,4723,29,0,0
ENS200597,2022-2023,Tanger-Tétouan-Al Hoceïma,TAN,Mdiq-Fnideq,Rural,Féminin,Collégial,Professeur certifié,Philosophie,12,7863,23,0,18
ENS200598,2017-2018,Rabat-Salé-Kénitra,RAB,Skhirate-Témara,Rural,Féminin,Primaire,Professeur agrégé,Éducation islamique,4,7695,31,1,21
ENS200599,2018-2019,Fès-Meknès,FES,Meknès,Urbain,Féminin,Collégial,Instituteur,Éducation islamique,31,4961,22,1,13
ENS200600,2023-2024,Béni Mellal-Khénifra,BMK,Béni Mellal,Urbain,Féminin,Primaire,Instituteur,Français,4,6717,20,0,11
ENS200601,2022-2023,Oriental,ORI,Oujda-Angad,Urbain,Masculin,Qualifiant,Professeur certifié,Sciences,25,7165,31,0,0
ENS200602,2016-2017,Casablanca-Settat,CAS,Sidi Bennour,Rural,Masculin,Primaire,Instituteur,Sciences,22,5437,20,0,2
ENS200603,2021-2022,Tanger-Tétouan-Al Hoceïma,TAN,Mdiq-Fnideq,Urbain,Féminin,Qualifiant,Professeur certifié,Français,24,6554,28,0,20
ENS200604,2018-2019,Oriental,ORI,Berkane,Rural,Féminin,Primaire,Professeur certifié,Français,31,7057,29,0,24
ENS200605,2020-2021,Marrakech-Safi,MAR,Marrakech,Rural,Féminin,Collégial,Maître d'enseignement,Histoire-Géo,34,5518,31,1,14
ENS200606,2019-2020,Rabat-Salé-Kénitra,RAB,Sidi Kacem,Urbain,Masculin,Primaire,Professeur certifié,Sciences,25,6619,18,0,0
ENS200607,2015-2016,Fès-Meknès,FES,Meknès,Urbain,Féminin,Primaire,Contractuel,Éducation islamique,3,4475,28,0,18
ENS200608,2017-2018,Rabat-Salé-Kénitra,RAB,Khémisset,Rural,Féminin,Primaire,Instituteur,Anglais,6,4664,29,1,10
ENS200609,2023-2024,Casablanca-Settat,CAS,Berrechid,Urbain,Masculin,Primaire,Professeur certifié,Éducation islamique,10,5528,21,1,0
ENS200610,2022-2023,Souss-Massa,SOU,Inezgane-Ait Melloul,Rural,Féminin,Collégial,Professeur agrégé,Éducation physique,14,9109,26,1,4
ENS200611,2020-2021,Béni Mellal-Khénifra,BMK,Fquih Ben Salah,Rural,Masculin,Collégial,Maître d'enseignement,Physique-Chimie,28,5160,31,1,0
ENS200612,2016-2017,Marrakech-Safi,MAR,Chichaoua,Rural,Féminin,Primaire,Instituteur,Physique-Chimie,4,4551,27,1,6
ENS200613,2016-2017,Fès-Meknès,FES,Meknès,Urbain,Féminin,Collégial,Professeur agrégé,Arabe,23,8542,23,1,0
ENS200614,2015-2016,Béni Mellal-Khénifra,BMK,Fquih Ben Salah,Urbain,Féminin,Collégial,Professeur certifié,Sciences,33,5834,24,0,11
ENS200615,2016-2017,Rabat-Salé-Kénitra,RAB,Rabat,Urbain,Masculin,Primaire,Professeur agrégé,Mathématiques,10,8400,20,0,20
ENS200616,2017-2018,Casablanca-Settat,CAS,Settat,Rural,Masculin,Primaire,Professeur certifié,Mathématiques,9,6370,29,1,5
ENS200617,2022-2023,Tanger-Tétouan-Al Hoceïma,TAN,Larache,Rural,Féminin,Qualifiant,Contractuel,Philosophie,5,3439,19,1,12
ENS200618,2020-2021,Marrakech-Safi,MAR,El Kelaa des Sraghna,Urbain,Masculin,Primaire,Contractuel,Anglais,27,4748,19,0,0
ENS200619,2020-2021,Béni Mellal-Khénifra,BMK,Khouribga,Urbain,Féminin,Primaire,Professeur certifié,SVT,3,6368,23,0,18
ENS200620,2015-2016,Fès-Meknès,FES,Meknès,Rural,Masculin,Primaire,Instituteur,Histoire-Géo,27,5616,29,1,0
ENS200621,2016-2017,Rabat-Salé-Kénitra,RAB,Sidi Kacem,Urbain,Masculin,Primaire,Instituteur,Éducation physique,15,5081,25,1,4
ENS200622,2020-2021,Fès-Meknès,FES,Taounate,Rural,Masculin,Primaire,Professeur certifié,Éducation physique,28,6636,27,0,0
ENS200623,2016-2017,Béni Mellal-Khénifra,BMK,Béni Mellal,Rural,Masculin,Préscolaire,Maître d'enseignement,Éducation physique,10,4677,25,1,0
ENS200624,2016-2017,Souss-Massa,SOU,Taroudannt,Rural,Masculin,Primaire,Instituteur,Sciences,1,3323,25,1,1
ENS200625,2015-2016,Béni Mellal-Khénifra,BMK,Fquih Ben Salah,Rural,Masculin,Primaire,Instituteur,Éducation islamique,9,5391,31,1,0
ENS200626,2020-2021,Drâa-Tafilalet,DRA,Midelt,Rural,Masculin,Primaire,Instituteur,SVT,12,4590,23,0,22
ENS200627,2015-2016,Casablanca-Settat,CAS,El Jadida,Urbain,Masculin,Qualifiant,Contractuel,SVT,2,4193,30,1,0
ENS200628,2019-2020,Casablanca-Settat,CAS,Settat,Rural,Masculin,Primaire,Professeur certifié,Éducation islamique,33,5115,24,1,8
ENS200629,2016-2017,Rabat-Salé-Kénitra,RAB,Kénitra,Rural,Féminin,Primaire,Contractuel,Mathématiques,26,3993,18,1,0
ENS200630,2016-2017,Souss-Massa,SOU,Chtouka-Ait Baha,Urbain,Féminin,Primaire,Professeur certifié,Anglais,7,6819,18,0,0
ENS200631,2023-2024,Tanger-Tétouan-Al Hoceïma,TAN,Mdiq-Fnideq,Urbain,Féminin,Collégial,Instituteur,Histoire-Géo,15,3878,21,0,0
ENS200632,2020-2021,Marrakech-Safi,MAR,Youssoufia,Urbain,Masculin,Qualifiant,Maître d'enseignement,Français,28,5916,20,1,0
ENS200633,2023-2024,Oriental,ORI,Figuig,Urbain,Masculin,Primaire,Professeur certifié,Arabe,34,5789,24,0,21
ENS200634,2023-2024,Tanger-Tétouan-Al Hoceïma,TAN,Tétouan,Urbain,Féminin,Primaire,Instituteur,Histoire-Géo,4,5559,25,0,16
ENS200635,2015-2016,Rabat-Salé-Kénitra,RAB,Rabat,Urbain,Féminin,Primaire,Contractuel,Mathématiques,21,4022,21,0,0
ENS200636,2020-2021,Rabat-Salé-Kénitra,RAB,Rabat,Rural,Masculin,Collégial,Professeur agrégé,Français,6,8356,27,0,17
ENS200637,2020-2021,Rabat-Salé-Kénitra,RAB,Salé,Rural,Féminin,Collégial,Maître d'enseignement,Éducation physique,4,5698,22,0,0
ENS200638,2016-2017,Tanger-Tétouan-Al Hoceïma,TAN,Tanger-Assilah,Urbain,Féminin,Collégial,Maître d'enseignement,Français,1,6458,18,0,10
ENS200639,2018-2019,Casablanca-Settat,CAS,Sidi Bennour,Urbain,Masculin,Collégial,Instituteur,Anglais,23,4064,31,1,0
ENS200640,2019-2020,Casablanca-Settat,CAS,Benslimane,Rural,Féminin,Collégial,Instituteur,Éducation islamique,5,4951,25,0,19
ENS200641,2018-2019,Oriental,ORI,Nador,Rural,Masculin,Primaire,Professeur agrégé,SVT,25,8232,22,0,0
ENS200642,2018-2019,Casablanca-Settat,CAS,Casablanca,Urbain,Masculin,Primaire,Maître d'enseignement,Philosophie,21,4772,22,1,13
ENS200643,2016-2017,Souss-Massa,SOU,Chtouka-Ait Baha,Urbain,Masculin,Primaire,Professeur certifié,SVT,28,6413,27,0,0
ENS200644,2017-2018,Oriental,ORI,Jerada,Urbain,Féminin,Qualifiant,Instituteur,Philosophie,15,4361,21,0,11
ENS200645,2022-2023,Fès-Meknès,FES,El Hajeb,Rural,Masculin,Qualifiant,Professeur agrégé,Anglais,7,8316,24,0,0
ENS200646,2023-2024,Rabat-Salé-Kénitra,RAB,Sidi Slimane,Rural,Masculin,Primaire,Vacataire,Histoire-Géo,3,3823,27,0,7
ENS200647,2022-2023,Fès-Meknès,FES,Taza,Rural,Masculin,Primaire,Contractuel,Arabe,4,4323,26,0,4
ENS200648,2022-2023,Casablanca-Settat,CAS,Sidi Bennour,Rural,Masculin,Primaire,Professeur certifié,SVT,33,6653,18,1,23
ENS200649,2018-2019,Souss-Massa,SOU,Agadir-Ida-Ou-Tanane,Urbain,Masculin,Primaire,Contractuel,Mathématiques,12,4523,19,0,17
ENS200650,2021-2022,Béni Mellal-Khénifra,BMK,Fquih Ben Salah,Rural,Féminin,Primaire,Professeur certifié,Sciences,11,5707,28,1,2
ENS200651,2018-2019,Marrakech-Safi,MAR,Marrakech,Urbain,Masculin,Qualifiant,Maître d'enseignement,Éducation physique,19,5122,28,0,4
ENS200652,2015-2016,Rabat-Salé-Kénitra,RAB,Sidi Slimane,Rural,Féminin,Primaire,Instituteur,Mathématiques,7,4746,28,1,18
ENS200653,2016-2017,Oriental,ORI,Oujda-Angad,Rural,Masculin,Primaire,Professeur certifié,SVT,10,6554,28,0,3
ENS200654,2016-2017,Tanger-Tétouan-Al Hoceïma,TAN,Mdiq-Fnideq,Urbain,Féminin,Primaire,Professeur certifié,Physique-Chimie,27,6926,23,1,0
ENS200655,2019-2020,Casablanca-Settat,CAS,Benslimane,Urbain,Féminin,Primaire,Instituteur,Éducation islamique,34,5009,19,0,0
ENS200656,2018-2019,Marrakech-Safi,MAR,Essaouira,Rural,Masculin,Primaire,Instituteur,Physique-Chimie,31,4007,21,0,13
ENS200657,2020-2021,Casablanca-Settat,CAS,Benslimane,Urbain,Féminin,Primaire,Vacataire,Éducation islamique,17,3223,27,0,15
ENS200658,2023-2024,Marrakech-Safi,MAR,Chichaoua,Rural,Féminin,Primaire,Vacataire,Philosophie,13,3584,26,1,4
ENS200659,2023-2024,Casablanca-Settat,CAS,Berrechid,Urbain,Féminin,Primaire,Contractuel,Sciences,10,3655,18,1,5
ENS200660,2019-2020,Fès-Meknès,FES,Meknès,Urbain,Masculin,Primaire,Professeur certifié,Mathématiques,22,6167,30,0,11
ENS200661,2021-2022,Fès-Meknès,FES,Meknès,Urbain,Féminin,Primaire,Professeur certifié,Éducation islamique,15,4973,19,1,16
ENS200662,2019-2020,Rabat-Salé-Kénitra,RAB,Rabat,Urbain,Masculin,Primaire,Professeur certifié,Arabe,18,6442,23,1,21
ENS200663,2016-2017,Casablanca-Settat,CAS,Benslimane,Rural,Masculin,Primaire,Professeur certifié,Éducation islamique,15,6177,25,1,0
ENS200664,2016-2017,Rabat-Salé-Kénitra,RAB,Kénitra,Urbain,Féminin,Primaire,Professeur certifié,Éducation physique,28,6982,20,1,20
ENS200665,2015-2016,Laâyoune-Sakia El Hamra,LAA,Es-Semara,Urbain,Masculin,Primaire,Professeur agrégé,Philosophie,23,8307,27,0,2
ENS200666,2020-2021,Béni Mellal-Khénifra,BMK,Béni Mellal,Rural,Masculin,Qualifiant,Instituteur,Philosophie,1,6668,24,0,18
ENS200667,2016-2017,Marrakech-Safi,MAR,Essaouira,Rural,Masculin,Qualifiant,Vacataire,Anglais,20,3899,21,0,14
ENS200668,2019-2020,Laâyoune-Sakia El Hamra,LAA,Laâyoune,Urbain,Masculin,Qualifiant,Instituteur,Éducation physique,24,5418,21,1,0
ENS200669,2016-2017,Rabat-Salé-Kénitra,RAB,Sidi Slimane,Rural,Féminin,Qualifiant,Professeur certifié,Arabe,3,6981,26,1,12
ENS200670,2018-2019,Béni Mellal-Khénifra,BMK,Khouribga,Rural,Masculin,Primaire,Instituteur,Philosophie,3,3971,19,0,0
ENS200671,2017-2018,Béni Mellal-Khénifra,BMK,Fquih Ben Salah,Rural,Masculin,Primaire,Instituteur,Philosophie,33,4729,29,0,24
ENS200672,2019-2020,Rabat-Salé-Kénitra,RAB,Rabat,Rural,Féminin,Primaire,Professeur certifié,Français,11,6437,25,0,0
ENS200673,2018-2019,Fès-Meknès,FES,Moulay Yacoub,Rural,Masculin,Collégial,Maître d'enseignement,Physique-Chimie,27,6598,23,1,17
ENS200674,2023-2024,Marrakech-Safi,MAR,Al Haouz,Rural,Féminin,Collégial,Professeur certifié,Anglais,1,6821,23,0,0
ENS200675,2015-2016,Fès-Meknès,FES,El Hajeb,Rural,Féminin,Primaire,Contractuel,Philosophie,7,4614,28,0,17
ENS200676,2021-2022,Oriental,ORI,Berkane,Urbain,Féminin,Collégial,Professeur certifié,SVT,23,7020,27,1,17
ENS200677,2018-2019,Rabat-Salé-Kénitra,RAB,Skhirate-Témara,Rural,Masculin,Primaire,Maître d'enseignement,SVT,2,5004,22,0,19
ENS200678,2023-2024,Souss-Massa,SOU,Tiznit,Urbain,Féminin,Qualifiant,Professeur certifié,Physique-Chimie,3,7597,22,1,10
ENS200679,2019-2020,Marrakech-Safi,MAR,Youssoufia,Urbain,Masculin,Primaire,Instituteur,Français,7,4515,31,1,11
ENS200680,2020-2021,Guelmim-Oued Noun,GUE,Tan-Tan,Urbain,Féminin,Primaire,Instituteur,Arabe,19,5495,29,1,0
ENS200681,2016-2017,Fès-Meknès,FES,Moulay Yacoub,Rural,Féminin,Collégial,Contractuel,Français,32,4926,22,1,21
ENS200682,2020-2021,Marrakech-Safi,MAR,Marrakech,Urbain,Féminin,Primaire,Instituteur,Physique-Chimie,24,4420,27,0,14
ENS200683,2015-2016,Casablanca-Settat,CAS,Casablanca,Urbain,Féminin,Qualifiant,Professeur certifié,Mathématiques,18,6724,19,1,15
ENS200684,2022-2023,Tanger-Tétouan-Al Hoceïma,TAN,Chefchaouen,Urbain,Masculin,Primaire,Instituteur,Français,13,5002,24,1,3
ENS200685,2019-2020,Fès-Meknès,FES,Taounate,Urbain,Masculin,Primaire,Contractuel,Arabe,32,4107,21,0,0
ENS200686,2023-2024,Marrakech-Safi,MAR,Youssoufia,Urbain,Masculin,Collégial,Vacataire,SVT,16,3511,21,1,2
ENS200687,2017-2018,Souss-Massa,SOU,Inezgane-Ait Melloul,Rural,Masculin,Primaire,Contractuel,SVT,7,4470,28,1,2
ENS200688,2019-2020,Drâa-Tafilalet,DRA,Midelt,Urbain,Féminin,Préscolaire,Instituteur,Arabe,33,4503,26,1,5
ENS200689,2017-2018,Tanger-Tétouan-Al Hoceïma,TAN,Mdiq-Fnideq,Urbain,Féminin,Primaire,Professeur agrégé,Éducation islamique,8,8693,20,1,13
ENS200690,2020-2021,Béni Mellal-Khénifra,BMK,El Kelaa des Sraghna,Rural,Féminin,Primaire,Instituteur,Sciences,26,4318,31,1,15
ENS200691,2022-2023,Oriental,ORI,Taourirt,Rural,Féminin,Qualifiant,Instituteur,Mathématiques,23,6315,21,1,23
ENS200692,2021-2022,Béni Mellal-Khénifra,BMK,Fquih Ben Salah,Urbain,Masculin,Primaire,Professeur certifié,Français,25,5558,18,1,8
ENS200693,2020-2021,Oriental,ORI,Nador,Rural,Masculin,Primaire,Contractuel,Éducation islamique,16,4371,19,0,21
ENS200694,2020-2021,Tanger-Tétouan-Al Hoceïma,TAN,Mdiq-Fnideq,Rural,Féminin,Collégial,Professeur agrégé,Sciences,10,8245,25,0,18
ENS200695,2018-2019,Tanger-Tétouan-Al Hoceïma,TAN,Mdiq-Fnideq,Rural,Féminin,Primaire,Contractuel,Histoire-Géo,25,4295,31,1,6
ENS200696,2015-2016,Casablanca-Settat,CAS,El Jadida,Urbain,Masculin,Primaire,Instituteur,SVT,16,4247,26,1,3
ENS200697,2021-2022,Drâa-Tafilalet,DRA,Midelt,Urbain,Féminin,Primaire,Professeur certifié,Sciences,9,6831,23,1,0
ENS200698,2023-2024,Rabat-Salé-Kénitra,RAB,Sidi Kacem,Rural,Féminin,Primaire,Professeur certifié,Français,25,7217,28,0,21
ENS200699,2018-2019,Oriental,ORI,Driouch,Urbain,Masculin,Qualifiant,Maître d'enseignement,Français,10,5695,24,0,22
ENS200700,2015-2016,Rabat-Salé-Kénitra,RAB,Khémisset,Urbain,Masculin,Préscolaire,Vacataire,Anglais,17,4263,26,1,5
ENS200701,2021-2022,Drâa-Tafilalet,DRA,Errachidia,Urbain,Féminin,Primaire,Instituteur,Éducation physique,6,4204,23,1,19
ENS200702,2019-2020,Souss-Massa,SOU,Tiznit,Rural,Masculin,Collégial,Professeur agrégé,Arabe,11,9424,30,1,22
ENS200703,2015-2016,Rabat-Salé-Kénitra,RAB,Salé,Rural,Masculin,Primaire,Professeur certifié,Mathématiques,11,6268,22,1,2
ENS200704,2018-2019,Marrakech-Safi,MAR,Al Haouz,Urbain,Masculin,Primaire,Contractuel,Philosophie,9,4399,30,0,0
ENS200705,2023-2024,Tanger-Tétouan-Al Hoceïma,TAN,Mdiq-Fnideq,Rural,Féminin,Primaire,Instituteur,Physique-Chimie,9,5639,28,1,0
ENS200706,2019-2020,Casablanca-Settat,CAS,Mohammadia,Rural,Féminin,Primaire,Professeur certifié,Sciences,18,6507,18,0,10
ENS200707,2016-2017,Dakhla-Oued Eddahab,DAK,Aousserd,Rural,Féminin,Qualifiant,Professeur certifié,Français,31,5191,27,0,10
ENS200708,2019-2020,Fès-Meknès,FES,Taounate,Urbain,Féminin,Primaire,Instituteur,SVT,9,5040,27,1,0
ENS200709,2015-2016,Marrakech-Safi,MAR,Essaouira,Urbain,Féminin,Préscolaire,Maître d'enseignement,Histoire-Géo,26,5677,21,1,13
ENS200710,2017-2018,Casablanca-Settat,CAS,Sidi Bennour,Urbain,Masculin,Préscolaire,Vacataire,Éducation physique,13,2362,24,1,9
ENS200711,2020-2021,Oriental,ORI,Berkane,Rural,Masculin,Qualifiant,Professeur certifié,Philosophie,2,5724,30,0,4
ENS200712,2017-2018,Souss-Massa,SOU,Chtouka-Ait Baha,Urbain,Masculin,Collégial,Professeur certifié,Français,5,7192,31,0,2
ENS200713,2020-2021,Tanger-Tétouan-Al Hoceïma,TAN,Tanger-Assilah,Urbain,Masculin,Primaire,Professeur agrégé,Anglais,2,8928,25,1,3
ENS200714,2018-2019,Souss-Massa,SOU,Chtouka-Ait Baha,Urbain,Masculin,Primaire,Instituteur,Arabe,15,4853,20,0,20
ENS200715,2017-2018,Marrakech-Safi,MAR,Youssoufia,Urbain,Masculin,Primaire,Instituteur,Histoire-Géo,26,4656,20,0,0
ENS200716,2020-2021,Drâa-Tafilalet,DRA,Tinghir,Urbain,Féminin,Qualifiant,Contractuel,Éducation physique,5,4929,28,1,23
ENS200717,2023-2024,Béni Mellal-Khénifra,BMK,Azilal,Urbain,Masculin,Primaire,Maître d'enseignement,Sciences,21,6442,31,0,0
ENS200718,2018-2019,Casablanca-Settat,CAS,El Jadida,Urbain,Féminin,Collégial,Professeur agrégé,Sciences,12,7347,27,1,7
ENS200719,2022-2023,Casablanca-Settat,CAS,Khouribga,Urbain,Masculin,Primaire,Instituteur,Physique-Chimie,30,5811,26,1,0
ENS200720,2022-2023,Souss-Massa,SOU,Taroudannt,Urbain,Masculin,Qualifiant,Contractuel,Physique-Chimie,3,4312,26,0,7
ENS200721,2022-2023,Tanger-Tétouan-Al Hoceïma,TAN,Tétouan,Rural,Masculin,Primaire,Instituteur,SVT,14,4112,24,0,9
ENS200722,2021-2022,Marrakech-Safi,MAR,Al Haouz,Urbain,Féminin,Qualifiant,Contractuel,SVT,4,5032,22,1,0
ENS200723,2020-2021,Casablanca-Settat,CAS,Sidi Bennour,Rural,Masculin,Qualifiant,Instituteur,Anglais,16,5226,18,0,0
ENS200724,2017-2018,Casablanca-Settat,CAS,Benslimane,Urbain,Masculin,Primaire,Professeur agrégé,SVT,30,8224,23,0,2
ENS200725,2021-2022,Marrakech-Safi,MAR,Marrakech,Urbain,Féminin,Primaire,Professeur certifié,Physique-Chimie,1,5601,26,0,24
ENS200726,2022-2023,Casablanca-Settat,CAS,Settat,Rural,Masculin,Primaire,Instituteur,Mathématiques,4,4213,31,0,14
ENS200727,2017-2018,Drâa-Tafilalet,DRA,Ouarzazate,Rural,Féminin,Qualifiant,Contractuel,Histoire-Géo,30,4531,31,0,20
ENS200728,2022-2023,Béni Mellal-Khénifra,BMK,Béni Mellal,Rural,Masculin,Primaire,Professeur certifié,Éducation islamique,8,5144,20,0,20
ENS200729,2017-2018,Fès-Meknès,FES,Meknès,Rural,Masculin,Collégial,Contractuel,Physique-Chimie,2,3916,23,1,21
ENS200730,2016-2017,Fès-Meknès,FES,Ifrane,Urbain,Masculin,Primaire,Maître d'enseignement,Sciences,8,5594,26,1,17
ENS200731,2020-2021,Rabat-Salé-Kénitra,RAB,Skhirate-Témara,Urbain,Masculin,Collégial,Instituteur,Physique-Chimie,26,5264,19,0,10
ENS200732,2015-2016,Souss-Massa,SOU,Tata,Urbain,Masculin,Collégial,Maître d'enseignement,Sciences,11,5952,21,1,0
ENS200733,2019-2020,Tanger-Tétouan-Al Hoceïma,TAN,Chefchaouen,Urbain,Féminin,Primaire,Contractuel,Anglais,26,4107,23,0,8
ENS200734,2016-2017,Drâa-Tafilalet,DRA,Midelt,Urbain,Féminin,Primaire,Instituteur,Philosophie,30,5044,20,0,0
ENS200735,2022-2023,Drâa-Tafilalet,DRA,Tinghir,Urbain,Masculin,Collégial,Professeur agrégé,SVT,4,9176,28,0,2
ENS200736,2020-2021,Guelmim-Oued Noun,GUE,Assa-Zag,Rural,Féminin,Primaire,Instituteur,SVT,12,4878,29,1,4
ENS200737,2021-2022,Tanger-Tétouan-Al Hoceïma,TAN,Mdiq-Fnideq,Urbain,Masculin,Primaire,Contractuel,Éducation islamique,32,2890,20,0,0
ENS200738,2016-2017,Souss-Massa,SOU,Agadir-Ida-Ou-Tanane,Urbain,Féminin,Qualifiant,Contractuel,SVT,11,2879,23,1,19
ENS200739,2018-2019,Fès-Meknès,FES,Séfrou,Urbain,Féminin,Primaire,Contractuel,Français,27,3904,31,1,17
ENS200740,2023-2024,Marrakech-Safi,MAR,Marrakech,Urbain,Masculin,Qualifiant,Instituteur,Philosophie,34,4509,26,1,2
ENS200741,2015-2016,Fès-Meknès,FES,Taounate,Urbain,Masculin,Primaire,Instituteur,Arabe,27,5586,31,0,11
ENS200742,2018-2019,Oriental,ORI,Oujda-Angad,Urbain,Féminin,Collégial,Professeur certifié,Sciences,24,7042,21,0,3
ENS200743,2020-2021,Rabat-Salé-Kénitra,RAB,Khémisset,Urbain,Féminin,Qualifiant,Professeur certifié,Éducation islamique,3,5907,22,1,18
ENS200744,2021-2022,Fès-Meknès,FES,El Hajeb,Rural,Masculin,Primaire,Professeur certifié,Arabe,34,7946,28,1,2
ENS200745,2018-2019,Rabat-Salé-Kénitra,RAB,Salé,Rural,Masculin,Primaire,Professeur agrégé,Éducation physique,5,9177,18,0,0
ENS200746,2015-2016,Fès-Meknès,FES,Meknès,Urbain,Féminin,Primaire,Contractuel,Français,31,3871,30,0,3
ENS200747,2020-2021,Tanger-Tétouan-Al Hoceïma,TAN,Ouazzane,Rural,Masculin,Collégial,Contractuel,Anglais,6,4680,23,1,4
ENS200748,2020-2021,Marrakech-Safi,MAR,El Kelaa des Sraghna,Urbain,Masculin,Primaire,Maître d'enseignement,Éducation physique,17,5732,21,0,0
ENS200749,2016-2017,Marrakech-Safi,MAR,El Kelaa des Sraghna,Urbain,Masculin,Primaire,Contractuel,Histoire-Géo,4,3619,30,1,7
ENS200750,2016-2017,Dakhla-Oued Eddahab,DAK,Aousserd,Urbain,Masculin,Préscolaire,Professeur certifié,Mathématiques,24,5100,19,0,0
ENS200751,2015-2016,Fès-Meknès,FES,Meknès,Urbain,Masculin,Primaire,Contractuel,Éducation islamique,15,4854,24,1,21
ENS200752,2021-2022,Casablanca-Settat,CAS,Sidi Bennour,Rural,Féminin,Collégial,Professeur certifié,Mathématiques,7,5686,25,0,0
ENS200753,2016-2017,Fès-Meknès,FES,Moulay Yacoub,Urbain,Féminin,Primaire,Instituteur,Anglais,9,5248,24,1,0
ENS200754,2020-2021,Rabat-Salé-Kénitra,RAB,Skhirate-Témara,Urbain,Féminin,Qualifiant,Instituteur,Arabe,1,4816,25,1,22
ENS200755,2018-2019,Casablanca-Settat,CAS,Berrechid,Urbain,Féminin,Préscolaire,Professeur certifié,Arabe,10,6748,19,1,6
ENS200756,2017-2018,Fès-Meknès,FES,Meknès,Rural,Masculin,Qualifiant,Contractuel,Mathématiques,7,4383,18,0,0
ENS200757,2020-2021,Fès-Meknès,FES,Ifrane,Rural,Masculin,Collégial,Maître d'enseignement,Anglais,14,5082,31,1,11
ENS200758,2017-2018,Rabat-Salé-Kénitra,RAB,Skhirate-Témara,Urbain,Féminin,Collégial,Instituteur,Histoire-Géo,19,4723,19,0,14
ENS200759,2023-2024,Casablanca-Settat,CAS,Berrechid,Rural,Masculin,Qualifiant,Professeur agrégé,Philosophie,3,7605,18,0,6
ENS200760,2018-2019,Laâyoune-Sakia El Hamra,LAA,Tarfaya,Urbain,Masculin,Collégial,Professeur certifié,Physique-Chimie,13,6439,23,0,0
ENS200761,2020-2021,Marrakech-Safi,MAR,Al Haouz,Rural,Féminin,Primaire,Instituteur,Sciences,33,4434,27,0,20
ENS200762,2016-2017,Béni Mellal-Khénifra,BMK,Khouribga,Urbain,Masculin,Qualifiant,Maître d'enseignement,Physique-Chimie,31,4088,21,1,16
ENS200763,2017-2018,Fès-Meknès,FES,Meknès,Rural,Féminin,Qualifiant,Vacataire,Mathématiques,14,2197,29,0,5
ENS200764,2015-2016,Oriental,ORI,Berkane,Urbain,Masculin,Primaire,Professeur certifié,Physique-Chimie,24,5529,26,1,16
ENS200765,2015-2016,Casablanca-Settat,CAS,El Jadida,Urbain,Masculin,Qualifiant,Maître d'enseignement,Sciences,31,4979,18,0,7
ENS200766,2019-2020,Casablanca-Settat,CAS,Berrechid,Rural,Féminin,Collégial,Professeur certifié,Mathématiques,21,6095,23,0,0
ENS200767,2016-2017,Casablanca-Settat,CAS,Mohammadia,Urbain,Masculin,Primaire,Instituteur,Sciences,28,5464,31,0,6
ENS200768,2020-2021,Rabat-Salé-Kénitra,RAB,Sidi Kacem,Rural,Féminin,Primaire,Professeur certifié,Éducation islamique,27,6405,23,0,0
ENS200769,2020-2021,Casablanca-Settat,CAS,Benslimane,Urbain,Masculin,Collégial,Instituteur,Histoire-Géo,2,5092,20,0,6
ENS200770,2020-2021,Rabat-Salé-Kénitra,RAB,Salé,Urbain,Masculin,Primaire,Maître d'enseignement,Français,33,5250,29,0,14
ENS200771,2015-2016,Souss-Massa,SOU,Taroudannt,Urbain,Masculin,Qualifiant,Professeur certifié,Philosophie,9,6418,30,0,1
ENS200772,2022-2023,Fès-Meknès,FES,Séfrou,Rural,Féminin,Primaire,Professeur agrégé,Éducation islamique,31,8861,31,0,0
ENS200773,2021-2022,Tanger-Tétouan-Al Hoceïma,TAN,Al Hoceïma,Urbain,Féminin,Qualifiant,Instituteur,Philosophie,23,5391,19,0,0
ENS200774,2020-2021,Béni Mellal-Khénifra,BMK,Khouribga,Rural,Féminin,Collégial,Contractuel,Arabe,26,3303,30,0,19
ENS200775,2020-2021,Casablanca-Settat,CAS,El Jadida,Urbain,Féminin,Primaire,Professeur certifié,Français,24,5735,28,0,23
ENS200776,2022-2023,Drâa-Tafilalet,DRA,Tinghir,Rural,Féminin,Qualifiant,Professeur certifié,Éducation islamique,21,7240,30,1,21
ENS200777,2023-2024,Souss-Massa,SOU,Taroudannt,Urbain,Féminin,Qualifiant,Professeur certifié,Sciences,9,5578,29,0,9
ENS200778,2020-2021,Drâa-Tafilalet,DRA,Zagora,Urbain,Masculin,Primaire,Professeur certifié,Histoire-Géo,22,6727,29,1,15
ENS200779,2015-2016,Casablanca-Settat,CAS,Mohammadia,Rural,Féminin,Primaire,Professeur certifié,Anglais,24,5640,24,0,20
ENS200780,2021-2022,Marrakech-Safi,MAR,Chichaoua,Urbain,Féminin,Primaire,Professeur certifié,Sciences,5,5866,26,1,1
ENS200781,2020-2021,Casablanca-Settat,CAS,Casablanca,Rural,Masculin,Qualifiant,Professeur certifié,SVT,29,6092,20,0,4
ENS200782,2023-2024,Rabat-Salé-Kénitra,RAB,Khémisset,Urbain,Féminin,Qualifiant,Vacataire,Mathématiques,30,2944,22,0,0
ENS200783,2021-2022,Rabat-Salé-Kénitra,RAB,Sidi Slimane,Rural,Féminin,Qualifiant,Contractuel,Physique-Chimie,5,4211,18,1,0
ENS200784,2022-2023,Rabat-Salé-Kénitra,RAB,Kénitra,Urbain,Masculin,Primaire,Professeur certifié,SVT,6,7499,27,0,4
ENS200785,2019-2020,Marrakech-Safi,MAR,Essaouira,Urbain,Masculin,Collégial,Maître d'enseignement,SVT,32,5000,26,1,7
ENS200786,2019-2020,Béni Mellal-Khénifra,BMK,Fquih Ben Salah,Rural,Féminin,Primaire,Contractuel,Mathématiques,31,4216,29,0,0
ENS200787,2022-2023,Rabat-Salé-Kénitra,RAB,Kénitra,Urbain,Masculin,Primaire,Professeur certifié,Éducation islamique,4,6643,20,1,18
ENS200788,2023-2024,Casablanca-Settat,CAS,El Jadida,Rural,Masculin,Collégial,Contractuel,SVT,20,5524,19,1,21
ENS200789,2017-2018,Rabat-Salé-Kénitra,RAB,Rabat,Rural,Masculin,Primaire,Professeur agrégé,Éducation islamique,7,8910,29,0,7
ENS200790,2017-2018,Souss-Massa,SOU,Tiznit,Rural,Masculin,Primaire,Professeur certifié,Sciences,29,7038,24,0,0
ENS200791,2015-2016,Fès-Meknès,FES,El Hajeb,Rural,Féminin,Qualifiant,Maître d'enseignement,Arabe,10,6549,29,0,20
ENS200792,2022-2023,Tanger-Tétouan-Al Hoceïma,TAN,Larache,Urbain,Masculin,Primaire,Instituteur,Philosophie,1,6523,21,1,0
ENS200793,2019-2020,Tanger-Tétouan-Al Hoceïma,TAN,Chefchaouen,Urbain,Féminin,Primaire,Professeur certifié,Philosophie,11,6786,29,1,20
ENS200794,2022-2023,Tanger-Tétouan-Al Hoceïma,TAN,Ouazzane,Rural,Masculin,Préscolaire,Maître d'enseignement,Éducation physique,33,5041,30,0,23
ENS200795,2022-2023,Casablanca-Settat,CAS,Casablanca,Rural,Féminin,Qualifiant,Instituteur,Éducation islamique,12,5896,23,0,19
ENS200796,2016-2017,Casablanca-Settat,CAS,Khouribga,Urbain,Masculin,Qualifiant,Maître d'enseignement,Physique-Chimie,23,5906,30,1,7
ENS200797,2016-2017,Tanger-Tétouan-Al Hoceïma,TAN,Mdiq-Fnideq,Rural,Féminin,Primaire,Contractuel,Sciences,20,4865,31,0,11
ENS200798,2021-2022,Rabat-Salé-Kénitra,RAB,Khémisset,Rural,Féminin,Primaire,Professeur certifié,Éducation islamique,7,6690,23,1,22
ENS200799,2018-2019,Casablanca-Settat,CAS,El Jadida,Urbain,Masculin,Primaire,Professeur certifié,Éducation islamique,28,7234,21,0,15
ENS200800,2015-2016,Marrakech-Safi,MAR,Marrakech,Urbain,Masculin,Qualifiant,Maître d'enseignement,Physique-Chimie,7,4387,30,1,18
ENS200801,2017-2018,Souss-Massa,SOU,Tiznit,Rural,Masculin,Primaire,Maître d'enseignement,Sciences,27,5454,21,0,19
ENS200802,2020-2021,Casablanca-Settat,CAS,El Jadida,Urbain,Masculin,Collégial,Instituteur,Éducation physique,2,3930,19,0,14
ENS200803,2018-2019,Marrakech-Safi,MAR,Safi,Urbain,Féminin,Primaire,Instituteur,Français,34,4970,21,1,0
ENS200804,2017-2018,Fès-Meknès,FES,El Hajeb,Rural,Masculin,Primaire,Vacataire,Philosophie,3,3752,22,1,11
ENS200805,2015-2016,Tanger-Tétouan-Al Hoceïma,TAN,Ouazzane,Urbain,Masculin,Collégial,Contractuel,Éducation physique,19,5057,25,1,8
ENS200806,2021-2022,Marrakech-Safi,MAR,Youssoufia,Rural,Masculin,Primaire,Maître d'enseignement,Mathématiques,33,6203,21,1,0
ENS200807,2016-2017,Marrakech-Safi,MAR,Marrakech,Urbain,Féminin,Primaire,Instituteur,Philosophie,6,3717,23,0,9
ENS200808,2022-2023,Casablanca-Settat,CAS,Casablanca,Rural,Masculin,Collégial,Professeur certifié,Anglais,3,5949,31,0,0
ENS200809,2017-2018,Marrakech-Safi,MAR,Essaouira,Rural,Masculin,Collégial,Professeur certifié,Anglais,5,7394,25,1,0
ENS200810,2017-2018,Casablanca-Settat,CAS,Casablanca,Urbain,Masculin,Qualifiant,Maître d'enseignement,Sciences,22,4494,21,0,7
ENS200811,2022-2023,Casablanca-Settat,CAS,Mohammadia,Urbain,Masculin,Collégial,Instituteur,Anglais,22,4901,26,0,15
ENS200812,2022-2023,Rabat-Salé-Kénitra,RAB,Sidi Slimane,Rural,Féminin,Primaire,Instituteur,Anglais,18,4433,30,1,22
ENS200813,2018-2019,Tanger-Tétouan-Al Hoceïma,TAN,Mdiq-Fnideq,Rural,Masculin,Primaire,Instituteur,Anglais,34,4268,21,0,3
ENS200814,2020-2021,Souss-Massa,SOU,Inezgane-Ait Melloul,Urbain,Féminin,Collégial,Maître d'enseignement,Sciences,5,3619,20,0,4
ENS200815,2023-2024,Casablanca-Settat,CAS,Khouribga,Urbain,Masculin,Qualifiant,Professeur certifié,Français,14,6206,28,1,0
ENS200816,2023-2024,Drâa-Tafilalet,DRA,Midelt,Urbain,Féminin,Primaire,Maître d'enseignement,Éducation islamique,5,5985,23,0,0
ENS200817,2018-2019,Tanger-Tétouan-Al Hoceïma,TAN,Larache,Rural,Féminin,Primaire,Maître d'enseignement,Physique-Chimie,30,5216,29,0,8
ENS200818,2019-2020,Béni Mellal-Khénifra,BMK,Béni Mellal,Rural,Masculin,Qualifiant,Maître d'enseignement,Français,2,5916,31,1,17
ENS200819,2023-2024,Souss-Massa,SOU,Taroudannt,Rural,Masculin,Primaire,Contractuel,Philosophie,4,4477,28,1,23
ENS200820,2021-2022,Rabat-Salé-Kénitra,RAB,Salé,Urbain,Féminin,Qualifiant,Instituteur,Arabe,13,4779,30,1,24
ENS200821,2020-2021,Casablanca-Settat,CAS,Settat,Urbain,Féminin,Qualifiant,Instituteur,Français,15,4262,29,0,7
ENS200822,2021-2022,Béni Mellal-Khénifra,BMK,Khouribga,Rural,Féminin,Qualifiant,Professeur certifié,Mathématiques,23,6129,18,0,6
ENS200823,2017-2018,Oriental,ORI,Jerada,Urbain,Masculin,Primaire,Maître d'enseignement,Éducation islamique,26,5343,22,1,21
ENS200824,2021-2022,Fès-Meknès,FES,Moulay Yacoub,Rural,Féminin,Primaire,Instituteur,Physique-Chimie,23,3897,19,1,17
ENS200825,2020-2021,Souss-Massa,SOU,Inezgane-Ait Melloul,Urbain,Féminin,Primaire,Professeur certifié,Éducation physique,6,5502,28,0,0
ENS200826,2022-2023,Rabat-Salé-Kénitra,RAB,Sidi Kacem,Rural,Féminin,Primaire,Professeur agrégé,Mathématiques,24,8719,25,0,7
ENS200827,2022-2023,Tanger-Tétouan-Al Hoceïma,TAN,Al Hoceïma,Rural,Masculin,Préscolaire,Professeur certifié,Anglais,1,6833,31,0,19
ENS200828,2019-2020,Casablanca-Settat,CAS,Khouribga,Rural,Féminin,Qualifiant,Vacataire,Sciences,34,3314,28,1,0
ENS200829,2019-2020,Fès-Meknès,FES,Séfrou,Rural,Masculin,Collégial,Vacataire,Français,34,2180,21,0,12
ENS200830,2022-2023,Souss-Massa,SOU,Agadir-Ida-Ou-Tanane,Rural,Masculin,Primaire,Professeur certifié,Mathématiques,7,6633,21,0,0
ENS200831,2021-2022,Tanger-Tétouan-Al Hoceïma,TAN,Tanger-Assilah,Rural,Masculin,Collégial,Instituteur,Éducation physique,13,5338,18,1,19
ENS200832,2015-2016,Casablanca-Settat,CAS,Mohammadia,Rural,Masculin,Qualifiant,Professeur certifié,Français,32,6078,21,1,24
ENS200833,2015-2016,Souss-Massa,SOU,Taroudannt,Urbain,Masculin,Primaire,Instituteur,Sciences,19,4771,24,0,15
ENS200834,2017-2018,Marrakech-Safi,MAR,Al Haouz,Rural,Féminin,Primaire,Professeur agrégé,Physique-Chimie,25,8539,30,0,0
ENS200835,2017-2018,Marrakech-Safi,MAR,Essaouira,Urbain,Féminin,Primaire,Contractuel,Français,26,4795,21,1,0
ENS200836,2019-2020,Fès-Meknès,FES,Taounate,Urbain,Féminin,Collégial,Vacataire,Philosophie,34,3208,31,0,5
ENS200837,2016-2017,Fès-Meknès,FES,Ifrane,Rural,Féminin,Primaire,Professeur certifié,Physique-Chimie,34,7202,27,1,6
ENS200838,2022-2023,Casablanca-Settat,CAS,El Jadida,Rural,Masculin,Primaire,Instituteur,Philosophie,11,5055,31,0,22
ENS200839,2021-2022,Fès-Meknès,FES,Séfrou,Urbain,Féminin,Primaire,Maître d'enseignement,Éducation islamique,14,4896,21,0,0
ENS200840,2019-2020,Rabat-Salé-Kénitra,RAB,Sidi Slimane,Urbain,Masculin,Primaire,Contractuel,Histoire-Géo,27,3489,28,0,16
ENS200841,2018-2019,Oriental,ORI,Driouch,Urbain,Féminin,Primaire,Instituteur,Anglais,3,5179,20,0,4
ENS200842,2019-2020,Béni Mellal-Khénifra,BMK,Khouribga,Urbain,Masculin,Primaire,Professeur certifié,Éducation islamique,23,5439,20,0,20
ENS200843,2015-2016,Marrakech-Safi,MAR,Marrakech,Urbain,Féminin,Primaire,Instituteur,Anglais,34,6386,19,0,14
ENS200844,2020-2021,Marrakech-Safi,MAR,Safi,Urbain,Masculin,Primaire,Instituteur,Arabe,4,5557,31,1,0
ENS200845,2021-2022,Souss-Massa,SOU,Taroudannt,Urbain,Masculin,Primaire,Professeur agrégé,Éducation islamique,27,7912,28,1,0
ENS200846,2016-2017,Marrakech-Safi,MAR,Marrakech,Rural,Masculin,Qualifiant,Professeur certifié,Physique-Chimie,9,5803,26,0,10
ENS200847,2015-2016,Tanger-Tétouan-Al Hoceïma,TAN,Mdiq-Fnideq,Urbain,Masculin,Collégial,Maître d'enseignement,Sciences,19,4305,23,0,16
ENS200848,2021-2022,Fès-Meknès,FES,Taounate,Rural,Masculin,Collégial,Contractuel,Histoire-Géo,10,5855,20,0,6
ENS200849,2022-2023,Laâyoune-Sakia El Hamra,LAA,Es-Semara,Rural,Féminin,Primaire,Professeur agrégé,Anglais,19,8850,31,1,21
ENS200850,2021-2022,Marrakech-Safi,MAR,Marrakech,Rural,Masculin,Qualifiant,Professeur certifié,Sciences,28,6691,27,0,0
ENS200851,2017-2018,Rabat-Salé-Kénitra,RAB,Skhirate-Témara,Rural,Féminin,Primaire,Maître d'enseignement,SVT,10,5840,23,0,0
ENS200852,2022-2023,Casablanca-Settat,CAS,Mohammadia,Urbain,Masculin,Qualifiant,Maître d'enseignement,Histoire-Géo,4,4221,25,0,9
ENS200853,2021-2022,Casablanca-Settat,CAS,Casablanca,Rural,Masculin,Primaire,Maître d'enseignement,Histoire-Géo,32,4529,29,1,23
ENS200854,2019-2020,Drâa-Tafilalet,DRA,Zagora,Urbain,Masculin,Collégial,Contractuel,Physique-Chimie,26,4062,25,1,0
ENS200855,2016-2017,Casablanca-Settat,CAS,Casablanca,Rural,Masculin,Primaire,Instituteur,Mathématiques,13,4710,29,0,0
ENS200856,2018-2019,Casablanca-Settat,CAS,Mohammadia,Urbain,Féminin,Primaire,Contractuel,Mathématiques,2,4399,25,0,19
ENS200857,2021-2022,Rabat-Salé-Kénitra,RAB,Rabat,Urbain,Féminin,Qualifiant,Maître d'enseignement,Mathématiques,21,5084,30,0,0
ENS200858,2017-2018,Fès-Meknès,FES,El Hajeb,Rural,Féminin,Primaire,Contractuel,Anglais,26,3268,28,0,0
ENS200859,2018-2019,Rabat-Salé-Kénitra,RAB,Rabat,Urbain,Masculin,Primaire,Professeur agrégé,Sciences,15,8643,21,0,0
ENS200860,2022-2023,Marrakech-Safi,MAR,Al Haouz,Rural,Féminin,Primaire,Instituteur,Anglais,9,3825,26,0,3
ENS200861,2018-2019,Béni Mellal-Khénifra,BMK,Khouribga,Rural,Masculin,Primaire,Professeur certifié,Arabe,7,6430,20,1,24
ENS200862,2016-2017,Fès-Meknès,FES,Moulay Yacoub,Urbain,Féminin,Primaire,Professeur agrégé,SVT,14,8427,27,1,22
ENS200863,2022-2023,Casablanca-Settat,CAS,Mohammadia,Urbain,Masculin,Qualifiant,Professeur agrégé,Mathématiques,20,8371,28,0,0
ENS200864,2022-2023,Casablanca-Settat,CAS,Mohammadia,Rural,Féminin,Primaire,Professeur agrégé,Physique-Chimie,5,7456,25,0,0
ENS200865,2020-2021,Rabat-Salé-Kénitra,RAB,Kénitra,Urbain,Masculin,Primaire,Vacataire,Éducation islamique,24,3012,20,1,0
ENS200866,2019-2020,Casablanca-Settat,CAS,El Jadida,Rural,Masculin,Qualifiant,Vacataire,Philosophie,9,1743,22,0,0
ENS200867,2016-2017,Béni Mellal-Khénifra,BMK,Azilal,Rural,Masculin,Collégial,Instituteur,Anglais,15,4536,21,0,10
ENS200868,2023-2024,Marrakech-Safi,MAR,Marrakech,Urbain,Féminin,Primaire,Instituteur,Arabe,2,5422,18,1,0
ENS200869,2020-2021,Rabat-Salé-Kénitra,RAB,Sidi Slimane,Rural,Masculin,Primaire,Instituteur,Mathématiques,33,4529,29,1,6
ENS200870,2018-2019,Souss-Massa,SOU,Agadir-Ida-Ou-Tanane,Rural,Masculin,Primaire,Professeur certifié,Anglais,6,5240,27,0,0
ENS200871,2022-2023,Drâa-Tafilalet,DRA,Zagora,Rural,Masculin,Primaire,Instituteur,Arabe,21,5012,30,0,0
ENS200872,2022-2023,Marrakech-Safi,MAR,Safi,Rural,Masculin,Collégial,Professeur certifié,Arabe,12,7682,19,1,15
ENS200873,2023-2024,Béni Mellal-Khénifra,BMK,Azilal,Rural,Masculin,Qualifiant,Maître d'enseignement,Arabe,21,4629,19,0,20
ENS200874,2023-2024,Laâyoune-Sakia El Hamra,LAA,Laâyoune,Rural,Féminin,Collégial,Instituteur,Arabe,17,5803,19,0,2
ENS200875,2015-2016,Rabat-Salé-Kénitra,RAB,Khémisset,Rural,Masculin,Collégial,Instituteur,Philosophie,1,4109,20,0,3
ENS200876,2023-2024,Casablanca-Settat,CAS,El Jadida,Urbain,Féminin,Primaire,Instituteur,Éducation physique,8,4621,26,0,13
ENS200877,2015-2016,Oriental,ORI,Taourirt,Urbain,Masculin,Collégial,Maître d'enseignement,Sciences,14,5915,18,0,1
ENS200878,2016-2017,Béni Mellal-Khénifra,BMK,Béni Mellal,Rural,Féminin,Collégial,Contractuel,Français,10,3577,23,1,0
ENS200879,2017-2018,Guelmim-Oued Noun,GUE,Guelmim,Rural,Masculin,Qualifiant,Professeur certifié,Histoire-Géo,17,5122,24,0,18
ENS200880,2016-2017,Marrakech-Safi,MAR,Chichaoua,Urbain,Féminin,Collégial,Maître d'enseignement,Anglais,9,5027,30,0,15
ENS200881,2015-2016,Tanger-Tétouan-Al Hoceïma,TAN,Tétouan,Rural,Féminin,Primaire,Professeur certifié,Arabe,22,8007,23,0,12
ENS200882,2020-2021,Casablanca-Settat,CAS,Benslimane,Rural,Féminin,Collégial,Professeur agrégé,Français,22,7908,29,1,12
ENS200883,2015-2016,Drâa-Tafilalet,DRA,Tinghir,Urbain,Féminin,Collégial,Professeur certifié,Mathématiques,23,6292,19,1,0
ENS200884,2022-2023,Marrakech-Safi,MAR,El Kelaa des Sraghna,Rural,Masculin,Collégial,Maître d'enseignement,SVT,31,5491,18,0,0
ENS200885,2020-2021,Casablanca-Settat,CAS,Casablanca,Rural,Masculin,Collégial,Professeur certifié,Mathématiques,23,6873,19,1,0
ENS200886,2018-2019,Casablanca-Settat,CAS,Casablanca,Urbain,Féminin,Qualifiant,Instituteur,Anglais,31,5771,26,0,0
ENS200887,2023-2024,Oriental,ORI,Driouch,Urbain,Masculin,Primaire,Instituteur,SVT,15,5536,30,1,20
ENS200888,2015-2016,Laâyoune-Sakia El Hamra,LAA,Es-Semara,Rural,Masculin,Collégial,Contractuel,Français,29,4298,20,0,19
ENS200889,2023-2024,Casablanca-Settat,CAS,Mohammadia,Urbain,Féminin,Qualifiant,Contractuel,Éducation islamique,33,3848,20,1,16
ENS200890,2017-2018,Marrakech-Safi,MAR,Al Haouz,Urbain,Masculin,Préscolaire,Professeur certifié,Français,7,7399,19,1,15
ENS200891,2016-2017,Fès-Meknès,FES,Séfrou,Urbain,Féminin,Primaire,Instituteur,SVT,4,4638,28,1,17
ENS200892,2021-2022,Marrakech-Safi,MAR,Al Haouz,Urbain,Masculin,Primaire,Instituteur,Français,23,5062,28,1,9
ENS200893,2019-2020,Souss-Massa,SOU,Tata,Urbain,Féminin,Primaire,Instituteur,SVT,26,4811,30,0,0
ENS200894,2019-2020,Marrakech-Safi,MAR,El Kelaa des Sraghna,Urbain,Féminin,Primaire,Contractuel,Physique-Chimie,18,4427,19,1,0
ENS200895,2016-2017,Drâa-Tafilalet,DRA,Zagora,Urbain,Féminin,Collégial,Maître d'enseignement,Éducation islamique,1,5812,26,1,4
ENS200896,2023-2024,Souss-Massa,SOU,Inezgane-Ait Melloul,Rural,Féminin,Qualifiant,Professeur certifié,Arabe,14,6356,19,0,0
ENS200897,2021-2022,Laâyoune-Sakia El Hamra,LAA,Boujdour,Urbain,Masculin,Primaire,Professeur agrégé,Arabe,17,9460,31,0,22
ENS200898,2018-2019,Marrakech-Safi,MAR,Youssoufia,Urbain,Féminin,Collégial,Contractuel,SVT,21,4432,23,0,8
ENS200899,2019-2020,Rabat-Salé-Kénitra,RAB,Sidi Kacem,Rural,Masculin,Qualifiant,Maître d'enseignement,Histoire-Géo,18,5439,18,1,5
ENS200900,2020-2021,Tanger-Tétouan-Al Hoceïma,TAN,Ouazzane,Urbain,Féminin,Collégial,Contractuel,Mathématiques,17,3843,23,0,0
ENS200901,2022-2023,Marrakech-Safi,MAR,Chichaoua,Urbain,Féminin,Primaire,Professeur certifié,Physique-Chimie,21,6228,29,0,0
ENS200902,2022-2023,Casablanca-Settat,CAS,Settat,Urbain,Masculin,Primaire,Instituteur,Sciences,8,5319,30,1,24
ENS200903,2021-2022,Fès-Meknès,FES,Taza,Urbain,Masculin,Qualifiant,Contractuel,Français,29,4367,21,0,0
ENS200904,2015-2016,Marrakech-Safi,MAR,El Kelaa des Sraghna,Rural,Masculin,Primaire,Contractuel,Philosophie,17,4517,30,0,8
ENS200905,2019-2020,Marrakech-Safi,MAR,Safi,Urbain,Masculin,Primaire,Contractuel,Physique-Chimie,3,5176,24,0,8
ENS200906,2020-2021,Tanger-Tétouan-Al Hoceïma,TAN,Larache,Urbain,Féminin,Primaire,Professeur certifié,Arabe,28,6271,30,0,16
ENS200907,2020-2021,Fès-Meknès,FES,Séfrou,Urbain,Masculin,Primaire,Contractuel,Arabe,1,5118,18,0,17
ENS200908,2021-2022,Oriental,ORI,Driouch,Urbain,Féminin,Primaire,Instituteur,SVT,33,5224,29,0,18
ENS200909,2017-2018,Rabat-Salé-Kénitra,RAB,Khémisset,Urbain,Masculin,Qualifiant,Instituteur,Sciences,27,5380,30,1,0
ENS200910,2023-2024,Rabat-Salé-Kénitra,RAB,Rabat,Rural,Féminin,Collégial,Professeur certifié,Éducation physique,17,6949,30,1,0
ENS200911,2022-2023,Béni Mellal-Khénifra,BMK,Azilal,Urbain,Féminin,Collégial,Professeur certifié,Mathématiques,20,5879,26,0,21
ENS200912,2022-2023,Fès-Meknès,FES,Meknès,Urbain,Féminin,Primaire,Maître d'enseignement,SVT,25,5088,28,0,0
ENS200913,2017-2018,Casablanca-Settat,CAS,El Jadida,Urbain,Masculin,Collégial,Vacataire,Éducation physique,27,1990,21,0,0
ENS200914,2016-2017,Tanger-Tétouan-Al Hoceïma,TAN,Ouazzane,Rural,Féminin,Primaire,Maître d'enseignement,Histoire-Géo,32,7114,31,1,0
ENS200915,2016-2017,Marrakech-Safi,MAR,Safi,Urbain,Masculin,Collégial,Maître d'enseignement,Anglais,15,5767,30,0,0
ENS200916,2018-2019,Rabat-Salé-Kénitra,RAB,Khémisset,Urbain,Masculin,Primaire,Instituteur,Éducation islamique,32,5050,30,1,0
ENS200917,2019-2020,Fès-Meknès,FES,Séfrou,Rural,Féminin,Qualifiant,Contractuel,SVT,16,5112,27,0,11
ENS200918,2018-2019,Oriental,ORI,Berkane,Urbain,Masculin,Qualifiant,Instituteur,Éducation physique,16,4467,21,1,24
ENS200919,2019-2020,Casablanca-Settat,CAS,Settat,Urbain,Féminin,Primaire,Maître d'enseignement,Anglais,31,6456,19,0,16
ENS200920,2016-2017,Casablanca-Settat,CAS,Mohammadia,Rural,Féminin,Primaire,Professeur agrégé,Sciences,3,8163,29,0,0
ENS200921,2019-2020,Fès-Meknès,FES,Fès,Urbain,Masculin,Collégial,Vacataire,Philosophie,28,3530,27,0,20
ENS200922,2015-2016,Tanger-Tétouan-Al Hoceïma,TAN,Larache,Urbain,Masculin,Qualifiant,Professeur certifié,Arabe,24,7976,23,0,1
ENS200923,2023-2024,Drâa-Tafilalet,DRA,Zagora,Rural,Féminin,Qualifiant,Instituteur,Éducation islamique,11,3976,24,1,17
ENS200924,2015-2016,Béni Mellal-Khénifra,BMK,Béni Mellal,Rural,Masculin,Collégial,Contractuel,Sciences,15,3450,22,1,22
ENS200925,2016-2017,Casablanca-Settat,CAS,El Jadida,Rural,Féminin,Qualifiant,Professeur certifié,Histoire-Géo,11,5479,23,1,21
ENS200926,2018-2019,Fès-Meknès,FES,El Hajeb,Rural,Masculin,Primaire,Maître d'enseignement,Physique-Chimie,9,5541,21,0,0
ENS200927,2022-2023,Marrakech-Safi,MAR,Youssoufia,Urbain,Féminin,Primaire,Maître d'enseignement,Français,7,5607,24,1,6
ENS200928,2022-2023,Béni Mellal-Khénifra,BMK,El Kelaa des Sraghna,Rural,Masculin,Primaire,Maître d'enseignement,Mathématiques,21,6507,31,1,0
ENS200929,2018-2019,Tanger-Tétouan-Al Hoceïma,TAN,Mdiq-Fnideq,Urbain,Féminin,Qualifiant,Instituteur,SVT,8,5110,27,0,21
ENS200930,2020-2021,Fès-Meknès,FES,Boulemane,Rural,Masculin,Collégial,Instituteur,Histoire-Géo,6,4272,20,1,19
ENS200931,2021-2022,Oriental,ORI,Nador,Urbain,Masculin,Collégial,Professeur certifié,SVT,4,6748,23,0,12
ENS200932,2021-2022,Souss-Massa,SOU,Agadir-Ida-Ou-Tanane,Rural,Masculin,Primaire,Professeur agrégé,Mathématiques,10,9368,28,1,0
ENS200933,2018-2019,Béni Mellal-Khénifra,BMK,Azilal,Rural,Masculin,Primaire,Vacataire,SVT,29,3426,18,0,9
ENS200934,2015-2016,Marrakech-Safi,MAR,El Kelaa des Sraghna,Urbain,Féminin,Préscolaire,Professeur certifié,Arabe,20,5240,24,0,0
ENS200935,2019-2020,Casablanca-Settat,CAS,Settat,Rural,Masculin,Primaire,Vacataire,Sciences,24,2636,23,1,6
ENS200936,2021-2022,Oriental,ORI,Figuig,Rural,Féminin,Primaire,Professeur certifié,SVT,23,7455,19,0,13
ENS200937,2021-2022,Oriental,ORI,Driouch,Rural,Masculin,Primaire,Instituteur,Histoire-Géo,7,3864,25,0,5
ENS200938,2016-2017,Rabat-Salé-Kénitra,RAB,Kénitra,Urbain,Masculin,Primaire,Instituteur,Mathématiques,27,5549,22,0,9
ENS200939,2015-2016,Guelmim-Oued Noun,GUE,Assa-Zag,Rural,Féminin,Collégial,Instituteur,SVT,14,5614,29,1,12
ENS200940,2023-2024,Marrakech-Safi,MAR,El Kelaa des Sraghna,Urbain,Masculin,Collégial,Contractuel,Philosophie,6,3729,22,1,0
ENS200941,2016-2017,Dakhla-Oued Eddahab,DAK,Dakhla,Urbain,Féminin,Primaire,Professeur certifié,Éducation islamique,2,6878,24,1,0
ENS200942,2023-2024,Tanger-Tétouan-Al Hoceïma,TAN,Mdiq-Fnideq,Urbain,Masculin,Qualifiant,Instituteur,SVT,15,5899,18,0,17
ENS200943,2015-2016,Fès-Meknès,FES,Taounate,Urbain,Féminin,Primaire,Professeur certifié,Philosophie,6,6046,19,1,0
ENS200944,2023-2024,Tanger-Tétouan-Al Hoceïma,TAN,Tanger-Assilah,Urbain,Masculin,Primaire,Maître d'enseignement,Anglais,16,5574,20,0,2
ENS200945,2017-2018,Rabat-Salé-Kénitra,RAB,Skhirate-Témara,Urbain,Masculin,Primaire,Maître d'enseignement,Arabe,31,5689,26,0,18
ENS200946,2021-2022,Souss-Massa,SOU,Chtouka-Ait Baha,Rural,Féminin,Primaire,Professeur agrégé,Arabe,10,8384,29,0,21
ENS200947,2015-2016,Marrakech-Safi,MAR,Al Haouz,Urbain,Masculin,Qualifiant,Professeur agrégé,Arabe,7,7592,27,0,5
ENS200948,2019-2020,Fès-Meknès,FES,Taza,Rural,Masculin,Primaire,Professeur certifié,Physique-Chimie,19,6905,26,1,0
ENS200949,2020-2021,Oriental,ORI,Oujda-Angad,Urbain,Féminin,Primaire,Vacataire,Français,9,3062,24,0,0
ENS200950,2018-2019,Casablanca-Settat,CAS,Benslimane,Urbain,Féminin,Primaire,Professeur certifié,SVT,34,6824,22,0,0
ENS200951,2019-2020,Béni Mellal-Khénifra,BMK,Azilal,Rural,Féminin,Primaire,Professeur certifié,Français,17,6734,28,0,20
ENS200952,2020-2021,Drâa-Tafilalet,DRA,Ouarzazate,Urbain,Masculin,Primaire,Professeur certifié,Éducation physique,26,6591,21,1,19
ENS200953,2023-2024,Fès-Meknès,FES,Taounate,Urbain,Féminin,Primaire,Vacataire,Éducation physique,9,3024,19,0,0
ENS200954,2016-2017,Béni Mellal-Khénifra,BMK,Khouribga,Rural,Masculin,Préscolaire,Professeur certifié,Anglais,21,6123,24,1,15
ENS200955,2021-2022,Casablanca-Settat,CAS,Berrechid,Rural,Féminin,Primaire,Instituteur,Sciences,22,5165,29,1,13
ENS200956,2019-2020,Marrakech-Safi,MAR,El Kelaa des Sraghna,Rural,Féminin,Primaire,Professeur certifié,Sciences,13,6426,31,0,0
ENS200957,2021-2022,Casablanca-Settat,CAS,Settat,Urbain,Féminin,Collégial,Professeur certifié,Éducation islamique,17,5933,23,1,0
ENS200958,2021-2022,Casablanca-Settat,CAS,Berrechid,Urbain,Féminin,Collégial,Vacataire,Éducation islamique,15,3467,25,0,6
ENS200959,2021-2022,Tanger-Tétouan-Al Hoceïma,TAN,Al Hoceïma,Urbain,Masculin,Primaire,Instituteur,Physique-Chimie,25,4790,21,0,5
ENS200960,2017-2018,Béni Mellal-Khénifra,BMK,Fquih Ben Salah,Urbain,Féminin,Primaire,Maître d'enseignement,Sciences,30,4395,28,1,9
ENS200961,2015-2016,Drâa-Tafilalet,DRA,Ouarzazate,Rural,Masculin,Qualifiant,Professeur certifié,SVT,10,6747,20,0,0
ENS200962,2016-2017,Marrakech-Safi,MAR,Chichaoua,Rural,Féminin,Primaire,Instituteur,Physique-Chimie,12,5579,26,0,1
ENS200963,2022-2023,Casablanca-Settat,CAS,Berrechid,Rural,Masculin,Collégial,Professeur agrégé,Éducation physique,33,8225,31,1,2
ENS200964,2020-2021,Casablanca-Settat,CAS,Benslimane,Urbain,Féminin,Qualifiant,Vacataire,SVT,23,3944,25,0,0
ENS200965,2015-2016,Rabat-Salé-Kénitra,RAB,Salé,Rural,Masculin,Primaire,Professeur certifié,Sciences,29,7141,26,0,12
ENS200966,2015-2016,Marrakech-Safi,MAR,Al Haouz,Rural,Masculin,Primaire,Instituteur,Anglais,28,4479,25,0,0
ENS200967,2019-2020,Souss-Massa,SOU,Agadir-Ida-Ou-Tanane,Rural,Masculin,Collégial,Vacataire,Éducation islamique,32,2785,20,0,8
ENS200968,2017-2018,Tanger-Tétouan-Al Hoceïma,TAN,Chefchaouen,Urbain,Féminin,Primaire,Professeur agrégé,Arabe,12,9022,25,0,16
ENS200969,2016-2017,Casablanca-Settat,CAS,Khouribga,Rural,Masculin,Primaire,Professeur agrégé,Philosophie,32,9770,27,0,0
ENS200970,2015-2016,Tanger-Tétouan-Al Hoceïma,TAN,Tanger-Assilah,Rural,Masculin,Primaire,Maître d'enseignement,Arabe,29,4963,31,1,1
ENS200971,2023-2024,Béni Mellal-Khénifra,BMK,Azilal,Urbain,Masculin,Primaire,Professeur agrégé,Éducation physique,20,6809,24,1,0
ENS200972,2017-2018,Marrakech-Safi,MAR,Youssoufia,Rural,Féminin,Primaire,Instituteur,Mathématiques,8,5175,28,0,11
ENS200973,2018-2019,Marrakech-Safi,MAR,Chichaoua,Rural,Masculin,Collégial,Professeur certifié,Histoire-Géo,13,6940,27,0,17
ENS200974,2023-2024,Souss-Massa,SOU,Chtouka-Ait Baha,Rural,Masculin,Primaire,Professeur certifié,SVT,18,6503,30,1,7
ENS200975,2015-2016,Casablanca-Settat,CAS,Casablanca,Urbain,Masculin,Qualifiant,Professeur certifié,Éducation physique,30,7853,28,0,13
ENS200976,2015-2016,Casablanca-Settat,CAS,Benslimane,Urbain,Masculin,Qualifiant,Professeur agrégé,Sciences,23,7337,19,1,2
ENS200977,2020-2021,Drâa-Tafilalet,DRA,Zagora,Urbain,Masculin,Collégial,Professeur agrégé,Anglais,20,8767,22,0,22
ENS200978,2018-2019,Souss-Massa,SOU,Taroudannt,Urbain,Féminin,Collégial,Professeur certifié,Philosophie,13,6690,25,0,18
ENS200979,2016-2017,Fès-Meknès,FES,El Hajeb,Rural,Masculin,Primaire,Vacataire,Physique-Chimie,32,2356,31,0,0
ENS200980,2020-2021,Tanger-Tétouan-Al Hoceïma,TAN,Chefchaouen,Rural,Masculin,Qualifiant,Professeur certifié,Éducation islamique,3,8305,30,1,0
ENS200981,2021-2022,Oriental,ORI,Berkane,Urbain,Masculin,Collégial,Contractuel,Philosophie,34,4124,24,0,2
ENS200982,2017-2018,Fès-Meknès,FES,El Hajeb,Rural,Féminin,Primaire,Vacataire,Anglais,2,2417,31,1,14
ENS200983,2017-2018,Fès-Meknès,FES,Taza,Urbain,Masculin,Primaire,Vacataire,Anglais,32,2274,30,1,6
ENS200984,2020-2021,Marrakech-Safi,MAR,Safi,Urbain,Masculin,Collégial,Professeur certifié,Français,5,5845,28,1,22
ENS200985,2023-2024,Casablanca-Settat,CAS,Settat,Urbain,Masculin,Collégial,Professeur certifié,Histoire-Géo,15,5589,19,1,0
ENS200986,2015-2016,Marrakech-Safi,MAR,Al Haouz,Urbain,Masculin,Primaire,Professeur certifié,SVT,1,7310,20,1,1
ENS200987,2019-2020,Rabat-Salé-Kénitra,RAB,Salé,Rural,Masculin,Collégial,Professeur agrégé,Histoire-Géo,22,7947,19,0,1
ENS200988,2016-2017,Fès-Meknès,FES,Fès,Rural,Masculin,Primaire,Professeur certifié,Sciences,30,5567,20,1,0
ENS200989,2015-2016,Béni Mellal-Khénifra,BMK,El Kelaa des Sraghna,Rural,Féminin,Collégial,Professeur certifié,Éducation islamique,31,6155,31,0,13
ENS200990,2023-2024,Béni Mellal-Khénifra,BMK,Béni Mellal,Urbain,Féminin,Primaire,Maître d'enseignement,Anglais,12,4695,24,1,19
ENS200991,2020-2021,Béni Mellal-Khénifra,BMK,El Kelaa des Sraghna,Rural,Masculin,Qualifiant,Professeur certifié,Français,16,6711,26,1,0
ENS200992,2023-2024,Béni Mellal-Khénifra,BMK,Fquih Ben Salah,Urbain,Masculin,Primaire,Professeur certifié,Histoire-Géo,6,6440,27,1,0
ENS200993,2022-2023,Tanger-Tétouan-Al Hoceïma,TAN,Chefchaouen,Rural,Masculin,Primaire,Professeur agrégé,Éducation islamique,30,8383,23,0,2
ENS200994,2019-2020,Marrakech-Safi,MAR,Marrakech,Urbain,Masculin,Préscolaire,Instituteur,Mathématiques,12,4705,23,1,12
ENS200995,2022-2023,Souss-Massa,SOU,Agadir-Ida-Ou-Tanane,Urbain,Masculin,Collégial,Instituteur,Physique-Chimie,23,5399,29,0,14
ENS200996,2016-2017,Oriental,ORI,Driouch,Rural,Féminin,Primaire,Professeur certifié,SVT,7,6276,19,0,16
ENS200997,2020-2021,Béni Mellal-Khénifra,BMK,Fquih Ben Salah,Rural,Féminin,Primaire,Professeur agrégé,Éducation islamique,2,7555,25,0,1
ENS200998,2021-2022,Casablanca-Settat,CAS,Casablanca,Urbain,Féminin,Primaire,Vacataire,Éducation islamique,24,3225,23,0,2
ENS200999,2021-2022,Fès-Meknès,FES,Meknès,Rural,Masculin,Primaire,Maître d'enseignement,Sciences,4,5967,25,0,0
ENS201000,2016-2017,Souss-Massa,SOU,Inezgane-Ait Melloul,Rural,Masculin,Primaire,Contractuel,Physique-Chimie,16,4154,28,0,23
ENS201001,2021-2022,Béni Mellal-Khénifra,BMK,Béni Mellal,Urbain,Masculin,Primaire,Professeur certifié,Histoire-Géo,29,5621,18,0,18
ENS201002,2018-2019,Rabat-Salé-Kénitra,RAB,Rabat,Rural,Masculin,Collégial,Professeur certifié,Philosophie,3,7984,18,1,24
ENS201003,2020-2021,Béni Mellal-Khénifra,BMK,Béni Mellal,Urbain,Féminin,Qualifiant,Professeur certifié,Histoire-Géo,32,6519,30,1,11
ENS201004,2015-2016,Casablanca-Settat,CAS,Sidi Bennour,Rural,Féminin,Primaire,Contractuel,Sciences,2,4509,26,0,0
ENS201005,2015-2016,Fès-Meknès,FES,Taounate,Urbain,Masculin,Qualifiant,Maître d'enseignement,Sciences,17,5863,21,0,14
ENS201006,2019-2020,Souss-Massa,SOU,Taroudannt,Urbain,Féminin,Collégial,Contractuel,Éducation physique,16,3424,28,0,5
ENS201007,2017-2018,Fès-Meknès,FES,Meknès,Rural,Masculin,Primaire,Professeur agrégé,Arabe,27,7269,19,0,0
ENS201008,2017-2018,Casablanca-Settat,CAS,Casablanca,Rural,Masculin,Qualifiant,Professeur certifié,Physique-Chimie,12,6797,30,0,9
ENS201009,2020-2021,Marrakech-Safi,MAR,Safi,Rural,Masculin,Collégial,Contractuel,Arabe,19,3633,18,0,6
ENS201010,2016-2017,Béni Mellal-Khénifra,BMK,Fquih Ben Salah,Rural,Féminin,Collégial,Contractuel,Anglais,30,4065,25,1,19
ENS201011,2021-2022,Marrakech-Safi,MAR,Youssoufia,Rural,Féminin,Collégial,Professeur certifié,Mathématiques,22,7203,24,1,0
ENS201012,2021-2022,Guelmim-Oued Noun,GUE,Tan-Tan,Rural,Masculin,Primaire,Professeur certifié,Histoire-Géo,1,6786,25,1,20
ENS201013,2015-2016,Béni Mellal-Khénifra,BMK,Azilal,Rural,Masculin,Primaire,Maître d'enseignement,Philosophie,8,6455,24,1,11
ENS201014,2021-2022,Souss-Massa,SOU,Tata,Urbain,Masculin,Primaire,Professeur agrégé,Anglais,31,7545,29,1,0
ENS201015,2022-2023,Rabat-Salé-Kénitra,RAB,Skhirate-Témara,Rural,Masculin,Qualifiant,Instituteur,Philosophie,27,5290,19,1,0
ENS201016,2022-2023,Marrakech-Safi,MAR,Marrakech,Rural,Féminin,Primaire,Instituteur,Physique-Chimie,2,5281,24,1,0
ENS201017,2015-2016,Béni Mellal-Khénifra,BMK,Khouribga,Urbain,Masculin,Primaire,Instituteur,Arabe,21,4703,26,0,14
ENS201018,2021-2022,Marrakech-Safi,MAR,Safi,Urbain,Masculin,Collégial,Contractuel,Français,22,2323,29,0,0
ENS201019,2021-2022,Marrakech-Safi,MAR,Essaouira,Urbain,Masculin,Collégial,Vacataire,Mathématiques,25,2592,26,0,4
ENS201020,2021-2022,Fès-Meknès,FES,Fès,Urbain,Masculin,Collégial,Professeur certifié,Physique-Chimie,3,6767,26,0,0
ENS201021,2022-2023,Béni Mellal-Khénifra,BMK,Azilal,Rural,Masculin,Primaire,Maître d'enseignement,Arabe,18,5644,25,0,19
ENS201022,2021-2022,Casablanca-Settat,CAS,Khouribga,Rural,Masculin,Primaire,Contractuel,SVT,4,4529,22,1,2
ENS201023,2017-2018,Tanger-Tétouan-Al Hoceïma,TAN,Fahs-Anjra,Rural,Masculin,Collégial,Instituteur,Éducation islamique,29,3233,19,0,20
ENS201024,2017-2018,Rabat-Salé-Kénitra,RAB,Kénitra,Rural,Masculin,Collégial,Professeur certifié,Anglais,4,5768,18,0,19
ENS201025,2022-2023,Oriental,ORI,Jerada,Urbain,Féminin,Qualifiant,Instituteur,Mathématiques,28,4770,22,0,0
ENS201026,2018-2019,Souss-Massa,SOU,Tata,Rural,Féminin,Primaire,Instituteur,Philosophie,6,4927,20,1,0
ENS201027,2017-2018,Tanger-Tétouan-Al Hoceïma,TAN,Tétouan,Rural,Féminin,Préscolaire,Professeur certifié,Mathématiques,19,6595,30,0,23
ENS201028,2017-2018,Casablanca-Settat,CAS,El Jadida,Rural,Féminin,Primaire,Maître d'enseignement,Français,32,6231,21,0,22
ENS201029,2015-2016,Fès-Meknès,FES,Fès,Rural,Masculin,Qualifiant,Maître d'enseignement,Sciences,33,5329,18,0,9
ENS201030,2021-2022,Souss-Massa,SOU,Agadir-Ida-Ou-Tanane,Rural,Féminin,Primaire,Professeur certifié,SVT,25,6105,20,0,24
ENS201031,2022-2023,Souss-Massa,SOU,Tata,Rural,Féminin,Qualifiant,Contractuel,Éducation physique,24,3617,19,0,0
ENS201032,2019-2020,Souss-Massa,SOU,Inezgane-Ait Melloul,Rural,Masculin,Préscolaire,Contractuel,Physique-Chimie,13,3836,20,0,7
ENS201033,2020-2021,Rabat-Salé-Kénitra,RAB,Salé,Urbain,Masculin,Collégial,Professeur certifié,Histoire-Géo,30,5335,19,0,2
ENS201034,2017-2018,Casablanca-Settat,CAS,Sidi Bennour,Rural,Masculin,Qualifiant,Professeur certifié,Anglais,33,6127,23,1,13
ENS201035,2019-2020,Casablanca-Settat,CAS,Khouribga,Urbain,Masculin,Primaire,Instituteur,Arabe,13,4497,20,0,5
ENS201036,2019-2020,Marrakech-Safi,MAR,Youssoufia,Urbain,Masculin,Qualifiant,Professeur certifié,Éducation islamique,1,6706,26,0,0
ENS201037,2023-2024,Rabat-Salé-Kénitra,RAB,Khémisset,Urbain,Masculin,Qualifiant,Instituteur,Physique-Chimie,32,5589,24,0,0
ENS201038,2015-2016,Casablanca-Settat,CAS,Khouribga,Urbain,Masculin,Primaire,Professeur certifié,Physique-Chimie,19,7261,27,0,0
ENS201039,2019-2020,Tanger-Tétouan-Al Hoceïma,TAN,Tanger-Assilah,Urbain,Féminin,Collégial,Instituteur,Arabe,34,4253,26,1,0
ENS201040,2018-2019,Casablanca-Settat,CAS,Casablanca,Rural,Féminin,Qualifiant,Contractuel,Mathématiques,24,4863,26,1,0
ENS201041,2023-2024,Oriental,ORI,Nador,Urbain,Féminin,Collégial,Instituteur,Histoire-Géo,24,5037,26,1,0
ENS201042,2021-2022,Casablanca-Settat,CAS,Benslimane,Rural,Masculin,Primaire,Professeur certifié,Physique-Chimie,22,5306,24,0,0
ENS201043,2021-2022,Fès-Meknès,FES,Fès,Urbain,Masculin,Primaire,Maître d'enseignement,Histoire-Géo,16,6743,18,0,1
ENS201044,2022-2023,Fès-Meknès,FES,Meknès,Rural,Masculin,Préscolaire,Professeur certifié,Sciences,14,5844,28,0,2
ENS201045,2018-2019,Casablanca-Settat,CAS,Khouribga,Rural,Masculin,Primaire,Professeur certifié,Histoire-Géo,34,6891,23,0,21
ENS201046,2019-2020,Oriental,ORI,Berkane,Rural,Masculin,Qualifiant,Contractuel,Anglais,30,4223,21,0,1
ENS201047,2016-2017,Souss-Massa,SOU,Chtouka-Ait Baha,Rural,Masculin,Collégial,Contractuel,Sciences,22,4882,20,0,9
ENS201048,2018-2019,Drâa-Tafilalet,DRA,Ouarzazate,Urbain,Féminin,Primaire,Maître d'enseignement,Philosophie,15,6187,30,0,0
ENS201049,2022-2023,Oriental,ORI,Nador,Rural,Masculin,Collégial,Contractuel,Histoire-Géo,9,4212,18,0,4
ENS201050,2022-2023,Marrakech-Safi,MAR,El Kelaa des Sraghna,Rural,Masculin,Primaire,Contractuel,Philosophie,5,3689,29,1,24
ENS201051,2016-2017,Fès-Meknès,FES,Séfrou,Urbain,Masculin,Primaire,Contractuel,Anglais,19,4973,22,1,10
ENS201052,2015-2016,Fès-Meknès,FES,Moulay Yacoub,Rural,Féminin,Qualifiant,Contractuel,Arabe,32,4318,26,1,0
ENS201053,2021-2022,Casablanca-Settat,CAS,Khouribga,Rural,Masculin,Qualifiant,Contractuel,Physique-Chimie,17,3332,24,1,6
ENS201054,2019-2020,Tanger-Tétouan-Al Hoceïma,TAN,Tanger-Assilah,Rural,Féminin,Collégial,Maître d'enseignement,Philosophie,27,6505,30,0,21
ENS201055,2015-2016,Casablanca-Settat,CAS,Sidi Bennour,Rural,Féminin,Primaire,Contractuel,Physique-Chimie,8,4574,23,1,7
ENS201056,2016-2017,Fès-Meknès,FES,Séfrou,Rural,Féminin,Primaire,Professeur certifié,Français,23,5053,25,0,23
ENS201057,2016-2017,Laâyoune-Sakia El Hamra,LAA,Laâyoune,Urbain,Masculin,Primaire,Contractuel,Éducation islamique,6,4503,27,0,12
ENS201058,2015-2016,Tanger-Tétouan-Al Hoceïma,TAN,Ouazzane,Urbain,Masculin,Primaire,Professeur certifié,Mathématiques,22,7846,18,0,15
ENS201059,2015-2016,Tanger-Tétouan-Al Hoceïma,TAN,Tétouan,Urbain,Féminin,Collégial,Contractuel,Philosophie,11,4397,26,1,0
ENS201060,2019-2020,Fès-Meknès,FES,Moulay Yacoub,Rural,Masculin,Primaire,Contractuel,Mathématiques,30,3818,29,0,10
ENS201061,2022-2023,Casablanca-Settat,CAS,Settat,Rural,Masculin,Qualifiant,Instituteur,Histoire-Géo,7,4787,29,1,0
ENS201062,2023-2024,Marrakech-Safi,MAR,Youssoufia,Urbain,Féminin,Qualifiant,Contractuel,Français,21,4617,30,1,0
ENS201063,2021-2022,Casablanca-Settat,CAS,El Jadida,Urbain,Masculin,Qualifiant,Professeur certifié,Sciences,28,6757,21,1,0
ENS201064,2016-2017,Souss-Massa,SOU,Taroudannt,Urbain,Masculin,Qualifiant,Instituteur,Histoire-Géo,6,4906,25,1,4
ENS201065,2018-2019,Fès-Meknès,FES,Taounate,Urbain,Masculin,Qualifiant,Contractuel,Sciences,30,3694,20,0,5
ENS201066,2017-2018,Fès-Meknès,FES,Fès,Urbain,Masculin,Primaire,Instituteur,Histoire-Géo,13,4552,31,0,2
ENS201067,2022-2023,Casablanca-Settat,CAS,Khouribga,Urbain,Masculin,Collégial,Professeur certifié,Éducation physique,16,6805,31,1,2
ENS201068,2016-2017,Rabat-Salé-Kénitra,RAB,Sidi Slimane,Urbain,Masculin,Primaire,Professeur certifié,Anglais,25,5735,25,0,0
ENS201069,2019-2020,Souss-Massa,SOU,Tata,Rural,Masculin,Collégial,Instituteur,Éducation islamique,15,4195,21,0,17
ENS201070,2018-2019,Casablanca-Settat,CAS,Khouribga,Urbain,Féminin,Préscolaire,Contractuel,Histoire-Géo,9,3857,31,0,10
ENS201071,2016-2017,Rabat-Salé-Kénitra,RAB,Sidi Slimane,Rural,Masculin,Primaire,Instituteur,Arabe,28,5886,28,0,0
ENS201072,2020-2021,Casablanca-Settat,CAS,Casablanca,Urbain,Masculin,Qualifiant,Professeur certifié,SVT,3,6940,27,0,1
ENS201073,2023-2024,Marrakech-Safi,MAR,Safi,Rural,Masculin,Préscolaire,Instituteur,Physique-Chimie,20,4516,28,0,15
ENS201074,2023-2024,Fès-Meknès,FES,Meknès,Rural,Masculin,Collégial,Vacataire,Éducation islamique,1,3923,28,0,1
ENS201075,2016-2017,Rabat-Salé-Kénitra,RAB,Rabat,Rural,Féminin,Qualifiant,Professeur certifié,Anglais,26,6026,22,1,12
ENS201076,2015-2016,Casablanca-Settat,CAS,Casablanca,Rural,Féminin,Qualifiant,Professeur certifié,Anglais,28,5976,28,0,13
ENS201077,2016-2017,Fès-Meknès,FES,Taza,Urbain,Masculin,Primaire,Contractuel,Physique-Chimie,32,4758,18,0,5
ENS201078,2015-2016,Marrakech-Safi,MAR,El Kelaa des Sraghna,Rural,Masculin,Qualifiant,Maître d'enseignement,SVT,30,6171,18,0,9
ENS201079,2019-2020,Casablanca-Settat,CAS,Settat,Urbain,Masculin,Primaire,Professeur agrégé,Sciences,11,7377,23,1,16
ENS201080,2017-2018,Casablanca-Settat,CAS,Berrechid,Urbain,Féminin,Primaire,Maître d'enseignement,Arabe,8,6071,22,1,17
ENS201081,2020-2021,Casablanca-Settat,CAS,Casablanca,Rural,Féminin,Collégial,Contractuel,Physique-Chimie,6,3447,27,1,9
ENS201082,2021-2022,Marrakech-Safi,MAR,Safi,Urbain,Masculin,Qualifiant,Instituteur,Physique-Chimie,22,5266,23,0,0
ENS201083,2016-2017,Souss-Massa,SOU,Tata,Urbain,Masculin,Collégial,Professeur certifié,Mathématiques,17,6587,21,0,20
ENS201084,2016-2017,Casablanca-Settat,CAS,Mohammadia,Rural,Masculin,Primaire,Instituteur,SVT,1,4903,23,1,12
ENS201085,2022-2023,Casablanca-Settat,CAS,Casablanca,Rural,Masculin,Collégial,Contractuel,Éducation physique,14,5205,26,1,15
ENS201086,2019-2020,Casablanca-Settat,CAS,Berrechid,Urbain,Féminin,Collégial,Professeur certifié,Histoire-Géo,16,6698,28,1,18
ENS201087,2019-2020,Rabat-Salé-Kénitra,RAB,Kénitra,Rural,Masculin,Collégial,Professeur certifié,Anglais,7,7051,29,0,9
ENS201088,2016-2017,Casablanca-Settat,CAS,El Jadida,Urbain,Masculin,Préscolaire,Instituteur,Français,13,5935,30,1,23
ENS201089,2023-2024,Béni Mellal-Khénifra,BMK,Béni Mellal,Rural,Masculin,Primaire,Professeur agrégé,Histoire-Géo,24,8521,24,1,20
ENS201090,2018-2019,Marrakech-Safi,MAR,Safi,Urbain,Masculin,Collégial,Professeur certifié,Sciences,15,6040,28,0,0
ENS201091,2022-2023,Béni Mellal-Khénifra,BMK,Azilal,Rural,Masculin,Primaire,Professeur certifié,Philosophie,15,5380,29,0,8
ENS201092,2023-2024,Casablanca-Settat,CAS,Casablanca,Urbain,Masculin,Primaire,Vacataire,Mathématiques,22,2445,21,0,0
ENS201093,2020-2021,Marrakech-Safi,MAR,Al Haouz,Urbain,Féminin,Qualifiant,Professeur agrégé,Éducation physique,1,7577,27,1,13
ENS201094,2017-2018,Casablanca-Settat,CAS,Berrechid,Rural,Féminin,Collégial,Instituteur,Arabe,1,5428,25,0,0
ENS201095,2019-2020,Rabat-Salé-Kénitra,RAB,Rabat,Rural,Masculin,Primaire,Instituteur,Physique-Chimie,21,5084,31,1,0
ENS201096,2018-2019,Souss-Massa,SOU,Agadir-Ida-Ou-Tanane,Rural,Masculin,Collégial,Professeur certifié,Français,15,6342,25,0,12
ENS201097,2016-2017,Béni Mellal-Khénifra,BMK,El Kelaa des Sraghna,Urbain,Masculin,Primaire,Instituteur,Éducation islamique,20,5133,28,0,21
ENS201098,2020-2021,Tanger-Tétouan-Al Hoceïma,TAN,Larache,Rural,Masculin,Primaire,Vacataire,Physique-Chimie,4,3054,18,0,0
ENS201099,2023-2024,Rabat-Salé-Kénitra,RAB,Sidi Slimane,Rural,Masculin,Collégial,Contractuel,Éducation physique,5,2761,26,0,5
ENS201100,2015-2016,Fès-Meknès,FES,Meknès,Urbain,Masculin,Primaire,Instituteur,Mathématiques,20,5853,28,1,0
ENS201101,2022-2023,Oriental,ORI,Taourirt,Rural,Masculin,Collégial,Instituteur,Français,26,4086,27,0,20
ENS201102,2023-2024,Marrakech-Safi,MAR,Essaouira,Rural,Féminin,Primaire,Instituteur,Physique-Chimie,9,6124,28,1,22
ENS201103,2018-2019,Fès-Meknès,FES,El Hajeb,Rural,Masculin,Primaire,Instituteur,SVT,16,5223,21,0,15
ENS201104,2017-2018,Casablanca-Settat,CAS,El Jadida,Urbain,Féminin,Primaire,Professeur agrégé,Philosophie,34,8449,31,1,17
ENS201105,2022-2023,Dakhla-Oued Eddahab,DAK,Aousserd,Urbain,Féminin,Primaire,Professeur certifié,Éducation islamique,27,5690,24,1,21
ENS201106,2017-2018,Souss-Massa,SOU,Chtouka-Ait Baha,Urbain,Masculin,Collégial,Contractuel,Sciences,23,3964,26,1,3
ENS201107,2017-2018,Rabat-Salé-Kénitra,RAB,Khémisset,Urbain,Masculin,Primaire,Professeur certifié,Éducation physique,29,6898,23,0,22
ENS201108,2018-2019,Marrakech-Safi,MAR,Youssoufia,Urbain,Masculin,Collégial,Professeur certifié,Physique-Chimie,26,6439,26,0,12
ENS201109,2016-2017,Oriental,ORI,Taourirt,Urbain,Masculin,Primaire,Professeur agrégé,Histoire-Géo,30,8709,26,0,10
ENS201110,2023-2024,Béni Mellal-Khénifra,BMK,Fquih Ben Salah,Rural,Masculin,Primaire,Instituteur,Physique-Chimie,1,5531,31,1,0
ENS201111,2016-2017,Fès-Meknès,FES,El Hajeb,Rural,Masculin,Préscolaire,Contractuel,SVT,13,4130,18,0,2
ENS201112,2015-2016,Drâa-Tafilalet,DRA,Ouarzazate,Rural,Féminin,Primaire,Professeur certifié,Mathématiques,5,6648,26,0,0
ENS201113,2015-2016,Béni Mellal-Khénifra,BMK,Béni Mellal,Urbain,Masculin,Primaire,Instituteur,Éducation physique,4,3680,24,0,18
ENS201114,2021-2022,Marrakech-Safi,MAR,El Kelaa des Sraghna,Rural,Masculin,Primaire,Instituteur,Sciences,17,5119,24,0,2
ENS201115,2019-2020,Rabat-Salé-Kénitra,RAB,Skhirate-Témara,Rural,Masculin,Collégial,Professeur certifié,Arabe,4,6788,26,0,0
ENS201116,2015-2016,Béni Mellal-Khénifra,BMK,Béni Mellal,Urbain,Féminin,Préscolaire,Professeur certifié,Mathématiques,3,6542,19,1,13
ENS201117,2022-2023,Casablanca-Settat,CAS,Casablanca,Urbain,Masculin,Qualifiant,Professeur agrégé,Français,33,9022,24,1,1
ENS201118,2015-2016,Oriental,ORI,Oujda-Angad,Rural,Masculin,Qualifiant,Instituteur,Histoire-Géo,14,4347,23,1,17
ENS201119,2018-2019,Drâa-Tafilalet,DRA,Midelt,Rural,Masculin,Qualifiant,Contractuel,Anglais,26,4694,19,0,0
ENS201120,2017-2018,Souss-Massa,SOU,Taroudannt,Urbain,Masculin,Qualifiant,Maître d'enseignement,Français,21,5314,18,1,21
ENS201121,2019-2020,Marrakech-Safi,MAR,Al Haouz,Urbain,Masculin,Collégial,Professeur agrégé,Histoire-Géo,34,10301,26,1,10
ENS201122,2018-2019,Rabat-Salé-Kénitra,RAB,Sidi Kacem,Urbain,Féminin,Primaire,Professeur agrégé,Philosophie,25,7766,25,1,1
ENS201123,2022-2023,Tanger-Tétouan-Al Hoceïma,TAN,Tanger-Assilah,Rural,Masculin,Qualifiant,Maître d'enseignement,Physique-Chimie,18,6895,24,1,12
ENS201124,2018-2019,Casablanca-Settat,CAS,Casablanca,Urbain,Féminin,Primaire,Instituteur,Mathématiques,27,4875,19,0,18
ENS201125,2020-2021,Marrakech-Safi,MAR,Chichaoua,Urbain,Féminin,Primaire,Instituteur,Sciences,26,4729,22,0,17
ENS201126,2020-2021,Drâa-Tafilalet,DRA,Tinghir,Rural,Masculin,Préscolaire,Professeur agrégé,Sciences,11,8040,25,0,14
ENS201127,2019-2020,Fès-Meknès,FES,Taza,Rural,Féminin,Préscolaire,Maître d'enseignement,SVT,5,5704,20,1,3
ENS201128,2016-2017,Souss-Massa,SOU,Tiznit,Urbain,Féminin,Primaire,Professeur certifié,Éducation islamique,34,5974,18,0,17
ENS201129,2023-2024,Rabat-Salé-Kénitra,RAB,Rabat,Rural,Masculin,Préscolaire,Professeur certifié,Éducation islamique,2,5956,20,1,0
ENS201130,2021-2022,Casablanca-Settat,CAS,Mohammadia,Rural,Masculin,Qualifiant,Professeur agrégé,SVT,20,8362,21,0,22
ENS201131,2022-2023,Guelmim-Oued Noun,GUE,Sidi Ifni,Rural,Féminin,Collégial,Professeur certifié,Histoire-Géo,19,6077,19,0,2
ENS201132,2023-2024,Drâa-Tafilalet,DRA,Midelt,Urbain,Féminin,Primaire,Professeur certifié,Sciences,32,8414,29,0,3
ENS201133,2020-2021,Marrakech-Safi,MAR,Chichaoua,Rural,Féminin,Primaire,Maître d'enseignement,Philosophie,33,5277,30,1,18
ENS201134,2019-2020,Souss-Massa,SOU,Chtouka-Ait Baha,Urbain,Masculin,Primaire,Maître d'enseignement,Français,28,4995,18,1,12
ENS201135,2016-2017,Tanger-Tétouan-Al Hoceïma,TAN,Tanger-Assilah,Urbain,Féminin,Collégial,Vacataire,Histoire-Géo,34,1905,31,0,0
ENS201136,2015-2016,Casablanca-Settat,CAS,Settat,Urbain,Féminin,Primaire,Professeur certifié,Arabe,15,6811,25,0,2
ENS201137,2022-2023,Dakhla-Oued Eddahab,DAK,Aousserd,Rural,Masculin,Qualifiant,Instituteur,Histoire-Géo,11,5233,18,1,0
ENS201138,2019-2020,Tanger-Tétouan-Al Hoceïma,TAN,Larache,Urbain,Masculin,Primaire,Maître d'enseignement,Philosophie,11,6771,20,1,0
ENS201139,2021-2022,Guelmim-Oued Noun,GUE,Assa-Zag,Rural,Masculin,Collégial,Contractuel,Français,19,4291,19,0,0
ENS201140,2018-2019,Souss-Massa,SOU,Tata,Urbain,Féminin,Collégial,Instituteur,Arabe,23,4357,22,0,10
ENS201141,2015-2016,Casablanca-Settat,CAS,Settat,Urbain,Féminin,Qualifiant,Vacataire,Arabe,10,3411,28,1,18
ENS201142,2023-2024,Marrakech-Safi,MAR,Essaouira,Rural,Masculin,Primaire,Instituteur,Anglais,32,5083,24,1,23
ENS201143,2016-2017,Rabat-Salé-Kénitra,RAB,Salé,Urbain,Féminin,Collégial,Vacataire,Anglais,3,3086,28,1,0
ENS201144,2017-2018,Marrakech-Safi,MAR,Al Haouz,Urbain,Masculin,Qualifiant,Professeur certifié,Éducation physique,25,8151,28,1,14
ENS201145,2019-2020,Oriental,ORI,Jerada,Urbain,Féminin,Collégial,Contractuel,Mathématiques,11,4509,19,1,15
ENS201146,2015-2016,Casablanca-Settat,CAS,Berrechid,Rural,Masculin,Primaire,Professeur certifié,Mathématiques,23,6250,21,0,0
ENS201147,2017-2018,Casablanca-Settat,CAS,Khouribga,Rural,Masculin,Primaire,Professeur certifié,Français,2,5900,30,0,7
ENS201148,2019-2020,Dakhla-Oued Eddahab,DAK,Dakhla,Rural,Masculin,Primaire,Professeur certifié,SVT,11,6620,30,0,13
ENS201149,2021-2022,Fès-Meknès,FES,Fès,Rural,Féminin,Primaire,Professeur certifié,Éducation islamique,19,7301,20,0,24
ENS201150,2017-2018,Tanger-Tétouan-Al Hoceïma,TAN,Tanger-Assilah,Rural,Féminin,Collégial,Maître d'enseignement,Sciences,20,5294,22,0,0
ENS201151,2017-2018,Casablanca-Settat,CAS,Benslimane,Rural,Féminin,Primaire,Maître d'enseignement,Sciences,22,4920,31,0,12
ENS201152,2018-2019,Laâyoune-Sakia El Hamra,LAA,Tarfaya,Rural,Masculin,Collégial,Instituteur,Arabe,30,5096,23,0,13
ENS201153,2018-2019,Béni Mellal-Khénifra,BMK,Azilal,Rural,Masculin,Collégial,Instituteur,Sciences,10,5171,25,1,0
ENS201154,2016-2017,Rabat-Salé-Kénitra,RAB,Skhirate-Témara,Rural,Masculin,Qualifiant,Maître d'enseignement,Sciences,15,5848,29,0,4
ENS201155,2017-2018,Casablanca-Settat,CAS,El Jadida,Urbain,Féminin,Primaire,Professeur agrégé,Sciences,10,9624,21,1,16
ENS201156,2022-2023,Casablanca-Settat,CAS,Khouribga,Urbain,Masculin,Qualifiant,Contractuel,SVT,10,3853,27,1,7
ENS201157,2015-2016,Oriental,ORI,Figuig,Urbain,Féminin,Collégial,Professeur agrégé,Arabe,32,8211,21,1,17
ENS201158,2020-2021,Tanger-Tétouan-Al Hoceïma,TAN,Tanger-Assilah,Urbain,Féminin,Primaire,Maître d'enseignement,Éducation physique,31,5208,24,1,4
ENS201159,2022-2023,Rabat-Salé-Kénitra,RAB,Salé,Rural,Féminin,Primaire,Professeur certifié,Histoire-Géo,7,5805,29,0,24
ENS201160,2017-2018,Fès-Meknès,FES,Ifrane,Urbain,Masculin,Collégial,Maître d'enseignement,Français,31,6745,24,1,16
ENS201161,2019-2020,Fès-Meknès,FES,El Hajeb,Urbain,Féminin,Qualifiant,Instituteur,Arabe,22,5551,20,0,0
ENS201162,2023-2024,Rabat-Salé-Kénitra,RAB,Khémisset,Urbain,Féminin,Qualifiant,Professeur certifié,Sciences,13,7093,26,1,0
ENS201163,2017-2018,Rabat-Salé-Kénitra,RAB,Rabat,Rural,Féminin,Primaire,Instituteur,Anglais,6,4859,24,1,0
ENS201164,2018-2019,Drâa-Tafilalet,DRA,Errachidia,Rural,Masculin,Primaire,Instituteur,Français,11,4341,20,0,19
ENS201165,2022-2023,Casablanca-Settat,CAS,Sidi Bennour,Urbain,Masculin,Collégial,Instituteur,Éducation physique,30,4043,26,0,10
ENS201166,2017-2018,Casablanca-Settat,CAS,Settat,Rural,Féminin,Collégial,Professeur certifié,Anglais,16,6043,24,1,0
ENS201167,2020-2021,Rabat-Salé-Kénitra,RAB,Skhirate-Témara,Rural,Féminin,Primaire,Maître d'enseignement,SVT,28,5179,27,1,10
ENS201168,2015-2016,Rabat-Salé-Kénitra,RAB,Kénitra,Rural,Féminin,Primaire,Professeur certifié,Physique-Chimie,16,5446,20,1,24
ENS201169,2022-2023,Béni Mellal-Khénifra,BMK,Fquih Ben Salah,Urbain,Masculin,Primaire,Maître d'enseignement,Français,18,5274,28,1,5
ENS201170,2020-2021,Souss-Massa,SOU,Inezgane-Ait Melloul,Urbain,Masculin,Primaire,Instituteur,SVT,30,3924,18,0,9
ENS201171,2015-2016,Casablanca-Settat,CAS,Benslimane,Rural,Féminin,Qualifiant,Instituteur,Sciences,27,5516,25,0,5
ENS201172,2022-2023,Fès-Meknès,FES,Ifrane,Urbain,Féminin,Primaire,Contractuel,Arabe,12,4341,18,0,17
ENS201173,2015-2016,Fès-Meknès,FES,Séfrou,Rural,Masculin,Qualifiant,Professeur certifié,Français,30,5870,27,1,15
ENS201174,2017-2018,Fès-Meknès,FES,Meknès,Urbain,Masculin,Qualifiant,Maître d'enseignement,Sciences,26,4350,26,0,11
ENS201175,2015-2016,Marrakech-Safi,MAR,Chichaoua,Urbain,Masculin,Préscolaire,Instituteur,Anglais,10,4940,29,1,0
ENS201176,2019-2020,Rabat-Salé-Kénitra,RAB,Sidi Kacem,Rural,Masculin,Primaire,Instituteur,Éducation physique,5,4881,28,0,7
ENS201177,2020-2021,Fès-Meknès,FES,Séfrou,Urbain,Masculin,Collégial,Instituteur,Histoire-Géo,15,4880,31,1,23
ENS201178,2016-2017,Casablanca-Settat,CAS,El Jadida,Rural,Féminin,Primaire,Professeur certifié,Histoire-Géo,24,6383,23,0,23
ENS201179,2019-2020,Rabat-Salé-Kénitra,RAB,Sidi Kacem,Urbain,Féminin,Collégial,Professeur certifié,Français,34,6273,20,1,0
ENS201180,2023-2024,Tanger-Tétouan-Al Hoceïma,TAN,Tanger-Assilah,Urbain,Féminin,Collégial,Maître d'enseignement,Français,27,5163,30,0,13
ENS201181,2016-2017,Marrakech-Safi,MAR,Essaouira,Rural,Féminin,Collégial,Instituteur,Sciences,27,4143,23,0,0
ENS201182,2015-2016,Marrakech-Safi,MAR,Safi,Urbain,Masculin,Primaire,Maître d'enseignement,Physique-Chimie,29,5733,21,0,20
ENS201183,2018-2019,Marrakech-Safi,MAR,Essaouira,Urbain,Masculin,Primaire,Professeur certifié,Histoire-Géo,30,5710,23,1,0
ENS201184,2022-2023,Casablanca-Settat,CAS,El Jadida,Urbain,Masculin,Qualifiant,Maître d'enseignement,Anglais,28,5657,19,0,22
ENS201185,2020-2021,Casablanca-Settat,CAS,Settat,Rural,Féminin,Collégial,Professeur certifié,Mathématiques,26,5356,23,1,16
ENS201186,2020-2021,Fès-Meknès,FES,Boulemane,Urbain,Masculin,Collégial,Instituteur,Arabe,28,5850,28,0,15
ENS201187,2017-2018,Laâyoune-Sakia El Hamra,LAA,Es-Semara,Urbain,Féminin,Primaire,Professeur agrégé,Sciences,24,7817,21,0,15
ENS201188,2017-2018,Casablanca-Settat,CAS,Khouribga,Urbain,Masculin,Primaire,Instituteur,Physique-Chimie,19,4856,19,1,17
ENS201189,2019-2020,Casablanca-Settat,CAS,Mohammadia,Urbain,Féminin,Primaire,Contractuel,SVT,5,4257,27,0,0
ENS201190,2020-2021,Drâa-Tafilalet,DRA,Errachidia,Rural,Masculin,Primaire,Professeur certifié,Mathématiques,24,5096,24,0,6
ENS201191,2019-2020,Casablanca-Settat,CAS,Casablanca,Rural,Féminin,Collégial,Professeur certifié,SVT,9,7477,20,1,0
ENS201192,2016-2017,Fès-Meknès,FES,Fès,Rural,Masculin,Préscolaire,Instituteur,Histoire-Géo,30,3199,19,1,0
ENS201193,2017-2018,Souss-Massa,SOU,Tiznit,Urbain,Masculin,Collégial,Instituteur,Physique-Chimie,29,4574,29,0,0
ENS201194,2016-2017,Casablanca-Settat,CAS,Casablanca,Rural,Masculin,Collégial,Instituteur,Arabe,26,5199,31,1,0
ENS201195,2023-2024,Tanger-Tétouan-Al Hoceïma,TAN,Mdiq-Fnideq,Urbain,Masculin,Primaire,Maître d'enseignement,SVT,14,5397,20,1,1
ENS201196,2015-2016,Casablanca-Settat,CAS,Casablanca,Rural,Féminin,Primaire,Instituteur,Éducation islamique,31,4634,28,1,0
ENS201197,2021-2022,Drâa-Tafilalet,DRA,Zagora,Urbain,Féminin,Qualifiant,Professeur certifié,Anglais,29,5458,22,0,22
ENS201198,2015-2016,Casablanca-Settat,CAS,Settat,Urbain,Masculin,Primaire,Professeur certifié,Anglais,13,5676,24,1,6
ENS201199,2018-2019,Drâa-Tafilalet,DRA,Errachidia,Urbain,Féminin,Collégial,Contractuel,Sciences,15,4674,18,1,0
ENS201200,2023-2024,Fès-Meknès,FES,Taounate,Urbain,Masculin,Primaire,Professeur certifié,Français,20,6330,27,0,17
ENS201201,2018-2019,Rabat-Salé-Kénitra,RAB,Sidi Kacem,Urbain,Masculin,Qualifiant,Contractuel,Anglais,6,5135,23,0,22
ENS201202,2015-2016,Béni Mellal-Khénifra,BMK,Azilal,Rural,Masculin,Primaire,Professeur certifié,Sciences,9,6099,22,0,10
ENS201203,2022-2023,Drâa-Tafilalet,DRA,Tinghir,Urbain,Masculin,Primaire,Professeur agrégé,Philosophie,1,8339,26,0,7
ENS201204,2015-2016,Oriental,ORI,Jerada,Rural,Masculin,Primaire,Contractuel,Physique-Chimie,4,4230,30,1,18
ENS201205,2018-2019,Drâa-Tafilalet,DRA,Ouarzazate,Rural,Féminin,Préscolaire,Professeur certifié,Physique-Chimie,3,7538,31,1,18
ENS201206,2019-2020,Fès-Meknès,FES,Fès,Urbain,Masculin,Primaire,Contractuel,SVT,34,3889,23,0,2
ENS201207,2018-2019,Casablanca-Settat,CAS,El Jadida,Rural,Féminin,Qualifiant,Professeur certifié,Physique-Chimie,21,5937,25,0,0
ENS201208,2017-2018,Fès-Meknès,FES,Meknès,Rural,Masculin,Primaire,Professeur agrégé,Français,33,7984,23,1,14
ENS201209,2015-2016,Tanger-Tétouan-Al Hoceïma,TAN,Tétouan,Rural,Féminin,Primaire,Instituteur,Physique-Chimie,19,4542,20,1,16
ENS201210,2022-2023,Casablanca-Settat,CAS,Benslimane,Urbain,Féminin,Primaire,Contractuel,SVT,18,4596,24,0,7
ENS201211,2023-2024,Oriental,ORI,Guercif,Rural,Masculin,Primaire,Professeur agrégé,Mathématiques,25,9799,20,0,7
ENS201212,2019-2020,Marrakech-Safi,MAR,Chichaoua,Rural,Masculin,Primaire,Instituteur,SVT,2,5023,24,1,0
ENS201213,2016-2017,Drâa-Tafilalet,DRA,Ouarzazate,Urbain,Féminin,Primaire,Professeur certifié,Arabe,11,5794,23,1,23
ENS201214,2022-2023,Casablanca-Settat,CAS,El Jadida,Rural,Masculin,Primaire,Vacataire,SVT,6,3326,20,0,2
ENS201215,2020-2021,Marrakech-Safi,MAR,Al Haouz,Rural,Masculin,Primaire,Professeur certifié,Histoire-Géo,16,6384,27,0,3
ENS201216,2022-2023,Rabat-Salé-Kénitra,RAB,Rabat,Rural,Féminin,Primaire,Professeur certifié,Arabe,29,6639,27,1,21
ENS201217,2019-2020,Marrakech-Safi,MAR,El Kelaa des Sraghna,Urbain,Masculin,Primaire,Vacataire,Physique-Chimie,32,3953,28,0,6
ENS201218,2022-2023,Fès-Meknès,FES,El Hajeb,Urbain,Masculin,Primaire,Professeur agrégé,Français,20,8944,22,1,22
ENS201219,2016-2017,Marrakech-Safi,MAR,Chichaoua,Rural,Féminin,Primaire,Professeur agrégé,Mathématiques,18,7877,20,0,7
ENS201220,2017-2018,Marrakech-Safi,MAR,El Kelaa des Sraghna,Rural,Féminin,Primaire,Maître d'enseignement,Éducation physique,18,5033,31,0,10
ENS201221,2023-2024,Marrakech-Safi,MAR,Youssoufia,Urbain,Masculin,Collégial,Instituteur,Mathématiques,12,5086,22,0,0
ENS201222,2020-2021,Rabat-Salé-Kénitra,RAB,Sidi Kacem,Rural,Masculin,Qualifiant,Instituteur,Histoire-Géo,8,5231,31,1,16
ENS201223,2016-2017,Tanger-Tétouan-Al Hoceïma,TAN,Ouazzane,Rural,Féminin,Primaire,Professeur certifié,Mathématiques,5,6172,26,0,17
ENS201224,2021-2022,Marrakech-Safi,MAR,El Kelaa des Sraghna,Rural,Masculin,Primaire,Contractuel,Mathématiques,1,4136,22,0,10
ENS201225,2019-2020,Marrakech-Safi,MAR,Youssoufia,Urbain,Masculin,Collégial,Instituteur,Philosophie,10,5185,29,1,10
ENS201226,2018-2019,Rabat-Salé-Kénitra,RAB,Sidi Kacem,Urbain,Féminin,Primaire,Contractuel,Anglais,21,5002,29,0,0
ENS201227,2018-2019,Drâa-Tafilalet,DRA,Ouarzazate,Rural,Masculin,Primaire,Professeur certifié,Français,22,5127,27,1,8
ENS201228,2019-2020,Fès-Meknès,FES,Meknès,Urbain,Féminin,Collégial,Professeur certifié,Histoire-Géo,33,6107,28,0,14
ENS201229,2018-2019,Marrakech-Safi,MAR,Safi,Rural,Féminin,Collégial,Professeur certifié,Mathématiques,4,7291,20,1,5
ENS201230,2020-2021,Laâyoune-Sakia El Hamra,LAA,Tarfaya,Rural,Masculin,Qualifiant,Maître d'enseignement,Anglais,13,6281,19,0,13
ENS201231,2020-2021,Casablanca-Settat,CAS,Berrechid,Rural,Féminin,Qualifiant,Contractuel,Histoire-Géo,24,3909,30,0,18
ENS201232,2020-2021,Tanger-Tétouan-Al Hoceïma,TAN,Al Hoceïma,Urbain,Masculin,Collégial,Contractuel,Philosophie,14,4192,20,1,6
ENS201233,2021-2022,Casablanca-Settat,CAS,Benslimane,Rural,Masculin,Qualifiant,Maître d'enseignement,Éducation islamique,29,4915,30,1,1
ENS201234,2015-2016,Oriental,ORI,Oujda-Angad,Urbain,Masculin,Primaire,Vacataire,Éducation islamique,27,4096,18,1,0
ENS201235,2018-2019,Drâa-Tafilalet,DRA,Ouarzazate,Rural,Masculin,Qualifiant,Professeur agrégé,Physique-Chimie,10,9214,21,0,7
ENS201236,2015-2016,Souss-Massa,SOU,Inezgane-Ait Melloul,Rural,Masculin,Primaire,Instituteur,Physique-Chimie,26,5385,19,1,0
ENS201237,2023-2024,Marrakech-Safi,MAR,Chichaoua,Urbain,Masculin,Primaire,Professeur certifié,Éducation islamique,26,6544,23,0,18
ENS201238,2018-2019,Rabat-Salé-Kénitra,RAB,Sidi Slimane,Rural,Masculin,Collégial,Professeur certifié,Physique-Chimie,6,6205,19,0,21
ENS201239,2015-2016,Rabat-Salé-Kénitra,RAB,Khémisset,Rural,Féminin,Collégial,Instituteur,Philosophie,3,4697,30,0,15
ENS201240,2023-2024,Rabat-Salé-Kénitra,RAB,Salé,Rural,Féminin,Collégial,Contractuel,SVT,3,4744,30,0,20
ENS201241,2015-2016,Béni Mellal-Khénifra,BMK,Béni Mellal,Rural,Féminin,Primaire,Maître d'enseignement,Philosophie,33,4935,27,1,0
ENS201242,2019-2020,Rabat-Salé-Kénitra,RAB,Sidi Slimane,Rural,Masculin,Préscolaire,Professeur certifié,Éducation physique,7,7257,29,1,20
ENS201243,2019-2020,Casablanca-Settat,CAS,El Jadida,Rural,Féminin,Primaire,Instituteur,Anglais,16,6618,30,1,22
ENS201244,2022-2023,Marrakech-Safi,MAR,Chichaoua,Rural,Féminin,Collégial,Vacataire,Éducation islamique,15,2949,21,0,22
ENS201245,2018-2019,Casablanca-Settat,CAS,Khouribga,Rural,Masculin,Collégial,Maître d'enseignement,Éducation islamique,21,4914,31,0,10
ENS201246,2018-2019,Rabat-Salé-Kénitra,RAB,Kénitra,Urbain,Masculin,Qualifiant,Professeur certifié,Philosophie,17,6495,28,1,4
ENS201247,2018-2019,Béni Mellal-Khénifra,BMK,El Kelaa des Sraghna,Urbain,Féminin,Collégial,Instituteur,Philosophie,8,4746,26,1,1
ENS201248,2018-2019,Rabat-Salé-Kénitra,RAB,Salé,Urbain,Masculin,Primaire,Instituteur,Arabe,9,5348,24,1,15
ENS201249,2020-2021,Marrakech-Safi,MAR,Marrakech,Rural,Masculin,Primaire,Contractuel,Physique-Chimie,4,3726,27,1,8
ENS201250,2022-2023,Marrakech-Safi,MAR,El Kelaa des Sraghna,Rural,Féminin,Qualifiant,Professeur certifié,Anglais,31,7009,22,0,0
ENS201251,2022-2023,Rabat-Salé-Kénitra,RAB,Skhirate-Témara,Rural,Masculin,Collégial,Instituteur,Éducation islamique,17,4499,26,0,7
ENS201252,2015-2016,Casablanca-Settat,CAS,Sidi Bennour,Rural,Masculin,Primaire,Professeur certifié,Mathématiques,8,6344,21,1,8
ENS201253,2021-2022,Casablanca-Settat,CAS,Casablanca,Urbain,Masculin,Primaire,Instituteur,Anglais,31,5085,21,0,19
ENS201254,2016-2017,Rabat-Salé-Kénitra,RAB,Sidi Slimane,Rural,Féminin,Collégial,Maître d'enseignement,Histoire-Géo,15,5559,30,0,18
ENS201255,2023-2024,Rabat-Salé-Kénitra,RAB,Sidi Kacem,Urbain,Masculin,Primaire,Professeur certifié,Sciences,3,7524,27,0,8
ENS201256,2017-2018,Drâa-Tafilalet,DRA,Ouarzazate,Urbain,Masculin,Primaire,Contractuel,Éducation physique,27,3890,25,0,0
ENS201257,2023-2024,Marrakech-Safi,MAR,Marrakech,Urbain,Masculin,Qualifiant,Vacataire,Sciences,9,3659,26,0,11
ENS201258,2022-2023,Béni Mellal-Khénifra,BMK,Azilal,Rural,Masculin,Primaire,Instituteur,Philosophie,4,4644,26,0,15
ENS201259,2015-2016,Oriental,ORI,Berkane,Rural,Masculin,Primaire,Contractuel,Philosophie,18,4290,29,0,21
ENS201260,2016-2017,Souss-Massa,SOU,Agadir-Ida-Ou-Tanane,Urbain,Féminin,Primaire,Instituteur,Histoire-Géo,21,6023,18,1,2
ENS201261,2020-2021,Casablanca-Settat,CAS,Khouribga,Urbain,Masculin,Collégial,Maître d'enseignement,Philosophie,6,6055,18,0,21
ENS201262,2016-2017,Tanger-Tétouan-Al Hoceïma,TAN,Al Hoceïma,Rural,Féminin,Qualifiant,Instituteur,Français,9,4401,31,1,15
ENS201263,2017-2018,Marrakech-Safi,MAR,Safi,Rural,Masculin,Primaire,Professeur certifié,SVT,21,5007,30,0,16
ENS201264,2017-2018,Rabat-Salé-Kénitra,RAB,Sidi Slimane,Urbain,Masculin,Qualifiant,Maître d'enseignement,Éducation islamique,30,4914,21,0,8
ENS201265,2017-2018,Marrakech-Safi,MAR,Youssoufia,Rural,Féminin,Préscolaire,Professeur agrégé,Histoire-Géo,7,8186,28,0,7
ENS201266,2015-2016,Souss-Massa,SOU,Tiznit,Urbain,Masculin,Primaire,Maître d'enseignement,Arabe,32,5037,27,1,10
ENS201267,2020-2021,Béni Mellal-Khénifra,BMK,Béni Mellal,Urbain,Féminin,Primaire,Instituteur,Histoire-Géo,9,4976,21,0,0
ENS201268,2019-2020,Fès-Meknès,FES,Ifrane,Rural,Masculin,Primaire,Professeur certifié,Anglais,16,6785,18,1,15
ENS201269,2018-2019,Casablanca-Settat,CAS,Settat,Urbain,Masculin,Primaire,Maître d'enseignement,Éducation physique,10,5359,31,0,10
ENS201270,2015-2016,Rabat-Salé-Kénitra,RAB,Skhirate-Témara,Rural,Féminin,Primaire,Professeur agrégé,Arabe,17,9581,18,0,0
ENS201271,2023-2024,Casablanca-Settat,CAS,El Jadida,Rural,Masculin,Collégial,Instituteur,SVT,8,5503,22,0,0
ENS201272,2020-2021,Souss-Massa,SOU,Agadir-Ida-Ou-Tanane,Rural,Masculin,Collégial,Maître d'enseignement,Anglais,27,5035,28,0,0
ENS201273,2019-2020,Casablanca-Settat,CAS,El Jadida,Urbain,Masculin,Qualifiant,Maître d'enseignement,Mathématiques,3,5143,21,0,0
ENS201274,2017-2018,Drâa-Tafilalet,DRA,Errachidia,Rural,Féminin,Primaire,Maître d'enseignement,Sciences,19,4945,24,1,1
ENS201275,2016-2017,Rabat-Salé-Kénitra,RAB,Kénitra,Urbain,Féminin,Qualifiant,Professeur certifié,Éducation islamique,3,7041,28,0,0
ENS201276,2017-2018,Fès-Meknès,FES,Taounate,Rural,Masculin,Primaire,Instituteur,Philosophie,17,5232,19,0,16
ENS201277,2023-2024,Tanger-Tétouan-Al Hoceïma,TAN,Tétouan,Urbain,Masculin,Primaire,Professeur certifié,Arabe,9,7302,27,1,12
ENS201278,2016-2017,Tanger-Tétouan-Al Hoceïma,TAN,Ouazzane,Rural,Masculin,Collégial,Professeur certifié,Éducation physique,31,4833,28,0,0
ENS201279,2019-2020,Oriental,ORI,Oujda-Angad,Rural,Masculin,Primaire,Instituteur,Physique-Chimie,34,5147,28,1,0
ENS201280,2019-2020,Tanger-Tétouan-Al Hoceïma,TAN,Chefchaouen,Rural,Féminin,Collégial,Maître d'enseignement,Histoire-Géo,14,7070,27,0,23
ENS201281,2022-2023,Casablanca-Settat,CAS,Mohammadia,Urbain,Féminin,Collégial,Maître d'enseignement,Arabe,29,5227,22,1,7
ENS201282,2018-2019,Souss-Massa,SOU,Taroudannt,Urbain,Masculin,Primaire,Maître d'enseignement,Anglais,12,6017,22,1,0
ENS201283,2018-2019,Tanger-Tétouan-Al Hoceïma,TAN,Tétouan,Urbain,Féminin,Collégial,Professeur certifié,Histoire-Géo,13,8001,24,1,6
ENS201284,2019-2020,Casablanca-Settat,CAS,Mohammadia,Urbain,Féminin,Préscolaire,Vacataire,Mathématiques,11,3215,31,0,20
ENS201285,2020-2021,Souss-Massa,SOU,Tiznit,Rural,Masculin,Collégial,Contractuel,Éducation physique,18,4842,23,0,0
ENS201286,2020-2021,Béni Mellal-Khénifra,BMK,Azilal,Urbain,Masculin,Primaire,Maître d'enseignement,Mathématiques,27,6984,22,0,0
ENS201287,2022-2023,Marrakech-Safi,MAR,Safi,Urbain,Masculin,Primaire,Professeur agrégé,Physique-Chimie,9,8712,24,1,0
ENS201288,2017-2018,Marrakech-Safi,MAR,Al Haouz,Urbain,Masculin,Primaire,Professeur agrégé,Éducation islamique,25,8325,20,0,21
ENS201289,2019-2020,Fès-Meknès,FES,El Hajeb,Urbain,Masculin,Primaire,Professeur certifié,SVT,19,6245,31,1,18
ENS201290,2021-2022,Marrakech-Safi,MAR,El Kelaa des Sraghna,Rural,Masculin,Primaire,Professeur agrégé,Sciences,8,8880,31,0,0
ENS201291,2021-2022,Guelmim-Oued Noun,GUE,Guelmim,Rural,Masculin,Collégial,Professeur agrégé,Éducation physique,7,8646,20,1,7
ENS201292,2022-2023,Béni Mellal-Khénifra,BMK,El Kelaa des Sraghna,Urbain,Féminin,Collégial,Professeur agrégé,Physique-Chimie,20,8327,27,0,18
ENS201293,2022-2023,Drâa-Tafilalet,DRA,Zagora,Urbain,Féminin,Primaire,Professeur certifié,SVT,7,8889,22,1,16
ENS201294,2022-2023,Casablanca-Settat,CAS,Sidi Bennour,Rural,Féminin,Primaire,Professeur certifié,Sciences,8,6170,21,0,0
ENS201295,2021-2022,Marrakech-Safi,MAR,Essaouira,Rural,Masculin,Primaire,Instituteur,Anglais,8,3615,20,1,1
ENS201296,2016-2017,Drâa-Tafilalet,DRA,Midelt,Rural,Masculin,Primaire,Professeur certifié,Philosophie,8,7273,26,0,18
ENS201297,2023-2024,Rabat-Salé-Kénitra,RAB,Salé,Urbain,Masculin,Qualifiant,Professeur certifié,Arabe,8,6797,23,0,20
ENS201298,2017-2018,Tanger-Tétouan-Al Hoceïma,TAN,Tétouan,Rural,Féminin,Primaire,Instituteur,Philosophie,2,4275,28,1,21
ENS201299,2017-2018,Fès-Meknès,FES,Taza,Urbain,Féminin,Primaire,Contractuel,Sciences,6,3731,24,1,16
ENS201300,2023-2024,Souss-Massa,SOU,Tiznit,Rural,Féminin,Préscolaire,Professeur certifié,Philosophie,6,6132,27,0,10
ENS201301,2021-2022,Tanger-Tétouan-Al Hoceïma,TAN,Tanger-Assilah,Urbain,Féminin,Primaire,Contractuel,Anglais,17,3127,19,0,0
ENS201302,2021-2022,Casablanca-Settat,CAS,Casablanca,Rural,Féminin,Qualifiant,Professeur certifié,Physique-Chimie,9,6417,27,1,18
ENS201303,2015-2016,Tanger-Tétouan-Al Hoceïma,TAN,Chefchaouen,Rural,Féminin,Primaire,Vacataire,Philosophie,22,2850,21,1,12
ENS201304,2022-2023,Marrakech-Safi,MAR,Safi,Rural,Masculin,Primaire,Professeur agrégé,Français,12,9250,29,0,13
ENS201305,2019-2020,Rabat-Salé-Kénitra,RAB,Skhirate-Témara,Rural,Masculin,Collégial,Maître d'enseignement,Philosophie,1,6864,22,1,0
ENS201306,2022-2023,Casablanca-Settat,CAS,Settat,Rural,Masculin,Primaire,Professeur agrégé,Philosophie,15,8975,27,0,0
ENS201307,2019-2020,Fès-Meknès,FES,Meknès,Urbain,Masculin,Qualifiant,Instituteur,Sciences,24,4526,25,0,0
ENS201308,2020-2021,Souss-Massa,SOU,Tiznit,Urbain,Masculin,Qualifiant,Professeur certifié,Physique-Chimie,21,6077,24,1,10
ENS201309,2016-2017,Fès-Meknès,FES,Taza,Urbain,Masculin,Qualifiant,Professeur certifié,Anglais,12,7388,28,0,18
ENS201310,2018-2019,Drâa-Tafilalet,DRA,Tinghir,Urbain,Masculin,Qualifiant,Professeur certifié,Anglais,2,6527,23,0,0
ENS201311,2021-2022,Souss-Massa,SOU,Inezgane-Ait Melloul,Urbain,Masculin,Préscolaire,Contractuel,Mathématiques,3,3995,22,1,5
ENS201312,2020-2021,Rabat-Salé-Kénitra,RAB,Sidi Kacem,Urbain,Masculin,Primaire,Maître d'enseignement,Philosophie,20,4304,27,0,0
ENS201313,2021-2022,Tanger-Tétouan-Al Hoceïma,TAN,Ouazzane,Rural,Masculin,Primaire,Professeur certifié,Français,22,6994,29,1,15
ENS201314,2016-2017,Souss-Massa,SOU,Inezgane-Ait Melloul,Urbain,Féminin,Primaire,Instituteur,Philosophie,33,5034,21,0,5
ENS201315,2020-2021,Fès-Meknès,FES,Taounate,Rural,Masculin,Primaire,Maître d'enseignement,Mathématiques,10,5931,19,1,0
ENS201316,2018-2019,Casablanca-Settat,CAS,Berrechid,Rural,Masculin,Primaire,Maître d'enseignement,Histoire-Géo,15,4902,28,1,24
ENS201317,2020-2021,Rabat-Salé-Kénitra,RAB,Kénitra,Urbain,Masculin,Primaire,Instituteur,Sciences,4,5267,23,0,3
ENS201318,2016-2017,Marrakech-Safi,MAR,El Kelaa des Sraghna,Rural,Féminin,Collégial,Maître d'enseignement,Éducation islamique,30,5823,27,1,9
ENS201319,2021-2022,Guelmim-Oued Noun,GUE,Guelmim,Urbain,Féminin,Qualifiant,Instituteur,Français,26,4694,31,0,22
ENS201320,2023-2024,Casablanca-Settat,CAS,Mohammadia,Urbain,Masculin,Primaire,Maître d'enseignement,SVT,30,5295,22,0,1
ENS201321,2020-2021,Casablanca-Settat,CAS,El Jadida,Rural,Masculin,Qualifiant,Professeur agrégé,Éducation physique,33,8528,26,0,10
ENS201322,2023-2024,Rabat-Salé-Kénitra,RAB,Salé,Urbain,Masculin,Collégial,Contractuel,Français,10,4929,18,1,9
ENS201323,2017-2018,Casablanca-Settat,CAS,Sidi Bennour,Rural,Masculin,Collégial,Instituteur,Mathématiques,6,4445,20,1,15
ENS201324,2017-2018,Rabat-Salé-Kénitra,RAB,Salé,Urbain,Féminin,Qualifiant,Professeur certifié,Éducation physique,2,6201,26,0,12
ENS201325,2018-2019,Tanger-Tétouan-Al Hoceïma,TAN,Tanger-Assilah,Rural,Masculin,Qualifiant,Vacataire,Anglais,18,2610,31,1,11
ENS201326,2016-2017,Casablanca-Settat,CAS,Casablanca,Rural,Féminin,Collégial,Maître d'enseignement,Arabe,22,6815,23,0,0
ENS201327,2023-2024,Fès-Meknès,FES,Ifrane,Urbain,Masculin,Collégial,Professeur certifié,Physique-Chimie,26,5465,24,1,15
ENS201328,2023-2024,Tanger-Tétouan-Al Hoceïma,TAN,Fahs-Anjra,Urbain,Masculin,Primaire,Professeur certifié,Français,1,6477,28,0,9
ENS201329,2016-2017,Drâa-Tafilalet,DRA,Tinghir,Rural,Féminin,Primaire,Contractuel,Éducation physique,12,3965,27,1,11
ENS201330,2015-2016,Casablanca-Settat,CAS,Berrechid,Urbain,Masculin,Collégial,Professeur certifié,Français,25,5537,27,0,17
ENS201331,2023-2024,Fès-Meknès,FES,Taounate,Urbain,Féminin,Collégial,Instituteur,SVT,5,4765,24,0,11
ENS201332,2018-2019,Marrakech-Safi,MAR,Safi,Rural,Féminin,Qualifiant,Contractuel,Éducation islamique,9,1913,22,0,7
ENS201333,2022-2023,Casablanca-Settat,CAS,Settat,Urbain,Masculin,Qualifiant,Instituteur,Sciences,8,4021,24,0,21
ENS201334,2019-2020,Tanger-Tétouan-Al Hoceïma,TAN,Al Hoceïma,Rural,Masculin,Primaire,Instituteur,Sciences,12,4052,25,0,22
ENS201335,2020-2021,Souss-Massa,SOU,Tata,Urbain,Féminin,Qualifiant,Professeur certifié,Physique-Chimie,5,6001,31,1,0
ENS201336,2020-2021,Marrakech-Safi,MAR,Safi,Urbain,Masculin,Qualifiant,Professeur certifié,Histoire-Géo,13,6466,28,0,10
ENS201337,2019-2020,Souss-Massa,SOU,Agadir-Ida-Ou-Tanane,Urbain,Féminin,Collégial,Professeur certifié,Éducation islamique,12,6561,26,1,16
ENS201338,2015-2016,Souss-Massa,SOU,Chtouka-Ait Baha,Rural,Masculin,Primaire,Instituteur,Éducation islamique,18,4245,22,0,8
ENS201339,2015-2016,Béni Mellal-Khénifra,BMK,Béni Mellal,Rural,Masculin,Primaire,Professeur certifié,Français,6,7995,27,0,0
ENS201340,2020-2021,Casablanca-Settat,CAS,Berrechid,Rural,Masculin,Primaire,Vacataire,Éducation islamique,1,1921,28,0,17
ENS201341,2018-2019,Casablanca-Settat,CAS,Berrechid,Rural,Féminin,Primaire,Professeur certifié,Histoire-Géo,30,7670,27,1,7
ENS201342,2023-2024,Rabat-Salé-Kénitra,RAB,Skhirate-Témara,Rural,Féminin,Préscolaire,Maître d'enseignement,Histoire-Géo,30,6487,31,0,16
ENS201343,2020-2021,Béni Mellal-Khénifra,BMK,Fquih Ben Salah,Rural,Masculin,Qualifiant,Instituteur,Histoire-Géo,15,4537,18,0,10
ENS201344,2023-2024,Oriental,ORI,Taourirt,Urbain,Masculin,Collégial,Instituteur,Physique-Chimie,34,5446,28,1,21
ENS201345,2021-2022,Marrakech-Safi,MAR,Essaouira,Urbain,Féminin,Préscolaire,Professeur certifié,Histoire-Géo,33,5988,27,1,0
ENS201346,2018-2019,Tanger-Tétouan-Al Hoceïma,TAN,Al Hoceïma,Urbain,Féminin,Primaire,Instituteur,Français,29,5591,22,1,0
ENS201347,2017-2018,Marrakech-Safi,MAR,Essaouira,Rural,Masculin,Préscolaire,Instituteur,Anglais,6,4591,29,0,17
ENS201348,2015-2016,Tanger-Tétouan-Al Hoceïma,TAN,Tétouan,Urbain,Masculin,Primaire,Maître d'enseignement,Mathématiques,3,5146,23,0,7
ENS201349,2018-2019,Tanger-Tétouan-Al Hoceïma,TAN,Tétouan,Rural,Masculin,Primaire,Instituteur,Physique-Chimie,22,4833,27,1,15
ENS201350,2016-2017,Casablanca-Settat,CAS,Benslimane,Rural,Masculin,Primaire,Instituteur,Éducation islamique,21,3816,30,1,7
ENS201351,2020-2021,Béni Mellal-Khénifra,BMK,Fquih Ben Salah,Rural,Féminin,Primaire,Instituteur,Français,7,4783,25,0,6
ENS201352,2016-2017,Fès-Meknès,FES,Boulemane,Rural,Masculin,Primaire,Contractuel,SVT,33,4612,26,1,0
ENS201353,2023-2024,Casablanca-Settat,CAS,Casablanca,Rural,Masculin,Qualifiant,Instituteur,Éducation physique,34,4472,19,0,13
ENS201354,2020-2021,Drâa-Tafilalet,DRA,Ouarzazate,Urbain,Masculin,Primaire,Professeur certifié,Anglais,1,7829,28,0,0
ENS201355,2019-2020,Marrakech-Safi,MAR,Essaouira,Rural,Féminin,Collégial,Contractuel,Français,20,3391,21,1,0
ENS201356,2018-2019,Guelmim-Oued Noun,GUE,Guelmim,Rural,Féminin,Collégial,Instituteur,Histoire-Géo,25,4167,21,1,17
ENS201357,2022-2023,Oriental,ORI,Nador,Urbain,Féminin,Collégial,Professeur certifié,Éducation islamique,15,6757,18,1,17
ENS201358,2020-2021,Fès-Meknès,FES,Fès,Rural,Féminin,Collégial,Maître d'enseignement,Éducation islamique,14,5016,18,0,10
ENS201359,2019-2020,Fès-Meknès,FES,Boulemane,Rural,Masculin,Qualifiant,Professeur certifié,Anglais,7,5746,30,1,22
ENS201360,2017-2018,Casablanca-Settat,CAS,Casablanca,Urbain,Masculin,Préscolaire,Instituteur,Histoire-Géo,26,4459,22,1,0
ENS201361,2022-2023,Tanger-Tétouan-Al Hoceïma,TAN,Larache,Rural,Masculin,Qualifiant,Maître d'enseignement,Histoire-Géo,10,5812,20,0,0
ENS201362,2015-2016,Laâyoune-Sakia El Hamra,LAA,Boujdour,Urbain,Féminin,Primaire,Maître d'enseignement,Arabe,14,6458,24,0,17
ENS201363,2023-2024,Fès-Meknès,FES,Boulemane,Urbain,Féminin,Primaire,Maître d'enseignement,Éducation physique,25,5841,20,0,0
ENS201364,2019-2020,Marrakech-Safi,MAR,Youssoufia,Urbain,Féminin,Primaire,Vacataire,Physique-Chimie,23,1701,31,0,2
ENS201365,2021-2022,Béni Mellal-Khénifra,BMK,Khouribga,Urbain,Masculin,Primaire,Instituteur,Sciences,14,4435,31,1,4
ENS201366,2015-2016,Fès-Meknès,FES,Ifrane,Rural,Masculin,Collégial,Contractuel,Arabe,26,3782,22,0,2
ENS201367,2020-2021,Tanger-Tétouan-Al Hoceïma,TAN,Ouazzane,Urbain,Féminin,Primaire,Instituteur,Anglais,5,4985,22,0,13
ENS201368,2016-2017,Rabat-Salé-Kénitra,RAB,Skhirate-Témara,Urbain,Féminin,Primaire,Professeur agrégé,Philosophie,28,8564,24,0,7
ENS201369,2023-2024,Tanger-Tétouan-Al Hoceïma,TAN,Chefchaouen,Urbain,Masculin,Collégial,Instituteur,Mathématiques,19,5083,20,0,9
ENS201370,2017-2018,Béni Mellal-Khénifra,BMK,Khouribga,Rural,Féminin,Collégial,Professeur certifié,Anglais,28,5927,25,1,20
ENS201371,2023-2024,Tanger-Tétouan-Al Hoceïma,TAN,Tétouan,Urbain,Féminin,Collégial,Maître d'enseignement,Histoire-Géo,21,5974,22,0,23
ENS201372,2021-2022,Marrakech-Safi,MAR,Safi,Rural,Masculin,Primaire,Professeur certifié,Anglais,14,7402,26,0,0
ENS201373,2017-2018,Casablanca-Settat,CAS,Khouribga,Rural,Masculin,Primaire,Professeur certifié,Éducation physique,18,6258,24,1,0
ENS201374,2016-2017,Casablanca-Settat,CAS,Settat,Rural,Masculin,Primaire,Maître d'enseignement,SVT,24,6323,28,0,11
ENS201375,2017-2018,Fès-Meknès,FES,Fès,Urbain,Féminin,Qualifiant,Professeur agrégé,Français,1,8402,30,1,11
ENS201376,2015-2016,Drâa-Tafilalet,DRA,Ouarzazate,Urbain,Masculin,Collégial,Vacataire,Sciences,3,3318,27,1,11
ENS201377,2021-2022,Rabat-Salé-Kénitra,RAB,Sidi Kacem,Rural,Masculin,Collégial,Instituteur,Éducation islamique,17,5669,31,0,6
ENS201378,2021-2022,Tanger-Tétouan-Al Hoceïma,TAN,Tétouan,Urbain,Masculin,Collégial,Professeur certifié,Éducation physique,8,6795,18,0,6
ENS201379,2016-2017,Fès-Meknès,FES,Taza,Rural,Féminin,Préscolaire,Contractuel,Arabe,24,5603,27,1,4
ENS201380,2019-2020,Tanger-Tétouan-Al Hoceïma,TAN,Chefchaouen,Urbain,Féminin,Préscolaire,Professeur certifié,SVT,12,5509,29,1,0
ENS201381,2023-2024,Rabat-Salé-Kénitra,RAB,Rabat,Rural,Masculin,Collégial,Contractuel,Histoire-Géo,32,3634,30,1,18
ENS201382,2021-2022,Béni Mellal-Khénifra,BMK,Azilal,Urbain,Masculin,Collégial,Instituteur,Mathématiques,19,4252,19,1,13
ENS201383,2019-2020,Casablanca-Settat,CAS,Berrechid,Urbain,Masculin,Primaire,Professeur certifié,Éducation islamique,8,6103,24,1,15
ENS201384,2019-2020,Marrakech-Safi,MAR,Chichaoua,Urbain,Masculin,Primaire,Professeur agrégé,Sciences,7,9225,31,0,2
ENS201385,2021-2022,Tanger-Tétouan-Al Hoceïma,TAN,Fahs-Anjra,Rural,Masculin,Préscolaire,Instituteur,Histoire-Géo,23,5059,30,0,6
ENS201386,2023-2024,Béni Mellal-Khénifra,BMK,Béni Mellal,Rural,Masculin,Primaire,Contractuel,Éducation physique,12,4395,19,1,24
ENS201387,2020-2021,Tanger-Tétouan-Al Hoceïma,TAN,Tanger-Assilah,Urbain,Masculin,Qualifiant,Professeur certifié,Anglais,7,6069,25,1,22
ENS201388,2015-2016,Rabat-Salé-Kénitra,RAB,Kénitra,Rural,Masculin,Primaire,Maître d'enseignement,Éducation islamique,30,6355,19,1,0
ENS201389,2016-2017,Fès-Meknès,FES,Boulemane,Urbain,Féminin,Primaire,Instituteur,Mathématiques,22,5200,23,1,10
ENS201390,2019-2020,Fès-Meknès,FES,Moulay Yacoub,Rural,Masculin,Primaire,Professeur certifié,Philosophie,3,5864,24,1,6
ENS201391,2023-2024,Casablanca-Settat,CAS,Sidi Bennour,Urbain,Féminin,Collégial,Professeur certifié,Histoire-Géo,19,4933,31,0,16
ENS201392,2017-2018,Casablanca-Settat,CAS,Sidi Bennour,Urbain,Masculin,Collégial,Instituteur,Anglais,29,5529,24,0,23
ENS201393,2022-2023,Souss-Massa,SOU,Chtouka-Ait Baha,Rural,Masculin,Qualifiant,Instituteur,Éducation physique,30,5141,31,1,21
ENS201394,2020-2021,Marrakech-Safi,MAR,Chichaoua,Rural,Masculin,Primaire,Instituteur,Éducation physique,28,4237,21,0,20
ENS201395,2018-2019,Béni Mellal-Khénifra,BMK,El Kelaa des Sraghna,Rural,Masculin,Collégial,Instituteur,Philosophie,11,4554,27,0,14
ENS201396,2022-2023,Rabat-Salé-Kénitra,RAB,Rabat,Urbain,Féminin,Collégial,Professeur certifié,Français,20,6756,30,0,0
ENS201397,2019-2020,Marrakech-Safi,MAR,Al Haouz,Urbain,Masculin,Qualifiant,Contractuel,Français,2,4039,28,0,20
ENS201398,2022-2023,Guelmim-Oued Noun,GUE,Assa-Zag,Rural,Masculin,Collégial,Contractuel,Éducation islamique,24,6003,20,0,20
ENS201399,2015-2016,Souss-Massa,SOU,Inezgane-Ait Melloul,Rural,Féminin,Qualifiant,Professeur certifié,Français,32,6208,21,1,21
ENS201400,2018-2019,Casablanca-Settat,CAS,Mohammadia,Rural,Masculin,Primaire,Instituteur,Sciences,27,5183,27,0,10
ENS201401,2021-2022,Fès-Meknès,FES,Fès,Rural,Masculin,Primaire,Instituteur,Arabe,31,4518,21,0,0
ENS201402,2018-2019,Fès-Meknès,FES,Ifrane,Urbain,Masculin,Collégial,Contractuel,Physique-Chimie,33,3749,21,0,24
ENS201403,2018-2019,Fès-Meknès,FES,Meknès,Urbain,Féminin,Primaire,Professeur agrégé,Physique-Chimie,34,8549,20,1,18
ENS201404,2021-2022,Souss-Massa,SOU,Taroudannt,Rural,Masculin,Collégial,Maître d'enseignement,Mathématiques,32,5456,22,1,0
ENS201405,2021-2022,Marrakech-Safi,MAR,Essaouira,Urbain,Féminin,Collégial,Maître d'enseignement,Sciences,32,5134,31,1,15
ENS201406,2016-2017,Fès-Meknès,FES,Meknès,Rural,Masculin,Collégial,Contractuel,Histoire-Géo,15,4505,30,1,0
ENS201407,2017-2018,Souss-Massa,SOU,Taroudannt,Rural,Féminin,Primaire,Instituteur,Anglais,1,4244,27,1,20
ENS201408,2022-2023,Rabat-Salé-Kénitra,RAB,Kénitra,Rural,Masculin,Préscolaire,Instituteur,Arabe,4,3802,23,1,15
ENS201409,2020-2021,Casablanca-Settat,CAS,Benslimane,Rural,Féminin,Primaire,Professeur certifié,Physique-Chimie,26,6219,25,0,19
ENS201410,2020-2021,Rabat-Salé-Kénitra,RAB,Khémisset,Rural,Féminin,Primaire,Professeur certifié,Arabe,19,6792,28,0,21
ENS201411,2018-2019,Tanger-Tétouan-Al Hoceïma,TAN,Tanger-Assilah,Rural,Masculin,Qualifiant,Professeur agrégé,Sciences,30,8233,21,0,2
ENS201412,2017-2018,Marrakech-Safi,MAR,Youssoufia,Rural,Masculin,Primaire,Maître d'enseignement,Sciences,18,4316,27,1,15
ENS201413,2016-2017,Souss-Massa,SOU,Inezgane-Ait Melloul,Urbain,Féminin,Primaire,Professeur certifié,Sciences,18,5739,30,0,23
ENS201414,2017-2018,Fès-Meknès,FES,Taounate,Rural,Féminin,Qualifiant,Maître d'enseignement,Philosophie,17,6029,23,0,0
ENS201415,2019-2020,Souss-Massa,SOU,Inezgane-Ait Melloul,Urbain,Masculin,Qualifiant,Instituteur,SVT,8,5117,30,0,3
ENS201416,2017-2018,Béni Mellal-Khénifra,BMK,Béni Mellal,Urbain,Féminin,Collégial,Professeur agrégé,Histoire-Géo,34,8537,26,1,22
ENS201417,2021-2022,Marrakech-Safi,MAR,Youssoufia,Rural,Masculin,Collégial,Maître d'enseignement,Philosophie,15,5161,25,0,20
ENS201418,2018-2019,Rabat-Salé-Kénitra,RAB,Rabat,Urbain,Masculin,Qualifiant,Maître d'enseignement,Philosophie,14,5447,29,1,0
ENS201419,2023-2024,Casablanca-Settat,CAS,Berrechid,Rural,Féminin,Primaire,Instituteur,Sciences,6,4106,24,0,0
ENS201420,2023-2024,Casablanca-Settat,CAS,Settat,Urbain,Masculin,Collégial,Instituteur,Sciences,33,6325,20,0,3
ENS201421,2022-2023,Rabat-Salé-Kénitra,RAB,Khémisset,Urbain,Féminin,Collégial,Professeur agrégé,Philosophie,5,8061,19,0,0
ENS201422,2021-2022,Marrakech-Safi,MAR,Essaouira,Urbain,Masculin,Primaire,Maître d'enseignement,Éducation islamique,8,5809,29,1,1
ENS201423,2017-2018,Marrakech-Safi,MAR,Al Haouz,Rural,Féminin,Qualifiant,Professeur certifié,Français,18,7872,29,1,13
ENS201424,2022-2023,Casablanca-Settat,CAS,Berrechid,Urbain,Masculin,Primaire,Professeur certifié,Philosophie,11,6576,27,1,0
ENS201425,2015-2016,Rabat-Salé-Kénitra,RAB,Rabat,Urbain,Masculin,Primaire,Professeur certifié,Histoire-Géo,14,7955,24,0,10
ENS201426,2016-2017,Marrakech-Safi,MAR,Al Haouz,Rural,Féminin,Collégial,Professeur certifié,Philosophie,11,6401,23,1,15
ENS201427,2019-2020,Casablanca-Settat,CAS,Benslimane,Urbain,Féminin,Préscolaire,Instituteur,Histoire-Géo,23,6299,24,0,0
ENS201428,2020-2021,Souss-Massa,SOU,Taroudannt,Urbain,Masculin,Collégial,Instituteur,SVT,19,4543,28,1,11
ENS201429,2016-2017,Oriental,ORI,Nador,Rural,Masculin,Primaire,Professeur certifié,Français,31,6354,24,0,2
ENS201430,2016-2017,Casablanca-Settat,CAS,El Jadida,Rural,Féminin,Primaire,Professeur certifié,Sciences,21,7178,20,0,14
ENS201431,2020-2021,Béni Mellal-Khénifra,BMK,El Kelaa des Sraghna,Urbain,Féminin,Qualifiant,Vacataire,Arabe,19,2287,22,1,22
ENS201432,2016-2017,Casablanca-Settat,CAS,Mohammadia,Rural,Masculin,Primaire,Instituteur,Arabe,5,5328,21,1,23
ENS201433,2015-2016,Marrakech-Safi,MAR,Youssoufia,Urbain,Masculin,Primaire,Maître d'enseignement,Mathématiques,12,4201,29,0,1
ENS201434,2023-2024,Fès-Meknès,FES,Boulemane,Rural,Masculin,Qualifiant,Instituteur,Philosophie,6,4888,29,0,13
ENS201435,2021-2022,Béni Mellal-Khénifra,BMK,Béni Mellal,Urbain,Féminin,Collégial,Professeur certifié,Sciences,34,6866,23,0,0
ENS201436,2020-2021,Fès-Meknès,FES,Taza,Urbain,Féminin,Qualifiant,Professeur certifié,Anglais,18,6000,28,0,11
ENS201437,2019-2020,Drâa-Tafilalet,DRA,Midelt,Urbain,Féminin,Collégial,Maître d'enseignement,Histoire-Géo,2,5037,22,0,15
ENS201438,2020-2021,Marrakech-Safi,MAR,Marrakech,Urbain,Masculin,Primaire,Instituteur,Éducation physique,15,5249,19,0,15
ENS201439,2023-2024,Casablanca-Settat,CAS,Casablanca,Urbain,Féminin,Qualifiant,Vacataire,SVT,12,2310,21,1,24
ENS201440,2018-2019,Tanger-Tétouan-Al Hoceïma,TAN,Chefchaouen,Rural,Féminin,Primaire,Contractuel,Philosophie,2,3675,23,1,1
ENS201441,2015-2016,Casablanca-Settat,CAS,Benslimane,Rural,Féminin,Primaire,Professeur certifié,Anglais,15,5890,24,0,0
ENS201442,2015-2016,Souss-Massa,SOU,Tiznit,Rural,Masculin,Primaire,Professeur certifié,Arabe,20,6075,30,1,4
ENS201443,2023-2024,Oriental,ORI,Figuig,Urbain,Féminin,Primaire,Professeur agrégé,SVT,8,10066,21,0,0
ENS201444,2023-2024,Souss-Massa,SOU,Taroudannt,Urbain,Féminin,Primaire,Instituteur,Anglais,13,5254,31,0,3
ENS201445,2021-2022,Souss-Massa,SOU,Taroudannt,Rural,Masculin,Primaire,Professeur certifié,Histoire-Géo,24,6668,24,0,8
ENS201446,2021-2022,Fès-Meknès,FES,Moulay Yacoub,Rural,Masculin,Primaire,Professeur certifié,Arabe,21,6854,30,0,18
ENS201447,2022-2023,Casablanca-Settat,CAS,Casablanca,Rural,Féminin,Primaire,Vacataire,Éducation physique,16,2652,23,1,11
ENS201448,2020-2021,Drâa-Tafilalet,DRA,Midelt,Rural,Masculin,Primaire,Contractuel,Physique-Chimie,20,3309,21,0,0
ENS201449,2020-2021,Fès-Meknès,FES,Boulemane,Urbain,Féminin,Primaire,Contractuel,Éducation physique,20,4090,28,1,0
ENS201450,2018-2019,Fès-Meknès,FES,Taza,Urbain,Féminin,Primaire,Instituteur,Arabe,10,5798,19,0,0
ENS201451,2021-2022,Marrakech-Safi,MAR,Safi,Urbain,Masculin,Primaire,Maître d'enseignement,Éducation physique,21,6111,22,0,8
ENS201452,2018-2019,Rabat-Salé-Kénitra,RAB,Rabat,Urbain,Masculin,Primaire,Vacataire,Sciences,19,2232,19,1,0
ENS201453,2022-2023,Oriental,ORI,Guercif,Rural,Masculin,Primaire,Instituteur,Éducation islamique,25,4834,21,0,18
ENS201454,2023-2024,Souss-Massa,SOU,Chtouka-Ait Baha,Urbain,Masculin,Collégial,Professeur certifié,Mathématiques,27,6701,23,1,0
ENS201455,2016-2017,Fès-Meknès,FES,El Hajeb,Urbain,Masculin,Collégial,Contractuel,Histoire-Géo,24,3769,23,0,0
ENS201456,2020-2021,Casablanca-Settat,CAS,Casablanca,Urbain,Féminin,Primaire,Vacataire,Sciences,18,3399,19,0,1
ENS201457,2017-2018,Casablanca-Settat,CAS,Berrechid,Urbain,Masculin,Collégial,Contractuel,Anglais,31,4938,29,0,5
ENS201458,2018-2019,Laâyoune-Sakia El Hamra,LAA,Es-Semara,Urbain,Masculin,Primaire,Professeur certifié,Philosophie,1,5418,24,0,24
ENS201459,2018-2019,Casablanca-Settat,CAS,Berrechid,Rural,Féminin,Primaire,Professeur certifié,Physique-Chimie,12,7356,18,1,24
ENS201460,2019-2020,Marrakech-Safi,MAR,El Kelaa des Sraghna,Rural,Masculin,Primaire,Maître d'enseignement,SVT,2,5055,20,0,3
ENS201461,2015-2016,Fès-Meknès,FES,Fès,Rural,Masculin,Collégial,Professeur certifié,Philosophie,7,6159,30,1,10
ENS201462,2017-2018,Drâa-Tafilalet,DRA,Midelt,Rural,Féminin,Primaire,Maître d'enseignement,Sciences,29,6984,22,0,9
ENS201463,2021-2022,Casablanca-Settat,CAS,Benslimane,Urbain,Masculin,Qualifiant,Professeur agrégé,Éducation islamique,25,8416,20,1,0
ENS201464,2017-2018,Souss-Massa,SOU,Taroudannt,Rural,Masculin,Qualifiant,Professeur certifié,SVT,15,6747,29,0,0
ENS201465,2022-2023,Fès-Meknès,FES,Boulemane,Urbain,Féminin,Primaire,Professeur agrégé,Éducation islamique,21,8379,22,1,0
ENS201466,2015-2016,Fès-Meknès,FES,Séfrou,Rural,Masculin,Qualifiant,Contractuel,Histoire-Géo,16,3040,31,0,15
ENS201467,2020-2021,Souss-Massa,SOU,Tiznit,Rural,Masculin,Collégial,Maître d'enseignement,Physique-Chimie,19,6883,25,1,0
ENS201468,2015-2016,Marrakech-Safi,MAR,Youssoufia,Urbain,Masculin,Qualifiant,Professeur certifié,Arabe,27,5435,23,1,9
ENS201469,2021-2022,Casablanca-Settat,CAS,Settat,Urbain,Masculin,Primaire,Professeur agrégé,Sciences,24,9254,30,1,2
ENS201470,2017-2018,Oriental,ORI,Taourirt,Rural,Féminin,Primaire,Instituteur,Anglais,30,4162,21,1,1
ENS201471,2017-2018,Drâa-Tafilalet,DRA,Tinghir,Rural,Féminin,Primaire,Professeur agrégé,Anglais,5,8505,24,1,7
ENS201472,2018-2019,Drâa-Tafilalet,DRA,Midelt,Urbain,Masculin,Primaire,Professeur certifié,Anglais,7,6991,26,0,4
ENS201473,2021-2022,Oriental,ORI,Figuig,Rural,Féminin,Préscolaire,Contractuel,SVT,29,4568,24,0,0
ENS201474,2019-2020,Marrakech-Safi,MAR,Marrakech,Rural,Masculin,Collégial,Maître d'enseignement,Histoire-Géo,20,5390,26,0,15
ENS201475,2023-2024,Casablanca-Settat,CAS,Berrechid,Rural,Masculin,Qualifiant,Contractuel,Arabe,25,2887,25,0,0
ENS201476,2018-2019,Rabat-Salé-Kénitra,RAB,Sidi Slimane,Rural,Masculin,Collégial,Professeur certifié,Histoire-Géo,28,6482,26,0,10
ENS201477,2018-2019,Drâa-Tafilalet,DRA,Tinghir,Urbain,Masculin,Collégial,Professeur certifié,Éducation physique,32,6471,20,1,0
ENS201478,2016-2017,Fès-Meknès,FES,Taza,Urbain,Masculin,Primaire,Instituteur,Français,26,5760,29,0,8
ENS201479,2017-2018,Fès-Meknès,FES,Ifrane,Urbain,Masculin,Primaire,Professeur certifié,Mathématiques,26,7990,22,0,17
ENS201480,2015-2016,Fès-Meknès,FES,Moulay Yacoub,Urbain,Féminin,Qualifiant,Instituteur,Sciences,32,4632,22,1,3
ENS201481,2020-2021,Marrakech-Safi,MAR,Safi,Rural,Masculin,Qualifiant,Contractuel,SVT,18,4632,18,0,7
ENS201482,2023-2024,Tanger-Tétouan-Al Hoceïma,TAN,Al Hoceïma,Rural,Masculin,Primaire,Contractuel,Arabe,30,3461,28,0,0
ENS201483,2018-2019,Casablanca-Settat,CAS,El Jadida,Urbain,Masculin,Primaire,Professeur certifié,Arabe,7,5894,19,0,21
ENS201484,2017-2018,Fès-Meknès,FES,Taza,Rural,Féminin,Primaire,Professeur certifié,SVT,16,6657,31,1,24
ENS201485,2022-2023,Marrakech-Safi,MAR,Safi,Urbain,Masculin,Primaire,Instituteur,Sciences,13,5396,31,0,15
ENS201486,2022-2023,Casablanca-Settat,CAS,Benslimane,Urbain,Masculin,Primaire,Professeur certifié,SVT,28,4936,22,0,7
ENS201487,2019-2020,Rabat-Salé-Kénitra,RAB,Khémisset,Urbain,Masculin,Qualifiant,Instituteur,Philosophie,6,5253,20,0,0
ENS201488,2022-2023,Fès-Meknès,FES,Meknès,Rural,Masculin,Préscolaire,Professeur certifié,Anglais,27,6797,29,1,5
ENS201489,2022-2023,Guelmim-Oued Noun,GUE,Guelmim,Rural,Féminin,Préscolaire,Vacataire,Philosophie,26,3142,24,0,5
ENS201490,2016-2017,Rabat-Salé-Kénitra,RAB,Kénitra,Rural,Masculin,Collégial,Instituteur,Éducation physique,1,4603,22,0,5
ENS201491,2023-2024,Oriental,ORI,Nador,Urbain,Féminin,Primaire,Contractuel,Éducation islamique,13,4033,22,0,2
ENS201492,2015-2016,Rabat-Salé-Kénitra,RAB,Kénitra,Rural,Féminin,Primaire,Instituteur,Éducation physique,6,4419,29,1,0
ENS201493,2017-2018,Marrakech-Safi,MAR,Safi,Rural,Féminin,Collégial,Professeur certifié,Éducation islamique,17,5496,21,0,1
ENS201494,2021-2022,Fès-Meknès,FES,Taza,Urbain,Masculin,Primaire,Instituteur,Français,22,5233,22,0,0
ENS201495,2016-2017,Casablanca-Settat,CAS,El Jadida,Rural,Féminin,Qualifiant,Professeur certifié,Anglais,33,7274,26,1,17
ENS201496,2021-2022,Marrakech-Safi,MAR,Youssoufia,Urbain,Féminin,Collégial,Instituteur,Philosophie,6,4268,25,1,24
ENS201497,2015-2016,Tanger-Tétouan-Al Hoceïma,TAN,Chefchaouen,Urbain,Féminin,Qualifiant,Contractuel,Histoire-Géo,21,4666,21,1,15
ENS201498,2020-2021,Oriental,ORI,Figuig,Rural,Féminin,Collégial,Professeur certifié,Arabe,4,5844,22,0,13
ENS201499,2016-2017,Souss-Massa,SOU,Chtouka-Ait Baha,Rural,Masculin,Primaire,Instituteur,Français,10,5118,31,1,12
ENS201500,2016-2017,Fès-Meknès,FES,Ifrane,Rural,Masculin,Collégial,Professeur certifié,Physique-Chimie,17,6304,22,1,17
ENS201501,2016-2017,Souss-Massa,SOU,Agadir-Ida-Ou-Tanane,Urbain,Masculin,Collégial,Contractuel,Anglais,6,4941,26,1,0
ENS201502,2016-2017,Casablanca-Settat,CAS,Casablanca,Urbain,Masculin,Qualifiant,Instituteur,Sciences,32,4834,18,1,3
ENS201503,2018-2019,Casablanca-Settat,CAS,Sidi Bennour,Rural,Masculin,Qualifiant,Professeur certifié,Philosophie,20,6436,25,1,0
ENS201504,2022-2023,Tanger-Tétouan-Al Hoceïma,TAN,Tétouan,Rural,Masculin,Primaire,Professeur certifié,Français,15,6935,23,0,0
ENS201505,2020-2021,Fès-Meknès,FES,Taza,Rural,Féminin,Primaire,Instituteur,Éducation islamique,26,5151,28,0,12
ENS201506,2016-2017,Marrakech-Safi,MAR,Safi,Rural,Masculin,Collégial,Instituteur,Mathématiques,3,4906,20,0,0
ENS201507,2021-2022,Tanger-Tétouan-Al Hoceïma,TAN,Fahs-Anjra,Urbain,Masculin,Primaire,Professeur agrégé,Anglais,3,9107,30,0,13
ENS201508,2015-2016,Casablanca-Settat,CAS,Berrechid,Urbain,Féminin,Collégial,Professeur certifié,Éducation islamique,1,6258,26,1,5
ENS201509,2022-2023,Casablanca-Settat,CAS,Mohammadia,Rural,Masculin,Collégial,Professeur certifié,Histoire-Géo,33,6200,18,0,0
ENS201510,2016-2017,Rabat-Salé-Kénitra,RAB,Sidi Slimane,Rural,Masculin,Primaire,Instituteur,Anglais,10,4466,28,0,15
ENS201511,2015-2016,Marrakech-Safi,MAR,Al Haouz,Rural,Masculin,Qualifiant,Professeur certifié,Physique-Chimie,32,6388,30,1,0
ENS201512,2019-2020,Casablanca-Settat,CAS,Benslimane,Rural,Féminin,Primaire,Professeur agrégé,Physique-Chimie,2,9462,21,0,0
ENS201513,2021-2022,Casablanca-Settat,CAS,Berrechid,Urbain,Masculin,Primaire,Professeur certifié,Anglais,10,7153,18,0,16
ENS201514,2015-2016,Souss-Massa,SOU,Inezgane-Ait Melloul,Rural,Masculin,Qualifiant,Maître d'enseignement,Français,10,5801,27,1,0
ENS201515,2018-2019,Rabat-Salé-Kénitra,RAB,Salé,Rural,Masculin,Qualifiant,Professeur certifié,Éducation islamique,14,5693,20,1,20
ENS201516,2022-2023,Béni Mellal-Khénifra,BMK,El Kelaa des Sraghna,Rural,Féminin,Primaire,Professeur certifié,Philosophie,15,6532,29,1,4
ENS201517,2022-2023,Rabat-Salé-Kénitra,RAB,Kénitra,Urbain,Masculin,Primaire,Professeur certifié,Français,10,5272,26,1,4
ENS201518,2015-2016,Fès-Meknès,FES,Boulemane,Rural,Féminin,Primaire,Professeur agrégé,Sciences,19,9048,20,0,15
ENS201519,2019-2020,Fès-Meknès,FES,Ifrane,Rural,Masculin,Primaire,Maître d'enseignement,Éducation physique,3,5162,28,1,24
ENS201520,2016-2017,Marrakech-Safi,MAR,Essaouira,Rural,Masculin,Primaire,Maître d'enseignement,Sciences,33,5835,20,0,0
ENS201521,2019-2020,Tanger-Tétouan-Al Hoceïma,TAN,Larache,Urbain,Féminin,Primaire,Instituteur,Arabe,32,4366,19,0,2
ENS201522,2021-2022,Marrakech-Safi,MAR,Chichaoua,Rural,Masculin,Qualifiant,Instituteur,Anglais,20,4511,20,0,0
ENS201523,2023-2024,Casablanca-Settat,CAS,El Jadida,Urbain,Masculin,Primaire,Vacataire,Arabe,1,2877,22,0,0
ENS201524,2016-2017,Fès-Meknès,FES,El Hajeb,Rural,Féminin,Primaire,Professeur certifié,Éducation islamique,21,4795,23,1,23
ENS201525,2022-2023,Marrakech-Safi,MAR,Essaouira,Urbain,Masculin,Primaire,Vacataire,Histoire-Géo,5,3635,23,1,3
ENS201526,2020-2021,Rabat-Salé-Kénitra,RAB,Rabat,Urbain,Féminin,Primaire,Instituteur,Sciences,27,4504,27,1,0
ENS201527,2021-2022,Drâa-Tafilalet,DRA,Zagora,Urbain,Féminin,Primaire,Contractuel,Éducation physique,26,3464,25,0,9
ENS201528,2022-2023,Fès-Meknès,FES,Taounate,Rural,Masculin,Primaire,Instituteur,Éducation physique,11,5135,26,1,0
ENS201529,2021-2022,Souss-Massa,SOU,Inezgane-Ait Melloul,Urbain,Masculin,Primaire,Professeur agrégé,Anglais,25,8318,31,0,14
ENS201530,2021-2022,Rabat-Salé-Kénitra,RAB,Salé,Rural,Masculin,Collégial,Instituteur,Philosophie,29,4873,24,0,12
ENS201531,2023-2024,Tanger-Tétouan-Al Hoceïma,TAN,Fahs-Anjra,Urbain,Féminin,Primaire,Instituteur,Éducation islamique,5,4638,26,1,1
ENS201532,2015-2016,Guelmim-Oued Noun,GUE,Tan-Tan,Urbain,Féminin,Primaire,Maître d'enseignement,Français,26,6791,19,1,12
ENS201533,2015-2016,Drâa-Tafilalet,DRA,Ouarzazate,Rural,Féminin,Qualifiant,Maître d'enseignement,Éducation islamique,20,6148,26,0,22
ENS201534,2023-2024,Casablanca-Settat,CAS,Casablanca,Urbain,Masculin,Collégial,Maître d'enseignement,Anglais,32,5494,25,1,7
ENS201535,2017-2018,Drâa-Tafilalet,DRA,Ouarzazate,Rural,Masculin,Collégial,Instituteur,Sciences,16,4342,23,1,4
ENS201536,2020-2021,Rabat-Salé-Kénitra,RAB,Rabat,Urbain,Féminin,Primaire,Professeur certifié,Anglais,18,5543,31,0,0
ENS201537,2022-2023,Oriental,ORI,Berkane,Rural,Féminin,Qualifiant,Professeur certifié,SVT,28,5559,31,0,4
ENS201538,2016-2017,Guelmim-Oued Noun,GUE,Tan-Tan,Rural,Masculin,Primaire,Contractuel,Éducation physique,26,3988,20,1,8
ENS201539,2019-2020,Marrakech-Safi,MAR,Youssoufia,Urbain,Masculin,Primaire,Professeur certifié,Histoire-Géo,16,6218,29,1,5
ENS201540,2015-2016,Guelmim-Oued Noun,GUE,Sidi Ifni,Urbain,Masculin,Collégial,Instituteur,SVT,12,4144,26,0,5
ENS201541,2019-2020,Fès-Meknès,FES,Taza,Rural,Féminin,Primaire,Instituteur,Mathématiques,5,4568,18,1,0
ENS201542,2017-2018,Souss-Massa,SOU,Agadir-Ida-Ou-Tanane,Rural,Masculin,Collégial,Maître d'enseignement,Histoire-Géo,15,5173,22,1,0
ENS201543,2017-2018,Béni Mellal-Khénifra,BMK,Fquih Ben Salah,Rural,Masculin,Collégial,Instituteur,Philosophie,23,5627,23,0,14
ENS201544,2020-2021,Souss-Massa,SOU,Tata,Urbain,Féminin,Collégial,Contractuel,Physique-Chimie,23,4577,23,1,22
ENS201545,2020-2021,Béni Mellal-Khénifra,BMK,Fquih Ben Salah,Urbain,Féminin,Collégial,Instituteur,Éducation islamique,22,4873,29,1,8
ENS201546,2019-2020,Rabat-Salé-Kénitra,RAB,Kénitra,Rural,Masculin,Collégial,Professeur certifié,Histoire-Géo,22,6532,20,0,7
ENS201547,2022-2023,Béni Mellal-Khénifra,BMK,Azilal,Urbain,Masculin,Qualifiant,Instituteur,Physique-Chimie,21,5842,27,0,0
ENS201548,2023-2024,Béni Mellal-Khénifra,BMK,Azilal,Urbain,Féminin,Collégial,Professeur certifié,Français,30,6382,27,0,0
ENS201549,2021-2022,Béni Mellal-Khénifra,BMK,El Kelaa des Sraghna,Urbain,Masculin,Collégial,Contractuel,Éducation physique,30,4494,26,0,0
ENS201550,2018-2019,Tanger-Tétouan-Al Hoceïma,TAN,Larache,Rural,Masculin,Qualifiant,Instituteur,Français,6,4664,28,1,0
ENS201551,2017-2018,Oriental,ORI,Driouch,Rural,Féminin,Qualifiant,Professeur certifié,Anglais,34,6519,22,1,8
ENS201552,2019-2020,Tanger-Tétouan-Al Hoceïma,TAN,Chefchaouen,Rural,Masculin,Préscolaire,Contractuel,SVT,16,3683,27,0,24
ENS201553,2018-2019,Oriental,ORI,Driouch,Urbain,Masculin,Qualifiant,Professeur certifié,Philosophie,4,5785,22,1,0
ENS201554,2021-2022,Tanger-Tétouan-Al Hoceïma,TAN,Mdiq-Fnideq,Rural,Masculin,Primaire,Professeur agrégé,Philosophie,34,7764,27,1,0
ENS201555,2015-2016,Casablanca-Settat,CAS,Berrechid,Urbain,Féminin,Qualifiant,Instituteur,Mathématiques,18,4227,28,1,0
ENS201556,2021-2022,Marrakech-Safi,MAR,Essaouira,Rural,Masculin,Collégial,Professeur agrégé,SVT,34,8394,27,0,3
ENS201557,2020-2021,Souss-Massa,SOU,Tata,Urbain,Masculin,Collégial,Contractuel,Histoire-Géo,21,3862,19,0,12
ENS201558,2023-2024,Tanger-Tétouan-Al Hoceïma,TAN,Chefchaouen,Urbain,Féminin,Primaire,Professeur certifié,Philosophie,8,5329,24,1,15
ENS201559,2021-2022,Casablanca-Settat,CAS,Settat,Rural,Masculin,Collégial,Professeur agrégé,Histoire-Géo,21,8946,22,0,0
ENS201560,2022-2023,Fès-Meknès,FES,El Hajeb,Rural,Masculin,Primaire,Instituteur,Philosophie,4,4273,28,1,13
ENS201561,2016-2017,Casablanca-Settat,CAS,Settat,Urbain,Masculin,Primaire,Instituteur,SVT,2,5092,29,0,14
ENS201562,2023-2024,Casablanca-Settat,CAS,Benslimane,Rural,Féminin,Primaire,Instituteur,Histoire-Géo,27,4718,30,0,22
ENS201563,2022-2023,Fès-Meknès,FES,El Hajeb,Rural,Masculin,Collégial,Vacataire,Anglais,13,3430,18,0,0
ENS201564,2023-2024,Marrakech-Safi,MAR,Al Haouz,Urbain,Féminin,Primaire,Maître d'enseignement,Physique-Chimie,5,4510,26,0,0
ENS201565,2023-2024,Casablanca-Settat,CAS,Sidi Bennour,Rural,Féminin,Primaire,Professeur certifié,Mathématiques,22,6653,28,1,18
ENS201566,2023-2024,Marrakech-Safi,MAR,Youssoufia,Rural,Féminin,Collégial,Professeur certifié,Arabe,9,4860,25,1,0
ENS201567,2023-2024,Souss-Massa,SOU,Chtouka-Ait Baha,Urbain,Féminin,Qualifiant,Vacataire,Mathématiques,15,4419,26,0,0
ENS201568,2015-2016,Tanger-Tétouan-Al Hoceïma,TAN,Mdiq-Fnideq,Urbain,Masculin,Primaire,Professeur certifié,Histoire-Géo,19,6807,19,1,0
ENS201569,2015-2016,Casablanca-Settat,CAS,Benslimane,Urbain,Masculin,Primaire,Professeur agrégé,SVT,11,8597,27,0,0
ENS201570,2018-2019,Rabat-Salé-Kénitra,RAB,Sidi Slimane,Rural,Masculin,Primaire,Professeur certifié,Français,34,7454,29,0,20
ENS201571,2017-2018,Casablanca-Settat,CAS,Benslimane,Urbain,Féminin,Primaire,Professeur agrégé,Physique-Chimie,6,8048,28,1,0
ENS201572,2017-2018,Rabat-Salé-Kénitra,RAB,Khémisset,Rural,Masculin,Qualifiant,Contractuel,Éducation physique,12,4241,27,1,13
ENS201573,2020-2021,Béni Mellal-Khénifra,BMK,Béni Mellal,Rural,Féminin,Primaire,Professeur certifié,Arabe,8,7309,23,0,0
ENS201574,2016-2017,Rabat-Salé-Kénitra,RAB,Skhirate-Témara,Rural,Masculin,Primaire,Contractuel,Histoire-Géo,13,4208,31,0,0
ENS201575,2021-2022,Fès-Meknès,FES,Boulemane,Rural,Masculin,Qualifiant,Professeur certifié,Arabe,19,6999,31,1,10
ENS201576,2017-2018,Souss-Massa,SOU,Chtouka-Ait Baha,Rural,Féminin,Collégial,Maître d'enseignement,SVT,34,5938,29,0,14
ENS201577,2020-2021,Béni Mellal-Khénifra,BMK,Khouribga,Urbain,Féminin,Primaire,Professeur certifié,Français,32,6591,24,0,10
ENS201578,2017-2018,Fès-Meknès,FES,Meknès,Rural,Masculin,Primaire,Instituteur,Histoire-Géo,29,4865,24,1,20
ENS201579,2017-2018,Souss-Massa,SOU,Inezgane-Ait Melloul,Urbain,Féminin,Qualifiant,Maître d'enseignement,Français,2,5509,20,0,24
ENS201580,2023-2024,Casablanca-Settat,CAS,Khouribga,Rural,Masculin,Collégial,Instituteur,Mathématiques,12,5151,22,0,0
ENS201581,2023-2024,Tanger-Tétouan-Al Hoceïma,TAN,Larache,Urbain,Masculin,Qualifiant,Professeur certifié,Anglais,18,5775,29,0,20
ENS201582,2015-2016,Marrakech-Safi,MAR,El Kelaa des Sraghna,Rural,Masculin,Qualifiant,Professeur agrégé,SVT,1,9379,24,0,18
ENS201583,2021-2022,Tanger-Tétouan-Al Hoceïma,TAN,Tanger-Assilah,Urbain,Masculin,Primaire,Professeur certifié,SVT,17,5808,27,0,14
ENS201584,2019-2020,Rabat-Salé-Kénitra,RAB,Sidi Kacem,Rural,Masculin,Primaire,Contractuel,Histoire-Géo,15,4240,24,1,7
ENS201585,2020-2021,Drâa-Tafilalet,DRA,Errachidia,Rural,Féminin,Qualifiant,Maître d'enseignement,SVT,10,5471,25,0,20
ENS201586,2016-2017,Casablanca-Settat,CAS,Khouribga,Urbain,Féminin,Collégial,Professeur agrégé,Sciences,18,9039,20,0,10
ENS201587,2022-2023,Casablanca-Settat,CAS,Berrechid,Rural,Masculin,Préscolaire,Maître d'enseignement,Éducation islamique,12,5448,25,0,8
ENS201588,2017-2018,Marrakech-Safi,MAR,Al Haouz,Urbain,Féminin,Primaire,Professeur certifié,Anglais,9,5691,25,0,0
ENS201589,2021-2022,Rabat-Salé-Kénitra,RAB,Rabat,Rural,Masculin,Primaire,Professeur certifié,Philosophie,4,7614,24,0,6
ENS201590,2020-2021,Rabat-Salé-Kénitra,RAB,Khémisset,Rural,Masculin,Préscolaire,Instituteur,Sciences,28,3368,25,1,11
ENS201591,2020-2021,Fès-Meknès,FES,El Hajeb,Rural,Masculin,Collégial,Professeur certifié,Éducation islamique,14,6714,30,1,21
ENS201592,2017-2018,Oriental,ORI,Nador,Urbain,Masculin,Primaire,Instituteur,Éducation islamique,31,4671,23,0,23
ENS201593,2022-2023,Marrakech-Safi,MAR,Youssoufia,Rural,Masculin,Primaire,Professeur certifié,Sciences,25,7108,27,0,22
ENS201594,2017-2018,Drâa-Tafilalet,DRA,Midelt,Rural,Féminin,Préscolaire,Instituteur,Mathématiques,6,4548,18,1,23
ENS201595,2021-2022,Marrakech-Safi,MAR,Al Haouz,Rural,Masculin,Qualifiant,Professeur agrégé,Français,1,8539,29,1,17
ENS201596,2023-2024,Marrakech-Safi,MAR,Safi,Urbain,Masculin,Primaire,Instituteur,Philosophie,28,5768,30,0,0
ENS201597,2020-2021,Oriental,ORI,Figuig,Rural,Masculin,Primaire,Instituteur,SVT,31,5188,26,1,0
ENS201598,2015-2016,Fès-Meknès,FES,El Hajeb,Rural,Masculin,Primaire,Instituteur,Arabe,1,5119,26,1,0
ENS201599,2019-2020,Tanger-Tétouan-Al Hoceïma,TAN,Mdiq-Fnideq,Urbain,Féminin,Primaire,Contractuel,Français,19,4617,22,1,11
ENS201600,2020-2021,Souss-Massa,SOU,Taroudannt,Urbain,Masculin,Primaire,Professeur certifié,Sciences,30,6474,23,0,0
ENS201601,2019-2020,Casablanca-Settat,CAS,Berrechid,Rural,Masculin,Primaire,Instituteur,Arabe,26,4249,31,1,17
ENS201602,2021-2022,Laâyoune-Sakia El Hamra,LAA,Tarfaya,Rural,Masculin,Qualifiant,Professeur certifié,Arabe,12,6848,20,1,0
ENS201603,2016-2017,Tanger-Tétouan-Al Hoceïma,TAN,Al Hoceïma,Rural,Masculin,Primaire,Instituteur,SVT,6,4852,29,1,4
ENS201604,2020-2021,Casablanca-Settat,CAS,Mohammadia,Rural,Masculin,Primaire,Professeur certifié,Sciences,5,7411,29,0,0
ENS201605,2017-2018,Fès-Meknès,FES,Boulemane,Rural,Masculin,Collégial,Professeur certifié,Anglais,27,7371,23,0,9
ENS201606,2021-2022,Béni Mellal-Khénifra,BMK,Béni Mellal,Rural,Masculin,Primaire,Professeur certifié,Sciences,1,6471,31,1,19
ENS201607,2022-2023,Marrakech-Safi,MAR,Chichaoua,Urbain,Masculin,Qualifiant,Professeur agrégé,Philosophie,17,9099,29,1,21
ENS201608,2021-2022,Béni Mellal-Khénifra,BMK,Fquih Ben Salah,Rural,Masculin,Primaire,Professeur agrégé,Sciences,13,9338,28,1,9
ENS201609,2016-2017,Rabat-Salé-Kénitra,RAB,Salé,Rural,Masculin,Primaire,Professeur certifié,Mathématiques,34,6335,20,0,14
ENS201610,2015-2016,Casablanca-Settat,CAS,Settat,Rural,Féminin,Primaire,Vacataire,Histoire-Géo,31,2763,27,0,0
ENS201611,2020-2021,Oriental,ORI,Figuig,Rural,Masculin,Collégial,Instituteur,Physique-Chimie,3,4618,26,0,3
ENS201612,2017-2018,Rabat-Salé-Kénitra,RAB,Khémisset,Urbain,Masculin,Collégial,Instituteur,Anglais,23,4588,27,0,22
ENS201613,2015-2016,Souss-Massa,SOU,Tata,Urbain,Masculin,Primaire,Instituteur,Sciences,6,4117,29,1,20
ENS201614,2018-2019,Béni Mellal-Khénifra,BMK,El Kelaa des Sraghna,Rural,Féminin,Primaire,Maître d'enseignement,Éducation physique,9,4806,30,0,11
ENS201615,2017-2018,Oriental,ORI,Berkane,Rural,Masculin,Primaire,Instituteur,Anglais,5,4833,29,0,7
ENS201616,2016-2017,Béni Mellal-Khénifra,BMK,Fquih Ben Salah,Rural,Féminin,Primaire,Instituteur,Physique-Chimie,30,5084,19,0,3
ENS201617,2019-2020,Rabat-Salé-Kénitra,RAB,Salé,Rural,Masculin,Qualifiant,Professeur agrégé,Physique-Chimie,16,9199,31,0,7
ENS201618,2020-2021,Rabat-Salé-Kénitra,RAB,Skhirate-Témara,Urbain,Masculin,Primaire,Maître d'enseignement,Mathématiques,5,4494,27,0,6
ENS201619,2015-2016,Casablanca-Settat,CAS,Mohammadia,Urbain,Masculin,Collégial,Professeur certifié,Éducation islamique,32,6481,25,0,16
ENS201620,2016-2017,Rabat-Salé-Kénitra,RAB,Khémisset,Rural,Masculin,Collégial,Vacataire,Arabe,30,2611,25,1,1
ENS201621,2016-2017,Fès-Meknès,FES,Séfrou,Rural,Féminin,Qualifiant,Professeur certifié,Mathématiques,13,6849,24,1,0
ENS201622,2015-2016,Casablanca-Settat,CAS,Casablanca,Rural,Féminin,Préscolaire,Maître d'enseignement,Mathématiques,25,5121,19,1,7
ENS201623,2017-2018,Souss-Massa,SOU,Tata,Urbain,Masculin,Qualifiant,Maître d'enseignement,Histoire-Géo,25,5186,20,0,22
ENS201624,2020-2021,Souss-Massa,SOU,Chtouka-Ait Baha,Urbain,Féminin,Qualifiant,Maître d'enseignement,Histoire-Géo,18,6008,25,0,15
ENS201625,2023-2024,Béni Mellal-Khénifra,BMK,El Kelaa des Sraghna,Urbain,Masculin,Primaire,Instituteur,SVT,6,6229,26,0,20
ENS201626,2017-2018,Casablanca-Settat,CAS,Settat,Rural,Féminin,Collégial,Professeur certifié,Éducation physique,28,6302,31,0,0
ENS201627,2021-2022,Fès-Meknès,FES,Boulemane,Rural,Féminin,Collégial,Professeur certifié,Sciences,1,6528,20,0,15
ENS201628,2016-2017,Tanger-Tétouan-Al Hoceïma,TAN,Al Hoceïma,Urbain,Féminin,Qualifiant,Professeur certifié,Arabe,2,5088,19,0,0
ENS201629,2016-2017,Béni Mellal-Khénifra,BMK,Azilal,Urbain,Féminin,Collégial,Instituteur,Éducation islamique,11,4608,29,1,3
ENS201630,2018-2019,Rabat-Salé-Kénitra,RAB,Khémisset,Urbain,Masculin,Primaire,Instituteur,Éducation physique,12,4608,27,0,0
ENS201631,2016-2017,Casablanca-Settat,CAS,Mohammadia,Rural,Masculin,Primaire,Maître d'enseignement,Mathématiques,2,6209,21,0,0
ENS201632,2022-2023,Béni Mellal-Khénifra,BMK,Fquih Ben Salah,Urbain,Féminin,Collégial,Maître d'enseignement,SVT,19,5088,24,0,12
ENS201633,2015-2016,Marrakech-Safi,MAR,Youssoufia,Urbain,Masculin,Collégial,Professeur agrégé,SVT,8,8790,29,1,0
ENS201634,2021-2022,Souss-Massa,SOU,Chtouka-Ait Baha,Urbain,Masculin,Primaire,Professeur certifié,Mathématiques,32,5910,20,0,22
ENS201635,2015-2016,Marrakech-Safi,MAR,El Kelaa des Sraghna,Urbain,Féminin,Primaire,Maître d'enseignement,Mathématiques,15,6103,24,0,5
ENS201636,2020-2021,Marrakech-Safi,MAR,Safi,Urbain,Masculin,Collégial,Maître d'enseignement,Sciences,17,6132,25,0,20
ENS201637,2023-2024,Casablanca-Settat,CAS,Casablanca,Urbain,Féminin,Primaire,Contractuel,Philosophie,27,4207,18,1,9
ENS201638,2023-2024,Rabat-Salé-Kénitra,RAB,Skhirate-Témara,Urbain,Masculin,Qualifiant,Contractuel,Éducation islamique,28,4939,30,0,5
ENS201639,2022-2023,Casablanca-Settat,CAS,Benslimane,Urbain,Féminin,Primaire,Instituteur,Français,15,4871,23,0,23
ENS201640,2017-2018,Marrakech-Safi,MAR,Safi,Urbain,Masculin,Qualifiant,Maître d'enseignement,Sciences,2,6156,28,0,18
ENS201641,2020-2021,Marrakech-Safi,MAR,Essaouira,Urbain,Masculin,Primaire,Professeur certifié,Anglais,21,5494,19,1,6
ENS201642,2019-2020,Oriental,ORI,Driouch,Rural,Masculin,Primaire,Instituteur,Éducation islamique,2,5138,19,0,0
ENS201643,2021-2022,Oriental,ORI,Taourirt,Urbain,Féminin,Collégial,Professeur certifié,Mathématiques,15,6123,25,0,11
ENS201644,2015-2016,Marrakech-Safi,MAR,Marrakech,Urbain,Féminin,Primaire,Contractuel,Anglais,2,4112,18,0,22
ENS201645,2018-2019,Souss-Massa,SOU,Tata,Urbain,Féminin,Préscolaire,Vacataire,Sciences,11,4484,30,0,22
ENS201646,2021-2022,Tanger-Tétouan-Al Hoceïma,TAN,Tanger-Assilah,Urbain,Féminin,Collégial,Professeur agrégé,Anglais,29,9123,25,0,0
ENS201647,2018-2019,Casablanca-Settat,CAS,Casablanca,Rural,Masculin,Primaire,Professeur agrégé,Français,21,8849,22,0,20
ENS201648,2021-2022,Rabat-Salé-Kénitra,RAB,Sidi Kacem,Rural,Masculin,Primaire,Maître d'enseignement,Arabe,7,5011,22,0,9
ENS201649,2020-2021,Tanger-Tétouan-Al Hoceïma,TAN,Tétouan,Rural,Masculin,Primaire,Maître d'enseignement,Physique-Chimie,33,5253,22,0,13
ENS201650,2017-2018,Casablanca-Settat,CAS,Sidi Bennour,Rural,Masculin,Qualifiant,Maître d'enseignement,SVT,23,5679,26,0,0
ENS201651,2016-2017,Casablanca-Settat,CAS,Khouribga,Rural,Masculin,Primaire,Instituteur,Éducation physique,32,5248,29,1,8
ENS201652,2022-2023,Casablanca-Settat,CAS,El Jadida,Urbain,Masculin,Primaire,Contractuel,Histoire-Géo,29,4093,26,0,8
ENS201653,2023-2024,Oriental,ORI,Nador,Urbain,Féminin,Primaire,Vacataire,Physique-Chimie,15,2892,18,1,1
ENS201654,2020-2021,Casablanca-Settat,CAS,Mohammadia,Urbain,Féminin,Qualifiant,Professeur certifié,Mathématiques,9,5432,23,0,14
ENS201655,2022-2023,Rabat-Salé-Kénitra,RAB,Rabat,Urbain,Féminin,Collégial,Professeur certifié,Éducation islamique,34,5188,18,1,0
ENS201656,2020-2021,Fès-Meknès,FES,El Hajeb,Rural,Masculin,Préscolaire,Maître d'enseignement,Physique-Chimie,24,5347,24,0,23
ENS201657,2020-2021,Fès-Meknès,FES,Taounate,Urbain,Masculin,Primaire,Professeur certifié,Histoire-Géo,11,7111,24,0,12
ENS201658,2016-2017,Casablanca-Settat,CAS,Sidi Bennour,Rural,Féminin,Collégial,Professeur certifié,Histoire-Géo,32,6450,28,0,2
ENS201659,2018-2019,Casablanca-Settat,CAS,Mohammadia,Rural,Féminin,Collégial,Professeur certifié,Éducation physique,28,6641,23,0,0
ENS201660,2020-2021,Casablanca-Settat,CAS,Berrechid,Rural,Masculin,Qualifiant,Instituteur,Arabe,1,4566,19,0,9
ENS201661,2020-2021,Fès-Meknès,FES,El Hajeb,Rural,Féminin,Primaire,Professeur certifié,Éducation islamique,15,5212,24,0,18
ENS201662,2021-2022,Casablanca-Settat,CAS,El Jadida,Rural,Masculin,Primaire,Contractuel,SVT,14,4153,18,1,19
ENS201663,2019-2020,Drâa-Tafilalet,DRA,Ouarzazate,Urbain,Masculin,Collégial,Contractuel,Éducation physique,15,4455,31,1,0
ENS201664,2020-2021,Rabat-Salé-Kénitra,RAB,Kénitra,Urbain,Féminin,Collégial,Professeur certifié,Arabe,23,6910,20,1,9
ENS201665,2015-2016,Guelmim-Oued Noun,GUE,Tan-Tan,Rural,Féminin,Collégial,Maître d'enseignement,Mathématiques,31,5682,29,0,18
ENS201666,2020-2021,Casablanca-Settat,CAS,El Jadida,Urbain,Masculin,Primaire,Instituteur,Histoire-Géo,30,4543,28,0,4
ENS201667,2017-2018,Fès-Meknès,FES,Taza,Urbain,Masculin,Collégial,Contractuel,Éducation islamique,22,3078,27,0,21
ENS201668,2015-2016,Casablanca-Settat,CAS,Sidi Bennour,Urbain,Masculin,Collégial,Contractuel,Anglais,29,4000,27,0,9
ENS201669,2019-2020,Casablanca-Settat,CAS,Berrechid,Urbain,Féminin,Primaire,Instituteur,Français,28,4311,26,1,0
ENS201670,2020-2021,Fès-Meknès,FES,Séfrou,Urbain,Masculin,Qualifiant,Professeur certifié,Anglais,1,7406,19,0,0
ENS201671,2021-2022,Rabat-Salé-Kénitra,RAB,Khémisset,Urbain,Masculin,Collégial,Professeur agrégé,Anglais,8,6857,24,1,5
ENS201672,2015-2016,Casablanca-Settat,CAS,Sidi Bennour,Urbain,Féminin,Primaire,Contractuel,Arabe,21,3391,25,1,14
ENS201673,2017-2018,Rabat-Salé-Kénitra,RAB,Rabat,Rural,Masculin,Primaire,Professeur certifié,Philosophie,24,6559,26,0,11
ENS201674,2021-2022,Oriental,ORI,Berkane,Urbain,Masculin,Primaire,Instituteur,Physique-Chimie,29,5292,18,0,4
ENS201675,2016-2017,Casablanca-Settat,CAS,Sidi Bennour,Urbain,Masculin,Primaire,Instituteur,SVT,4,3793,23,0,0
ENS201676,2020-2021,Rabat-Salé-Kénitra,RAB,Salé,Urbain,Féminin,Qualifiant,Vacataire,Sciences,13,2551,18,0,5
ENS201677,2017-2018,Rabat-Salé-Kénitra,RAB,Sidi Slimane,Urbain,Féminin,Primaire,Instituteur,Anglais,8,3782,23,0,0
ENS201678,2022-2023,Laâyoune-Sakia El Hamra,LAA,Boujdour,Urbain,Féminin,Collégial,Instituteur,Anglais,22,4571,25,1,16
ENS201679,2019-2020,Tanger-Tétouan-Al Hoceïma,TAN,Tanger-Assilah,Urbain,Masculin,Collégial,Contractuel,Anglais,29,4380,31,1,11
ENS201680,2018-2019,Marrakech-Safi,MAR,Essaouira,Urbain,Masculin,Collégial,Professeur certifié,Mathématiques,33,6370,27,0,21
ENS201681,2017-2018,Marrakech-Safi,MAR,Al Haouz,Urbain,Masculin,Primaire,Professeur agrégé,Sciences,25,9612,20,0,11
ENS201682,2015-2016,Drâa-Tafilalet,DRA,Midelt,Urbain,Féminin,Collégial,Professeur certifié,Philosophie,17,6353,23,0,7
ENS201683,2021-2022,Casablanca-Settat,CAS,Khouribga,Rural,Masculin,Primaire,Maître d'enseignement,SVT,8,5417,23,0,9
ENS201684,2021-2022,Casablanca-Settat,CAS,El Jadida,Rural,Masculin,Qualifiant,Instituteur,Sciences,12,5140,22,1,2
ENS201685,2018-2019,Casablanca-Settat,CAS,Settat,Urbain,Féminin,Collégial,Professeur certifié,Arabe,23,5669,22,1,21
ENS201686,2016-2017,Oriental,ORI,Driouch,Urbain,Masculin,Qualifiant,Professeur certifié,Mathématiques,34,6539,26,1,0
ENS201687,2020-2021,Tanger-Tétouan-Al Hoceïma,TAN,Ouazzane,Rural,Masculin,Primaire,Professeur certifié,Anglais,29,5715,30,0,3
ENS201688,2022-2023,Tanger-Tétouan-Al Hoceïma,TAN,Ouazzane,Rural,Masculin,Primaire,Instituteur,Éducation islamique,5,4450,20,1,15
ENS201689,2020-2021,Rabat-Salé-Kénitra,RAB,Salé,Urbain,Masculin,Collégial,Professeur agrégé,Philosophie,26,8662,21,1,16
ENS201690,2023-2024,Tanger-Tétouan-Al Hoceïma,TAN,Mdiq-Fnideq,Rural,Féminin,Collégial,Vacataire,Mathématiques,33,2799,29,1,14
ENS201691,2017-2018,Casablanca-Settat,CAS,Benslimane,Urbain,Féminin,Collégial,Contractuel,Arabe,25,4438,18,1,0
ENS201692,2015-2016,Fès-Meknès,FES,El Hajeb,Urbain,Masculin,Collégial,Contractuel,Anglais,6,4578,21,0,15
ENS201693,2017-2018,Rabat-Salé-Kénitra,RAB,Skhirate-Témara,Rural,Féminin,Primaire,Instituteur,Arabe,17,3844,22,1,13
ENS201694,2015-2016,Souss-Massa,SOU,Inezgane-Ait Melloul,Rural,Masculin,Collégial,Instituteur,SVT,13,4961,20,0,17
ENS201695,2022-2023,Marrakech-Safi,MAR,Safi,Rural,Masculin,Qualifiant,Professeur certifié,Physique-Chimie,25,7513,26,0,10
ENS201696,2021-2022,Drâa-Tafilalet,DRA,Midelt,Rural,Masculin,Primaire,Professeur certifié,Anglais,18,6756,22,0,18
ENS201697,2015-2016,Rabat-Salé-Kénitra,RAB,Rabat,Urbain,Masculin,Primaire,Professeur certifié,Arabe,23,5940,28,1,0
ENS201698,2022-2023,Casablanca-Settat,CAS,Mohammadia,Rural,Masculin,Qualifiant,Professeur certifié,Physique-Chimie,24,6586,23,0,19
ENS201699,2017-2018,Tanger-Tétouan-Al Hoceïma,TAN,Larache,Urbain,Masculin,Primaire,Professeur certifié,Sciences,30,6568,28,0,21
ENS201700,2018-2019,Drâa-Tafilalet,DRA,Errachidia,Urbain,Masculin,Primaire,Professeur certifié,Arabe,23,6467,19,0,0
ENS201701,2018-2019,Rabat-Salé-Kénitra,RAB,Sidi Slimane,Rural,Féminin,Primaire,Professeur certifié,Éducation islamique,30,6650,18,0,10
ENS201702,2017-2018,Souss-Massa,SOU,Agadir-Ida-Ou-Tanane,Urbain,Masculin,Collégial,Contractuel,Éducation islamique,22,4880,27,0,8
ENS201703,2017-2018,Casablanca-Settat,CAS,Khouribga,Rural,Masculin,Primaire,Professeur certifié,Arabe,3,6967,30,1,12
ENS201704,2018-2019,Souss-Massa,SOU,Inezgane-Ait Melloul,Urbain,Masculin,Qualifiant,Professeur certifié,Arabe,14,6206,24,1,7
ENS201705,2021-2022,Tanger-Tétouan-Al Hoceïma,TAN,Ouazzane,Rural,Masculin,Primaire,Maître d'enseignement,Histoire-Géo,16,5535,18,0,7
ENS201706,2017-2018,Casablanca-Settat,CAS,Mohammadia,Urbain,Masculin,Collégial,Professeur certifié,Éducation physique,10,7572,21,0,19
ENS201707,2020-2021,Casablanca-Settat,CAS,Casablanca,Urbain,Masculin,Primaire,Contractuel,Sciences,16,5269,26,0,8
ENS201708,2021-2022,Béni Mellal-Khénifra,BMK,Fquih Ben Salah,Urbain,Masculin,Qualifiant,Professeur certifié,Mathématiques,23,6639,27,1,20
ENS201709,2021-2022,Rabat-Salé-Kénitra,RAB,Kénitra,Urbain,Masculin,Primaire,Vacataire,Anglais,15,2767,24,1,0
ENS201710,2016-2017,Drâa-Tafilalet,DRA,Tinghir,Rural,Féminin,Primaire,Vacataire,Histoire-Géo,23,2629,31,1,7
ENS201711,2021-2022,Casablanca-Settat,CAS,Casablanca,Urbain,Masculin,Collégial,Maître d'enseignement,Mathématiques,9,5632,24,0,8
ENS201712,2019-2020,Casablanca-Settat,CAS,Casablanca,Rural,Masculin,Primaire,Instituteur,Français,3,5426,27,0,17
ENS201713,2019-2020,Casablanca-Settat,CAS,Casablanca,Rural,Masculin,Collégial,Professeur certifié,Mathématiques,10,6986,29,0,16
ENS201714,2023-2024,Fès-Meknès,FES,Ifrane,Urbain,Féminin,Primaire,Instituteur,SVT,17,4549,20,0,20
ENS201715,2023-2024,Fès-Meknès,FES,Moulay Yacoub,Rural,Masculin,Collégial,Professeur agrégé,Éducation islamique,30,7926,21,1,5
ENS201716,2016-2017,Fès-Meknès,FES,Ifrane,Rural,Masculin,Primaire,Maître d'enseignement,Éducation islamique,23,6021,23,1,13
ENS201717,2019-2020,Casablanca-Settat,CAS,El Jadida,Urbain,Féminin,Qualifiant,Professeur agrégé,Histoire-Géo,10,8006,24,0,23
ENS201718,2019-2020,Souss-Massa,SOU,Agadir-Ida-Ou-Tanane,Rural,Masculin,Primaire,Instituteur,Éducation physique,26,5286,29,1,11
ENS201719,2017-2018,Béni Mellal-Khénifra,BMK,Fquih Ben Salah,Rural,Masculin,Primaire,Instituteur,Histoire-Géo,34,5288,28,1,14
ENS201720,2023-2024,Marrakech-Safi,MAR,Safi,Rural,Masculin,Collégial,Professeur agrégé,Français,14,7910,24,1,18
ENS201721,2021-2022,Tanger-Tétouan-Al Hoceïma,TAN,Chefchaouen,Rural,Féminin,Primaire,Instituteur,Physique-Chimie,6,5100,26,0,8
ENS201722,2019-2020,Casablanca-Settat,CAS,Sidi Bennour,Rural,Féminin,Collégial,Maître d'enseignement,Histoire-Géo,20,5595,24,1,8
ENS201723,2021-2022,Tanger-Tétouan-Al Hoceïma,TAN,Fahs-Anjra,Urbain,Féminin,Collégial,Contractuel,Anglais,11,4814,25,1,3
ENS201724,2022-2023,Marrakech-Safi,MAR,Marrakech,Urbain,Masculin,Collégial,Professeur certifié,Physique-Chimie,32,6110,27,0,0
ENS201725,2023-2024,Rabat-Salé-Kénitra,RAB,Skhirate-Témara,Urbain,Féminin,Collégial,Instituteur,Philosophie,17,6659,29,0,0
ENS201726,2018-2019,Souss-Massa,SOU,Agadir-Ida-Ou-Tanane,Urbain,Masculin,Qualifiant,Instituteur,SVT,7,3424,31,0,21
ENS201727,2019-2020,Marrakech-Safi,MAR,Al Haouz,Rural,Féminin,Collégial,Maître d'enseignement,Physique-Chimie,17,8109,30,1,2
ENS201728,2022-2023,Casablanca-Settat,CAS,Berrechid,Rural,Féminin,Qualifiant,Professeur certifié,Sciences,30,6347,26,1,21
ENS201729,2022-2023,Casablanca-Settat,CAS,Settat,Urbain,Féminin,Qualifiant,Instituteur,Éducation physique,34,3788,30,1,24
ENS201730,2022-2023,Souss-Massa,SOU,Tiznit,Rural,Féminin,Primaire,Contractuel,Arabe,11,3763,30,1,21
ENS201731,2022-2023,Casablanca-Settat,CAS,Mohammadia,Urbain,Masculin,Primaire,Professeur certifié,Sciences,21,6782,22,0,18
ENS201732,2017-2018,Rabat-Salé-Kénitra,RAB,Khémisset,Rural,Masculin,Collégial,Professeur agrégé,Arabe,22,6492,22,1,0
ENS201733,2019-2020,Tanger-Tétouan-Al Hoceïma,TAN,Fahs-Anjra,Rural,Masculin,Qualifiant,Instituteur,Philosophie,21,5223,30,1,2
ENS201734,2015-2016,Béni Mellal-Khénifra,BMK,Azilal,Urbain,Masculin,Qualifiant,Instituteur,SVT,32,5158,20,0,0
ENS201735,2017-2018,Casablanca-Settat,CAS,Mohammadia,Urbain,Masculin,Qualifiant,Instituteur,Arabe,6,5516,19,1,0
ENS201736,2016-2017,Fès-Meknès,FES,Moulay Yacoub,Urbain,Féminin,Primaire,Contractuel,Arabe,15,3455,31,1,0
ENS201737,2019-2020,Casablanca-Settat,CAS,El Jadida,Urbain,Féminin,Préscolaire,Professeur certifié,Histoire-Géo,1,6301,22,0,14
ENS201738,2023-2024,Casablanca-Settat,CAS,Casablanca,Urbain,Masculin,Primaire,Professeur agrégé,Mathématiques,4,9529,23,0,0
ENS201739,2019-2020,Oriental,ORI,Taourirt,Urbain,Féminin,Primaire,Professeur certifié,Éducation physique,27,5882,23,0,3
ENS201740,2021-2022,Tanger-Tétouan-Al Hoceïma,TAN,Tétouan,Rural,Masculin,Qualifiant,Instituteur,Mathématiques,32,4939,19,1,11
ENS201741,2018-2019,Rabat-Salé-Kénitra,RAB,Salé,Rural,Féminin,Collégial,Professeur certifié,Mathématiques,12,5381,26,1,15
ENS201742,2017-2018,Tanger-Tétouan-Al Hoceïma,TAN,Mdiq-Fnideq,Urbain,Masculin,Collégial,Professeur certifié,Éducation physique,26,6954,18,1,21
ENS201743,2019-2020,Casablanca-Settat,CAS,Khouribga,Urbain,Féminin,Collégial,Maître d'enseignement,Histoire-Géo,7,6320,27,0,7
ENS201744,2021-2022,Fès-Meknès,FES,El Hajeb,Rural,Masculin,Primaire,Instituteur,SVT,18,4626,20,0,13
ENS201745,2018-2019,Marrakech-Safi,MAR,Essaouira,Urbain,Masculin,Qualifiant,Professeur certifié,Éducation islamique,4,6471,31,0,14
ENS201746,2017-2018,Fès-Meknès,FES,Ifrane,Urbain,Féminin,Primaire,Professeur certifié,Sciences,32,6702,27,1,6
ENS201747,2022-2023,Souss-Massa,SOU,Tiznit,Urbain,Féminin,Qualifiant,Instituteur,Anglais,1,5367,25,1,15
ENS201748,2021-2022,Fès-Meknès,FES,Taza,Urbain,Féminin,Qualifiant,Instituteur,Français,24,4388,22,1,17
ENS201749,2015-2016,Béni Mellal-Khénifra,BMK,Khouribga,Rural,Masculin,Primaire,Maître d'enseignement,Mathématiques,8,5703,19,1,0
ENS201750,2021-2022,Souss-Massa,SOU,Tata,Urbain,Féminin,Primaire,Instituteur,Sciences,28,5198,20,0,19
ENS201751,2018-2019,Casablanca-Settat,CAS,Casablanca,Urbain,Masculin,Qualifiant,Instituteur,Mathématiques,5,5402,27,1,1
ENS201752,2021-2022,Guelmim-Oued Noun,GUE,Assa-Zag,Urbain,Masculin,Primaire,Professeur certifié,Histoire-Géo,13,6504,19,1,0
ENS201753,2015-2016,Tanger-Tétouan-Al Hoceïma,TAN,Ouazzane,Urbain,Masculin,Primaire,Instituteur,Philosophie,1,5226,30,0,13
ENS201754,2019-2020,Rabat-Salé-Kénitra,RAB,Khémisset,Rural,Féminin,Qualifiant,Contractuel,Mathématiques,5,3051,25,1,7
ENS201755,2023-2024,Casablanca-Settat,CAS,Settat,Urbain,Masculin,Collégial,Professeur certifié,Français,6,7395,19,0,21
ENS201756,2018-2019,Marrakech-Safi,MAR,El Kelaa des Sraghna,Urbain,Masculin,Préscolaire,Contractuel,Philosophie,16,5169,24,1,4
ENS201757,2019-2020,Casablanca-Settat,CAS,El Jadida,Rural,Féminin,Collégial,Contractuel,Anglais,18,3806,29,0,0
ENS201758,2019-2020,Béni Mellal-Khénifra,BMK,Fquih Ben Salah,Rural,Masculin,Qualifiant,Contractuel,Mathématiques,32,3419,24,1,0
ENS201759,2021-2022,Tanger-Tétouan-Al Hoceïma,TAN,Chefchaouen,Rural,Masculin,Primaire,Professeur agrégé,Sciences,32,7064,28,0,0
ENS201760,2023-2024,Tanger-Tétouan-Al Hoceïma,TAN,Fahs-Anjra,Urbain,Masculin,Primaire,Professeur certifié,Histoire-Géo,28,6421,29,1,21
ENS201761,2021-2022,Casablanca-Settat,CAS,Settat,Rural,Féminin,Qualifiant,Professeur certifié,Physique-Chimie,8,6128,22,0,0
ENS201762,2018-2019,Rabat-Salé-Kénitra,RAB,Salé,Rural,Masculin,Primaire,Contractuel,Éducation physique,23,4392,28,1,24
ENS201763,2021-2022,Tanger-Tétouan-Al Hoceïma,TAN,Al Hoceïma,Urbain,Féminin,Primaire,Professeur certifié,Anglais,26,6346,25,0,0
ENS201764,2019-2020,Tanger-Tétouan-Al Hoceïma,TAN,Al Hoceïma,Rural,Masculin,Primaire,Professeur certifié,Éducation islamique,30,5595,27,1,3
ENS201765,2015-2016,Fès-Meknès,FES,Moulay Yacoub,Rural,Féminin,Qualifiant,Professeur certifié,Mathématiques,30,7180,24,0,10
ENS201766,2023-2024,Souss-Massa,SOU,Inezgane-Ait Melloul,Urbain,Féminin,Primaire,Professeur certifié,Sciences,6,7320,23,0,11
ENS201767,2021-2022,Casablanca-Settat,CAS,Settat,Urbain,Féminin,Primaire,Professeur certifié,Sciences,1,7133,20,0,20
ENS201768,2018-2019,Oriental,ORI,Nador,Urbain,Féminin,Qualifiant,Professeur certifié,Physique-Chimie,8,6130,19,1,19
ENS201769,2022-2023,Tanger-Tétouan-Al Hoceïma,TAN,Tanger-Assilah,Urbain,Masculin,Préscolaire,Instituteur,SVT,1,5023,20,1,1
ENS201770,2020-2021,Casablanca-Settat,CAS,Berrechid,Rural,Masculin,Primaire,Instituteur,Sciences,18,4795,31,0,6
ENS201771,2019-2020,Marrakech-Safi,MAR,El Kelaa des Sraghna,Urbain,Féminin,Primaire,Contractuel,Anglais,29,5311,18,0,6
ENS201772,2023-2024,Oriental,ORI,Driouch,Urbain,Masculin,Qualifiant,Professeur certifié,Français,4,5296,31,1,16
ENS201773,2018-2019,Rabat-Salé-Kénitra,RAB,Sidi Slimane,Rural,Féminin,Primaire,Professeur certifié,Arabe,5,5797,26,1,4
ENS201774,2022-2023,Oriental,ORI,Taourirt,Rural,Féminin,Primaire,Contractuel,Sciences,7,4413,31,0,3
ENS201775,2016-2017,Oriental,ORI,Figuig,Urbain,Féminin,Collégial,Professeur certifié,Éducation physique,28,6944,31,0,12
ENS201776,2023-2024,Marrakech-Safi,MAR,Safi,Urbain,Masculin,Primaire,Professeur certifié,Arabe,4,6586,19,0,20
ENS201777,2020-2021,Oriental,ORI,Nador,Urbain,Masculin,Préscolaire,Professeur agrégé,Éducation physique,25,8425,21,1,10
ENS201778,2017-2018,Fès-Meknès,FES,Boulemane,Urbain,Masculin,Qualifiant,Maître d'enseignement,Français,31,6269,22,0,0
ENS201779,2021-2022,Laâyoune-Sakia El Hamra,LAA,Tarfaya,Urbain,Féminin,Primaire,Professeur certifié,Arabe,24,7181,24,0,3
ENS201780,2019-2020,Rabat-Salé-Kénitra,RAB,Skhirate-Témara,Rural,Féminin,Collégial,Instituteur,SVT,2,5259,22,0,23
ENS201781,2018-2019,Casablanca-Settat,CAS,Mohammadia,Urbain,Masculin,Qualifiant,Vacataire,Philosophie,13,3914,19,1,3
ENS201782,2022-2023,Casablanca-Settat,CAS,Khouribga,Rural,Masculin,Préscolaire,Contractuel,Éducation physique,23,3695,30,0,24
ENS201783,2016-2017,Guelmim-Oued Noun,GUE,Guelmim,Urbain,Féminin,Primaire,Professeur agrégé,SVT,17,8779,23,1,20
ENS201784,2018-2019,Casablanca-Settat,CAS,Sidi Bennour,Rural,Masculin,Primaire,Professeur certifié,Philosophie,1,6450,26,0,7
ENS201785,2017-2018,Tanger-Tétouan-Al Hoceïma,TAN,Mdiq-Fnideq,Urbain,Féminin,Collégial,Professeur certifié,Éducation islamique,14,5584,28,0,1
ENS201786,2020-2021,Drâa-Tafilalet,DRA,Errachidia,Rural,Masculin,Qualifiant,Professeur agrégé,Histoire-Géo,20,8870,18,1,24
ENS201787,2023-2024,Souss-Massa,SOU,Agadir-Ida-Ou-Tanane,Urbain,Masculin,Préscolaire,Maître d'enseignement,Sciences,12,5923,30,1,2
ENS201788,2017-2018,Marrakech-Safi,MAR,Al Haouz,Urbain,Masculin,Primaire,Contractuel,Mathématiques,17,4378,28,0,0
ENS201789,2020-2021,Rabat-Salé-Kénitra,RAB,Skhirate-Témara,Rural,Masculin,Primaire,Maître d'enseignement,Histoire-Géo,8,5341,23,0,0
ENS201790,2016-2017,Béni Mellal-Khénifra,BMK,Béni Mellal,Urbain,Féminin,Primaire,Contractuel,Français,22,3311,31,0,0
ENS201791,2022-2023,Fès-Meknès,FES,Taounate,Urbain,Masculin,Collégial,Professeur certifié,Français,30,6635,31,1,24
ENS201792,2017-2018,Marrakech-Safi,MAR,Safi,Urbain,Masculin,Collégial,Professeur agrégé,Éducation physique,32,8583,31,1,0
ENS201793,2017-2018,Rabat-Salé-Kénitra,RAB,Skhirate-Témara,Rural,Masculin,Primaire,Professeur certifié,Éducation physique,19,6364,23,0,6
ENS201794,2021-2022,Béni Mellal-Khénifra,BMK,El Kelaa des Sraghna,Rural,Féminin,Primaire,Instituteur,Français,27,4116,29,0,22
ENS201795,2023-2024,Marrakech-Safi,MAR,Chichaoua,Rural,Masculin,Qualifiant,Instituteur,Histoire-Géo,13,5839,30,0,19
ENS201796,2020-2021,Casablanca-Settat,CAS,Mohammadia,Rural,Masculin,Primaire,Professeur agrégé,Mathématiques,4,8511,20,1,0
ENS201797,2021-2022,Marrakech-Safi,MAR,Youssoufia,Urbain,Masculin,Primaire,Professeur agrégé,Français,4,9508,30,0,3
ENS201798,2020-2021,Casablanca-Settat,CAS,El Jadida,Urbain,Masculin,Primaire,Professeur agrégé,Éducation physique,6,6857,27,1,11
ENS201799,2016-2017,Casablanca-Settat,CAS,Settat,Rural,Masculin,Collégial,Contractuel,Éducation islamique,30,4286,29,0,0
ENS201800,2016-2017,Casablanca-Settat,CAS,Benslimane,Urbain,Féminin,Primaire,Professeur certifié,Philosophie,33,7732,26,0,7
ENS201801,2015-2016,Rabat-Salé-Kénitra,RAB,Rabat,Rural,Masculin,Primaire,Contractuel,Français,19,4044,18,0,17
ENS201802,2023-2024,Fès-Meknès,FES,Meknès,Rural,Masculin,Qualifiant,Instituteur,Histoire-Géo,21,4317,24,1,0
ENS201803,2022-2023,Casablanca-Settat,CAS,Casablanca,Urbain,Masculin,Préscolaire,Instituteur,Éducation islamique,1,3873,29,0,16
ENS201804,2021-2022,Marrakech-Safi,MAR,Chichaoua,Urbain,Masculin,Primaire,Maître d'enseignement,SVT,29,6068,31,1,11
ENS201805,2019-2020,Tanger-Tétouan-Al Hoceïma,TAN,Tétouan,Urbain,Féminin,Collégial,Contractuel,Anglais,17,3961,26,1,0
ENS201806,2021-2022,Souss-Massa,SOU,Inezgane-Ait Melloul,Urbain,Masculin,Collégial,Contractuel,Sciences,4,4006,31,0,17
ENS201807,2017-2018,Casablanca-Settat,CAS,Benslimane,Urbain,Masculin,Primaire,Instituteur,Arabe,21,5853,22,0,14
ENS201808,2018-2019,Béni Mellal-Khénifra,BMK,Béni Mellal,Urbain,Féminin,Qualifiant,Instituteur,Anglais,24,5020,27,1,14
ENS201809,2016-2017,Tanger-Tétouan-Al Hoceïma,TAN,Chefchaouen,Rural,Féminin,Qualifiant,Instituteur,Philosophie,31,4167,24,0,18
ENS201810,2015-2016,Marrakech-Safi,MAR,Essaouira,Rural,Masculin,Primaire,Instituteur,Sciences,28,5141,25,1,15
ENS201811,2019-2020,Dakhla-Oued Eddahab,DAK,Dakhla,Urbain,Féminin,Primaire,Maître d'enseignement,Français,18,4746,29,0,13
ENS201812,2023-2024,Casablanca-Settat,CAS,El Jadida,Rural,Masculin,Primaire,Contractuel,Français,22,3553,20,0,13
ENS201813,2019-2020,Guelmim-Oued Noun,GUE,Guelmim,Urbain,Masculin,Primaire,Contractuel,Français,9,3319,19,0,0
ENS201814,2020-2021,Tanger-Tétouan-Al Hoceïma,TAN,Ouazzane,Urbain,Masculin,Primaire,Contractuel,Éducation physique,22,6227,26,1,16
ENS201815,2023-2024,Oriental,ORI,Guercif,Urbain,Masculin,Préscolaire,Professeur certifié,Sciences,9,6175,28,1,9
ENS201816,2018-2019,Fès-Meknès,FES,Séfrou,Rural,Féminin,Collégial,Professeur agrégé,Éducation physique,29,8105,23,1,15
ENS201817,2019-2020,Fès-Meknès,FES,Taounate,Urbain,Masculin,Qualifiant,Instituteur,Éducation physique,26,5040,29,0,9
ENS201818,2022-2023,Tanger-Tétouan-Al Hoceïma,TAN,Larache,Urbain,Masculin,Primaire,Maître d'enseignement,Anglais,22,6787,26,0,20
ENS201819,2015-2016,Dakhla-Oued Eddahab,DAK,Aousserd,Rural,Masculin,Primaire,Contractuel,Sciences,25,3433,20,0,13
ENS201820,2017-2018,Casablanca-Settat,CAS,Sidi Bennour,Urbain,Féminin,Qualifiant,Professeur certifié,Éducation islamique,4,5256,26,0,24
ENS201821,2020-2021,Tanger-Tétouan-Al Hoceïma,TAN,Fahs-Anjra,Urbain,Féminin,Collégial,Professeur agrégé,SVT,29,9577,31,0,2
ENS201822,2019-2020,Marrakech-Safi,MAR,El Kelaa des Sraghna,Urbain,Féminin,Collégial,Maître d'enseignement,Éducation islamique,9,5957,31,1,8
ENS201823,2017-2018,Marrakech-Safi,MAR,Chichaoua,Rural,Masculin,Primaire,Maître d'enseignement,Éducation islamique,21,5379,30,1,0
ENS201824,2021-2022,Fès-Meknès,FES,Séfrou,Rural,Féminin,Primaire,Professeur certifié,SVT,2,6651,30,0,3
ENS201825,2015-2016,Fès-Meknès,FES,Ifrane,Rural,Féminin,Primaire,Professeur certifié,Philosophie,18,4397,19,0,21
ENS201826,2022-2023,Rabat-Salé-Kénitra,RAB,Salé,Urbain,Masculin,Préscolaire,Maître d'enseignement,Éducation islamique,9,5190,30,1,19
ENS201827,2022-2023,Drâa-Tafilalet,DRA,Ouarzazate,Rural,Masculin,Primaire,Professeur agrégé,Mathématiques,33,8545,26,0,0
ENS201828,2019-2020,Rabat-Salé-Kénitra,RAB,Salé,Urbain,Masculin,Collégial,Contractuel,Arabe,20,4679,24,0,12
ENS201829,2016-2017,Guelmim-Oued Noun,GUE,Assa-Zag,Urbain,Masculin,Collégial,Instituteur,Arabe,30,4292,18,0,2
ENS201830,2021-2022,Tanger-Tétouan-Al Hoceïma,TAN,Al Hoceïma,Urbain,Masculin,Qualifiant,Contractuel,Histoire-Géo,19,5264,25,0,15
ENS201831,2018-2019,Rabat-Salé-Kénitra,RAB,Salé,Urbain,Féminin,Collégial,Maître d'enseignement,Arabe,29,4838,22,1,9
ENS201832,2021-2022,Marrakech-Safi,MAR,Essaouira,Rural,Féminin,Primaire,Contractuel,SVT,31,5634,25,0,13
ENS201833,2018-2019,Rabat-Salé-Kénitra,RAB,Sidi Kacem,Rural,Féminin,Collégial,Contractuel,Histoire-Géo,1,3363,20,1,11
ENS201834,2023-2024,Rabat-Salé-Kénitra,RAB,Rabat,Urbain,Masculin,Primaire,Professeur certifié,Mathématiques,32,6746,19,0,20
ENS201835,2016-2017,Rabat-Salé-Kénitra,RAB,Sidi Slimane,Urbain,Masculin,Collégial,Professeur certifié,Philosophie,19,7498,30,0,17
ENS201836,2016-2017,Rabat-Salé-Kénitra,RAB,Rabat,Rural,Masculin,Primaire,Instituteur,Éducation physique,19,5424,28,1,18
ENS201837,2023-2024,Fès-Meknès,FES,Séfrou,Rural,Masculin,Qualifiant,Maître d'enseignement,Philosophie,3,5503,26,0,0
ENS201838,2015-2016,Tanger-Tétouan-Al Hoceïma,TAN,Larache,Rural,Féminin,Qualifiant,Professeur certifié,Sciences,16,4461,20,1,22
ENS201839,2021-2022,Marrakech-Safi,MAR,Safi,Urbain,Féminin,Primaire,Maître d'enseignement,Histoire-Géo,13,5080,20,0,0
ENS201840,2021-2022,Fès-Meknès,FES,El Hajeb,Rural,Masculin,Primaire,Maître d'enseignement,SVT,6,5885,27,0,0
ENS201841,2016-2017,Oriental,ORI,Nador,Rural,Féminin,Primaire,Instituteur,SVT,13,5293,21,1,13
ENS201842,2016-2017,Casablanca-Settat,CAS,El Jadida,Rural,Masculin,Primaire,Vacataire,Éducation physique,34,3614,24,0,0
ENS201843,2017-2018,Fès-Meknès,FES,Ifrane,Rural,Masculin,Primaire,Contractuel,SVT,9,3445,31,1,0
ENS201844,2023-2024,Rabat-Salé-Kénitra,RAB,Sidi Slimane,Rural,Féminin,Collégial,Instituteur,Éducation islamique,18,4977,24,0,23
ENS201845,2019-2020,Tanger-Tétouan-Al Hoceïma,TAN,Chefchaouen,Urbain,Masculin,Primaire,Contractuel,Mathématiques,29,3899,28,1,24
ENS201846,2022-2023,Rabat-Salé-Kénitra,RAB,Skhirate-Témara,Rural,Masculin,Primaire,Instituteur,SVT,4,5245,20,1,20
ENS201847,2016-2017,Tanger-Tétouan-Al Hoceïma,TAN,Tanger-Assilah,Rural,Masculin,Primaire,Vacataire,Histoire-Géo,15,2965,22,0,0
ENS201848,2019-2020,Casablanca-Settat,CAS,Benslimane,Urbain,Masculin,Primaire,Instituteur,Histoire-Géo,24,5076,25,1,5
ENS201849,2018-2019,Fès-Meknès,FES,Ifrane,Rural,Masculin,Préscolaire,Maître d'enseignement,Éducation islamique,23,6746,19,1,24
ENS201850,2021-2022,Tanger-Tétouan-Al Hoceïma,TAN,Chefchaouen,Rural,Masculin,Collégial,Contractuel,SVT,14,4588,23,0,17
ENS201851,2016-2017,Oriental,ORI,Taourirt,Urbain,Masculin,Primaire,Instituteur,Histoire-Géo,5,5673,22,1,14
ENS201852,2019-2020,Fès-Meknès,FES,El Hajeb,Urbain,Féminin,Qualifiant,Professeur certifié,Philosophie,12,6837,20,0,3
ENS201853,2017-2018,Fès-Meknès,FES,Fès,Rural,Féminin,Collégial,Professeur certifié,Mathématiques,31,7168,18,0,0
ENS201854,2020-2021,Fès-Meknès,FES,Taza,Urbain,Masculin,Primaire,Professeur certifié,Physique-Chimie,5,6042,23,1,19
ENS201855,2015-2016,Oriental,ORI,Taourirt,Urbain,Masculin,Collégial,Instituteur,Éducation physique,27,4063,24,0,19
ENS201856,2021-2022,Rabat-Salé-Kénitra,RAB,Khémisset,Rural,Masculin,Collégial,Maître d'enseignement,Arabe,11,6028,31,1,14
ENS201857,2021-2022,Casablanca-Settat,CAS,Sidi Bennour,Urbain,Féminin,Qualifiant,Instituteur,SVT,3,5305,22,0,9
ENS201858,2022-2023,Marrakech-Safi,MAR,Youssoufia,Rural,Féminin,Primaire,Instituteur,Éducation physique,32,5064,27,1,23
ENS201859,2016-2017,Casablanca-Settat,CAS,Settat,Urbain,Féminin,Collégial,Professeur agrégé,Français,6,8858,26,0,11
ENS201860,2019-2020,Tanger-Tétouan-Al Hoceïma,TAN,Tétouan,Urbain,Féminin,Qualifiant,Professeur certifié,Éducation physique,1,6504,26,0,24
ENS201861,2021-2022,Casablanca-Settat,CAS,Mohammadia,Urbain,Féminin,Collégial,Professeur agrégé,Mathématiques,26,7607,21,1,0
ENS201862,2021-2022,Fès-Meknès,FES,Taounate,Urbain,Masculin,Primaire,Professeur certifié,Arabe,25,6621,30,0,21
ENS201863,2015-2016,Béni Mellal-Khénifra,BMK,Béni Mellal,Urbain,Féminin,Primaire,Professeur certifié,Français,32,7176,20,1,18
ENS201864,2021-2022,Oriental,ORI,Jerada,Urbain,Masculin,Collégial,Professeur certifié,Mathématiques,5,6440,21,0,4
ENS201865,2021-2022,Béni Mellal-Khénifra,BMK,Azilal,Urbain,Masculin,Primaire,Maître d'enseignement,Arabe,6,6314,23,0,14
ENS201866,2017-2018,Casablanca-Settat,CAS,Sidi Bennour,Rural,Masculin,Primaire,Maître d'enseignement,Arabe,21,6364,21,1,23
ENS201867,2016-2017,Tanger-Tétouan-Al Hoceïma,TAN,Larache,Rural,Masculin,Collégial,Maître d'enseignement,Philosophie,33,6757,23,0,20
ENS201868,2022-2023,Fès-Meknès,FES,Meknès,Rural,Féminin,Collégial,Professeur certifié,Physique-Chimie,11,4778,23,0,3
ENS201869,2016-2017,Fès-Meknès,FES,Boulemane,Rural,Masculin,Préscolaire,Instituteur,Histoire-Géo,11,4591,28,0,8
ENS201870,2022-2023,Casablanca-Settat,CAS,Casablanca,Urbain,Féminin,Primaire,Instituteur,Philosophie,24,5197,21,1,0
ENS201871,2019-2020,Tanger-Tétouan-Al Hoceïma,TAN,Ouazzane,Rural,Masculin,Primaire,Contractuel,SVT,30,4134,29,1,0
ENS201872,2021-2022,Marrakech-Safi,MAR,Essaouira,Rural,Masculin,Primaire,Contractuel,Éducation physique,10,3882,18,0,15
ENS201873,2020-2021,Rabat-Salé-Kénitra,RAB,Kénitra,Rural,Masculin,Collégial,Professeur certifié,SVT,33,6263,24,0,0
ENS201874,2016-2017,Souss-Massa,SOU,Inezgane-Ait Melloul,Rural,Féminin,Primaire,Instituteur,SVT,4,4752,26,0,0
ENS201875,2016-2017,Souss-Massa,SOU,Tiznit,Rural,Masculin,Préscolaire,Professeur certifié,Anglais,31,5575,18,1,24
ENS201876,2015-2016,Marrakech-Safi,MAR,El Kelaa des Sraghna,Rural,Masculin,Primaire,Maître d'enseignement,Anglais,2,6918,30,0,0
ENS201877,2023-2024,Béni Mellal-Khénifra,BMK,Béni Mellal,Urbain,Masculin,Primaire,Instituteur,Français,26,4969,21,1,10
ENS201878,2021-2022,Rabat-Salé-Kénitra,RAB,Sidi Slimane,Rural,Féminin,Qualifiant,Instituteur,SVT,24,3944,29,1,0
ENS201879,2018-2019,Tanger-Tétouan-Al Hoceïma,TAN,Chefchaouen,Rural,Masculin,Primaire,Professeur certifié,Français,9,7095,23,1,10
ENS201880,2015-2016,Casablanca-Settat,CAS,El Jadida,Urbain,Masculin,Primaire,Instituteur,Éducation islamique,24,5438,24,0,0
ENS201881,2018-2019,Marrakech-Safi,MAR,Marrakech,Urbain,Féminin,Préscolaire,Professeur agrégé,Éducation islamique,34,7607,26,0,3
ENS201882,2023-2024,Oriental,ORI,Berkane,Rural,Masculin,Primaire,Contractuel,Physique-Chimie,1,3921,25,0,0
ENS201883,2020-2021,Rabat-Salé-Kénitra,RAB,Salé,Rural,Féminin,Primaire,Professeur agrégé,SVT,9,8419,28,1,0
ENS201884,2022-2023,Oriental,ORI,Guercif,Urbain,Féminin,Qualifiant,Maître d'enseignement,Éducation islamique,23,6670,26,1,0
ENS201885,2017-2018,Drâa-Tafilalet,DRA,Ouarzazate,Rural,Féminin,Primaire,Professeur certifié,Histoire-Géo,20,6522,21,1,24
ENS201886,2020-2021,Souss-Massa,SOU,Taroudannt,Urbain,Masculin,Primaire,Professeur agrégé,SVT,6,8293,26,0,8
ENS201887,2021-2022,Rabat-Salé-Kénitra,RAB,Sidi Slimane,Urbain,Féminin,Primaire,Instituteur,SVT,2,4918,22,0,9
ENS201888,2015-2016,Rabat-Salé-Kénitra,RAB,Rabat,Rural,Masculin,Collégial,Instituteur,Histoire-Géo,29,5518,23,1,5
ENS201889,2020-2021,Marrakech-Safi,MAR,Al Haouz,Rural,Féminin,Collégial,Vacataire,Histoire-Géo,4,3697,23,0,0
ENS201890,2021-2022,Casablanca-Settat,CAS,Berrechid,Rural,Masculin,Collégial,Professeur agrégé,Sciences,12,8236,22,0,0
ENS201891,2020-2021,Souss-Massa,SOU,Tata,Urbain,Masculin,Collégial,Contractuel,Sciences,14,3891,25,0,3
ENS201892,2019-2020,Marrakech-Safi,MAR,Chichaoua,Urbain,Masculin,Primaire,Vacataire,Sciences,23,2944,25,0,12
ENS201893,2020-2021,Fès-Meknès,FES,Boulemane,Urbain,Masculin,Collégial,Contractuel,Arabe,10,4273,24,0,14
ENS201894,2023-2024,Tanger-Tétouan-Al Hoceïma,TAN,Ouazzane,Urbain,Féminin,Collégial,Professeur certifié,Sciences,31,6260,31,0,1
ENS201895,2018-2019,Fès-Meknès,FES,El Hajeb,Urbain,Masculin,Qualifiant,Maître d'enseignement,Mathématiques,25,5619,24,0,0
ENS201896,2023-2024,Tanger-Tétouan-Al Hoceïma,TAN,Mdiq-Fnideq,Rural,Masculin,Primaire,Professeur certifié,Histoire-Géo,27,6491,22,0,12
ENS201897,2017-2018,Fès-Meknès,FES,Meknès,Rural,Masculin,Primaire,Maître d'enseignement,Éducation islamique,9,5830,18,1,0
ENS201898,2022-2023,Béni Mellal-Khénifra,BMK,Fquih Ben Salah,Rural,Masculin,Primaire,Instituteur,SVT,17,6230,24,0,9
ENS201899,2015-2016,Casablanca-Settat,CAS,Berrechid,Urbain,Masculin,Primaire,Instituteur,Physique-Chimie,5,4933,18,1,0
ENS201900,2017-2018,Marrakech-Safi,MAR,Youssoufia,Urbain,Masculin,Primaire,Vacataire,Arabe,2,2351,26,0,0
ENS201901,2019-2020,Tanger-Tétouan-Al Hoceïma,TAN,Ouazzane,Urbain,Masculin,Primaire,Professeur agrégé,Sciences,9,8129,19,0,24
ENS201902,2020-2021,Oriental,ORI,Oujda-Angad,Urbain,Masculin,Préscolaire,Professeur certifié,Éducation islamique,2,6972,22,1,5
ENS201903,2019-2020,Oriental,ORI,Figuig,Rural,Masculin,Collégial,Professeur agrégé,Anglais,11,7396,20,1,18
ENS201904,2015-2016,Rabat-Salé-Kénitra,RAB,Kénitra,Rural,Féminin,Collégial,Contractuel,Histoire-Géo,11,4174,20,0,0
ENS201905,2016-2017,Tanger-Tétouan-Al Hoceïma,TAN,Larache,Rural,Féminin,Primaire,Professeur certifié,Éducation islamique,3,6491,18,1,24
ENS201906,2016-2017,Souss-Massa,SOU,Tiznit,Urbain,Masculin,Primaire,Professeur certifié,Sciences,30,6868,22,0,13
ENS201907,2023-2024,Béni Mellal-Khénifra,BMK,Béni Mellal,Rural,Féminin,Préscolaire,Instituteur,Histoire-Géo,6,5846,23,1,10
ENS201908,2022-2023,Rabat-Salé-Kénitra,RAB,Khémisset,Rural,Masculin,Collégial,Professeur certifié,Sciences,2,5826,31,0,0
ENS201909,2017-2018,Casablanca-Settat,CAS,El Jadida,Urbain,Masculin,Primaire,Professeur certifié,Philosophie,23,5538,25,0,0
ENS201910,2018-2019,Tanger-Tétouan-Al Hoceïma,TAN,Tétouan,Rural,Féminin,Collégial,Professeur certifié,Philosophie,2,5408,24,1,24
ENS201911,2020-2021,Casablanca-Settat,CAS,Khouribga,Urbain,Masculin,Qualifiant,Professeur agrégé,Arabe,28,8058,25,0,9
ENS201912,2018-2019,Souss-Massa,SOU,Agadir-Ida-Ou-Tanane,Urbain,Masculin,Primaire,Instituteur,Physique-Chimie,18,4266,20,1,11
ENS201913,2016-2017,Tanger-Tétouan-Al Hoceïma,TAN,Mdiq-Fnideq,Rural,Masculin,Préscolaire,Instituteur,Histoire-Géo,26,5154,25,1,0
ENS201914,2022-2023,Marrakech-Safi,MAR,Essaouira,Urbain,Féminin,Collégial,Contractuel,Éducation islamique,10,3214,28,1,8
ENS201915,2019-2020,Souss-Massa,SOU,Chtouka-Ait Baha,Urbain,Féminin,Collégial,Professeur certifié,Histoire-Géo,26,6886,30,1,24
ENS201916,2022-2023,Fès-Meknès,FES,Meknès,Urbain,Masculin,Primaire,Professeur certifié,Mathématiques,33,5578,20,1,24
ENS201917,2021-2022,Souss-Massa,SOU,Agadir-Ida-Ou-Tanane,Urbain,Féminin,Qualifiant,Contractuel,Physique-Chimie,27,4243,19,0,0
ENS201918,2019-2020,Oriental,ORI,Figuig,Rural,Féminin,Primaire,Professeur certifié,Français,30,6067,29,1,0
ENS201919,2023-2024,Casablanca-Settat,CAS,Khouribga,Rural,Masculin,Primaire,Professeur certifié,Éducation islamique,28,7425,27,1,20
ENS201920,2022-2023,Marrakech-Safi,MAR,Chichaoua,Rural,Féminin,Collégial,Professeur agrégé,Anglais,9,9265,24,0,13
ENS201921,2015-2016,Rabat-Salé-Kénitra,RAB,Kénitra,Rural,Masculin,Primaire,Professeur certifié,Français,27,6437,25,1,0
ENS201922,2015-2016,Casablanca-Settat,CAS,Casablanca,Urbain,Masculin,Qualifiant,Contractuel,Anglais,7,5614,26,1,19
ENS201923,2020-2021,Marrakech-Safi,MAR,Al Haouz,Urbain,Féminin,Qualifiant,Instituteur,Anglais,30,4345,22,0,11
ENS201924,2022-2023,Drâa-Tafilalet,DRA,Errachidia,Urbain,Masculin,Collégial,Instituteur,Philosophie,6,4897,20,1,10
ENS201925,2019-2020,Marrakech-Safi,MAR,Al Haouz,Rural,Masculin,Qualifiant,Professeur certifié,Physique-Chimie,2,6062,21,0,3
ENS201926,2018-2019,Souss-Massa,SOU,Tata,Urbain,Féminin,Qualifiant,Maître d'enseignement,SVT,34,5613,28,1,15
ENS201927,2019-2020,Drâa-Tafilalet,DRA,Midelt,Urbain,Masculin,Préscolaire,Vacataire,Anglais,13,3640,21,1,0
ENS201928,2017-2018,Casablanca-Settat,CAS,Settat,Rural,Masculin,Primaire,Professeur certifié,Arabe,24,5749,28,0,5
ENS201929,2018-2019,Oriental,ORI,Figuig,Urbain,Masculin,Collégial,Instituteur,Philosophie,11,4606,29,0,0
ENS201930,2019-2020,Casablanca-Settat,CAS,Sidi Bennour,Rural,Féminin,Primaire,Maître d'enseignement,Philosophie,13,5630,23,0,1
ENS201931,2023-2024,Casablanca-Settat,CAS,Sidi Bennour,Rural,Féminin,Primaire,Professeur certifié,Philosophie,17,4978,31,0,14
ENS201932,2020-2021,Béni Mellal-Khénifra,BMK,Fquih Ben Salah,Rural,Féminin,Primaire,Instituteur,Éducation physique,3,4881,28,1,10
ENS201933,2018-2019,Casablanca-Settat,CAS,El Jadida,Rural,Masculin,Primaire,Professeur certifié,Anglais,16,5335,18,1,0
ENS201934,2019-2020,Rabat-Salé-Kénitra,RAB,Rabat,Urbain,Masculin,Primaire,Instituteur,Français,33,5714,23,0,3
ENS201935,2015-2016,Béni Mellal-Khénifra,BMK,Azilal,Urbain,Féminin,Primaire,Professeur agrégé,Physique-Chimie,14,8318,30,0,0
ENS201936,2017-2018,Rabat-Salé-Kénitra,RAB,Khémisset,Urbain,Féminin,Collégial,Professeur agrégé,Physique-Chimie,4,10467,28,0,0
ENS201937,2016-2017,Marrakech-Safi,MAR,Marrakech,Rural,Masculin,Primaire,Contractuel,Éducation physique,10,3237,19,0,0
ENS201938,2015-2016,Béni Mellal-Khénifra,BMK,Khouribga,Rural,Masculin,Primaire,Contractuel,Anglais,28,4642,26,0,20
ENS201939,2023-2024,Béni Mellal-Khénifra,BMK,Béni Mellal,Urbain,Masculin,Qualifiant,Contractuel,Mathématiques,27,4186,31,0,0
ENS201940,2020-2021,Casablanca-Settat,CAS,Berrechid,Rural,Féminin,Préscolaire,Contractuel,Mathématiques,12,2406,19,0,20
ENS201941,2017-2018,Rabat-Salé-Kénitra,RAB,Salé,Urbain,Féminin,Qualifiant,Instituteur,Anglais,23,4198,25,1,10
ENS201942,2017-2018,Tanger-Tétouan-Al Hoceïma,TAN,Mdiq-Fnideq,Rural,Masculin,Qualifiant,Professeur certifié,Mathématiques,6,7729,21,0,19
ENS201943,2023-2024,Fès-Meknès,FES,Ifrane,Urbain,Masculin,Primaire,Instituteur,Philosophie,3,5990,28,1,14
ENS201944,2017-2018,Rabat-Salé-Kénitra,RAB,Sidi Slimane,Urbain,Féminin,Collégial,Instituteur,Éducation islamique,13,5633,21,1,15
ENS201945,2022-2023,Casablanca-Settat,CAS,Casablanca,Urbain,Masculin,Primaire,Professeur certifié,Histoire-Géo,23,6947,19,0,20
ENS201946,2015-2016,Oriental,ORI,Berkane,Rural,Masculin,Collégial,Professeur certifié,Éducation physique,26,7586,31,0,13
ENS201947,2015-2016,Fès-Meknès,FES,Moulay Yacoub,Rural,Masculin,Qualifiant,Instituteur,Éducation islamique,30,4438,26,1,0
ENS201948,2023-2024,Marrakech-Safi,MAR,Marrakech,Rural,Masculin,Collégial,Instituteur,Arabe,5,4409,31,1,0
ENS201949,2022-2023,Oriental,ORI,Nador,Rural,Féminin,Primaire,Instituteur,Éducation islamique,27,5876,20,0,0
ENS201950,2016-2017,Casablanca-Settat,CAS,Mohammadia,Rural,Féminin,Qualifiant,Professeur agrégé,Anglais,22,9551,23,1,18
ENS201951,2015-2016,Fès-Meknès,FES,Ifrane,Urbain,Masculin,Primaire,Instituteur,Éducation physique,10,5023,29,0,3
ENS201952,2016-2017,Fès-Meknès,FES,Séfrou,Rural,Masculin,Primaire,Instituteur,Sciences,12,3866,30,1,20
ENS201953,2017-2018,Rabat-Salé-Kénitra,RAB,Rabat,Urbain,Masculin,Primaire,Professeur agrégé,Histoire-Géo,15,8430,20,0,0
ENS201954,2022-2023,Béni Mellal-Khénifra,BMK,Khouribga,Rural,Féminin,Préscolaire,Contractuel,Physique-Chimie,17,4207,31,0,21
ENS201955,2022-2023,Souss-Massa,SOU,Tiznit,Rural,Masculin,Collégial,Instituteur,Anglais,18,4741,25,1,2
ENS201956,2020-2021,Béni Mellal-Khénifra,BMK,Khouribga,Rural,Féminin,Qualifiant,Instituteur,Anglais,27,5684,24,1,20
ENS201957,2021-2022,Souss-Massa,SOU,Tata,Urbain,Féminin,Qualifiant,Instituteur,Français,17,4818,27,1,9
ENS201958,2019-2020,Marrakech-Safi,MAR,Chichaoua,Urbain,Masculin,Primaire,Professeur certifié,Français,31,6039,19,1,0
ENS201959,2022-2023,Casablanca-Settat,CAS,Benslimane,Rural,Féminin,Primaire,Professeur certifié,Philosophie,28,7436,22,1,11
ENS201960,2022-2023,Béni Mellal-Khénifra,BMK,Azilal,Urbain,Masculin,Primaire,Vacataire,Arabe,30,2156,21,1,4
ENS201961,2020-2021,Marrakech-Safi,MAR,Al Haouz,Rural,Masculin,Primaire,Professeur certifié,Anglais,26,6968,26,0,18
ENS201962,2016-2017,Rabat-Salé-Kénitra,RAB,Sidi Kacem,Urbain,Masculin,Préscolaire,Vacataire,Mathématiques,24,3342,22,1,1
ENS201963,2016-2017,Oriental,ORI,Driouch,Rural,Masculin,Qualifiant,Contractuel,Mathématiques,34,3755,30,1,21
ENS201964,2015-2016,Fès-Meknès,FES,Taza,Rural,Masculin,Primaire,Professeur certifié,Arabe,9,7043,27,0,15
ENS201965,2022-2023,Souss-Massa,SOU,Agadir-Ida-Ou-Tanane,Urbain,Féminin,Primaire,Instituteur,Anglais,12,5164,26,0,21
ENS201966,2018-2019,Oriental,ORI,Driouch,Rural,Masculin,Primaire,Professeur certifié,SVT,6,5388,20,1,11
ENS201967,2023-2024,Tanger-Tétouan-Al Hoceïma,TAN,Fahs-Anjra,Rural,Masculin,Qualifiant,Professeur agrégé,Éducation islamique,25,7966,30,1,3
ENS201968,2016-2017,Casablanca-Settat,CAS,Mohammadia,Rural,Féminin,Primaire,Contractuel,Anglais,1,5276,29,0,0
ENS201969,2019-2020,Rabat-Salé-Kénitra,RAB,Salé,Rural,Féminin,Qualifiant,Maître d'enseignement,Sciences,5,5908,23,1,21
ENS201970,2023-2024,Casablanca-Settat,CAS,Benslimane,Urbain,Féminin,Collégial,Instituteur,Éducation physique,7,3925,23,1,22
ENS201971,2016-2017,Casablanca-Settat,CAS,Sidi Bennour,Urbain,Féminin,Collégial,Instituteur,Anglais,5,3831,23,0,5
ENS201972,2016-2017,Casablanca-Settat,CAS,Sidi Bennour,Rural,Masculin,Primaire,Instituteur,Sciences,33,4974,22,1,0
ENS201973,2015-2016,Béni Mellal-Khénifra,BMK,Khouribga,Urbain,Masculin,Collégial,Contractuel,Mathématiques,22,4576,24,1,6
ENS201974,2019-2020,Tanger-Tétouan-Al Hoceïma,TAN,Tétouan,Rural,Masculin,Collégial,Maître d'enseignement,Éducation physique,30,6215,24,1,0
ENS201975,2018-2019,Oriental,ORI,Nador,Rural,Masculin,Collégial,Contractuel,Anglais,12,2944,18,1,20
ENS201976,2021-2022,Rabat-Salé-Kénitra,RAB,Salé,Rural,Masculin,Primaire,Professeur certifié,Arabe,23,6289,21,1,0
ENS201977,2023-2024,Marrakech-Safi,MAR,Chichaoua,Urbain,Masculin,Primaire,Vacataire,Philosophie,22,3508,24,1,0
ENS201978,2021-2022,Guelmim-Oued Noun,GUE,Sidi Ifni,Rural,Masculin,Collégial,Instituteur,SVT,28,6744,19,1,20
ENS201979,2019-2020,Casablanca-Settat,CAS,Casablanca,Rural,Masculin,Préscolaire,Contractuel,Philosophie,10,4788,25,0,23
ENS201980,2015-2016,Souss-Massa,SOU,Taroudannt,Urbain,Féminin,Qualifiant,Instituteur,Éducation physique,2,3752,26,0,14
ENS201981,2018-2019,Oriental,ORI,Figuig,Rural,Masculin,Primaire,Instituteur,Mathématiques,27,4975,25,1,0
ENS201982,2023-2024,Rabat-Salé-Kénitra,RAB,Sidi Slimane,Urbain,Féminin,Primaire,Professeur certifié,Sciences,24,7103,30,1,8
ENS201983,2021-2022,Casablanca-Settat,CAS,Sidi Bennour,Urbain,Féminin,Qualifiant,Instituteur,Anglais,6,4369,27,0,21
ENS201984,2021-2022,Béni Mellal-Khénifra,BMK,El Kelaa des Sraghna,Rural,Féminin,Qualifiant,Maître d'enseignement,SVT,9,4896,29,1,16
ENS201985,2015-2016,Casablanca-Settat,CAS,Benslimane,Urbain,Masculin,Primaire,Professeur certifié,Français,14,6395,18,0,1
ENS201986,2016-2017,Marrakech-Safi,MAR,El Kelaa des Sraghna,Urbain,Masculin,Primaire,Maître d'enseignement,Physique-Chimie,18,5048,31,0,0
ENS201987,2015-2016,Béni Mellal-Khénifra,BMK,Khouribga,Urbain,Masculin,Collégial,Professeur certifié,Éducation islamique,34,6667,25,1,0
ENS201988,2016-2017,Souss-Massa,SOU,Tata,Urbain,Féminin,Collégial,Professeur certifié,Philosophie,8,6816,26,1,14
ENS201989,2023-2024,Souss-Massa,SOU,Inezgane-Ait Melloul,Urbain,Masculin,Qualifiant,Professeur certifié,SVT,15,6627,24,0,16
ENS201990,2019-2020,Oriental,ORI,Jerada,Urbain,Masculin,Collégial,Contractuel,Éducation islamique,2,4011,25,1,0
ENS201991,2018-2019,Casablanca-Settat,CAS,Settat,Rural,Féminin,Collégial,Professeur certifié,Français,19,7247,24,0,0
ENS201992,2019-2020,Fès-Meknès,FES,Meknès,Urbain,Féminin,Primaire,Maître d'enseignement,Français,12,4747,27,0,0
ENS201993,2017-2018,Casablanca-Settat,CAS,Mohammadia,Rural,Féminin,Primaire,Contractuel,SVT,10,3302,22,0,24
ENS201994,2022-2023,Casablanca-Settat,CAS,Benslimane,Rural,Féminin,Préscolaire,Professeur certifié,Français,4,6367,19,1,2
ENS201995,2017-2018,Béni Mellal-Khénifra,BMK,Fquih Ben Salah,Urbain,Féminin,Primaire,Contractuel,Éducation physique,11,3596,21,0,1
ENS201996,2018-2019,Rabat-Salé-Kénitra,RAB,Kénitra,Rural,Masculin,Qualifiant,Instituteur,Arabe,26,4013,23,1,16
ENS201997,2015-2016,Souss-Massa,SOU,Inezgane-Ait Melloul,Urbain,Féminin,Primaire,Maître d'enseignement,SVT,15,6112,26,0,17
ENS201998,2021-2022,Rabat-Salé-Kénitra,RAB,Rabat,Rural,Féminin,Primaire,Professeur certifié,SVT,33,6706,26,0,0
ENS201999,2016-2017,Casablanca-Settat,CAS,Khouribga,Urbain,Féminin,Qualifiant,Instituteur,Mathématiques,21,5316,29,1,14
ENS202000,2019-2020,Oriental,ORI,Nador,Urbain,Masculin,Primaire,Instituteur,Anglais,21,4933,30,0,20
ENS202001,2018-2019,Rabat-Salé-Kénitra,RAB,Salé,Rural,Masculin,Primaire,Professeur certifié,SVT,6,6166,26,0,18
ENS202002,2023-2024,Drâa-Tafilalet,DRA,Errachidia,Urbain,Féminin,Qualifiant,Contractuel,SVT,18,3327,20,1,0
ENS202003,2017-2018,Casablanca-Settat,CAS,El Jadida,Rural,Masculin,Primaire,Professeur certifié,Histoire-Géo,24,5851,20,0,17
ENS202004,2021-2022,Oriental,ORI,Oujda-Angad,Urbain,Masculin,Primaire,Professeur agrégé,Physique-Chimie,19,8118,19,1,23
ENS202005,2019-2020,Oriental,ORI,Nador,Rural,Masculin,Qualifiant,Contractuel,SVT,16,4453,31,1,18
ENS202006,2023-2024,Fès-Meknès,FES,Meknès,Urbain,Féminin,Primaire,Professeur certifié,Arabe,10,6245,20,1,0
ENS202007,2022-2023,Marrakech-Safi,MAR,Al Haouz,Urbain,Masculin,Primaire,Instituteur,Français,29,5026,20,0,0
ENS202008,2023-2024,Casablanca-Settat,CAS,Mohammadia,Rural,Masculin,Primaire,Professeur certifié,Éducation islamique,6,7744,26,0,4
ENS202009,2018-2019,Casablanca-Settat,CAS,Khouribga,Rural,Féminin,Préscolaire,Professeur certifié,Sciences,26,7402,23,0,0
ENS202010,2016-2017,Tanger-Tétouan-Al Hoceïma,TAN,Tanger-Assilah,Urbain,Féminin,Primaire,Instituteur,Philosophie,12,5299,31,0,10
ENS202011,2018-2019,Casablanca-Settat,CAS,Khouribga,Urbain,Féminin,Primaire,Professeur certifié,Philosophie,34,6473,19,1,8
ENS202012,2015-2016,Tanger-Tétouan-Al Hoceïma,TAN,Ouazzane,Rural,Féminin,Qualifiant,Professeur certifié,Éducation islamique,17,6369,30,0,3
ENS202013,2017-2018,Béni Mellal-Khénifra,BMK,Azilal,Rural,Féminin,Qualifiant,Professeur agrégé,Éducation physique,24,8152,28,1,0
ENS202014,2015-2016,Casablanca-Settat,CAS,Berrechid,Rural,Féminin,Collégial,Professeur certifié,Physique-Chimie,15,5988,25,0,9
ENS202015,2019-2020,Casablanca-Settat,CAS,Berrechid,Rural,Masculin,Collégial,Instituteur,Sciences,18,3729,29,0,19
ENS202016,2016-2017,Marrakech-Safi,MAR,Al Haouz,Rural,Féminin,Préscolaire,Instituteur,Éducation islamique,4,5518,31,1,24
ENS202017,2016-2017,Casablanca-Settat,CAS,Sidi Bennour,Urbain,Masculin,Primaire,Professeur agrégé,Histoire-Géo,20,7256,29,0,17
ENS202018,2018-2019,Casablanca-Settat,CAS,Berrechid,Urbain,Masculin,Primaire,Instituteur,Philosophie,7,6012,31,0,21
ENS202019,2021-2022,Tanger-Tétouan-Al Hoceïma,TAN,Ouazzane,Rural,Masculin,Collégial,Professeur certifié,Français,26,6191,22,1,3
ENS202020,2015-2016,Marrakech-Safi,MAR,Marrakech,Rural,Féminin,Primaire,Professeur certifié,Histoire-Géo,3,6690,24,0,8
ENS202021,2017-2018,Casablanca-Settat,CAS,Casablanca,Rural,Masculin,Collégial,Professeur certifié,Mathématiques,11,6190,23,1,3
ENS202022,2021-2022,Fès-Meknès,FES,Fès,Urbain,Masculin,Qualifiant,Maître d'enseignement,Éducation islamique,34,5830,30,1,7
ENS202023,2019-2020,Souss-Massa,SOU,Inezgane-Ait Melloul,Rural,Masculin,Collégial,Professeur certifié,Mathématiques,1,5381,30,0,18
ENS202024,2017-2018,Casablanca-Settat,CAS,Benslimane,Urbain,Féminin,Qualifiant,Professeur certifié,Français,27,5783,25,0,0
ENS202025,2019-2020,Casablanca-Settat,CAS,Sidi Bennour,Rural,Féminin,Qualifiant,Professeur agrégé,Éducation islamique,5,8921,18,1,24
ENS202026,2019-2020,Fès-Meknès,FES,Taza,Urbain,Masculin,Collégial,Professeur certifié,Histoire-Géo,13,6279,24,1,0
ENS202027,2020-2021,Rabat-Salé-Kénitra,RAB,Kénitra,Urbain,Féminin,Primaire,Professeur certifié,Physique-Chimie,14,6732,28,1,21
ENS202028,2019-2020,Béni Mellal-Khénifra,BMK,Fquih Ben Salah,Urbain,Masculin,Primaire,Professeur certifié,Philosophie,22,5328,22,0,23
ENS202029,2023-2024,Souss-Massa,SOU,Tiznit,Urbain,Masculin,Préscolaire,Maître d'enseignement,Arabe,12,4367,20,1,1
ENS202030,2020-2021,Casablanca-Settat,CAS,Benslimane,Urbain,Féminin,Qualifiant,Maître d'enseignement,Physique-Chimie,15,5422,27,0,22
ENS202031,2018-2019,Tanger-Tétouan-Al Hoceïma,TAN,Ouazzane,Urbain,Masculin,Primaire,Contractuel,Philosophie,5,5223,19,1,0
ENS202032,2023-2024,Tanger-Tétouan-Al Hoceïma,TAN,Mdiq-Fnideq,Urbain,Masculin,Primaire,Professeur certifié,Anglais,5,6982,31,0,23
ENS202033,2018-2019,Souss-Massa,SOU,Chtouka-Ait Baha,Rural,Féminin,Primaire,Instituteur,Arabe,30,5423,28,1,16
ENS202034,2016-2017,Fès-Meknès,FES,Moulay Yacoub,Urbain,Masculin,Collégial,Maître d'enseignement,Arabe,9,5110,27,0,3
ENS202035,2023-2024,Rabat-Salé-Kénitra,RAB,Sidi Kacem,Urbain,Masculin,Primaire,Professeur certifié,Anglais,11,6882,31,1,12
ENS202036,2020-2021,Fès-Meknès,FES,Moulay Yacoub,Urbain,Féminin,Primaire,Vacataire,Mathématiques,15,3619,26,0,23
ENS202037,2018-2019,Oriental,ORI,Jerada,Rural,Masculin,Collégial,Instituteur,Physique-Chimie,32,3058,28,1,1
ENS202038,2016-2017,Souss-Massa,SOU,Agadir-Ida-Ou-Tanane,Urbain,Féminin,Collégial,Maître d'enseignement,Anglais,22,4598,30,0,14
ENS202039,2016-2017,Fès-Meknès,FES,Taza,Urbain,Masculin,Primaire,Maître d'enseignement,Sciences,21,5668,18,0,0
ENS202040,2023-2024,Tanger-Tétouan-Al Hoceïma,TAN,Fahs-Anjra,Rural,Masculin,Primaire,Professeur certifié,Anglais,1,6478,31,0,0
ENS202041,2018-2019,Souss-Massa,SOU,Taroudannt,Urbain,Masculin,Primaire,Professeur certifié,Français,32,5792,24,0,24
ENS202042,2021-2022,Casablanca-Settat,CAS,Khouribga,Urbain,Masculin,Primaire,Professeur certifié,Anglais,11,6525,24,0,6
ENS202043,2021-2022,Souss-Massa,SOU,Taroudannt,Rural,Féminin,Primaire,Professeur agrégé,Français,22,8179,19,0,5
ENS202044,2018-2019,Casablanca-Settat,CAS,Casablanca,Rural,Masculin,Primaire,Professeur certifié,Sciences,32,7472,20,1,18
ENS202045,2021-2022,Souss-Massa,SOU,Chtouka-Ait Baha,Rural,Masculin,Primaire,Professeur certifié,Philosophie,18,7591,18,0,5
ENS202046,2016-2017,Drâa-Tafilalet,DRA,Zagora,Rural,Masculin,Primaire,Professeur certifié,Anglais,14,6367,25,1,0
ENS202047,2022-2023,Tanger-Tétouan-Al Hoceïma,TAN,Tanger-Assilah,Urbain,Masculin,Collégial,Contractuel,Éducation islamique,2,3855,24,1,16
ENS202048,2017-2018,Casablanca-Settat,CAS,Casablanca,Rural,Féminin,Primaire,Professeur agrégé,Anglais,14,8813,27,0,8
ENS202049,2019-2020,Béni Mellal-Khénifra,BMK,Azilal,Rural,Masculin,Primaire,Contractuel,Éducation islamique,13,4234,29,1,3
ENS202050,2019-2020,Casablanca-Settat,CAS,Settat,Rural,Masculin,Primaire,Maître d'enseignement,Éducation physique,7,5269,31,1,0
ENS202051,2019-2020,Fès-Meknès,FES,El Hajeb,Urbain,Féminin,Primaire,Vacataire,Philosophie,8,3230,31,0,18
ENS202052,2019-2020,Casablanca-Settat,CAS,Khouribga,Rural,Masculin,Qualifiant,Professeur agrégé,Philosophie,34,8166,26,0,0
ENS202053,2016-2017,Casablanca-Settat,CAS,Settat,Urbain,Masculin,Qualifiant,Instituteur,Français,9,3003,21,0,0
ENS202054,2023-2024,Fès-Meknès,FES,Moulay Yacoub,Urbain,Masculin,Qualifiant,Maître d'enseignement,Anglais,9,4854,28,0,0
ENS202055,2021-2022,Rabat-Salé-Kénitra,RAB,Salé,Rural,Masculin,Qualifiant,Instituteur,Mathématiques,33,5740,22,0,12
ENS202056,2020-2021,Casablanca-Settat,CAS,Casablanca,Urbain,Féminin,Primaire,Instituteur,Arabe,31,4301,18,0,0
ENS202057,2015-2016,Fès-Meknès,FES,Taza,Rural,Masculin,Préscolaire,Professeur certifié,Éducation islamique,9,5992,19,1,0
ENS202058,2015-2016,Drâa-Tafilalet,DRA,Zagora,Urbain,Masculin,Primaire,Contractuel,Arabe,2,2781,30,1,20
ENS202059,2022-2023,Béni Mellal-Khénifra,BMK,El Kelaa des Sraghna,Urbain,Féminin,Qualifiant,Instituteur,Éducation physique,11,5010,26,1,11
ENS202060,2019-2020,Rabat-Salé-Kénitra,RAB,Skhirate-Témara,Urbain,Masculin,Primaire,Professeur certifié,Histoire-Géo,18,6654,22,1,9
ENS202061,2022-2023,Rabat-Salé-Kénitra,RAB,Sidi Kacem,Rural,Masculin,Primaire,Professeur agrégé,Arabe,9,10382,27,1,0
ENS202062,2023-2024,Rabat-Salé-Kénitra,RAB,Salé,Urbain,Féminin,Primaire,Maître d'enseignement,Philosophie,14,6321,31,0,18
ENS202063,2018-2019,Casablanca-Settat,CAS,Sidi Bennour,Urbain,Féminin,Primaire,Contractuel,Éducation physique,2,4117,18,0,15
ENS202064,2019-2020,Drâa-Tafilalet,DRA,Midelt,Rural,Masculin,Qualifiant,Professeur certifié,Physique-Chimie,30,6293,21,0,21
ENS202065,2018-2019,Casablanca-Settat,CAS,Mohammadia,Urbain,Féminin,Collégial,Contractuel,Histoire-Géo,20,4169,20,0,0
ENS202066,2015-2016,Drâa-Tafilalet,DRA,Errachidia,Urbain,Masculin,Primaire,Professeur certifié,SVT,17,6175,29,0,16
ENS202067,2021-2022,Tanger-Tétouan-Al Hoceïma,TAN,Chefchaouen,Urbain,Masculin,Collégial,Professeur certifié,Philosophie,32,6054,19,0,0
ENS202068,2020-2021,Marrakech-Safi,MAR,Safi,Rural,Féminin,Primaire,Professeur agrégé,SVT,2,8797,22,0,3
ENS202069,2018-2019,Casablanca-Settat,CAS,Benslimane,Rural,Masculin,Primaire,Professeur agrégé,Arabe,10,9201,31,0,0
ENS202070,2022-2023,Oriental,ORI,Taourirt,Rural,Masculin,Qualifiant,Contractuel,SVT,28,5542,18,1,0
ENS202071,2015-2016,Oriental,ORI,Figuig,Rural,Féminin,Primaire,Maître d'enseignement,Mathématiques,32,3718,24,0,0
ENS202072,2020-2021,Oriental,ORI,Taourirt,Rural,Féminin,Qualifiant,Instituteur,Mathématiques,30,3259,30,1,18
ENS202073,2023-2024,Tanger-Tétouan-Al Hoceïma,TAN,Tanger-Assilah,Rural,Masculin,Primaire,Professeur certifié,Philosophie,23,7399,26,0,18
ENS202074,2021-2022,Oriental,ORI,Figuig,Urbain,Masculin,Primaire,Maître d'enseignement,Sciences,24,4806,30,0,3
ENS202075,2022-2023,Béni Mellal-Khénifra,BMK,El Kelaa des Sraghna,Urbain,Masculin,Primaire,Vacataire,SVT,23,4539,24,0,6
ENS202076,2016-2017,Casablanca-Settat,CAS,Sidi Bennour,Rural,Masculin,Primaire,Maître d'enseignement,Sciences,24,3878,28,1,22
ENS202077,2017-2018,Oriental,ORI,Oujda-Angad,Rural,Masculin,Collégial,Contractuel,Éducation islamique,14,3701,21,0,6
ENS202078,2020-2021,Béni Mellal-Khénifra,BMK,Khouribga,Rural,Masculin,Primaire,Instituteur,Français,12,4439,20,1,19
ENS202079,2015-2016,Béni Mellal-Khénifra,BMK,Fquih Ben Salah,Rural,Masculin,Primaire,Professeur agrégé,Éducation islamique,25,7841,29,0,0
ENS202080,2022-2023,Souss-Massa,SOU,Chtouka-Ait Baha,Urbain,Masculin,Collégial,Instituteur,Sciences,15,5601,26,1,0
ENS202081,2022-2023,Casablanca-Settat,CAS,Mohammadia,Rural,Masculin,Qualifiant,Professeur certifié,Philosophie,18,6299,25,1,0
ENS202082,2019-2020,Oriental,ORI,Nador,Rural,Masculin,Collégial,Instituteur,Sciences,26,5190,19,0,4
ENS202083,2019-2020,Fès-Meknès,FES,Taounate,Rural,Féminin,Primaire,Instituteur,Physique-Chimie,2,5243,30,0,9
ENS202084,2016-2017,Souss-Massa,SOU,Inezgane-Ait Melloul,Rural,Féminin,Primaire,Professeur agrégé,Histoire-Géo,28,9229,28,1,10
ENS202085,2018-2019,Fès-Meknès,FES,Moulay Yacoub,Rural,Masculin,Qualifiant,Instituteur,Sciences,10,5097,20,1,15
ENS202086,2021-2022,Rabat-Salé-Kénitra,RAB,Skhirate-Témara,Urbain,Masculin,Qualifiant,Professeur certifié,Sciences,14,7234,31,1,2
ENS202087,2022-2023,Casablanca-Settat,CAS,Settat,Urbain,Masculin,Qualifiant,Contractuel,SVT,12,3646,27,0,12
ENS202088,2020-2021,Casablanca-Settat,CAS,Benslimane,Rural,Féminin,Primaire,Professeur certifié,Français,28,7117,29,0,21
ENS202089,2019-2020,Tanger-Tétouan-Al Hoceïma,TAN,Larache,Rural,Féminin,Collégial,Professeur certifié,SVT,19,5157,25,0,19
ENS202090,2021-2022,Marrakech-Safi,MAR,Safi,Urbain,Féminin,Primaire,Maître d'enseignement,Français,20,5348,23,0,8
ENS202091,2018-2019,Oriental,ORI,Berkane,Rural,Féminin,Collégial,Instituteur,Physique-Chimie,12,5242,25,0,17
ENS202092,2018-2019,Oriental,ORI,Figuig,Urbain,Féminin,Primaire,Maître d'enseignement,Arabe,15,5059,31,1,18
ENS202093,2017-2018,Souss-Massa,SOU,Tiznit,Urbain,Masculin,Primaire,Professeur certifié,Éducation islamique,3,6971,31,0,0
ENS202094,2023-2024,Tanger-Tétouan-Al Hoceïma,TAN,Larache,Rural,Masculin,Primaire,Instituteur,Physique-Chimie,17,4478,30,1,15
ENS202095,2015-2016,Casablanca-Settat,CAS,Khouribga,Urbain,Féminin,Primaire,Maître d'enseignement,Physique-Chimie,11,4971,31,0,21
ENS202096,2019-2020,Marrakech-Safi,MAR,Al Haouz,Rural,Féminin,Collégial,Professeur certifié,Anglais,19,6851,30,1,1
ENS202097,2020-2021,Oriental,ORI,Guercif,Rural,Féminin,Collégial,Professeur agrégé,Éducation islamique,32,9369,26,0,15
ENS202098,2023-2024,Marrakech-Safi,MAR,El Kelaa des Sraghna,Rural,Masculin,Collégial,Instituteur,Physique-Chimie,5,4928,30,0,0
ENS202099,2021-2022,Souss-Massa,SOU,Chtouka-Ait Baha,Urbain,Masculin,Primaire,Contractuel,Éducation physique,25,4972,30,1,12
ENS202100,2019-2020,Drâa-Tafilalet,DRA,Midelt,Urbain,Féminin,Collégial,Contractuel,Éducation physique,33,3745,29,1,23
ENS202101,2022-2023,Casablanca-Settat,CAS,Benslimane,Urbain,Féminin,Primaire,Professeur agrégé,Anglais,21,9538,23,1,3
ENS202102,2018-2019,Tanger-Tétouan-Al Hoceïma,TAN,Fahs-Anjra,Urbain,Masculin,Primaire,Instituteur,Anglais,19,4798,23,0,0
ENS202103,2015-2016,Oriental,ORI,Jerada,Rural,Masculin,Qualifiant,Instituteur,Éducation physique,29,4089,24,0,2
ENS202104,2022-2023,Fès-Meknès,FES,El Hajeb,Rural,Féminin,Primaire,Maître d'enseignement,Anglais,19,5068,22,0,22
ENS202105,2020-2021,Oriental,ORI,Jerada,Urbain,Masculin,Primaire,Professeur certifié,Physique-Chimie,16,6525,25,0,15
ENS202106,2016-2017,Oriental,ORI,Jerada,Rural,Masculin,Primaire,Professeur certifié,Anglais,31,6528,25,1,0
ENS202107,2015-2016,Marrakech-Safi,MAR,Essaouira,Urbain,Féminin,Primaire,Professeur certifié,Anglais,10,6627,24,0,6
ENS202108,2019-2020,Casablanca-Settat,CAS,Settat,Urbain,Masculin,Collégial,Professeur agrégé,Arabe,24,8302,24,1,0
ENS202109,2019-2020,Marrakech-Safi,MAR,El Kelaa des Sraghna,Urbain,Masculin,Collégial,Instituteur,Philosophie,24,5004,24,1,0
ENS202110,2018-2019,Oriental,ORI,Jerada,Urbain,Masculin,Primaire,Maître d'enseignement,Sciences,22,5953,26,0,12
ENS202111,2018-2019,Casablanca-Settat,CAS,Mohammadia,Rural,Féminin,Primaire,Instituteur,SVT,3,5579,25,0,16
ENS202112,2023-2024,Marrakech-Safi,MAR,Youssoufia,Urbain,Masculin,Collégial,Professeur certifié,Physique-Chimie,28,7140,31,0,24
ENS202113,2022-2023,Rabat-Salé-Kénitra,RAB,Kénitra,Urbain,Masculin,Qualifiant,Professeur certifié,Philosophie,24,5930,20,0,0
ENS202114,2022-2023,Casablanca-Settat,CAS,Mohammadia,Urbain,Masculin,Primaire,Professeur certifié,Français,29,6026,26,1,3
ENS202115,2019-2020,Tanger-Tétouan-Al Hoceïma,TAN,Mdiq-Fnideq,Urbain,Féminin,Primaire,Contractuel,Arabe,19,2763,25,1,2
ENS202116,2016-2017,Souss-Massa,SOU,Tiznit,Rural,Masculin,Primaire,Maître d'enseignement,Philosophie,26,5135,30,0,17
ENS202117,2016-2017,Casablanca-Settat,CAS,Settat,Urbain,Masculin,Primaire,Maître d'enseignement,Philosophie,11,5165,27,1,18
ENS202118,2021-2022,Casablanca-Settat,CAS,Settat,Rural,Féminin,Collégial,Professeur agrégé,SVT,22,9549,31,1,0
ENS202119,2020-2021,Casablanca-Settat,CAS,Berrechid,Rural,Féminin,Primaire,Instituteur,Sciences,20,5281,31,1,8
ENS202120,2022-2023,Drâa-Tafilalet,DRA,Zagora,Urbain,Féminin,Primaire,Contractuel,SVT,9,4141,25,0,14
ENS202121,2021-2022,Marrakech-Safi,MAR,Al Haouz,Rural,Masculin,Qualifiant,Professeur agrégé,Arabe,32,9344,27,0,1
ENS202122,2019-2020,Souss-Massa,SOU,Taroudannt,Urbain,Masculin,Primaire,Professeur certifié,Arabe,25,6151,31,0,6
ENS202123,2021-2022,Tanger-Tétouan-Al Hoceïma,TAN,Larache,Rural,Masculin,Primaire,Instituteur,Anglais,30,5561,24,1,2
ENS202124,2022-2023,Rabat-Salé-Kénitra,RAB,Salé,Urbain,Féminin,Primaire,Instituteur,SVT,16,5201,21,0,15
ENS202125,2022-2023,Oriental,ORI,Jerada,Rural,Masculin,Collégial,Vacataire,Philosophie,16,2435,31,0,23
ENS202126,2023-2024,Béni Mellal-Khénifra,BMK,Azilal,Urbain,Féminin,Primaire,Professeur agrégé,Mathématiques,18,7945,21,1,7
ENS202127,2017-2018,Tanger-Tétouan-Al Hoceïma,TAN,Larache,Rural,Féminin,Qualifiant,Instituteur,Philosophie,24,4588,30,1,0
ENS202128,2016-2017,Tanger-Tétouan-Al Hoceïma,TAN,Tanger-Assilah,Rural,Féminin,Primaire,Contractuel,Philosophie,24,3956,27,1,0
ENS202129,2017-2018,Tanger-Tétouan-Al Hoceïma,TAN,Al Hoceïma,Rural,Masculin,Collégial,Professeur agrégé,Histoire-Géo,29,9211,20,0,19
ENS202130,2015-2016,Oriental,ORI,Nador,Rural,Masculin,Primaire,Professeur agrégé,Sciences,25,8210,29,0,4
ENS202131,2022-2023,Casablanca-Settat,CAS,Settat,Urbain,Masculin,Primaire,Instituteur,Arabe,22,5497,27,0,3
ENS202132,2020-2021,Marrakech-Safi,MAR,Marrakech,Rural,Féminin,Collégial,Maître d'enseignement,Français,14,4948,25,1,7
ENS202133,2019-2020,Casablanca-Settat,CAS,Khouribga,Rural,Masculin,Primaire,Instituteur,Philosophie,3,4915,26,0,0
ENS202134,2015-2016,Marrakech-Safi,MAR,Al Haouz,Urbain,Masculin,Qualifiant,Professeur certifié,Physique-Chimie,12,6251,18,1,23
ENS202135,2015-2016,Oriental,ORI,Guercif,Rural,Masculin,Primaire,Maître d'enseignement,Physique-Chimie,33,6364,25,1,0
ENS202136,2023-2024,Casablanca-Settat,CAS,El Jadida,Rural,Féminin,Qualifiant,Contractuel,Anglais,11,5178,19,0,5
ENS202137,2018-2019,Casablanca-Settat,CAS,Sidi Bennour,Urbain,Masculin,Qualifiant,Instituteur,Mathématiques,9,4414,19,0,0
ENS202138,2019-2020,Casablanca-Settat,CAS,Settat,Rural,Masculin,Qualifiant,Instituteur,Histoire-Géo,12,4289,19,0,16
ENS202139,2017-2018,Béni Mellal-Khénifra,BMK,El Kelaa des Sraghna,Rural,Masculin,Primaire,Professeur certifié,Arabe,25,5801,31,1,12
ENS202140,2022-2023,Fès-Meknès,FES,Taounate,Rural,Masculin,Préscolaire,Instituteur,Mathématiques,32,4302,25,0,8
ENS202141,2019-2020,Rabat-Salé-Kénitra,RAB,Sidi Slimane,Rural,Masculin,Préscolaire,Professeur agrégé,Éducation physique,5,8586,24,0,7
ENS202142,2022-2023,Casablanca-Settat,CAS,Berrechid,Rural,Masculin,Primaire,Contractuel,Philosophie,6,2945,18,1,13
ENS202143,2016-2017,Rabat-Salé-Kénitra,RAB,Rabat,Urbain,Féminin,Primaire,Professeur certifié,Français,17,5658,26,0,0
ENS202144,2017-2018,Tanger-Tétouan-Al Hoceïma,TAN,Fahs-Anjra,Urbain,Féminin,Collégial,Contractuel,Français,7,3943,29,1,16
ENS202145,2023-2024,Marrakech-Safi,MAR,Safi,Rural,Masculin,Collégial,Instituteur,Anglais,31,4105,26,0,1
ENS202146,2015-2016,Marrakech-Safi,MAR,Marrakech,Urbain,Masculin,Qualifiant,Maître d'enseignement,Histoire-Géo,14,5172,25,0,9
ENS202147,2022-2023,Marrakech-Safi,MAR,Marrakech,Rural,Masculin,Primaire,Professeur agrégé,Éducation physique,34,8818,21,0,14
ENS202148,2019-2020,Oriental,ORI,Driouch,Rural,Masculin,Collégial,Contractuel,Éducation physique,13,4475,26,1,0
ENS202149,2018-2019,Tanger-Tétouan-Al Hoceïma,TAN,Al Hoceïma,Rural,Masculin,Primaire,Professeur agrégé,Éducation physique,6,9704,19,0,0
ENS202150,2018-2019,Souss-Massa,SOU,Agadir-Ida-Ou-Tanane,Urbain,Masculin,Primaire,Contractuel,Éducation physique,21,3747,28,0,8
ENS202151,2017-2018,Rabat-Salé-Kénitra,RAB,Sidi Slimane,Urbain,Masculin,Collégial,Contractuel,Mathématiques,2,5946,30,0,0
ENS202152,2015-2016,Casablanca-Settat,CAS,El Jadida,Rural,Masculin,Primaire,Instituteur,SVT,4,3961,31,1,19
ENS202153,2020-2021,Fès-Meknès,FES,Meknès,Rural,Féminin,Primaire,Instituteur,Mathématiques,11,4496,22,1,3
ENS202154,2020-2021,Marrakech-Safi,MAR,Youssoufia,Urbain,Masculin,Collégial,Instituteur,Arabe,18,5905,24,1,4
ENS202155,2018-2019,Drâa-Tafilalet,DRA,Midelt,Urbain,Masculin,Primaire,Contractuel,Mathématiques,28,5638,24,1,19
ENS202156,2023-2024,Rabat-Salé-Kénitra,RAB,Khémisset,Urbain,Féminin,Primaire,Contractuel,Mathématiques,20,3965,25,1,7
ENS202157,2020-2021,Marrakech-Safi,MAR,Marrakech,Rural,Masculin,Collégial,Maître d'enseignement,Français,12,5065,21,0,0
ENS202158,2019-2020,Fès-Meknès,FES,Moulay Yacoub,Rural,Masculin,Collégial,Professeur certifié,SVT,1,6261,30,1,20
ENS202159,2022-2023,Souss-Massa,SOU,Chtouka-Ait Baha,Rural,Masculin,Qualifiant,Professeur agrégé,Éducation islamique,9,8384,28,1,0
ENS202160,2022-2023,Fès-Meknès,FES,Séfrou,Rural,Féminin,Collégial,Vacataire,Français,15,3120,31,0,0
ENS202161,2023-2024,Marrakech-Safi,MAR,Youssoufia,Rural,Masculin,Primaire,Professeur certifié,Mathématiques,27,6052,24,1,0
ENS202162,2015-2016,Fès-Meknès,FES,Taounate,Rural,Féminin,Primaire,Professeur certifié,Mathématiques,28,5296,31,1,0
ENS202163,2022-2023,Casablanca-Settat,CAS,Khouribga,Urbain,Masculin,Primaire,Professeur certifié,Anglais,23,6936,29,0,0
ENS202164,2020-2021,Marrakech-Safi,MAR,Safi,Rural,Masculin,Préscolaire,Professeur certifié,SVT,7,6711,18,1,0
ENS202165,2016-2017,Casablanca-Settat,CAS,Berrechid,Rural,Masculin,Collégial,Instituteur,Arabe,32,5040,27,1,17
ENS202166,2016-2017,Casablanca-Settat,CAS,Benslimane,Rural,Masculin,Primaire,Contractuel,Sciences,18,3949,20,0,0
ENS202167,2018-2019,Casablanca-Settat,CAS,Khouribga,Rural,Féminin,Primaire,Professeur certifié,SVT,25,6666,31,0,0
ENS202168,2019-2020,Marrakech-Safi,MAR,El Kelaa des Sraghna,Urbain,Masculin,Primaire,Professeur certifié,Histoire-Géo,30,7701,24,0,0
ENS202169,2018-2019,Casablanca-Settat,CAS,Sidi Bennour,Rural,Masculin,Primaire,Contractuel,Anglais,7,5030,19,0,0
ENS202170,2021-2022,Tanger-Tétouan-Al Hoceïma,TAN,Al Hoceïma,Urbain,Féminin,Primaire,Vacataire,SVT,21,3432,22,0,24
ENS202171,2021-2022,Rabat-Salé-Kénitra,RAB,Khémisset,Rural,Féminin,Primaire,Maître d'enseignement,Sciences,20,4563,25,0,4
ENS202172,2018-2019,Marrakech-Safi,MAR,Youssoufia,Urbain,Masculin,Primaire,Professeur certifié,Mathématiques,25,6151,25,1,19
ENS202173,2015-2016,Drâa-Tafilalet,DRA,Ouarzazate,Rural,Féminin,Qualifiant,Instituteur,Histoire-Géo,29,3818,25,0,0
ENS202174,2022-2023,Béni Mellal-Khénifra,BMK,Béni Mellal,Rural,Masculin,Primaire,Professeur certifié,Éducation physique,25,6037,21,1,24
ENS202175,2022-2023,Casablanca-Settat,CAS,Settat,Urbain,Féminin,Primaire,Contractuel,Anglais,29,3926,22,1,6
ENS202176,2019-2020,Souss-Massa,SOU,Agadir-Ida-Ou-Tanane,Rural,Féminin,Primaire,Professeur agrégé,Philosophie,30,8694,18,0,24
ENS202177,2015-2016,Casablanca-Settat,CAS,Casablanca,Rural,Masculin,Collégial,Instituteur,Histoire-Géo,29,3727,25,0,23
ENS202178,2021-2022,Fès-Meknès,FES,Séfrou,Rural,Masculin,Primaire,Maître d'enseignement,Histoire-Géo,20,5673,22,0,12
ENS202179,2022-2023,Rabat-Salé-Kénitra,RAB,Kénitra,Rural,Masculin,Qualifiant,Instituteur,Anglais,23,4679,21,0,5
ENS202180,2018-2019,Souss-Massa,SOU,Tiznit,Urbain,Masculin,Primaire,Professeur certifié,Éducation islamique,9,6459,31,1,14
ENS202181,2015-2016,Casablanca-Settat,CAS,Benslimane,Urbain,Féminin,Primaire,Professeur certifié,Sciences,4,5602,23,0,5
ENS202182,2018-2019,Drâa-Tafilalet,DRA,Zagora,Urbain,Féminin,Primaire,Professeur certifié,Arabe,33,6109,30,0,13
ENS202183,2022-2023,Casablanca-Settat,CAS,Benslimane,Urbain,Féminin,Primaire,Vacataire,Histoire-Géo,17,3122,29,0,9
ENS202184,2021-2022,Souss-Massa,SOU,Agadir-Ida-Ou-Tanane,Rural,Féminin,Primaire,Professeur certifié,Sciences,11,6758,20,0,8
ENS202185,2016-2017,Marrakech-Safi,MAR,Safi,Rural,Féminin,Qualifiant,Instituteur,Philosophie,19,4546,24,1,2
ENS202186,2020-2021,Casablanca-Settat,CAS,Settat,Urbain,Masculin,Primaire,Contractuel,Éducation physique,10,4246,27,1,17
ENS202187,2022-2023,Souss-Massa,SOU,Tiznit,Rural,Masculin,Collégial,Maître d'enseignement,Sciences,15,5790,25,1,0
ENS202188,2018-2019,Souss-Massa,SOU,Agadir-Ida-Ou-Tanane,Rural,Féminin,Primaire,Professeur agrégé,Anglais,21,9235,30,1,0
ENS202189,2019-2020,Souss-Massa,SOU,Agadir-Ida-Ou-Tanane,Urbain,Féminin,Qualifiant,Professeur certifié,Éducation islamique,25,6958,27,1,21
ENS202190,2015-2016,Oriental,ORI,Nador,Urbain,Féminin,Qualifiant,Professeur certifié,Français,1,7412,22,0,7
ENS202191,2021-2022,Rabat-Salé-Kénitra,RAB,Sidi Slimane,Rural,Féminin,Primaire,Contractuel,Philosophie,32,4789,20,1,0
ENS202192,2021-2022,Béni Mellal-Khénifra,BMK,Fquih Ben Salah,Rural,Masculin,Primaire,Professeur agrégé,Mathématiques,29,7744,22,0,6
ENS202193,2016-2017,Tanger-Tétouan-Al Hoceïma,TAN,Tétouan,Urbain,Masculin,Qualifiant,Contractuel,Arabe,20,4434,28,1,0
ENS202194,2023-2024,Fès-Meknès,FES,Ifrane,Urbain,Masculin,Qualifiant,Contractuel,Français,1,4279,29,0,3
ENS202195,2017-2018,Guelmim-Oued Noun,GUE,Guelmim,Rural,Masculin,Collégial,Professeur agrégé,Éducation islamique,2,7315,21,1,13
ENS202196,2015-2016,Tanger-Tétouan-Al Hoceïma,TAN,Fahs-Anjra,Urbain,Féminin,Qualifiant,Contractuel,SVT,16,4411,30,1,4
ENS202197,2022-2023,Rabat-Salé-Kénitra,RAB,Sidi Slimane,Rural,Féminin,Primaire,Professeur certifié,Mathématiques,28,4831,22,1,19
ENS202198,2017-2018,Oriental,ORI,Driouch,Urbain,Masculin,Collégial,Contractuel,Histoire-Géo,22,3738,30,0,21
ENS202199,2021-2022,Casablanca-Settat,CAS,Khouribga,Urbain,Féminin,Primaire,Contractuel,Anglais,4,5690,25,0,23
ENS202200,2023-2024,Rabat-Salé-Kénitra,RAB,Khémisset,Urbain,Masculin,Primaire,Instituteur,Français,11,4929,29,1,19
ENS202201,2021-2022,Casablanca-Settat,CAS,Benslimane,Urbain,Masculin,Collégial,Professeur agrégé,Physique-Chimie,15,8392,21,0,0
ENS202202,2020-2021,Oriental,ORI,Figuig,Rural,Masculin,Collégial,Contractuel,Anglais,23,3431,18,0,11
ENS202203,2015-2016,Casablanca-Settat,CAS,Benslimane,Urbain,Féminin,Collégial,Maître d'enseignement,SVT,13,5636,24,1,23
ENS202204,2020-2021,Tanger-Tétouan-Al Hoceïma,TAN,Fahs-Anjra,Urbain,Masculin,Primaire,Maître d'enseignement,Sciences,2,4789,23,1,13
ENS202205,2016-2017,Casablanca-Settat,CAS,Khouribga,Urbain,Féminin,Qualifiant,Instituteur,Histoire-Géo,16,5890,31,0,0
ENS202206,2017-2018,Casablanca-Settat,CAS,Khouribga,Urbain,Féminin,Primaire,Maître d'enseignement,Éducation physique,28,4500,26,0,16
ENS202207,2020-2021,Marrakech-Safi,MAR,Essaouira,Rural,Masculin,Collégial,Professeur agrégé,Physique-Chimie,4,7990,29,1,16
ENS202208,2017-2018,Casablanca-Settat,CAS,Sidi Bennour,Urbain,Masculin,Primaire,Contractuel,Éducation physique,4,3569,23,0,24
ENS202209,2016-2017,Casablanca-Settat,CAS,Casablanca,Urbain,Masculin,Collégial,Professeur certifié,Sciences,34,6181,19,1,0
ENS202210,2023-2024,Laâyoune-Sakia El Hamra,LAA,Tarfaya,Urbain,Masculin,Qualifiant,Instituteur,Éducation physique,4,4224,23,0,6
ENS202211,2019-2020,Souss-Massa,SOU,Agadir-Ida-Ou-Tanane,Rural,Masculin,Collégial,Professeur agrégé,Physique-Chimie,3,8242,29,1,2
ENS202212,2022-2023,Souss-Massa,SOU,Tiznit,Urbain,Féminin,Primaire,Maître d'enseignement,Anglais,15,6279,23,0,4
ENS202213,2019-2020,Rabat-Salé-Kénitra,RAB,Sidi Kacem,Rural,Féminin,Primaire,Professeur certifié,Physique-Chimie,13,6835,30,0,5
ENS202214,2017-2018,Rabat-Salé-Kénitra,RAB,Salé,Rural,Féminin,Primaire,Professeur certifié,SVT,15,5488,24,1,18
ENS202215,2020-2021,Casablanca-Settat,CAS,Mohammadia,Rural,Masculin,Primaire,Professeur certifié,Éducation physique,4,5394,30,1,14
ENS202216,2017-2018,Casablanca-Settat,CAS,Berrechid,Urbain,Masculin,Primaire,Professeur certifié,Éducation physique,4,5843,24,0,23
ENS202217,2019-2020,Rabat-Salé-Kénitra,RAB,Sidi Slimane,Rural,Masculin,Primaire,Maître d'enseignement,Français,6,5784,24,0,0
ENS202218,2022-2023,Casablanca-Settat,CAS,Khouribga,Urbain,Féminin,Primaire,Maître d'enseignement,Histoire-Géo,25,5795,20,1,0
ENS202219,2023-2024,Tanger-Tétouan-Al Hoceïma,TAN,Larache,Rural,Masculin,Primaire,Professeur certifié,Physique-Chimie,22,7031,20,0,15
ENS202220,2020-2021,Fès-Meknès,FES,Boulemane,Rural,Masculin,Primaire,Contractuel,Mathématiques,11,4835,19,0,8
ENS202221,2017-2018,Dakhla-Oued Eddahab,DAK,Aousserd,Rural,Masculin,Collégial,Instituteur,SVT,11,5087,26,0,7
ENS202222,2022-2023,Béni Mellal-Khénifra,BMK,Fquih Ben Salah,Rural,Masculin,Qualifiant,Maître d'enseignement,Français,4,6026,25,1,5
ENS202223,2016-2017,Casablanca-Settat,CAS,Benslimane,Rural,Masculin,Collégial,Maître d'enseignement,Physique-Chimie,1,5045,25,0,17
ENS202224,2017-2018,Marrakech-Safi,MAR,Chichaoua,Urbain,Féminin,Primaire,Professeur agrégé,Physique-Chimie,18,9204,19,1,12
ENS202225,2022-2023,Fès-Meknès,FES,Boulemane,Rural,Masculin,Collégial,Instituteur,Philosophie,20,4698,30,1,0
ENS202226,2019-2020,Béni Mellal-Khénifra,BMK,Béni Mellal,Urbain,Féminin,Préscolaire,Professeur agrégé,Histoire-Géo,32,8414,31,0,22
ENS202227,2020-2021,Marrakech-Safi,MAR,Marrakech,Urbain,Féminin,Primaire,Instituteur,Philosophie,33,3886,27,0,9
ENS202228,2019-2020,Drâa-Tafilalet,DRA,Ouarzazate,Urbain,Féminin,Primaire,Professeur certifié,Sciences,23,5751,21,0,14
ENS202229,2018-2019,Fès-Meknès,FES,Taounate,Urbain,Masculin,Primaire,Professeur agrégé,Sciences,16,8848,25,0,7
ENS202230,2019-2020,Souss-Massa,SOU,Tiznit,Urbain,Masculin,Collégial,Professeur agrégé,Anglais,27,8070,30,1,8
ENS202231,2020-2021,Casablanca-Settat,CAS,Khouribga,Rural,Féminin,Préscolaire,Professeur agrégé,SVT,3,8292,21,1,11
ENS202232,2018-2019,Casablanca-Settat,CAS,Casablanca,Rural,Masculin,Collégial,Professeur certifié,Mathématiques,17,6647,24,1,3
ENS202233,2020-2021,Fès-Meknès,FES,Boulemane,Urbain,Masculin,Collégial,Maître d'enseignement,Éducation physique,11,5927,24,1,3
ENS202234,2016-2017,Oriental,ORI,Jerada,Rural,Masculin,Primaire,Professeur certifié,Arabe,18,5977,28,1,15
ENS202235,2021-2022,Souss-Massa,SOU,Inezgane-Ait Melloul,Urbain,Masculin,Primaire,Instituteur,Éducation islamique,23,2981,29,1,2
ENS202236,2016-2017,Casablanca-Settat,CAS,Settat,Urbain,Féminin,Collégial,Instituteur,Mathématiques,27,4750,21,0,17
ENS202237,2022-2023,Oriental,ORI,Guercif,Urbain,Masculin,Collégial,Instituteur,Sciences,26,4507,30,0,10
ENS202238,2018-2019,Béni Mellal-Khénifra,BMK,Khouribga,Rural,Masculin,Primaire,Maître d'enseignement,Histoire-Géo,27,5491,28,0,0
ENS202239,2021-2022,Béni Mellal-Khénifra,BMK,Khouribga,Rural,Féminin,Collégial,Contractuel,Mathématiques,3,4374,27,0,0
ENS202240,2016-2017,Tanger-Tétouan-Al Hoceïma,TAN,Tanger-Assilah,Rural,Masculin,Collégial,Professeur certifié,SVT,24,6858,19,0,7
ENS202241,2015-2016,Tanger-Tétouan-Al Hoceïma,TAN,Fahs-Anjra,Rural,Féminin,Primaire,Professeur certifié,Histoire-Géo,34,5813,31,0,22
ENS202242,2018-2019,Béni Mellal-Khénifra,BMK,Khouribga,Rural,Masculin,Collégial,Vacataire,Physique-Chimie,14,3225,25,0,2
ENS202243,2018-2019,Fès-Meknès,FES,Séfrou,Urbain,Masculin,Qualifiant,Professeur certifié,Philosophie,21,6176,28,1,3
ENS202244,2016-2017,Marrakech-Safi,MAR,Chichaoua,Rural,Féminin,Collégial,Instituteur,Éducation islamique,5,4070,23,0,6
ENS202245,2017-2018,Rabat-Salé-Kénitra,RAB,Kénitra,Urbain,Féminin,Primaire,Maître d'enseignement,Anglais,17,4610,20,1,18
ENS202246,2016-2017,Tanger-Tétouan-Al Hoceïma,TAN,Al Hoceïma,Urbain,Masculin,Collégial,Professeur certifié,Philosophie,19,6946,30,1,4
ENS202247,2020-2021,Rabat-Salé-Kénitra,RAB,Kénitra,Rural,Féminin,Collégial,Professeur certifié,Arabe,27,7826,21,1,10
ENS202248,2017-2018,Casablanca-Settat,CAS,Benslimane,Rural,Masculin,Qualifiant,Instituteur,Sciences,11,5354,29,0,22
ENS202249,2023-2024,Marrakech-Safi,MAR,Safi,Rural,Masculin,Collégial,Instituteur,Histoire-Géo,8,5595,25,1,0
ENS202250,2015-2016,Casablanca-Settat,CAS,Mohammadia,Urbain,Masculin,Collégial,Instituteur,Philosophie,24,5797,31,0,2
ENS202251,2016-2017,Fès-Meknès,FES,Fès,Rural,Masculin,Collégial,Professeur certifié,Arabe,6,6836,23,1,6
ENS202252,2015-2016,Béni Mellal-Khénifra,BMK,Fquih Ben Salah,Rural,Féminin,Qualifiant,Professeur agrégé,SVT,9,8258,21,1,5
ENS202253,2016-2017,Marrakech-Safi,MAR,Safi,Rural,Masculin,Collégial,Contractuel,Français,15,4457,25,0,11
ENS202254,2021-2022,Drâa-Tafilalet,DRA,Midelt,Rural,Masculin,Primaire,Professeur certifié,Philosophie,29,6910,24,0,0
ENS202255,2023-2024,Fès-Meknès,FES,Taza,Rural,Féminin,Collégial,Contractuel,SVT,4,6135,18,0,14
ENS202256,2018-2019,Fès-Meknès,FES,Taounate,Urbain,Masculin,Primaire,Contractuel,Sciences,13,3772,19,1,0
ENS202257,2020-2021,Casablanca-Settat,CAS,Benslimane,Rural,Masculin,Collégial,Contractuel,Physique-Chimie,28,3344,22,0,2
ENS202258,2021-2022,Rabat-Salé-Kénitra,RAB,Khémisset,Urbain,Féminin,Primaire,Instituteur,Éducation islamique,31,5596,21,1,19
ENS202259,2018-2019,Casablanca-Settat,CAS,Casablanca,Urbain,Féminin,Primaire,Professeur agrégé,Physique-Chimie,33,8427,21,1,15
ENS202260,2021-2022,Béni Mellal-Khénifra,BMK,Béni Mellal,Rural,Masculin,Qualifiant,Maître d'enseignement,Anglais,34,5636,28,1,6
ENS202261,2020-2021,Fès-Meknès,FES,Taounate,Rural,Masculin,Primaire,Maître d'enseignement,Anglais,28,4939,27,0,15
ENS202262,2015-2016,Rabat-Salé-Kénitra,RAB,Khémisset,Rural,Masculin,Collégial,Professeur agrégé,Philosophie,8,6874,23,1,17
ENS202263,2021-2022,Casablanca-Settat,CAS,Khouribga,Urbain,Masculin,Qualifiant,Instituteur,Anglais,33,5294,29,1,0
ENS202264,2019-2020,Tanger-Tétouan-Al Hoceïma,TAN,Al Hoceïma,Urbain,Féminin,Primaire,Instituteur,Mathématiques,5,4983,23,1,9
ENS202265,2019-2020,Tanger-Tétouan-Al Hoceïma,TAN,Larache,Rural,Masculin,Primaire,Instituteur,Éducation physique,22,4905,25,0,10
ENS202266,2023-2024,Casablanca-Settat,CAS,Benslimane,Urbain,Masculin,Primaire,Professeur agrégé,Arabe,25,8637,25,1,17
ENS202267,2023-2024,Rabat-Salé-Kénitra,RAB,Khémisset,Urbain,Féminin,Primaire,Professeur certifié,Physique-Chimie,4,7141,24,0,21
ENS202268,2023-2024,Casablanca-Settat,CAS,Casablanca,Urbain,Masculin,Primaire,Professeur certifié,Philosophie,12,6322,31,0,14
ENS202269,2018-2019,Tanger-Tétouan-Al Hoceïma,TAN,Al Hoceïma,Rural,Féminin,Qualifiant,Maître d'enseignement,Mathématiques,3,4534,30,0,12
ENS202270,2018-2019,Béni Mellal-Khénifra,BMK,Béni Mellal,Rural,Féminin,Qualifiant,Instituteur,Anglais,22,5296,25,0,0
ENS202271,2023-2024,Béni Mellal-Khénifra,BMK,Azilal,Urbain,Féminin,Qualifiant,Instituteur,Éducation islamique,3,4465,21,0,8
ENS202272,2021-2022,Fès-Meknès,FES,Moulay Yacoub,Urbain,Féminin,Primaire,Professeur certifié,Éducation islamique,32,7801,29,0,10
ENS202273,2016-2017,Oriental,ORI,Jerada,Urbain,Féminin,Qualifiant,Professeur certifié,Physique-Chimie,29,4859,23,0,18
ENS202274,2019-2020,Dakhla-Oued Eddahab,DAK,Dakhla,Urbain,Masculin,Primaire,Maître d'enseignement,Sciences,14,6246,20,1,0
ENS202275,2023-2024,Oriental,ORI,Driouch,Urbain,Masculin,Primaire,Professeur certifié,Anglais,31,6452,23,0,10
ENS202276,2019-2020,Fès-Meknès,FES,Séfrou,Rural,Féminin,Primaire,Contractuel,Sciences,17,4171,23,0,6
ENS202277,2018-2019,Tanger-Tétouan-Al Hoceïma,TAN,Fahs-Anjra,Rural,Masculin,Collégial,Maître d'enseignement,Physique-Chimie,20,6081,30,0,11
ENS202278,2019-2020,Casablanca-Settat,CAS,Casablanca,Rural,Féminin,Primaire,Professeur agrégé,Philosophie,2,8265,31,0,21
ENS202279,2016-2017,Rabat-Salé-Kénitra,RAB,Kénitra,Urbain,Masculin,Primaire,Contractuel,Anglais,33,5396,19,1,0
ENS202280,2022-2023,Marrakech-Safi,MAR,Safi,Rural,Féminin,Primaire,Instituteur,Philosophie,30,5073,18,1,6
ENS202281,2017-2018,Béni Mellal-Khénifra,BMK,Fquih Ben Salah,Rural,Féminin,Primaire,Professeur certifié,Physique-Chimie,27,6166,27,0,16
ENS202282,2021-2022,Rabat-Salé-Kénitra,RAB,Rabat,Urbain,Masculin,Primaire,Professeur certifié,Physique-Chimie,27,6468,20,0,23
ENS202283,2015-2016,Casablanca-Settat,CAS,El Jadida,Urbain,Féminin,Collégial,Contractuel,SVT,22,3741,20,1,13
ENS202284,2018-2019,Rabat-Salé-Kénitra,RAB,Salé,Urbain,Féminin,Primaire,Instituteur,Physique-Chimie,5,5327,26,0,22
ENS202285,2020-2021,Marrakech-Safi,MAR,Al Haouz,Rural,Masculin,Collégial,Professeur certifié,Physique-Chimie,32,6364,24,1,0
ENS202286,2020-2021,Rabat-Salé-Kénitra,RAB,Khémisset,Urbain,Masculin,Primaire,Professeur certifié,Arabe,23,6373,24,0,13
ENS202287,2019-2020,Fès-Meknès,FES,El Hajeb,Rural,Féminin,Primaire,Instituteur,Français,34,3761,30,0,19
ENS202288,2018-2019,Béni Mellal-Khénifra,BMK,Béni Mellal,Rural,Masculin,Préscolaire,Professeur certifié,Sciences,1,5422,23,1,18
ENS202289,2016-2017,Casablanca-Settat,CAS,El Jadida,Rural,Masculin,Primaire,Professeur agrégé,Anglais,13,8756,26,1,8
ENS202290,2018-2019,Marrakech-Safi,MAR,Safi,Urbain,Féminin,Qualifiant,Instituteur,Sciences,17,5046,24,1,24
ENS202291,2022-2023,Casablanca-Settat,CAS,Berrechid,Urbain,Masculin,Primaire,Vacataire,SVT,8,2466,18,0,23
ENS202292,2022-2023,Tanger-Tétouan-Al Hoceïma,TAN,Mdiq-Fnideq,Urbain,Féminin,Collégial,Professeur certifié,Physique-Chimie,7,6937,27,1,19
ENS202293,2021-2022,Souss-Massa,SOU,Taroudannt,Rural,Féminin,Primaire,Contractuel,Éducation islamique,33,4172,31,1,0
ENS202294,2017-2018,Béni Mellal-Khénifra,BMK,Fquih Ben Salah,Rural,Masculin,Primaire,Vacataire,Français,4,2083,29,1,22
ENS202295,2023-2024,Casablanca-Settat,CAS,El Jadida,Urbain,Masculin,Primaire,Contractuel,SVT,3,5109,30,0,13
ENS202296,2020-2021,Drâa-Tafilalet,DRA,Midelt,Rural,Masculin,Primaire,Instituteur,Français,17,4630,23,0,12
ENS202297,2022-2023,Oriental,ORI,Figuig,Rural,Masculin,Primaire,Instituteur,Éducation islamique,29,4257,18,1,0
ENS202298,2020-2021,Rabat-Salé-Kénitra,RAB,Sidi Slimane,Urbain,Féminin,Collégial,Vacataire,Éducation islamique,16,2208,18,1,23
ENS202299,2022-2023,Fès-Meknès,FES,Ifrane,Rural,Masculin,Collégial,Professeur certifié,Français,28,6279,24,0,0
ENS202300,2017-2018,Oriental,ORI,Taourirt,Urbain,Masculin,Collégial,Professeur certifié,Sciences,1,6349,20,1,21
ENS202301,2018-2019,Oriental,ORI,Taourirt,Urbain,Masculin,Primaire,Professeur certifié,Éducation physique,19,5700,20,0,0
ENS202302,2023-2024,Casablanca-Settat,CAS,El Jadida,Rural,Masculin,Collégial,Instituteur,Arabe,31,3679,28,1,14
ENS202303,2023-2024,Casablanca-Settat,CAS,El Jadida,Rural,Masculin,Collégial,Contractuel,Arabe,12,4805,25,1,0
ENS202304,2017-2018,Souss-Massa,SOU,Tiznit,Rural,Masculin,Collégial,Professeur certifié,Histoire-Géo,25,6079,18,1,9
ENS202305,2017-2018,Drâa-Tafilalet,DRA,Ouarzazate,Urbain,Masculin,Primaire,Maître d'enseignement,Éducation physique,33,5689,27,0,16
ENS202306,2016-2017,Fès-Meknès,FES,Fès,Urbain,Masculin,Collégial,Professeur certifié,SVT,16,6051,26,1,5
ENS202307,2015-2016,Casablanca-Settat,CAS,El Jadida,Rural,Masculin,Collégial,Contractuel,Français,23,4879,26,1,0
ENS202308,2022-2023,Casablanca-Settat,CAS,Casablanca,Urbain,Féminin,Primaire,Contractuel,Mathématiques,24,2789,24,0,7
ENS202309,2022-2023,Souss-Massa,SOU,Inezgane-Ait Melloul,Rural,Masculin,Primaire,Contractuel,Physique-Chimie,22,3067,30,0,17
ENS202310,2021-2022,Casablanca-Settat,CAS,Khouribga,Urbain,Féminin,Primaire,Maître d'enseignement,Anglais,30,5710,23,1,0
ENS202311,2021-2022,Rabat-Salé-Kénitra,RAB,Skhirate-Témara,Urbain,Féminin,Primaire,Professeur agrégé,Physique-Chimie,28,8586,23,1,0
ENS202312,2022-2023,Rabat-Salé-Kénitra,RAB,Sidi Kacem,Urbain,Masculin,Préscolaire,Instituteur,Arabe,10,3307,22,0,8
ENS202313,2017-2018,Drâa-Tafilalet,DRA,Errachidia,Urbain,Féminin,Qualifiant,Professeur agrégé,Mathématiques,25,9470,30,0,23
ENS202314,2017-2018,Rabat-Salé-Kénitra,RAB,Salé,Rural,Féminin,Qualifiant,Maître d'enseignement,Philosophie,31,6676,19,1,22
ENS202315,2015-2016,Rabat-Salé-Kénitra,RAB,Salé,Rural,Féminin,Primaire,Instituteur,Histoire-Géo,1,4738,22,1,0
ENS202316,2020-2021,Rabat-Salé-Kénitra,RAB,Rabat,Urbain,Masculin,Primaire,Professeur agrégé,SVT,12,8697,23,0,24
ENS202317,2017-2018,Casablanca-Settat,CAS,Settat,Urbain,Masculin,Qualifiant,Contractuel,Histoire-Géo,30,2847,19,1,8
ENS202318,2016-2017,Guelmim-Oued Noun,GUE,Guelmim,Urbain,Féminin,Qualifiant,Contractuel,Sciences,19,4084,21,1,22
ENS202319,2023-2024,Laâyoune-Sakia El Hamra,LAA,Boujdour,Rural,Masculin,Primaire,Instituteur,Arabe,18,6031,19,1,0
ENS202320,2016-2017,Casablanca-Settat,CAS,Settat,Urbain,Masculin,Primaire,Instituteur,Anglais,7,4327,28,0,15
ENS202321,2020-2021,Drâa-Tafilalet,DRA,Zagora,Rural,Féminin,Primaire,Instituteur,Physique-Chimie,1,4832,18,0,10
ENS202322,2015-2016,Oriental,ORI,Guercif,Rural,Masculin,Qualifiant,Instituteur,Anglais,13,4475,28,0,2
ENS202323,2016-2017,Marrakech-Safi,MAR,Chichaoua,Rural,Masculin,Collégial,Instituteur,Philosophie,11,4196,27,0,19
ENS202324,2020-2021,Béni Mellal-Khénifra,BMK,Azilal,Urbain,Masculin,Primaire,Professeur certifié,Français,13,6032,26,0,0
ENS202325,2017-2018,Tanger-Tétouan-Al Hoceïma,TAN,Tétouan,Urbain,Masculin,Préscolaire,Maître d'enseignement,Éducation physique,14,6272,19,1,4
ENS202326,2023-2024,Souss-Massa,SOU,Tata,Urbain,Masculin,Primaire,Instituteur,Anglais,15,5475,23,0,0
ENS202327,2020-2021,Fès-Meknès,FES,Meknès,Rural,Féminin,Collégial,Professeur agrégé,Éducation physique,8,8755,28,0,5
ENS202328,2019-2020,Souss-Massa,SOU,Tata,Urbain,Féminin,Qualifiant,Instituteur,SVT,30,6277,25,0,7
ENS202329,2019-2020,Casablanca-Settat,CAS,Benslimane,Urbain,Féminin,Collégial,Contractuel,Histoire-Géo,29,5054,23,0,0
ENS202330,2016-2017,Tanger-Tétouan-Al Hoceïma,TAN,Ouazzane,Urbain,Féminin,Primaire,Contractuel,Arabe,27,2568,25,1,1
ENS202331,2018-2019,Tanger-Tétouan-Al Hoceïma,TAN,Chefchaouen,Urbain,Masculin,Primaire,Vacataire,Physique-Chimie,1,2867,22,1,0
ENS202332,2016-2017,Fès-Meknès,FES,Fès,Urbain,Féminin,Primaire,Contractuel,Éducation islamique,26,3810,29,0,10
ENS202333,2023-2024,Souss-Massa,SOU,Taroudannt,Rural,Féminin,Primaire,Professeur certifié,Éducation physique,4,6274,19,0,18
ENS202334,2018-2019,Marrakech-Safi,MAR,Youssoufia,Rural,Masculin,Primaire,Maître d'enseignement,Éducation physique,16,5976,21,1,0
ENS202335,2017-2018,Casablanca-Settat,CAS,Benslimane,Rural,Masculin,Primaire,Instituteur,SVT,14,5371,24,0,0
ENS202336,2020-2021,Oriental,ORI,Nador,Urbain,Féminin,Primaire,Maître d'enseignement,Sciences,20,6866,20,0,19
ENS202337,2015-2016,Casablanca-Settat,CAS,Sidi Bennour,Rural,Masculin,Qualifiant,Instituteur,Mathématiques,17,4486,27,1,22
ENS202338,2015-2016,Tanger-Tétouan-Al Hoceïma,TAN,Chefchaouen,Rural,Masculin,Qualifiant,Instituteur,Arabe,34,4972,29,0,0
ENS202339,2020-2021,Souss-Massa,SOU,Chtouka-Ait Baha,Rural,Masculin,Qualifiant,Instituteur,Physique-Chimie,2,4570,18,1,0
ENS202340,2018-2019,Fès-Meknès,FES,Boulemane,Urbain,Féminin,Collégial,Instituteur,Français,8,4848,25,0,24
ENS202341,2016-2017,Marrakech-Safi,MAR,Essaouira,Rural,Féminin,Primaire,Professeur certifié,Philosophie,1,7724,21,0,0
ENS202342,2018-2019,Casablanca-Settat,CAS,Casablanca,Rural,Féminin,Qualifiant,Contractuel,SVT,19,4583,21,1,18
ENS202343,2018-2019,Casablanca-Settat,CAS,El Jadida,Rural,Masculin,Primaire,Contractuel,Éducation islamique,9,4785,30,0,0
ENS202344,2017-2018,Guelmim-Oued Noun,GUE,Tan-Tan,Urbain,Féminin,Primaire,Contractuel,Éducation physique,26,2812,30,0,16
ENS202345,2020-2021,Marrakech-Safi,MAR,Essaouira,Rural,Féminin,Collégial,Professeur certifié,Arabe,17,6599,29,0,20
ENS202346,2015-2016,Marrakech-Safi,MAR,El Kelaa des Sraghna,Rural,Féminin,Collégial,Maître d'enseignement,Philosophie,34,5115,20,1,0
ENS202347,2020-2021,Rabat-Salé-Kénitra,RAB,Salé,Rural,Féminin,Collégial,Professeur certifié,Éducation physique,20,6587,27,1,3
ENS202348,2020-2021,Drâa-Tafilalet,DRA,Errachidia,Rural,Masculin,Primaire,Contractuel,Sciences,30,4860,23,1,0
ENS202349,2020-2021,Rabat-Salé-Kénitra,RAB,Rabat,Rural,Féminin,Primaire,Maître d'enseignement,Anglais,25,4851,25,0,24
ENS202350,2018-2019,Casablanca-Settat,CAS,El Jadida,Rural,Féminin,Primaire,Professeur certifié,Anglais,2,7001,18,0,15
ENS202351,2022-2023,Guelmim-Oued Noun,GUE,Assa-Zag,Urbain,Masculin,Qualifiant,Professeur certifié,SVT,26,5975,30,0,17
ENS202352,2016-2017,Marrakech-Safi,MAR,Essaouira,Urbain,Masculin,Collégial,Professeur certifié,Philosophie,18,6731,21,1,15
ENS202353,2017-2018,Casablanca-Settat,CAS,Berrechid,Urbain,Masculin,Collégial,Instituteur,Éducation islamique,25,4961,24,1,0
ENS202354,2023-2024,Rabat-Salé-Kénitra,RAB,Khémisset,Urbain,Féminin,Primaire,Professeur certifié,Sciences,2,7422,26,0,0
ENS202355,2022-2023,Casablanca-Settat,CAS,Sidi Bennour,Urbain,Féminin,Primaire,Professeur certifié,Sciences,33,6401,30,1,9
ENS202356,2020-2021,Drâa-Tafilalet,DRA,Ouarzazate,Rural,Masculin,Collégial,Instituteur,Anglais,34,4409,21,0,8
ENS202357,2015-2016,Souss-Massa,SOU,Inezgane-Ait Melloul,Urbain,Masculin,Primaire,Professeur certifié,Philosophie,18,6061,24,1,5
ENS202358,2020-2021,Casablanca-Settat,CAS,Casablanca,Rural,Féminin,Primaire,Maître d'enseignement,Arabe,23,6434,18,0,0
ENS202359,2016-2017,Béni Mellal-Khénifra,BMK,Khouribga,Urbain,Masculin,Préscolaire,Professeur certifié,Sciences,11,5666,20,0,0
ENS202360,2019-2020,Casablanca-Settat,CAS,Berrechid,Rural,Masculin,Qualifiant,Professeur certifié,Philosophie,28,6196,26,1,13
ENS202361,2019-2020,Fès-Meknès,FES,Ifrane,Rural,Féminin,Primaire,Professeur certifié,Sciences,13,6449,26,0,20
ENS202362,2020-2021,Rabat-Salé-Kénitra,RAB,Rabat,Rural,Féminin,Primaire,Instituteur,Anglais,21,4263,24,0,2
ENS202363,2021-2022,Marrakech-Safi,MAR,Safi,Urbain,Masculin,Primaire,Maître d'enseignement,Éducation islamique,8,4809,24,1,0
ENS202364,2019-2020,Tanger-Tétouan-Al Hoceïma,TAN,Larache,Urbain,Féminin,Primaire,Contractuel,SVT,17,5080,20,0,0
ENS202365,2019-2020,Souss-Massa,SOU,Taroudannt,Rural,Féminin,Primaire,Contractuel,Anglais,4,4421,26,1,21
ENS202366,2016-2017,Béni Mellal-Khénifra,BMK,Béni Mellal,Rural,Féminin,Primaire,Professeur certifié,Mathématiques,9,5921,26,0,13
ENS202367,2022-2023,Rabat-Salé-Kénitra,RAB,Khémisset,Rural,Masculin,Primaire,Contractuel,Physique-Chimie,34,3356,25,0,0
ENS202368,2023-2024,Oriental,ORI,Oujda-Angad,Rural,Masculin,Qualifiant,Professeur agrégé,Mathématiques,11,8630,24,0,7
ENS202369,2015-2016,Casablanca-Settat,CAS,Mohammadia,Rural,Masculin,Collégial,Contractuel,Histoire-Géo,29,2336,25,0,4
ENS202370,2018-2019,Guelmim-Oued Noun,GUE,Sidi Ifni,Urbain,Masculin,Primaire,Instituteur,Éducation islamique,26,4388,23,1,3
ENS202371,2015-2016,Casablanca-Settat,CAS,El Jadida,Urbain,Féminin,Primaire,Professeur agrégé,Histoire-Géo,26,9295,27,0,9
ENS202372,2019-2020,Marrakech-Safi,MAR,Safi,Rural,Masculin,Collégial,Professeur agrégé,Anglais,3,8760,20,0,15
ENS202373,2021-2022,Fès-Meknès,FES,Ifrane,Rural,Féminin,Collégial,Professeur certifié,Sciences,19,7328,20,0,14
ENS202374,2022-2023,Tanger-Tétouan-Al Hoceïma,TAN,Larache,Urbain,Féminin,Collégial,Maître d'enseignement,Éducation islamique,9,5793,18,0,0
ENS202375,2019-2020,Casablanca-Settat,CAS,Casablanca,Rural,Masculin,Collégial,Maître d'enseignement,Philosophie,15,4446,25,1,23
ENS202376,2019-2020,Rabat-Salé-Kénitra,RAB,Kénitra,Rural,Masculin,Primaire,Professeur certifié,Histoire-Géo,9,5853,20,0,22
ENS202377,2023-2024,Casablanca-Settat,CAS,Casablanca,Urbain,Masculin,Primaire,Professeur certifié,Physique-Chimie,32,7173,30,1,0
ENS202378,2021-2022,Oriental,ORI,Driouch,Urbain,Masculin,Primaire,Maître d'enseignement,Anglais,11,5903,27,1,6
ENS202379,2022-2023,Oriental,ORI,Guercif,Rural,Masculin,Primaire,Professeur agrégé,Français,21,9099,31,0,20
ENS202380,2017-2018,Fès-Meknès,FES,Séfrou,Urbain,Masculin,Collégial,Instituteur,Éducation physique,27,5243,24,0,13
ENS202381,2021-2022,Tanger-Tétouan-Al Hoceïma,TAN,Ouazzane,Urbain,Féminin,Primaire,Instituteur,Éducation physique,34,5189,19,1,0
ENS202382,2018-2019,Rabat-Salé-Kénitra,RAB,Sidi Slimane,Urbain,Masculin,Primaire,Maître d'enseignement,Histoire-Géo,27,3945,23,0,2
ENS202383,2021-2022,Drâa-Tafilalet,DRA,Errachidia,Rural,Masculin,Primaire,Instituteur,Éducation physique,29,5691,30,1,0
ENS202384,2020-2021,Souss-Massa,SOU,Taroudannt,Rural,Masculin,Collégial,Professeur agrégé,Sciences,23,7764,20,0,24
ENS202385,2021-2022,Rabat-Salé-Kénitra,RAB,Sidi Slimane,Rural,Masculin,Collégial,Contractuel,Éducation physique,15,3683,27,1,4
ENS202386,2020-2021,Tanger-Tétouan-Al Hoceïma,TAN,Ouazzane,Urbain,Féminin,Préscolaire,Maître d'enseignement,Éducation physique,20,5292,26,1,1
ENS202387,2021-2022,Casablanca-Settat,CAS,Khouribga,Urbain,Masculin,Primaire,Contractuel,SVT,10,3379,30,0,0
ENS202388,2016-2017,Souss-Massa,SOU,Chtouka-Ait Baha,Urbain,Masculin,Primaire,Instituteur,Arabe,28,5706,21,0,2
ENS202389,2018-2019,Marrakech-Safi,MAR,Chichaoua,Urbain,Masculin,Primaire,Professeur certifié,Histoire-Géo,15,6527,29,0,11
ENS202390,2018-2019,Rabat-Salé-Kénitra,RAB,Rabat,Urbain,Féminin,Primaire,Professeur certifié,Éducation islamique,19,6907,18,0,0
ENS202391,2018-2019,Drâa-Tafilalet,DRA,Tinghir,Rural,Masculin,Collégial,Professeur certifié,Arabe,25,6173,28,0,14
ENS202392,2018-2019,Souss-Massa,SOU,Tiznit,Rural,Masculin,Qualifiant,Professeur certifié,Histoire-Géo,2,5779,26,1,0
ENS202393,2015-2016,Casablanca-Settat,CAS,El Jadida,Urbain,Masculin,Primaire,Instituteur,Histoire-Géo,30,3728,31,0,23
ENS202394,2016-2017,Béni Mellal-Khénifra,BMK,Fquih Ben Salah,Urbain,Masculin,Primaire,Vacataire,Anglais,34,2880,21,1,15
ENS202395,2022-2023,Tanger-Tétouan-Al Hoceïma,TAN,Tanger-Assilah,Urbain,Masculin,Collégial,Professeur certifié,Arabe,29,5778,21,1,5
ENS202396,2019-2020,Béni Mellal-Khénifra,BMK,Azilal,Urbain,Masculin,Primaire,Professeur certifié,Anglais,15,5885,22,1,13
ENS202397,2017-2018,Fès-Meknès,FES,El Hajeb,Urbain,Masculin,Primaire,Contractuel,Sciences,10,4947,31,1,21
ENS202398,2016-2017,Fès-Meknès,FES,Taounate,Urbain,Masculin,Collégial,Professeur certifié,Mathématiques,13,6466,27,1,18
ENS202399,2016-2017,Casablanca-Settat,CAS,Settat,Rural,Féminin,Qualifiant,Contractuel,Éducation islamique,22,3936,18,0,0
ENS202400,2016-2017,Rabat-Salé-Kénitra,RAB,Sidi Kacem,Rural,Masculin,Primaire,Professeur certifié,Éducation islamique,20,7202,25,0,9
ENS202401,2015-2016,Casablanca-Settat,CAS,Sidi Bennour,Rural,Masculin,Collégial,Instituteur,SVT,3,4924,22,0,0
ENS202402,2018-2019,Casablanca-Settat,CAS,El Jadida,Rural,Féminin,Primaire,Professeur certifié,Physique-Chimie,13,6788,27,1,11
ENS202403,2020-2021,Casablanca-Settat,CAS,Sidi Bennour,Rural,Féminin,Primaire,Contractuel,Physique-Chimie,9,3817,28,1,19
ENS202404,2023-2024,Marrakech-Safi,MAR,Essaouira,Urbain,Masculin,Collégial,Maître d'enseignement,Éducation physique,5,4797,24,0,0
ENS202405,2022-2023,Casablanca-Settat,CAS,El Jadida,Urbain,Masculin,Primaire,Contractuel,Anglais,20,4839,18,0,0
ENS202406,2020-2021,Casablanca-Settat,CAS,Khouribga,Urbain,Féminin,Primaire,Professeur certifié,Philosophie,17,7123,22,1,0
ENS202407,2022-2023,Oriental,ORI,Berkane,Urbain,Masculin,Collégial,Professeur certifié,Physique-Chimie,31,6419,20,0,8
ENS202408,2019-2020,Drâa-Tafilalet,DRA,Ouarzazate,Urbain,Féminin,Primaire,Instituteur,Physique-Chimie,14,5135,22,0,10
ENS202409,2018-2019,Oriental,ORI,Nador,Rural,Masculin,Primaire,Instituteur,Mathématiques,24,5127,20,1,13
ENS202410,2019-2020,Fès-Meknès,FES,El Hajeb,Urbain,Masculin,Primaire,Professeur certifié,Mathématiques,20,6094,24,1,0
ENS202411,2015-2016,Béni Mellal-Khénifra,BMK,El Kelaa des Sraghna,Urbain,Féminin,Primaire,Instituteur,Philosophie,10,4089,26,0,14
ENS202412,2017-2018,Marrakech-Safi,MAR,Marrakech,Urbain,Féminin,Qualifiant,Instituteur,Philosophie,21,4524,31,0,0
ENS202413,2020-2021,Laâyoune-Sakia El Hamra,LAA,Es-Semara,Urbain,Masculin,Primaire,Contractuel,Arabe,8,4321,24,1,9
ENS202414,2020-2021,Béni Mellal-Khénifra,BMK,Azilal,Urbain,Féminin,Collégial,Instituteur,Éducation physique,3,4985,23,1,11
ENS202415,2019-2020,Marrakech-Safi,MAR,Chichaoua,Urbain,Féminin,Qualifiant,Instituteur,Mathématiques,14,3687,30,1,12
ENS202416,2022-2023,Drâa-Tafilalet,DRA,Tinghir,Rural,Masculin,Collégial,Professeur certifié,Éducation islamique,15,6421,20,1,21
ENS202417,2019-2020,Drâa-Tafilalet,DRA,Zagora,Urbain,Féminin,Collégial,Professeur certifié,Sciences,23,6461,23,0,12
ENS202418,2023-2024,Drâa-Tafilalet,DRA,Zagora,Urbain,Féminin,Primaire,Instituteur,Arabe,12,4081,18,1,24
ENS202419,2023-2024,Fès-Meknès,FES,Taounate,Rural,Féminin,Primaire,Maître d'enseignement,Philosophie,16,6063,31,1,0
ENS202420,2020-2021,Rabat-Salé-Kénitra,RAB,Sidi Slimane,Rural,Masculin,Primaire,Contractuel,Anglais,28,3959,23,1,19
ENS202421,2020-2021,Oriental,ORI,Nador,Rural,Féminin,Primaire,Maître d'enseignement,Arabe,33,7156,23,1,0
ENS202422,2023-2024,Drâa-Tafilalet,DRA,Ouarzazate,Urbain,Féminin,Primaire,Professeur certifié,SVT,19,6697,26,1,17
ENS202423,2022-2023,Marrakech-Safi,MAR,Chichaoua,Urbain,Féminin,Primaire,Professeur certifié,Mathématiques,10,6242,31,1,23
ENS202424,2015-2016,Tanger-Tétouan-Al Hoceïma,TAN,Fahs-Anjra,Urbain,Masculin,Qualifiant,Vacataire,Histoire-Géo,15,3133,22,0,0
ENS202425,2023-2024,Tanger-Tétouan-Al Hoceïma,TAN,Fahs-Anjra,Rural,Féminin,Primaire,Professeur agrégé,Philosophie,31,8236,26,0,13
ENS202426,2019-2020,Tanger-Tétouan-Al Hoceïma,TAN,Ouazzane,Urbain,Masculin,Primaire,Professeur agrégé,Éducation physique,7,8315,18,0,12
ENS202427,2019-2020,Tanger-Tétouan-Al Hoceïma,TAN,Tétouan,Urbain,Masculin,Qualifiant,Professeur certifié,Arabe,18,6639,25,1,0
ENS202428,2023-2024,Marrakech-Safi,MAR,Youssoufia,Urbain,Masculin,Primaire,Instituteur,Mathématiques,30,4697,24,1,18
ENS202429,2016-2017,Souss-Massa,SOU,Inezgane-Ait Melloul,Urbain,Féminin,Collégial,Professeur agrégé,Français,12,8424,29,1,0
ENS202430,2017-2018,Rabat-Salé-Kénitra,RAB,Rabat,Urbain,Masculin,Qualifiant,Contractuel,Philosophie,2,3686,22,0,24
ENS202431,2017-2018,Tanger-Tétouan-Al Hoceïma,TAN,Al Hoceïma,Urbain,Féminin,Primaire,Instituteur,Physique-Chimie,27,4578,28,0,19
ENS202432,2016-2017,Casablanca-Settat,CAS,Mohammadia,Rural,Masculin,Collégial,Professeur certifié,Mathématiques,18,6457,20,0,10
ENS202433,2020-2021,Rabat-Salé-Kénitra,RAB,Rabat,Urbain,Féminin,Primaire,Professeur agrégé,Français,26,8208,28,1,23
ENS202434,2020-2021,Fès-Meknès,FES,Fès,Urbain,Masculin,Primaire,Instituteur,Sciences,8,5056,29,1,21
ENS202435,2015-2016,Béni Mellal-Khénifra,BMK,Béni Mellal,Urbain,Masculin,Collégial,Contractuel,Français,24,4313,25,0,20
ENS202436,2015-2016,Marrakech-Safi,MAR,Al Haouz,Urbain,Féminin,Collégial,Professeur certifié,Sciences,33,7277,27,0,23
ENS202437,2015-2016,Marrakech-Safi,MAR,Chichaoua,Rural,Masculin,Qualifiant,Contractuel,Mathématiques,22,4381,25,0,24
ENS202438,2019-2020,Béni Mellal-Khénifra,BMK,El Kelaa des Sraghna,Urbain,Masculin,Qualifiant,Professeur agrégé,Philosophie,15,8202,22,1,7
ENS202439,2023-2024,Oriental,ORI,Oujda-Angad,Urbain,Masculin,Collégial,Maître d'enseignement,Histoire-Géo,20,6254,26,0,23
ENS202440,2018-2019,Marrakech-Safi,MAR,Safi,Urbain,Masculin,Collégial,Professeur certifié,Physique-Chimie,15,6164,31,0,8
ENS202441,2019-2020,Marrakech-Safi,MAR,Essaouira,Urbain,Féminin,Primaire,Professeur certifié,Mathématiques,21,6125,23,0,15
ENS202442,2017-2018,Rabat-Salé-Kénitra,RAB,Kénitra,Rural,Masculin,Collégial,Professeur agrégé,Histoire-Géo,27,8833,26,0,16
ENS202443,2023-2024,Fès-Meknès,FES,Taounate,Urbain,Masculin,Qualifiant,Contractuel,Anglais,25,3956,20,0,22
ENS202444,2022-2023,Oriental,ORI,Guercif,Urbain,Féminin,Primaire,Contractuel,Histoire-Géo,28,3450,22,1,12
ENS202445,2017-2018,Casablanca-Settat,CAS,Casablanca,Urbain,Masculin,Primaire,Professeur certifié,Philosophie,6,6019,22,0,18
ENS202446,2016-2017,Marrakech-Safi,MAR,Essaouira,Urbain,Masculin,Collégial,Professeur certifié,Arabe,30,7034,22,0,2
ENS202447,2015-2016,Casablanca-Settat,CAS,Mohammadia,Urbain,Féminin,Qualifiant,Professeur agrégé,Anglais,12,7006,24,0,23
ENS202448,2018-2019,Marrakech-Safi,MAR,Chichaoua,Rural,Masculin,Collégial,Instituteur,Éducation islamique,1,5100,23,0,19
ENS202449,2016-2017,Marrakech-Safi,MAR,Youssoufia,Urbain,Masculin,Primaire,Instituteur,Philosophie,6,4973,22,1,0
ENS202450,2015-2016,Casablanca-Settat,CAS,Casablanca,Urbain,Masculin,Collégial,Professeur certifié,Français,20,6680,28,0,1
ENS202451,2016-2017,Oriental,ORI,Driouch,Urbain,Masculin,Collégial,Professeur certifié,Éducation islamique,20,6830,25,1,0
ENS202452,2019-2020,Rabat-Salé-Kénitra,RAB,Kénitra,Urbain,Masculin,Primaire,Professeur agrégé,Éducation islamique,22,9296,31,0,22
ENS202453,2021-2022,Béni Mellal-Khénifra,BMK,Béni Mellal,Urbain,Masculin,Primaire,Professeur certifié,Éducation islamique,20,6275,29,0,0
ENS202454,2022-2023,Fès-Meknès,FES,Boulemane,Rural,Féminin,Primaire,Maître d'enseignement,Histoire-Géo,9,5528,31,1,21
ENS202455,2017-2018,Casablanca-Settat,CAS,El Jadida,Rural,Masculin,Primaire,Instituteur,Sciences,2,5031,29,1,0
ENS202456,2015-2016,Marrakech-Safi,MAR,El Kelaa des Sraghna,Urbain,Féminin,Primaire,Contractuel,Anglais,9,4113,25,1,0
ENS202457,2018-2019,Casablanca-Settat,CAS,Mohammadia,Urbain,Masculin,Qualifiant,Instituteur,Histoire-Géo,7,4777,25,1,22
ENS202458,2022-2023,Marrakech-Safi,MAR,Al Haouz,Rural,Féminin,Primaire,Professeur agrégé,Français,10,9827,23,0,18
ENS202459,2019-2020,Fès-Meknès,FES,Séfrou,Urbain,Masculin,Primaire,Vacataire,Philosophie,34,2631,27,1,9
ENS202460,2019-2020,Casablanca-Settat,CAS,Khouribga,Urbain,Féminin,Primaire,Vacataire,Éducation islamique,15,3521,30,0,15
ENS202461,2019-2020,Fès-Meknès,FES,Ifrane,Urbain,Masculin,Primaire,Instituteur,Arabe,24,3449,24,1,11
ENS202462,2016-2017,Marrakech-Safi,MAR,Al Haouz,Rural,Féminin,Primaire,Professeur agrégé,Physique-Chimie,26,7779,27,0,18
ENS202463,2020-2021,Rabat-Salé-Kénitra,RAB,Kénitra,Urbain,Masculin,Primaire,Instituteur,Mathématiques,26,3274,31,1,0
ENS202464,2017-2018,Rabat-Salé-Kénitra,RAB,Sidi Slimane,Urbain,Féminin,Primaire,Instituteur,Éducation physique,2,4270,26,0,17
ENS202465,2016-2017,Marrakech-Safi,MAR,Youssoufia,Rural,Masculin,Primaire,Instituteur,Physique-Chimie,20,5320,28,1,0
ENS202466,2023-2024,Fès-Meknès,FES,Meknès,Urbain,Masculin,Primaire,Professeur agrégé,Sciences,29,7794,21,0,0
ENS202467,2018-2019,Casablanca-Settat,CAS,Sidi Bennour,Rural,Féminin,Primaire,Professeur certifié,Mathématiques,16,6160,31,0,0
ENS202468,2017-2018,Tanger-Tétouan-Al Hoceïma,TAN,Tétouan,Urbain,Masculin,Qualifiant,Maître d'enseignement,Français,18,4489,19,0,0
ENS202469,2023-2024,Casablanca-Settat,CAS,El Jadida,Rural,Féminin,Collégial,Professeur certifié,Histoire-Géo,25,7604,22,0,2
ENS202470,2021-2022,Casablanca-Settat,CAS,El Jadida,Urbain,Féminin,Collégial,Professeur certifié,Français,8,7783,25,0,21
ENS202471,2020-2021,Tanger-Tétouan-Al Hoceïma,TAN,Al Hoceïma,Rural,Féminin,Qualifiant,Professeur certifié,Éducation islamique,11,5983,31,0,15
ENS202472,2023-2024,Fès-Meknès,FES,Moulay Yacoub,Urbain,Masculin,Primaire,Professeur agrégé,Arabe,29,8153,27,0,0
ENS202473,2016-2017,Drâa-Tafilalet,DRA,Midelt,Urbain,Masculin,Collégial,Instituteur,Mathématiques,7,6868,24,1,15
ENS202474,2021-2022,Oriental,ORI,Jerada,Rural,Féminin,Primaire,Professeur certifié,Français,32,6328,29,1,11
ENS202475,2019-2020,Rabat-Salé-Kénitra,RAB,Salé,Rural,Masculin,Qualifiant,Maître d'enseignement,Sciences,5,6082,22,1,0
ENS202476,2021-2022,Rabat-Salé-Kénitra,RAB,Salé,Rural,Masculin,Primaire,Maître d'enseignement,Philosophie,21,5970,30,1,0
ENS202477,2023-2024,Souss-Massa,SOU,Tiznit,Urbain,Masculin,Primaire,Maître d'enseignement,Français,31,5617,21,1,17
ENS202478,2020-2021,Béni Mellal-Khénifra,BMK,Azilal,Rural,Féminin,Collégial,Professeur certifié,Éducation physique,3,6547,31,0,0
ENS202479,2017-2018,Casablanca-Settat,CAS,El Jadida,Rural,Féminin,Primaire,Vacataire,Philosophie,6,2532,22,1,5
ENS202480,2023-2024,Tanger-Tétouan-Al Hoceïma,TAN,Al Hoceïma,Urbain,Masculin,Qualifiant,Vacataire,Éducation physique,15,3759,24,1,0
ENS202481,2018-2019,Casablanca-Settat,CAS,Casablanca,Urbain,Féminin,Primaire,Instituteur,Mathématiques,30,4642,31,1,17
ENS202482,2022-2023,Rabat-Salé-Kénitra,RAB,Kénitra,Urbain,Masculin,Collégial,Maître d'enseignement,Éducation physique,13,5531,26,0,19
ENS202483,2019-2020,Casablanca-Settat,CAS,Berrechid,Rural,Féminin,Collégial,Maître d'enseignement,Éducation islamique,2,5482,22,0,18
ENS202484,2017-2018,Marrakech-Safi,MAR,Safi,Rural,Masculin,Qualifiant,Vacataire,Physique-Chimie,24,2483,19,1,0
ENS202485,2016-2017,Souss-Massa,SOU,Inezgane-Ait Melloul,Urbain,Masculin,Collégial,Instituteur,Mathématiques,15,4793,20,1,24
ENS202486,2021-2022,Casablanca-Settat,CAS,Mohammadia,Urbain,Féminin,Collégial,Instituteur,Arabe,18,4614,29,1,3
ENS202487,2015-2016,Oriental,ORI,Guercif,Rural,Masculin,Collégial,Professeur certifié,Arabe,7,6624,19,0,9
ENS202488,2019-2020,Casablanca-Settat,CAS,El Jadida,Urbain,Masculin,Primaire,Maître d'enseignement,Éducation physique,34,5601,20,0,22
ENS202489,2018-2019,Oriental,ORI,Guercif,Urbain,Féminin,Qualifiant,Contractuel,Français,1,3370,31,1,24
ENS202490,2018-2019,Casablanca-Settat,CAS,Khouribga,Urbain,Féminin,Primaire,Contractuel,Philosophie,23,3468,31,0,3
ENS202491,2022-2023,Guelmim-Oued Noun,GUE,Tan-Tan,Urbain,Masculin,Primaire,Contractuel,Histoire-Géo,26,3695,22,1,16
ENS202492,2015-2016,Casablanca-Settat,CAS,Benslimane,Rural,Masculin,Collégial,Instituteur,Philosophie,14,4897,25,1,18
ENS202493,2016-2017,Tanger-Tétouan-Al Hoceïma,TAN,Fahs-Anjra,Urbain,Masculin,Collégial,Instituteur,Philosophie,11,5635,27,0,5
ENS202494,2015-2016,Béni Mellal-Khénifra,BMK,Khouribga,Urbain,Masculin,Primaire,Professeur certifié,Arabe,31,6575,18,1,23
ENS202495,2018-2019,Fès-Meknès,FES,Fès,Urbain,Masculin,Primaire,Instituteur,Mathématiques,22,4428,19,1,4
ENS202496,2022-2023,Fès-Meknès,FES,Taounate,Urbain,Féminin,Qualifiant,Maître d'enseignement,Arabe,20,4543,28,1,0
ENS202497,2016-2017,Souss-Massa,SOU,Inezgane-Ait Melloul,Rural,Masculin,Primaire,Professeur certifié,Anglais,11,6872,20,0,0
ENS202498,2016-2017,Souss-Massa,SOU,Inezgane-Ait Melloul,Urbain,Féminin,Primaire,Maître d'enseignement,Éducation physique,14,4118,20,1,0
ENS202499,2015-2016,Oriental,ORI,Jerada,Urbain,Masculin,Primaire,Professeur certifié,SVT,5,5851,22,0,0
ENS202500,2020-2021,Marrakech-Safi,MAR,El Kelaa des Sraghna,Rural,Masculin,Collégial,Contractuel,SVT,13,4373,23,0,7
ENS202501,2016-2017,Béni Mellal-Khénifra,BMK,Fquih Ben Salah,Urbain,Féminin,Préscolaire,Professeur agrégé,Éducation physique,25,7160,20,0,18
ENS202502,2019-2020,Casablanca-Settat,CAS,Sidi Bennour,Urbain,Masculin,Primaire,Professeur certifié,Histoire-Géo,31,5890,23,0,0
ENS202503,2018-2019,Casablanca-Settat,CAS,Casablanca,Urbain,Masculin,Primaire,Maître d'enseignement,Sciences,9,6650,31,0,22
ENS202504,2018-2019,Béni Mellal-Khénifra,BMK,Fquih Ben Salah,Rural,Féminin,Collégial,Maître d'enseignement,Philosophie,12,3898,30,0,7
ENS202505,2022-2023,Béni Mellal-Khénifra,BMK,El Kelaa des Sraghna,Rural,Féminin,Primaire,Professeur certifié,Éducation islamique,4,6459,24,0,0
ENS202506,2020-2021,Tanger-Tétouan-Al Hoceïma,TAN,Ouazzane,Rural,Féminin,Primaire,Vacataire,Éducation physique,34,3341,18,0,7
ENS202507,2023-2024,Casablanca-Settat,CAS,Khouribga,Urbain,Féminin,Primaire,Contractuel,Anglais,23,4407,31,1,1
ENS202508,2023-2024,Tanger-Tétouan-Al Hoceïma,TAN,Tanger-Assilah,Urbain,Masculin,Primaire,Professeur certifié,Anglais,29,6396,26,1,0
ENS202509,2016-2017,Rabat-Salé-Kénitra,RAB,Kénitra,Rural,Masculin,Primaire,Professeur certifié,SVT,17,6673,21,0,20
ENS202510,2019-2020,Béni Mellal-Khénifra,BMK,Azilal,Rural,Masculin,Collégial,Maître d'enseignement,Physique-Chimie,4,5614,25,1,0
ENS202511,2019-2020,Rabat-Salé-Kénitra,RAB,Rabat,Urbain,Féminin,Primaire,Contractuel,Anglais,11,5281,20,0,10
ENS202512,2020-2021,Fès-Meknès,FES,Ifrane,Rural,Féminin,Primaire,Professeur certifié,SVT,23,6442,27,0,22
ENS202513,2019-2020,Rabat-Salé-Kénitra,RAB,Rabat,Rural,Masculin,Qualifiant,Professeur certifié,Anglais,24,5176,25,1,21
ENS202514,2018-2019,Marrakech-Safi,MAR,Youssoufia,Urbain,Féminin,Primaire,Maître d'enseignement,Arabe,14,6463,28,1,0
ENS202515,2023-2024,Rabat-Salé-Kénitra,RAB,Kénitra,Rural,Masculin,Collégial,Maître d'enseignement,Physique-Chimie,2,5570,30,0,8
ENS202516,2021-2022,Oriental,ORI,Guercif,Urbain,Masculin,Primaire,Instituteur,Anglais,4,5337,18,1,0
ENS202517,2016-2017,Rabat-Salé-Kénitra,RAB,Khémisset,Urbain,Masculin,Primaire,Professeur agrégé,Français,32,8014,28,1,0
ENS202518,2019-2020,Marrakech-Safi,MAR,Al Haouz,Urbain,Masculin,Primaire,Professeur certifié,Français,31,6293,19,0,0
ENS202519,2018-2019,Casablanca-Settat,CAS,Khouribga,Urbain,Féminin,Qualifiant,Instituteur,Philosophie,4,5199,18,0,0
ENS202520,2016-2017,Oriental,ORI,Berkane,Urbain,Masculin,Primaire,Maître d'enseignement,Physique-Chimie,26,6056,23,0,16
ENS202521,2018-2019,Béni Mellal-Khénifra,BMK,El Kelaa des Sraghna,Urbain,Masculin,Primaire,Vacataire,SVT,5,3307,31,1,19
ENS202522,2018-2019,Fès-Meknès,FES,El Hajeb,Rural,Féminin,Primaire,Instituteur,Éducation physique,14,5265,18,0,13
ENS202523,2017-2018,Béni Mellal-Khénifra,BMK,Khouribga,Rural,Féminin,Primaire,Professeur agrégé,Éducation physique,15,8793,28,0,0
ENS202524,2016-2017,Rabat-Salé-Kénitra,RAB,Khémisset,Rural,Féminin,Collégial,Instituteur,Physique-Chimie,25,4578,19,0,21
ENS202525,2022-2023,Casablanca-Settat,CAS,Sidi Bennour,Rural,Masculin,Qualifiant,Professeur certifié,Éducation islamique,12,6686,23,1,17
ENS202526,2022-2023,Marrakech-Safi,MAR,Chichaoua,Urbain,Masculin,Primaire,Professeur certifié,Éducation islamique,7,6838,22,0,0
ENS202527,2016-2017,Tanger-Tétouan-Al Hoceïma,TAN,Larache,Urbain,Masculin,Primaire,Contractuel,Histoire-Géo,29,4157,20,0,3
ENS202528,2023-2024,Casablanca-Settat,CAS,El Jadida,Urbain,Masculin,Primaire,Professeur certifié,Sciences,29,6427,23,1,12
ENS202529,2018-2019,Rabat-Salé-Kénitra,RAB,Skhirate-Témara,Urbain,Masculin,Primaire,Professeur agrégé,Arabe,10,7914,20,0,21
ENS202530,2016-2017,Marrakech-Safi,MAR,Chichaoua,Urbain,Masculin,Collégial,Professeur agrégé,Histoire-Géo,4,7715,21,0,1
ENS202531,2021-2022,Casablanca-Settat,CAS,Settat,Rural,Féminin,Qualifiant,Professeur certifié,Anglais,1,5256,31,1,16
ENS202532,2021-2022,Casablanca-Settat,CAS,El Jadida,Urbain,Masculin,Qualifiant,Contractuel,Histoire-Géo,29,3754,23,1,7
ENS202533,2022-2023,Rabat-Salé-Kénitra,RAB,Sidi Kacem,Urbain,Féminin,Préscolaire,Maître d'enseignement,Physique-Chimie,21,5293,20,0,6
ENS202534,2015-2016,Casablanca-Settat,CAS,Khouribga,Urbain,Masculin,Collégial,Professeur certifié,Mathématiques,6,7313,30,0,0
ENS202535,2016-2017,Souss-Massa,SOU,Taroudannt,Urbain,Féminin,Primaire,Instituteur,Arabe,16,4404,19,0,18
ENS202536,2015-2016,Fès-Meknès,FES,Boulemane,Rural,Masculin,Primaire,Maître d'enseignement,Éducation physique,23,5945,26,1,15
ENS202537,2019-2020,Drâa-Tafilalet,DRA,Zagora,Rural,Masculin,Primaire,Professeur certifié,Sciences,32,7552,30,0,0
ENS202538,2016-2017,Béni Mellal-Khénifra,BMK,Khouribga,Urbain,Masculin,Primaire,Maître d'enseignement,Arabe,26,4553,25,0,0
ENS202539,2017-2018,Drâa-Tafilalet,DRA,Midelt,Urbain,Féminin,Primaire,Contractuel,Français,15,4882,26,1,20
ENS202540,2019-2020,Fès-Meknès,FES,Moulay Yacoub,Rural,Masculin,Qualifiant,Professeur certifié,Arabe,23,5683,27,0,14
ENS202541,2016-2017,Béni Mellal-Khénifra,BMK,Azilal,Rural,Féminin,Primaire,Professeur certifié,Histoire-Géo,33,5764,28,0,24
ENS202542,2017-2018,Casablanca-Settat,CAS,Khouribga,Urbain,Masculin,Primaire,Professeur agrégé,Mathématiques,34,8742,28,0,2
ENS202543,2020-2021,Rabat-Salé-Kénitra,RAB,Khémisset,Urbain,Féminin,Qualifiant,Professeur agrégé,SVT,2,8273,31,1,8
ENS202544,2021-2022,Fès-Meknès,FES,Ifrane,Urbain,Féminin,Qualifiant,Maître d'enseignement,Arabe,4,5273,23,1,24
ENS202545,2018-2019,Tanger-Tétouan-Al Hoceïma,TAN,Al Hoceïma,Rural,Masculin,Primaire,Professeur agrégé,Arabe,9,7946,18,0,11
ENS202546,2022-2023,Fès-Meknès,FES,El Hajeb,Urbain,Masculin,Collégial,Instituteur,Anglais,16,4679,19,0,6
ENS202547,2023-2024,Rabat-Salé-Kénitra,RAB,Sidi Kacem,Rural,Féminin,Primaire,Professeur agrégé,Physique-Chimie,17,8178,18,0,16
ENS202548,2016-2017,Casablanca-Settat,CAS,El Jadida,Urbain,Masculin,Qualifiant,Professeur agrégé,Éducation physique,19,8295,18,0,17
ENS202549,2020-2021,Casablanca-Settat,CAS,Casablanca,Urbain,Féminin,Collégial,Maître d'enseignement,Histoire-Géo,9,5988,27,1,24
ENS202550,2018-2019,Fès-Meknès,FES,Taza,Urbain,Masculin,Préscolaire,Vacataire,Histoire-Géo,34,4393,30,0,0
ENS202551,2015-2016,Marrakech-Safi,MAR,Marrakech,Urbain,Masculin,Primaire,Instituteur,Mathématiques,32,4474,24,0,4
ENS202552,2022-2023,Béni Mellal-Khénifra,BMK,Azilal,Urbain,Masculin,Primaire,Professeur agrégé,Mathématiques,5,8377,30,0,8
ENS202553,2021-2022,Béni Mellal-Khénifra,BMK,Fquih Ben Salah,Urbain,Masculin,Primaire,Professeur certifié,SVT,15,7799,24,1,12
ENS202554,2015-2016,Rabat-Salé-Kénitra,RAB,Sidi Kacem,Urbain,Féminin,Collégial,Maître d'enseignement,Sciences,8,5972,24,1,7
ENS202555,2017-2018,Marrakech-Safi,MAR,Marrakech,Rural,Féminin,Primaire,Contractuel,SVT,22,4530,18,1,0
ENS202556,2021-2022,Rabat-Salé-Kénitra,RAB,Salé,Rural,Masculin,Primaire,Professeur certifié,Physique-Chimie,23,8029,20,1,0
ENS202557,2016-2017,Rabat-Salé-Kénitra,RAB,Khémisset,Rural,Féminin,Primaire,Instituteur,Mathématiques,25,4397,29,0,22
ENS202558,2017-2018,Tanger-Tétouan-Al Hoceïma,TAN,Al Hoceïma,Urbain,Féminin,Primaire,Professeur certifié,Français,33,6682,29,0,0
ENS202559,2015-2016,Casablanca-Settat,CAS,Casablanca,Rural,Féminin,Collégial,Maître d'enseignement,Histoire-Géo,6,5523,30,0,0
ENS202560,2016-2017,Drâa-Tafilalet,DRA,Zagora,Urbain,Masculin,Qualifiant,Contractuel,Arabe,26,4446,26,1,0
ENS202561,2019-2020,Fès-Meknès,FES,Ifrane,Urbain,Masculin,Qualifiant,Professeur certifié,Éducation physique,8,6452,19,0,0
ENS202562,2016-2017,Oriental,ORI,Nador,Urbain,Féminin,Préscolaire,Professeur agrégé,Arabe,13,7645,26,0,3
ENS202563,2022-2023,Casablanca-Settat,CAS,Berrechid,Rural,Féminin,Qualifiant,Instituteur,Sciences,29,5005,26,0,0
ENS202564,2020-2021,Rabat-Salé-Kénitra,RAB,Rabat,Urbain,Féminin,Collégial,Instituteur,Sciences,6,4134,25,0,4
ENS202565,2018-2019,Casablanca-Settat,CAS,Mohammadia,Urbain,Masculin,Primaire,Maître d'enseignement,Arabe,14,5013,26,1,0
ENS202566,2015-2016,Fès-Meknès,FES,El Hajeb,Urbain,Féminin,Collégial,Professeur certifié,Philosophie,9,7136,27,1,0
ENS202567,2017-2018,Casablanca-Settat,CAS,Benslimane,Urbain,Masculin,Qualifiant,Instituteur,Arabe,10,5471,28,1,15
ENS202568,2017-2018,Oriental,ORI,Taourirt,Rural,Féminin,Primaire,Contractuel,Histoire-Géo,23,3542,28,0,14
ENS202569,2016-2017,Casablanca-Settat,CAS,Casablanca,Urbain,Féminin,Qualifiant,Contractuel,Français,22,4081,19,0,9
ENS202570,2019-2020,Souss-Massa,SOU,Inezgane-Ait Melloul,Urbain,Féminin,Primaire,Contractuel,Éducation islamique,14,3450,20,0,12
ENS202571,2017-2018,Béni Mellal-Khénifra,BMK,El Kelaa des Sraghna,Urbain,Masculin,Préscolaire,Contractuel,Français,9,3677,23,1,0
ENS202572,2016-2017,Béni Mellal-Khénifra,BMK,Fquih Ben Salah,Rural,Féminin,Primaire,Instituteur,Éducation physique,4,4533,29,1,22
ENS202573,2022-2023,Marrakech-Safi,MAR,El Kelaa des Sraghna,Urbain,Masculin,Primaire,Professeur certifié,Mathématiques,34,6974,18,0,0
ENS202574,2015-2016,Fès-Meknès,FES,Taza,Rural,Masculin,Qualifiant,Vacataire,Arabe,9,3143,30,1,3
ENS202575,2016-2017,Tanger-Tétouan-Al Hoceïma,TAN,Fahs-Anjra,Urbain,Masculin,Collégial,Professeur certifié,Éducation islamique,27,6484,21,0,0
ENS202576,2017-2018,Rabat-Salé-Kénitra,RAB,Skhirate-Témara,Rural,Masculin,Primaire,Instituteur,Mathématiques,24,4708,18,0,2
ENS202577,2020-2021,Tanger-Tétouan-Al Hoceïma,TAN,Fahs-Anjra,Rural,Féminin,Collégial,Contractuel,Histoire-Géo,7,3610,28,1,0
ENS202578,2021-2022,Fès-Meknès,FES,Moulay Yacoub,Urbain,Masculin,Qualifiant,Professeur agrégé,Anglais,27,8162,19,1,9
ENS202579,2015-2016,Rabat-Salé-Kénitra,RAB,Sidi Slimane,Rural,Masculin,Primaire,Professeur agrégé,Physique-Chimie,20,7991,21,1,20
ENS202580,2017-2018,Drâa-Tafilalet,DRA,Ouarzazate,Rural,Masculin,Primaire,Instituteur,Anglais,15,5705,31,0,17
ENS202581,2015-2016,Drâa-Tafilalet,DRA,Midelt,Urbain,Masculin,Primaire,Instituteur,Anglais,26,4297,24,0,0
ENS202582,2023-2024,Casablanca-Settat,CAS,El Jadida,Rural,Masculin,Primaire,Professeur certifié,Arabe,24,6731,23,0,1
ENS202583,2022-2023,Oriental,ORI,Jerada,Rural,Masculin,Primaire,Contractuel,Français,33,5023,31,0,0
ENS202584,2018-2019,Tanger-Tétouan-Al Hoceïma,TAN,Al Hoceïma,Urbain,Féminin,Primaire,Maître d'enseignement,Mathématiques,9,5961,27,0,0
ENS202585,2018-2019,Marrakech-Safi,MAR,Marrakech,Rural,Féminin,Primaire,Instituteur,Français,2,4984,22,1,21
ENS202586,2019-2020,Oriental,ORI,Guercif,Rural,Féminin,Collégial,Professeur certifié,SVT,6,6194,29,0,0
ENS202587,2017-2018,Fès-Meknès,FES,Taza,Urbain,Masculin,Primaire,Instituteur,Éducation physique,32,5088,22,0,14
ENS202588,2021-2022,Drâa-Tafilalet,DRA,Errachidia,Urbain,Féminin,Primaire,Instituteur,Éducation islamique,16,3531,24,0,15
ENS202589,2022-2023,Drâa-Tafilalet,DRA,Zagora,Rural,Masculin,Collégial,Instituteur,Philosophie,30,5252,24,0,18
ENS202590,2016-2017,Rabat-Salé-Kénitra,RAB,Sidi Slimane,Urbain,Féminin,Primaire,Maître d'enseignement,Français,7,6322,29,1,0
ENS202591,2021-2022,Tanger-Tétouan-Al Hoceïma,TAN,Larache,Rural,Masculin,Primaire,Instituteur,SVT,20,5488,23,1,22
ENS202592,2020-2021,Rabat-Salé-Kénitra,RAB,Sidi Kacem,Urbain,Féminin,Qualifiant,Professeur certifié,Mathématiques,33,6550,30,0,12
ENS202593,2015-2016,Marrakech-Safi,MAR,Al Haouz,Rural,Féminin,Primaire,Contractuel,Français,10,4586,23,0,11
ENS202594,2019-2020,Casablanca-Settat,CAS,Casablanca,Urbain,Féminin,Collégial,Professeur certifié,Sciences,12,5701,31,1,6
ENS202595,2017-2018,Drâa-Tafilalet,DRA,Tinghir,Rural,Masculin,Primaire,Professeur certifié,Mathématiques,18,6687,19,0,0
ENS202596,2023-2024,Casablanca-Settat,CAS,Khouribga,Urbain,Féminin,Primaire,Vacataire,Éducation islamique,8,4217,26,0,1
ENS202597,2023-2024,Souss-Massa,SOU,Agadir-Ida-Ou-Tanane,Rural,Féminin,Qualifiant,Instituteur,Français,24,5190,27,0,19
ENS202598,2018-2019,Béni Mellal-Khénifra,BMK,Khouribga,Rural,Féminin,Préscolaire,Professeur agrégé,Sciences,2,8488,22,1,5
ENS202599,2018-2019,Souss-Massa,SOU,Inezgane-Ait Melloul,Rural,Masculin,Primaire,Professeur certifié,Philosophie,29,7038,31,0,20
ENS202600,2018-2019,Béni Mellal-Khénifra,BMK,Béni Mellal,Rural,Masculin,Qualifiant,Instituteur,Anglais,31,4799,25,1,17
ENS202601,2019-2020,Drâa-Tafilalet,DRA,Ouarzazate,Urbain,Masculin,Primaire,Professeur agrégé,Histoire-Géo,25,6407,30,0,1
ENS202602,2015-2016,Souss-Massa,SOU,Tata,Urbain,Féminin,Qualifiant,Maître d'enseignement,Éducation islamique,4,5336,31,0,18
ENS202603,2015-2016,Oriental,ORI,Oujda-Angad,Rural,Masculin,Qualifiant,Professeur certifié,Anglais,12,5319,30,0,4
ENS202604,2022-2023,Béni Mellal-Khénifra,BMK,Béni Mellal,Rural,Masculin,Préscolaire,Instituteur,Arabe,19,4484,19,1,0
ENS202605,2019-2020,Béni Mellal-Khénifra,BMK,Fquih Ben Salah,Rural,Féminin,Primaire,Instituteur,Éducation islamique,30,5283,24,0,22
ENS202606,2018-2019,Tanger-Tétouan-Al Hoceïma,TAN,Fahs-Anjra,Rural,Féminin,Qualifiant,Maître d'enseignement,Français,19,5922,23,0,9
ENS202607,2021-2022,Rabat-Salé-Kénitra,RAB,Sidi Slimane,Rural,Masculin,Collégial,Instituteur,Éducation islamique,7,5509,23,0,15
ENS202608,2018-2019,Rabat-Salé-Kénitra,RAB,Khémisset,Rural,Masculin,Primaire,Instituteur,Sciences,31,5463,24,1,3
ENS202609,2023-2024,Tanger-Tétouan-Al Hoceïma,TAN,Al Hoceïma,Urbain,Masculin,Qualifiant,Instituteur,Mathématiques,12,5516,19,0,18
ENS202610,2016-2017,Rabat-Salé-Kénitra,RAB,Rabat,Urbain,Féminin,Collégial,Professeur agrégé,Anglais,15,7168,24,1,4
ENS202611,2021-2022,Casablanca-Settat,CAS,Mohammadia,Urbain,Masculin,Primaire,Professeur certifié,Anglais,6,7270,29,1,0
ENS202612,2017-2018,Casablanca-Settat,CAS,El Jadida,Rural,Masculin,Qualifiant,Instituteur,Mathématiques,11,4980,26,1,23
ENS202613,2017-2018,Fès-Meknès,FES,Ifrane,Urbain,Féminin,Collégial,Professeur certifié,Éducation physique,20,7116,29,0,23
ENS202614,2017-2018,Fès-Meknès,FES,Meknès,Urbain,Masculin,Primaire,Contractuel,Physique-Chimie,30,3685,19,0,24
ENS202615,2021-2022,Casablanca-Settat,CAS,El Jadida,Rural,Féminin,Collégial,Professeur certifié,Arabe,2,6415,18,0,0
ENS202616,2019-2020,Béni Mellal-Khénifra,BMK,Béni Mellal,Rural,Féminin,Qualifiant,Maître d'enseignement,Anglais,1,4395,21,1,23
ENS202617,2020-2021,Fès-Meknès,FES,El Hajeb,Urbain,Féminin,Primaire,Professeur certifié,Français,4,7086,24,0,21
ENS202618,2015-2016,Marrakech-Safi,MAR,Essaouira,Urbain,Féminin,Collégial,Professeur certifié,Éducation islamique,14,6982,19,0,4
ENS202619,2019-2020,Casablanca-Settat,CAS,Berrechid,Urbain,Masculin,Primaire,Instituteur,Physique-Chimie,1,5316,26,1,22
ENS202620,2017-2018,Tanger-Tétouan-Al Hoceïma,TAN,Tétouan,Urbain,Féminin,Primaire,Professeur certifié,Éducation physique,22,6418,25,1,9
ENS202621,2017-2018,Souss-Massa,SOU,Tata,Urbain,Féminin,Collégial,Professeur certifié,Philosophie,9,6738,30,1,11
ENS202622,2015-2016,Casablanca-Settat,CAS,Khouribga,Rural,Féminin,Qualifiant,Contractuel,Éducation islamique,1,5080,27,0,7
ENS202623,2017-2018,Marrakech-Safi,MAR,Al Haouz,Rural,Masculin,Primaire,Professeur certifié,Arabe,5,6182,23,0,18
ENS202624,2016-2017,Casablanca-Settat,CAS,El Jadida,Urbain,Féminin,Primaire,Professeur agrégé,SVT,2,10036,26,1,5
ENS202625,2019-2020,Souss-Massa,SOU,Taroudannt,Urbain,Masculin,Primaire,Professeur certifié,Français,4,6664,26,1,16
ENS202626,2021-2022,Béni Mellal-Khénifra,BMK,El Kelaa des Sraghna,Urbain,Féminin,Primaire,Instituteur,Français,16,3827,29,0,4
ENS202627,2017-2018,Tanger-Tétouan-Al Hoceïma,TAN,Mdiq-Fnideq,Rural,Masculin,Préscolaire,Professeur agrégé,Éducation islamique,31,8004,27,1,5
ENS202628,2015-2016,Béni Mellal-Khénifra,BMK,El Kelaa des Sraghna,Urbain,Masculin,Primaire,Instituteur,Sciences,24,4583,31,0,14
ENS202629,2019-2020,Tanger-Tétouan-Al Hoceïma,TAN,Ouazzane,Rural,Masculin,Primaire,Maître d'enseignement,Français,22,5450,28,0,0
ENS202630,2020-2021,Béni Mellal-Khénifra,BMK,Azilal,Urbain,Féminin,Qualifiant,Professeur certifié,Sciences,16,5932,18,0,16
ENS202631,2019-2020,Marrakech-Safi,MAR,El Kelaa des Sraghna,Urbain,Masculin,Qualifiant,Vacataire,SVT,30,2475,25,0,0
ENS202632,2018-2019,Oriental,ORI,Oujda-Angad,Urbain,Masculin,Primaire,Contractuel,SVT,6,5000,23,0,0
ENS202633,2021-2022,Béni Mellal-Khénifra,BMK,Béni Mellal,Rural,Féminin,Collégial,Contractuel,Éducation islamique,19,3781,19,1,0
ENS202634,2022-2023,Souss-Massa,SOU,Tiznit,Urbain,Féminin,Collégial,Instituteur,Éducation physique,24,4434,26,0,22
ENS202635,2017-2018,Casablanca-Settat,CAS,Mohammadia,Rural,Féminin,Qualifiant,Professeur certifié,Arabe,20,7201,20,0,20
ENS202636,2018-2019,Rabat-Salé-Kénitra,RAB,Sidi Kacem,Urbain,Masculin,Qualifiant,Contractuel,Anglais,14,4174,24,1,4
ENS202637,2022-2023,Rabat-Salé-Kénitra,RAB,Kénitra,Urbain,Féminin,Primaire,Professeur certifié,Anglais,17,6067,22,1,21
ENS202638,2018-2019,Rabat-Salé-Kénitra,RAB,Kénitra,Rural,Masculin,Primaire,Professeur agrégé,Anglais,31,7452,31,1,0
ENS202639,2022-2023,Tanger-Tétouan-Al Hoceïma,TAN,Tanger-Assilah,Urbain,Féminin,Primaire,Professeur certifié,Mathématiques,33,6560,22,0,12
ENS202640,2021-2022,Marrakech-Safi,MAR,Chichaoua,Rural,Féminin,Primaire,Professeur certifié,Anglais,11,6676,26,0,1
ENS202641,2021-2022,Fès-Meknès,FES,Séfrou,Rural,Féminin,Qualifiant,Maître d'enseignement,Philosophie,15,5855,29,0,0
ENS202642,2021-2022,Tanger-Tétouan-Al Hoceïma,TAN,Larache,Urbain,Féminin,Collégial,Professeur certifié,Anglais,15,5360,25,0,7
ENS202643,2019-2020,Fès-Meknès,FES,Ifrane,Rural,Masculin,Primaire,Professeur certifié,Sciences,31,6422,18,0,0
ENS202644,2018-2019,Tanger-Tétouan-Al Hoceïma,TAN,Tanger-Assilah,Urbain,Féminin,Collégial,Vacataire,Arabe,27,3242,18,1,16
ENS202645,2017-2018,Casablanca-Settat,CAS,Casablanca,Urbain,Masculin,Collégial,Instituteur,Français,4,4535,22,0,11
ENS202646,2015-2016,Rabat-Salé-Kénitra,RAB,Khémisset,Rural,Masculin,Qualifiant,Maître d'enseignement,Histoire-Géo,9,6062,26,1,0
ENS202647,2021-2022,Casablanca-Settat,CAS,Benslimane,Rural,Féminin,Collégial,Instituteur,Physique-Chimie,32,5938,25,1,23
ENS202648,2021-2022,Oriental,ORI,Nador,Urbain,Féminin,Préscolaire,Contractuel,Anglais,27,3488,18,0,2
ENS202649,2017-2018,Fès-Meknès,FES,Taounate,Urbain,Masculin,Collégial,Instituteur,Mathématiques,2,4650,20,1,14
ENS202650,2021-2022,Casablanca-Settat,CAS,Sidi Bennour,Urbain,Masculin,Collégial,Professeur certifié,Français,32,5216,21,0,3
ENS202651,2018-2019,Drâa-Tafilalet,DRA,Midelt,Rural,Féminin,Collégial,Vacataire,Mathématiques,14,2245,23,1,0
ENS202652,2017-2018,Béni Mellal-Khénifra,BMK,El Kelaa des Sraghna,Urbain,Masculin,Collégial,Contractuel,Physique-Chimie,23,1913,25,0,0
ENS202653,2017-2018,Souss-Massa,SOU,Taroudannt,Rural,Masculin,Primaire,Maître d'enseignement,Sciences,31,5759,26,0,19
ENS202654,2018-2019,Souss-Massa,SOU,Inezgane-Ait Melloul,Urbain,Féminin,Primaire,Professeur certifié,Histoire-Géo,33,6869,26,1,19
ENS202655,2018-2019,Tanger-Tétouan-Al Hoceïma,TAN,Chefchaouen,Urbain,Féminin,Collégial,Professeur certifié,Anglais,16,6110,30,0,18
ENS202656,2019-2020,Fès-Meknès,FES,Taounate,Urbain,Masculin,Collégial,Contractuel,Français,16,4677,30,0,1
ENS202657,2015-2016,Oriental,ORI,Figuig,Rural,Féminin,Primaire,Instituteur,SVT,30,4852,20,0,0
ENS202658,2022-2023,Tanger-Tétouan-Al Hoceïma,TAN,Mdiq-Fnideq,Urbain,Féminin,Primaire,Professeur agrégé,Français,22,7980,28,0,0
ENS202659,2015-2016,Casablanca-Settat,CAS,Benslimane,Rural,Masculin,Qualifiant,Professeur certifié,Éducation physique,5,5423,27,0,23
ENS202660,2015-2016,Drâa-Tafilalet,DRA,Zagora,Urbain,Féminin,Primaire,Maître d'enseignement,Sciences,32,6322,20,0,23
ENS202661,2020-2021,Marrakech-Safi,MAR,Youssoufia,Rural,Masculin,Collégial,Instituteur,Mathématiques,3,4919,21,0,15
ENS202662,2022-2023,Casablanca-Settat,CAS,Benslimane,Rural,Féminin,Qualifiant,Vacataire,Anglais,20,2720,18,0,12
ENS202663,2023-2024,Marrakech-Safi,MAR,Essaouira,Rural,Féminin,Primaire,Instituteur,Éducation physique,33,4571,29,0,15
ENS202664,2021-2022,Béni Mellal-Khénifra,BMK,Fquih Ben Salah,Urbain,Masculin,Primaire,Professeur certifié,Mathématiques,29,5632,28,1,6
ENS202665,2023-2024,Marrakech-Safi,MAR,Youssoufia,Urbain,Masculin,Qualifiant,Instituteur,Arabe,34,4719,21,1,0
ENS202666,2017-2018,Fès-Meknès,FES,Meknès,Urbain,Masculin,Qualifiant,Instituteur,Arabe,7,4439,21,1,0
ENS202667,2023-2024,Fès-Meknès,FES,Taza,Rural,Masculin,Qualifiant,Instituteur,Arabe,17,5777,20,0,0
ENS202668,2023-2024,Marrakech-Safi,MAR,Essaouira,Urbain,Masculin,Primaire,Instituteur,Éducation physique,2,4952,30,0,11
ENS202669,2018-2019,Tanger-Tétouan-Al Hoceïma,TAN,Al Hoceïma,Urbain,Féminin,Qualifiant,Professeur certifié,Physique-Chimie,7,6639,31,1,0
ENS202670,2022-2023,Casablanca-Settat,CAS,Settat,Urbain,Masculin,Primaire,Maître d'enseignement,Philosophie,17,5879,24,1,0
ENS202671,2023-2024,Béni Mellal-Khénifra,BMK,Fquih Ben Salah,Urbain,Masculin,Primaire,Instituteur,Anglais,24,4109,24,0,9
ENS202672,2022-2023,Souss-Massa,SOU,Tata,Rural,Féminin,Qualifiant,Maître d'enseignement,Sciences,8,7031,20,0,1
ENS202673,2023-2024,Tanger-Tétouan-Al Hoceïma,TAN,Al Hoceïma,Urbain,Masculin,Primaire,Contractuel,Éducation islamique,19,4439,18,0,11
ENS202674,2019-2020,Casablanca-Settat,CAS,Mohammadia,Urbain,Masculin,Collégial,Professeur certifié,Anglais,10,6295,30,0,8
ENS202675,2017-2018,Guelmim-Oued Noun,GUE,Assa-Zag,Urbain,Féminin,Primaire,Professeur agrégé,Sciences,6,8580,18,1,0
ENS202676,2021-2022,Oriental,ORI,Guercif,Rural,Masculin,Qualifiant,Professeur agrégé,Anglais,29,8531,29,1,22
ENS202677,2018-2019,Drâa-Tafilalet,DRA,Ouarzazate,Rural,Masculin,Collégial,Instituteur,Éducation physique,18,4687,19,0,11
ENS202678,2018-2019,Souss-Massa,SOU,Inezgane-Ait Melloul,Rural,Masculin,Primaire,Professeur certifié,Philosophie,16,6407,19,0,5
ENS202679,2019-2020,Casablanca-Settat,CAS,Mohammadia,Rural,Féminin,Collégial,Professeur certifié,Éducation physique,34,6421,28,0,0
ENS202680,2017-2018,Marrakech-Safi,MAR,Safi,Rural,Féminin,Qualifiant,Professeur certifié,Éducation physique,21,7684,23,1,9
ENS202681,2022-2023,Tanger-Tétouan-Al Hoceïma,TAN,Al Hoceïma,Rural,Masculin,Qualifiant,Contractuel,Français,9,4255,22,1,0
ENS202682,2020-2021,Tanger-Tétouan-Al Hoceïma,TAN,Tanger-Assilah,Rural,Féminin,Primaire,Professeur certifié,Éducation islamique,8,5634,30,0,3
ENS202683,2017-2018,Souss-Massa,SOU,Chtouka-Ait Baha,Urbain,Féminin,Primaire,Maître d'enseignement,Éducation islamique,21,5285,24,0,16
ENS202684,2023-2024,Casablanca-Settat,CAS,Mohammadia,Rural,Féminin,Collégial,Professeur certifié,Éducation islamique,22,6417,29,0,3
ENS202685,2016-2017,Rabat-Salé-Kénitra,RAB,Rabat,Urbain,Masculin,Préscolaire,Professeur certifié,Philosophie,8,7105,19,1,7
ENS202686,2019-2020,Fès-Meknès,FES,Séfrou,Urbain,Masculin,Primaire,Instituteur,Anglais,34,4097,20,0,14
ENS202687,2022-2023,Souss-Massa,SOU,Inezgane-Ait Melloul,Urbain,Masculin,Primaire,Instituteur,Français,21,5241,28,0,0
ENS202688,2015-2016,Casablanca-Settat,CAS,Berrechid,Rural,Masculin,Primaire,Professeur certifié,Philosophie,32,7029,19,1,0
ENS202689,2021-2022,Oriental,ORI,Taourirt,Urbain,Féminin,Primaire,Professeur certifié,SVT,8,7829,28,0,8
ENS202690,2016-2017,Rabat-Salé-Kénitra,RAB,Khémisset,Rural,Féminin,Qualifiant,Contractuel,Éducation islamique,31,3837,21,0,6
ENS202691,2020-2021,Souss-Massa,SOU,Agadir-Ida-Ou-Tanane,Rural,Féminin,Primaire,Contractuel,Philosophie,34,5127,28,0,0
ENS202692,2016-2017,Casablanca-Settat,CAS,Berrechid,Rural,Masculin,Primaire,Maître d'enseignement,SVT,26,5493,28,0,23
ENS202693,2019-2020,Casablanca-Settat,CAS,Sidi Bennour,Urbain,Féminin,Collégial,Instituteur,Éducation islamique,2,4859,29,0,11
ENS202694,2023-2024,Souss-Massa,SOU,Tiznit,Urbain,Féminin,Collégial,Professeur agrégé,Philosophie,5,8470,25,0,0
ENS202695,2016-2017,Tanger-Tétouan-Al Hoceïma,TAN,Tétouan,Rural,Féminin,Qualifiant,Instituteur,Anglais,8,5651,18,1,22
ENS202696,2016-2017,Béni Mellal-Khénifra,BMK,Béni Mellal,Rural,Masculin,Primaire,Professeur certifié,Sciences,8,7777,22,0,21
ENS202697,2019-2020,Drâa-Tafilalet,DRA,Midelt,Rural,Masculin,Collégial,Instituteur,Français,24,5280,27,0,0
ENS202698,2022-2023,Fès-Meknès,FES,Moulay Yacoub,Urbain,Masculin,Primaire,Maître d'enseignement,Anglais,18,4271,22,1,5
ENS202699,2020-2021,Casablanca-Settat,CAS,El Jadida,Rural,Féminin,Primaire,Instituteur,Anglais,9,4094,28,1,0
ENS202700,2020-2021,Casablanca-Settat,CAS,Benslimane,Rural,Féminin,Qualifiant,Professeur agrégé,SVT,22,8800,24,1,8
ENS202701,2021-2022,Marrakech-Safi,MAR,Al Haouz,Urbain,Féminin,Primaire,Professeur certifié,Éducation islamique,17,6531,25,1,0
ENS202702,2020-2021,Marrakech-Safi,MAR,Al Haouz,Rural,Féminin,Primaire,Professeur certifié,Éducation physique,8,6128,26,0,24
ENS202703,2022-2023,Rabat-Salé-Kénitra,RAB,Sidi Kacem,Rural,Masculin,Collégial,Maître d'enseignement,Éducation islamique,18,5147,28,0,0
ENS202704,2019-2020,Fès-Meknès,FES,Séfrou,Urbain,Masculin,Primaire,Instituteur,Arabe,9,4175,23,0,0
ENS202705,2018-2019,Béni Mellal-Khénifra,BMK,El Kelaa des Sraghna,Rural,Féminin,Primaire,Maître d'enseignement,Éducation physique,21,5936,20,0,6
ENS202706,2023-2024,Casablanca-Settat,CAS,Mohammadia,Rural,Féminin,Primaire,Professeur certifié,Éducation islamique,27,6612,25,0,0
ENS202707,2020-2021,Marrakech-Safi,MAR,Essaouira,Urbain,Féminin,Collégial,Contractuel,Éducation islamique,30,5273,27,1,0
ENS202708,2017-2018,Drâa-Tafilalet,DRA,Ouarzazate,Rural,Féminin,Qualifiant,Instituteur,Anglais,33,4683,26,1,23
ENS202709,2015-2016,Casablanca-Settat,CAS,Settat,Urbain,Masculin,Primaire,Instituteur,Éducation islamique,32,3783,27,0,0
ENS202710,2018-2019,Marrakech-Safi,MAR,Marrakech,Urbain,Masculin,Primaire,Contractuel,Éducation islamique,20,5082,22,1,11
ENS202711,2021-2022,Casablanca-Settat,CAS,Casablanca,Urbain,Féminin,Primaire,Instituteur,Arabe,9,4583,26,0,13
ENS202712,2018-2019,Fès-Meknès,FES,Fès,Urbain,Masculin,Primaire,Professeur certifié,Mathématiques,8,6270,28,0,3
ENS202713,2018-2019,Fès-Meknès,FES,Boulemane,Rural,Masculin,Qualifiant,Professeur agrégé,Histoire-Géo,26,7935,29,0,0
ENS202714,2022-2023,Casablanca-Settat,CAS,Benslimane,Rural,Masculin,Qualifiant,Contractuel,Mathématiques,21,3952,26,0,20
ENS202715,2020-2021,Casablanca-Settat,CAS,Benslimane,Rural,Féminin,Primaire,Maître d'enseignement,Mathématiques,1,5480,24,0,21
ENS202716,2015-2016,Fès-Meknès,FES,Taza,Urbain,Féminin,Préscolaire,Vacataire,SVT,17,2633,30,1,0
ENS202717,2017-2018,Drâa-Tafilalet,DRA,Errachidia,Rural,Féminin,Qualifiant,Professeur certifié,Français,18,4654,27,0,23
ENS202718,2021-2022,Oriental,ORI,Nador,Urbain,Féminin,Préscolaire,Maître d'enseignement,Anglais,23,6000,23,1,4
ENS202719,2019-2020,Béni Mellal-Khénifra,BMK,Béni Mellal,Urbain,Masculin,Collégial,Maître d'enseignement,Physique-Chimie,5,5691,22,1,6
ENS202720,2020-2021,Casablanca-Settat,CAS,Casablanca,Rural,Féminin,Primaire,Instituteur,Arabe,22,5504,25,1,0
ENS202721,2022-2023,Souss-Massa,SOU,Agadir-Ida-Ou-Tanane,Rural,Masculin,Collégial,Professeur certifié,Histoire-Géo,19,5764,19,0,0
ENS202722,2018-2019,Marrakech-Safi,MAR,El Kelaa des Sraghna,Urbain,Féminin,Primaire,Instituteur,Anglais,30,4009,22,1,0
ENS202723,2022-2023,Béni Mellal-Khénifra,BMK,Khouribga,Urbain,Féminin,Collégial,Instituteur,Anglais,22,5254,19,0,9
ENS202724,2021-2022,Casablanca-Settat,CAS,El Jadida,Rural,Féminin,Qualifiant,Contractuel,Histoire-Géo,4,4609,22,1,5
ENS202725,2022-2023,Marrakech-Safi,MAR,Al Haouz,Urbain,Féminin,Primaire,Contractuel,Mathématiques,5,5192,25,0,0
ENS202726,2017-2018,Souss-Massa,SOU,Chtouka-Ait Baha,Urbain,Masculin,Primaire,Instituteur,SVT,31,4900,18,0,0
ENS202727,2019-2020,Tanger-Tétouan-Al Hoceïma,TAN,Fahs-Anjra,Urbain,Féminin,Primaire,Instituteur,Français,3,5489,25,0,0
ENS202728,2022-2023,Rabat-Salé-Kénitra,RAB,Sidi Kacem,Urbain,Féminin,Collégial,Contractuel,Histoire-Géo,6,4734,31,1,3
ENS202729,2021-2022,Casablanca-Settat,CAS,Benslimane,Rural,Féminin,Préscolaire,Maître d'enseignement,Sciences,21,5312,20,0,23
ENS202730,2016-2017,Fès-Meknès,FES,Boulemane,Rural,Féminin,Primaire,Instituteur,Mathématiques,25,6104,26,0,20
ENS202731,2022-2023,Fès-Meknès,FES,Meknès,Rural,Masculin,Primaire,Professeur certifié,Sciences,4,5574,25,0,23
ENS202732,2023-2024,Guelmim-Oued Noun,GUE,Guelmim,Urbain,Masculin,Qualifiant,Instituteur,Anglais,20,3892,22,0,18
ENS202733,2021-2022,Béni Mellal-Khénifra,BMK,Fquih Ben Salah,Rural,Féminin,Qualifiant,Contractuel,SVT,16,4799,31,0,0
ENS202734,2016-2017,Souss-Massa,SOU,Tata,Rural,Masculin,Primaire,Professeur agrégé,Français,2,8375,31,0,7
ENS202735,2018-2019,Rabat-Salé-Kénitra,RAB,Rabat,Urbain,Masculin,Préscolaire,Professeur certifié,Sciences,31,5759,19,1,0
ENS202736,2018-2019,Casablanca-Settat,CAS,Khouribga,Rural,Masculin,Primaire,Professeur certifié,Arabe,28,7125,28,0,0
ENS202737,2016-2017,Souss-Massa,SOU,Inezgane-Ait Melloul,Rural,Masculin,Primaire,Instituteur,Anglais,30,5055,22,0,24
ENS202738,2020-2021,Fès-Meknès,FES,Séfrou,Urbain,Féminin,Qualifiant,Professeur certifié,Philosophie,12,7341,29,1,24
ENS202739,2019-2020,Casablanca-Settat,CAS,Settat,Urbain,Féminin,Collégial,Instituteur,Éducation physique,25,4970,30,0,6
ENS202740,2021-2022,Souss-Massa,SOU,Tiznit,Urbain,Masculin,Primaire,Contractuel,Histoire-Géo,17,3521,25,1,8
ENS202741,2016-2017,Tanger-Tétouan-Al Hoceïma,TAN,Fahs-Anjra,Urbain,Masculin,Collégial,Maître d'enseignement,Arabe,12,6098,29,1,19
ENS202742,2020-2021,Casablanca-Settat,CAS,Casablanca,Urbain,Masculin,Primaire,Contractuel,Français,22,4808,29,0,0
ENS202743,2023-2024,Fès-Meknès,FES,El Hajeb,Rural,Masculin,Primaire,Professeur certifié,Mathématiques,31,5604,29,1,13
ENS202744,2022-2023,Fès-Meknès,FES,Taounate,Rural,Féminin,Collégial,Professeur certifié,Français,8,6355,23,0,23
ENS202745,2019-2020,Rabat-Salé-Kénitra,RAB,Sidi Slimane,Rural,Masculin,Collégial,Maître d'enseignement,Philosophie,24,4657,22,0,9
ENS202746,2015-2016,Oriental,ORI,Nador,Urbain,Féminin,Qualifiant,Contractuel,Français,32,3512,26,1,0
ENS202747,2023-2024,Rabat-Salé-Kénitra,RAB,Skhirate-Témara,Urbain,Féminin,Primaire,Professeur agrégé,Éducation islamique,18,9205,21,0,21
ENS202748,2023-2024,Tanger-Tétouan-Al Hoceïma,TAN,Al Hoceïma,Urbain,Masculin,Primaire,Maître d'enseignement,Philosophie,3,5089,28,0,3
ENS202749,2018-2019,Casablanca-Settat,CAS,Casablanca,Urbain,Masculin,Collégial,Instituteur,Éducation islamique,25,4999,26,1,10
ENS202750,2015-2016,Fès-Meknès,FES,Fès,Urbain,Masculin,Primaire,Professeur certifié,SVT,20,6561,31,0,4
ENS202751,2015-2016,Oriental,ORI,Driouch,Urbain,Masculin,Primaire,Professeur certifié,Mathématiques,9,6284,27,0,0
ENS202752,2017-2018,Souss-Massa,SOU,Taroudannt,Urbain,Masculin,Collégial,Instituteur,SVT,33,5607,25,0,0
ENS202753,2018-2019,Marrakech-Safi,MAR,Al Haouz,Urbain,Féminin,Primaire,Professeur certifié,Histoire-Géo,30,6107,29,0,0
ENS202754,2021-2022,Casablanca-Settat,CAS,Benslimane,Urbain,Féminin,Primaire,Professeur certifié,Mathématiques,30,7184,22,0,1
ENS202755,2017-2018,Fès-Meknès,FES,Ifrane,Urbain,Féminin,Primaire,Professeur certifié,Éducation physique,3,6838,20,0,2
ENS202756,2019-2020,Souss-Massa,SOU,Taroudannt,Urbain,Masculin,Primaire,Professeur certifié,SVT,1,6712,25,1,0
ENS202757,2015-2016,Oriental,ORI,Guercif,Urbain,Féminin,Primaire,Contractuel,Physique-Chimie,24,3541,22,0,0
ENS202758,2015-2016,Casablanca-Settat,CAS,Settat,Rural,Féminin,Primaire,Vacataire,Mathématiques,22,3169,27,1,0
ENS202759,2016-2017,Rabat-Salé-Kénitra,RAB,Khémisset,Rural,Masculin,Préscolaire,Professeur certifié,Mathématiques,25,6282,27,0,24
ENS202760,2020-2021,Souss-Massa,SOU,Inezgane-Ait Melloul,Urbain,Féminin,Primaire,Professeur agrégé,Physique-Chimie,6,8448,25,0,23
ENS202761,2019-2020,Casablanca-Settat,CAS,El Jadida,Urbain,Féminin,Collégial,Instituteur,Philosophie,34,4440,28,1,16
ENS202762,2021-2022,Casablanca-Settat,CAS,Settat,Rural,Féminin,Primaire,Maître d'enseignement,Sciences,14,5986,20,0,3
ENS202763,2018-2019,Marrakech-Safi,MAR,Youssoufia,Urbain,Féminin,Primaire,Vacataire,Français,32,3087,25,1,2
ENS202764,2023-2024,Marrakech-Safi,MAR,Al Haouz,Urbain,Masculin,Collégial,Professeur agrégé,Philosophie,7,8158,23,0,14
ENS202765,2017-2018,Rabat-Salé-Kénitra,RAB,Sidi Kacem,Rural,Féminin,Primaire,Professeur certifié,SVT,7,7376,19,0,3
ENS202766,2023-2024,Béni Mellal-Khénifra,BMK,Azilal,Urbain,Féminin,Primaire,Instituteur,Anglais,28,3407,20,1,19
ENS202767,2015-2016,Marrakech-Safi,MAR,Essaouira,Urbain,Masculin,Collégial,Contractuel,Physique-Chimie,20,4612,30,0,9
ENS202768,2020-2021,Rabat-Salé-Kénitra,RAB,Khémisset,Urbain,Masculin,Primaire,Instituteur,Histoire-Géo,8,4793,21,0,17
ENS202769,2015-2016,Rabat-Salé-Kénitra,RAB,Salé,Urbain,Masculin,Collégial,Professeur agrégé,Arabe,8,8106,21,0,4
ENS202770,2019-2020,Rabat-Salé-Kénitra,RAB,Salé,Rural,Féminin,Primaire,Professeur certifié,Éducation islamique,20,6432,21,1,9
ENS202771,2017-2018,Béni Mellal-Khénifra,BMK,Azilal,Urbain,Masculin,Qualifiant,Instituteur,Éducation islamique,31,3306,22,0,13
ENS202772,2017-2018,Casablanca-Settat,CAS,Benslimane,Rural,Masculin,Primaire,Professeur certifié,Philosophie,9,5903,31,1,24
ENS202773,2020-2021,Rabat-Salé-Kénitra,RAB,Sidi Slimane,Urbain,Féminin,Primaire,Professeur certifié,SVT,18,6471,22,0,9
ENS202774,2022-2023,Drâa-Tafilalet,DRA,Errachidia,Urbain,Masculin,Qualifiant,Professeur certifié,Arabe,10,6726,22,1,5
ENS202775,2023-2024,Casablanca-Settat,CAS,Khouribga,Urbain,Masculin,Qualifiant,Professeur certifié,Éducation physique,5,6900,23,1,5
ENS202776,2020-2021,Tanger-Tétouan-Al Hoceïma,TAN,Tétouan,Urbain,Masculin,Collégial,Instituteur,Sciences,32,3899,21,0,19
ENS202777,2015-2016,Rabat-Salé-Kénitra,RAB,Sidi Slimane,Rural,Masculin,Primaire,Instituteur,Mathématiques,33,5100,26,1,0
ENS202778,2020-2021,Casablanca-Settat,CAS,Benslimane,Rural,Masculin,Collégial,Vacataire,Physique-Chimie,11,1258,18,0,16
ENS202779,2020-2021,Fès-Meknès,FES,Ifrane,Urbain,Féminin,Collégial,Instituteur,Éducation physique,9,5033,27,1,0
ENS202780,2016-2017,Rabat-Salé-Kénitra,RAB,Skhirate-Témara,Urbain,Masculin,Primaire,Vacataire,SVT,13,3390,24,0,0
ENS202781,2018-2019,Marrakech-Safi,MAR,Chichaoua,Rural,Féminin,Collégial,Maître d'enseignement,Histoire-Géo,19,5033,18,1,0
ENS202782,2020-2021,Souss-Massa,SOU,Agadir-Ida-Ou-Tanane,Rural,Féminin,Primaire,Contractuel,SVT,27,4841,23,0,0
ENS202783,2015-2016,Fès-Meknès,FES,Boulemane,Rural,Féminin,Qualifiant,Contractuel,SVT,16,5493,26,0,22
ENS202784,2017-2018,Béni Mellal-Khénifra,BMK,Azilal,Rural,Féminin,Collégial,Professeur certifié,Éducation islamique,24,6393,25,1,7
ENS202785,2018-2019,Casablanca-Settat,CAS,Berrechid,Urbain,Féminin,Primaire,Professeur certifié,Anglais,33,8421,20,1,0
ENS202786,2023-2024,Marrakech-Safi,MAR,Youssoufia,Rural,Féminin,Qualifiant,Vacataire,Philosophie,12,3487,24,0,0
ENS202787,2021-2022,Béni Mellal-Khénifra,BMK,Béni Mellal,Rural,Féminin,Primaire,Instituteur,Physique-Chimie,13,5476,29,1,4
ENS202788,2019-2020,Tanger-Tétouan-Al Hoceïma,TAN,Tanger-Assilah,Urbain,Masculin,Qualifiant,Professeur agrégé,Sciences,32,10227,24,1,0
ENS202789,2023-2024,Souss-Massa,SOU,Agadir-Ida-Ou-Tanane,Rural,Masculin,Collégial,Instituteur,Éducation physique,7,3762,18,0,15
ENS202790,2015-2016,Fès-Meknès,FES,Boulemane,Urbain,Masculin,Primaire,Professeur certifié,Histoire-Géo,32,6563,19,0,0
ENS202791,2015-2016,Drâa-Tafilalet,DRA,Ouarzazate,Rural,Féminin,Primaire,Professeur certifié,Éducation islamique,4,6330,31,0,11
ENS202792,2015-2016,Fès-Meknès,FES,Taounate,Urbain,Masculin,Primaire,Professeur certifié,Français,16,7695,22,0,15
ENS202793,2019-2020,Casablanca-Settat,CAS,El Jadida,Urbain,Masculin,Primaire,Professeur certifié,Éducation islamique,25,5168,21,0,18
ENS202794,2019-2020,Tanger-Tétouan-Al Hoceïma,TAN,Fahs-Anjra,Urbain,Masculin,Qualifiant,Instituteur,SVT,25,4498,30,1,10
ENS202795,2019-2020,Guelmim-Oued Noun,GUE,Assa-Zag,Rural,Masculin,Collégial,Contractuel,Physique-Chimie,26,4102,30,1,24
ENS202796,2022-2023,Béni Mellal-Khénifra,BMK,El Kelaa des Sraghna,Urbain,Féminin,Qualifiant,Contractuel,Mathématiques,28,4417,29,0,16
ENS202797,2016-2017,Rabat-Salé-Kénitra,RAB,Salé,Urbain,Féminin,Primaire,Instituteur,SVT,32,4510,22,0,9
ENS202798,2020-2021,Béni Mellal-Khénifra,BMK,Béni Mellal,Rural,Féminin,Collégial,Professeur agrégé,Mathématiques,33,8599,19,0,0
ENS202799,2016-2017,Tanger-Tétouan-Al Hoceïma,TAN,Fahs-Anjra,Urbain,Féminin,Primaire,Professeur certifié,Sciences,31,6628,23,0,0
ENS202800,2018-2019,Casablanca-Settat,CAS,Khouribga,Urbain,Masculin,Préscolaire,Professeur certifié,Sciences,20,7993,31,1,6
ENS202801,2020-2021,Béni Mellal-Khénifra,BMK,Khouribga,Urbain,Masculin,Primaire,Instituteur,Philosophie,16,6371,24,0,13
ENS202802,2018-2019,Casablanca-Settat,CAS,Sidi Bennour,Urbain,Masculin,Primaire,Professeur agrégé,Français,32,8521,21,0,16
ENS202803,2022-2023,Marrakech-Safi,MAR,Essaouira,Urbain,Masculin,Primaire,Professeur certifié,Anglais,12,7299,27,0,2
ENS202804,2018-2019,Casablanca-Settat,CAS,Mohammadia,Urbain,Masculin,Qualifiant,Instituteur,Philosophie,22,5312,25,0,2
ENS202805,2016-2017,Tanger-Tétouan-Al Hoceïma,TAN,Ouazzane,Urbain,Masculin,Collégial,Professeur agrégé,Histoire-Géo,2,9434,27,0,18
ENS202806,2022-2023,Fès-Meknès,FES,El Hajeb,Urbain,Féminin,Qualifiant,Instituteur,Éducation islamique,8,5334,30,1,21
ENS202807,2021-2022,Casablanca-Settat,CAS,Casablanca,Urbain,Masculin,Primaire,Professeur certifié,Arabe,6,7187,24,1,1
ENS202808,2017-2018,Tanger-Tétouan-Al Hoceïma,TAN,Mdiq-Fnideq,Rural,Féminin,Préscolaire,Instituteur,Histoire-Géo,18,3713,29,0,16
ENS202809,2015-2016,Marrakech-Safi,MAR,Chichaoua,Urbain,Masculin,Collégial,Contractuel,Français,21,4728,28,0,18
ENS202810,2015-2016,Fès-Meknès,FES,Moulay Yacoub,Urbain,Masculin,Qualifiant,Professeur agrégé,Anglais,16,8449,26,1,0
ENS202811,2017-2018,Marrakech-Safi,MAR,Chichaoua,Urbain,Masculin,Collégial,Maître d'enseignement,Mathématiques,17,5389,22,0,3
ENS202812,2023-2024,Drâa-Tafilalet,DRA,Errachidia,Urbain,Masculin,Collégial,Professeur agrégé,Éducation physique,32,8179,23,1,11
ENS202813,2019-2020,Rabat-Salé-Kénitra,RAB,Sidi Slimane,Rural,Masculin,Qualifiant,Professeur certifié,Histoire-Géo,33,6710,27,1,24
ENS202814,2017-2018,Tanger-Tétouan-Al Hoceïma,TAN,Tanger-Assilah,Rural,Masculin,Primaire,Professeur certifié,Éducation islamique,31,6964,28,0,11
ENS202815,2018-2019,Oriental,ORI,Guercif,Urbain,Féminin,Collégial,Professeur certifié,Éducation islamique,8,5661,30,0,0
ENS202816,2015-2016,Tanger-Tétouan-Al Hoceïma,TAN,Chefchaouen,Urbain,Masculin,Collégial,Instituteur,Physique-Chimie,7,5762,30,0,0
ENS202817,2021-2022,Casablanca-Settat,CAS,El Jadida,Rural,Masculin,Primaire,Instituteur,Français,13,4213,23,1,24
ENS202818,2022-2023,Fès-Meknès,FES,Fès,Rural,Masculin,Qualifiant,Instituteur,Arabe,30,4850,24,0,5
ENS202819,2019-2020,Fès-Meknès,FES,Taounate,Urbain,Masculin,Collégial,Maître d'enseignement,Physique-Chimie,22,5682,29,0,0
ENS202820,2020-2021,Oriental,ORI,Berkane,Rural,Masculin,Primaire,Instituteur,Éducation islamique,28,4952,26,0,0
ENS202821,2021-2022,Marrakech-Safi,MAR,Youssoufia,Urbain,Masculin,Collégial,Instituteur,Arabe,30,5558,22,1,0
ENS202822,2015-2016,Souss-Massa,SOU,Tata,Rural,Masculin,Primaire,Instituteur,Mathématiques,30,4706,30,1,0
ENS202823,2022-2023,Rabat-Salé-Kénitra,RAB,Khémisset,Rural,Masculin,Primaire,Maître d'enseignement,Physique-Chimie,25,5340,22,0,0
ENS202824,2016-2017,Marrakech-Safi,MAR,El Kelaa des Sraghna,Rural,Masculin,Primaire,Professeur certifié,Anglais,29,7676,25,1,13
ENS202825,2021-2022,Souss-Massa,SOU,Inezgane-Ait Melloul,Rural,Masculin,Qualifiant,Contractuel,Sciences,18,3969,30,0,9
ENS202826,2022-2023,Drâa-Tafilalet,DRA,Errachidia,Rural,Masculin,Primaire,Maître d'enseignement,Physique-Chimie,21,4822,21,1,0
ENS202827,2022-2023,Oriental,ORI,Nador,Rural,Féminin,Qualifiant,Professeur certifié,Arabe,26,6705,20,1,9
ENS202828,2022-2023,Fès-Meknès,FES,Moulay Yacoub,Urbain,Masculin,Primaire,Maître d'enseignement,Physique-Chimie,13,5736,21,0,0
ENS202829,2018-2019,Marrakech-Safi,MAR,Al Haouz,Rural,Féminin,Primaire,Instituteur,Mathématiques,29,4333,18,1,9
ENS202830,2015-2016,Casablanca-Settat,CAS,Sidi Bennour,Urbain,Masculin,Qualifiant,Professeur certifié,Éducation physique,24,6490,25,1,6
ENS202831,2019-2020,Rabat-Salé-Kénitra,RAB,Skhirate-Témara,Urbain,Masculin,Primaire,Professeur certifié,Philosophie,28,7191,22,1,11
ENS202832,2020-2021,Rabat-Salé-Kénitra,RAB,Rabat,Urbain,Masculin,Collégial,Professeur agrégé,Anglais,5,8498,25,0,20
ENS202833,2016-2017,Marrakech-Safi,MAR,Chichaoua,Urbain,Masculin,Primaire,Instituteur,Physique-Chimie,31,3916,25,0,16
ENS202834,2018-2019,Casablanca-Settat,CAS,Mohammadia,Urbain,Masculin,Primaire,Instituteur,Français,18,4432,23,0,17
ENS202835,2015-2016,Rabat-Salé-Kénitra,RAB,Kénitra,Urbain,Masculin,Collégial,Maître d'enseignement,Physique-Chimie,23,5893,21,0,8
ENS202836,2015-2016,Fès-Meknès,FES,Taza,Urbain,Masculin,Qualifiant,Professeur certifié,Français,13,7341,22,1,15
ENS202837,2019-2020,Béni Mellal-Khénifra,BMK,El Kelaa des Sraghna,Urbain,Féminin,Collégial,Professeur certifié,Histoire-Géo,10,5729,31,1,5
ENS202838,2021-2022,Souss-Massa,SOU,Tiznit,Rural,Masculin,Collégial,Vacataire,Philosophie,3,3169,30,0,6
ENS202839,2015-2016,Fès-Meknès,FES,Boulemane,Urbain,Masculin,Primaire,Vacataire,Anglais,21,3426,26,1,18
ENS202840,2017-2018,Marrakech-Safi,MAR,Al Haouz,Rural,Féminin,Primaire,Professeur certifié,Éducation islamique,2,5413,19,0,9
ENS202841,2018-2019,Marrakech-Safi,MAR,Essaouira,Rural,Féminin,Primaire,Maître d'enseignement,Éducation physique,2,5994,29,1,8
ENS202842,2016-2017,Béni Mellal-Khénifra,BMK,Fquih Ben Salah,Urbain,Masculin,Préscolaire,Professeur agrégé,Philosophie,4,7568,28,1,21
ENS202843,2023-2024,Tanger-Tétouan-Al Hoceïma,TAN,Chefchaouen,Urbain,Masculin,Primaire,Contractuel,Éducation physique,5,4053,29,1,1
ENS202844,2022-2023,Souss-Massa,SOU,Tata,Urbain,Masculin,Collégial,Professeur certifié,Français,12,5759,27,1,0
ENS202845,2021-2022,Laâyoune-Sakia El Hamra,LAA,Tarfaya,Rural,Masculin,Primaire,Contractuel,Philosophie,34,5218,29,1,9
ENS202846,2020-2021,Rabat-Salé-Kénitra,RAB,Salé,Urbain,Féminin,Collégial,Vacataire,SVT,12,2973,29,0,0
ENS202847,2020-2021,Marrakech-Safi,MAR,Essaouira,Rural,Féminin,Primaire,Maître d'enseignement,Français,14,5863,19,0,7
ENS202848,2017-2018,Tanger-Tétouan-Al Hoceïma,TAN,Tanger-Assilah,Rural,Masculin,Primaire,Professeur certifié,Anglais,17,6958,24,1,0
ENS202849,2022-2023,Rabat-Salé-Kénitra,RAB,Sidi Slimane,Rural,Féminin,Primaire,Professeur certifié,Philosophie,6,5441,25,0,7
ENS202850,2019-2020,Tanger-Tétouan-Al Hoceïma,TAN,Al Hoceïma,Urbain,Masculin,Préscolaire,Maître d'enseignement,Éducation physique,19,6042,24,0,13
ENS202851,2016-2017,Marrakech-Safi,MAR,Essaouira,Urbain,Féminin,Collégial,Professeur agrégé,Mathématiques,21,8807,27,1,23
ENS202852,2016-2017,Casablanca-Settat,CAS,Benslimane,Rural,Féminin,Préscolaire,Instituteur,Sciences,27,3973,28,1,13
ENS202853,2015-2016,Casablanca-Settat,CAS,Benslimane,Rural,Masculin,Primaire,Professeur certifié,SVT,31,5686,19,0,0
ENS202854,2020-2021,Fès-Meknès,FES,El Hajeb,Urbain,Masculin,Collégial,Maître d'enseignement,Éducation islamique,10,6341,30,1,18
ENS202855,2016-2017,Casablanca-Settat,CAS,Benslimane,Urbain,Masculin,Collégial,Instituteur,Français,22,4510,24,1,4
ENS202856,2016-2017,Béni Mellal-Khénifra,BMK,El Kelaa des Sraghna,Rural,Masculin,Primaire,Contractuel,Philosophie,5,4708,21,1,0
ENS202857,2018-2019,Casablanca-Settat,CAS,Benslimane,Rural,Féminin,Primaire,Instituteur,Éducation islamique,34,4458,26,0,9
ENS202858,2017-2018,Drâa-Tafilalet,DRA,Ouarzazate,Rural,Masculin,Primaire,Maître d'enseignement,Sciences,11,5625,31,1,17
ENS202859,2023-2024,Tanger-Tétouan-Al Hoceïma,TAN,Chefchaouen,Urbain,Féminin,Préscolaire,Instituteur,Sciences,32,5148,23,1,16
ENS202860,2021-2022,Souss-Massa,SOU,Tiznit,Urbain,Féminin,Primaire,Contractuel,Anglais,30,4493,29,1,9
ENS202861,2019-2020,Fès-Meknès,FES,Meknès,Rural,Masculin,Primaire,Contractuel,Anglais,6,3713,26,1,0
ENS202862,2022-2023,Souss-Massa,SOU,Inezgane-Ait Melloul,Urbain,Féminin,Primaire,Instituteur,Arabe,7,4777,30,0,0
ENS202863,2016-2017,Rabat-Salé-Kénitra,RAB,Kénitra,Urbain,Féminin,Collégial,Contractuel,Anglais,13,4061,27,0,0
ENS202864,2016-2017,Drâa-Tafilalet,DRA,Midelt,Urbain,Masculin,Collégial,Professeur agrégé,Physique-Chimie,10,8523,31,1,15
ENS202865,2018-2019,Marrakech-Safi,MAR,Safi,Urbain,Féminin,Primaire,Contractuel,Histoire-Géo,27,3792,31,0,24
ENS202866,2023-2024,Béni Mellal-Khénifra,BMK,Fquih Ben Salah,Rural,Masculin,Collégial,Contractuel,Mathématiques,13,4432,28,1,3
ENS202867,2023-2024,Marrakech-Safi,MAR,Al Haouz,Rural,Féminin,Primaire,Professeur certifié,Éducation islamique,3,5527,28,1,17
ENS202868,2016-2017,Souss-Massa,SOU,Tiznit,Rural,Féminin,Collégial,Professeur agrégé,Éducation islamique,25,8280,27,1,10
ENS202869,2018-2019,Rabat-Salé-Kénitra,RAB,Sidi Kacem,Urbain,Féminin,Qualifiant,Professeur agrégé,Arabe,30,7911,29,1,11
ENS202870,2019-2020,Fès-Meknès,FES,Ifrane,Rural,Masculin,Qualifiant,Professeur agrégé,Éducation islamique,34,7527,21,0,16
ENS202871,2020-2021,Souss-Massa,SOU,Chtouka-Ait Baha,Urbain,Féminin,Collégial,Instituteur,SVT,28,3922,25,1,16
ENS202872,2015-2016,Oriental,ORI,Figuig,Rural,Masculin,Primaire,Maître d'enseignement,Arabe,32,5981,22,0,0
ENS202873,2023-2024,Drâa-Tafilalet,DRA,Ouarzazate,Rural,Féminin,Collégial,Professeur agrégé,Sciences,8,7847,27,0,11
ENS202874,2017-2018,Marrakech-Safi,MAR,Al Haouz,Urbain,Masculin,Qualifiant,Professeur agrégé,Anglais,21,7794,30,0,12
ENS202875,2023-2024,Tanger-Tétouan-Al Hoceïma,TAN,Larache,Rural,Masculin,Primaire,Professeur certifié,SVT,27,6482,20,0,4
ENS202876,2018-2019,Marrakech-Safi,MAR,Essaouira,Rural,Masculin,Primaire,Instituteur,Éducation physique,17,4965,18,0,1
ENS202877,2018-2019,Tanger-Tétouan-Al Hoceïma,TAN,Mdiq-Fnideq,Rural,Masculin,Préscolaire,Instituteur,Physique-Chimie,3,4291,31,0,0
ENS202878,2015-2016,Fès-Meknès,FES,Fès,Urbain,Masculin,Primaire,Instituteur,Physique-Chimie,24,3986,19,1,23
ENS202879,2019-2020,Casablanca-Settat,CAS,Sidi Bennour,Urbain,Féminin,Collégial,Contractuel,Arabe,5,3490,30,0,13
ENS202880,2017-2018,Casablanca-Settat,CAS,Berrechid,Urbain,Féminin,Qualifiant,Contractuel,Sciences,23,4771,22,1,0
ENS202881,2017-2018,Casablanca-Settat,CAS,El Jadida,Urbain,Masculin,Qualifiant,Vacataire,Sciences,21,3374,30,0,0
ENS202882,2015-2016,Casablanca-Settat,CAS,Casablanca,Rural,Féminin,Collégial,Professeur certifié,Mathématiques,23,6288,29,1,4
ENS202883,2021-2022,Casablanca-Settat,CAS,Sidi Bennour,Rural,Féminin,Collégial,Contractuel,Anglais,25,4475,18,1,4
ENS202884,2019-2020,Souss-Massa,SOU,Chtouka-Ait Baha,Rural,Masculin,Primaire,Instituteur,Philosophie,18,4084,21,1,10
ENS202885,2019-2020,Marrakech-Safi,MAR,Essaouira,Rural,Masculin,Collégial,Instituteur,Anglais,25,4261,22,0,19
ENS202886,2015-2016,Oriental,ORI,Driouch,Urbain,Masculin,Primaire,Professeur certifié,Sciences,9,6108,31,0,1
ENS202887,2016-2017,Fès-Meknès,FES,Ifrane,Urbain,Féminin,Qualifiant,Professeur agrégé,Sciences,7,7717,20,0,12
ENS202888,2015-2016,Casablanca-Settat,CAS,Benslimane,Rural,Masculin,Primaire,Professeur certifié,Anglais,31,6474,31,0,0
ENS202889,2015-2016,Tanger-Tétouan-Al Hoceïma,TAN,Mdiq-Fnideq,Urbain,Féminin,Primaire,Instituteur,Éducation physique,14,5382,23,0,19
ENS202890,2022-2023,Casablanca-Settat,CAS,Berrechid,Rural,Masculin,Primaire,Maître d'enseignement,Anglais,22,5572,28,1,0
ENS202891,2021-2022,Casablanca-Settat,CAS,Mohammadia,Rural,Masculin,Primaire,Instituteur,Philosophie,6,3997,25,0,3
ENS202892,2022-2023,Rabat-Salé-Kénitra,RAB,Khémisset,Rural,Masculin,Collégial,Instituteur,Philosophie,24,6027,24,0,9
ENS202893,2023-2024,Tanger-Tétouan-Al Hoceïma,TAN,Ouazzane,Urbain,Masculin,Collégial,Professeur certifié,Philosophie,20,6561,27,1,18
ENS202894,2019-2020,Rabat-Salé-Kénitra,RAB,Sidi Kacem,Rural,Masculin,Primaire,Professeur certifié,Français,28,6735,18,1,3
ENS202895,2019-2020,Fès-Meknès,FES,Taza,Urbain,Féminin,Primaire,Professeur certifié,Histoire-Géo,3,5959,19,0,15
ENS202896,2017-2018,Tanger-Tétouan-Al Hoceïma,TAN,Ouazzane,Rural,Masculin,Primaire,Professeur certifié,Philosophie,6,5722,24,0,18
ENS202897,2015-2016,Casablanca-Settat,CAS,Casablanca,Urbain,Féminin,Collégial,Maître d'enseignement,Physique-Chimie,21,4935,29,1,1
ENS202898,2021-2022,Oriental,ORI,Oujda-Angad,Urbain,Masculin,Primaire,Professeur certifié,Histoire-Géo,2,6861,28,0,15
ENS202899,2018-2019,Béni Mellal-Khénifra,BMK,El Kelaa des Sraghna,Urbain,Féminin,Collégial,Maître d'enseignement,Arabe,18,6076,23,1,0
ENS202900,2017-2018,Rabat-Salé-Kénitra,RAB,Khémisset,Rural,Féminin,Préscolaire,Instituteur,Mathématiques,1,3867,26,0,24
ENS202901,2019-2020,Casablanca-Settat,CAS,Sidi Bennour,Rural,Féminin,Collégial,Instituteur,Anglais,5,4008,24,1,16
ENS202902,2021-2022,Rabat-Salé-Kénitra,RAB,Kénitra,Urbain,Masculin,Primaire,Maître d'enseignement,Histoire-Géo,29,5117,24,1,17
ENS202903,2015-2016,Tanger-Tétouan-Al Hoceïma,TAN,Ouazzane,Rural,Masculin,Collégial,Professeur certifié,Éducation islamique,3,5760,19,0,0
ENS202904,2016-2017,Marrakech-Safi,MAR,El Kelaa des Sraghna,Urbain,Masculin,Primaire,Maître d'enseignement,Arabe,34,6339,18,1,20
ENS202905,2019-2020,Marrakech-Safi,MAR,Al Haouz,Urbain,Masculin,Qualifiant,Instituteur,Physique-Chimie,24,4506,27,0,16
ENS202906,2020-2021,Tanger-Tétouan-Al Hoceïma,TAN,Chefchaouen,Urbain,Masculin,Primaire,Professeur certifié,Mathématiques,19,5686,29,0,0
ENS202907,2021-2022,Souss-Massa,SOU,Tata,Rural,Féminin,Primaire,Maître d'enseignement,Éducation islamique,21,5254,28,1,0
ENS202908,2023-2024,Souss-Massa,SOU,Tiznit,Rural,Féminin,Collégial,Instituteur,Physique-Chimie,26,4758,29,1,0
ENS202909,2023-2024,Souss-Massa,SOU,Tiznit,Urbain,Masculin,Collégial,Professeur certifié,Sciences,29,7163,30,0,7
ENS202910,2017-2018,Rabat-Salé-Kénitra,RAB,Kénitra,Urbain,Féminin,Primaire,Maître d'enseignement,Anglais,11,4510,23,0,11
ENS202911,2019-2020,Fès-Meknès,FES,Taza,Urbain,Masculin,Collégial,Vacataire,Philosophie,34,2642,21,0,18
ENS202912,2023-2024,Casablanca-Settat,CAS,Berrechid,Rural,Féminin,Collégial,Professeur certifié,Français,30,6491,27,0,20
ENS202913,2019-2020,Oriental,ORI,Berkane,Rural,Masculin,Qualifiant,Instituteur,Arabe,20,5517,22,0,0
ENS202914,2022-2023,Béni Mellal-Khénifra,BMK,El Kelaa des Sraghna,Rural,Masculin,Primaire,Maître d'enseignement,Philosophie,31,5976,29,0,1
ENS202915,2018-2019,Casablanca-Settat,CAS,Settat,Urbain,Féminin,Collégial,Professeur certifié,Arabe,11,6452,19,1,6
ENS202916,2018-2019,Drâa-Tafilalet,DRA,Tinghir,Urbain,Féminin,Primaire,Professeur certifié,Éducation physique,23,6375,28,0,18
ENS202917,2022-2023,Tanger-Tétouan-Al Hoceïma,TAN,Larache,Urbain,Féminin,Préscolaire,Contractuel,Philosophie,33,4248,28,1,0
ENS202918,2019-2020,Casablanca-Settat,CAS,Mohammadia,Urbain,Féminin,Primaire,Professeur certifié,Mathématiques,1,6330,20,0,20
ENS202919,2023-2024,Casablanca-Settat,CAS,Benslimane,Urbain,Féminin,Collégial,Instituteur,Sciences,33,3956,30,1,19
ENS202920,2016-2017,Souss-Massa,SOU,Taroudannt,Urbain,Masculin,Collégial,Instituteur,Sciences,29,4315,21,1,21
ENS202921,2023-2024,Oriental,ORI,Taourirt,Urbain,Féminin,Préscolaire,Maître d'enseignement,Philosophie,31,4693,30,1,5
ENS202922,2023-2024,Souss-Massa,SOU,Chtouka-Ait Baha,Urbain,Masculin,Qualifiant,Professeur certifié,Sciences,17,5942,21,1,1
ENS202923,2018-2019,Marrakech-Safi,MAR,Youssoufia,Rural,Masculin,Primaire,Professeur certifié,SVT,25,5678,29,1,22
ENS202924,2021-2022,Casablanca-Settat,CAS,Sidi Bennour,Urbain,Masculin,Collégial,Maître d'enseignement,Éducation physique,27,5011,20,1,4
ENS202925,2016-2017,Oriental,ORI,Figuig,Urbain,Masculin,Qualifiant,Professeur agrégé,Éducation physique,10,7784,20,0,4
ENS202926,2017-2018,Marrakech-Safi,MAR,Safi,Rural,Féminin,Primaire,Professeur agrégé,Anglais,9,9346,19,0,7
ENS202927,2017-2018,Tanger-Tétouan-Al Hoceïma,TAN,Mdiq-Fnideq,Rural,Féminin,Qualifiant,Contractuel,Arabe,30,3778,30,1,0
ENS202928,2021-2022,Fès-Meknès,FES,Taounate,Rural,Masculin,Primaire,Contractuel,Arabe,28,3444,21,1,22
ENS202929,2016-2017,Fès-Meknès,FES,Taounate,Rural,Masculin,Qualifiant,Professeur agrégé,Histoire-Géo,22,9043,20,0,0
ENS202930,2023-2024,Rabat-Salé-Kénitra,RAB,Rabat,Urbain,Masculin,Qualifiant,Instituteur,Mathématiques,11,4971,22,0,5
ENS202931,2021-2022,Fès-Meknès,FES,Taza,Urbain,Masculin,Préscolaire,Professeur certifié,SVT,2,4907,25,1,1
ENS202932,2015-2016,Casablanca-Settat,CAS,Berrechid,Rural,Féminin,Primaire,Vacataire,Histoire-Géo,23,2646,30,0,6
ENS202933,2017-2018,Casablanca-Settat,CAS,Casablanca,Urbain,Masculin,Qualifiant,Contractuel,Anglais,2,4315,31,0,14
ENS202934,2017-2018,Drâa-Tafilalet,DRA,Zagora,Urbain,Féminin,Collégial,Contractuel,Physique-Chimie,16,2525,19,0,19
ENS202935,2017-2018,Rabat-Salé-Kénitra,RAB,Kénitra,Urbain,Féminin,Collégial,Professeur certifié,Mathématiques,33,6416,31,0,3
ENS202936,2022-2023,Casablanca-Settat,CAS,Khouribga,Rural,Féminin,Primaire,Professeur certifié,Mathématiques,2,6629,26,1,24
ENS202937,2023-2024,Laâyoune-Sakia El Hamra,LAA,Laâyoune,Urbain,Masculin,Primaire,Professeur certifié,Sciences,5,5738,18,0,0
ENS202938,2018-2019,Rabat-Salé-Kénitra,RAB,Khémisset,Urbain,Féminin,Collégial,Instituteur,Physique-Chimie,14,3500,28,1,1
ENS202939,2017-2018,Casablanca-Settat,CAS,El Jadida,Rural,Masculin,Collégial,Maître d'enseignement,Sciences,3,6220,31,1,2
ENS202940,2018-2019,Fès-Meknès,FES,Taounate,Rural,Féminin,Primaire,Instituteur,Physique-Chimie,18,4730,28,0,1
ENS202941,2017-2018,Casablanca-Settat,CAS,Benslimane,Rural,Féminin,Qualifiant,Maître d'enseignement,Physique-Chimie,23,4934,21,1,12
ENS202942,2015-2016,Béni Mellal-Khénifra,BMK,Béni Mellal,Rural,Masculin,Collégial,Professeur certifié,Éducation physique,29,7147,18,0,0
ENS202943,2023-2024,Casablanca-Settat,CAS,Khouribga,Urbain,Masculin,Primaire,Professeur certifié,SVT,25,8292,31,0,8
ENS202944,2021-2022,Rabat-Salé-Kénitra,RAB,Salé,Urbain,Masculin,Primaire,Professeur agrégé,Anglais,12,8301,26,0,9
ENS202945,2020-2021,Béni Mellal-Khénifra,BMK,Béni Mellal,Rural,Féminin,Primaire,Instituteur,Éducation physique,4,4563,18,0,3
ENS202946,2016-2017,Béni Mellal-Khénifra,BMK,Béni Mellal,Urbain,Masculin,Collégial,Contractuel,Philosophie,16,4604,31,1,0
ENS202947,2020-2021,Drâa-Tafilalet,DRA,Ouarzazate,Rural,Féminin,Qualifiant,Professeur certifié,Éducation islamique,32,7182,18,0,3
ENS202948,2020-2021,Rabat-Salé-Kénitra,RAB,Skhirate-Témara,Urbain,Masculin,Collégial,Maître d'enseignement,Éducation physique,9,4733,18,0,7
ENS202949,2023-2024,Marrakech-Safi,MAR,Safi,Urbain,Féminin,Qualifiant,Professeur agrégé,Physique-Chimie,32,7732,27,1,9
ENS202950,2017-2018,Rabat-Salé-Kénitra,RAB,Skhirate-Témara,Urbain,Masculin,Primaire,Instituteur,Français,1,4998,31,0,0
ENS202951,2016-2017,Tanger-Tétouan-Al Hoceïma,TAN,Tanger-Assilah,Urbain,Masculin,Collégial,Contractuel,Philosophie,3,3619,19,1,0
ENS202952,2019-2020,Casablanca-Settat,CAS,Benslimane,Rural,Masculin,Préscolaire,Professeur certifié,Philosophie,19,7049,20,1,6
ENS202953,2019-2020,Oriental,ORI,Guercif,Urbain,Féminin,Collégial,Contractuel,Éducation physique,33,4058,20,0,7
ENS202954,2019-2020,Rabat-Salé-Kénitra,RAB,Kénitra,Urbain,Masculin,Qualifiant,Instituteur,Éducation islamique,18,5786,26,0,0
ENS202955,2015-2016,Casablanca-Settat,CAS,Casablanca,Urbain,Masculin,Collégial,Contractuel,Arabe,15,4026,31,0,3
ENS202956,2018-2019,Béni Mellal-Khénifra,BMK,Béni Mellal,Rural,Féminin,Qualifiant,Professeur agrégé,Sciences,19,7610,26,0,0
ENS202957,2017-2018,Marrakech-Safi,MAR,Youssoufia,Urbain,Masculin,Primaire,Professeur certifié,Français,24,6927,26,1,23
ENS202958,2018-2019,Rabat-Salé-Kénitra,RAB,Sidi Kacem,Urbain,Féminin,Préscolaire,Instituteur,Arabe,14,4361,19,1,23
ENS202959,2020-2021,Drâa-Tafilalet,DRA,Ouarzazate,Rural,Masculin,Primaire,Instituteur,Français,26,4864,19,1,0
ENS202960,2017-2018,Rabat-Salé-Kénitra,RAB,Kénitra,Rural,Masculin,Primaire,Professeur certifié,SVT,18,6139,20,0,0
ENS202961,2018-2019,Oriental,ORI,Jerada,Rural,Masculin,Primaire,Contractuel,Physique-Chimie,32,3776,28,0,15
ENS202962,2020-2021,Marrakech-Safi,MAR,El Kelaa des Sraghna,Urbain,Féminin,Collégial,Contractuel,Mathématiques,21,3519,27,0,0
ENS202963,2021-2022,Fès-Meknès,FES,Taounate,Urbain,Féminin,Collégial,Instituteur,Arabe,29,4800,25,0,11
ENS202964,2020-2021,Souss-Massa,SOU,Agadir-Ida-Ou-Tanane,Rural,Masculin,Primaire,Instituteur,Français,23,4647,25,0,0
ENS202965,2018-2019,Oriental,ORI,Taourirt,Urbain,Masculin,Préscolaire,Professeur certifié,Français,16,6620,21,1,0
ENS202966,2019-2020,Tanger-Tétouan-Al Hoceïma,TAN,Tanger-Assilah,Urbain,Masculin,Primaire,Instituteur,Philosophie,23,5021,26,1,16
ENS202967,2022-2023,Casablanca-Settat,CAS,Settat,Urbain,Masculin,Collégial,Contractuel,Éducation islamique,34,3635,27,1,0
ENS202968,2019-2020,Casablanca-Settat,CAS,Casablanca,Urbain,Masculin,Primaire,Contractuel,Mathématiques,29,4248,31,1,10
ENS202969,2022-2023,Béni Mellal-Khénifra,BMK,Fquih Ben Salah,Rural,Féminin,Primaire,Instituteur,Histoire-Géo,26,4847,31,1,0
ENS202970,2017-2018,Drâa-Tafilalet,DRA,Midelt,Rural,Féminin,Qualifiant,Instituteur,SVT,9,4796,25,1,20
ENS202971,2020-2021,Casablanca-Settat,CAS,Berrechid,Urbain,Masculin,Primaire,Contractuel,Philosophie,14,6184,29,1,20
ENS202972,2022-2023,Fès-Meknès,FES,Taounate,Rural,Féminin,Primaire,Vacataire,Français,15,4162,18,1,18
ENS202973,2017-2018,Souss-Massa,SOU,Tiznit,Rural,Masculin,Primaire,Instituteur,Arabe,14,5233,26,1,0
ENS202974,2018-2019,Rabat-Salé-Kénitra,RAB,Salé,Urbain,Masculin,Primaire,Professeur certifié,Sciences,31,6953,29,0,0
ENS202975,2019-2020,Fès-Meknès,FES,Moulay Yacoub,Urbain,Masculin,Primaire,Contractuel,Arabe,34,3750,23,1,1
ENS202976,2015-2016,Casablanca-Settat,CAS,Berrechid,Urbain,Masculin,Primaire,Maître d'enseignement,Mathématiques,8,5800,24,0,21
ENS202977,2015-2016,Béni Mellal-Khénifra,BMK,Béni Mellal,Urbain,Féminin,Primaire,Professeur certifié,Sciences,6,7674,28,0,0
ENS202978,2023-2024,Rabat-Salé-Kénitra,RAB,Sidi Kacem,Rural,Masculin,Qualifiant,Maître d'enseignement,Français,15,5082,22,0,24
ENS202979,2022-2023,Oriental,ORI,Figuig,Urbain,Féminin,Collégial,Professeur certifié,Anglais,28,5884,23,1,0
ENS202980,2021-2022,Casablanca-Settat,CAS,Benslimane,Rural,Masculin,Préscolaire,Professeur certifié,SVT,9,5889,30,0,9
ENS202981,2019-2020,Tanger-Tétouan-Al Hoceïma,TAN,Fahs-Anjra,Urbain,Masculin,Primaire,Maître d'enseignement,Sciences,7,5865,28,1,23
ENS202982,2022-2023,Casablanca-Settat,CAS,Casablanca,Rural,Masculin,Primaire,Professeur agrégé,Français,3,9462,19,1,16
ENS202983,2023-2024,Béni Mellal-Khénifra,BMK,Khouribga,Urbain,Masculin,Primaire,Contractuel,Physique-Chimie,26,5304,23,1,21
ENS202984,2021-2022,Marrakech-Safi,MAR,Chichaoua,Rural,Féminin,Primaire,Professeur certifié,Anglais,3,5106,20,1,0
ENS202985,2020-2021,Drâa-Tafilalet,DRA,Zagora,Rural,Féminin,Collégial,Maître d'enseignement,SVT,13,5776,20,1,13
ENS202986,2021-2022,Rabat-Salé-Kénitra,RAB,Rabat,Rural,Masculin,Primaire,Professeur certifié,Histoire-Géo,28,6117,28,1,16
ENS202987,2019-2020,Béni Mellal-Khénifra,BMK,Béni Mellal,Rural,Masculin,Primaire,Professeur agrégé,Français,12,8759,25,0,24
ENS202988,2021-2022,Tanger-Tétouan-Al Hoceïma,TAN,Tanger-Assilah,Rural,Masculin,Primaire,Contractuel,Éducation physique,10,3185,19,1,11
ENS202989,2023-2024,Fès-Meknès,FES,Boulemane,Urbain,Masculin,Collégial,Professeur certifié,Physique-Chimie,23,7208,18,0,23
ENS202990,2020-2021,Tanger-Tétouan-Al Hoceïma,TAN,Tanger-Assilah,Rural,Féminin,Qualifiant,Instituteur,Français,18,6174,24,0,8
ENS202991,2020-2021,Béni Mellal-Khénifra,BMK,Fquih Ben Salah,Urbain,Féminin,Primaire,Contractuel,Histoire-Géo,22,3840,18,0,0
ENS202992,2022-2023,Fès-Meknès,FES,Taza,Rural,Masculin,Primaire,Professeur certifié,Éducation physique,20,6012,29,1,0
ENS202993,2022-2023,Fès-Meknès,FES,Taza,Urbain,Féminin,Qualifiant,Maître d'enseignement,Éducation islamique,27,4932,29,0,11
ENS202994,2018-2019,Rabat-Salé-Kénitra,RAB,Rabat,Urbain,Masculin,Primaire,Professeur certifié,Physique-Chimie,32,7054,22,0,18
ENS202995,2020-2021,Casablanca-Settat,CAS,Khouribga,Urbain,Masculin,Collégial,Professeur agrégé,Philosophie,8,7033,29,1,19
ENS202996,2019-2020,Marrakech-Safi,MAR,Essaouira,Urbain,Féminin,Collégial,Professeur certifié,Français,3,7451,20,1,2
ENS202997,2021-2022,Marrakech-Safi,MAR,Safi,Urbain,Masculin,Collégial,Instituteur,Français,11,3758,20,1,0
ENS202998,2022-2023,Casablanca-Settat,CAS,Casablanca,Rural,Féminin,Primaire,Professeur certifié,Sciences,23,5853,29,0,5
ENS202999,2017-2018,Marrakech-Safi,MAR,El Kelaa des Sraghna,Urbain,Masculin,Préscolaire,Maître d'enseignement,Physique-Chimie,14,5303,24,1,4
ENS203000,2018-2019,Marrakech-Safi,MAR,Chichaoua,Rural,Féminin,Primaire,Professeur certifié,Anglais,16,6231,26,0,19
ENS203001,2015-2016,Marrakech-Safi,MAR,El Kelaa des Sraghna,Urbain,Masculin,Primaire,Instituteur,Anglais,14,3020,18,1,14
ENS203002,2020-2021,Fès-Meknès,FES,Meknès,Urbain,Masculin,Primaire,Instituteur,Français,23,4806,29,0,1
ENS203003,2020-2021,Fès-Meknès,FES,Taounate,Rural,Masculin,Collégial,Professeur agrégé,Physique-Chimie,13,8757,30,0,13
ENS203004,2020-2021,Casablanca-Settat,CAS,Berrechid,Urbain,Masculin,Primaire,Contractuel,Histoire-Géo,19,5181,30,1,23
ENS203005,2022-2023,Souss-Massa,SOU,Tiznit,Rural,Féminin,Primaire,Instituteur,Histoire-Géo,33,6663,27,1,6
ENS203006,2015-2016,Tanger-Tétouan-Al Hoceïma,TAN,Fahs-Anjra,Rural,Masculin,Collégial,Instituteur,Français,19,4211,28,0,0
ENS203007,2016-2017,Marrakech-Safi,MAR,Youssoufia,Rural,Masculin,Collégial,Maître d'enseignement,Arabe,9,6211,31,0,5
ENS203008,2022-2023,Casablanca-Settat,CAS,Sidi Bennour,Urbain,Féminin,Collégial,Professeur certifié,Anglais,32,6052,30,0,17
ENS203009,2018-2019,Casablanca-Settat,CAS,Berrechid,Urbain,Féminin,Collégial,Professeur certifié,Sciences,5,5871,30,1,12
ENS203010,2021-2022,Oriental,ORI,Guercif,Urbain,Féminin,Collégial,Instituteur,Philosophie,23,5656,24,1,6
ENS203011,2018-2019,Rabat-Salé-Kénitra,RAB,Skhirate-Témara,Urbain,Masculin,Primaire,Professeur certifié,Éducation physique,29,5952,23,1,6
ENS203012,2017-2018,Béni Mellal-Khénifra,BMK,El Kelaa des Sraghna,Urbain,Féminin,Primaire,Instituteur,Philosophie,29,5161,21,0,0
ENS203013,2022-2023,Oriental,ORI,Oujda-Angad,Rural,Masculin,Préscolaire,Professeur agrégé,Sciences,1,8563,31,1,13
ENS203014,2023-2024,Casablanca-Settat,CAS,Sidi Bennour,Rural,Masculin,Primaire,Maître d'enseignement,Physique-Chimie,3,6449,29,0,3
ENS203015,2019-2020,Casablanca-Settat,CAS,Casablanca,Rural,Masculin,Primaire,Instituteur,Éducation islamique,27,4713,20,0,0
ENS203016,2022-2023,Rabat-Salé-Kénitra,RAB,Sidi Slimane,Urbain,Masculin,Primaire,Instituteur,Anglais,27,4996,22,0,0
ENS203017,2022-2023,Marrakech-Safi,MAR,Marrakech,Rural,Masculin,Primaire,Professeur certifié,Français,20,6235,25,0,0
ENS203018,2018-2019,Guelmim-Oued Noun,GUE,Sidi Ifni,Urbain,Féminin,Primaire,Professeur certifié,Histoire-Géo,33,6127,25,0,0
ENS203019,2019-2020,Casablanca-Settat,CAS,El Jadida,Urbain,Féminin,Primaire,Professeur certifié,Physique-Chimie,31,5660,20,0,2
ENS203020,2019-2020,Casablanca-Settat,CAS,Benslimane,Rural,Masculin,Primaire,Professeur certifié,Histoire-Géo,32,7118,18,1,7
ENS203021,2019-2020,Béni Mellal-Khénifra,BMK,Béni Mellal,Urbain,Féminin,Collégial,Contractuel,Mathématiques,10,4667,30,0,13
ENS203022,2015-2016,Oriental,ORI,Oujda-Angad,Urbain,Féminin,Primaire,Professeur agrégé,Anglais,16,9433,20,0,14
ENS203023,2021-2022,Fès-Meknès,FES,Meknès,Urbain,Masculin,Qualifiant,Contractuel,Histoire-Géo,24,4052,28,1,7
ENS203024,2020-2021,Rabat-Salé-Kénitra,RAB,Sidi Slimane,Urbain,Masculin,Collégial,Professeur certifié,Éducation physique,20,6790,31,0,11
ENS203025,2022-2023,Casablanca-Settat,CAS,Settat,Rural,Féminin,Primaire,Professeur certifié,Français,30,6904,30,0,0
ENS203026,2023-2024,Casablanca-Settat,CAS,Benslimane,Urbain,Masculin,Primaire,Maître d'enseignement,Arabe,5,6224,28,0,24
ENS203027,2022-2023,Casablanca-Settat,CAS,Khouribga,Rural,Masculin,Collégial,Instituteur,Mathématiques,5,4682,18,0,2
ENS203028,2018-2019,Casablanca-Settat,CAS,Mohammadia,Rural,Féminin,Qualifiant,Instituteur,Physique-Chimie,22,4620,29,0,3
ENS203029,2016-2017,Marrakech-Safi,MAR,Marrakech,Urbain,Masculin,Qualifiant,Contractuel,Éducation islamique,29,4900,18,1,0
ENS203030,2022-2023,Fès-Meknès,FES,Boulemane,Urbain,Masculin,Primaire,Professeur certifié,SVT,16,5734,29,1,23
ENS203031,2021-2022,Tanger-Tétouan-Al Hoceïma,TAN,Larache,Urbain,Féminin,Primaire,Professeur certifié,Sciences,14,5905,20,1,14
ENS203032,2021-2022,Oriental,ORI,Jerada,Urbain,Féminin,Primaire,Professeur agrégé,Arabe,16,7122,23,0,23
ENS203033,2017-2018,Rabat-Salé-Kénitra,RAB,Kénitra,Urbain,Masculin,Primaire,Instituteur,Éducation physique,3,4991,31,1,20
ENS203034,2023-2024,Tanger-Tétouan-Al Hoceïma,TAN,Larache,Urbain,Féminin,Primaire,Instituteur,Arabe,32,3758,28,0,8
ENS203035,2020-2021,Marrakech-Safi,MAR,Safi,Urbain,Féminin,Primaire,Instituteur,Sciences,3,4915,30,1,19
ENS203036,2020-2021,Marrakech-Safi,MAR,Al Haouz,Rural,Féminin,Qualifiant,Professeur certifié,Éducation physique,19,5915,22,0,0
ENS203037,2015-2016,Souss-Massa,SOU,Tiznit,Urbain,Masculin,Primaire,Maître d'enseignement,Mathématiques,3,5684,30,0,16
ENS203038,2017-2018,Drâa-Tafilalet,DRA,Errachidia,Rural,Féminin,Primaire,Contractuel,Histoire-Géo,6,4328,29,0,20
ENS203039,2022-2023,Drâa-Tafilalet,DRA,Midelt,Rural,Masculin,Primaire,Maître d'enseignement,Anglais,9,5311,18,0,22
ENS203040,2018-2019,Béni Mellal-Khénifra,BMK,Azilal,Urbain,Masculin,Primaire,Professeur certifié,Physique-Chimie,31,5435,20,1,0
ENS203041,2017-2018,Tanger-Tétouan-Al Hoceïma,TAN,Larache,Rural,Masculin,Qualifiant,Professeur certifié,SVT,17,6297,27,0,12
ENS203042,2023-2024,Drâa-Tafilalet,DRA,Zagora,Urbain,Masculin,Primaire,Maître d'enseignement,Histoire-Géo,18,5838,27,0,0
ENS203043,2015-2016,Casablanca-Settat,CAS,Benslimane,Urbain,Féminin,Collégial,Instituteur,Éducation physique,27,4784,27,1,7
ENS203044,2021-2022,Souss-Massa,SOU,Tiznit,Rural,Masculin,Qualifiant,Instituteur,Philosophie,10,4457,30,0,1
ENS203045,2023-2024,Casablanca-Settat,CAS,Benslimane,Urbain,Masculin,Primaire,Professeur certifié,SVT,15,5569,20,0,10
ENS203046,2017-2018,Casablanca-Settat,CAS,Khouribga,Urbain,Féminin,Collégial,Vacataire,SVT,12,2952,31,1,17
ENS203047,2015-2016,Tanger-Tétouan-Al Hoceïma,TAN,Al Hoceïma,Urbain,Masculin,Collégial,Professeur agrégé,SVT,30,8224,19,0,10
ENS203048,2016-2017,Casablanca-Settat,CAS,Berrechid,Urbain,Masculin,Collégial,Instituteur,Arabe,10,4374,30,0,8
ENS203049,2020-2021,Fès-Meknès,FES,Fès,Urbain,Masculin,Primaire,Professeur certifié,Physique-Chimie,15,6324,27,1,0
ENS203050,2022-2023,Casablanca-Settat,CAS,Benslimane,Urbain,Féminin,Qualifiant,Maître d'enseignement,Arabe,8,5718,20,0,0
ENS203051,2017-2018,Rabat-Salé-Kénitra,RAB,Salé,Rural,Féminin,Primaire,Maître d'enseignement,Éducation physique,12,6238,23,1,9
ENS203052,2023-2024,Fès-Meknès,FES,Ifrane,Urbain,Masculin,Collégial,Professeur certifié,Arabe,12,6280,28,0,3
ENS203053,2019-2020,Tanger-Tétouan-Al Hoceïma,TAN,Tétouan,Rural,Masculin,Collégial,Maître d'enseignement,Français,7,5005,19,1,10
ENS203054,2020-2021,Fès-Meknès,FES,El Hajeb,Urbain,Masculin,Primaire,Professeur certifié,SVT,18,6124,24,0,0
ENS203055,2020-2021,Souss-Massa,SOU,Chtouka-Ait Baha,Urbain,Masculin,Primaire,Instituteur,Physique-Chimie,19,4690,28,1,14
ENS203056,2023-2024,Fès-Meknès,FES,Taza,Urbain,Féminin,Primaire,Instituteur,Physique-Chimie,18,4575,18,0,0
ENS203057,2019-2020,Casablanca-Settat,CAS,Sidi Bennour,Rural,Masculin,Primaire,Professeur agrégé,Arabe,21,8244,19,0,0
ENS203058,2023-2024,Tanger-Tétouan-Al Hoceïma,TAN,Al Hoceïma,Rural,Féminin,Collégial,Contractuel,Mathématiques,13,4022,21,0,18
ENS203059,2019-2020,Casablanca-Settat,CAS,Khouribga,Urbain,Masculin,Primaire,Instituteur,Mathématiques,2,4089,31,0,16
ENS203060,2023-2024,Casablanca-Settat,CAS,Benslimane,Urbain,Masculin,Primaire,Instituteur,Sciences,2,3966,25,1,13
ENS203061,2023-2024,Béni Mellal-Khénifra,BMK,Khouribga,Rural,Masculin,Préscolaire,Professeur certifié,Anglais,11,6593,23,0,9
ENS203062,2018-2019,Casablanca-Settat,CAS,El Jadida,Rural,Féminin,Primaire,Professeur certifié,Histoire-Géo,17,6394,20,0,16
ENS203063,2020-2021,Casablanca-Settat,CAS,El Jadida,Urbain,Masculin,Primaire,Maître d'enseignement,Français,32,4813,31,0,21
ENS203064,2016-2017,Béni Mellal-Khénifra,BMK,Béni Mellal,Rural,Masculin,Collégial,Vacataire,Éducation islamique,20,2519,26,1,18
ENS203065,2017-2018,Marrakech-Safi,MAR,Al Haouz,Rural,Masculin,Primaire,Maître d'enseignement,Éducation physique,31,5889,29,0,0
ENS203066,2022-2023,Guelmim-Oued Noun,GUE,Guelmim,Urbain,Masculin,Primaire,Contractuel,Éducation physique,17,5064,22,0,0
ENS203067,2023-2024,Rabat-Salé-Kénitra,RAB,Kénitra,Urbain,Masculin,Collégial,Maître d'enseignement,Éducation islamique,15,5957,27,0,0
ENS203068,2019-2020,Casablanca-Settat,CAS,Settat,Rural,Féminin,Qualifiant,Contractuel,Anglais,32,3618,29,0,0
ENS203069,2015-2016,Souss-Massa,SOU,Inezgane-Ait Melloul,Urbain,Féminin,Qualifiant,Professeur agrégé,Anglais,18,7765,31,0,18
ENS203070,2018-2019,Guelmim-Oued Noun,GUE,Tan-Tan,Urbain,Féminin,Collégial,Vacataire,Anglais,9,1955,24,1,15
ENS203071,2023-2024,Tanger-Tétouan-Al Hoceïma,TAN,Ouazzane,Rural,Masculin,Collégial,Vacataire,Histoire-Géo,12,2884,25,0,0
ENS203072,2019-2020,Casablanca-Settat,CAS,Casablanca,Rural,Féminin,Primaire,Contractuel,Sciences,17,3535,18,0,0
ENS203073,2017-2018,Casablanca-Settat,CAS,Berrechid,Rural,Féminin,Primaire,Instituteur,Arabe,16,5228,18,0,0
ENS203074,2017-2018,Rabat-Salé-Kénitra,RAB,Skhirate-Témara,Urbain,Masculin,Qualifiant,Vacataire,Sciences,22,2017,27,1,0
ENS203075,2018-2019,Rabat-Salé-Kénitra,RAB,Kénitra,Urbain,Masculin,Qualifiant,Maître d'enseignement,Histoire-Géo,2,6372,20,0,5
ENS203076,2016-2017,Casablanca-Settat,CAS,Sidi Bennour,Urbain,Masculin,Collégial,Instituteur,Sciences,11,3771,31,1,0
ENS203077,2023-2024,Béni Mellal-Khénifra,BMK,Azilal,Rural,Masculin,Qualifiant,Professeur agrégé,Anglais,30,8554,24,1,19
ENS203078,2020-2021,Drâa-Tafilalet,DRA,Zagora,Rural,Féminin,Primaire,Professeur certifié,Physique-Chimie,28,7340,31,1,18
ENS203079,2022-2023,Oriental,ORI,Jerada,Rural,Masculin,Collégial,Instituteur,Philosophie,27,4346,30,0,2
ENS203080,2016-2017,Tanger-Tétouan-Al Hoceïma,TAN,Chefchaouen,Rural,Féminin,Primaire,Maître d'enseignement,Philosophie,12,5318,19,1,0
ENS203081,2016-2017,Drâa-Tafilalet,DRA,Zagora,Urbain,Féminin,Collégial,Professeur agrégé,Histoire-Géo,5,8992,26,0,0
ENS203082,2023-2024,Fès-Meknès,FES,Boulemane,Rural,Féminin,Primaire,Professeur certifié,Sciences,10,7116,31,1,2
ENS203083,2016-2017,Fès-Meknès,FES,Taza,Rural,Masculin,Primaire,Professeur certifié,Mathématiques,1,5141,23,0,23
ENS203084,2019-2020,Marrakech-Safi,MAR,El Kelaa des Sraghna,Rural,Féminin,Qualifiant,Professeur certifié,Anglais,32,8102,30,1,16
ENS203085,2018-2019,Casablanca-Settat,CAS,El Jadida,Urbain,Masculin,Qualifiant,Vacataire,Anglais,18,2418,29,1,0
ENS203086,2021-2022,Marrakech-Safi,MAR,Marrakech,Rural,Masculin,Primaire,Professeur certifié,Arabe,32,6986,28,1,0
ENS203087,2023-2024,Tanger-Tétouan-Al Hoceïma,TAN,Fahs-Anjra,Urbain,Masculin,Collégial,Instituteur,Français,32,5121,29,1,18
ENS203088,2017-2018,Marrakech-Safi,MAR,Al Haouz,Urbain,Masculin,Collégial,Professeur agrégé,Arabe,28,9381,30,1,14
ENS203089,2018-2019,Souss-Massa,SOU,Inezgane-Ait Melloul,Urbain,Féminin,Primaire,Instituteur,Éducation physique,24,6251,26,0,17
ENS203090,2018-2019,Drâa-Tafilalet,DRA,Zagora,Urbain,Féminin,Primaire,Professeur agrégé,Physique-Chimie,11,9562,30,0,0
ENS203091,2022-2023,Casablanca-Settat,CAS,Casablanca,Urbain,Masculin,Qualifiant,Professeur agrégé,Sciences,5,8900,19,1,4
ENS203092,2019-2020,Rabat-Salé-Kénitra,RAB,Skhirate-Témara,Rural,Masculin,Primaire,Maître d'enseignement,Français,10,5387,18,1,5
ENS203093,2022-2023,Fès-Meknès,FES,Meknès,Urbain,Féminin,Collégial,Instituteur,Éducation physique,27,4843,19,1,23
ENS203094,2016-2017,Marrakech-Safi,MAR,Safi,Urbain,Féminin,Qualifiant,Contractuel,Sciences,14,3722,26,1,0
ENS203095,2023-2024,Béni Mellal-Khénifra,BMK,Fquih Ben Salah,Urbain,Masculin,Qualifiant,Professeur agrégé,Philosophie,21,9317,28,0,0
ENS203096,2022-2023,Souss-Massa,SOU,Chtouka-Ait Baha,Rural,Masculin,Qualifiant,Maître d'enseignement,Physique-Chimie,1,4931,30,0,10
ENS203097,2022-2023,Fès-Meknès,FES,El Hajeb,Urbain,Féminin,Qualifiant,Maître d'enseignement,SVT,6,4238,20,1,22
ENS203098,2017-2018,Souss-Massa,SOU,Inezgane-Ait Melloul,Urbain,Masculin,Primaire,Maître d'enseignement,Mathématiques,27,5448,19,1,21
ENS203099,2015-2016,Marrakech-Safi,MAR,Marrakech,Urbain,Masculin,Primaire,Maître d'enseignement,Physique-Chimie,7,6177,26,0,18
ENS203100,2023-2024,Fès-Meknès,FES,Ifrane,Urbain,Féminin,Qualifiant,Instituteur,Histoire-Géo,8,4805,29,1,20
ENS203101,2021-2022,Marrakech-Safi,MAR,Essaouira,Urbain,Masculin,Primaire,Maître d'enseignement,Arabe,21,7018,19,1,20
ENS203102,2016-2017,Tanger-Tétouan-Al Hoceïma,TAN,Tanger-Assilah,Rural,Masculin,Primaire,Professeur certifié,Sciences,12,5590,22,0,0
ENS203103,2022-2023,Tanger-Tétouan-Al Hoceïma,TAN,Tanger-Assilah,Rural,Masculin,Qualifiant,Professeur agrégé,Anglais,28,8039,28,0,0
ENS203104,2021-2022,Tanger-Tétouan-Al Hoceïma,TAN,Fahs-Anjra,Urbain,Féminin,Collégial,Professeur certifié,Anglais,27,5729,31,0,6
ENS203105,2022-2023,Marrakech-Safi,MAR,Chichaoua,Urbain,Masculin,Primaire,Professeur certifié,Histoire-Géo,4,6890,25,1,0
ENS203106,2021-2022,Casablanca-Settat,CAS,El Jadida,Urbain,Féminin,Qualifiant,Vacataire,SVT,5,3065,22,1,8
ENS203107,2017-2018,Laâyoune-Sakia El Hamra,LAA,Boujdour,Rural,Masculin,Primaire,Instituteur,Arabe,29,3284,26,1,22
ENS203108,2017-2018,Oriental,ORI,Berkane,Rural,Masculin,Primaire,Instituteur,Histoire-Géo,29,4969,30,0,11
ENS203109,2018-2019,Rabat-Salé-Kénitra,RAB,Khémisset,Rural,Féminin,Collégial,Maître d'enseignement,SVT,28,5093,26,0,0
ENS203110,2021-2022,Tanger-Tétouan-Al Hoceïma,TAN,Tétouan,Urbain,Masculin,Primaire,Professeur certifié,Sciences,8,6140,24,0,20
ENS203111,2016-2017,Rabat-Salé-Kénitra,RAB,Sidi Slimane,Rural,Masculin,Collégial,Instituteur,Philosophie,34,3932,26,0,3
ENS203112,2018-2019,Rabat-Salé-Kénitra,RAB,Khémisset,Urbain,Masculin,Primaire,Instituteur,Histoire-Géo,1,4268,25,0,4
ENS203113,2019-2020,Oriental,ORI,Driouch,Rural,Féminin,Primaire,Professeur certifié,Sciences,9,6823,20,0,24
ENS203114,2019-2020,Rabat-Salé-Kénitra,RAB,Salé,Urbain,Masculin,Qualifiant,Maître d'enseignement,Arabe,7,6071,22,0,15
ENS203115,2017-2018,Casablanca-Settat,CAS,El Jadida,Urbain,Masculin,Primaire,Maître d'enseignement,Anglais,22,4837,25,0,0
ENS203116,2017-2018,Béni Mellal-Khénifra,BMK,Azilal,Rural,Masculin,Primaire,Professeur certifié,Français,2,6231,25,0,8
ENS203117,2017-2018,Fès-Meknès,FES,Moulay Yacoub,Urbain,Masculin,Primaire,Professeur certifié,Philosophie,31,6528,19,1,0
ENS203118,2017-2018,Casablanca-Settat,CAS,El Jadida,Urbain,Masculin,Qualifiant,Instituteur,Philosophie,12,4862,22,0,0
ENS203119,2021-2022,Oriental,ORI,Guercif,Rural,Masculin,Collégial,Professeur certifié,Arabe,24,6268,18,1,19
ENS203120,2022-2023,Marrakech-Safi,MAR,Youssoufia,Rural,Masculin,Primaire,Instituteur,SVT,13,4873,28,1,6
ENS203121,2018-2019,Casablanca-Settat,CAS,Berrechid,Rural,Féminin,Primaire,Instituteur,Sciences,8,4001,22,0,24
ENS203122,2017-2018,Fès-Meknès,FES,Taounate,Rural,Masculin,Qualifiant,Maître d'enseignement,Mathématiques,32,5941,20,0,7
ENS203123,2019-2020,Casablanca-Settat,CAS,Settat,Urbain,Masculin,Collégial,Professeur certifié,Philosophie,10,7382,22,1,21
ENS203124,2019-2020,Béni Mellal-Khénifra,BMK,El Kelaa des Sraghna,Rural,Masculin,Collégial,Maître d'enseignement,Éducation physique,30,4092,26,1,8
ENS203125,2022-2023,Fès-Meknès,FES,El Hajeb,Urbain,Féminin,Primaire,Contractuel,Anglais,33,3507,24,1,16
ENS203126,2016-2017,Tanger-Tétouan-Al Hoceïma,TAN,Chefchaouen,Rural,Féminin,Primaire,Maître d'enseignement,Philosophie,18,5210,22,1,0
ENS203127,2018-2019,Béni Mellal-Khénifra,BMK,Fquih Ben Salah,Urbain,Masculin,Collégial,Contractuel,Éducation islamique,3,4920,30,0,18
ENS203128,2022-2023,Oriental,ORI,Figuig,Rural,Masculin,Collégial,Professeur agrégé,Philosophie,27,8221,18,0,19
ENS203129,2019-2020,Casablanca-Settat,CAS,El Jadida,Urbain,Masculin,Collégial,Professeur certifié,Sciences,20,6543,20,0,0
ENS203130,2020-2021,Béni Mellal-Khénifra,BMK,Khouribga,Urbain,Féminin,Qualifiant,Instituteur,Éducation physique,25,4770,24,1,13
ENS203131,2023-2024,Rabat-Salé-Kénitra,RAB,Sidi Kacem,Urbain,Masculin,Collégial,Professeur certifié,Anglais,22,6034,20,1,21
ENS203132,2016-2017,Casablanca-Settat,CAS,Berrechid,Rural,Masculin,Qualifiant,Maître d'enseignement,Histoire-Géo,10,4245,30,0,14
ENS203133,2023-2024,Fès-Meknès,FES,Ifrane,Rural,Masculin,Primaire,Instituteur,Français,16,4674,27,0,23
ENS203134,2021-2022,Fès-Meknès,FES,El Hajeb,Urbain,Masculin,Primaire,Professeur agrégé,Anglais,33,7941,28,0,0
ENS203135,2019-2020,Rabat-Salé-Kénitra,RAB,Salé,Rural,Féminin,Collégial,Instituteur,Physique-Chimie,20,6323,24,1,0
ENS203136,2017-2018,Béni Mellal-Khénifra,BMK,Fquih Ben Salah,Urbain,Masculin,Primaire,Instituteur,Histoire-Géo,17,3363,27,0,0
ENS203137,2020-2021,Tanger-Tétouan-Al Hoceïma,TAN,Tétouan,Urbain,Masculin,Collégial,Professeur certifié,Histoire-Géo,18,6341,18,1,5
ENS203138,2021-2022,Souss-Massa,SOU,Taroudannt,Urbain,Féminin,Primaire,Professeur certifié,Sciences,11,7589,18,0,21
ENS203139,2018-2019,Tanger-Tétouan-Al Hoceïma,TAN,Tétouan,Urbain,Masculin,Primaire,Instituteur,Physique-Chimie,15,5221,31,0,3
ENS203140,2017-2018,Oriental,ORI,Figuig,Urbain,Masculin,Primaire,Professeur certifié,Français,17,6335,22,0,8
ENS203141,2020-2021,Fès-Meknès,FES,Moulay Yacoub,Urbain,Masculin,Qualifiant,Vacataire,Français,23,2271,30,1,5
ENS203142,2019-2020,Tanger-Tétouan-Al Hoceïma,TAN,Chefchaouen,Urbain,Masculin,Collégial,Maître d'enseignement,Histoire-Géo,4,5326,24,0,3
ENS203143,2017-2018,Rabat-Salé-Kénitra,RAB,Sidi Kacem,Rural,Masculin,Collégial,Professeur agrégé,Éducation physique,27,8837,22,0,11
ENS203144,2015-2016,Casablanca-Settat,CAS,Mohammadia,Urbain,Féminin,Collégial,Maître d'enseignement,Français,1,5746,24,1,0
ENS203145,2015-2016,Tanger-Tétouan-Al Hoceïma,TAN,Ouazzane,Urbain,Masculin,Primaire,Contractuel,Anglais,2,3888,27,1,4
ENS203146,2016-2017,Oriental,ORI,Berkane,Urbain,Masculin,Primaire,Contractuel,Arabe,4,4948,31,1,3
ENS203147,2020-2021,Béni Mellal-Khénifra,BMK,Béni Mellal,Urbain,Masculin,Préscolaire,Professeur certifié,Physique-Chimie,29,6833,22,0,7
ENS203148,2018-2019,Oriental,ORI,Figuig,Urbain,Masculin,Primaire,Professeur certifié,Philosophie,16,6721,25,1,22
ENS203149,2017-2018,Casablanca-Settat,CAS,Casablanca,Urbain,Masculin,Primaire,Professeur certifié,Sciences,31,7474,19,1,0
ENS203150,2019-2020,Drâa-Tafilalet,DRA,Tinghir,Urbain,Masculin,Primaire,Professeur agrégé,Éducation physique,25,7673,22,1,12
ENS203151,2023-2024,Béni Mellal-Khénifra,BMK,Béni Mellal,Urbain,Masculin,Primaire,Professeur certifié,SVT,20,6701,21,0,17
ENS203152,2016-2017,Casablanca-Settat,CAS,Khouribga,Urbain,Masculin,Primaire,Professeur certifié,Éducation physique,24,5773,19,0,6
ENS203153,2022-2023,Tanger-Tétouan-Al Hoceïma,TAN,Larache,Urbain,Féminin,Primaire,Instituteur,Sciences,26,4392,22,0,22
ENS203154,2023-2024,Laâyoune-Sakia El Hamra,LAA,Laâyoune,Urbain,Masculin,Primaire,Professeur certifié,Arabe,9,6385,20,1,14
ENS203155,2017-2018,Rabat-Salé-Kénitra,RAB,Kénitra,Rural,Féminin,Collégial,Contractuel,Éducation islamique,17,3283,18,0,5
ENS203156,2022-2023,Béni Mellal-Khénifra,BMK,Azilal,Urbain,Féminin,Primaire,Instituteur,Sciences,10,4683,23,1,2
ENS203157,2022-2023,Tanger-Tétouan-Al Hoceïma,TAN,Ouazzane,Rural,Féminin,Primaire,Vacataire,Arabe,13,3838,22,0,10
ENS203158,2016-2017,Rabat-Salé-Kénitra,RAB,Kénitra,Rural,Masculin,Collégial,Maître d'enseignement,Physique-Chimie,23,5364,23,1,21
ENS203159,2018-2019,Oriental,ORI,Jerada,Urbain,Féminin,Qualifiant,Professeur certifié,Français,31,6018,28,1,0
ENS203160,2019-2020,Béni Mellal-Khénifra,BMK,Azilal,Rural,Masculin,Primaire,Professeur agrégé,Physique-Chimie,10,8697,26,0,3
ENS203161,2021-2022,Souss-Massa,SOU,Inezgane-Ait Melloul,Urbain,Masculin,Collégial,Instituteur,SVT,15,4174,24,1,0
ENS203162,2020-2021,Drâa-Tafilalet,DRA,Zagora,Urbain,Féminin,Qualifiant,Professeur certifié,Anglais,34,6007,24,0,14
ENS203163,2018-2019,Rabat-Salé-Kénitra,RAB,Sidi Slimane,Urbain,Féminin,Qualifiant,Instituteur,Sciences,18,6258,26,1,5
ENS203164,2015-2016,Souss-Massa,SOU,Inezgane-Ait Melloul,Rural,Féminin,Primaire,Instituteur,Arabe,4,5823,23,0,9
ENS203165,2023-2024,Casablanca-Settat,CAS,Khouribga,Urbain,Masculin,Primaire,Professeur certifié,Éducation islamique,13,6980,25,0,23
ENS203166,2015-2016,Souss-Massa,SOU,Inezgane-Ait Melloul,Rural,Féminin,Primaire,Instituteur,Sciences,7,4572,28,0,3
ENS203167,2017-2018,Souss-Massa,SOU,Chtouka-Ait Baha,Rural,Masculin,Préscolaire,Maître d'enseignement,Histoire-Géo,26,6340,31,0,0
ENS203168,2022-2023,Casablanca-Settat,CAS,Sidi Bennour,Urbain,Féminin,Primaire,Professeur certifié,Arabe,6,6242,27,0,2
ENS203169,2022-2023,Casablanca-Settat,CAS,Berrechid,Urbain,Féminin,Primaire,Professeur certifié,Sciences,15,7275,18,0,24
ENS203170,2020-2021,Fès-Meknès,FES,Meknès,Urbain,Masculin,Collégial,Instituteur,Anglais,4,5677,28,0,11
ENS203171,2022-2023,Drâa-Tafilalet,DRA,Midelt,Urbain,Féminin,Préscolaire,Contractuel,Éducation islamique,23,3868,23,0,19
ENS203172,2021-2022,Casablanca-Settat,CAS,Mohammadia,Urbain,Féminin,Primaire,Contractuel,Histoire-Géo,32,3663,24,1,9
ENS203173,2019-2020,Casablanca-Settat,CAS,Khouribga,Urbain,Masculin,Préscolaire,Contractuel,SVT,2,4543,29,1,0
ENS203174,2023-2024,Oriental,ORI,Jerada,Urbain,Féminin,Qualifiant,Maître d'enseignement,Français,7,5495,27,0,19
ENS203175,2018-2019,Drâa-Tafilalet,DRA,Tinghir,Rural,Masculin,Primaire,Professeur certifié,Philosophie,3,5931,25,1,18
ENS203176,2023-2024,Drâa-Tafilalet,DRA,Midelt,Rural,Féminin,Collégial,Maître d'enseignement,Histoire-Géo,27,6149,26,0,4
ENS203177,2016-2017,Tanger-Tétouan-Al Hoceïma,TAN,Fahs-Anjra,Urbain,Masculin,Primaire,Professeur agrégé,Éducation islamique,24,7961,22,0,0
ENS203178,2017-2018,Oriental,ORI,Jerada,Urbain,Masculin,Primaire,Instituteur,Éducation islamique,7,4653,18,1,15
ENS203179,2016-2017,Marrakech-Safi,MAR,El Kelaa des Sraghna,Urbain,Masculin,Collégial,Instituteur,Éducation islamique,25,4986,28,1,17
ENS203180,2019-2020,Rabat-Salé-Kénitra,RAB,Khémisset,Rural,Féminin,Primaire,Professeur certifié,Physique-Chimie,14,6085,22,0,6
ENS203181,2016-2017,Casablanca-Settat,CAS,Settat,Rural,Masculin,Primaire,Professeur certifié,Anglais,25,7273,23,1,0
ENS203182,2018-2019,Drâa-Tafilalet,DRA,Errachidia,Urbain,Féminin,Primaire,Professeur certifié,SVT,14,7066,20,0,1
ENS203183,2015-2016,Fès-Meknès,FES,El Hajeb,Urbain,Féminin,Qualifiant,Professeur agrégé,Anglais,32,9075,19,0,0
ENS203184,2017-2018,Souss-Massa,SOU,Inezgane-Ait Melloul,Urbain,Masculin,Primaire,Professeur certifié,Arabe,9,8251,20,0,0
ENS203185,2023-2024,Oriental,ORI,Driouch,Rural,Féminin,Collégial,Professeur certifié,Éducation islamique,34,5902,21,0,24
ENS203186,2022-2023,Casablanca-Settat,CAS,Casablanca,Urbain,Masculin,Primaire,Professeur certifié,Philosophie,18,8504,23,1,13
ENS203187,2015-2016,Marrakech-Safi,MAR,Safi,Rural,Masculin,Primaire,Instituteur,Français,1,3957,30,0,0
ENS203188,2020-2021,Casablanca-Settat,CAS,Settat,Urbain,Masculin,Collégial,Maître d'enseignement,Histoire-Géo,16,4890,21,1,19
ENS203189,2017-2018,Casablanca-Settat,CAS,Mohammadia,Rural,Masculin,Qualifiant,Professeur certifié,Sciences,16,6166,25,0,0
ENS203190,2015-2016,Casablanca-Settat,CAS,Settat,Rural,Masculin,Qualifiant,Professeur certifié,Histoire-Géo,18,5857,28,1,20
ENS203191,2018-2019,Fès-Meknès,FES,Taza,Rural,Masculin,Qualifiant,Instituteur,Arabe,12,4485,22,0,19
ENS203192,2015-2016,Marrakech-Safi,MAR,Marrakech,Rural,Masculin,Collégial,Instituteur,Physique-Chimie,33,5155,20,1,12
ENS203193,2018-2019,Casablanca-Settat,CAS,Mohammadia,Rural,Féminin,Collégial,Instituteur,Éducation physique,12,4939,28,1,13
ENS203194,2018-2019,Casablanca-Settat,CAS,Settat,Urbain,Masculin,Qualifiant,Instituteur,Français,27,4266,20,0,18
ENS203195,2015-2016,Marrakech-Safi,MAR,Safi,Urbain,Féminin,Collégial,Instituteur,Éducation islamique,26,5251,18,1,1
ENS203196,2018-2019,Tanger-Tétouan-Al Hoceïma,TAN,Al Hoceïma,Urbain,Féminin,Collégial,Vacataire,Mathématiques,19,2997,29,1,19
ENS203197,2018-2019,Casablanca-Settat,CAS,Benslimane,Rural,Masculin,Collégial,Contractuel,Français,30,3271,23,0,0
ENS203198,2022-2023,Casablanca-Settat,CAS,Casablanca,Rural,Masculin,Collégial,Instituteur,Éducation islamique,29,5220,27,1,13
ENS203199,2020-2021,Souss-Massa,SOU,Tiznit,Rural,Masculin,Primaire,Instituteur,Arabe,31,3866,29,0,4
ENS203200,2015-2016,Casablanca-Settat,CAS,Sidi Bennour,Rural,Masculin,Préscolaire,Instituteur,Éducation islamique,11,4443,24,1,11
ENS203201,2020-2021,Marrakech-Safi,MAR,Al Haouz,Urbain,Masculin,Collégial,Maître d'enseignement,Éducation physique,20,5448,26,0,0
ENS203202,2016-2017,Tanger-Tétouan-Al Hoceïma,TAN,Al Hoceïma,Urbain,Féminin,Primaire,Vacataire,SVT,15,826,19,0,9
ENS203203,2016-2017,Casablanca-Settat,CAS,Mohammadia,Urbain,Masculin,Primaire,Vacataire,Physique-Chimie,10,2666,20,1,1
ENS203204,2018-2019,Tanger-Tétouan-Al Hoceïma,TAN,Chefchaouen,Rural,Féminin,Collégial,Vacataire,Éducation physique,6,2485,31,1,0
ENS203205,2017-2018,Casablanca-Settat,CAS,El Jadida,Rural,Masculin,Primaire,Professeur certifié,SVT,34,6713,30,0,0
ENS203206,2018-2019,Casablanca-Settat,CAS,Sidi Bennour,Urbain,Masculin,Qualifiant,Maître d'enseignement,Physique-Chimie,11,5356,18,1,0
ENS203207,2021-2022,Rabat-Salé-Kénitra,RAB,Sidi Kacem,Rural,Masculin,Collégial,Instituteur,SVT,31,5418,26,1,10
ENS203208,2017-2018,Casablanca-Settat,CAS,Sidi Bennour,Rural,Féminin,Primaire,Instituteur,Éducation physique,30,5158,25,0,0
ENS203209,2020-2021,Béni Mellal-Khénifra,BMK,Khouribga,Rural,Masculin,Qualifiant,Contractuel,Physique-Chimie,33,4360,19,0,1
ENS203210,2018-2019,Béni Mellal-Khénifra,BMK,Béni Mellal,Rural,Masculin,Primaire,Professeur agrégé,Mathématiques,15,8602,25,0,0
ENS203211,2022-2023,Rabat-Salé-Kénitra,RAB,Kénitra,Rural,Masculin,Collégial,Maître d'enseignement,SVT,20,4916,18,0,19
ENS203212,2020-2021,Casablanca-Settat,CAS,Benslimane,Urbain,Féminin,Qualifiant,Instituteur,Histoire-Géo,23,4705,30,0,16
ENS203213,2018-2019,Oriental,ORI,Nador,Rural,Masculin,Qualifiant,Contractuel,Éducation physique,11,4462,31,0,22
ENS203214,2018-2019,Marrakech-Safi,MAR,El Kelaa des Sraghna,Rural,Féminin,Primaire,Professeur certifié,Mathématiques,7,6882,20,0,0
ENS203215,2016-2017,Drâa-Tafilalet,DRA,Errachidia,Urbain,Masculin,Qualifiant,Vacataire,Éducation physique,17,2028,29,0,15
ENS203216,2021-2022,Casablanca-Settat,CAS,Khouribga,Urbain,Féminin,Collégial,Professeur certifié,Éducation physique,15,6805,26,0,6
ENS203217,2015-2016,Drâa-Tafilalet,DRA,Ouarzazate,Rural,Masculin,Primaire,Professeur certifié,Français,15,6246,19,0,21
ENS203218,2019-2020,Oriental,ORI,Berkane,Rural,Masculin,Collégial,Contractuel,Sciences,27,4229,19,0,0
ENS203219,2017-2018,Casablanca-Settat,CAS,Sidi Bennour,Rural,Féminin,Collégial,Professeur certifié,Arabe,15,6403,25,0,8
ENS203220,2023-2024,Marrakech-Safi,MAR,Essaouira,Urbain,Féminin,Collégial,Maître d'enseignement,SVT,28,5581,19,1,15
ENS203221,2021-2022,Tanger-Tétouan-Al Hoceïma,TAN,Larache,Rural,Féminin,Collégial,Professeur certifié,Anglais,20,6704,22,1,24
ENS203222,2018-2019,Fès-Meknès,FES,Taza,Rural,Masculin,Collégial,Instituteur,Physique-Chimie,24,4903,31,0,4
ENS203223,2016-2017,Tanger-Tétouan-Al Hoceïma,TAN,Chefchaouen,Rural,Féminin,Collégial,Maître d'enseignement,Éducation physique,19,4885,24,1,2
ENS203224,2017-2018,Souss-Massa,SOU,Tata,Rural,Masculin,Primaire,Contractuel,Anglais,8,4065,24,0,24
ENS203225,2016-2017,Casablanca-Settat,CAS,Settat,Rural,Féminin,Primaire,Contractuel,Éducation islamique,30,4662,30,1,21
ENS203226,2015-2016,Tanger-Tétouan-Al Hoceïma,TAN,Chefchaouen,Rural,Féminin,Primaire,Contractuel,Physique-Chimie,28,3983,22,1,5
ENS203227,2015-2016,Rabat-Salé-Kénitra,RAB,Sidi Slimane,Urbain,Féminin,Collégial,Professeur certifié,Éducation physique,12,6492,19,0,0
ENS203228,2022-2023,Fès-Meknès,FES,Boulemane,Rural,Masculin,Primaire,Professeur certifié,Sciences,23,7214,30,1,0
ENS203229,2021-2022,Casablanca-Settat,CAS,Sidi Bennour,Urbain,Masculin,Primaire,Professeur certifié,Mathématiques,11,7068,18,0,0
ENS203230,2022-2023,Marrakech-Safi,MAR,Youssoufia,Urbain,Masculin,Qualifiant,Instituteur,Histoire-Géo,3,5752,31,0,4
ENS203231,2023-2024,Casablanca-Settat,CAS,Casablanca,Urbain,Masculin,Qualifiant,Professeur certifié,Philosophie,23,6381,23,0,21
ENS203232,2022-2023,Tanger-Tétouan-Al Hoceïma,TAN,Tétouan,Rural,Masculin,Primaire,Contractuel,Éducation islamique,9,5403,26,0,23
ENS203233,2023-2024,Drâa-Tafilalet,DRA,Tinghir,Urbain,Masculin,Primaire,Professeur agrégé,Histoire-Géo,27,8293,26,1,19
ENS203234,2021-2022,Béni Mellal-Khénifra,BMK,El Kelaa des Sraghna,Rural,Masculin,Collégial,Contractuel,Anglais,20,3832,30,0,1
ENS203235,2016-2017,Souss-Massa,SOU,Agadir-Ida-Ou-Tanane,Urbain,Féminin,Collégial,Professeur agrégé,Histoire-Géo,26,8621,19,0,16
ENS203236,2016-2017,Oriental,ORI,Figuig,Rural,Masculin,Primaire,Maître d'enseignement,Français,4,5733,20,1,0
ENS203237,2022-2023,Casablanca-Settat,CAS,Benslimane,Rural,Féminin,Préscolaire,Instituteur,Mathématiques,11,3895,19,1,14
ENS203238,2022-2023,Fès-Meknès,FES,Moulay Yacoub,Rural,Masculin,Collégial,Maître d'enseignement,Physique-Chimie,14,6197,26,0,0
ENS203239,2018-2019,Rabat-Salé-Kénitra,RAB,Salé,Rural,Masculin,Qualifiant,Instituteur,Mathématiques,27,4914,27,1,0
ENS203240,2016-2017,Drâa-Tafilalet,DRA,Zagora,Urbain,Féminin,Primaire,Professeur certifié,Éducation islamique,26,6030,26,0,3
ENS203241,2016-2017,Casablanca-Settat,CAS,Berrechid,Rural,Masculin,Primaire,Instituteur,Arabe,20,4512,23,0,0
ENS203242,2019-2020,Drâa-Tafilalet,DRA,Midelt,Rural,Masculin,Primaire,Maître d'enseignement,Philosophie,28,6207,22,0,15
ENS203243,2021-2022,Marrakech-Safi,MAR,Chichaoua,Rural,Masculin,Primaire,Instituteur,Anglais,26,4915,20,1,0
ENS203244,2021-2022,Casablanca-Settat,CAS,Mohammadia,Urbain,Masculin,Primaire,Professeur certifié,Philosophie,5,6381,26,0,0
ENS203245,2019-2020,Tanger-Tétouan-Al Hoceïma,TAN,Ouazzane,Urbain,Masculin,Préscolaire,Professeur certifié,Français,21,6536,20,1,18
ENS203246,2019-2020,Rabat-Salé-Kénitra,RAB,Skhirate-Témara,Urbain,Masculin,Primaire,Maître d'enseignement,Arabe,31,4952,18,1,15
ENS203247,2022-2023,Casablanca-Settat,CAS,Benslimane,Rural,Masculin,Préscolaire,Professeur certifié,SVT,29,6613,26,0,23
ENS203248,2022-2023,Rabat-Salé-Kénitra,RAB,Salé,Rural,Masculin,Primaire,Professeur certifié,Sciences,2,7006,25,1,12
ENS203249,2022-2023,Casablanca-Settat,CAS,Benslimane,Rural,Masculin,Qualifiant,Instituteur,Philosophie,34,4865,31,0,0
ENS203250,2018-2019,Fès-Meknès,FES,Meknès,Urbain,Féminin,Primaire,Professeur agrégé,Physique-Chimie,33,8348,25,1,0
ENS203251,2017-2018,Oriental,ORI,Jerada,Rural,Masculin,Primaire,Professeur certifié,Anglais,9,6266,30,0,0
ENS203252,2023-2024,Marrakech-Safi,MAR,Safi,Urbain,Féminin,Primaire,Professeur certifié,Philosophie,34,4790,29,0,20
ENS203253,2023-2024,Béni Mellal-Khénifra,BMK,Khouribga,Rural,Masculin,Collégial,Professeur certifié,Éducation islamique,34,6189,20,0,0
ENS203254,2021-2022,Fès-Meknès,FES,Taza,Urbain,Masculin,Primaire,Professeur certifié,SVT,22,6578,18,0,16
ENS203255,2021-2022,Rabat-Salé-Kénitra,RAB,Salé,Rural,Masculin,Collégial,Instituteur,Éducation physique,7,4082,30,0,17
ENS203256,2016-2017,Souss-Massa,SOU,Tiznit,Rural,Féminin,Primaire,Professeur certifié,Éducation islamique,1,6784,18,0,14
ENS203257,2017-2018,Casablanca-Settat,CAS,Berrechid,Rural,Masculin,Primaire,Instituteur,Mathématiques,9,5309,23,0,3
ENS203258,2017-2018,Marrakech-Safi,MAR,Chichaoua,Urbain,Féminin,Primaire,Instituteur,SVT,18,6035,22,0,0
ENS203259,2017-2018,Rabat-Salé-Kénitra,RAB,Sidi Slimane,Urbain,Masculin,Primaire,Professeur certifié,Sciences,8,5821,23,0,11
ENS203260,2016-2017,Casablanca-Settat,CAS,Benslimane,Rural,Féminin,Préscolaire,Maître d'enseignement,Philosophie,25,5445,31,0,0
ENS203261,2019-2020,Casablanca-Settat,CAS,Berrechid,Urbain,Masculin,Primaire,Professeur certifié,SVT,19,5890,30,0,8
ENS203262,2016-2017,Béni Mellal-Khénifra,BMK,Fquih Ben Salah,Rural,Féminin,Collégial,Vacataire,Arabe,23,3436,31,0,12
ENS203263,2018-2019,Tanger-Tétouan-Al Hoceïma,TAN,Tanger-Assilah,Urbain,Féminin,Préscolaire,Instituteur,Philosophie,26,5398,20,1,8
ENS203264,2017-2018,Drâa-Tafilalet,DRA,Tinghir,Urbain,Masculin,Qualifiant,Instituteur,SVT,33,3840,21,0,16
ENS203265,2015-2016,Fès-Meknès,FES,Fès,Urbain,Masculin,Primaire,Professeur certifié,Éducation physique,23,5031,18,1,15
ENS203266,2023-2024,Béni Mellal-Khénifra,BMK,Béni Mellal,Rural,Masculin,Primaire,Professeur certifié,Éducation islamique,5,6925,31,0,21
ENS203267,2022-2023,Tanger-Tétouan-Al Hoceïma,TAN,Tétouan,Rural,Masculin,Collégial,Maître d'enseignement,SVT,9,6603,30,1,0
ENS203268,2022-2023,Drâa-Tafilalet,DRA,Errachidia,Urbain,Féminin,Primaire,Professeur certifié,Physique-Chimie,16,5193,23,0,4
ENS203269,2020-2021,Béni Mellal-Khénifra,BMK,El Kelaa des Sraghna,Urbain,Féminin,Primaire,Maître d'enseignement,Anglais,14,5674,22,0,0
ENS203270,2022-2023,Fès-Meknès,FES,Taounate,Rural,Masculin,Collégial,Professeur agrégé,Arabe,33,7436,25,0,0
ENS203271,2015-2016,Marrakech-Safi,MAR,El Kelaa des Sraghna,Rural,Masculin,Collégial,Contractuel,SVT,26,4785,22,0,0
ENS203272,2015-2016,Marrakech-Safi,MAR,Chichaoua,Rural,Masculin,Collégial,Professeur agrégé,Histoire-Géo,10,8221,23,0,0
ENS203273,2022-2023,Marrakech-Safi,MAR,Safi,Rural,Féminin,Collégial,Instituteur,Éducation islamique,32,5259,18,0,24
ENS203274,2016-2017,Rabat-Salé-Kénitra,RAB,Sidi Kacem,Urbain,Féminin,Collégial,Maître d'enseignement,SVT,15,5879,18,0,19
ENS203275,2022-2023,Oriental,ORI,Oujda-Angad,Urbain,Féminin,Primaire,Instituteur,SVT,26,4616,27,0,6
ENS203276,2016-2017,Oriental,ORI,Taourirt,Rural,Masculin,Collégial,Professeur certifié,Philosophie,22,6809,28,0,15
ENS203277,2018-2019,Marrakech-Safi,MAR,Youssoufia,Rural,Féminin,Primaire,Professeur certifié,Éducation islamique,20,6305,30,1,16
ENS203278,2017-2018,Marrakech-Safi,MAR,Essaouira,Rural,Masculin,Primaire,Maître d'enseignement,Anglais,4,6436,30,0,0
ENS203279,2023-2024,Tanger-Tétouan-Al Hoceïma,TAN,Chefchaouen,Rural,Masculin,Qualifiant,Professeur certifié,Histoire-Géo,29,6593,27,1,6
ENS203280,2017-2018,Rabat-Salé-Kénitra,RAB,Salé,Rural,Féminin,Primaire,Professeur certifié,SVT,10,6299,31,0,5
ENS203281,2022-2023,Tanger-Tétouan-Al Hoceïma,TAN,Tétouan,Rural,Masculin,Primaire,Instituteur,Histoire-Géo,23,3913,23,0,1
ENS203282,2017-2018,Béni Mellal-Khénifra,BMK,Béni Mellal,Urbain,Féminin,Primaire,Professeur certifié,Histoire-Géo,6,6314,18,0,11
ENS203283,2023-2024,Tanger-Tétouan-Al Hoceïma,TAN,Mdiq-Fnideq,Urbain,Masculin,Primaire,Professeur certifié,Français,6,6330,31,0,14
ENS203284,2017-2018,Rabat-Salé-Kénitra,RAB,Sidi Slimane,Urbain,Féminin,Qualifiant,Contractuel,Philosophie,4,4060,19,0,0
ENS203285,2015-2016,Drâa-Tafilalet,DRA,Tinghir,Rural,Masculin,Primaire,Professeur certifié,SVT,29,6525,21,0,15
ENS203286,2019-2020,Drâa-Tafilalet,DRA,Zagora,Urbain,Masculin,Collégial,Maître d'enseignement,Français,18,5471,22,1,8
ENS203287,2023-2024,Fès-Meknès,FES,Séfrou,Urbain,Féminin,Primaire,Professeur certifié,Mathématiques,11,5946,26,0,10
ENS203288,2018-2019,Drâa-Tafilalet,DRA,Ouarzazate,Urbain,Masculin,Primaire,Professeur certifié,Philosophie,31,6367,20,0,22
ENS203289,2022-2023,Casablanca-Settat,CAS,Berrechid,Urbain,Masculin,Qualifiant,Professeur certifié,Anglais,14,5668,30,0,4
ENS203290,2019-2020,Fès-Meknès,FES,Taza,Rural,Masculin,Primaire,Instituteur,Éducation islamique,6,4619,28,1,21
ENS203291,2020-2021,Casablanca-Settat,CAS,Berrechid,Rural,Féminin,Primaire,Vacataire,Arabe,29,3438,19,1,10
ENS203292,2017-2018,Oriental,ORI,Jerada,Urbain,Féminin,Primaire,Maître d'enseignement,Mathématiques,32,5922,19,1,20
ENS203293,2021-2022,Casablanca-Settat,CAS,Sidi Bennour,Rural,Masculin,Primaire,Instituteur,Anglais,26,5654,23,1,18
ENS203294,2016-2017,Rabat-Salé-Kénitra,RAB,Sidi Kacem,Rural,Masculin,Qualifiant,Professeur certifié,Philosophie,33,6451,21,1,0
ENS203295,2015-2016,Fès-Meknès,FES,El Hajeb,Urbain,Masculin,Qualifiant,Professeur certifié,Mathématiques,9,5526,27,0,0
ENS203296,2015-2016,Casablanca-Settat,CAS,Sidi Bennour,Urbain,Masculin,Collégial,Professeur certifié,Physique-Chimie,4,6429,23,1,8
ENS203297,2023-2024,Casablanca-Settat,CAS,El Jadida,Rural,Masculin,Primaire,Professeur certifié,SVT,20,7392,19,1,22
ENS203298,2018-2019,Fès-Meknès,FES,Taounate,Rural,Féminin,Primaire,Professeur agrégé,Mathématiques,23,9377,20,0,0
ENS203299,2021-2022,Rabat-Salé-Kénitra,RAB,Kénitra,Urbain,Féminin,Collégial,Instituteur,Arabe,26,4064,29,0,0
ENS203300,2023-2024,Casablanca-Settat,CAS,Sidi Bennour,Urbain,Masculin,Primaire,Contractuel,Physique-Chimie,20,2309,30,0,10
ENS203301,2015-2016,Casablanca-Settat,CAS,Khouribga,Rural,Féminin,Primaire,Professeur certifié,Histoire-Géo,23,6513,23,1,0
ENS203302,2018-2019,Rabat-Salé-Kénitra,RAB,Sidi Slimane,Rural,Masculin,Primaire,Contractuel,Sciences,16,3753,30,0,19
ENS203303,2020-2021,Oriental,ORI,Figuig,Urbain,Féminin,Collégial,Professeur certifié,Histoire-Géo,25,6393,20,1,6
ENS203304,2018-2019,Laâyoune-Sakia El Hamra,LAA,Boujdour,Rural,Féminin,Collégial,Contractuel,Philosophie,27,3828,31,1,22
ENS203305,2021-2022,Drâa-Tafilalet,DRA,Tinghir,Rural,Féminin,Primaire,Contractuel,Mathématiques,9,4163,27,0,0
ENS203306,2018-2019,Casablanca-Settat,CAS,Mohammadia,Urbain,Masculin,Primaire,Professeur agrégé,Éducation physique,31,8561,31,0,1
ENS203307,2015-2016,Marrakech-Safi,MAR,Youssoufia,Urbain,Féminin,Primaire,Maître d'enseignement,Sciences,9,5831,28,0,1
ENS203308,2017-2018,Tanger-Tétouan-Al Hoceïma,TAN,Tanger-Assilah,Urbain,Masculin,Qualifiant,Professeur agrégé,Éducation islamique,32,9633,31,0,0
ENS203309,2020-2021,Marrakech-Safi,MAR,Safi,Rural,Masculin,Collégial,Instituteur,Anglais,34,5111,22,0,3
ENS203310,2018-2019,Fès-Meknès,FES,Ifrane,Urbain,Masculin,Préscolaire,Professeur certifié,Français,28,5858,29,0,14
ENS203311,2015-2016,Casablanca-Settat,CAS,Mohammadia,Rural,Masculin,Collégial,Vacataire,Mathématiques,15,2365,21,1,16
ENS203312,2023-2024,Casablanca-Settat,CAS,Sidi Bennour,Rural,Féminin,Primaire,Professeur certifié,Français,17,6866,31,1,16
ENS203313,2019-2020,Marrakech-Safi,MAR,Essaouira,Rural,Féminin,Collégial,Maître d'enseignement,Histoire-Géo,5,4489,30,0,16
ENS203314,2015-2016,Tanger-Tétouan-Al Hoceïma,TAN,Ouazzane,Rural,Féminin,Qualifiant,Professeur certifié,Mathématiques,23,5343,30,0,0
ENS203315,2023-2024,Laâyoune-Sakia El Hamra,LAA,Laâyoune,Rural,Masculin,Primaire,Maître d'enseignement,Éducation physique,20,6140,31,1,14
ENS203316,2015-2016,Rabat-Salé-Kénitra,RAB,Khémisset,Urbain,Féminin,Qualifiant,Professeur agrégé,Physique-Chimie,19,8292,24,1,24
ENS203317,2019-2020,Casablanca-Settat,CAS,El Jadida,Urbain,Féminin,Collégial,Professeur agrégé,Sciences,23,7583,28,1,0
ENS203318,2015-2016,Casablanca-Settat,CAS,Berrechid,Urbain,Masculin,Collégial,Professeur certifié,Histoire-Géo,16,7111,24,0,20
ENS203319,2017-2018,Oriental,ORI,Taourirt,Urbain,Masculin,Collégial,Professeur agrégé,Physique-Chimie,28,7099,30,0,22
ENS203320,2016-2017,Casablanca-Settat,CAS,Sidi Bennour,Rural,Féminin,Qualifiant,Contractuel,Philosophie,15,3503,20,1,13
ENS203321,2022-2023,Marrakech-Safi,MAR,Marrakech,Rural,Masculin,Primaire,Contractuel,Français,16,3943,20,1,0
ENS203322,2023-2024,Tanger-Tétouan-Al Hoceïma,TAN,Ouazzane,Rural,Féminin,Primaire,Instituteur,Physique-Chimie,2,4507,23,1,0
ENS203323,2020-2021,Fès-Meknès,FES,Fès,Urbain,Masculin,Collégial,Professeur certifié,Éducation islamique,6,6564,26,0,18
ENS203324,2016-2017,Tanger-Tétouan-Al Hoceïma,TAN,Chefchaouen,Urbain,Féminin,Collégial,Maître d'enseignement,Sciences,32,4948,28,0,1
ENS203325,2015-2016,Tanger-Tétouan-Al Hoceïma,TAN,Larache,Rural,Féminin,Primaire,Professeur agrégé,Français,26,8061,31,1,0
ENS203326,2016-2017,Casablanca-Settat,CAS,Berrechid,Rural,Féminin,Primaire,Contractuel,Mathématiques,7,5097,24,0,11
ENS203327,2020-2021,Drâa-Tafilalet,DRA,Zagora,Rural,Féminin,Collégial,Maître d'enseignement,Éducation physique,4,5021,23,0,13
ENS203328,2021-2022,Drâa-Tafilalet,DRA,Errachidia,Urbain,Masculin,Collégial,Maître d'enseignement,SVT,8,6662,26,1,15
ENS203329,2018-2019,Fès-Meknès,FES,Séfrou,Rural,Masculin,Primaire,Maître d'enseignement,SVT,4,5794,28,0,20
ENS203330,2018-2019,Rabat-Salé-Kénitra,RAB,Khémisset,Urbain,Masculin,Qualifiant,Professeur agrégé,Arabe,19,7905,29,0,0
ENS203331,2018-2019,Oriental,ORI,Taourirt,Urbain,Masculin,Primaire,Instituteur,Anglais,26,3734,23,0,13
ENS203332,2020-2021,Casablanca-Settat,CAS,Benslimane,Urbain,Masculin,Qualifiant,Contractuel,Éducation islamique,17,4795,28,1,14
ENS203333,2016-2017,Fès-Meknès,FES,Moulay Yacoub,Rural,Masculin,Qualifiant,Maître d'enseignement,Français,28,3964,21,1,0
ENS203334,2019-2020,Fès-Meknès,FES,Ifrane,Rural,Masculin,Primaire,Professeur certifié,SVT,15,6046,23,1,14
ENS203335,2019-2020,Drâa-Tafilalet,DRA,Tinghir,Urbain,Féminin,Collégial,Professeur agrégé,Anglais,21,7512,22,1,8
ENS203336,2023-2024,Tanger-Tétouan-Al Hoceïma,TAN,Mdiq-Fnideq,Rural,Féminin,Primaire,Professeur certifié,Éducation islamique,31,6043,18,1,23
ENS203337,2022-2023,Béni Mellal-Khénifra,BMK,El Kelaa des Sraghna,Rural,Masculin,Primaire,Maître d'enseignement,Philosophie,27,6037,23,0,18
ENS203338,2020-2021,Fès-Meknès,FES,Meknès,Urbain,Féminin,Primaire,Professeur certifié,Anglais,34,7349,27,0,6
ENS203339,2018-2019,Drâa-Tafilalet,DRA,Errachidia,Urbain,Féminin,Collégial,Instituteur,Sciences,14,4630,18,0,0
ENS203340,2022-2023,Béni Mellal-Khénifra,BMK,Khouribga,Urbain,Féminin,Primaire,Maître d'enseignement,SVT,21,6082,23,0,0
ENS203341,2017-2018,Rabat-Salé-Kénitra,RAB,Sidi Slimane,Rural,Féminin,Primaire,Instituteur,Français,33,5842,22,0,7
ENS203342,2019-2020,Fès-Meknès,FES,Boulemane,Urbain,Masculin,Primaire,Instituteur,Histoire-Géo,30,4342,23,0,4
ENS203343,2021-2022,Casablanca-Settat,CAS,Casablanca,Rural,Masculin,Collégial,Contractuel,Éducation physique,33,5381,28,1,8
ENS203344,2018-2019,Casablanca-Settat,CAS,Settat,Rural,Féminin,Primaire,Professeur agrégé,Physique-Chimie,16,9098,25,0,1
ENS203345,2016-2017,Oriental,ORI,Figuig,Urbain,Masculin,Primaire,Instituteur,Arabe,34,4613,22,0,19
ENS203346,2020-2021,Fès-Meknès,FES,Taza,Rural,Masculin,Primaire,Professeur agrégé,Mathématiques,7,8630,24,1,4
ENS203347,2017-2018,Rabat-Salé-Kénitra,RAB,Khémisset,Urbain,Masculin,Collégial,Professeur certifié,Français,31,6343,24,1,10
ENS203348,2022-2023,Oriental,ORI,Berkane,Rural,Masculin,Primaire,Contractuel,Anglais,14,3338,25,0,10
ENS203349,2016-2017,Oriental,ORI,Berkane,Rural,Masculin,Primaire,Vacataire,Histoire-Géo,4,2203,21,0,7
ENS203350,2018-2019,Marrakech-Safi,MAR,Al Haouz,Rural,Masculin,Préscolaire,Instituteur,Éducation physique,16,4366,27,1,19
ENS203351,2016-2017,Rabat-Salé-Kénitra,RAB,Salé,Urbain,Masculin,Qualifiant,Maître d'enseignement,Mathématiques,27,4887,22,1,17
ENS203352,2021-2022,Oriental,ORI,Driouch,Rural,Masculin,Primaire,Professeur agrégé,Arabe,28,9413,24,1,12
ENS203353,2020-2021,Tanger-Tétouan-Al Hoceïma,TAN,Tétouan,Rural,Masculin,Qualifiant,Professeur certifié,Éducation islamique,19,6984,27,0,19
ENS203354,2021-2022,Tanger-Tétouan-Al Hoceïma,TAN,Larache,Rural,Féminin,Primaire,Professeur certifié,SVT,18,7406,30,0,0
ENS203355,2015-2016,Souss-Massa,SOU,Chtouka-Ait Baha,Urbain,Masculin,Primaire,Instituteur,Philosophie,18,4857,31,0,18
ENS203356,2022-2023,Marrakech-Safi,MAR,Al Haouz,Urbain,Masculin,Primaire,Professeur certifié,Éducation islamique,15,6329,24,1,0
ENS203357,2019-2020,Casablanca-Settat,CAS,Casablanca,Rural,Masculin,Collégial,Professeur agrégé,Anglais,15,9246,26,0,3
ENS203358,2019-2020,Casablanca-Settat,CAS,Casablanca,Urbain,Masculin,Qualifiant,Contractuel,SVT,25,5154,21,0,0
ENS203359,2018-2019,Rabat-Salé-Kénitra,RAB,Sidi Slimane,Urbain,Féminin,Qualifiant,Maître d'enseignement,Histoire-Géo,2,6124,30,1,23
ENS203360,2021-2022,Fès-Meknès,FES,Ifrane,Rural,Masculin,Collégial,Professeur certifié,Arabe,1,7280,25,1,22
ENS203361,2016-2017,Oriental,ORI,Berkane,Urbain,Masculin,Collégial,Contractuel,Histoire-Géo,28,4801,25,1,4
ENS203362,2017-2018,Oriental,ORI,Driouch,Rural,Masculin,Primaire,Professeur certifié,Histoire-Géo,8,4779,30,0,0
ENS203363,2016-2017,Tanger-Tétouan-Al Hoceïma,TAN,Ouazzane,Urbain,Masculin,Primaire,Professeur agrégé,Français,18,9610,24,0,0
ENS203364,2019-2020,Béni Mellal-Khénifra,BMK,El Kelaa des Sraghna,Urbain,Féminin,Qualifiant,Instituteur,Philosophie,20,4061,22,1,22
ENS203365,2019-2020,Fès-Meknès,FES,Fès,Urbain,Masculin,Primaire,Professeur agrégé,Anglais,14,7954,30,0,11
ENS203366,2022-2023,Souss-Massa,SOU,Chtouka-Ait Baha,Rural,Masculin,Primaire,Vacataire,Philosophie,10,1423,23,0,0
ENS203367,2023-2024,Oriental,ORI,Figuig,Rural,Masculin,Primaire,Contractuel,Éducation physique,5,3076,23,0,10
ENS203368,2022-2023,Casablanca-Settat,CAS,El Jadida,Urbain,Féminin,Primaire,Instituteur,Physique-Chimie,8,4527,23,0,9
ENS203369,2017-2018,Marrakech-Safi,MAR,Al Haouz,Urbain,Masculin,Primaire,Maître d'enseignement,SVT,13,5346,27,1,0
ENS203370,2021-2022,Marrakech-Safi,MAR,Youssoufia,Urbain,Féminin,Qualifiant,Contractuel,Anglais,13,5075,24,1,0
ENS203371,2015-2016,Oriental,ORI,Guercif,Urbain,Féminin,Primaire,Professeur certifié,Éducation islamique,32,6241,23,1,11
ENS203372,2018-2019,Marrakech-Safi,MAR,Chichaoua,Urbain,Masculin,Qualifiant,Instituteur,Français,12,4638,27,0,7
ENS203373,2015-2016,Casablanca-Settat,CAS,Settat,Rural,Masculin,Qualifiant,Instituteur,SVT,12,5762,29,0,0
ENS203374,2016-2017,Fès-Meknès,FES,Boulemane,Urbain,Féminin,Primaire,Instituteur,Sciences,15,5249,29,1,10
ENS203375,2015-2016,Tanger-Tétouan-Al Hoceïma,TAN,Chefchaouen,Rural,Masculin,Collégial,Contractuel,Philosophie,7,4211,29,0,12
ENS203376,2017-2018,Rabat-Salé-Kénitra,RAB,Rabat,Rural,Masculin,Qualifiant,Contractuel,Éducation physique,26,4392,22,0,10
ENS203377,2022-2023,Rabat-Salé-Kénitra,RAB,Sidi Slimane,Urbain,Masculin,Primaire,Contractuel,Éducation islamique,10,3545,31,1,6
ENS203378,2022-2023,Casablanca-Settat,CAS,Khouribga,Rural,Féminin,Collégial,Instituteur,Physique-Chimie,20,3917,23,0,0
ENS203379,2021-2022,Casablanca-Settat,CAS,Casablanca,Rural,Féminin,Qualifiant,Professeur certifié,Éducation islamique,28,7280,21,0,3
ENS203380,2018-2019,Marrakech-Safi,MAR,Youssoufia,Urbain,Féminin,Primaire,Professeur certifié,Français,10,7121,22,0,4
ENS203381,2020-2021,Drâa-Tafilalet,DRA,Midelt,Rural,Masculin,Primaire,Professeur certifié,SVT,26,5897,29,1,0
ENS203382,2015-2016,Oriental,ORI,Oujda-Angad,Rural,Masculin,Collégial,Maître d'enseignement,Français,20,5736,20,0,0
ENS203383,2021-2022,Oriental,ORI,Figuig,Rural,Masculin,Collégial,Maître d'enseignement,SVT,24,6104,28,0,5
ENS203384,2019-2020,Rabat-Salé-Kénitra,RAB,Salé,Rural,Masculin,Primaire,Maître d'enseignement,Anglais,29,5928,24,1,16
ENS203385,2016-2017,Casablanca-Settat,CAS,El Jadida,Urbain,Féminin,Primaire,Contractuel,Histoire-Géo,12,4185,23,1,0
ENS203386,2022-2023,Casablanca-Settat,CAS,Benslimane,Urbain,Masculin,Préscolaire,Contractuel,Mathématiques,7,4127,20,0,9
ENS203387,2022-2023,Marrakech-Safi,MAR,Marrakech,Rural,Féminin,Primaire,Contractuel,Français,26,4004,22,0,15
ENS203388,2017-2018,Oriental,ORI,Berkane,Urbain,Féminin,Collégial,Professeur agrégé,SVT,6,7628,24,0,18
ENS203389,2023-2024,Casablanca-Settat,CAS,Mohammadia,Urbain,Masculin,Primaire,Instituteur,Physique-Chimie,27,4891,18,1,15
ENS203390,2015-2016,Béni Mellal-Khénifra,BMK,El Kelaa des Sraghna,Urbain,Féminin,Collégial,Contractuel,Arabe,28,4064,28,1,22
ENS203391,2017-2018,Casablanca-Settat,CAS,Settat,Rural,Masculin,Collégial,Instituteur,Philosophie,5,5660,26,1,0
ENS203392,2018-2019,Tanger-Tétouan-Al Hoceïma,TAN,Tétouan,Rural,Masculin,Qualifiant,Professeur agrégé,Éducation physique,25,8591,29,1,0
ENS203393,2019-2020,Rabat-Salé-Kénitra,RAB,Rabat,Rural,Masculin,Préscolaire,Contractuel,Français,9,4572,22,1,18
ENS203394,2022-2023,Marrakech-Safi,MAR,Safi,Rural,Masculin,Primaire,Contractuel,Physique-Chimie,33,3933,28,0,15
ENS203395,2019-2020,Casablanca-Settat,CAS,El Jadida,Rural,Masculin,Primaire,Professeur agrégé,Anglais,18,7536,19,1,0
ENS203396,2017-2018,Casablanca-Settat,CAS,Sidi Bennour,Rural,Masculin,Primaire,Instituteur,Histoire-Géo,16,4883,18,1,9
ENS203397,2019-2020,Oriental,ORI,Jerada,Urbain,Féminin,Collégial,Professeur certifié,Physique-Chimie,2,6702,21,0,12
ENS203398,2021-2022,Rabat-Salé-Kénitra,RAB,Salé,Urbain,Féminin,Primaire,Professeur certifié,Arabe,21,7035,18,0,0
ENS203399,2016-2017,Souss-Massa,SOU,Tata,Urbain,Masculin,Collégial,Contractuel,Anglais,32,3692,29,1,0
ENS203400,2015-2016,Casablanca-Settat,CAS,Khouribga,Rural,Féminin,Collégial,Professeur certifié,Mathématiques,13,6321,26,0,1
ENS203401,2022-2023,Marrakech-Safi,MAR,El Kelaa des Sraghna,Urbain,Masculin,Qualifiant,Professeur certifié,Sciences,25,7368,21,1,12
ENS203402,2017-2018,Béni Mellal-Khénifra,BMK,Béni Mellal,Urbain,Féminin,Primaire,Vacataire,Français,23,2424,24,0,0
ENS203403,2022-2023,Marrakech-Safi,MAR,Safi,Rural,Masculin,Primaire,Professeur certifié,Physique-Chimie,10,7406,30,1,23
ENS203404,2021-2022,Drâa-Tafilalet,DRA,Midelt,Rural,Féminin,Primaire,Professeur certifié,Philosophie,17,5992,26,1,11
ENS203405,2017-2018,Laâyoune-Sakia El Hamra,LAA,Laâyoune,Rural,Féminin,Primaire,Professeur agrégé,SVT,8,8448,27,0,19
ENS203406,2023-2024,Marrakech-Safi,MAR,Al Haouz,Urbain,Masculin,Primaire,Professeur certifié,Philosophie,24,7905,21,0,18
ENS203407,2019-2020,Rabat-Salé-Kénitra,RAB,Rabat,Rural,Féminin,Qualifiant,Professeur agrégé,Sciences,9,8703,20,0,0
ENS203408,2018-2019,Marrakech-Safi,MAR,Essaouira,Rural,Masculin,Primaire,Professeur agrégé,Histoire-Géo,14,9539,27,1,0
ENS203409,2016-2017,Tanger-Tétouan-Al Hoceïma,TAN,Chefchaouen,Urbain,Féminin,Collégial,Instituteur,Physique-Chimie,26,4756,21,0,11
ENS203410,2021-2022,Rabat-Salé-Kénitra,RAB,Khémisset,Urbain,Masculin,Collégial,Contractuel,Sciences,24,4005,31,0,15
ENS203411,2021-2022,Rabat-Salé-Kénitra,RAB,Sidi Kacem,Urbain,Féminin,Primaire,Instituteur,Arabe,5,5196,29,1,19
ENS203412,2017-2018,Marrakech-Safi,MAR,Youssoufia,Rural,Masculin,Préscolaire,Contractuel,Arabe,2,4253,28,0,15
ENS203413,2022-2023,Rabat-Salé-Kénitra,RAB,Rabat,Urbain,Féminin,Qualifiant,Instituteur,Éducation islamique,19,5019,25,0,19
ENS203414,2022-2023,Casablanca-Settat,CAS,Mohammadia,Rural,Féminin,Qualifiant,Contractuel,Arabe,2,5016,31,0,22
ENS203415,2020-2021,Casablanca-Settat,CAS,Casablanca,Rural,Masculin,Collégial,Professeur certifié,Physique-Chimie,17,5573,21,1,0
ENS203416,2023-2024,Marrakech-Safi,MAR,El Kelaa des Sraghna,Urbain,Masculin,Qualifiant,Professeur certifié,Sciences,32,7443,31,1,13
ENS203417,2023-2024,Fès-Meknès,FES,El Hajeb,Rural,Masculin,Primaire,Contractuel,Histoire-Géo,27,4105,23,0,5
ENS203418,2019-2020,Fès-Meknès,FES,Fès,Urbain,Masculin,Qualifiant,Maître d'enseignement,Philosophie,13,5358,22,1,3
ENS203419,2021-2022,Marrakech-Safi,MAR,Safi,Rural,Masculin,Préscolaire,Contractuel,Physique-Chimie,31,5202,22,0,6
ENS203420,2022-2023,Tanger-Tétouan-Al Hoceïma,TAN,Larache,Rural,Féminin,Collégial,Professeur certifié,Anglais,12,5753,31,1,4
ENS203421,2023-2024,Fès-Meknès,FES,Boulemane,Rural,Féminin,Qualifiant,Contractuel,Philosophie,34,3018,28,0,14
ENS203422,2015-2016,Casablanca-Settat,CAS,Sidi Bennour,Urbain,Féminin,Primaire,Contractuel,Éducation physique,10,3918,28,0,22
ENS203423,2022-2023,Rabat-Salé-Kénitra,RAB,Salé,Rural,Masculin,Qualifiant,Professeur certifié,Éducation islamique,29,6511,31,1,13
ENS203424,2022-2023,Marrakech-Safi,MAR,Chichaoua,Urbain,Masculin,Primaire,Contractuel,Français,10,4882,19,1,11
ENS203425,2019-2020,Oriental,ORI,Berkane,Rural,Masculin,Collégial,Maître d'enseignement,Histoire-Géo,3,5092,28,0,2
ENS203426,2020-2021,Béni Mellal-Khénifra,BMK,Fquih Ben Salah,Urbain,Féminin,Primaire,Instituteur,Physique-Chimie,17,4410,24,1,5
ENS203427,2017-2018,Rabat-Salé-Kénitra,RAB,Sidi Slimane,Urbain,Féminin,Primaire,Professeur agrégé,SVT,8,9012,20,1,7
ENS203428,2018-2019,Marrakech-Safi,MAR,Youssoufia,Urbain,Masculin,Primaire,Contractuel,Physique-Chimie,2,5468,23,1,5
ENS203429,2019-2020,Souss-Massa,SOU,Tiznit,Rural,Masculin,Collégial,Professeur certifié,Anglais,28,4551,20,1,7
ENS203430,2021-2022,Marrakech-Safi,MAR,Chichaoua,Urbain,Masculin,Collégial,Professeur certifié,Histoire-Géo,1,6636,25,0,8
ENS203431,2019-2020,Tanger-Tétouan-Al Hoceïma,TAN,Fahs-Anjra,Rural,Masculin,Primaire,Professeur certifié,Histoire-Géo,8,4955,22,0,0
ENS203432,2015-2016,Béni Mellal-Khénifra,BMK,Azilal,Urbain,Féminin,Primaire,Vacataire,Sciences,30,2981,18,0,13
ENS203433,2016-2017,Souss-Massa,SOU,Taroudannt,Urbain,Masculin,Primaire,Maître d'enseignement,Sciences,34,5866,27,0,19
ENS203434,2017-2018,Souss-Massa,SOU,Inezgane-Ait Melloul,Urbain,Masculin,Primaire,Instituteur,Mathématiques,29,4519,24,1,3
ENS203435,2017-2018,Tanger-Tétouan-Al Hoceïma,TAN,Ouazzane,Urbain,Masculin,Primaire,Professeur certifié,Sciences,9,7001,20,1,0
ENS203436,2021-2022,Casablanca-Settat,CAS,Mohammadia,Rural,Masculin,Primaire,Professeur agrégé,Mathématiques,12,8291,31,0,24
ENS203437,2015-2016,Tanger-Tétouan-Al Hoceïma,TAN,Fahs-Anjra,Urbain,Féminin,Qualifiant,Professeur certifié,SVT,6,6037,31,0,0
ENS203438,2022-2023,Casablanca-Settat,CAS,Khouribga,Rural,Masculin,Primaire,Professeur agrégé,Sciences,18,9477,20,1,9
ENS203439,2021-2022,Fès-Meknès,FES,Taounate,Rural,Masculin,Primaire,Professeur certifié,Mathématiques,25,6121,20,0,0
ENS203440,2018-2019,Béni Mellal-Khénifra,BMK,El Kelaa des Sraghna,Rural,Féminin,Primaire,Vacataire,Éducation physique,26,3226,21,0,8
ENS203441,2018-2019,Marrakech-Safi,MAR,Chichaoua,Rural,Masculin,Collégial,Professeur certifié,SVT,22,6629,24,1,7
ENS203442,2018-2019,Béni Mellal-Khénifra,BMK,El Kelaa des Sraghna,Rural,Féminin,Qualifiant,Professeur agrégé,Sciences,5,8968,22,1,13
ENS203443,2021-2022,Marrakech-Safi,MAR,Safi,Rural,Masculin,Collégial,Professeur certifié,SVT,14,7271,26,1,0
ENS203444,2018-2019,Tanger-Tétouan-Al Hoceïma,TAN,Fahs-Anjra,Urbain,Féminin,Primaire,Instituteur,Physique-Chimie,21,5288,18,1,5
ENS203445,2020-2021,Tanger-Tétouan-Al Hoceïma,TAN,Chefchaouen,Urbain,Masculin,Collégial,Vacataire,Philosophie,4,2901,28,0,0
ENS203446,2019-2020,Casablanca-Settat,CAS,Settat,Urbain,Masculin,Collégial,Professeur agrégé,Philosophie,32,8068,26,0,7
ENS203447,2021-2022,Casablanca-Settat,CAS,Casablanca,Rural,Féminin,Collégial,Contractuel,Anglais,28,3664,22,0,0
ENS203448,2019-2020,Fès-Meknès,FES,Fès,Urbain,Masculin,Collégial,Professeur certifié,Philosophie,13,7855,20,0,0
ENS203449,2021-2022,Tanger-Tétouan-Al Hoceïma,TAN,Chefchaouen,Rural,Féminin,Primaire,Contractuel,Histoire-Géo,9,2999,28,0,6
ENS203450,2023-2024,Casablanca-Settat,CAS,Khouribga,Urbain,Masculin,Primaire,Instituteur,Histoire-Géo,19,4632,26,0,6
ENS203451,2017-2018,Casablanca-Settat,CAS,Benslimane,Urbain,Féminin,Primaire,Vacataire,SVT,6,2646,19,1,0
ENS203452,2015-2016,Drâa-Tafilalet,DRA,Errachidia,Urbain,Masculin,Collégial,Professeur certifié,Mathématiques,9,7170,22,1,0
ENS203453,2021-2022,Casablanca-Settat,CAS,Khouribga,Rural,Masculin,Qualifiant,Instituteur,Physique-Chimie,14,4974,29,0,11
ENS203454,2020-2021,Marrakech-Safi,MAR,Essaouira,Rural,Féminin,Primaire,Professeur certifié,Mathématiques,33,6551,20,0,5
ENS203455,2021-2022,Rabat-Salé-Kénitra,RAB,Kénitra,Rural,Masculin,Préscolaire,Contractuel,Français,11,4903,26,0,10
ENS203456,2021-2022,Fès-Meknès,FES,Moulay Yacoub,Rural,Féminin,Primaire,Contractuel,Anglais,24,2868,31,0,8
ENS203457,2021-2022,Tanger-Tétouan-Al Hoceïma,TAN,Fahs-Anjra,Urbain,Masculin,Qualifiant,Instituteur,Arabe,34,5972,22,0,0
ENS203458,2017-2018,Rabat-Salé-Kénitra,RAB,Rabat,Rural,Masculin,Primaire,Contractuel,Éducation physique,10,4260,21,1,2
ENS203459,2022-2023,Béni Mellal-Khénifra,BMK,Fquih Ben Salah,Urbain,Masculin,Collégial,Contractuel,SVT,29,4061,18,0,24
ENS203460,2023-2024,Béni Mellal-Khénifra,BMK,Azilal,Rural,Masculin,Collégial,Contractuel,Éducation islamique,28,4321,23,1,1
ENS203461,2020-2021,Tanger-Tétouan-Al Hoceïma,TAN,Mdiq-Fnideq,Urbain,Masculin,Primaire,Contractuel,Éducation islamique,30,5290,26,1,10
ENS203462,2015-2016,Casablanca-Settat,CAS,Settat,Rural,Masculin,Primaire,Professeur certifié,Sciences,17,5227,23,0,16
ENS203463,2022-2023,Tanger-Tétouan-Al Hoceïma,TAN,Ouazzane,Urbain,Masculin,Primaire,Professeur agrégé,Éducation physique,1,9637,26,0,21
ENS203464,2020-2021,Oriental,ORI,Nador,Urbain,Masculin,Collégial,Instituteur,Physique-Chimie,8,4523,21,0,8
ENS203465,2023-2024,Casablanca-Settat,CAS,Khouribga,Rural,Masculin,Primaire,Contractuel,Éducation islamique,24,4280,29,1,2
ENS203466,2022-2023,Casablanca-Settat,CAS,Khouribga,Urbain,Féminin,Primaire,Professeur certifié,Éducation physique,9,5313,30,1,5
ENS203467,2023-2024,Fès-Meknès,FES,Meknès,Urbain,Féminin,Primaire,Instituteur,Arabe,25,4543,28,1,15
ENS203468,2022-2023,Béni Mellal-Khénifra,BMK,Béni Mellal,Urbain,Féminin,Qualifiant,Vacataire,Français,26,3248,21,0,19
ENS203469,2015-2016,Souss-Massa,SOU,Taroudannt,Rural,Masculin,Préscolaire,Maître d'enseignement,Philosophie,18,4095,31,0,21
ENS203470,2015-2016,Béni Mellal-Khénifra,BMK,Fquih Ben Salah,Rural,Masculin,Primaire,Instituteur,Français,24,4566,18,1,0
ENS203471,2016-2017,Béni Mellal-Khénifra,BMK,Khouribga,Urbain,Féminin,Primaire,Maître d'enseignement,Histoire-Géo,6,6385,29,1,22
ENS203472,2019-2020,Rabat-Salé-Kénitra,RAB,Skhirate-Témara,Urbain,Masculin,Qualifiant,Professeur certifié,Mathématiques,13,6532,18,0,0
ENS203473,2018-2019,Marrakech-Safi,MAR,Essaouira,Rural,Masculin,Collégial,Instituteur,Physique-Chimie,14,5077,25,1,9
ENS203474,2021-2022,Oriental,ORI,Oujda-Angad,Urbain,Masculin,Primaire,Professeur agrégé,Français,31,8641,26,1,8
ENS203475,2015-2016,Oriental,ORI,Nador,Urbain,Masculin,Primaire,Maître d'enseignement,Mathématiques,11,5023,18,1,0
ENS203476,2019-2020,Tanger-Tétouan-Al Hoceïma,TAN,Fahs-Anjra,Urbain,Féminin,Primaire,Contractuel,Éducation islamique,26,4171,18,0,12
ENS203477,2019-2020,Rabat-Salé-Kénitra,RAB,Skhirate-Témara,Rural,Féminin,Primaire,Contractuel,Sciences,19,5508,27,0,9
ENS203478,2021-2022,Casablanca-Settat,CAS,Sidi Bennour,Urbain,Masculin,Primaire,Contractuel,Éducation physique,5,5028,30,0,21
ENS203479,2018-2019,Tanger-Tétouan-Al Hoceïma,TAN,Al Hoceïma,Rural,Féminin,Primaire,Professeur agrégé,SVT,27,8789,19,0,1
ENS203480,2020-2021,Rabat-Salé-Kénitra,RAB,Skhirate-Témara,Rural,Féminin,Primaire,Professeur agrégé,Sciences,21,8068,22,0,0
ENS203481,2018-2019,Tanger-Tétouan-Al Hoceïma,TAN,Tanger-Assilah,Urbain,Masculin,Qualifiant,Instituteur,SVT,29,4638,24,0,0
ENS203482,2017-2018,Rabat-Salé-Kénitra,RAB,Khémisset,Rural,Féminin,Primaire,Contractuel,Anglais,30,3550,24,1,0
ENS203483,2021-2022,Marrakech-Safi,MAR,Safi,Urbain,Féminin,Collégial,Contractuel,Sciences,25,5280,20,1,0
ENS203484,2023-2024,Laâyoune-Sakia El Hamra,LAA,Tarfaya,Urbain,Masculin,Qualifiant,Professeur certifié,Histoire-Géo,25,6002,30,1,3
ENS203485,2021-2022,Casablanca-Settat,CAS,Benslimane,Urbain,Féminin,Collégial,Maître d'enseignement,Arabe,6,4291,22,0,0
ENS203486,2017-2018,Oriental,ORI,Guercif,Urbain,Masculin,Primaire,Professeur certifié,Histoire-Géo,20,6677,28,0,7
ENS203487,2016-2017,Souss-Massa,SOU,Agadir-Ida-Ou-Tanane,Rural,Féminin,Primaire,Professeur certifié,Éducation physique,15,5713,20,0,16
ENS203488,2020-2021,Tanger-Tétouan-Al Hoceïma,TAN,Chefchaouen,Urbain,Féminin,Collégial,Professeur agrégé,SVT,27,7073,22,1,14
ENS203489,2019-2020,Tanger-Tétouan-Al Hoceïma,TAN,Fahs-Anjra,Rural,Masculin,Préscolaire,Contractuel,SVT,9,3442,25,1,10
ENS203490,2018-2019,Drâa-Tafilalet,DRA,Zagora,Rural,Féminin,Collégial,Instituteur,Anglais,28,4220,29,0,0
ENS203491,2015-2016,Casablanca-Settat,CAS,El Jadida,Urbain,Masculin,Qualifiant,Contractuel,Éducation physique,11,3627,25,0,12
ENS203492,2023-2024,Tanger-Tétouan-Al Hoceïma,TAN,Tétouan,Rural,Masculin,Primaire,Professeur agrégé,Physique-Chimie,5,7727,30,1,15
ENS203493,2018-2019,Marrakech-Safi,MAR,Chichaoua,Rural,Masculin,Primaire,Professeur agrégé,Éducation physique,26,8171,30,0,5
ENS203494,2021-2022,Souss-Massa,SOU,Chtouka-Ait Baha,Rural,Masculin,Primaire,Instituteur,Histoire-Géo,11,5732,24,0,13
ENS203495,2015-2016,Rabat-Salé-Kénitra,RAB,Kénitra,Rural,Masculin,Primaire,Maître d'enseignement,SVT,1,7031,26,0,0
ENS203496,2018-2019,Casablanca-Settat,CAS,Mohammadia,Rural,Masculin,Collégial,Instituteur,Français,24,3790,28,1,4
ENS203497,2019-2020,Casablanca-Settat,CAS,Benslimane,Urbain,Féminin,Qualifiant,Contractuel,Mathématiques,18,4100,29,0,0
ENS203498,2022-2023,Drâa-Tafilalet,DRA,Errachidia,Urbain,Masculin,Primaire,Vacataire,Mathématiques,13,2227,20,0,11
ENS203499,2020-2021,Rabat-Salé-Kénitra,RAB,Rabat,Rural,Masculin,Primaire,Maître d'enseignement,Anglais,24,6090,22,1,6
ENS203500,2023-2024,Rabat-Salé-Kénitra,RAB,Rabat,Rural,Masculin,Qualifiant,Instituteur,Philosophie,11,4376,23,1,22
ENS203501,2023-2024,Drâa-Tafilalet,DRA,Tinghir,Urbain,Féminin,Primaire,Professeur agrégé,Éducation physique,6,8733,27,1,20
ENS203502,2022-2023,Rabat-Salé-Kénitra,RAB,Sidi Slimane,Rural,Féminin,Collégial,Maître d'enseignement,Français,18,6475,25,0,8
ENS203503,2016-2017,Souss-Massa,SOU,Taroudannt,Urbain,Féminin,Collégial,Instituteur,Arabe,17,5385,18,1,0
ENS203504,2022-2023,Fès-Meknès,FES,El Hajeb,Rural,Masculin,Primaire,Instituteur,Éducation physique,34,4274,23,0,0
ENS203505,2022-2023,Casablanca-Settat,CAS,Settat,Urbain,Masculin,Primaire,Professeur certifié,Anglais,17,7343,25,1,18
ENS203506,2023-2024,Béni Mellal-Khénifra,BMK,Fquih Ben Salah,Urbain,Féminin,Primaire,Professeur certifié,Histoire-Géo,29,5143,30,0,20
ENS203507,2021-2022,Tanger-Tétouan-Al Hoceïma,TAN,Larache,Urbain,Masculin,Préscolaire,Maître d'enseignement,Arabe,28,5601,28,1,23
ENS203508,2022-2023,Casablanca-Settat,CAS,Benslimane,Urbain,Masculin,Primaire,Instituteur,Physique-Chimie,34,4492,26,1,10
ENS203509,2016-2017,Béni Mellal-Khénifra,BMK,Fquih Ben Salah,Urbain,Féminin,Primaire,Professeur certifié,Mathématiques,32,6031,29,0,0
ENS203510,2017-2018,Rabat-Salé-Kénitra,RAB,Rabat,Rural,Masculin,Collégial,Professeur certifié,Français,16,6573,25,1,10
ENS203511,2016-2017,Fès-Meknès,FES,El Hajeb,Urbain,Masculin,Primaire,Contractuel,SVT,29,4781,25,0,14
ENS203512,2022-2023,Casablanca-Settat,CAS,Mohammadia,Rural,Masculin,Collégial,Contractuel,Éducation physique,30,4549,22,0,5
ENS203513,2020-2021,Oriental,ORI,Oujda-Angad,Urbain,Masculin,Primaire,Professeur certifié,SVT,20,6415,29,0,16
ENS203514,2016-2017,Casablanca-Settat,CAS,Settat,Rural,Masculin,Primaire,Instituteur,Arabe,28,5104,21,0,13
ENS203515,2015-2016,Souss-Massa,SOU,Tata,Urbain,Féminin,Collégial,Professeur certifié,Mathématiques,10,5926,21,0,14
ENS203516,2022-2023,Fès-Meknès,FES,Taounate,Urbain,Masculin,Collégial,Professeur certifié,Mathématiques,6,5283,30,0,11
ENS203517,2019-2020,Rabat-Salé-Kénitra,RAB,Sidi Kacem,Rural,Masculin,Qualifiant,Professeur certifié,Français,6,6461,21,1,0
ENS203518,2022-2023,Béni Mellal-Khénifra,BMK,Béni Mellal,Urbain,Masculin,Collégial,Professeur certifié,Physique-Chimie,26,6996,28,1,0
ENS203519,2018-2019,Béni Mellal-Khénifra,BMK,Khouribga,Urbain,Masculin,Collégial,Maître d'enseignement,Arabe,3,6025,23,0,7
ENS203520,2019-2020,Marrakech-Safi,MAR,Chichaoua,Urbain,Masculin,Primaire,Contractuel,Français,13,4189,22,0,13
ENS203521,2016-2017,Rabat-Salé-Kénitra,RAB,Salé,Rural,Féminin,Collégial,Vacataire,Philosophie,15,2935,25,1,11
ENS203522,2021-2022,Souss-Massa,SOU,Agadir-Ida-Ou-Tanane,Urbain,Féminin,Qualifiant,Contractuel,Arabe,3,3322,19,1,1
ENS203523,2023-2024,Marrakech-Safi,MAR,El Kelaa des Sraghna,Rural,Féminin,Primaire,Maître d'enseignement,SVT,2,5775,23,1,18
ENS203524,2015-2016,Rabat-Salé-Kénitra,RAB,Salé,Urbain,Féminin,Primaire,Professeur agrégé,Éducation islamique,29,8540,25,0,0
ENS203525,2015-2016,Oriental,ORI,Driouch,Urbain,Masculin,Qualifiant,Professeur certifié,Physique-Chimie,1,6414,25,0,1
ENS203526,2017-2018,Rabat-Salé-Kénitra,RAB,Skhirate-Témara,Rural,Masculin,Primaire,Contractuel,Physique-Chimie,18,4599,22,1,12
ENS203527,2018-2019,Fès-Meknès,FES,Boulemane,Rural,Féminin,Collégial,Contractuel,Mathématiques,11,3281,18,0,0
ENS203528,2017-2018,Marrakech-Safi,MAR,Chichaoua,Urbain,Masculin,Primaire,Instituteur,Philosophie,8,5054,29,0,24
ENS203529,2019-2020,Fès-Meknès,FES,Ifrane,Urbain,Masculin,Primaire,Professeur certifié,Éducation islamique,16,6360,25,0,1
ENS203530,2015-2016,Casablanca-Settat,CAS,Mohammadia,Rural,Féminin,Primaire,Professeur agrégé,Mathématiques,7,8893,24,1,20
ENS203531,2023-2024,Oriental,ORI,Jerada,Urbain,Féminin,Qualifiant,Professeur agrégé,Sciences,22,8918,29,0,1
ENS203532,2020-2021,Casablanca-Settat,CAS,Berrechid,Urbain,Féminin,Qualifiant,Professeur certifié,Philosophie,21,6054,29,0,0
ENS203533,2018-2019,Béni Mellal-Khénifra,BMK,Fquih Ben Salah,Rural,Masculin,Primaire,Instituteur,Philosophie,33,4916,28,1,0
ENS203534,2021-2022,Marrakech-Safi,MAR,Chichaoua,Rural,Masculin,Collégial,Maître d'enseignement,Physique-Chimie,22,6159,26,0,5
ENS203535,2016-2017,Casablanca-Settat,CAS,Mohammadia,Rural,Féminin,Collégial,Professeur certifié,Éducation physique,5,5920,27,0,0
ENS203536,2019-2020,Casablanca-Settat,CAS,Settat,Rural,Masculin,Primaire,Professeur agrégé,Histoire-Géo,9,8347,27,1,5
ENS203537,2022-2023,Tanger-Tétouan-Al Hoceïma,TAN,Chefchaouen,Rural,Masculin,Primaire,Professeur certifié,Français,3,5888,30,0,0
ENS203538,2021-2022,Casablanca-Settat,CAS,Settat,Rural,Féminin,Qualifiant,Professeur certifié,Sciences,27,6464,31,1,4
ENS203539,2019-2020,Béni Mellal-Khénifra,BMK,Béni Mellal,Urbain,Féminin,Primaire,Contractuel,Français,13,2351,26,0,0
ENS203540,2018-2019,Drâa-Tafilalet,DRA,Tinghir,Rural,Masculin,Primaire,Professeur certifié,Sciences,6,6539,20,0,14
ENS203541,2017-2018,Laâyoune-Sakia El Hamra,LAA,Tarfaya,Urbain,Masculin,Primaire,Professeur agrégé,Français,11,7923,23,0,0
ENS203542,2015-2016,Casablanca-Settat,CAS,Casablanca,Rural,Féminin,Primaire,Professeur certifié,Anglais,5,6810,28,0,7
ENS203543,2016-2017,Casablanca-Settat,CAS,Benslimane,Rural,Féminin,Collégial,Contractuel,Éducation islamique,19,3833,21,1,22
ENS203544,2022-2023,Casablanca-Settat,CAS,Sidi Bennour,Urbain,Masculin,Primaire,Professeur certifié,Sciences,21,5927,23,1,0
ENS203545,2017-2018,Guelmim-Oued Noun,GUE,Sidi Ifni,Rural,Féminin,Primaire,Contractuel,Français,25,4311,28,0,1
ENS203546,2023-2024,Fès-Meknès,FES,Séfrou,Rural,Masculin,Collégial,Instituteur,Physique-Chimie,14,5024,30,0,8
ENS203547,2022-2023,Oriental,ORI,Oujda-Angad,Urbain,Masculin,Collégial,Professeur agrégé,SVT,11,7717,21,0,1
ENS203548,2018-2019,Oriental,ORI,Nador,Rural,Masculin,Collégial,Professeur certifié,Mathématiques,4,5998,30,1,23
ENS203549,2020-2021,Marrakech-Safi,MAR,Safi,Urbain,Féminin,Primaire,Instituteur,SVT,29,5070,21,1,3
ENS203550,2022-2023,Fès-Meknès,FES,Taounate,Urbain,Féminin,Collégial,Professeur certifié,Éducation physique,8,6793,26,0,13
ENS203551,2015-2016,Casablanca-Settat,CAS,Berrechid,Rural,Masculin,Primaire,Professeur certifié,Physique-Chimie,30,6959,18,0,10
ENS203552,2020-2021,Fès-Meknès,FES,Taounate,Rural,Féminin,Préscolaire,Professeur certifié,Arabe,6,6944,31,1,24
ENS203553,2017-2018,Fès-Meknès,FES,Moulay Yacoub,Urbain,Féminin,Préscolaire,Professeur certifié,Anglais,5,5956,20,0,1
ENS203554,2022-2023,Rabat-Salé-Kénitra,RAB,Khémisset,Rural,Féminin,Collégial,Professeur certifié,Mathématiques,21,6485,27,0,0
ENS203555,2020-2021,Tanger-Tétouan-Al Hoceïma,TAN,Larache,Rural,Masculin,Collégial,Professeur agrégé,Histoire-Géo,2,9209,28,0,10
ENS203556,2021-2022,Souss-Massa,SOU,Chtouka-Ait Baha,Rural,Féminin,Qualifiant,Professeur certifié,Éducation physique,15,6787,28,0,6
ENS203557,2015-2016,Fès-Meknès,FES,El Hajeb,Urbain,Féminin,Primaire,Maître d'enseignement,Physique-Chimie,33,4286,22,1,13
ENS203558,2017-2018,Marrakech-Safi,MAR,Marrakech,Rural,Masculin,Primaire,Instituteur,Éducation islamique,3,4891,26,0,0
ENS203559,2017-2018,Casablanca-Settat,CAS,Settat,Urbain,Masculin,Primaire,Contractuel,SVT,23,2770,29,0,0
ENS203560,2015-2016,Marrakech-Safi,MAR,Youssoufia,Urbain,Féminin,Primaire,Professeur agrégé,Physique-Chimie,25,8503,23,0,15
ENS203561,2023-2024,Fès-Meknès,FES,El Hajeb,Urbain,Masculin,Collégial,Instituteur,Éducation physique,33,4736,31,1,21
ENS203562,2020-2021,Rabat-Salé-Kénitra,RAB,Sidi Kacem,Rural,Féminin,Collégial,Contractuel,Anglais,32,3745,30,1,0
ENS203563,2021-2022,Casablanca-Settat,CAS,Sidi Bennour,Urbain,Féminin,Primaire,Instituteur,Anglais,13,3967,18,1,12
ENS203564,2015-2016,Marrakech-Safi,MAR,Safi,Rural,Masculin,Collégial,Vacataire,Mathématiques,9,4472,23,1,9
ENS203565,2019-2020,Casablanca-Settat,CAS,Sidi Bennour,Rural,Féminin,Qualifiant,Instituteur,Philosophie,13,5194,20,1,0
ENS203566,2019-2020,Laâyoune-Sakia El Hamra,LAA,Laâyoune,Rural,Masculin,Primaire,Maître d'enseignement,Anglais,3,6628,25,0,23
ENS203567,2021-2022,Casablanca-Settat,CAS,Sidi Bennour,Rural,Masculin,Primaire,Maître d'enseignement,Histoire-Géo,8,5011,31,1,0
ENS203568,2022-2023,Oriental,ORI,Jerada,Urbain,Féminin,Qualifiant,Professeur certifié,Français,19,7687,31,1,17
ENS203569,2018-2019,Marrakech-Safi,MAR,Safi,Urbain,Féminin,Primaire,Professeur agrégé,Éducation islamique,24,7050,19,1,0
ENS203570,2022-2023,Béni Mellal-Khénifra,BMK,Béni Mellal,Urbain,Masculin,Collégial,Professeur agrégé,Philosophie,10,8126,20,0,2
ENS203571,2021-2022,Drâa-Tafilalet,DRA,Midelt,Urbain,Masculin,Primaire,Contractuel,Anglais,2,5501,27,1,9
ENS203572,2020-2021,Casablanca-Settat,CAS,Mohammadia,Rural,Féminin,Primaire,Professeur certifié,Sciences,31,5812,20,0,22
ENS203573,2022-2023,Casablanca-Settat,CAS,Mohammadia,Urbain,Masculin,Primaire,Vacataire,Philosophie,11,2418,20,0,24
ENS203574,2023-2024,Fès-Meknès,FES,Taza,Rural,Masculin,Primaire,Professeur certifié,Anglais,6,8044,25,1,8
ENS203575,2018-2019,Marrakech-Safi,MAR,Youssoufia,Urbain,Féminin,Primaire,Professeur certifié,Philosophie,2,7074,23,0,3
ENS203576,2019-2020,Rabat-Salé-Kénitra,RAB,Khémisset,Urbain,Masculin,Qualifiant,Instituteur,Physique-Chimie,21,5247,19,1,8
ENS203577,2021-2022,Béni Mellal-Khénifra,BMK,Fquih Ben Salah,Rural,Féminin,Primaire,Professeur certifié,Philosophie,14,7020,18,1,15
ENS203578,2016-2017,Fès-Meknès,FES,Fès,Urbain,Féminin,Collégial,Instituteur,Arabe,32,4387,21,0,7
ENS203579,2018-2019,Casablanca-Settat,CAS,Settat,Urbain,Masculin,Primaire,Instituteur,Physique-Chimie,33,5339,27,0,22
ENS203580,2020-2021,Guelmim-Oued Noun,GUE,Tan-Tan,Urbain,Masculin,Primaire,Maître d'enseignement,Sciences,33,6836,20,1,0
ENS203581,2017-2018,Oriental,ORI,Taourirt,Urbain,Masculin,Collégial,Professeur certifié,Éducation physique,22,4770,20,0,18
ENS203582,2016-2017,Marrakech-Safi,MAR,Al Haouz,Urbain,Masculin,Primaire,Instituteur,Mathématiques,23,4714,29,0,10
ENS203583,2017-2018,Souss-Massa,SOU,Tiznit,Rural,Féminin,Primaire,Instituteur,Éducation physique,22,5256,23,1,24
ENS203584,2017-2018,Tanger-Tétouan-Al Hoceïma,TAN,Tétouan,Urbain,Féminin,Primaire,Instituteur,Anglais,2,4265,24,0,2
ENS203585,2023-2024,Souss-Massa,SOU,Tiznit,Urbain,Masculin,Qualifiant,Professeur certifié,Éducation physique,22,5417,27,0,20
ENS203586,2020-2021,Casablanca-Settat,CAS,Sidi Bennour,Rural,Masculin,Primaire,Contractuel,Sciences,26,4098,25,0,19
ENS203587,2019-2020,Rabat-Salé-Kénitra,RAB,Salé,Rural,Masculin,Collégial,Maître d'enseignement,Mathématiques,26,5312,21,0,13
ENS203588,2023-2024,Casablanca-Settat,CAS,Sidi Bennour,Urbain,Féminin,Primaire,Professeur certifié,Mathématiques,18,6059,26,0,23
ENS203589,2021-2022,Souss-Massa,SOU,Taroudannt,Rural,Féminin,Primaire,Instituteur,Anglais,24,5125,27,1,0
ENS203590,2019-2020,Fès-Meknès,FES,El Hajeb,Urbain,Masculin,Qualifiant,Instituteur,Histoire-Géo,15,5337,19,1,0
ENS203591,2020-2021,Béni Mellal-Khénifra,BMK,El Kelaa des Sraghna,Urbain,Masculin,Primaire,Professeur certifié,Éducation physique,17,6592,29,0,22
ENS203592,2019-2020,Oriental,ORI,Taourirt,Rural,Masculin,Primaire,Instituteur,Éducation physique,20,4380,18,1,0
ENS203593,2019-2020,Drâa-Tafilalet,DRA,Ouarzazate,Rural,Féminin,Collégial,Contractuel,SVT,30,3651,29,0,17
ENS203594,2022-2023,Tanger-Tétouan-Al Hoceïma,TAN,Fahs-Anjra,Rural,Masculin,Primaire,Professeur certifié,Arabe,16,6386,31,1,15
ENS203595,2015-2016,Souss-Massa,SOU,Taroudannt,Urbain,Masculin,Collégial,Instituteur,Philosophie,29,5688,25,0,5
ENS203596,2020-2021,Tanger-Tétouan-Al Hoceïma,TAN,Larache,Urbain,Masculin,Collégial,Professeur certifié,Éducation physique,17,5783,29,0,9
ENS203597,2019-2020,Béni Mellal-Khénifra,BMK,Azilal,Urbain,Masculin,Primaire,Professeur certifié,Arabe,22,6498,18,1,19
ENS203598,2017-2018,Souss-Massa,SOU,Taroudannt,Urbain,Féminin,Primaire,Instituteur,Sciences,21,5305,26,0,0
ENS203599,2022-2023,Marrakech-Safi,MAR,Marrakech,Rural,Féminin,Primaire,Instituteur,Histoire-Géo,30,5759,25,1,7
ENS203600,2018-2019,Rabat-Salé-Kénitra,RAB,Khémisset,Rural,Masculin,Collégial,Contractuel,Français,10,4436,22,1,15
ENS203601,2015-2016,Souss-Massa,SOU,Chtouka-Ait Baha,Rural,Masculin,Primaire,Instituteur,Mathématiques,6,4044,23,0,23
ENS203602,2020-2021,Casablanca-Settat,CAS,Mohammadia,Rural,Féminin,Qualifiant,Professeur agrégé,Philosophie,23,8902,24,1,12
ENS203603,2020-2021,Casablanca-Settat,CAS,Settat,Rural,Masculin,Collégial,Professeur agrégé,Éducation physique,12,8878,23,1,0
ENS203604,2019-2020,Tanger-Tétouan-Al Hoceïma,TAN,Tanger-Assilah,Rural,Masculin,Primaire,Maître d'enseignement,Sciences,11,5393,27,0,0
ENS203605,2018-2019,Rabat-Salé-Kénitra,RAB,Sidi Kacem,Rural,Féminin,Primaire,Professeur agrégé,Histoire-Géo,30,8411,28,1,0
ENS203606,2020-2021,Fès-Meknès,FES,Fès,Rural,Féminin,Primaire,Maître d'enseignement,SVT,17,4894,29,1,12
ENS203607,2015-2016,Marrakech-Safi,MAR,Al Haouz,Rural,Masculin,Qualifiant,Maître d'enseignement,Physique-Chimie,3,5323,25,0,14
ENS203608,2020-2021,Tanger-Tétouan-Al Hoceïma,TAN,Tétouan,Rural,Féminin,Primaire,Instituteur,Physique-Chimie,29,6119,30,0,6
ENS203609,2021-2022,Marrakech-Safi,MAR,El Kelaa des Sraghna,Urbain,Féminin,Primaire,Professeur certifié,Français,5,7508,25,0,22
ENS203610,2017-2018,Oriental,ORI,Taourirt,Rural,Masculin,Primaire,Contractuel,SVT,11,2807,20,0,18
ENS203611,2020-2021,Marrakech-Safi,MAR,Al Haouz,Urbain,Masculin,Primaire,Professeur certifié,Sciences,10,6653,28,0,0
ENS203612,2020-2021,Rabat-Salé-Kénitra,RAB,Khémisset,Urbain,Féminin,Primaire,Contractuel,Sciences,21,3970,27,1,20
ENS203613,2016-2017,Fès-Meknès,FES,Taza,Urbain,Masculin,Primaire,Instituteur,Éducation physique,23,4818,23,0,0
ENS203614,2018-2019,Oriental,ORI,Oujda-Angad,Urbain,Féminin,Collégial,Instituteur,Anglais,5,5141,26,0,0
ENS203615,2022-2023,Rabat-Salé-Kénitra,RAB,Salé,Urbain,Féminin,Préscolaire,Professeur agrégé,Éducation physique,2,9407,22,1,14
ENS203616,2020-2021,Tanger-Tétouan-Al Hoceïma,TAN,Al Hoceïma,Urbain,Masculin,Primaire,Instituteur,Anglais,3,5572,19,1,9
ENS203617,2023-2024,Rabat-Salé-Kénitra,RAB,Skhirate-Témara,Urbain,Féminin,Primaire,Professeur certifié,Histoire-Géo,31,7042,18,0,8
ENS203618,2019-2020,Drâa-Tafilalet,DRA,Ouarzazate,Urbain,Masculin,Collégial,Professeur certifié,Physique-Chimie,14,6738,18,1,18
ENS203619,2021-2022,Marrakech-Safi,MAR,El Kelaa des Sraghna,Urbain,Masculin,Qualifiant,Professeur certifié,Arabe,19,6094,19,1,6
ENS203620,2016-2017,Casablanca-Settat,CAS,Berrechid,Urbain,Masculin,Primaire,Maître d'enseignement,Philosophie,8,6291,25,0,2
ENS203621,2021-2022,Drâa-Tafilalet,DRA,Ouarzazate,Rural,Masculin,Qualifiant,Contractuel,Physique-Chimie,11,5573,24,1,0
ENS203622,2020-2021,Béni Mellal-Khénifra,BMK,Béni Mellal,Urbain,Masculin,Préscolaire,Professeur agrégé,Histoire-Géo,23,8945,24,0,11
ENS203623,2016-2017,Fès-Meknès,FES,Séfrou,Urbain,Masculin,Qualifiant,Contractuel,Mathématiques,23,5385,28,1,2
ENS203624,2015-2016,Rabat-Salé-Kénitra,RAB,Rabat,Urbain,Masculin,Collégial,Professeur certifié,Sciences,24,6228,30,1,0
ENS203625,2023-2024,Drâa-Tafilalet,DRA,Ouarzazate,Urbain,Féminin,Qualifiant,Instituteur,Éducation islamique,2,4772,22,0,11
ENS203626,2019-2020,Fès-Meknès,FES,Boulemane,Rural,Masculin,Collégial,Professeur certifié,Physique-Chimie,17,6323,20,0,4
ENS203627,2019-2020,Rabat-Salé-Kénitra,RAB,Rabat,Urbain,Masculin,Préscolaire,Contractuel,Sciences,24,4488,23,0,16
ENS203628,2017-2018,Marrakech-Safi,MAR,Al Haouz,Rural,Féminin,Qualifiant,Professeur certifié,Physique-Chimie,17,6667,27,0,19
ENS203629,2019-2020,Fès-Meknès,FES,Fès,Urbain,Masculin,Qualifiant,Contractuel,Mathématiques,31,4126,24,1,0
ENS203630,2016-2017,Rabat-Salé-Kénitra,RAB,Sidi Slimane,Urbain,Féminin,Primaire,Vacataire,Philosophie,5,2178,20,1,0
ENS203631,2020-2021,Marrakech-Safi,MAR,Essaouira,Urbain,Masculin,Qualifiant,Instituteur,Histoire-Géo,17,6179,21,1,10
ENS203632,2016-2017,Rabat-Salé-Kénitra,RAB,Kénitra,Urbain,Féminin,Qualifiant,Instituteur,Philosophie,22,4961,30,0,0
ENS203633,2023-2024,Béni Mellal-Khénifra,BMK,Azilal,Urbain,Masculin,Qualifiant,Professeur certifié,Éducation islamique,32,7010,18,0,11
ENS203634,2021-2022,Casablanca-Settat,CAS,Sidi Bennour,Rural,Féminin,Collégial,Instituteur,Éducation islamique,21,4342,21,0,14
ENS203635,2019-2020,Oriental,ORI,Nador,Rural,Féminin,Qualifiant,Contractuel,Mathématiques,23,3720,24,0,24
ENS203636,2023-2024,Tanger-Tétouan-Al Hoceïma,TAN,Tanger-Assilah,Rural,Féminin,Primaire,Instituteur,Anglais,2,4581,27,0,23
ENS203637,2022-2023,Tanger-Tétouan-Al Hoceïma,TAN,Larache,Urbain,Masculin,Primaire,Maître d'enseignement,Philosophie,23,6732,24,0,2
ENS203638,2017-2018,Souss-Massa,SOU,Chtouka-Ait Baha,Urbain,Masculin,Primaire,Contractuel,Physique-Chimie,34,5463,30,0,24
ENS203639,2023-2024,Fès-Meknès,FES,Meknès,Rural,Féminin,Collégial,Vacataire,Physique-Chimie,3,3224,22,1,20
ENS203640,2015-2016,Rabat-Salé-Kénitra,RAB,Rabat,Rural,Féminin,Primaire,Instituteur,Sciences,19,5777,18,1,7
ENS203641,2021-2022,Casablanca-Settat,CAS,Casablanca,Urbain,Féminin,Qualifiant,Professeur agrégé,Mathématiques,10,8926,28,1,0
ENS203642,2019-2020,Fès-Meknès,FES,Moulay Yacoub,Urbain,Masculin,Qualifiant,Professeur agrégé,Mathématiques,34,9376,19,0,15
ENS203643,2015-2016,Fès-Meknès,FES,Séfrou,Rural,Masculin,Primaire,Professeur agrégé,Philosophie,33,9182,18,0,7
ENS203644,2018-2019,Oriental,ORI,Berkane,Rural,Masculin,Qualifiant,Professeur certifié,Sciences,1,6692,21,1,11
ENS203645,2023-2024,Fès-Meknès,FES,Boulemane,Rural,Féminin,Primaire,Contractuel,SVT,29,3639,19,0,13
ENS203646,2017-2018,Souss-Massa,SOU,Inezgane-Ait Melloul,Rural,Masculin,Primaire,Maître d'enseignement,Sciences,21,5008,24,0,0
ENS203647,2020-2021,Marrakech-Safi,MAR,El Kelaa des Sraghna,Rural,Féminin,Primaire,Instituteur,Éducation islamique,20,4286,27,1,4
ENS203648,2017-2018,Marrakech-Safi,MAR,El Kelaa des Sraghna,Rural,Masculin,Primaire,Professeur certifié,SVT,8,6907,20,0,4
ENS203649,2015-2016,Drâa-Tafilalet,DRA,Ouarzazate,Rural,Féminin,Collégial,Contractuel,Physique-Chimie,14,4888,24,0,11
ENS203650,2019-2020,Tanger-Tétouan-Al Hoceïma,TAN,Tétouan,Rural,Masculin,Primaire,Contractuel,Physique-Chimie,9,3224,28,1,24
ENS203651,2015-2016,Marrakech-Safi,MAR,Marrakech,Urbain,Féminin,Primaire,Instituteur,Mathématiques,19,5467,27,1,20
ENS203652,2018-2019,Casablanca-Settat,CAS,Sidi Bennour,Urbain,Masculin,Qualifiant,Instituteur,Histoire-Géo,2,5384,18,1,16
ENS203653,2022-2023,Fès-Meknès,FES,Séfrou,Urbain,Masculin,Qualifiant,Instituteur,Arabe,30,4533,19,1,0
ENS203654,2023-2024,Souss-Massa,SOU,Agadir-Ida-Ou-Tanane,Urbain,Féminin,Qualifiant,Instituteur,Philosophie,14,4126,18,0,23
ENS203655,2020-2021,Oriental,ORI,Nador,Rural,Féminin,Collégial,Professeur agrégé,Physique-Chimie,14,8872,28,1,11
ENS203656,2022-2023,Casablanca-Settat,CAS,El Jadida,Rural,Masculin,Qualifiant,Vacataire,Français,34,3384,18,1,12
ENS203657,2018-2019,Marrakech-Safi,MAR,Youssoufia,Urbain,Masculin,Collégial,Instituteur,Français,33,5570,20,1,18
ENS203658,2017-2018,Rabat-Salé-Kénitra,RAB,Kénitra,Rural,Féminin,Préscolaire,Instituteur,Éducation islamique,23,4953,25,1,0
ENS203659,2019-2020,Oriental,ORI,Driouch,Rural,Masculin,Primaire,Professeur certifié,Français,23,6405,23,1,0
ENS203660,2023-2024,Oriental,ORI,Oujda-Angad,Urbain,Féminin,Primaire,Professeur certifié,Histoire-Géo,3,6872,26,0,8
ENS203661,2022-2023,Béni Mellal-Khénifra,BMK,El Kelaa des Sraghna,Urbain,Masculin,Qualifiant,Contractuel,SVT,23,4225,19,1,11
ENS203662,2016-2017,Tanger-Tétouan-Al Hoceïma,TAN,Ouazzane,Urbain,Masculin,Primaire,Vacataire,Histoire-Géo,5,1814,24,1,6
ENS203663,2017-2018,Souss-Massa,SOU,Inezgane-Ait Melloul,Rural,Féminin,Préscolaire,Instituteur,Éducation islamique,13,5110,21,1,0
ENS203664,2020-2021,Rabat-Salé-Kénitra,RAB,Sidi Slimane,Urbain,Masculin,Primaire,Professeur certifié,Histoire-Géo,24,7554,21,1,0
ENS203665,2020-2021,Souss-Massa,SOU,Taroudannt,Urbain,Masculin,Qualifiant,Professeur certifié,Français,29,6868,27,1,8
ENS203666,2020-2021,Rabat-Salé-Kénitra,RAB,Kénitra,Rural,Féminin,Collégial,Professeur certifié,Arabe,29,6069,18,1,24
ENS203667,2019-2020,Marrakech-Safi,MAR,Youssoufia,Rural,Masculin,Qualifiant,Maître d'enseignement,Mathématiques,12,5918,21,1,0
ENS203668,2020-2021,Souss-Massa,SOU,Tiznit,Urbain,Féminin,Qualifiant,Instituteur,Éducation physique,29,4343,28,0,10
ENS203669,2017-2018,Casablanca-Settat,CAS,Benslimane,Urbain,Féminin,Primaire,Professeur certifié,Arabe,6,6492,30,1,21
ENS203670,2022-2023,Casablanca-Settat,CAS,Settat,Urbain,Masculin,Qualifiant,Instituteur,Français,19,5608,22,0,8
ENS203671,2022-2023,Fès-Meknès,FES,Ifrane,Urbain,Féminin,Primaire,Vacataire,Philosophie,28,3448,25,1,17
ENS203672,2018-2019,Casablanca-Settat,CAS,El Jadida,Urbain,Masculin,Collégial,Instituteur,Anglais,34,5690,26,0,2
ENS203673,2019-2020,Fès-Meknès,FES,El Hajeb,Rural,Féminin,Qualifiant,Maître d'enseignement,Arabe,32,6051,25,1,15
ENS203674,2015-2016,Tanger-Tétouan-Al Hoceïma,TAN,Tétouan,Urbain,Masculin,Primaire,Professeur certifié,Philosophie,17,5467,31,0,19
ENS203675,2020-2021,Casablanca-Settat,CAS,Sidi Bennour,Rural,Féminin,Primaire,Instituteur,Français,23,5628,23,0,0
ENS203676,2020-2021,Fès-Meknès,FES,Séfrou,Urbain,Masculin,Collégial,Instituteur,Sciences,23,5455,25,0,7
ENS203677,2018-2019,Tanger-Tétouan-Al Hoceïma,TAN,Al Hoceïma,Urbain,Masculin,Collégial,Contractuel,Arabe,26,4090,28,0,8
ENS203678,2018-2019,Marrakech-Safi,MAR,Safi,Urbain,Féminin,Collégial,Contractuel,Arabe,21,3565,19,1,0
ENS203679,2022-2023,Oriental,ORI,Jerada,Urbain,Féminin,Primaire,Contractuel,Français,18,4484,24,0,22
ENS203680,2023-2024,Marrakech-Safi,MAR,Marrakech,Urbain,Masculin,Primaire,Professeur certifié,Anglais,12,6103,20,1,21
ENS203681,2018-2019,Souss-Massa,SOU,Chtouka-Ait Baha,Urbain,Féminin,Primaire,Maître d'enseignement,Sciences,14,5890,18,0,0
ENS203682,2016-2017,Fès-Meknès,FES,Boulemane,Rural,Féminin,Préscolaire,Instituteur,Éducation physique,9,4422,26,1,0
ENS203683,2016-2017,Oriental,ORI,Nador,Urbain,Féminin,Qualifiant,Instituteur,SVT,31,5841,23,1,0
ENS203684,2018-2019,Casablanca-Settat,CAS,Benslimane,Rural,Masculin,Collégial,Professeur certifié,Philosophie,19,6810,31,0,0
ENS203685,2016-2017,Fès-Meknès,FES,Meknès,Rural,Féminin,Primaire,Professeur certifié,Arabe,5,6897,18,1,24
ENS203686,2021-2022,Béni Mellal-Khénifra,BMK,Béni Mellal,Rural,Féminin,Qualifiant,Maître d'enseignement,Philosophie,30,5687,27,0,17
ENS203687,2019-2020,Tanger-Tétouan-Al Hoceïma,TAN,Tanger-Assilah,Rural,Masculin,Primaire,Instituteur,SVT,7,3853,25,0,10
ENS203688,2018-2019,Oriental,ORI,Oujda-Angad,Urbain,Féminin,Collégial,Contractuel,Arabe,7,3721,28,0,19
ENS203689,2023-2024,Tanger-Tétouan-Al Hoceïma,TAN,Fahs-Anjra,Rural,Masculin,Primaire,Instituteur,Mathématiques,13,5877,30,0,0
ENS203690,2020-2021,Souss-Massa,SOU,Chtouka-Ait Baha,Urbain,Féminin,Primaire,Professeur agrégé,Physique-Chimie,17,7927,22,1,18
ENS203691,2022-2023,Casablanca-Settat,CAS,Benslimane,Urbain,Masculin,Primaire,Contractuel,Philosophie,28,4617,21,0,0
ENS203692,2018-2019,Tanger-Tétouan-Al Hoceïma,TAN,Mdiq-Fnideq,Urbain,Féminin,Primaire,Professeur certifié,SVT,21,5858,25,1,19
ENS203693,2017-2018,Souss-Massa,SOU,Agadir-Ida-Ou-Tanane,Rural,Masculin,Primaire,Professeur agrégé,Physique-Chimie,3,8218,18,0,0
ENS203694,2019-2020,Rabat-Salé-Kénitra,RAB,Sidi Slimane,Rural,Masculin,Collégial,Instituteur,Éducation physique,4,4744,19,0,0
ENS203695,2015-2016,Marrakech-Safi,MAR,Chichaoua,Rural,Masculin,Primaire,Professeur certifié,Physique-Chimie,16,6682,25,1,0
ENS203696,2015-2016,Rabat-Salé-Kénitra,RAB,Salé,Urbain,Féminin,Qualifiant,Instituteur,Sciences,9,6266,19,0,5
ENS203697,2022-2023,Marrakech-Safi,MAR,Marrakech,Urbain,Masculin,Collégial,Professeur certifié,Éducation physique,22,6398,29,0,0
ENS203698,2018-2019,Fès-Meknès,FES,Moulay Yacoub,Urbain,Féminin,Qualifiant,Instituteur,Anglais,22,5678,23,0,11
ENS203699,2022-2023,Oriental,ORI,Oujda-Angad,Urbain,Masculin,Primaire,Instituteur,Français,18,4628,28,0,11
ENS203700,2015-2016,Marrakech-Safi,MAR,Safi,Urbain,Masculin,Primaire,Maître d'enseignement,Physique-Chimie,20,4883,22,0,0
ENS203701,2022-2023,Souss-Massa,SOU,Tiznit,Urbain,Féminin,Collégial,Maître d'enseignement,Français,2,6032,25,0,21
ENS203702,2023-2024,Marrakech-Safi,MAR,Chichaoua,Urbain,Masculin,Primaire,Professeur certifié,Anglais,15,6594,29,1,0
ENS203703,2020-2021,Drâa-Tafilalet,DRA,Midelt,Urbain,Féminin,Primaire,Maître d'enseignement,Éducation islamique,16,5683,22,1,1
ENS203704,2020-2021,Fès-Meknès,FES,Ifrane,Urbain,Masculin,Collégial,Professeur agrégé,Philosophie,7,9004,24,1,0
ENS203705,2016-2017,Fès-Meknès,FES,Fès,Rural,Masculin,Primaire,Contractuel,Français,7,5406,20,0,10
ENS203706,2023-2024,Oriental,ORI,Nador,Rural,Masculin,Collégial,Vacataire,Arabe,14,3656,31,0,0
ENS203707,2019-2020,Marrakech-Safi,MAR,Youssoufia,Urbain,Féminin,Primaire,Contractuel,Sciences,2,4629,19,0,0
ENS203708,2022-2023,Casablanca-Settat,CAS,Casablanca,Rural,Masculin,Primaire,Instituteur,Français,6,4955,27,0,12
ENS203709,2016-2017,Casablanca-Settat,CAS,Casablanca,Rural,Féminin,Primaire,Instituteur,Histoire-Géo,7,4742,22,0,3
ENS203710,2021-2022,Casablanca-Settat,CAS,Khouribga,Urbain,Masculin,Primaire,Instituteur,Philosophie,22,5202,31,0,23
ENS203711,2023-2024,Fès-Meknès,FES,Boulemane,Rural,Féminin,Primaire,Instituteur,Histoire-Géo,16,3565,25,0,4
ENS203712,2020-2021,Laâyoune-Sakia El Hamra,LAA,Tarfaya,Urbain,Féminin,Primaire,Instituteur,Français,20,5452,31,1,8
ENS203713,2015-2016,Oriental,ORI,Guercif,Urbain,Masculin,Qualifiant,Instituteur,Mathématiques,24,5351,27,0,0
ENS203714,2023-2024,Drâa-Tafilalet,DRA,Ouarzazate,Urbain,Masculin,Qualifiant,Instituteur,Histoire-Géo,3,5237,23,0,0
ENS203715,2020-2021,Fès-Meknès,FES,Meknès,Urbain,Masculin,Qualifiant,Maître d'enseignement,Éducation islamique,12,5795,30,1,11
ENS203716,2022-2023,Béni Mellal-Khénifra,BMK,El Kelaa des Sraghna,Rural,Masculin,Primaire,Vacataire,Philosophie,19,3942,24,0,0
ENS203717,2019-2020,Marrakech-Safi,MAR,El Kelaa des Sraghna,Urbain,Féminin,Primaire,Instituteur,SVT,2,5268,30,1,0
ENS203718,2020-2021,Marrakech-Safi,MAR,Safi,Rural,Féminin,Collégial,Vacataire,Sciences,28,3459,19,1,24
ENS203719,2018-2019,Laâyoune-Sakia El Hamra,LAA,Tarfaya,Urbain,Masculin,Collégial,Contractuel,Éducation physique,11,3971,21,1,0
ENS203720,2018-2019,Tanger-Tétouan-Al Hoceïma,TAN,Tanger-Assilah,Urbain,Féminin,Qualifiant,Instituteur,Sciences,2,5194,22,1,0
ENS203721,2022-2023,Tanger-Tétouan-Al Hoceïma,TAN,Tanger-Assilah,Rural,Masculin,Collégial,Maître d'enseignement,Histoire-Géo,33,5903,22,1,19
ENS203722,2020-2021,Rabat-Salé-Kénitra,RAB,Kénitra,Urbain,Masculin,Primaire,Contractuel,Anglais,34,5151,18,1,7
ENS203723,2015-2016,Oriental,ORI,Driouch,Rural,Féminin,Primaire,Professeur certifié,Arabe,14,6114,25,1,10
ENS203724,2018-2019,Tanger-Tétouan-Al Hoceïma,TAN,Ouazzane,Urbain,Masculin,Primaire,Professeur certifié,Philosophie,27,7492,24,0,15
ENS203725,2018-2019,Casablanca-Settat,CAS,Khouribga,Urbain,Masculin,Collégial,Maître d'enseignement,Philosophie,1,4250,22,1,7
ENS203726,2017-2018,Casablanca-Settat,CAS,Casablanca,Rural,Féminin,Primaire,Professeur certifié,Éducation physique,28,7138,22,0,22
ENS203727,2023-2024,Oriental,ORI,Oujda-Angad,Rural,Féminin,Primaire,Instituteur,Philosophie,29,4539,23,0,0
ENS203728,2021-2022,Marrakech-Safi,MAR,Marrakech,Rural,Masculin,Primaire,Professeur certifié,Éducation physique,33,7570,24,0,0
ENS203729,2015-2016,Souss-Massa,SOU,Taroudannt,Rural,Masculin,Collégial,Instituteur,Histoire-Géo,28,5932,22,0,1
ENS203730,2020-2021,Béni Mellal-Khénifra,BMK,Khouribga,Rural,Masculin,Primaire,Professeur certifié,Arabe,19,6937,29,1,15
ENS203731,2022-2023,Fès-Meknès,FES,Ifrane,Urbain,Masculin,Primaire,Contractuel,Français,30,4727,30,0,1
ENS203732,2023-2024,Casablanca-Settat,CAS,Khouribga,Urbain,Masculin,Primaire,Instituteur,SVT,26,4355,30,0,15
ENS203733,2016-2017,Béni Mellal-Khénifra,BMK,El Kelaa des Sraghna,Rural,Masculin,Qualifiant,Vacataire,Arabe,4,3501,25,0,0
ENS203734,2017-2018,Fès-Meknès,FES,Fès,Urbain,Masculin,Primaire,Professeur certifié,Physique-Chimie,22,5338,21,1,0
ENS203735,2022-2023,Marrakech-Safi,MAR,Marrakech,Rural,Féminin,Primaire,Professeur certifié,SVT,16,5573,23,1,0
ENS203736,2023-2024,Casablanca-Settat,CAS,Sidi Bennour,Urbain,Masculin,Collégial,Contractuel,Philosophie,6,4966,18,0,6
ENS203737,2022-2023,Drâa-Tafilalet,DRA,Ouarzazate,Urbain,Masculin,Collégial,Maître d'enseignement,Philosophie,8,5379,18,0,0
ENS203738,2021-2022,Oriental,ORI,Driouch,Rural,Masculin,Primaire,Maître d'enseignement,Sciences,23,4975,20,1,0
ENS203739,2018-2019,Casablanca-Settat,CAS,Mohammadia,Rural,Masculin,Collégial,Professeur certifié,SVT,29,5532,25,1,0
ENS203740,2015-2016,Rabat-Salé-Kénitra,RAB,Salé,Urbain,Féminin,Qualifiant,Maître d'enseignement,Anglais,13,5410,31,1,7
ENS203741,2018-2019,Fès-Meknès,FES,Fès,Urbain,Masculin,Primaire,Professeur certifié,Mathématiques,24,6895,28,0,0
ENS203742,2022-2023,Oriental,ORI,Driouch,Rural,Féminin,Préscolaire,Contractuel,SVT,32,4494,23,0,19
ENS203743,2023-2024,Casablanca-Settat,CAS,El Jadida,Rural,Masculin,Primaire,Instituteur,Anglais,18,5240,25,0,7
ENS203744,2021-2022,Béni Mellal-Khénifra,BMK,Khouribga,Urbain,Féminin,Préscolaire,Professeur agrégé,Anglais,33,6977,25,1,3
ENS203745,2023-2024,Casablanca-Settat,CAS,Mohammadia,Urbain,Féminin,Primaire,Maître d'enseignement,SVT,20,4855,21,1,2
ENS203746,2018-2019,Tanger-Tétouan-Al Hoceïma,TAN,Tétouan,Urbain,Masculin,Primaire,Instituteur,Philosophie,15,4575,31,1,21
ENS203747,2022-2023,Tanger-Tétouan-Al Hoceïma,TAN,Fahs-Anjra,Rural,Masculin,Collégial,Professeur certifié,Physique-Chimie,23,5935,22,1,5
ENS203748,2019-2020,Oriental,ORI,Guercif,Urbain,Masculin,Primaire,Professeur certifié,Philosophie,16,6807,23,1,21
ENS203749,2021-2022,Béni Mellal-Khénifra,BMK,El Kelaa des Sraghna,Urbain,Masculin,Préscolaire,Instituteur,Anglais,17,4524,30,0,21
ENS203750,2022-2023,Fès-Meknès,FES,Fès,Urbain,Masculin,Collégial,Professeur certifié,Éducation physique,5,6441,29,0,1
ENS203751,2021-2022,Rabat-Salé-Kénitra,RAB,Sidi Slimane,Rural,Masculin,Primaire,Instituteur,SVT,1,3955,25,0,18
ENS203752,2018-2019,Casablanca-Settat,CAS,Sidi Bennour,Rural,Masculin,Primaire,Professeur agrégé,Sciences,27,8761,28,1,14
ENS203753,2018-2019,Béni Mellal-Khénifra,BMK,Béni Mellal,Urbain,Masculin,Primaire,Instituteur,Éducation physique,5,5253,18,1,15
ENS203754,2019-2020,Fès-Meknès,FES,Taza,Urbain,Masculin,Primaire,Contractuel,Histoire-Géo,13,4612,23,0,24
ENS203755,2020-2021,Rabat-Salé-Kénitra,RAB,Skhirate-Témara,Rural,Féminin,Collégial,Instituteur,Mathématiques,18,4572,23,1,23
ENS203756,2016-2017,Rabat-Salé-Kénitra,RAB,Salé,Rural,Masculin,Primaire,Maître d'enseignement,Mathématiques,11,5935,21,0,23
ENS203757,2021-2022,Béni Mellal-Khénifra,BMK,Khouribga,Rural,Masculin,Primaire,Professeur certifié,Éducation physique,7,6066,23,0,23
ENS203758,2016-2017,Drâa-Tafilalet,DRA,Errachidia,Urbain,Masculin,Primaire,Professeur certifié,Éducation physique,31,5906,27,0,21
ENS203759,2018-2019,Laâyoune-Sakia El Hamra,LAA,Laâyoune,Rural,Féminin,Primaire,Instituteur,Français,1,5822,19,1,21
ENS203760,2017-2018,Rabat-Salé-Kénitra,RAB,Khémisset,Urbain,Féminin,Qualifiant,Professeur certifié,Français,25,5887,29,0,19
ENS203761,2022-2023,Marrakech-Safi,MAR,Youssoufia,Rural,Féminin,Qualifiant,Contractuel,Histoire-Géo,21,3963,29,1,19
ENS203762,2023-2024,Drâa-Tafilalet,DRA,Zagora,Rural,Masculin,Collégial,Professeur certifié,Éducation islamique,22,5392,19,0,22
ENS203763,2021-2022,Oriental,ORI,Figuig,Rural,Féminin,Collégial,Instituteur,Français,34,4623,23,0,13
ENS203764,2017-2018,Rabat-Salé-Kénitra,RAB,Khémisset,Urbain,Masculin,Primaire,Professeur certifié,Arabe,3,6086,27,1,17
ENS203765,2021-2022,Casablanca-Settat,CAS,Berrechid,Rural,Féminin,Collégial,Professeur certifié,Sciences,6,5993,22,0,14
ENS203766,2019-2020,Fès-Meknès,FES,Taza,Urbain,Féminin,Qualifiant,Professeur certifié,Philosophie,10,6362,26,0,5
ENS203767,2019-2020,Casablanca-Settat,CAS,Mohammadia,Rural,Masculin,Qualifiant,Contractuel,Éducation islamique,2,5041,27,1,5
ENS203768,2016-2017,Fès-Meknès,FES,Moulay Yacoub,Rural,Féminin,Primaire,Vacataire,SVT,3,2137,29,1,16
ENS203769,2023-2024,Oriental,ORI,Berkane,Rural,Féminin,Primaire,Contractuel,Philosophie,31,5184,22,0,0
ENS203770,2015-2016,Tanger-Tétouan-Al Hoceïma,TAN,Al Hoceïma,Rural,Masculin,Primaire,Professeur certifié,Anglais,32,5431,26,1,0
ENS203771,2017-2018,Béni Mellal-Khénifra,BMK,El Kelaa des Sraghna,Rural,Féminin,Qualifiant,Instituteur,Philosophie,23,4946,18,1,7
ENS203772,2021-2022,Casablanca-Settat,CAS,Mohammadia,Urbain,Féminin,Préscolaire,Professeur certifié,Sciences,16,6169,22,0,11
ENS203773,2016-2017,Fès-Meknès,FES,Moulay Yacoub,Rural,Féminin,Qualifiant,Maître d'enseignement,Mathématiques,5,5642,31,1,3
ENS203774,2016-2017,Rabat-Salé-Kénitra,RAB,Khémisset,Rural,Masculin,Collégial,Instituteur,Physique-Chimie,4,4846,26,0,0
ENS203775,2022-2023,Drâa-Tafilalet,DRA,Errachidia,Rural,Masculin,Qualifiant,Maître d'enseignement,SVT,12,4895,19,0,0
ENS203776,2023-2024,Souss-Massa,SOU,Taroudannt,Rural,Masculin,Primaire,Maître d'enseignement,Mathématiques,18,5912,27,0,4
ENS203777,2018-2019,Fès-Meknès,FES,Séfrou,Rural,Masculin,Qualifiant,Instituteur,Histoire-Géo,11,4639,20,1,0
ENS203778,2023-2024,Souss-Massa,SOU,Chtouka-Ait Baha,Urbain,Masculin,Préscolaire,Contractuel,Arabe,8,3232,26,0,2
ENS203779,2019-2020,Fès-Meknès,FES,Boulemane,Rural,Masculin,Primaire,Professeur certifié,Physique-Chimie,12,6790,26,1,13
ENS203780,2020-2021,Marrakech-Safi,MAR,Chichaoua,Rural,Féminin,Qualifiant,Contractuel,SVT,26,4427,29,0,1
ENS203781,2019-2020,Souss-Massa,SOU,Agadir-Ida-Ou-Tanane,Rural,Masculin,Primaire,Instituteur,Mathématiques,20,6605,27,1,0
ENS203782,2018-2019,Rabat-Salé-Kénitra,RAB,Salé,Urbain,Masculin,Primaire,Instituteur,Éducation islamique,22,6073,25,1,24
ENS203783,2019-2020,Béni Mellal-Khénifra,BMK,Khouribga,Rural,Féminin,Préscolaire,Professeur certifié,Histoire-Géo,26,7194,20,0,16
ENS203784,2016-2017,Casablanca-Settat,CAS,Berrechid,Urbain,Féminin,Primaire,Professeur certifié,Français,10,6254,24,0,21
ENS203785,2022-2023,Rabat-Salé-Kénitra,RAB,Kénitra,Urbain,Masculin,Primaire,Maître d'enseignement,Philosophie,1,6007,24,0,2
ENS203786,2017-2018,Souss-Massa,SOU,Inezgane-Ait Melloul,Rural,Masculin,Qualifiant,Professeur agrégé,SVT,8,9115,29,0,7
ENS203787,2022-2023,Tanger-Tétouan-Al Hoceïma,TAN,Al Hoceïma,Urbain,Masculin,Collégial,Professeur agrégé,Arabe,12,7348,30,1,0
ENS203788,2018-2019,Casablanca-Settat,CAS,Khouribga,Rural,Masculin,Qualifiant,Instituteur,Histoire-Géo,29,4751,25,0,22
ENS203789,2017-2018,Casablanca-Settat,CAS,El Jadida,Urbain,Masculin,Primaire,Instituteur,Éducation physique,17,3844,30,0,2
ENS203790,2021-2022,Casablanca-Settat,CAS,Mohammadia,Rural,Féminin,Collégial,Contractuel,Physique-Chimie,20,3483,24,1,0
ENS203791,2021-2022,Rabat-Salé-Kénitra,RAB,Sidi Slimane,Urbain,Masculin,Qualifiant,Maître d'enseignement,Anglais,20,5588,21,1,19
ENS203792,2018-2019,Casablanca-Settat,CAS,Benslimane,Urbain,Masculin,Qualifiant,Instituteur,Français,27,5493,22,1,17
ENS203793,2018-2019,Souss-Massa,SOU,Agadir-Ida-Ou-Tanane,Rural,Masculin,Collégial,Instituteur,Physique-Chimie,22,6130,21,1,0
ENS203794,2023-2024,Tanger-Tétouan-Al Hoceïma,TAN,Al Hoceïma,Urbain,Féminin,Primaire,Professeur certifié,Éducation islamique,6,5672,18,0,2
ENS203795,2019-2020,Drâa-Tafilalet,DRA,Zagora,Urbain,Masculin,Primaire,Maître d'enseignement,Mathématiques,28,5600,22,0,21
ENS203796,2017-2018,Tanger-Tétouan-Al Hoceïma,TAN,Al Hoceïma,Rural,Féminin,Primaire,Maître d'enseignement,Mathématiques,19,4174,23,0,3
ENS203797,2023-2024,Tanger-Tétouan-Al Hoceïma,TAN,Fahs-Anjra,Rural,Masculin,Primaire,Professeur certifié,Histoire-Géo,1,6916,31,1,21
ENS203798,2021-2022,Souss-Massa,SOU,Tiznit,Rural,Masculin,Primaire,Professeur certifié,Philosophie,1,5900,26,1,8
ENS203799,2015-2016,Rabat-Salé-Kénitra,RAB,Kénitra,Rural,Féminin,Primaire,Professeur agrégé,Éducation islamique,24,10015,18,0,16
ENS203800,2020-2021,Fès-Meknès,FES,Meknès,Urbain,Masculin,Qualifiant,Professeur certifié,Histoire-Géo,5,7007,29,1,15
ENS203801,2017-2018,Rabat-Salé-Kénitra,RAB,Salé,Rural,Masculin,Collégial,Professeur agrégé,Arabe,7,9436,25,0,15
ENS203802,2015-2016,Tanger-Tétouan-Al Hoceïma,TAN,Tanger-Assilah,Urbain,Féminin,Collégial,Professeur certifié,Éducation islamique,26,6624,25,0,0
ENS203803,2018-2019,Fès-Meknès,FES,Séfrou,Urbain,Féminin,Primaire,Instituteur,Éducation physique,19,4837,31,0,21
ENS203804,2021-2022,Fès-Meknès,FES,Séfrou,Rural,Féminin,Qualifiant,Professeur certifié,Mathématiques,23,7224,22,0,0
ENS203805,2019-2020,Fès-Meknès,FES,Moulay Yacoub,Urbain,Masculin,Primaire,Instituteur,Éducation islamique,31,5930,21,0,0
ENS203806,2015-2016,Rabat-Salé-Kénitra,RAB,Khémisset,Urbain,Masculin,Primaire,Maître d'enseignement,Anglais,15,5087,18,0,24
ENS203807,2020-2021,Souss-Massa,SOU,Taroudannt,Urbain,Masculin,Collégial,Maître d'enseignement,Philosophie,8,6775,22,1,2
ENS203808,2016-2017,Oriental,ORI,Nador,Urbain,Masculin,Collégial,Instituteur,Histoire-Géo,11,4080,29,1,5
ENS203809,2015-2016,Tanger-Tétouan-Al Hoceïma,TAN,Mdiq-Fnideq,Urbain,Féminin,Primaire,Professeur certifié,Philosophie,4,7990,29,0,20
ENS203810,2017-2018,Oriental,ORI,Oujda-Angad,Urbain,Masculin,Préscolaire,Professeur certifié,Sciences,34,5729,31,1,12
ENS203811,2022-2023,Casablanca-Settat,CAS,Settat,Urbain,Masculin,Collégial,Contractuel,Anglais,5,4117,25,1,4
ENS203812,2016-2017,Casablanca-Settat,CAS,El Jadida,Rural,Masculin,Collégial,Contractuel,Français,31,4215,26,0,21
ENS203813,2023-2024,Tanger-Tétouan-Al Hoceïma,TAN,Mdiq-Fnideq,Rural,Masculin,Primaire,Contractuel,SVT,24,4705,20,0,0
ENS203814,2021-2022,Rabat-Salé-Kénitra,RAB,Sidi Slimane,Urbain,Féminin,Préscolaire,Professeur certifié,Mathématiques,32,7411,22,0,4
ENS203815,2022-2023,Casablanca-Settat,CAS,Khouribga,Urbain,Masculin,Primaire,Maître d'enseignement,Arabe,27,4811,23,1,0
ENS203816,2022-2023,Drâa-Tafilalet,DRA,Zagora,Urbain,Masculin,Primaire,Maître d'enseignement,Histoire-Géo,7,4648,25,0,12
ENS203817,2015-2016,Drâa-Tafilalet,DRA,Errachidia,Urbain,Féminin,Primaire,Instituteur,Français,31,5013,28,0,2
ENS203818,2018-2019,Béni Mellal-Khénifra,BMK,Khouribga,Urbain,Masculin,Collégial,Professeur agrégé,Anglais,26,7563,26,0,4
ENS203819,2023-2024,Fès-Meknès,FES,Ifrane,Urbain,Masculin,Primaire,Professeur agrégé,Sciences,27,8191,19,0,0
ENS203820,2023-2024,Rabat-Salé-Kénitra,RAB,Skhirate-Témara,Urbain,Masculin,Préscolaire,Professeur certifié,Histoire-Géo,16,6388,19,1,20
ENS203821,2016-2017,Fès-Meknès,FES,Taza,Urbain,Masculin,Collégial,Instituteur,Physique-Chimie,25,6295,26,0,0
ENS203822,2018-2019,Béni Mellal-Khénifra,BMK,Béni Mellal,Urbain,Masculin,Primaire,Professeur certifié,Éducation physique,18,7216,28,1,0
ENS203823,2018-2019,Marrakech-Safi,MAR,Essaouira,Rural,Masculin,Qualifiant,Maître d'enseignement,Philosophie,26,5946,22,1,0
ENS203824,2015-2016,Casablanca-Settat,CAS,Sidi Bennour,Urbain,Féminin,Collégial,Instituteur,Arabe,17,5161,27,0,9
ENS203825,2023-2024,Oriental,ORI,Jerada,Rural,Masculin,Primaire,Instituteur,Philosophie,20,6023,27,0,0
ENS203826,2017-2018,Béni Mellal-Khénifra,BMK,El Kelaa des Sraghna,Urbain,Féminin,Qualifiant,Instituteur,Français,31,4151,24,1,6
ENS203827,2019-2020,Tanger-Tétouan-Al Hoceïma,TAN,Tanger-Assilah,Urbain,Féminin,Primaire,Instituteur,Arabe,23,5204,27,1,1
ENS203828,2015-2016,Marrakech-Safi,MAR,Essaouira,Rural,Féminin,Collégial,Contractuel,Éducation islamique,15,3293,22,0,7
ENS203829,2020-2021,Casablanca-Settat,CAS,El Jadida,Urbain,Masculin,Primaire,Professeur agrégé,Histoire-Géo,11,8680,29,0,5
ENS203830,2021-2022,Fès-Meknès,FES,Séfrou,Urbain,Masculin,Collégial,Instituteur,Mathématiques,20,4867,27,0,0
ENS203831,2016-2017,Laâyoune-Sakia El Hamra,LAA,Es-Semara,Urbain,Féminin,Primaire,Contractuel,Éducation physique,8,4696,31,0,0
ENS203832,2016-2017,Marrakech-Safi,MAR,Youssoufia,Rural,Féminin,Collégial,Instituteur,Anglais,17,6748,30,0,23
ENS203833,2022-2023,Marrakech-Safi,MAR,Essaouira,Rural,Masculin,Collégial,Instituteur,Philosophie,29,5145,25,1,7
ENS203834,2015-2016,Casablanca-Settat,CAS,Khouribga,Rural,Féminin,Primaire,Instituteur,Éducation islamique,6,4064,20,1,14
ENS203835,2022-2023,Marrakech-Safi,MAR,Al Haouz,Rural,Masculin,Qualifiant,Contractuel,Éducation physique,28,5322,29,0,16
ENS203836,2023-2024,Casablanca-Settat,CAS,Khouribga,Urbain,Masculin,Primaire,Contractuel,Mathématiques,10,3425,21,1,0
ENS203837,2018-2019,Casablanca-Settat,CAS,Mohammadia,Rural,Féminin,Qualifiant,Instituteur,Physique-Chimie,5,4366,20,0,14
ENS203838,2016-2017,Tanger-Tétouan-Al Hoceïma,TAN,Mdiq-Fnideq,Urbain,Masculin,Collégial,Professeur certifié,Histoire-Géo,8,6721,25,1,10
ENS203839,2016-2017,Souss-Massa,SOU,Agadir-Ida-Ou-Tanane,Rural,Masculin,Primaire,Maître d'enseignement,Éducation physique,13,5595,20,1,0
ENS203840,2023-2024,Fès-Meknès,FES,Ifrane,Rural,Féminin,Primaire,Contractuel,Anglais,34,4070,18,0,0
ENS203841,2020-2021,Marrakech-Safi,MAR,Marrakech,Urbain,Masculin,Qualifiant,Instituteur,Éducation islamique,17,5134,22,0,7
ENS203842,2017-2018,Oriental,ORI,Berkane,Urbain,Masculin,Collégial,Instituteur,Histoire-Géo,32,4826,28,1,13
ENS203843,2016-2017,Casablanca-Settat,CAS,Mohammadia,Urbain,Féminin,Préscolaire,Professeur certifié,Éducation islamique,5,7195,23,0,13
ENS203844,2016-2017,Casablanca-Settat,CAS,Khouribga,Rural,Féminin,Primaire,Professeur certifié,SVT,29,5517,20,0,10
ENS203845,2022-2023,Oriental,ORI,Berkane,Rural,Masculin,Qualifiant,Vacataire,Philosophie,30,1969,28,1,0
ENS203846,2018-2019,Marrakech-Safi,MAR,Safi,Rural,Masculin,Collégial,Maître d'enseignement,Éducation islamique,25,4708,24,1,8
ENS203847,2019-2020,Tanger-Tétouan-Al Hoceïma,TAN,Mdiq-Fnideq,Urbain,Féminin,Primaire,Instituteur,Anglais,1,5399,19,0,0
ENS203848,2021-2022,Oriental,ORI,Guercif,Urbain,Masculin,Collégial,Professeur agrégé,Histoire-Géo,22,8730,27,1,15
ENS203849,2023-2024,Fès-Meknès,FES,Séfrou,Urbain,Féminin,Primaire,Instituteur,Éducation physique,11,4119,31,0,7
ENS203850,2017-2018,Fès-Meknès,FES,Taounate,Rural,Féminin,Primaire,Professeur certifié,Mathématiques,6,6462,29,1,0
ENS203851,2021-2022,Rabat-Salé-Kénitra,RAB,Skhirate-Témara,Rural,Masculin,Primaire,Professeur certifié,Sciences,33,6208,24,0,20
ENS203852,2022-2023,Marrakech-Safi,MAR,El Kelaa des Sraghna,Rural,Masculin,Primaire,Contractuel,Éducation physique,11,5050,26,1,14
ENS203853,2016-2017,Rabat-Salé-Kénitra,RAB,Skhirate-Témara,Urbain,Masculin,Primaire,Professeur certifié,Français,30,7621,18,0,22
ENS203854,2022-2023,Drâa-Tafilalet,DRA,Tinghir,Urbain,Féminin,Primaire,Instituteur,Français,20,4868,27,0,10
ENS203855,2019-2020,Casablanca-Settat,CAS,Benslimane,Urbain,Féminin,Collégial,Contractuel,SVT,14,4660,21,0,7
ENS203856,2021-2022,Fès-Meknès,FES,Taounate,Rural,Féminin,Qualifiant,Instituteur,Français,22,3800,26,1,15
ENS203857,2022-2023,Rabat-Salé-Kénitra,RAB,Sidi Slimane,Urbain,Masculin,Primaire,Contractuel,Physique-Chimie,32,4503,22,1,21
ENS203858,2019-2020,Drâa-Tafilalet,DRA,Midelt,Rural,Féminin,Collégial,Professeur certifié,Arabe,26,5144,21,0,24
ENS203859,2021-2022,Laâyoune-Sakia El Hamra,LAA,Boujdour,Urbain,Féminin,Primaire,Contractuel,Français,28,4312,27,0,10
ENS203860,2023-2024,Casablanca-Settat,CAS,Settat,Rural,Féminin,Primaire,Contractuel,Sciences,14,3858,24,0,8
ENS203861,2016-2017,Tanger-Tétouan-Al Hoceïma,TAN,Ouazzane,Rural,Masculin,Collégial,Instituteur,Français,29,4912,21,0,17
ENS203862,2017-2018,Tanger-Tétouan-Al Hoceïma,TAN,Mdiq-Fnideq,Urbain,Masculin,Primaire,Professeur certifié,Histoire-Géo,1,6869,28,1,0
ENS203863,2017-2018,Drâa-Tafilalet,DRA,Errachidia,Urbain,Masculin,Qualifiant,Instituteur,Histoire-Géo,18,4391,21,1,7
ENS203864,2017-2018,Fès-Meknès,FES,Fès,Urbain,Masculin,Primaire,Maître d'enseignement,Sciences,21,5794,22,1,16
ENS203865,2018-2019,Casablanca-Settat,CAS,Berrechid,Urbain,Féminin,Primaire,Contractuel,Anglais,32,3498,19,0,1
ENS203866,2020-2021,Fès-Meknès,FES,Séfrou,Urbain,Masculin,Collégial,Instituteur,Histoire-Géo,32,4884,29,1,0
ENS203867,2021-2022,Casablanca-Settat,CAS,Sidi Bennour,Rural,Féminin,Qualifiant,Professeur certifié,Arabe,7,6131,31,0,0
ENS203868,2022-2023,Marrakech-Safi,MAR,El Kelaa des Sraghna,Urbain,Féminin,Collégial,Vacataire,Éducation islamique,6,3206,28,1,6
ENS203869,2015-2016,Tanger-Tétouan-Al Hoceïma,TAN,Tanger-Assilah,Urbain,Féminin,Primaire,Instituteur,SVT,12,5096,24,0,5
ENS203870,2017-2018,Drâa-Tafilalet,DRA,Tinghir,Rural,Féminin,Qualifiant,Maître d'enseignement,Physique-Chimie,2,5509,19,1,8
ENS203871,2022-2023,Tanger-Tétouan-Al Hoceïma,TAN,Fahs-Anjra,Rural,Féminin,Primaire,Contractuel,Éducation physique,34,3818,31,1,3
ENS203872,2022-2023,Rabat-Salé-Kénitra,RAB,Skhirate-Témara,Rural,Masculin,Qualifiant,Maître d'enseignement,Physique-Chimie,28,6088,23,1,21
ENS203873,2015-2016,Oriental,ORI,Berkane,Urbain,Féminin,Primaire,Instituteur,Physique-Chimie,20,4496,21,0,21
ENS203874,2017-2018,Marrakech-Safi,MAR,Al Haouz,Rural,Masculin,Primaire,Maître d'enseignement,Éducation islamique,31,4508,20,0,24
ENS203875,2015-2016,Casablanca-Settat,CAS,Mohammadia,Rural,Masculin,Primaire,Instituteur,Mathématiques,33,4561,27,1,21
ENS203876,2021-2022,Marrakech-Safi,MAR,Al Haouz,Urbain,Masculin,Primaire,Contractuel,Histoire-Géo,23,4230,19,1,0
ENS203877,2022-2023,Marrakech-Safi,MAR,Marrakech,Urbain,Féminin,Collégial,Instituteur,SVT,14,5019,22,1,0
ENS203878,2016-2017,Casablanca-Settat,CAS,Sidi Bennour,Urbain,Masculin,Primaire,Professeur certifié,Mathématiques,1,6356,20,0,0
ENS203879,2023-2024,Tanger-Tétouan-Al Hoceïma,TAN,Larache,Rural,Masculin,Préscolaire,Maître d'enseignement,Anglais,34,5966,31,1,3
ENS203880,2020-2021,Rabat-Salé-Kénitra,RAB,Sidi Kacem,Urbain,Féminin,Qualifiant,Instituteur,Français,4,4428,25,0,0
ENS203881,2019-2020,Rabat-Salé-Kénitra,RAB,Khémisset,Urbain,Masculin,Primaire,Maître d'enseignement,Français,13,5852,20,0,20
ENS203882,2021-2022,Tanger-Tétouan-Al Hoceïma,TAN,Al Hoceïma,Urbain,Féminin,Collégial,Professeur agrégé,Éducation islamique,24,8327,21,1,8
ENS203883,2015-2016,Marrakech-Safi,MAR,Marrakech,Rural,Féminin,Qualifiant,Professeur certifié,Histoire-Géo,3,6004,31,0,0
ENS203884,2018-2019,Casablanca-Settat,CAS,Benslimane,Rural,Masculin,Primaire,Maître d'enseignement,Philosophie,31,6429,31,0,12
ENS203885,2021-2022,Marrakech-Safi,MAR,El Kelaa des Sraghna,Rural,Féminin,Qualifiant,Professeur agrégé,Français,9,8740,29,1,0
ENS203886,2019-2020,Drâa-Tafilalet,DRA,Errachidia,Urbain,Féminin,Primaire,Instituteur,Sciences,26,6103,20,0,9
ENS203887,2015-2016,Marrakech-Safi,MAR,Marrakech,Rural,Féminin,Qualifiant,Instituteur,SVT,15,4047,23,0,15
ENS203888,2017-2018,Fès-Meknès,FES,Taza,Urbain,Masculin,Qualifiant,Professeur certifié,Sciences,19,6787,18,0,0
ENS203889,2021-2022,Rabat-Salé-Kénitra,RAB,Sidi Kacem,Urbain,Masculin,Primaire,Contractuel,Physique-Chimie,7,3583,25,1,21
ENS203890,2015-2016,Rabat-Salé-Kénitra,RAB,Sidi Slimane,Rural,Féminin,Qualifiant,Professeur certifié,Éducation islamique,34,5949,25,0,3
ENS203891,2021-2022,Casablanca-Settat,CAS,Settat,Urbain,Féminin,Primaire,Instituteur,Physique-Chimie,5,4068,29,1,10
ENS203892,2019-2020,Casablanca-Settat,CAS,Benslimane,Urbain,Masculin,Collégial,Professeur certifié,Éducation physique,11,7255,25,1,10
ENS203893,2019-2020,Rabat-Salé-Kénitra,RAB,Sidi Kacem,Rural,Féminin,Qualifiant,Contractuel,Arabe,22,5276,21,1,14
ENS203894,2023-2024,Souss-Massa,SOU,Tata,Urbain,Masculin,Primaire,Professeur agrégé,Sciences,20,8483,29,1,13
ENS203895,2015-2016,Souss-Massa,SOU,Tata,Urbain,Féminin,Primaire,Instituteur,Arabe,30,5104,23,0,14
ENS203896,2018-2019,Casablanca-Settat,CAS,El Jadida,Urbain,Féminin,Primaire,Vacataire,Philosophie,32,3357,22,1,1
ENS203897,2023-2024,Tanger-Tétouan-Al Hoceïma,TAN,Fahs-Anjra,Rural,Féminin,Primaire,Professeur agrégé,Mathématiques,7,8719,29,1,19
ENS203898,2015-2016,Casablanca-Settat,CAS,Khouribga,Rural,Masculin,Primaire,Professeur certifié,Sciences,29,6463,31,1,18
ENS203899,2015-2016,Souss-Massa,SOU,Inezgane-Ait Melloul,Urbain,Masculin,Primaire,Maître d'enseignement,Éducation physique,1,5376,23,0,11
ENS203900,2016-2017,Casablanca-Settat,CAS,Berrechid,Urbain,Masculin,Collégial,Professeur certifié,Français,18,5587,26,1,0
ENS203901,2016-2017,Souss-Massa,SOU,Tiznit,Rural,Masculin,Primaire,Maître d'enseignement,Physique-Chimie,2,4642,22,0,1
ENS203902,2016-2017,Rabat-Salé-Kénitra,RAB,Kénitra,Urbain,Masculin,Primaire,Professeur agrégé,Histoire-Géo,15,9166,23,0,20
ENS203903,2022-2023,Casablanca-Settat,CAS,Benslimane,Rural,Masculin,Collégial,Contractuel,Mathématiques,26,4314,18,1,17
ENS203904,2023-2024,Oriental,ORI,Jerada,Urbain,Féminin,Primaire,Professeur certifié,Éducation islamique,34,6735,22,0,16
ENS203905,2020-2021,Drâa-Tafilalet,DRA,Midelt,Urbain,Féminin,Primaire,Instituteur,Philosophie,1,4674,22,0,13
ENS203906,2016-2017,Casablanca-Settat,CAS,Casablanca,Rural,Masculin,Qualifiant,Professeur certifié,Éducation physique,22,7494,24,0,17
ENS203907,2018-2019,Rabat-Salé-Kénitra,RAB,Sidi Kacem,Urbain,Masculin,Qualifiant,Instituteur,Anglais,27,4192,25,1,1
ENS203908,2015-2016,Drâa-Tafilalet,DRA,Ouarzazate,Urbain,Masculin,Primaire,Professeur certifié,Physique-Chimie,23,6207,26,0,3
ENS203909,2020-2021,Casablanca-Settat,CAS,Mohammadia,Rural,Masculin,Collégial,Instituteur,Philosophie,33,4963,25,1,0
ENS203910,2023-2024,Fès-Meknès,FES,Boulemane,Urbain,Féminin,Collégial,Vacataire,Philosophie,17,3279,19,1,0
ENS203911,2016-2017,Béni Mellal-Khénifra,BMK,El Kelaa des Sraghna,Rural,Masculin,Primaire,Instituteur,Sciences,17,4926,23,1,0
ENS203912,2019-2020,Rabat-Salé-Kénitra,RAB,Sidi Kacem,Rural,Masculin,Collégial,Professeur agrégé,Français,21,8312,31,0,24
ENS203913,2020-2021,Guelmim-Oued Noun,GUE,Sidi Ifni,Urbain,Féminin,Primaire,Instituteur,Physique-Chimie,16,4910,22,0,17
ENS203914,2017-2018,Casablanca-Settat,CAS,Khouribga,Rural,Féminin,Collégial,Instituteur,Sciences,26,4941,21,0,18
ENS203915,2021-2022,Casablanca-Settat,CAS,Berrechid,Urbain,Masculin,Qualifiant,Maître d'enseignement,Éducation physique,8,6357,28,1,14
ENS203916,2018-2019,Souss-Massa,SOU,Taroudannt,Rural,Masculin,Primaire,Professeur agrégé,Anglais,14,8505,18,0,0
ENS203917,2021-2022,Marrakech-Safi,MAR,Safi,Urbain,Féminin,Primaire,Instituteur,Arabe,17,4995,26,1,0
ENS203918,2020-2021,Tanger-Tétouan-Al Hoceïma,TAN,Al Hoceïma,Rural,Féminin,Collégial,Professeur certifié,Mathématiques,24,5897,20,0,0
ENS203919,2020-2021,Tanger-Tétouan-Al Hoceïma,TAN,Tanger-Assilah,Rural,Masculin,Collégial,Maître d'enseignement,Philosophie,4,6107,20,1,7
ENS203920,2016-2017,Casablanca-Settat,CAS,El Jadida,Rural,Féminin,Collégial,Vacataire,Anglais,21,2658,27,0,5
ENS203921,2018-2019,Casablanca-Settat,CAS,Mohammadia,Urbain,Masculin,Collégial,Professeur certifié,Histoire-Géo,5,7243,29,1,7
ENS203922,2022-2023,Drâa-Tafilalet,DRA,Ouarzazate,Rural,Féminin,Primaire,Maître d'enseignement,Sciences,4,5856,21,1,0
ENS203923,2023-2024,Béni Mellal-Khénifra,BMK,Khouribga,Urbain,Féminin,Collégial,Contractuel,Français,8,4605,24,1,0
ENS203924,2017-2018,Marrakech-Safi,MAR,Essaouira,Rural,Féminin,Collégial,Professeur certifié,Histoire-Géo,30,6824,22,0,0
ENS203925,2016-2017,Fès-Meknès,FES,Moulay Yacoub,Rural,Féminin,Primaire,Instituteur,Mathématiques,20,5883,30,1,0
ENS203926,2017-2018,Guelmim-Oued Noun,GUE,Assa-Zag,Urbain,Féminin,Collégial,Maître d'enseignement,Français,20,5387,26,1,4
ENS203927,2023-2024,Fès-Meknès,FES,Fès,Urbain,Masculin,Primaire,Instituteur,Anglais,6,5212,31,0,6
ENS203928,2021-2022,Guelmim-Oued Noun,GUE,Tan-Tan,Urbain,Féminin,Qualifiant,Instituteur,Arabe,8,4441,23,0,0
ENS203929,2017-2018,Fès-Meknès,FES,El Hajeb,Urbain,Masculin,Collégial,Maître d'enseignement,Histoire-Géo,8,4519,28,0,0
ENS203930,2017-2018,Marrakech-Safi,MAR,Marrakech,Rural,Féminin,Primaire,Professeur certifié,Physique-Chimie,27,6376,22,0,10
ENS203931,2019-2020,Béni Mellal-Khénifra,BMK,Khouribga,Rural,Masculin,Collégial,Instituteur,Histoire-Géo,18,3672,27,1,13
ENS203932,2015-2016,Marrakech-Safi,MAR,Youssoufia,Rural,Masculin,Primaire,Instituteur,Histoire-Géo,7,4649,23,1,11
ENS203933,2018-2019,Marrakech-Safi,MAR,Safi,Urbain,Féminin,Collégial,Maître d'enseignement,Philosophie,33,4965,29,0,14
ENS203934,2020-2021,Rabat-Salé-Kénitra,RAB,Rabat,Rural,Masculin,Primaire,Professeur certifié,Éducation physique,27,5115,20,1,0
ENS203935,2021-2022,Casablanca-Settat,CAS,Casablanca,Urbain,Masculin,Collégial,Professeur certifié,Histoire-Géo,9,7336,26,0,10
ENS203936,2016-2017,Casablanca-Settat,CAS,Casablanca,Urbain,Masculin,Primaire,Professeur certifié,Anglais,25,6804,28,0,15
ENS203937,2021-2022,Marrakech-Safi,MAR,Marrakech,Rural,Féminin,Qualifiant,Contractuel,Philosophie,32,3529,19,0,12
ENS203938,2021-2022,Casablanca-Settat,CAS,Benslimane,Urbain,Masculin,Primaire,Professeur certifié,Histoire-Géo,24,7650,26,0,0
ENS203939,2022-2023,Marrakech-Safi,MAR,Safi,Urbain,Masculin,Primaire,Professeur certifié,Histoire-Géo,21,6807,29,1,0
ENS203940,2016-2017,Marrakech-Safi,MAR,Youssoufia,Rural,Masculin,Primaire,Professeur certifié,Arabe,6,5720,18,1,1
ENS203941,2021-2022,Casablanca-Settat,CAS,Berrechid,Urbain,Féminin,Primaire,Maître d'enseignement,Philosophie,1,5990,19,1,21
ENS203942,2023-2024,Marrakech-Safi,MAR,Essaouira,Rural,Masculin,Qualifiant,Maître d'enseignement,Anglais,17,4804,22,0,4
ENS203943,2023-2024,Laâyoune-Sakia El Hamra,LAA,Tarfaya,Urbain,Masculin,Primaire,Professeur certifié,Éducation physique,7,6509,20,0,21
ENS203944,2022-2023,Marrakech-Safi,MAR,Chichaoua,Rural,Masculin,Collégial,Instituteur,Physique-Chimie,26,5401,18,0,15
ENS203945,2017-2018,Marrakech-Safi,MAR,Safi,Urbain,Masculin,Primaire,Professeur certifié,Anglais,33,6740,25,1,9
ENS203946,2016-2017,Béni Mellal-Khénifra,BMK,El Kelaa des Sraghna,Urbain,Masculin,Primaire,Instituteur,Mathématiques,24,5321,22,0,13
ENS203947,2015-2016,Casablanca-Settat,CAS,Mohammadia,Rural,Masculin,Primaire,Professeur certifié,Éducation physique,28,6578,31,0,15
ENS203948,2018-2019,Rabat-Salé-Kénitra,RAB,Sidi Kacem,Urbain,Féminin,Primaire,Maître d'enseignement,Philosophie,17,5629,31,0,18
ENS203949,2022-2023,Casablanca-Settat,CAS,Casablanca,Rural,Masculin,Qualifiant,Contractuel,Philosophie,29,5202,29,0,0
ENS203950,2021-2022,Oriental,ORI,Oujda-Angad,Rural,Masculin,Primaire,Maître d'enseignement,Philosophie,10,5572,22,0,21
ENS203951,2021-2022,Tanger-Tétouan-Al Hoceïma,TAN,Tétouan,Urbain,Féminin,Préscolaire,Professeur certifié,Histoire-Géo,1,5817,18,0,10
ENS203952,2020-2021,Tanger-Tétouan-Al Hoceïma,TAN,Tétouan,Rural,Féminin,Qualifiant,Professeur certifié,Mathématiques,10,6081,29,0,2
ENS203953,2016-2017,Casablanca-Settat,CAS,Berrechid,Urbain,Féminin,Collégial,Maître d'enseignement,Éducation islamique,8,5561,29,1,9
ENS203954,2015-2016,Béni Mellal-Khénifra,BMK,Béni Mellal,Urbain,Masculin,Primaire,Instituteur,Éducation physique,25,5172,25,0,22
ENS203955,2019-2020,Tanger-Tétouan-Al Hoceïma,TAN,Mdiq-Fnideq,Urbain,Féminin,Qualifiant,Instituteur,Sciences,12,4377,31,1,16
ENS203956,2015-2016,Souss-Massa,SOU,Agadir-Ida-Ou-Tanane,Urbain,Masculin,Primaire,Maître d'enseignement,Éducation islamique,23,6051,21,0,0
ENS203957,2020-2021,Tanger-Tétouan-Al Hoceïma,TAN,Tanger-Assilah,Urbain,Masculin,Qualifiant,Professeur agrégé,Éducation physique,27,8576,18,0,18
ENS203958,2023-2024,Tanger-Tétouan-Al Hoceïma,TAN,Tétouan,Urbain,Masculin,Primaire,Contractuel,Éducation islamique,20,4992,19,0,20
ENS203959,2016-2017,Fès-Meknès,FES,Taza,Rural,Masculin,Qualifiant,Maître d'enseignement,Mathématiques,8,6325,21,1,18
ENS203960,2020-2021,Tanger-Tétouan-Al Hoceïma,TAN,Al Hoceïma,Rural,Masculin,Préscolaire,Instituteur,Français,15,4373,28,0,0
ENS203961,2022-2023,Rabat-Salé-Kénitra,RAB,Khémisset,Urbain,Masculin,Collégial,Maître d'enseignement,Sciences,3,5531,24,0,0
ENS203962,2020-2021,Souss-Massa,SOU,Inezgane-Ait Melloul,Urbain,Féminin,Primaire,Maître d'enseignement,Philosophie,32,5283,28,1,16
ENS203963,2021-2022,Rabat-Salé-Kénitra,RAB,Salé,Rural,Masculin,Qualifiant,Instituteur,Anglais,33,4667,20,1,11
ENS203964,2023-2024,Souss-Massa,SOU,Tata,Rural,Masculin,Qualifiant,Contractuel,Physique-Chimie,22,3196,27,1,0
ENS203965,2021-2022,Marrakech-Safi,MAR,Chichaoua,Urbain,Masculin,Primaire,Contractuel,Physique-Chimie,12,3447,27,0,21
ENS203966,2023-2024,Souss-Massa,SOU,Inezgane-Ait Melloul,Urbain,Masculin,Primaire,Contractuel,Physique-Chimie,31,3625,23,1,0
ENS203967,2019-2020,Casablanca-Settat,CAS,Sidi Bennour,Rural,Féminin,Collégial,Instituteur,Arabe,30,4491,24,0,0
ENS203968,2016-2017,Casablanca-Settat,CAS,Sidi Bennour,Urbain,Féminin,Collégial,Instituteur,Sciences,14,5983,21,1,0
ENS203969,2017-2018,Tanger-Tétouan-Al Hoceïma,TAN,Tanger-Assilah,Urbain,Masculin,Primaire,Instituteur,SVT,9,4269,21,0,21
ENS203970,2019-2020,Casablanca-Settat,CAS,Benslimane,Rural,Féminin,Primaire,Maître d'enseignement,Anglais,31,5679,23,1,3
ENS203971,2021-2022,Rabat-Salé-Kénitra,RAB,Rabat,Rural,Masculin,Primaire,Professeur agrégé,Français,5,9819,23,1,19
ENS203972,2022-2023,Rabat-Salé-Kénitra,RAB,Sidi Kacem,Urbain,Féminin,Primaire,Instituteur,Arabe,20,4909,20,0,18
ENS203973,2019-2020,Tanger-Tétouan-Al Hoceïma,TAN,Chefchaouen,Rural,Féminin,Primaire,Maître d'enseignement,Philosophie,15,5977,24,1,0
ENS203974,2021-2022,Marrakech-Safi,MAR,El Kelaa des Sraghna,Urbain,Masculin,Primaire,Instituteur,SVT,18,4298,25,0,0
ENS203975,2022-2023,Marrakech-Safi,MAR,Al Haouz,Rural,Féminin,Primaire,Professeur certifié,Arabe,28,6853,25,1,4
ENS203976,2019-2020,Marrakech-Safi,MAR,Youssoufia,Rural,Féminin,Préscolaire,Professeur agrégé,Sciences,24,7719,31,0,15
ENS203977,2019-2020,Marrakech-Safi,MAR,Marrakech,Rural,Masculin,Primaire,Instituteur,Physique-Chimie,9,4050,25,0,23
ENS203978,2023-2024,Drâa-Tafilalet,DRA,Tinghir,Urbain,Masculin,Primaire,Professeur certifié,Philosophie,16,6305,25,1,21
ENS203979,2022-2023,Tanger-Tétouan-Al Hoceïma,TAN,Mdiq-Fnideq,Urbain,Féminin,Primaire,Maître d'enseignement,Éducation islamique,10,5936,18,0,9
ENS203980,2015-2016,Drâa-Tafilalet,DRA,Midelt,Urbain,Masculin,Collégial,Professeur certifié,Mathématiques,31,5685,29,0,3
ENS203981,2019-2020,Rabat-Salé-Kénitra,RAB,Kénitra,Rural,Masculin,Primaire,Contractuel,Philosophie,17,3135,18,1,2
ENS203982,2016-2017,Oriental,ORI,Guercif,Rural,Masculin,Primaire,Professeur certifié,Éducation physique,33,5437,22,0,0
ENS203983,2017-2018,Marrakech-Safi,MAR,Safi,Rural,Féminin,Primaire,Maître d'enseignement,Arabe,9,3749,30,0,0
ENS203984,2020-2021,Rabat-Salé-Kénitra,RAB,Rabat,Urbain,Masculin,Primaire,Instituteur,Mathématiques,12,3980,20,0,5
ENS203985,2016-2017,Souss-Massa,SOU,Agadir-Ida-Ou-Tanane,Rural,Masculin,Qualifiant,Professeur agrégé,Physique-Chimie,31,8123,29,0,10
ENS203986,2017-2018,Oriental,ORI,Oujda-Angad,Urbain,Féminin,Primaire,Contractuel,Éducation physique,19,4471,23,1,0
ENS203987,2021-2022,Casablanca-Settat,CAS,Berrechid,Urbain,Masculin,Primaire,Maître d'enseignement,Français,23,4259,23,0,0
ENS203988,2018-2019,Guelmim-Oued Noun,GUE,Assa-Zag,Urbain,Féminin,Collégial,Professeur certifié,Anglais,3,6501,23,0,5
ENS203989,2017-2018,Casablanca-Settat,CAS,Settat,Rural,Masculin,Qualifiant,Contractuel,Mathématiques,23,4000,18,1,23
ENS203990,2021-2022,Marrakech-Safi,MAR,Chichaoua,Rural,Féminin,Qualifiant,Instituteur,SVT,27,4423,29,1,18
ENS203991,2019-2020,Béni Mellal-Khénifra,BMK,Béni Mellal,Urbain,Féminin,Primaire,Instituteur,Philosophie,34,4124,22,1,1
ENS203992,2015-2016,Fès-Meknès,FES,Meknès,Rural,Masculin,Primaire,Contractuel,Histoire-Géo,10,4219,20,0,2
ENS203993,2020-2021,Drâa-Tafilalet,DRA,Ouarzazate,Urbain,Féminin,Primaire,Maître d'enseignement,Philosophie,7,4683,19,1,1
ENS203994,2020-2021,Casablanca-Settat,CAS,Sidi Bennour,Rural,Masculin,Collégial,Contractuel,Français,24,3426,21,0,0
ENS203995,2016-2017,Fès-Meknès,FES,Meknès,Urbain,Masculin,Primaire,Instituteur,Physique-Chimie,19,4630,26,0,22
ENS203996,2022-2023,Tanger-Tétouan-Al Hoceïma,TAN,Tétouan,Rural,Féminin,Collégial,Instituteur,Éducation islamique,5,3863,28,1,10
ENS203997,2018-2019,Casablanca-Settat,CAS,Mohammadia,Rural,Masculin,Qualifiant,Professeur certifié,Anglais,29,6642,22,1,2
ENS203998,2023-2024,Tanger-Tétouan-Al Hoceïma,TAN,Chefchaouen,Urbain,Féminin,Qualifiant,Contractuel,Anglais,29,4214,22,0,0
ENS203999,2015-2016,Fès-Meknès,FES,Meknès,Urbain,Masculin,Primaire,Professeur certifié,Physique-Chimie,20,5994,27,1,0
ENS204000,2016-2017,Souss-Massa,SOU,Tata,Rural,Féminin,Primaire,Professeur agrégé,Philosophie,9,8894,18,0,9
ENS204001,2016-2017,Casablanca-Settat,CAS,Khouribga,Urbain,Masculin,Primaire,Contractuel,SVT,27,4781,31,0,9
ENS204002,2023-2024,Souss-Massa,SOU,Tata,Rural,Féminin,Qualifiant,Professeur certifié,Mathématiques,17,6569,22,0,23
ENS204003,2020-2021,Fès-Meknès,FES,Séfrou,Urbain,Féminin,Primaire,Professeur certifié,Éducation physique,33,6762,24,0,6
ENS204004,2022-2023,Drâa-Tafilalet,DRA,Zagora,Urbain,Féminin,Primaire,Professeur certifié,Éducation physique,23,5620,21,1,1
ENS204005,2016-2017,Béni Mellal-Khénifra,BMK,El Kelaa des Sraghna,Urbain,Masculin,Primaire,Professeur agrégé,Mathématiques,23,8614,27,0,0
ENS204006,2022-2023,Marrakech-Safi,MAR,Safi,Urbain,Féminin,Primaire,Contractuel,Éducation physique,32,3699,18,1,0
ENS204007,2016-2017,Béni Mellal-Khénifra,BMK,El Kelaa des Sraghna,Urbain,Masculin,Primaire,Professeur certifié,Mathématiques,12,6336,30,0,0
ENS204008,2019-2020,Souss-Massa,SOU,Chtouka-Ait Baha,Rural,Masculin,Primaire,Professeur certifié,Éducation physique,10,7758,22,0,18
ENS204009,2019-2020,Marrakech-Safi,MAR,Safi,Urbain,Masculin,Primaire,Professeur certifié,Français,29,6459,26,0,18
ENS204010,2022-2023,Souss-Massa,SOU,Agadir-Ida-Ou-Tanane,Rural,Féminin,Collégial,Professeur certifié,SVT,28,8248,28,0,9
ENS204011,2015-2016,Oriental,ORI,Taourirt,Urbain,Masculin,Collégial,Professeur certifié,Éducation physique,30,5736,20,1,0
ENS204012,2020-2021,Marrakech-Safi,MAR,Essaouira,Rural,Féminin,Collégial,Professeur certifié,Anglais,27,6580,30,0,0
ENS204013,2020-2021,Souss-Massa,SOU,Chtouka-Ait Baha,Urbain,Féminin,Primaire,Professeur certifié,Arabe,10,5329,21,1,0
ENS204014,2023-2024,Rabat-Salé-Kénitra,RAB,Khémisset,Rural,Masculin,Collégial,Professeur certifié,Mathématiques,11,5813,31,1,15
ENS204015,2018-2019,Casablanca-Settat,CAS,Casablanca,Urbain,Masculin,Primaire,Contractuel,Physique-Chimie,30,5218,29,1,0
ENS204016,2015-2016,Casablanca-Settat,CAS,Mohammadia,Rural,Masculin,Qualifiant,Instituteur,Anglais,25,5284,26,0,2
ENS204017,2017-2018,Casablanca-Settat,CAS,Khouribga,Urbain,Féminin,Qualifiant,Contractuel,SVT,30,4340,22,0,15
ENS204018,2021-2022,Marrakech-Safi,MAR,Safi,Rural,Féminin,Primaire,Maître d'enseignement,Sciences,13,4770,29,0,9
ENS204019,2016-2017,Rabat-Salé-Kénitra,RAB,Kénitra,Urbain,Masculin,Collégial,Professeur certifié,Anglais,19,6277,28,0,4
ENS204020,2022-2023,Drâa-Tafilalet,DRA,Ouarzazate,Rural,Masculin,Primaire,Instituteur,Histoire-Géo,5,3515,19,0,3
ENS204021,2023-2024,Oriental,ORI,Jerada,Rural,Masculin,Qualifiant,Instituteur,SVT,33,5790,31,1,9
ENS204022,2017-2018,Fès-Meknès,FES,Taza,Rural,Féminin,Primaire,Professeur certifié,SVT,16,6514,21,0,19
ENS204023,2017-2018,Rabat-Salé-Kénitra,RAB,Skhirate-Témara,Urbain,Féminin,Qualifiant,Maître d'enseignement,Éducation islamique,4,4113,28,0,16
ENS204024,2018-2019,Fès-Meknès,FES,Fès,Urbain,Masculin,Primaire,Maître d'enseignement,Anglais,11,5286,29,0,1
ENS204025,2018-2019,Casablanca-Settat,CAS,Sidi Bennour,Rural,Féminin,Collégial,Professeur certifié,Mathématiques,18,5950,29,0,3
ENS204026,2022-2023,Marrakech-Safi,MAR,El Kelaa des Sraghna,Urbain,Masculin,Primaire,Professeur certifié,Mathématiques,2,6519,23,0,2
ENS204027,2022-2023,Oriental,ORI,Guercif,Urbain,Masculin,Qualifiant,Instituteur,Histoire-Géo,20,4337,18,1,0
ENS204028,2022-2023,Tanger-Tétouan-Al Hoceïma,TAN,Larache,Rural,Féminin,Primaire,Professeur certifié,Arabe,22,5977,20,0,12
ENS204029,2021-2022,Casablanca-Settat,CAS,Berrechid,Urbain,Féminin,Primaire,Instituteur,Anglais,9,4043,23,0,17
ENS204030,2020-2021,Casablanca-Settat,CAS,Berrechid,Rural,Masculin,Primaire,Instituteur,Mathématiques,5,4167,28,0,0
ENS204031,2020-2021,Fès-Meknès,FES,Taza,Urbain,Féminin,Primaire,Professeur certifié,Sciences,8,5889,25,1,7
ENS204032,2015-2016,Casablanca-Settat,CAS,Benslimane,Rural,Masculin,Collégial,Professeur agrégé,Éducation islamique,17,8374,29,0,24
ENS204033,2019-2020,Marrakech-Safi,MAR,Chichaoua,Rural,Féminin,Collégial,Instituteur,Arabe,11,4449,29,1,20
ENS204034,2021-2022,Fès-Meknès,FES,Ifrane,Urbain,Masculin,Qualifiant,Professeur certifié,SVT,2,6051,18,1,19
ENS204035,2022-2023,Rabat-Salé-Kénitra,RAB,Sidi Slimane,Rural,Féminin,Primaire,Vacataire,Mathématiques,12,3074,27,0,8
ENS204036,2020-2021,Marrakech-Safi,MAR,Marrakech,Urbain,Masculin,Primaire,Professeur certifié,SVT,14,7890,24,1,14
ENS204037,2016-2017,Guelmim-Oued Noun,GUE,Guelmim,Rural,Féminin,Qualifiant,Maître d'enseignement,Éducation physique,8,6560,21,0,20
ENS204038,2020-2021,Oriental,ORI,Oujda-Angad,Urbain,Masculin,Qualifiant,Professeur certifié,Mathématiques,21,5912,28,0,23
ENS204039,2020-2021,Tanger-Tétouan-Al Hoceïma,TAN,Al Hoceïma,Rural,Masculin,Collégial,Instituteur,Mathématiques,27,4648,30,1,0
ENS204040,2016-2017,Rabat-Salé-Kénitra,RAB,Kénitra,Urbain,Féminin,Primaire,Instituteur,Français,27,4299,20,0,8
ENS204041,2018-2019,Casablanca-Settat,CAS,Casablanca,Rural,Masculin,Primaire,Instituteur,Anglais,32,4593,28,0,0
ENS204042,2022-2023,Rabat-Salé-Kénitra,RAB,Khémisset,Rural,Féminin,Qualifiant,Instituteur,Histoire-Géo,25,3779,23,1,10
ENS204043,2022-2023,Souss-Massa,SOU,Inezgane-Ait Melloul,Rural,Masculin,Primaire,Maître d'enseignement,Éducation islamique,9,4763,22,0,0
ENS204044,2019-2020,Casablanca-Settat,CAS,Mohammadia,Urbain,Féminin,Primaire,Professeur agrégé,Français,22,8455,21,1,0
ENS204045,2015-2016,Casablanca-Settat,CAS,El Jadida,Rural,Féminin,Préscolaire,Maître d'enseignement,SVT,19,5041,24,1,16
ENS204046,2023-2024,Rabat-Salé-Kénitra,RAB,Salé,Rural,Féminin,Primaire,Professeur certifié,SVT,13,6639,18,0,16
ENS204047,2019-2020,Fès-Meknès,FES,Boulemane,Urbain,Féminin,Primaire,Maître d'enseignement,Mathématiques,6,5712,18,0,0
ENS204048,2020-2021,Marrakech-Safi,MAR,Al Haouz,Rural,Masculin,Collégial,Maître d'enseignement,SVT,7,6723,26,1,20
ENS204049,2016-2017,Fès-Meknès,FES,Moulay Yacoub,Urbain,Féminin,Collégial,Professeur agrégé,Physique-Chimie,11,7580,30,0,7
ENS204050,2015-2016,Béni Mellal-Khénifra,BMK,El Kelaa des Sraghna,Rural,Masculin,Collégial,Professeur certifié,Français,30,5605,24,0,0
ENS204051,2015-2016,Fès-Meknès,FES,Séfrou,Urbain,Masculin,Préscolaire,Professeur certifié,Physique-Chimie,15,6813,29,0,11
ENS204052,2023-2024,Souss-Massa,SOU,Agadir-Ida-Ou-Tanane,Urbain,Féminin,Collégial,Maître d'enseignement,Mathématiques,14,4903,23,1,11
ENS204053,2022-2023,Casablanca-Settat,CAS,El Jadida,Rural,Féminin,Primaire,Contractuel,Histoire-Géo,11,5371,25,0,12
ENS204054,2020-2021,Casablanca-Settat,CAS,Benslimane,Rural,Féminin,Primaire,Contractuel,Anglais,2,3105,21,0,11
ENS204055,2021-2022,Rabat-Salé-Kénitra,RAB,Salé,Rural,Masculin,Primaire,Instituteur,Anglais,13,4745,28,0,18
ENS204056,2018-2019,Marrakech-Safi,MAR,Marrakech,Urbain,Féminin,Primaire,Professeur agrégé,Arabe,24,6782,28,0,0
ENS204057,2018-2019,Béni Mellal-Khénifra,BMK,El Kelaa des Sraghna,Urbain,Masculin,Qualifiant,Instituteur,Philosophie,9,4439,30,1,22
ENS204058,2023-2024,Tanger-Tétouan-Al Hoceïma,TAN,Chefchaouen,Urbain,Féminin,Primaire,Maître d'enseignement,Histoire-Géo,32,5475,19,0,13
ENS204059,2022-2023,Oriental,ORI,Berkane,Urbain,Masculin,Primaire,Instituteur,Histoire-Géo,31,5794,19,1,5
ENS204060,2021-2022,Béni Mellal-Khénifra,BMK,Azilal,Urbain,Masculin,Collégial,Maître d'enseignement,Français,17,5069,25,0,22
ENS204061,2018-2019,Marrakech-Safi,MAR,El Kelaa des Sraghna,Rural,Féminin,Qualifiant,Vacataire,Physique-Chimie,27,2655,26,1,0
ENS204062,2020-2021,Fès-Meknès,FES,El Hajeb,Urbain,Féminin,Préscolaire,Vacataire,Éducation islamique,12,1665,24,1,17
ENS204063,2015-2016,Marrakech-Safi,MAR,Safi,Rural,Masculin,Collégial,Instituteur,Sciences,6,4810,22,1,14
ENS204064,2018-2019,Guelmim-Oued Noun,GUE,Sidi Ifni,Rural,Féminin,Primaire,Instituteur,Mathématiques,31,4506,27,0,1
ENS204065,2017-2018,Rabat-Salé-Kénitra,RAB,Salé,Urbain,Féminin,Collégial,Professeur certifié,Histoire-Géo,27,7312,25,0,18
ENS204066,2020-2021,Marrakech-Safi,MAR,Youssoufia,Urbain,Masculin,Préscolaire,Professeur certifié,Éducation islamique,4,6692,18,1,0
ENS204067,2023-2024,Casablanca-Settat,CAS,Khouribga,Urbain,Masculin,Collégial,Contractuel,Français,20,4036,21,0,4
ENS204068,2021-2022,Béni Mellal-Khénifra,BMK,Khouribga,Rural,Féminin,Primaire,Professeur certifié,Anglais,1,6961,28,0,10
ENS204069,2016-2017,Tanger-Tétouan-Al Hoceïma,TAN,Mdiq-Fnideq,Rural,Masculin,Primaire,Maître d'enseignement,Physique-Chimie,9,6251,26,1,4
ENS204070,2023-2024,Souss-Massa,SOU,Chtouka-Ait Baha,Urbain,Féminin,Collégial,Instituteur,Physique-Chimie,21,4507,26,1,7
ENS204071,2019-2020,Souss-Massa,SOU,Inezgane-Ait Melloul,Urbain,Masculin,Primaire,Professeur certifié,Physique-Chimie,24,5932,31,0,0
ENS204072,2020-2021,Marrakech-Safi,MAR,Safi,Urbain,Masculin,Qualifiant,Instituteur,Physique-Chimie,34,4252,20,0,15
ENS204073,2017-2018,Fès-Meknès,FES,El Hajeb,Urbain,Féminin,Collégial,Instituteur,Histoire-Géo,16,4465,30,1,20
ENS204074,2020-2021,Souss-Massa,SOU,Taroudannt,Rural,Masculin,Primaire,Instituteur,Arabe,1,5348,31,0,0
ENS204075,2020-2021,Marrakech-Safi,MAR,Marrakech,Urbain,Masculin,Collégial,Instituteur,Sciences,28,4375,31,1,22
ENS204076,2017-2018,Rabat-Salé-Kénitra,RAB,Rabat,Urbain,Masculin,Primaire,Maître d'enseignement,Arabe,14,6363,31,0,18
ENS204077,2015-2016,Béni Mellal-Khénifra,BMK,Fquih Ben Salah,Urbain,Masculin,Collégial,Professeur certifié,Arabe,31,6603,30,1,3
ENS204078,2019-2020,Marrakech-Safi,MAR,Marrakech,Urbain,Masculin,Primaire,Contractuel,Physique-Chimie,15,4333,26,0,24
ENS204079,2020-2021,Casablanca-Settat,CAS,El Jadida,Urbain,Masculin,Qualifiant,Instituteur,SVT,20,4703,29,1,0
ENS204080,2020-2021,Souss-Massa,SOU,Tiznit,Rural,Féminin,Primaire,Contractuel,Histoire-Géo,2,3958,20,0,24
ENS204081,2018-2019,Marrakech-Safi,MAR,Marrakech,Urbain,Masculin,Qualifiant,Maître d'enseignement,Physique-Chimie,18,4634,27,1,16
ENS204082,2021-2022,Casablanca-Settat,CAS,El Jadida,Urbain,Masculin,Qualifiant,Professeur agrégé,Mathématiques,13,10016,30,1,0
ENS204083,2023-2024,Rabat-Salé-Kénitra,RAB,Sidi Kacem,Rural,Masculin,Qualifiant,Professeur certifié,Arabe,12,5928,28,1,22
ENS204084,2017-2018,Béni Mellal-Khénifra,BMK,Fquih Ben Salah,Rural,Masculin,Primaire,Professeur certifié,Arabe,32,7155,29,1,0
ENS204085,2015-2016,Rabat-Salé-Kénitra,RAB,Rabat,Urbain,Masculin,Qualifiant,Contractuel,Arabe,28,4488,29,1,22
ENS204086,2017-2018,Fès-Meknès,FES,Taounate,Urbain,Masculin,Préscolaire,Instituteur,Français,20,5075,25,1,23
ENS204087,2016-2017,Oriental,ORI,Berkane,Urbain,Masculin,Primaire,Contractuel,Français,13,5306,30,0,0
ENS204088,2023-2024,Drâa-Tafilalet,DRA,Midelt,Urbain,Masculin,Qualifiant,Instituteur,Sciences,25,5298,27,0,7
ENS204089,2023-2024,Casablanca-Settat,CAS,Mohammadia,Rural,Masculin,Primaire,Maître d'enseignement,Éducation physique,3,6775,23,0,14
ENS204090,2019-2020,Tanger-Tétouan-Al Hoceïma,TAN,Al Hoceïma,Urbain,Masculin,Primaire,Vacataire,SVT,27,3321,30,0,1
ENS204091,2017-2018,Rabat-Salé-Kénitra,RAB,Khémisset,Urbain,Féminin,Collégial,Instituteur,Physique-Chimie,26,3949,24,1,0
ENS204092,2020-2021,Fès-Meknès,FES,El Hajeb,Urbain,Masculin,Collégial,Instituteur,Éducation physique,22,3958,18,0,9
ENS204093,2015-2016,Souss-Massa,SOU,Chtouka-Ait Baha,Rural,Masculin,Primaire,Professeur certifié,Français,19,6398,19,0,17
ENS204094,2022-2023,Tanger-Tétouan-Al Hoceïma,TAN,Tanger-Assilah,Rural,Masculin,Collégial,Professeur certifié,Français,16,6115,22,1,13
ENS204095,2019-2020,Fès-Meknès,FES,Séfrou,Rural,Masculin,Collégial,Instituteur,SVT,29,4673,21,1,6
ENS204096,2022-2023,Casablanca-Settat,CAS,Benslimane,Rural,Féminin,Préscolaire,Professeur certifié,Anglais,19,6016,20,1,22
ENS204097,2020-2021,Fès-Meknès,FES,Meknès,Rural,Masculin,Qualifiant,Maître d'enseignement,Mathématiques,29,6052,29,1,0
ENS204098,2015-2016,Rabat-Salé-Kénitra,RAB,Rabat,Rural,Masculin,Primaire,Professeur agrégé,Arabe,15,9014,27,0,7
ENS204099,2019-2020,Fès-Meknès,FES,Fès,Rural,Masculin,Qualifiant,Contractuel,SVT,28,4928,21,0,18
ENS204100,2023-2024,Rabat-Salé-Kénitra,RAB,Skhirate-Témara,Rural,Féminin,Qualifiant,Professeur certifié,Sciences,19,6940,25,1,0
ENS204101,2021-2022,Souss-Massa,SOU,Tiznit,Urbain,Féminin,Primaire,Instituteur,Anglais,6,4639,24,0,19
ENS204102,2015-2016,Béni Mellal-Khénifra,BMK,Khouribga,Rural,Féminin,Primaire,Contractuel,Physique-Chimie,15,4159,27,1,2
ENS204103,2016-2017,Dakhla-Oued Eddahab,DAK,Dakhla,Rural,Masculin,Collégial,Contractuel,Français,17,4006,23,0,0
ENS204104,2015-2016,Casablanca-Settat,CAS,Casablanca,Urbain,Masculin,Collégial,Instituteur,SVT,3,5206,26,1,0
ENS204105,2023-2024,Rabat-Salé-Kénitra,RAB,Kénitra,Rural,Masculin,Primaire,Instituteur,Sciences,18,3277,30,1,23
ENS204106,2015-2016,Fès-Meknès,FES,Taza,Rural,Masculin,Qualifiant,Professeur certifié,Français,18,4902,23,1,5
ENS204107,2015-2016,Rabat-Salé-Kénitra,RAB,Skhirate-Témara,Rural,Masculin,Primaire,Professeur certifié,Histoire-Géo,24,7358,24,1,17
ENS204108,2023-2024,Marrakech-Safi,MAR,Marrakech,Urbain,Masculin,Primaire,Professeur certifié,Anglais,14,5660,18,1,3
ENS204109,2020-2021,Souss-Massa,SOU,Agadir-Ida-Ou-Tanane,Urbain,Féminin,Primaire,Professeur certifié,Français,13,5683,25,0,8
ENS204110,2017-2018,Fès-Meknès,FES,Meknès,Rural,Féminin,Primaire,Contractuel,Histoire-Géo,12,2394,29,0,17
ENS204111,2018-2019,Tanger-Tétouan-Al Hoceïma,TAN,Al Hoceïma,Rural,Féminin,Préscolaire,Contractuel,Philosophie,30,3367,23,0,13
ENS204112,2020-2021,Marrakech-Safi,MAR,Al Haouz,Rural,Féminin,Primaire,Instituteur,Arabe,1,5622,28,1,9
ENS204113,2021-2022,Souss-Massa,SOU,Inezgane-Ait Melloul,Rural,Féminin,Primaire,Professeur agrégé,Anglais,6,8670,30,1,12
ENS204114,2021-2022,Souss-Massa,SOU,Tiznit,Urbain,Féminin,Primaire,Instituteur,Éducation physique,24,5041,27,0,0
ENS204115,2023-2024,Casablanca-Settat,CAS,El Jadida,Urbain,Masculin,Primaire,Instituteur,Sciences,2,5429,24,1,1
ENS204116,2015-2016,Tanger-Tétouan-Al Hoceïma,TAN,Ouazzane,Urbain,Féminin,Qualifiant,Professeur certifié,Mathématiques,3,5571,30,0,0
ENS204117,2020-2021,Oriental,ORI,Berkane,Urbain,Masculin,Primaire,Maître d'enseignement,Éducation islamique,14,6077,27,0,2
ENS204118,2015-2016,Tanger-Tétouan-Al Hoceïma,TAN,Tanger-Assilah,Rural,Féminin,Primaire,Instituteur,Physique-Chimie,16,5025,18,1,2
ENS204119,2022-2023,Béni Mellal-Khénifra,BMK,Béni Mellal,Rural,Féminin,Primaire,Professeur certifié,Philosophie,12,6519,22,1,0
ENS204120,2015-2016,Rabat-Salé-Kénitra,RAB,Sidi Slimane,Urbain,Masculin,Collégial,Contractuel,Français,11,3229,19,0,6
ENS204121,2016-2017,Fès-Meknès,FES,Ifrane,Urbain,Féminin,Primaire,Instituteur,Français,27,4239,23,1,20
ENS204122,2023-2024,Drâa-Tafilalet,DRA,Ouarzazate,Rural,Masculin,Primaire,Instituteur,Anglais,23,5656,30,0,19
ENS204123,2022-2023,Casablanca-Settat,CAS,El Jadida,Rural,Féminin,Qualifiant,Contractuel,SVT,3,3043,22,0,12
ENS204124,2020-2021,Tanger-Tétouan-Al Hoceïma,TAN,Mdiq-Fnideq,Rural,Féminin,Primaire,Instituteur,Éducation physique,23,6751,25,0,0
ENS204125,2019-2020,Rabat-Salé-Kénitra,RAB,Rabat,Urbain,Masculin,Primaire,Maître d'enseignement,Éducation physique,6,5213,19,0,0
ENS204126,2022-2023,Fès-Meknès,FES,El Hajeb,Rural,Masculin,Collégial,Instituteur,Histoire-Géo,24,3362,25,0,3
ENS204127,2021-2022,Casablanca-Settat,CAS,Mohammadia,Urbain,Féminin,Primaire,Maître d'enseignement,Éducation islamique,30,6034,19,0,19
ENS204128,2015-2016,Dakhla-Oued Eddahab,DAK,Dakhla,Rural,Masculin,Primaire,Contractuel,Français,30,3629,31,0,7
ENS204129,2020-2021,Drâa-Tafilalet,DRA,Errachidia,Urbain,Féminin,Collégial,Professeur certifié,SVT,7,6507,29,0,2
ENS204130,2019-2020,Tanger-Tétouan-Al Hoceïma,TAN,Larache,Urbain,Masculin,Primaire,Professeur certifié,Français,30,6598,21,0,0
ENS204131,2016-2017,Tanger-Tétouan-Al Hoceïma,TAN,Chefchaouen,Urbain,Masculin,Primaire,Maître d'enseignement,Éducation islamique,33,4097,30,1,20
ENS204132,2015-2016,Marrakech-Safi,MAR,Marrakech,Rural,Masculin,Primaire,Instituteur,Éducation physique,17,4491,29,1,0
ENS204133,2021-2022,Tanger-Tétouan-Al Hoceïma,TAN,Ouazzane,Rural,Féminin,Préscolaire,Instituteur,Français,7,5084,30,0,12
ENS204134,2019-2020,Casablanca-Settat,CAS,Benslimane,Rural,Masculin,Collégial,Maître d'enseignement,Éducation physique,3,5078,23,0,0
ENS204135,2018-2019,Casablanca-Settat,CAS,Benslimane,Urbain,Masculin,Collégial,Maître d'enseignement,Histoire-Géo,33,6438,20,1,2
ENS204136,2022-2023,Fès-Meknès,FES,El Hajeb,Urbain,Féminin,Collégial,Maître d'enseignement,Mathématiques,4,5336,26,0,7
ENS204137,2018-2019,Marrakech-Safi,MAR,Safi,Rural,Masculin,Qualifiant,Maître d'enseignement,Physique-Chimie,14,5333,21,1,6
ENS204138,2016-2017,Rabat-Salé-Kénitra,RAB,Khémisset,Urbain,Masculin,Collégial,Instituteur,Arabe,21,4214,29,0,20
ENS204139,2020-2021,Oriental,ORI,Jerada,Rural,Féminin,Primaire,Professeur certifié,SVT,8,6138,30,1,9
ENS204140,2017-2018,Rabat-Salé-Kénitra,RAB,Kénitra,Rural,Féminin,Primaire,Professeur certifié,Physique-Chimie,10,6627,30,0,20
ENS204141,2015-2016,Tanger-Tétouan-Al Hoceïma,TAN,Mdiq-Fnideq,Urbain,Masculin,Qualifiant,Vacataire,SVT,23,3095,26,0,0
ENS204142,2019-2020,Dakhla-Oued Eddahab,DAK,Dakhla,Urbain,Masculin,Collégial,Contractuel,Anglais,32,3793,26,1,0
ENS204143,2016-2017,Souss-Massa,SOU,Chtouka-Ait Baha,Urbain,Féminin,Primaire,Instituteur,Philosophie,21,4664,19,0,0
ENS204144,2020-2021,Marrakech-Safi,MAR,Essaouira,Rural,Masculin,Primaire,Professeur agrégé,Arabe,34,7400,31,1,17
ENS204145,2016-2017,Béni Mellal-Khénifra,BMK,Khouribga,Urbain,Masculin,Qualifiant,Professeur agrégé,Philosophie,15,9246,18,0,0
ENS204146,2023-2024,Oriental,ORI,Nador,Rural,Masculin,Primaire,Instituteur,Éducation islamique,19,4765,24,0,20
ENS204147,2022-2023,Marrakech-Safi,MAR,Chichaoua,Rural,Masculin,Primaire,Instituteur,Éducation physique,33,4672,26,1,0
ENS204148,2015-2016,Fès-Meknès,FES,Taza,Rural,Masculin,Qualifiant,Professeur agrégé,Histoire-Géo,2,8918,31,0,10
ENS204149,2021-2022,Casablanca-Settat,CAS,Settat,Urbain,Masculin,Collégial,Professeur agrégé,Éducation islamique,12,9671,30,1,0
ENS204150,2015-2016,Souss-Massa,SOU,Tata,Rural,Féminin,Primaire,Maître d'enseignement,Philosophie,13,5705,20,1,7
ENS204151,2020-2021,Souss-Massa,SOU,Chtouka-Ait Baha,Urbain,Féminin,Primaire,Professeur certifié,Éducation islamique,3,6151,24,1,12
ENS204152,2017-2018,Rabat-Salé-Kénitra,RAB,Skhirate-Témara,Rural,Masculin,Primaire,Professeur certifié,Éducation islamique,1,6405,21,1,24
ENS204153,2018-2019,Drâa-Tafilalet,DRA,Errachidia,Urbain,Féminin,Collégial,Professeur certifié,Histoire-Géo,20,5741,27,0,20
ENS204154,2019-2020,Souss-Massa,SOU,Agadir-Ida-Ou-Tanane,Urbain,Masculin,Qualifiant,Professeur certifié,Philosophie,20,6367,21,1,23
ENS204155,2023-2024,Casablanca-Settat,CAS,Mohammadia,Rural,Masculin,Qualifiant,Maître d'enseignement,Anglais,26,5915,23,1,14
ENS204156,2021-2022,Casablanca-Settat,CAS,Khouribga,Urbain,Masculin,Primaire,Professeur certifié,Histoire-Géo,27,6718,29,0,12
ENS204157,2015-2016,Rabat-Salé-Kénitra,RAB,Salé,Urbain,Masculin,Collégial,Professeur certifié,Mathématiques,7,6593,23,1,13
ENS204158,2017-2018,Casablanca-Settat,CAS,Casablanca,Urbain,Masculin,Primaire,Instituteur,Français,17,5467,31,0,19
ENS204159,2018-2019,Casablanca-Settat,CAS,Khouribga,Urbain,Féminin,Collégial,Contractuel,Philosophie,20,3795,21,0,0
ENS204160,2022-2023,Souss-Massa,SOU,Taroudannt,Urbain,Masculin,Collégial,Maître d'enseignement,Français,7,5672,25,0,0
ENS204161,2016-2017,Fès-Meknès,FES,Boulemane,Rural,Féminin,Collégial,Contractuel,Histoire-Géo,32,3846,22,1,0
ENS204162,2022-2023,Rabat-Salé-Kénitra,RAB,Sidi Slimane,Urbain,Masculin,Primaire,Professeur agrégé,Français,31,7923,19,0,4
ENS204163,2022-2023,Casablanca-Settat,CAS,Berrechid,Urbain,Masculin,Collégial,Professeur certifié,SVT,12,5651,27,1,0
ENS204164,2017-2018,Casablanca-Settat,CAS,Sidi Bennour,Rural,Féminin,Qualifiant,Professeur agrégé,Physique-Chimie,12,8989,24,0,1
ENS204165,2019-2020,Oriental,ORI,Nador,Urbain,Féminin,Primaire,Professeur certifié,Mathématiques,21,7218,28,0,4
ENS204166,2015-2016,Casablanca-Settat,CAS,Berrechid,Rural,Féminin,Qualifiant,Instituteur,Histoire-Géo,9,5600,31,0,12
ENS204167,2023-2024,Casablanca-Settat,CAS,Settat,Rural,Masculin,Primaire,Professeur certifié,Mathématiques,12,5850,30,0,2
ENS204168,2017-2018,Marrakech-Safi,MAR,El Kelaa des Sraghna,Urbain,Féminin,Primaire,Instituteur,Anglais,17,4702,30,0,0
ENS204169,2015-2016,Drâa-Tafilalet,DRA,Tinghir,Rural,Féminin,Qualifiant,Instituteur,Histoire-Géo,12,4318,23,0,0
ENS204170,2020-2021,Marrakech-Safi,MAR,Chichaoua,Urbain,Féminin,Collégial,Instituteur,Éducation islamique,5,4906,27,1,0
ENS204171,2017-2018,Souss-Massa,SOU,Agadir-Ida-Ou-Tanane,Rural,Masculin,Collégial,Maître d'enseignement,SVT,25,6968,23,1,3
ENS204172,2021-2022,Rabat-Salé-Kénitra,RAB,Skhirate-Témara,Rural,Féminin,Qualifiant,Maître d'enseignement,Anglais,9,5915,20,1,0
ENS204173,2015-2016,Rabat-Salé-Kénitra,RAB,Skhirate-Témara,Rural,Masculin,Qualifiant,Professeur certifié,Français,17,5810,27,0,1
ENS204174,2021-2022,Tanger-Tétouan-Al Hoceïma,TAN,Al Hoceïma,Urbain,Masculin,Collégial,Contractuel,Français,7,5061,27,1,17
ENS204175,2022-2023,Casablanca-Settat,CAS,El Jadida,Rural,Féminin,Collégial,Professeur certifié,Arabe,11,6625,24,1,0
ENS204176,2022-2023,Marrakech-Safi,MAR,El Kelaa des Sraghna,Urbain,Féminin,Préscolaire,Instituteur,Français,8,5375,29,1,0
ENS204177,2019-2020,Tanger-Tétouan-Al Hoceïma,TAN,Tétouan,Urbain,Féminin,Qualifiant,Instituteur,Histoire-Géo,6,4130,23,0,11
ENS204178,2017-2018,Fès-Meknès,FES,Ifrane,Rural,Masculin,Primaire,Contractuel,Physique-Chimie,13,4341,29,0,24
ENS204179,2018-2019,Souss-Massa,SOU,Taroudannt,Rural,Masculin,Collégial,Instituteur,Physique-Chimie,12,4033,26,1,8
ENS204180,2016-2017,Tanger-Tétouan-Al Hoceïma,TAN,Al Hoceïma,Rural,Masculin,Primaire,Professeur certifié,Histoire-Géo,12,7370,22,0,0
ENS204181,2016-2017,Rabat-Salé-Kénitra,RAB,Skhirate-Témara,Urbain,Masculin,Préscolaire,Professeur certifié,Anglais,10,7229,30,1,21
ENS204182,2023-2024,Casablanca-Settat,CAS,Sidi Bennour,Rural,Masculin,Primaire,Instituteur,Français,24,6276,29,0,0
ENS204183,2023-2024,Casablanca-Settat,CAS,Casablanca,Rural,Masculin,Qualifiant,Instituteur,Philosophie,17,4862,28,0,11
ENS204184,2023-2024,Rabat-Salé-Kénitra,RAB,Sidi Kacem,Urbain,Féminin,Qualifiant,Maître d'enseignement,Français,10,5412,27,1,19
ENS204185,2017-2018,Tanger-Tétouan-Al Hoceïma,TAN,Mdiq-Fnideq,Rural,Masculin,Qualifiant,Instituteur,Mathématiques,8,5330,31,0,2
ENS204186,2016-2017,Fès-Meknès,FES,Taza,Urbain,Féminin,Primaire,Professeur certifié,SVT,14,6718,18,0,0
ENS204187,2021-2022,Béni Mellal-Khénifra,BMK,Azilal,Rural,Féminin,Primaire,Instituteur,Arabe,6,4444,21,1,16
ENS204188,2020-2021,Fès-Meknès,FES,El Hajeb,Urbain,Masculin,Qualifiant,Contractuel,Sciences,22,3044,29,0,20
ENS204189,2015-2016,Souss-Massa,SOU,Tata,Urbain,Masculin,Collégial,Maître d'enseignement,Sciences,33,6005,23,1,7
ENS204190,2017-2018,Tanger-Tétouan-Al Hoceïma,TAN,Mdiq-Fnideq,Rural,Féminin,Primaire,Maître d'enseignement,Sciences,20,6585,21,1,3
ENS204191,2018-2019,Marrakech-Safi,MAR,Safi,Urbain,Féminin,Collégial,Professeur certifié,Éducation islamique,9,6755,18,1,3
ENS204192,2017-2018,Drâa-Tafilalet,DRA,Ouarzazate,Urbain,Masculin,Qualifiant,Instituteur,Physique-Chimie,27,4607,22,0,16
ENS204193,2016-2017,Fès-Meknès,FES,Séfrou,Urbain,Masculin,Collégial,Vacataire,Physique-Chimie,17,3008,19,1,1
ENS204194,2017-2018,Casablanca-Settat,CAS,Mohammadia,Rural,Féminin,Primaire,Maître d'enseignement,SVT,21,5305,25,0,9
ENS204195,2018-2019,Tanger-Tétouan-Al Hoceïma,TAN,Ouazzane,Rural,Masculin,Primaire,Instituteur,Français,2,4684,30,0,2
ENS204196,2016-2017,Rabat-Salé-Kénitra,RAB,Skhirate-Témara,Urbain,Féminin,Qualifiant,Professeur certifié,Sciences,16,7515,28,0,8
ENS204197,2019-2020,Béni Mellal-Khénifra,BMK,El Kelaa des Sraghna,Rural,Masculin,Collégial,Instituteur,Éducation islamique,12,3793,24,0,0
ENS204198,2019-2020,Rabat-Salé-Kénitra,RAB,Skhirate-Témara,Rural,Féminin,Collégial,Professeur certifié,Éducation islamique,10,8513,31,0,5
ENS204199,2019-2020,Rabat-Salé-Kénitra,RAB,Sidi Kacem,Rural,Masculin,Qualifiant,Professeur agrégé,Sciences,2,8009,25,1,6
ENS204200,2023-2024,Oriental,ORI,Jerada,Rural,Masculin,Préscolaire,Professeur agrégé,Sciences,14,8510,28,1,20
ENS204201,2017-2018,Marrakech-Safi,MAR,Youssoufia,Urbain,Masculin,Qualifiant,Maître d'enseignement,Philosophie,13,5467,25,0,14
ENS204202,2018-2019,Rabat-Salé-Kénitra,RAB,Sidi Kacem,Rural,Féminin,Collégial,Instituteur,Mathématiques,16,3812,27,1,11
ENS204203,2017-2018,Casablanca-Settat,CAS,Berrechid,Rural,Masculin,Collégial,Professeur certifié,Arabe,14,6296,21,0,0
ENS204204,2016-2017,Béni Mellal-Khénifra,BMK,Azilal,Urbain,Féminin,Primaire,Maître d'enseignement,Anglais,10,5370,20,0,0
ENS204205,2021-2022,Casablanca-Settat,CAS,Sidi Bennour,Urbain,Masculin,Primaire,Professeur agrégé,Philosophie,28,9714,20,1,0
ENS204206,2023-2024,Casablanca-Settat,CAS,Mohammadia,Rural,Masculin,Qualifiant,Professeur certifié,Sciences,1,6694,23,1,0
ENS204207,2018-2019,Casablanca-Settat,CAS,El Jadida,Urbain,Masculin,Primaire,Professeur certifié,SVT,17,6604,21,0,2
ENS204208,2016-2017,Laâyoune-Sakia El Hamra,LAA,Laâyoune,Urbain,Masculin,Primaire,Maître d'enseignement,Physique-Chimie,9,5881,27,1,0
ENS204209,2019-2020,Tanger-Tétouan-Al Hoceïma,TAN,Fahs-Anjra,Rural,Masculin,Collégial,Contractuel,Éducation islamique,21,3821,30,0,0
ENS204210,2021-2022,Marrakech-Safi,MAR,El Kelaa des Sraghna,Rural,Masculin,Primaire,Vacataire,Sciences,9,4435,24,0,6
ENS204211,2018-2019,Marrakech-Safi,MAR,Marrakech,Rural,Féminin,Primaire,Instituteur,Sciences,5,5069,24,0,20
ENS204212,2021-2022,Tanger-Tétouan-Al Hoceïma,TAN,Tanger-Assilah,Rural,Féminin,Qualifiant,Maître d'enseignement,Arabe,33,6326,28,0,8
ENS204213,2023-2024,Tanger-Tétouan-Al Hoceïma,TAN,Mdiq-Fnideq,Urbain,Féminin,Primaire,Maître d'enseignement,Mathématiques,17,5882,26,0,7
ENS204214,2021-2022,Marrakech-Safi,MAR,Marrakech,Rural,Masculin,Primaire,Instituteur,Sciences,22,5131,26,1,5
ENS204215,2018-2019,Marrakech-Safi,MAR,Youssoufia,Rural,Masculin,Primaire,Instituteur,Arabe,12,4212,18,0,24
ENS204216,2023-2024,Casablanca-Settat,CAS,Berrechid,Urbain,Masculin,Primaire,Professeur agrégé,Français,18,8008,29,1,1
ENS204217,2019-2020,Oriental,ORI,Driouch,Rural,Masculin,Collégial,Vacataire,Français,28,3248,19,0,1
ENS204218,2021-2022,Rabat-Salé-Kénitra,RAB,Kénitra,Urbain,Masculin,Qualifiant,Instituteur,Sciences,5,4399,25,0,24
ENS204219,2016-2017,Casablanca-Settat,CAS,El Jadida,Urbain,Masculin,Collégial,Instituteur,Philosophie,4,4646,29,1,15
ENS204220,2018-2019,Souss-Massa,SOU,Inezgane-Ait Melloul,Rural,Féminin,Primaire,Contractuel,Français,26,4801,24,1,20
ENS204221,2022-2023,Béni Mellal-Khénifra,BMK,Khouribga,Urbain,Masculin,Primaire,Contractuel,Éducation physique,15,3392,18,0,15
ENS204222,2023-2024,Rabat-Salé-Kénitra,RAB,Kénitra,Urbain,Masculin,Primaire,Vacataire,Physique-Chimie,16,2730,31,1,22
ENS204223,2016-2017,Casablanca-Settat,CAS,Berrechid,Urbain,Féminin,Primaire,Vacataire,Français,10,2490,20,0,9
ENS204224,2020-2021,Marrakech-Safi,MAR,Youssoufia,Urbain,Féminin,Primaire,Professeur agrégé,SVT,33,7088,31,1,0
ENS204225,2017-2018,Souss-Massa,SOU,Inezgane-Ait Melloul,Rural,Féminin,Primaire,Contractuel,Physique-Chimie,10,4454,19,1,0
ENS204226,2016-2017,Tanger-Tétouan-Al Hoceïma,TAN,Larache,Urbain,Féminin,Primaire,Contractuel,Français,18,4280,26,0,0
ENS204227,2019-2020,Marrakech-Safi,MAR,Marrakech,Rural,Masculin,Qualifiant,Professeur certifié,Anglais,28,7898,27,0,4
ENS204228,2023-2024,Rabat-Salé-Kénitra,RAB,Kénitra,Rural,Féminin,Collégial,Professeur certifié,Mathématiques,25,7108,22,0,0
ENS204229,2021-2022,Casablanca-Settat,CAS,Benslimane,Urbain,Féminin,Collégial,Contractuel,SVT,24,3533,20,0,13
ENS204230,2019-2020,Marrakech-Safi,MAR,Essaouira,Urbain,Masculin,Qualifiant,Contractuel,Éducation islamique,22,4171,19,0,16
ENS204231,2016-2017,Béni Mellal-Khénifra,BMK,Azilal,Rural,Féminin,Primaire,Instituteur,Français,7,5066,19,1,0
ENS204232,2023-2024,Tanger-Tétouan-Al Hoceïma,TAN,Al Hoceïma,Urbain,Masculin,Primaire,Contractuel,SVT,6,3515,21,0,11
ENS204233,2015-2016,Fès-Meknès,FES,Meknès,Urbain,Féminin,Collégial,Vacataire,Éducation physique,33,3557,31,0,22
ENS204234,2016-2017,Drâa-Tafilalet,DRA,Ouarzazate,Urbain,Masculin,Collégial,Professeur certifié,Français,16,6340,28,0,0
ENS204235,2020-2021,Marrakech-Safi,MAR,Marrakech,Urbain,Masculin,Qualifiant,Maître d'enseignement,Éducation physique,24,5019,31,1,4
ENS204236,2022-2023,Tanger-Tétouan-Al Hoceïma,TAN,Chefchaouen,Urbain,Masculin,Qualifiant,Contractuel,Mathématiques,11,2620,23,0,10
ENS204237,2015-2016,Casablanca-Settat,CAS,Benslimane,Urbain,Masculin,Primaire,Maître d'enseignement,Anglais,15,4634,28,0,20
ENS204238,2016-2017,Casablanca-Settat,CAS,Berrechid,Rural,Masculin,Préscolaire,Instituteur,Sciences,12,3628,18,1,0
ENS204239,2017-2018,Guelmim-Oued Noun,GUE,Tan-Tan,Rural,Masculin,Collégial,Maître d'enseignement,Physique-Chimie,16,4935,28,1,9
ENS204240,2020-2021,Tanger-Tétouan-Al Hoceïma,TAN,Al Hoceïma,Rural,Masculin,Primaire,Contractuel,Français,19,3186,18,1,7
ENS204241,2021-2022,Casablanca-Settat,CAS,Khouribga,Urbain,Masculin,Primaire,Maître d'enseignement,Éducation islamique,17,5024,31,1,0
ENS204242,2020-2021,Souss-Massa,SOU,Chtouka-Ait Baha,Urbain,Masculin,Collégial,Professeur certifié,Sciences,30,6931,25,1,0
ENS204243,2023-2024,Souss-Massa,SOU,Tiznit,Rural,Masculin,Primaire,Contractuel,Anglais,32,5123,24,0,11
ENS204244,2019-2020,Fès-Meknès,FES,Ifrane,Rural,Féminin,Collégial,Professeur certifié,Anglais,29,7711,23,0,3
ENS204245,2016-2017,Souss-Massa,SOU,Agadir-Ida-Ou-Tanane,Urbain,Masculin,Primaire,Instituteur,SVT,18,3597,31,1,24
ENS204246,2021-2022,Fès-Meknès,FES,Taza,Urbain,Féminin,Primaire,Instituteur,Philosophie,14,4739,24,0,0
ENS204247,2018-2019,Drâa-Tafilalet,DRA,Zagora,Urbain,Masculin,Primaire,Instituteur,Français,33,4929,20,0,0
ENS204248,2019-2020,Fès-Meknès,FES,Séfrou,Rural,Masculin,Primaire,Maître d'enseignement,Mathématiques,7,5876,28,0,13
ENS204249,2022-2023,Tanger-Tétouan-Al Hoceïma,TAN,Tétouan,Urbain,Masculin,Collégial,Instituteur,Sciences,12,4024,29,0,22
ENS204250,2021-2022,Dakhla-Oued Eddahab,DAK,Dakhla,Urbain,Masculin,Collégial,Professeur certifié,Arabe,22,6798,28,1,4
ENS204251,2017-2018,Rabat-Salé-Kénitra,RAB,Rabat,Urbain,Féminin,Collégial,Professeur agrégé,Arabe,27,8213,30,1,3
ENS204252,2022-2023,Casablanca-Settat,CAS,Sidi Bennour,Urbain,Masculin,Primaire,Instituteur,Éducation islamique,17,3777,29,0,10
ENS204253,2016-2017,Casablanca-Settat,CAS,Settat,Urbain,Féminin,Collégial,Maître d'enseignement,Éducation physique,12,6093,23,0,19
ENS204254,2022-2023,Drâa-Tafilalet,DRA,Tinghir,Rural,Masculin,Collégial,Maître d'enseignement,Philosophie,29,4905,29,0,19
ENS204255,2018-2019,Béni Mellal-Khénifra,BMK,El Kelaa des Sraghna,Rural,Féminin,Primaire,Vacataire,Philosophie,14,2760,18,1,14
ENS204256,2019-2020,Souss-Massa,SOU,Agadir-Ida-Ou-Tanane,Rural,Féminin,Qualifiant,Instituteur,SVT,16,4986,28,1,0
ENS204257,2021-2022,Casablanca-Settat,CAS,El Jadida,Rural,Masculin,Primaire,Vacataire,SVT,7,2984,21,1,13
ENS204258,2022-2023,Oriental,ORI,Driouch,Rural,Féminin,Qualifiant,Contractuel,Français,10,5073,29,0,0
ENS204259,2023-2024,Rabat-Salé-Kénitra,RAB,Salé,Rural,Masculin,Collégial,Professeur certifié,Mathématiques,34,5723,27,1,19
ENS204260,2019-2020,Rabat-Salé-Kénitra,RAB,Rabat,Rural,Féminin,Primaire,Professeur agrégé,Physique-Chimie,24,7958,18,1,11
ENS204261,2017-2018,Rabat-Salé-Kénitra,RAB,Khémisset,Urbain,Masculin,Qualifiant,Maître d'enseignement,Sciences,3,5447,28,0,21
ENS204262,2017-2018,Marrakech-Safi,MAR,Essaouira,Urbain,Masculin,Primaire,Contractuel,SVT,14,3266,19,0,0
ENS204263,2021-2022,Rabat-Salé-Kénitra,RAB,Skhirate-Témara,Urbain,Féminin,Qualifiant,Professeur certifié,Éducation physique,29,7149,26,0,16
ENS204264,2016-2017,Casablanca-Settat,CAS,Settat,Urbain,Masculin,Collégial,Contractuel,Histoire-Géo,17,4193,31,1,14
ENS204265,2023-2024,Laâyoune-Sakia El Hamra,LAA,Es-Semara,Rural,Masculin,Qualifiant,Instituteur,Mathématiques,20,5226,30,0,10
ENS204266,2023-2024,Marrakech-Safi,MAR,Safi,Urbain,Masculin,Primaire,Professeur certifié,Histoire-Géo,26,6226,31,1,1
ENS204267,2022-2023,Marrakech-Safi,MAR,El Kelaa des Sraghna,Urbain,Féminin,Préscolaire,Contractuel,SVT,15,3671,23,0,2
ENS204268,2022-2023,Marrakech-Safi,MAR,Essaouira,Urbain,Féminin,Primaire,Professeur certifié,Philosophie,16,6750,25,0,21
ENS204269,2019-2020,Fès-Meknès,FES,Séfrou,Urbain,Féminin,Collégial,Professeur certifié,Histoire-Géo,3,7969,30,0,0
ENS204270,2023-2024,Casablanca-Settat,CAS,El Jadida,Urbain,Masculin,Primaire,Instituteur,Anglais,18,4947,26,1,0
ENS204271,2022-2023,Casablanca-Settat,CAS,Mohammadia,Urbain,Masculin,Primaire,Maître d'enseignement,Éducation islamique,6,5735,18,1,13
ENS204272,2020-2021,Tanger-Tétouan-Al Hoceïma,TAN,Larache,Rural,Féminin,Qualifiant,Professeur agrégé,Éducation islamique,28,8939,24,0,14
ENS204273,2018-2019,Casablanca-Settat,CAS,Benslimane,Rural,Féminin,Primaire,Instituteur,Français,14,4064,22,1,19
ENS204274,2019-2020,Drâa-Tafilalet,DRA,Tinghir,Rural,Masculin,Collégial,Professeur certifié,Histoire-Géo,12,7219,20,0,3
ENS204275,2018-2019,Guelmim-Oued Noun,GUE,Guelmim,Rural,Masculin,Collégial,Contractuel,Philosophie,21,3637,26,0,8
ENS204276,2023-2024,Tanger-Tétouan-Al Hoceïma,TAN,Mdiq-Fnideq,Urbain,Féminin,Primaire,Contractuel,SVT,8,4211,26,0,22
ENS204277,2017-2018,Souss-Massa,SOU,Taroudannt,Rural,Féminin,Préscolaire,Contractuel,SVT,2,4075,25,0,19
ENS204278,2023-2024,Marrakech-Safi,MAR,El Kelaa des Sraghna,Rural,Féminin,Préscolaire,Maître d'enseignement,Philosophie,13,5348,20,1,22
ENS204279,2021-2022,Casablanca-Settat,CAS,Casablanca,Rural,Masculin,Primaire,Contractuel,Français,22,5521,28,0,23
ENS204280,2019-2020,Rabat-Salé-Kénitra,RAB,Kénitra,Urbain,Masculin,Qualifiant,Vacataire,Éducation islamique,21,1746,18,1,21
ENS204281,2015-2016,Casablanca-Settat,CAS,Mohammadia,Urbain,Féminin,Primaire,Contractuel,Éducation physique,22,4857,20,1,21
ENS204282,2018-2019,Marrakech-Safi,MAR,Youssoufia,Urbain,Masculin,Collégial,Maître d'enseignement,SVT,7,5521,29,0,3
ENS204283,2019-2020,Casablanca-Settat,CAS,Mohammadia,Rural,Masculin,Primaire,Professeur certifié,Sciences,30,6474,30,1,6
ENS204284,2019-2020,Laâyoune-Sakia El Hamra,LAA,Laâyoune,Rural,Féminin,Qualifiant,Maître d'enseignement,Philosophie,12,6510,19,0,5
ENS204285,2017-2018,Fès-Meknès,FES,Ifrane,Rural,Masculin,Primaire,Professeur agrégé,Histoire-Géo,29,8102,28,0,6
ENS204286,2023-2024,Casablanca-Settat,CAS,Mohammadia,Rural,Masculin,Collégial,Maître d'enseignement,Philosophie,19,5803,30,1,18
ENS204287,2019-2020,Casablanca-Settat,CAS,El Jadida,Rural,Féminin,Primaire,Instituteur,Éducation physique,23,5331,27,1,22
ENS204288,2020-2021,Drâa-Tafilalet,DRA,Zagora,Urbain,Féminin,Primaire,Professeur certifié,Français,32,6402,28,0,0
ENS204289,2019-2020,Tanger-Tétouan-Al Hoceïma,TAN,Larache,Urbain,Féminin,Primaire,Instituteur,SVT,9,5556,24,0,7
ENS204290,2019-2020,Drâa-Tafilalet,DRA,Ouarzazate,Rural,Masculin,Primaire,Professeur certifié,Histoire-Géo,12,6702,26,1,17
ENS204291,2019-2020,Laâyoune-Sakia El Hamra,LAA,Es-Semara,Rural,Masculin,Qualifiant,Instituteur,Français,34,4068,23,0,16
ENS204292,2016-2017,Rabat-Salé-Kénitra,RAB,Rabat,Urbain,Masculin,Collégial,Instituteur,Sciences,2,4465,24,0,12
ENS204293,2020-2021,Drâa-Tafilalet,DRA,Ouarzazate,Rural,Masculin,Collégial,Maître d'enseignement,Éducation islamique,5,6152,25,1,16
ENS204294,2019-2020,Rabat-Salé-Kénitra,RAB,Salé,Urbain,Masculin,Primaire,Professeur certifié,Histoire-Géo,3,6130,18,1,24
ENS204295,2021-2022,Tanger-Tétouan-Al Hoceïma,TAN,Tanger-Assilah,Urbain,Féminin,Collégial,Instituteur,Histoire-Géo,6,6185,26,1,10
ENS204296,2022-2023,Marrakech-Safi,MAR,Marrakech,Rural,Masculin,Primaire,Vacataire,SVT,17,2138,28,1,8
ENS204297,2022-2023,Tanger-Tétouan-Al Hoceïma,TAN,Mdiq-Fnideq,Rural,Féminin,Qualifiant,Professeur certifié,Physique-Chimie,1,6111,30,1,21
ENS204298,2018-2019,Fès-Meknès,FES,Fès,Urbain,Masculin,Primaire,Professeur certifié,Histoire-Géo,13,6647,28,0,8
ENS204299,2016-2017,Tanger-Tétouan-Al Hoceïma,TAN,Larache,Urbain,Féminin,Collégial,Instituteur,Éducation islamique,10,5719,21,1,18
ENS204300,2021-2022,Tanger-Tétouan-Al Hoceïma,TAN,Mdiq-Fnideq,Urbain,Féminin,Préscolaire,Instituteur,Éducation physique,21,5341,19,0,15
ENS204301,2018-2019,Casablanca-Settat,CAS,Casablanca,Urbain,Féminin,Qualifiant,Professeur certifié,Physique-Chimie,30,6018,22,1,17
ENS204302,2020-2021,Fès-Meknès,FES,Boulemane,Urbain,Masculin,Qualifiant,Instituteur,Histoire-Géo,32,4228,18,1,3
ENS204303,2018-2019,Fès-Meknès,FES,Moulay Yacoub,Urbain,Féminin,Primaire,Professeur certifié,Physique-Chimie,32,6465,27,0,22
ENS204304,2016-2017,Oriental,ORI,Nador,Urbain,Féminin,Primaire,Professeur certifié,Histoire-Géo,2,6736,22,0,19
ENS204305,2016-2017,Fès-Meknès,FES,Meknès,Urbain,Féminin,Primaire,Vacataire,Histoire-Géo,1,2314,30,1,15
ENS204306,2019-2020,Tanger-Tétouan-Al Hoceïma,TAN,Mdiq-Fnideq,Urbain,Masculin,Primaire,Professeur certifié,Histoire-Géo,11,7013,18,1,0
ENS204307,2015-2016,Oriental,ORI,Oujda-Angad,Urbain,Masculin,Collégial,Instituteur,Mathématiques,28,3818,20,1,6
ENS204308,2022-2023,Béni Mellal-Khénifra,BMK,Béni Mellal,Urbain,Masculin,Collégial,Professeur certifié,Éducation islamique,19,5659,27,0,0
ENS204309,2018-2019,Casablanca-Settat,CAS,Settat,Rural,Féminin,Qualifiant,Professeur certifié,Éducation islamique,14,5829,23,0,17
ENS204310,2021-2022,Rabat-Salé-Kénitra,RAB,Salé,Rural,Féminin,Primaire,Instituteur,Anglais,28,5658,20,0,0
ENS204311,2016-2017,Casablanca-Settat,CAS,Casablanca,Urbain,Féminin,Primaire,Contractuel,Éducation islamique,25,3846,20,0,22
ENS204312,2019-2020,Casablanca-Settat,CAS,Settat,Rural,Masculin,Primaire,Professeur certifié,Mathématiques,3,6851,23,1,13
ENS204313,2023-2024,Casablanca-Settat,CAS,Mohammadia,Urbain,Masculin,Primaire,Professeur certifié,Éducation islamique,21,6394,29,1,2
ENS204314,2018-2019,Casablanca-Settat,CAS,Sidi Bennour,Urbain,Masculin,Primaire,Maître d'enseignement,Éducation islamique,8,6121,26,1,0
ENS204315,2015-2016,Marrakech-Safi,MAR,Al Haouz,Rural,Féminin,Primaire,Professeur certifié,Histoire-Géo,15,6631,25,0,16
ENS204316,2018-2019,Casablanca-Settat,CAS,Casablanca,Urbain,Féminin,Collégial,Instituteur,Anglais,20,3911,30,1,23
ENS204317,2015-2016,Marrakech-Safi,MAR,Marrakech,Rural,Féminin,Qualifiant,Professeur certifié,SVT,25,5650,29,1,0
ENS204318,2023-2024,Casablanca-Settat,CAS,Mohammadia,Urbain,Masculin,Primaire,Vacataire,Arabe,27,1674,21,0,0
ENS204319,2022-2023,Drâa-Tafilalet,DRA,Zagora,Rural,Féminin,Primaire,Contractuel,Éducation physique,5,3767,21,1,11
ENS204320,2015-2016,Drâa-Tafilalet,DRA,Errachidia,Urbain,Masculin,Collégial,Instituteur,Mathématiques,32,3207,20,0,2
ENS204321,2021-2022,Casablanca-Settat,CAS,Casablanca,Urbain,Masculin,Primaire,Vacataire,Français,25,3316,25,1,0
ENS204322,2023-2024,Oriental,ORI,Taourirt,Rural,Féminin,Primaire,Vacataire,Éducation islamique,2,3186,27,0,0
ENS204323,2018-2019,Fès-Meknès,FES,Séfrou,Rural,Masculin,Primaire,Vacataire,Mathématiques,9,3014,21,0,0
ENS204324,2016-2017,Rabat-Salé-Kénitra,RAB,Skhirate-Témara,Urbain,Féminin,Primaire,Professeur certifié,Arabe,25,5878,20,0,0
ENS204325,2022-2023,Rabat-Salé-Kénitra,RAB,Khémisset,Rural,Masculin,Primaire,Professeur certifié,Philosophie,26,5813,26,0,2
ENS204326,2019-2020,Béni Mellal-Khénifra,BMK,Béni Mellal,Rural,Féminin,Préscolaire,Professeur certifié,SVT,5,7313,19,1,0
ENS204327,2017-2018,Rabat-Salé-Kénitra,RAB,Salé,Urbain,Féminin,Qualifiant,Professeur certifié,Mathématiques,9,5849,29,1,0
ENS204328,2018-2019,Laâyoune-Sakia El Hamra,LAA,Laâyoune,Rural,Masculin,Primaire,Professeur certifié,Philosophie,32,5497,28,0,14
ENS204329,2017-2018,Tanger-Tétouan-Al Hoceïma,TAN,Ouazzane,Urbain,Masculin,Collégial,Professeur certifié,Mathématiques,17,6411,30,0,8
ENS204330,2016-2017,Casablanca-Settat,CAS,Mohammadia,Rural,Masculin,Primaire,Professeur certifié,Éducation physique,9,6376,22,0,15
ENS204331,2017-2018,Souss-Massa,SOU,Tiznit,Rural,Féminin,Qualifiant,Vacataire,Éducation islamique,25,2958,21,0,0
ENS204332,2021-2022,Casablanca-Settat,CAS,Sidi Bennour,Urbain,Masculin,Qualifiant,Professeur certifié,Français,17,6805,30,0,20
ENS204333,2021-2022,Fès-Meknès,FES,Taounate,Rural,Féminin,Collégial,Professeur certifié,Physique-Chimie,11,7310,22,0,0
ENS204334,2020-2021,Souss-Massa,SOU,Taroudannt,Rural,Masculin,Collégial,Vacataire,Physique-Chimie,12,3284,25,0,13
ENS204335,2020-2021,Tanger-Tétouan-Al Hoceïma,TAN,Tanger-Assilah,Rural,Féminin,Collégial,Instituteur,Éducation physique,8,4151,31,1,0
ENS204336,2021-2022,Marrakech-Safi,MAR,Youssoufia,Urbain,Féminin,Primaire,Instituteur,Mathématiques,21,5580,26,1,0
ENS204337,2020-2021,Casablanca-Settat,CAS,Mohammadia,Rural,Masculin,Qualifiant,Maître d'enseignement,Philosophie,7,5815,18,1,6
ENS204338,2023-2024,Oriental,ORI,Guercif,Urbain,Féminin,Primaire,Instituteur,SVT,31,5049,20,0,0
ENS204339,2018-2019,Marrakech-Safi,MAR,Safi,Urbain,Féminin,Collégial,Professeur certifié,Anglais,14,5827,25,0,0
ENS204340,2018-2019,Marrakech-Safi,MAR,Youssoufia,Rural,Masculin,Primaire,Professeur agrégé,Anglais,30,5967,24,0,0
ENS204341,2018-2019,Oriental,ORI,Figuig,Rural,Féminin,Collégial,Instituteur,Sciences,1,4777,28,0,3
ENS204342,2015-2016,Casablanca-Settat,CAS,Casablanca,Rural,Féminin,Collégial,Professeur certifié,Anglais,26,7275,26,0,5
ENS204343,2017-2018,Casablanca-Settat,CAS,Berrechid,Rural,Masculin,Primaire,Vacataire,Mathématiques,13,2921,30,1,11
ENS204344,2018-2019,Oriental,ORI,Berkane,Rural,Féminin,Qualifiant,Contractuel,Français,31,3636,26,0,10
ENS204345,2020-2021,Béni Mellal-Khénifra,BMK,El Kelaa des Sraghna,Rural,Masculin,Collégial,Instituteur,Arabe,5,3668,29,0,14
ENS204346,2018-2019,Casablanca-Settat,CAS,Berrechid,Rural,Masculin,Qualifiant,Vacataire,Anglais,4,3102,28,0,23
ENS204347,2017-2018,Marrakech-Safi,MAR,Youssoufia,Rural,Féminin,Primaire,Professeur certifié,Histoire-Géo,29,7080,23,0,0
ENS204348,2017-2018,Casablanca-Settat,CAS,Sidi Bennour,Urbain,Masculin,Primaire,Professeur certifié,Éducation islamique,6,5893,18,0,0
ENS204349,2017-2018,Fès-Meknès,FES,Taounate,Rural,Féminin,Collégial,Professeur certifié,Éducation physique,23,6497,26,0,23
ENS204350,2020-2021,Fès-Meknès,FES,El Hajeb,Urbain,Féminin,Collégial,Professeur certifié,Anglais,33,6573,19,0,23
ENS204351,2018-2019,Casablanca-Settat,CAS,Khouribga,Urbain,Masculin,Primaire,Professeur certifié,Physique-Chimie,1,7188,25,1,0
ENS204352,2018-2019,Rabat-Salé-Kénitra,RAB,Rabat,Rural,Féminin,Primaire,Contractuel,Mathématiques,15,5397,24,0,18
ENS204353,2021-2022,Béni Mellal-Khénifra,BMK,Béni Mellal,Urbain,Féminin,Primaire,Professeur certifié,Philosophie,1,6478,18,0,0
ENS204354,2019-2020,Tanger-Tétouan-Al Hoceïma,TAN,Tétouan,Urbain,Féminin,Préscolaire,Maître d'enseignement,Éducation physique,29,5175,24,1,12
ENS204355,2016-2017,Fès-Meknès,FES,Boulemane,Urbain,Masculin,Qualifiant,Professeur certifié,Français,27,6118,31,1,19
ENS204356,2016-2017,Rabat-Salé-Kénitra,RAB,Skhirate-Témara,Urbain,Masculin,Primaire,Maître d'enseignement,Mathématiques,27,5156,31,0,16
ENS204357,2023-2024,Souss-Massa,SOU,Chtouka-Ait Baha,Urbain,Féminin,Qualifiant,Professeur agrégé,Éducation islamique,12,9194,28,1,0
ENS204358,2019-2020,Souss-Massa,SOU,Inezgane-Ait Melloul,Urbain,Masculin,Primaire,Professeur certifié,Histoire-Géo,31,6078,18,0,0
ENS204359,2015-2016,Oriental,ORI,Figuig,Rural,Masculin,Collégial,Professeur certifié,Philosophie,14,6777,19,0,5
ENS204360,2022-2023,Souss-Massa,SOU,Tiznit,Rural,Féminin,Primaire,Contractuel,Français,9,3644,25,1,11
ENS204361,2020-2021,Béni Mellal-Khénifra,BMK,Khouribga,Urbain,Féminin,Primaire,Instituteur,Éducation islamique,26,5796,23,1,12
ENS204362,2017-2018,Casablanca-Settat,CAS,Mohammadia,Rural,Féminin,Primaire,Professeur certifié,Éducation physique,1,6674,21,0,9
ENS204363,2016-2017,Marrakech-Safi,MAR,Marrakech,Rural,Féminin,Collégial,Instituteur,Sciences,15,4575,20,1,4
ENS204364,2023-2024,Tanger-Tétouan-Al Hoceïma,TAN,Ouazzane,Rural,Masculin,Préscolaire,Contractuel,Français,18,4786,26,0,22
ENS204365,2018-2019,Tanger-Tétouan-Al Hoceïma,TAN,Al Hoceïma,Rural,Masculin,Primaire,Professeur agrégé,Éducation islamique,20,8657,19,1,0
ENS204366,2019-2020,Fès-Meknès,FES,Taounate,Urbain,Masculin,Collégial,Professeur certifié,Philosophie,8,7382,19,0,0
ENS204367,2016-2017,Casablanca-Settat,CAS,Sidi Bennour,Rural,Féminin,Primaire,Contractuel,SVT,8,5672,21,1,17
ENS204368,2015-2016,Tanger-Tétouan-Al Hoceïma,TAN,Tanger-Assilah,Rural,Féminin,Primaire,Instituteur,Sciences,27,4847,24,1,19
ENS204369,2019-2020,Béni Mellal-Khénifra,BMK,Azilal,Urbain,Féminin,Collégial,Contractuel,SVT,7,4233,21,1,19
ENS204370,2020-2021,Drâa-Tafilalet,DRA,Ouarzazate,Rural,Féminin,Primaire,Instituteur,Éducation physique,14,5271,29,0,2
ENS204371,2020-2021,Casablanca-Settat,CAS,Sidi Bennour,Urbain,Féminin,Primaire,Professeur certifié,Philosophie,31,8352,22,1,7
ENS204372,2022-2023,Rabat-Salé-Kénitra,RAB,Sidi Kacem,Urbain,Masculin,Collégial,Professeur certifié,Éducation physique,20,5885,31,0,18
ENS204373,2018-2019,Marrakech-Safi,MAR,Youssoufia,Rural,Masculin,Collégial,Instituteur,Français,20,5697,25,1,9
ENS204374,2016-2017,Fès-Meknès,FES,Fès,Rural,Masculin,Primaire,Professeur certifié,Mathématiques,18,6606,25,0,7
ENS204375,2015-2016,Drâa-Tafilalet,DRA,Ouarzazate,Urbain,Masculin,Primaire,Instituteur,Éducation islamique,28,4342,24,0,9
ENS204376,2022-2023,Béni Mellal-Khénifra,BMK,Azilal,Rural,Masculin,Primaire,Professeur agrégé,Histoire-Géo,23,7219,26,0,16
ENS204377,2022-2023,Casablanca-Settat,CAS,Mohammadia,Urbain,Féminin,Primaire,Professeur certifié,Sciences,4,4986,24,1,0
ENS204378,2020-2021,Drâa-Tafilalet,DRA,Midelt,Rural,Féminin,Primaire,Instituteur,Histoire-Géo,13,4964,30,0,15
ENS204379,2016-2017,Rabat-Salé-Kénitra,RAB,Rabat,Rural,Féminin,Collégial,Professeur certifié,Sciences,28,6874,19,1,14
ENS204380,2019-2020,Casablanca-Settat,CAS,Benslimane,Urbain,Masculin,Qualifiant,Professeur certifié,Anglais,33,5764,28,1,0
ENS204381,2022-2023,Drâa-Tafilalet,DRA,Errachidia,Rural,Féminin,Primaire,Professeur certifié,Histoire-Géo,23,5237,24,0,0
ENS204382,2021-2022,Rabat-Salé-Kénitra,RAB,Sidi Kacem,Urbain,Masculin,Primaire,Instituteur,Mathématiques,8,4527,26,0,19
ENS204383,2015-2016,Fès-Meknès,FES,Taounate,Urbain,Masculin,Primaire,Instituteur,Philosophie,16,5328,26,1,0
ENS204384,2022-2023,Marrakech-Safi,MAR,Marrakech,Urbain,Féminin,Primaire,Professeur certifié,Français,31,7564,23,1,0
ENS204385,2021-2022,Marrakech-Safi,MAR,Youssoufia,Rural,Féminin,Primaire,Professeur certifié,Mathématiques,33,6802,22,0,1
ENS204386,2021-2022,Drâa-Tafilalet,DRA,Tinghir,Urbain,Féminin,Primaire,Professeur agrégé,Histoire-Géo,32,8328,31,0,8
ENS204387,2019-2020,Souss-Massa,SOU,Taroudannt,Rural,Masculin,Primaire,Maître d'enseignement,Philosophie,29,5140,30,0,0
ENS204388,2019-2020,Tanger-Tétouan-Al Hoceïma,TAN,Al Hoceïma,Rural,Masculin,Collégial,Professeur certifié,Histoire-Géo,19,6920,20,1,5
ENS204389,2018-2019,Marrakech-Safi,MAR,Safi,Rural,Masculin,Qualifiant,Instituteur,Sciences,21,4970,26,1,15
ENS204390,2019-2020,Rabat-Salé-Kénitra,RAB,Salé,Urbain,Féminin,Collégial,Professeur certifié,Éducation islamique,10,5183,20,1,0
ENS204391,2017-2018,Béni Mellal-Khénifra,BMK,El Kelaa des Sraghna,Urbain,Masculin,Primaire,Contractuel,Histoire-Géo,22,5092,26,0,11
ENS204392,2015-2016,Souss-Massa,SOU,Tiznit,Urbain,Masculin,Collégial,Instituteur,Français,22,4989,26,1,7
ENS204393,2020-2021,Casablanca-Settat,CAS,Benslimane,Urbain,Féminin,Primaire,Professeur certifié,Français,30,7390,28,1,10
ENS204394,2017-2018,Tanger-Tétouan-Al Hoceïma,TAN,Larache,Urbain,Masculin,Primaire,Instituteur,Mathématiques,16,5205,19,0,10
ENS204395,2022-2023,Casablanca-Settat,CAS,Sidi Bennour,Urbain,Masculin,Qualifiant,Instituteur,Sciences,29,5209,22,0,1
ENS204396,2016-2017,Rabat-Salé-Kénitra,RAB,Skhirate-Témara,Rural,Masculin,Qualifiant,Professeur agrégé,Physique-Chimie,12,8966,19,0,18
ENS204397,2020-2021,Casablanca-Settat,CAS,Mohammadia,Urbain,Féminin,Qualifiant,Contractuel,Français,25,3512,28,1,0
ENS204398,2020-2021,Rabat-Salé-Kénitra,RAB,Sidi Kacem,Urbain,Masculin,Primaire,Professeur certifié,Histoire-Géo,34,6111,21,1,4
ENS204399,2020-2021,Béni Mellal-Khénifra,BMK,Khouribga,Rural,Féminin,Qualifiant,Contractuel,Mathématiques,20,5676,31,0,4
ENS204400,2023-2024,Casablanca-Settat,CAS,Sidi Bennour,Rural,Féminin,Qualifiant,Professeur certifié,Éducation physique,32,6382,30,1,20
ENS204401,2017-2018,Marrakech-Safi,MAR,El Kelaa des Sraghna,Rural,Masculin,Qualifiant,Professeur certifié,Mathématiques,25,5733,31,0,17
ENS204402,2016-2017,Casablanca-Settat,CAS,Settat,Rural,Féminin,Collégial,Instituteur,SVT,15,5561,18,1,20
ENS204403,2015-2016,Tanger-Tétouan-Al Hoceïma,TAN,Tanger-Assilah,Urbain,Masculin,Primaire,Instituteur,Mathématiques,12,3563,27,0,4
ENS204404,2017-2018,Souss-Massa,SOU,Taroudannt,Urbain,Masculin,Primaire,Professeur certifié,Sciences,12,6765,22,0,22
ENS204405,2022-2023,Marrakech-Safi,MAR,Chichaoua,Urbain,Masculin,Qualifiant,Contractuel,Philosophie,20,5800,19,0,24
ENS204406,2021-2022,Marrakech-Safi,MAR,Al Haouz,Rural,Féminin,Primaire,Instituteur,Anglais,33,4926,18,0,3
ENS204407,2023-2024,Rabat-Salé-Kénitra,RAB,Khémisset,Rural,Féminin,Primaire,Professeur certifié,Éducation islamique,18,5795,21,0,5
ENS204408,2022-2023,Béni Mellal-Khénifra,BMK,Béni Mellal,Rural,Féminin,Collégial,Professeur certifié,SVT,28,6577,21,0,12
ENS204409,2021-2022,Oriental,ORI,Oujda-Angad,Rural,Féminin,Primaire,Instituteur,Mathématiques,11,5868,18,1,0
ENS204410,2021-2022,Souss-Massa,SOU,Inezgane-Ait Melloul,Urbain,Masculin,Qualifiant,Instituteur,SVT,25,5995,18,0,7
ENS204411,2023-2024,Tanger-Tétouan-Al Hoceïma,TAN,Larache,Rural,Masculin,Primaire,Professeur certifié,Éducation physique,32,6934,26,1,0
ENS204412,2021-2022,Casablanca-Settat,CAS,Casablanca,Urbain,Masculin,Qualifiant,Instituteur,Éducation physique,8,4421,25,0,0
ENS204413,2017-2018,Oriental,ORI,Figuig,Rural,Féminin,Préscolaire,Contractuel,SVT,20,4063,30,0,16
ENS204414,2017-2018,Tanger-Tétouan-Al Hoceïma,TAN,Chefchaouen,Rural,Masculin,Qualifiant,Instituteur,Mathématiques,8,5311,30,0,12
ENS204415,2020-2021,Béni Mellal-Khénifra,BMK,Azilal,Rural,Féminin,Collégial,Contractuel,SVT,24,5149,19,1,15
ENS204416,2021-2022,Fès-Meknès,FES,Taounate,Rural,Masculin,Collégial,Vacataire,Philosophie,26,2884,29,0,0
ENS204417,2023-2024,Marrakech-Safi,MAR,Marrakech,Rural,Masculin,Collégial,Vacataire,Éducation physique,24,3494,22,0,0
ENS204418,2023-2024,Rabat-Salé-Kénitra,RAB,Rabat,Rural,Masculin,Primaire,Instituteur,Français,3,5799,18,1,19
ENS204419,2023-2024,Souss-Massa,SOU,Inezgane-Ait Melloul,Urbain,Masculin,Primaire,Professeur certifié,Anglais,10,6748,25,0,16
ENS204420,2017-2018,Fès-Meknès,FES,Séfrou,Urbain,Masculin,Primaire,Contractuel,Français,17,4900,21,0,0
ENS204421,2023-2024,Fès-Meknès,FES,Séfrou,Rural,Masculin,Collégial,Maître d'enseignement,Éducation physique,9,4948,18,0,12
ENS204422,2019-2020,Casablanca-Settat,CAS,Settat,Urbain,Féminin,Préscolaire,Professeur certifié,Philosophie,33,5753,22,0,13
ENS204423,2023-2024,Béni Mellal-Khénifra,BMK,Khouribga,Urbain,Féminin,Primaire,Professeur certifié,Mathématiques,26,6452,26,0,21
ENS204424,2017-2018,Souss-Massa,SOU,Inezgane-Ait Melloul,Urbain,Masculin,Préscolaire,Professeur certifié,Éducation physique,11,5354,20,0,19
ENS204425,2017-2018,Marrakech-Safi,MAR,Chichaoua,Urbain,Masculin,Préscolaire,Professeur certifié,SVT,11,4977,30,1,21
ENS204426,2020-2021,Rabat-Salé-Kénitra,RAB,Salé,Urbain,Masculin,Primaire,Instituteur,Mathématiques,7,4712,24,0,0
ENS204427,2023-2024,Casablanca-Settat,CAS,El Jadida,Rural,Féminin,Collégial,Professeur certifié,Anglais,17,6307,31,1,0
ENS204428,2016-2017,Casablanca-Settat,CAS,Mohammadia,Rural,Masculin,Primaire,Contractuel,Sciences,8,3773,29,0,16
ENS204429,2023-2024,Oriental,ORI,Guercif,Urbain,Féminin,Collégial,Vacataire,Physique-Chimie,8,2334,20,1,4
ENS204430,2020-2021,Casablanca-Settat,CAS,Casablanca,Urbain,Féminin,Primaire,Instituteur,Physique-Chimie,5,4645,27,0,11
ENS204431,2015-2016,Tanger-Tétouan-Al Hoceïma,TAN,Mdiq-Fnideq,Urbain,Masculin,Primaire,Contractuel,Philosophie,13,4275,21,1,19
ENS204432,2022-2023,Souss-Massa,SOU,Tiznit,Rural,Masculin,Collégial,Contractuel,Mathématiques,30,5022,24,1,0
ENS204433,2018-2019,Tanger-Tétouan-Al Hoceïma,TAN,Mdiq-Fnideq,Urbain,Féminin,Primaire,Instituteur,Histoire-Géo,10,6282,29,1,13
ENS204434,2019-2020,Casablanca-Settat,CAS,Khouribga,Urbain,Masculin,Collégial,Instituteur,Anglais,13,4231,28,1,0
ENS204435,2021-2022,Casablanca-Settat,CAS,Sidi Bennour,Urbain,Masculin,Primaire,Professeur certifié,Arabe,22,6666,29,0,0
ENS204436,2023-2024,Fès-Meknès,FES,Séfrou,Rural,Féminin,Primaire,Maître d'enseignement,Arabe,6,5297,29,1,14
ENS204437,2022-2023,Rabat-Salé-Kénitra,RAB,Skhirate-Témara,Urbain,Féminin,Primaire,Professeur agrégé,Histoire-Géo,28,9553,20,0,0
ENS204438,2018-2019,Oriental,ORI,Driouch,Urbain,Féminin,Primaire,Vacataire,Anglais,19,2305,25,1,0
ENS204439,2022-2023,Rabat-Salé-Kénitra,RAB,Rabat,Urbain,Féminin,Collégial,Maître d'enseignement,Éducation physique,33,4221,27,0,19
ENS204440,2021-2022,Tanger-Tétouan-Al Hoceïma,TAN,Mdiq-Fnideq,Urbain,Masculin,Collégial,Instituteur,Sciences,32,4101,30,0,13
ENS204441,2015-2016,Casablanca-Settat,CAS,Sidi Bennour,Rural,Masculin,Collégial,Professeur certifié,Anglais,31,7350,30,0,12
ENS204442,2019-2020,Casablanca-Settat,CAS,Khouribga,Rural,Masculin,Primaire,Maître d'enseignement,Physique-Chimie,17,5724,26,0,11
ENS204443,2015-2016,Casablanca-Settat,CAS,Mohammadia,Rural,Féminin,Qualifiant,Professeur agrégé,Éducation physique,34,8433,18,0,19
ENS204444,2016-2017,Rabat-Salé-Kénitra,RAB,Skhirate-Témara,Rural,Féminin,Collégial,Maître d'enseignement,Anglais,25,5505,25,0,0
ENS204445,2020-2021,Marrakech-Safi,MAR,Al Haouz,Urbain,Masculin,Primaire,Maître d'enseignement,Sciences,14,4685,30,1,4
ENS204446,2015-2016,Marrakech-Safi,MAR,Essaouira,Rural,Masculin,Primaire,Professeur certifié,Histoire-Géo,12,5582,29,0,2
ENS204447,2015-2016,Casablanca-Settat,CAS,Mohammadia,Urbain,Masculin,Primaire,Maître d'enseignement,Éducation physique,17,5225,28,1,17
ENS204448,2020-2021,Fès-Meknès,FES,Boulemane,Urbain,Masculin,Primaire,Instituteur,Anglais,24,4615,23,0,0
ENS204449,2023-2024,Rabat-Salé-Kénitra,RAB,Sidi Kacem,Rural,Masculin,Primaire,Professeur certifié,Anglais,7,6650,31,0,2
ENS204450,2020-2021,Casablanca-Settat,CAS,Khouribga,Rural,Féminin,Primaire,Instituteur,SVT,24,5668,19,0,21
ENS204451,2019-2020,Marrakech-Safi,MAR,Essaouira,Urbain,Masculin,Collégial,Professeur agrégé,Sciences,33,8235,18,1,4
ENS204452,2023-2024,Rabat-Salé-Kénitra,RAB,Sidi Slimane,Rural,Masculin,Primaire,Instituteur,Sciences,22,5256,29,1,7
ENS204453,2016-2017,Rabat-Salé-Kénitra,RAB,Salé,Rural,Masculin,Collégial,Maître d'enseignement,Anglais,21,6808,27,1,11
ENS204454,2023-2024,Béni Mellal-Khénifra,BMK,Béni Mellal,Rural,Masculin,Primaire,Professeur certifié,Philosophie,3,7784,22,1,16
ENS204455,2020-2021,Marrakech-Safi,MAR,El Kelaa des Sraghna,Urbain,Masculin,Collégial,Instituteur,SVT,30,4529,24,0,11
ENS204456,2016-2017,Casablanca-Settat,CAS,Casablanca,Rural,Masculin,Collégial,Maître d'enseignement,Mathématiques,23,4511,22,0,0
ENS204457,2016-2017,Fès-Meknès,FES,Meknès,Urbain,Masculin,Collégial,Contractuel,Histoire-Géo,2,4020,24,0,0
ENS204458,2023-2024,Fès-Meknès,FES,Taza,Rural,Masculin,Primaire,Professeur certifié,Éducation physique,9,5698,26,0,13
ENS204459,2017-2018,Oriental,ORI,Jerada,Rural,Féminin,Préscolaire,Contractuel,Éducation physique,26,4609,18,0,7
ENS204460,2019-2020,Oriental,ORI,Nador,Rural,Masculin,Collégial,Professeur certifié,Mathématiques,9,6469,31,1,0
ENS204461,2016-2017,Souss-Massa,SOU,Taroudannt,Urbain,Masculin,Primaire,Instituteur,Anglais,4,5446,19,0,14
ENS204462,2016-2017,Marrakech-Safi,MAR,Marrakech,Rural,Masculin,Qualifiant,Professeur certifié,Mathématiques,25,6591,25,1,14
ENS204463,2022-2023,Béni Mellal-Khénifra,BMK,Béni Mellal,Rural,Masculin,Collégial,Instituteur,Éducation islamique,26,4579,24,0,0
ENS204464,2022-2023,Fès-Meknès,FES,Moulay Yacoub,Urbain,Masculin,Collégial,Professeur certifié,Philosophie,14,6155,29,0,17
ENS204465,2021-2022,Rabat-Salé-Kénitra,RAB,Rabat,Rural,Masculin,Collégial,Vacataire,Philosophie,32,4183,21,0,0
ENS204466,2015-2016,Tanger-Tétouan-Al Hoceïma,TAN,Fahs-Anjra,Rural,Masculin,Primaire,Maître d'enseignement,Mathématiques,31,5831,25,1,4
ENS204467,2018-2019,Marrakech-Safi,MAR,Safi,Rural,Féminin,Préscolaire,Maître d'enseignement,Français,20,5411,23,1,0
ENS204468,2018-2019,Fès-Meknès,FES,El Hajeb,Urbain,Masculin,Primaire,Professeur certifié,SVT,31,6533,30,0,17
ENS204469,2023-2024,Oriental,ORI,Oujda-Angad,Urbain,Féminin,Primaire,Maître d'enseignement,Français,17,5615,27,1,19
ENS204470,2017-2018,Oriental,ORI,Jerada,Urbain,Masculin,Primaire,Instituteur,Éducation physique,4,4327,26,1,22
ENS204471,2020-2021,Casablanca-Settat,CAS,El Jadida,Urbain,Masculin,Primaire,Instituteur,Philosophie,23,4400,19,0,10
ENS204472,2015-2016,Marrakech-Safi,MAR,El Kelaa des Sraghna,Rural,Masculin,Qualifiant,Professeur agrégé,Mathématiques,6,8815,21,0,23
ENS204473,2016-2017,Drâa-Tafilalet,DRA,Ouarzazate,Urbain,Féminin,Collégial,Instituteur,Physique-Chimie,6,4695,28,1,10
ENS204474,2016-2017,Laâyoune-Sakia El Hamra,LAA,Laâyoune,Urbain,Féminin,Primaire,Contractuel,Anglais,25,3517,21,1,6
ENS204475,2019-2020,Casablanca-Settat,CAS,Settat,Urbain,Masculin,Primaire,Instituteur,Éducation islamique,29,4367,21,1,23
ENS204476,2015-2016,Guelmim-Oued Noun,GUE,Assa-Zag,Urbain,Masculin,Qualifiant,Instituteur,Français,15,5439,22,1,24
ENS204477,2018-2019,Rabat-Salé-Kénitra,RAB,Kénitra,Urbain,Masculin,Collégial,Professeur agrégé,Éducation physique,4,8168,24,1,4
ENS204478,2016-2017,Casablanca-Settat,CAS,Berrechid,Rural,Masculin,Primaire,Professeur agrégé,Arabe,3,7158,23,0,1
ENS204479,2023-2024,Tanger-Tétouan-Al Hoceïma,TAN,Tétouan,Urbain,Masculin,Qualifiant,Instituteur,Histoire-Géo,3,5203,22,0,4
ENS204480,2016-2017,Casablanca-Settat,CAS,Settat,Urbain,Féminin,Primaire,Maître d'enseignement,Éducation islamique,5,4691,29,1,22
ENS204481,2021-2022,Rabat-Salé-Kénitra,RAB,Rabat,Urbain,Féminin,Collégial,Instituteur,Histoire-Géo,7,5140,22,0,6
ENS204482,2020-2021,Tanger-Tétouan-Al Hoceïma,TAN,Tanger-Assilah,Rural,Féminin,Primaire,Instituteur,Mathématiques,3,5462,27,1,0
ENS204483,2018-2019,Fès-Meknès,FES,Séfrou,Urbain,Féminin,Primaire,Professeur certifié,Physique-Chimie,26,6435,21,1,0
ENS204484,2015-2016,Casablanca-Settat,CAS,Mohammadia,Urbain,Féminin,Primaire,Professeur certifié,Mathématiques,25,6316,21,0,0
ENS204485,2021-2022,Marrakech-Safi,MAR,Essaouira,Urbain,Masculin,Primaire,Contractuel,Histoire-Géo,29,2989,19,0,0
ENS204486,2016-2017,Rabat-Salé-Kénitra,RAB,Skhirate-Témara,Urbain,Féminin,Primaire,Professeur certifié,SVT,22,5388,29,0,3
ENS204487,2021-2022,Souss-Massa,SOU,Tiznit,Rural,Féminin,Collégial,Contractuel,Anglais,6,5453,21,1,20
ENS204488,2015-2016,Oriental,ORI,Berkane,Urbain,Masculin,Primaire,Maître d'enseignement,Éducation islamique,31,5247,27,0,24
ENS204489,2017-2018,Rabat-Salé-Kénitra,RAB,Khémisset,Urbain,Féminin,Préscolaire,Instituteur,Sciences,18,4751,30,1,22
ENS204490,2018-2019,Rabat-Salé-Kénitra,RAB,Rabat,Urbain,Masculin,Qualifiant,Maître d'enseignement,Mathématiques,29,5401,23,1,23
ENS204491,2016-2017,Tanger-Tétouan-Al Hoceïma,TAN,Chefchaouen,Rural,Masculin,Qualifiant,Instituteur,Anglais,15,4557,23,1,17
ENS204492,2016-2017,Casablanca-Settat,CAS,Settat,Urbain,Féminin,Collégial,Professeur certifié,Mathématiques,26,7251,24,0,3
ENS204493,2016-2017,Béni Mellal-Khénifra,BMK,Béni Mellal,Urbain,Masculin,Primaire,Vacataire,Éducation islamique,32,3254,28,1,0
ENS204494,2022-2023,Casablanca-Settat,CAS,El Jadida,Urbain,Masculin,Primaire,Professeur certifié,Éducation islamique,26,5732,23,0,0
ENS204495,2015-2016,Rabat-Salé-Kénitra,RAB,Rabat,Urbain,Masculin,Primaire,Professeur certifié,SVT,7,6506,30,1,0
ENS204496,2018-2019,Oriental,ORI,Figuig,Urbain,Masculin,Primaire,Professeur certifié,Français,14,6758,29,0,19
ENS204497,2023-2024,Casablanca-Settat,CAS,Mohammadia,Urbain,Féminin,Primaire,Professeur certifié,Anglais,7,6604,25,0,6
ENS204498,2015-2016,Rabat-Salé-Kénitra,RAB,Skhirate-Témara,Rural,Féminin,Primaire,Instituteur,Histoire-Géo,29,5178,18,0,21
ENS204499,2022-2023,Souss-Massa,SOU,Taroudannt,Rural,Masculin,Primaire,Instituteur,Sciences,3,4123,25,0,9
ENS204500,2018-2019,Fès-Meknès,FES,El Hajeb,Rural,Masculin,Primaire,Professeur certifié,Arabe,23,7119,22,1,4
ENS204501,2016-2017,Tanger-Tétouan-Al Hoceïma,TAN,Mdiq-Fnideq,Urbain,Masculin,Primaire,Instituteur,Physique-Chimie,3,5407,20,1,24
ENS204502,2018-2019,Béni Mellal-Khénifra,BMK,Fquih Ben Salah,Rural,Masculin,Collégial,Vacataire,Anglais,11,3143,27,0,0
ENS204503,2018-2019,Marrakech-Safi,MAR,Chichaoua,Rural,Masculin,Primaire,Contractuel,Éducation islamique,11,3383,29,1,0
ENS204504,2017-2018,Tanger-Tétouan-Al Hoceïma,TAN,Fahs-Anjra,Rural,Masculin,Collégial,Vacataire,Éducation islamique,34,3673,24,1,19
ENS204505,2019-2020,Casablanca-Settat,CAS,Settat,Urbain,Masculin,Qualifiant,Professeur agrégé,SVT,18,7707,19,0,0
ENS204506,2023-2024,Souss-Massa,SOU,Tata,Urbain,Masculin,Primaire,Contractuel,Mathématiques,14,4531,20,1,7
ENS204507,2017-2018,Casablanca-Settat,CAS,Khouribga,Urbain,Masculin,Qualifiant,Professeur certifié,Philosophie,1,6351,22,0,23
ENS204508,2020-2021,Drâa-Tafilalet,DRA,Ouarzazate,Rural,Masculin,Primaire,Professeur certifié,SVT,2,8279,22,1,7
ENS204509,2020-2021,Marrakech-Safi,MAR,El Kelaa des Sraghna,Rural,Masculin,Primaire,Professeur certifié,Philosophie,28,5230,30,0,9
ENS204510,2023-2024,Rabat-Salé-Kénitra,RAB,Sidi Kacem,Urbain,Féminin,Primaire,Contractuel,Anglais,4,4962,28,1,0
ENS204511,2016-2017,Fès-Meknès,FES,Meknès,Rural,Féminin,Collégial,Contractuel,Français,21,2935,29,1,7
ENS204512,2019-2020,Casablanca-Settat,CAS,Mohammadia,Urbain,Masculin,Primaire,Professeur certifié,Français,9,5304,20,1,22
ENS204513,2016-2017,Oriental,ORI,Oujda-Angad,Urbain,Masculin,Primaire,Instituteur,Mathématiques,22,7084,22,0,9
ENS204514,2023-2024,Fès-Meknès,FES,El Hajeb,Urbain,Masculin,Primaire,Instituteur,Physique-Chimie,10,3867,20,0,2
ENS204515,2015-2016,Tanger-Tétouan-Al Hoceïma,TAN,Tanger-Assilah,Rural,Féminin,Primaire,Professeur certifié,Arabe,34,6931,29,1,13
ENS204516,2019-2020,Rabat-Salé-Kénitra,RAB,Khémisset,Rural,Féminin,Collégial,Contractuel,Éducation islamique,12,4696,30,1,13
ENS204517,2017-2018,Drâa-Tafilalet,DRA,Errachidia,Urbain,Féminin,Qualifiant,Maître d'enseignement,Éducation islamique,12,4820,31,1,0
ENS204518,2018-2019,Béni Mellal-Khénifra,BMK,Fquih Ben Salah,Rural,Masculin,Primaire,Maître d'enseignement,Arabe,13,5668,27,0,0
ENS204519,2021-2022,Fès-Meknès,FES,Moulay Yacoub,Rural,Masculin,Primaire,Instituteur,Anglais,26,4769,30,0,0
ENS204520,2018-2019,Rabat-Salé-Kénitra,RAB,Skhirate-Témara,Urbain,Masculin,Primaire,Professeur certifié,Histoire-Géo,4,7526,26,1,0
ENS204521,2021-2022,Rabat-Salé-Kénitra,RAB,Kénitra,Urbain,Féminin,Qualifiant,Professeur agrégé,Éducation islamique,22,7581,30,1,19
ENS204522,2019-2020,Béni Mellal-Khénifra,BMK,Khouribga,Rural,Féminin,Primaire,Contractuel,Anglais,18,5261,26,0,23
ENS204523,2020-2021,Tanger-Tétouan-Al Hoceïma,TAN,Ouazzane,Rural,Féminin,Collégial,Maître d'enseignement,Anglais,3,5302,22,0,9
ENS204524,2023-2024,Oriental,ORI,Guercif,Rural,Masculin,Primaire,Maître d'enseignement,SVT,16,4886,24,0,0
ENS204525,2021-2022,Fès-Meknès,FES,Meknès,Urbain,Féminin,Collégial,Contractuel,Philosophie,32,5266,31,0,0
ENS204526,2018-2019,Drâa-Tafilalet,DRA,Zagora,Urbain,Féminin,Qualifiant,Contractuel,Éducation islamique,12,3559,20,0,14
ENS204527,2023-2024,Fès-Meknès,FES,Moulay Yacoub,Rural,Masculin,Collégial,Instituteur,Physique-Chimie,30,4921,23,0,0
ENS204528,2017-2018,Rabat-Salé-Kénitra,RAB,Salé,Urbain,Féminin,Primaire,Professeur agrégé,Éducation islamique,9,8926,28,0,12
ENS204529,2020-2021,Souss-Massa,SOU,Tiznit,Rural,Féminin,Collégial,Professeur agrégé,Physique-Chimie,26,9289,19,0,3
ENS204530,2016-2017,Casablanca-Settat,CAS,Khouribga,Urbain,Masculin,Primaire,Professeur certifié,Mathématiques,33,6511,20,0,14
ENS204531,2022-2023,Marrakech-Safi,MAR,El Kelaa des Sraghna,Rural,Masculin,Collégial,Professeur certifié,Français,2,7604,19,0,0
ENS204532,2016-2017,Tanger-Tétouan-Al Hoceïma,TAN,Tétouan,Rural,Féminin,Primaire,Professeur agrégé,Éducation physique,23,9074,18,1,23
ENS204533,2020-2021,Rabat-Salé-Kénitra,RAB,Salé,Urbain,Masculin,Qualifiant,Contractuel,Éducation islamique,29,4716,21,0,8
ENS204534,2022-2023,Fès-Meknès,FES,Taounate,Rural,Féminin,Collégial,Maître d'enseignement,Philosophie,18,7186,19,0,14
ENS204535,2022-2023,Tanger-Tétouan-Al Hoceïma,TAN,Tétouan,Urbain,Féminin,Primaire,Professeur certifié,Sciences,13,7827,29,1,22
ENS204536,2019-2020,Marrakech-Safi,MAR,Chichaoua,Rural,Masculin,Primaire,Professeur certifié,Philosophie,3,5585,24,1,0
ENS204537,2020-2021,Rabat-Salé-Kénitra,RAB,Skhirate-Témara,Rural,Masculin,Collégial,Vacataire,Physique-Chimie,2,2444,29,0,13
ENS204538,2019-2020,Souss-Massa,SOU,Chtouka-Ait Baha,Rural,Féminin,Primaire,Vacataire,Sciences,20,3739,23,0,0
ENS204539,2016-2017,Casablanca-Settat,CAS,Mohammadia,Urbain,Féminin,Primaire,Vacataire,Sciences,27,3356,21,0,19
ENS204540,2019-2020,Marrakech-Safi,MAR,Safi,Urbain,Masculin,Primaire,Professeur certifié,Éducation physique,34,6125,26,1,0
ENS204541,2021-2022,Oriental,ORI,Taourirt,Urbain,Féminin,Primaire,Contractuel,Français,33,3763,25,1,14
ENS204542,2021-2022,Tanger-Tétouan-Al Hoceïma,TAN,Chefchaouen,Rural,Masculin,Primaire,Professeur certifié,Sciences,2,6776,28,1,17
ENS204543,2022-2023,Rabat-Salé-Kénitra,RAB,Khémisset,Urbain,Masculin,Primaire,Maître d'enseignement,SVT,19,6324,20,1,0
ENS204544,2021-2022,Casablanca-Settat,CAS,Sidi Bennour,Rural,Féminin,Primaire,Professeur certifié,Éducation islamique,14,6970,20,1,14
ENS204545,2022-2023,Casablanca-Settat,CAS,Mohammadia,Rural,Masculin,Qualifiant,Vacataire,Éducation islamique,11,3544,26,0,2
ENS204546,2018-2019,Marrakech-Safi,MAR,El Kelaa des Sraghna,Rural,Masculin,Primaire,Instituteur,Sciences,11,5405,26,0,0
ENS204547,2023-2024,Fès-Meknès,FES,El Hajeb,Urbain,Masculin,Collégial,Professeur certifié,Philosophie,8,5912,29,0,20
ENS204548,2023-2024,Casablanca-Settat,CAS,Berrechid,Urbain,Masculin,Qualifiant,Professeur certifié,Sciences,27,7027,29,1,24
ENS204549,2021-2022,Rabat-Salé-Kénitra,RAB,Salé,Rural,Masculin,Primaire,Instituteur,Philosophie,4,3900,19,0,0
ENS204550,2023-2024,Oriental,ORI,Guercif,Rural,Masculin,Primaire,Maître d'enseignement,Mathématiques,14,6030,23,0,8
ENS204551,2020-2021,Fès-Meknès,FES,Fès,Rural,Masculin,Primaire,Professeur agrégé,Physique-Chimie,1,9158,30,0,14
ENS204552,2021-2022,Oriental,ORI,Driouch,Urbain,Masculin,Collégial,Professeur agrégé,Éducation islamique,16,7941,19,0,0
ENS204553,2019-2020,Souss-Massa,SOU,Inezgane-Ait Melloul,Rural,Masculin,Qualifiant,Contractuel,SVT,10,4046,31,0,17
ENS204554,2017-2018,Béni Mellal-Khénifra,BMK,Khouribga,Urbain,Féminin,Préscolaire,Professeur certifié,SVT,12,6880,18,1,7
ENS204555,2015-2016,Tanger-Tétouan-Al Hoceïma,TAN,Mdiq-Fnideq,Urbain,Masculin,Primaire,Instituteur,Sciences,19,4411,30,1,1
ENS204556,2021-2022,Fès-Meknès,FES,Fès,Rural,Masculin,Primaire,Professeur certifié,Éducation physique,13,6335,25,0,0
ENS204557,2015-2016,Drâa-Tafilalet,DRA,Ouarzazate,Rural,Masculin,Primaire,Professeur certifié,Éducation islamique,17,5961,24,0,4
ENS204558,2015-2016,Casablanca-Settat,CAS,Berrechid,Urbain,Masculin,Primaire,Maître d'enseignement,SVT,29,5505,24,0,11
ENS204559,2020-2021,Rabat-Salé-Kénitra,RAB,Khémisset,Rural,Masculin,Qualifiant,Contractuel,Français,11,5335,20,1,0
ENS204560,2021-2022,Béni Mellal-Khénifra,BMK,Fquih Ben Salah,Urbain,Féminin,Qualifiant,Professeur certifié,Arabe,27,6243,19,1,0
ENS204561,2021-2022,Béni Mellal-Khénifra,BMK,Azilal,Urbain,Masculin,Collégial,Professeur certifié,Éducation islamique,11,7260,29,0,0
ENS204562,2020-2021,Fès-Meknès,FES,El Hajeb,Rural,Masculin,Préscolaire,Vacataire,Arabe,15,2336,28,1,14
ENS204563,2018-2019,Marrakech-Safi,MAR,Youssoufia,Urbain,Féminin,Collégial,Professeur certifié,Anglais,31,6305,22,1,4
ENS204564,2019-2020,Béni Mellal-Khénifra,BMK,Fquih Ben Salah,Urbain,Masculin,Primaire,Instituteur,Mathématiques,18,4736,18,0,19
ENS204565,2023-2024,Rabat-Salé-Kénitra,RAB,Skhirate-Témara,Urbain,Masculin,Primaire,Contractuel,Arabe,20,3176,21,0,24
ENS204566,2023-2024,Casablanca-Settat,CAS,Sidi Bennour,Urbain,Masculin,Primaire,Vacataire,Éducation physique,32,2025,28,0,9
ENS204567,2023-2024,Rabat-Salé-Kénitra,RAB,Skhirate-Témara,Rural,Féminin,Collégial,Contractuel,SVT,30,3586,30,1,22
ENS204568,2019-2020,Drâa-Tafilalet,DRA,Ouarzazate,Urbain,Masculin,Qualifiant,Maître d'enseignement,SVT,16,6102,29,0,5
ENS204569,2023-2024,Souss-Massa,SOU,Agadir-Ida-Ou-Tanane,Urbain,Masculin,Qualifiant,Instituteur,Sciences,6,2335,24,1,22
ENS204570,2020-2021,Fès-Meknès,FES,El Hajeb,Urbain,Féminin,Primaire,Maître d'enseignement,Arabe,10,5125,31,1,0
ENS204571,2019-2020,Rabat-Salé-Kénitra,RAB,Rabat,Rural,Féminin,Primaire,Professeur agrégé,Éducation islamique,14,8452,24,0,12
ENS204572,2020-2021,Tanger-Tétouan-Al Hoceïma,TAN,Ouazzane,Rural,Masculin,Primaire,Vacataire,Français,17,1760,23,0,16
ENS204573,2019-2020,Fès-Meknès,FES,Meknès,Urbain,Masculin,Primaire,Professeur certifié,Sciences,33,6067,29,1,1
ENS204574,2022-2023,Fès-Meknès,FES,Fès,Urbain,Féminin,Collégial,Instituteur,SVT,20,4250,31,0,17
ENS204575,2015-2016,Drâa-Tafilalet,DRA,Midelt,Rural,Masculin,Préscolaire,Professeur certifié,Éducation physique,34,6512,23,0,0
ENS204576,2022-2023,Casablanca-Settat,CAS,Settat,Urbain,Féminin,Primaire,Maître d'enseignement,Histoire-Géo,17,5326,25,1,6
ENS204577,2015-2016,Béni Mellal-Khénifra,BMK,Béni Mellal,Urbain,Masculin,Qualifiant,Instituteur,Anglais,24,4711,19,1,0
ENS204578,2021-2022,Fès-Meknès,FES,Taounate,Urbain,Masculin,Primaire,Professeur certifié,Français,2,5826,29,1,2
ENS204579,2020-2021,Marrakech-Safi,MAR,Chichaoua,Urbain,Masculin,Primaire,Professeur certifié,Éducation physique,6,5510,24,1,0
ENS204580,2015-2016,Marrakech-Safi,MAR,Marrakech,Urbain,Masculin,Primaire,Instituteur,Français,19,5059,31,0,21
ENS204581,2020-2021,Casablanca-Settat,CAS,Khouribga,Rural,Masculin,Primaire,Professeur certifié,Arabe,29,7047,19,0,20
ENS204582,2015-2016,Fès-Meknès,FES,Taza,Rural,Masculin,Primaire,Professeur agrégé,Arabe,6,7739,25,1,3
ENS204583,2020-2021,Béni Mellal-Khénifra,BMK,Fquih Ben Salah,Urbain,Masculin,Primaire,Instituteur,Philosophie,34,5699,24,0,10
ENS204584,2015-2016,Oriental,ORI,Driouch,Urbain,Masculin,Collégial,Maître d'enseignement,Physique-Chimie,24,7021,26,0,13
ENS204585,2020-2021,Casablanca-Settat,CAS,Settat,Rural,Masculin,Qualifiant,Maître d'enseignement,Physique-Chimie,15,5701,20,0,0
ENS204586,2016-2017,Rabat-Salé-Kénitra,RAB,Skhirate-Témara,Rural,Féminin,Primaire,Contractuel,Philosophie,26,4539,20,1,11
ENS204587,2015-2016,Marrakech-Safi,MAR,Essaouira,Urbain,Féminin,Primaire,Instituteur,SVT,19,6365,21,1,24
ENS204588,2017-2018,Casablanca-Settat,CAS,Casablanca,Urbain,Masculin,Collégial,Maître d'enseignement,Éducation islamique,7,3612,29,1,15
ENS204589,2018-2019,Fès-Meknès,FES,Boulemane,Urbain,Masculin,Préscolaire,Maître d'enseignement,Éducation physique,8,5588,22,0,0
ENS204590,2022-2023,Béni Mellal-Khénifra,BMK,Béni Mellal,Rural,Masculin,Primaire,Professeur certifié,Éducation islamique,33,6298,26,0,12
ENS204591,2017-2018,Drâa-Tafilalet,DRA,Midelt,Rural,Féminin,Primaire,Instituteur,Éducation physique,15,5884,20,0,1
ENS204592,2015-2016,Oriental,ORI,Figuig,Urbain,Masculin,Primaire,Professeur certifié,Sciences,21,6248,29,0,7
ENS204593,2021-2022,Casablanca-Settat,CAS,Berrechid,Rural,Masculin,Primaire,Professeur certifié,Philosophie,32,7619,25,1,11
ENS204594,2018-2019,Rabat-Salé-Kénitra,RAB,Salé,Urbain,Masculin,Primaire,Professeur certifié,Philosophie,33,4606,28,1,8
ENS204595,2016-2017,Casablanca-Settat,CAS,Casablanca,Urbain,Masculin,Collégial,Instituteur,Éducation physique,29,5043,19,0,0
ENS204596,2015-2016,Drâa-Tafilalet,DRA,Ouarzazate,Urbain,Masculin,Collégial,Vacataire,SVT,16,2030,26,0,1
ENS204597,2015-2016,Guelmim-Oued Noun,GUE,Sidi Ifni,Urbain,Masculin,Collégial,Instituteur,Philosophie,5,4612,24,0,0
ENS204598,2019-2020,Drâa-Tafilalet,DRA,Zagora,Rural,Féminin,Primaire,Instituteur,Anglais,3,4730,29,1,0
ENS204599,2018-2019,Fès-Meknès,FES,Meknès,Urbain,Masculin,Collégial,Instituteur,Arabe,29,4994,26,1,17
ENS204600,2016-2017,Béni Mellal-Khénifra,BMK,Fquih Ben Salah,Rural,Masculin,Primaire,Professeur certifié,Éducation physique,13,6247,21,1,4
ENS204601,2015-2016,Rabat-Salé-Kénitra,RAB,Sidi Kacem,Urbain,Masculin,Primaire,Instituteur,Histoire-Géo,18,5545,25,0,8
ENS204602,2015-2016,Casablanca-Settat,CAS,Khouribga,Urbain,Féminin,Qualifiant,Instituteur,Français,11,4399,21,1,0
ENS204603,2017-2018,Rabat-Salé-Kénitra,RAB,Sidi Slimane,Rural,Féminin,Collégial,Instituteur,Éducation physique,22,4732,22,0,24
ENS204604,2016-2017,Tanger-Tétouan-Al Hoceïma,TAN,Ouazzane,Rural,Féminin,Primaire,Instituteur,SVT,17,5391,27,0,1
ENS204605,2023-2024,Tanger-Tétouan-Al Hoceïma,TAN,Al Hoceïma,Rural,Féminin,Primaire,Professeur certifié,Français,31,6647,25,0,14
ENS204606,2018-2019,Fès-Meknès,FES,Taza,Rural,Masculin,Primaire,Professeur certifié,Physique-Chimie,10,6881,27,0,0
ENS204607,2018-2019,Oriental,ORI,Oujda-Angad,Urbain,Féminin,Collégial,Contractuel,Physique-Chimie,14,4383,18,1,9
ENS204608,2017-2018,Casablanca-Settat,CAS,El Jadida,Rural,Masculin,Primaire,Professeur certifié,SVT,29,6880,26,1,0
ENS204609,2015-2016,Casablanca-Settat,CAS,El Jadida,Rural,Féminin,Primaire,Professeur certifié,Éducation islamique,16,5872,27,1,24
ENS204610,2017-2018,Tanger-Tétouan-Al Hoceïma,TAN,Chefchaouen,Rural,Masculin,Primaire,Professeur certifié,Mathématiques,24,5783,19,0,1
ENS204611,2021-2022,Tanger-Tétouan-Al Hoceïma,TAN,Larache,Rural,Masculin,Primaire,Contractuel,Philosophie,19,5092,20,1,11
ENS204612,2021-2022,Tanger-Tétouan-Al Hoceïma,TAN,Mdiq-Fnideq,Rural,Masculin,Collégial,Instituteur,Éducation islamique,23,4413,25,1,3
ENS204613,2018-2019,Rabat-Salé-Kénitra,RAB,Sidi Slimane,Urbain,Féminin,Qualifiant,Professeur certifié,Anglais,21,7167,24,1,15
ENS204614,2018-2019,Fès-Meknès,FES,Taounate,Urbain,Féminin,Qualifiant,Professeur agrégé,Mathématiques,27,7982,18,0,7
ENS204615,2015-2016,Casablanca-Settat,CAS,Benslimane,Urbain,Masculin,Primaire,Instituteur,Histoire-Géo,28,4658,19,1,23
ENS204616,2022-2023,Oriental,ORI,Nador,Urbain,Féminin,Collégial,Professeur certifié,Sciences,24,6940,27,0,18
ENS204617,2023-2024,Souss-Massa,SOU,Taroudannt,Rural,Masculin,Primaire,Instituteur,Anglais,3,4727,31,1,21
ENS204618,2019-2020,Tanger-Tétouan-Al Hoceïma,TAN,Al Hoceïma,Urbain,Masculin,Primaire,Professeur agrégé,Français,16,8974,30,0,0
ENS204619,2022-2023,Oriental,ORI,Jerada,Rural,Masculin,Primaire,Contractuel,Français,24,4114,26,0,24
ENS204620,2022-2023,Fès-Meknès,FES,Fès,Rural,Féminin,Préscolaire,Instituteur,Français,20,5624,23,0,0
ENS204621,2017-2018,Guelmim-Oued Noun,GUE,Sidi Ifni,Rural,Masculin,Primaire,Contractuel,Arabe,33,4001,20,0,0
ENS204622,2015-2016,Rabat-Salé-Kénitra,RAB,Skhirate-Témara,Urbain,Féminin,Collégial,Professeur certifié,Philosophie,13,5788,23,1,14
ENS204623,2023-2024,Casablanca-Settat,CAS,Benslimane,Rural,Féminin,Primaire,Instituteur,Physique-Chimie,22,6302,24,0,10
ENS204624,2021-2022,Marrakech-Safi,MAR,El Kelaa des Sraghna,Urbain,Masculin,Primaire,Professeur certifié,Philosophie,8,6745,25,0,22
ENS204625,2019-2020,Casablanca-Settat,CAS,El Jadida,Rural,Féminin,Primaire,Maître d'enseignement,Physique-Chimie,23,5671,21,0,11
ENS204626,2019-2020,Souss-Massa,SOU,Agadir-Ida-Ou-Tanane,Urbain,Masculin,Préscolaire,Vacataire,Arabe,19,2519,20,0,19
ENS204627,2019-2020,Rabat-Salé-Kénitra,RAB,Skhirate-Témara,Rural,Masculin,Primaire,Professeur certifié,Arabe,34,5843,19,1,20
ENS204628,2023-2024,Rabat-Salé-Kénitra,RAB,Sidi Slimane,Urbain,Masculin,Primaire,Maître d'enseignement,Arabe,13,5623,25,1,6
ENS204629,2022-2023,Drâa-Tafilalet,DRA,Midelt,Urbain,Féminin,Collégial,Instituteur,Mathématiques,19,4324,18,1,0
ENS204630,2019-2020,Souss-Massa,SOU,Tata,Rural,Féminin,Primaire,Professeur certifié,Français,4,5492,27,0,0
ENS204631,2022-2023,Drâa-Tafilalet,DRA,Ouarzazate,Rural,Féminin,Primaire,Professeur certifié,Philosophie,22,7660,24,0,21
ENS204632,2019-2020,Marrakech-Safi,MAR,Safi,Rural,Masculin,Qualifiant,Instituteur,Sciences,30,4572,19,1,0
ENS204633,2020-2021,Casablanca-Settat,CAS,Sidi Bennour,Urbain,Masculin,Primaire,Professeur certifié,Mathématiques,26,6677,21,0,5
ENS204634,2015-2016,Béni Mellal-Khénifra,BMK,Béni Mellal,Rural,Féminin,Qualifiant,Contractuel,Anglais,22,3800,23,0,10
ENS204635,2020-2021,Marrakech-Safi,MAR,Youssoufia,Rural,Féminin,Primaire,Instituteur,Sciences,33,4395,30,1,18
ENS204636,2023-2024,Marrakech-Safi,MAR,Youssoufia,Urbain,Masculin,Primaire,Contractuel,Arabe,32,5001,30,0,0
ENS204637,2019-2020,Casablanca-Settat,CAS,Settat,Urbain,Masculin,Qualifiant,Vacataire,Français,18,2830,28,0,22
ENS204638,2018-2019,Tanger-Tétouan-Al Hoceïma,TAN,Chefchaouen,Urbain,Masculin,Collégial,Instituteur,Éducation islamique,16,4323,31,1,0
ENS204639,2021-2022,Rabat-Salé-Kénitra,RAB,Salé,Rural,Masculin,Qualifiant,Contractuel,Éducation islamique,22,4664,20,0,0
ENS204640,2023-2024,Béni Mellal-Khénifra,BMK,El Kelaa des Sraghna,Urbain,Masculin,Primaire,Contractuel,Sciences,6,3432,20,1,3
ENS204641,2018-2019,Rabat-Salé-Kénitra,RAB,Skhirate-Témara,Urbain,Masculin,Qualifiant,Instituteur,Anglais,3,4664,24,0,13
ENS204642,2021-2022,Fès-Meknès,FES,Moulay Yacoub,Urbain,Féminin,Préscolaire,Instituteur,Éducation physique,3,4571,23,1,8
ENS204643,2019-2020,Guelmim-Oued Noun,GUE,Sidi Ifni,Rural,Féminin,Collégial,Maître d'enseignement,Sciences,33,5581,19,0,10
ENS204644,2018-2019,Casablanca-Settat,CAS,El Jadida,Rural,Masculin,Primaire,Instituteur,Philosophie,28,4239,28,1,15
ENS204645,2021-2022,Tanger-Tétouan-Al Hoceïma,TAN,Chefchaouen,Rural,Féminin,Primaire,Professeur certifié,Sciences,6,6097,19,0,22
ENS204646,2022-2023,Casablanca-Settat,CAS,El Jadida,Urbain,Féminin,Primaire,Maître d'enseignement,Histoire-Géo,34,4875,24,1,7
ENS204647,2020-2021,Fès-Meknès,FES,Boulemane,Urbain,Masculin,Qualifiant,Instituteur,Sciences,2,4913,20,1,13
ENS204648,2018-2019,Casablanca-Settat,CAS,Benslimane,Rural,Masculin,Primaire,Professeur certifié,Philosophie,8,6450,23,0,5
ENS204649,2022-2023,Casablanca-Settat,CAS,Sidi Bennour,Urbain,Féminin,Collégial,Instituteur,Éducation physique,30,4620,31,0,13
ENS204650,2015-2016,Dakhla-Oued Eddahab,DAK,Dakhla,Rural,Féminin,Collégial,Contractuel,Sciences,33,4119,24,1,2
ENS204651,2021-2022,Casablanca-Settat,CAS,Benslimane,Urbain,Féminin,Primaire,Professeur certifié,Histoire-Géo,18,6726,23,0,4
ENS204652,2015-2016,Drâa-Tafilalet,DRA,Errachidia,Urbain,Masculin,Qualifiant,Professeur certifié,Français,18,7789,26,0,22
ENS204653,2021-2022,Rabat-Salé-Kénitra,RAB,Khémisset,Urbain,Masculin,Primaire,Instituteur,SVT,28,4721,22,1,0
ENS204654,2015-2016,Souss-Massa,SOU,Chtouka-Ait Baha,Rural,Féminin,Primaire,Vacataire,Arabe,28,1750,22,0,17
ENS204655,2015-2016,Oriental,ORI,Guercif,Rural,Masculin,Primaire,Professeur agrégé,Éducation islamique,19,8934,30,1,1
ENS204656,2020-2021,Souss-Massa,SOU,Tiznit,Rural,Féminin,Primaire,Contractuel,Philosophie,34,3710,27,0,21
ENS204657,2022-2023,Fès-Meknès,FES,Boulemane,Urbain,Féminin,Primaire,Professeur certifié,Physique-Chimie,3,6270,18,0,2
ENS204658,2022-2023,Marrakech-Safi,MAR,Safi,Rural,Masculin,Primaire,Professeur certifié,Physique-Chimie,22,6118,24,1,24
ENS204659,2022-2023,Marrakech-Safi,MAR,Marrakech,Urbain,Masculin,Primaire,Professeur certifié,Arabe,32,6059,24,1,23
ENS204660,2018-2019,Tanger-Tétouan-Al Hoceïma,TAN,Chefchaouen,Urbain,Masculin,Primaire,Professeur agrégé,Français,29,8598,22,1,18
ENS204661,2022-2023,Fès-Meknès,FES,El Hajeb,Rural,Masculin,Primaire,Instituteur,Sciences,22,5243,31,0,0
ENS204662,2017-2018,Drâa-Tafilalet,DRA,Ouarzazate,Rural,Féminin,Qualifiant,Instituteur,Histoire-Géo,14,4816,20,0,3
ENS204663,2016-2017,Tanger-Tétouan-Al Hoceïma,TAN,Larache,Rural,Masculin,Collégial,Contractuel,Philosophie,22,3401,24,0,10
ENS204664,2017-2018,Tanger-Tétouan-Al Hoceïma,TAN,Tanger-Assilah,Urbain,Masculin,Primaire,Professeur certifié,Éducation islamique,5,6218,30,0,23
ENS204665,2016-2017,Tanger-Tétouan-Al Hoceïma,TAN,Chefchaouen,Urbain,Masculin,Primaire,Professeur certifié,Éducation physique,3,8240,31,1,18
ENS204666,2022-2023,Marrakech-Safi,MAR,Youssoufia,Rural,Féminin,Collégial,Professeur agrégé,Arabe,32,8680,27,0,9
ENS204667,2023-2024,Oriental,ORI,Oujda-Angad,Urbain,Féminin,Primaire,Instituteur,SVT,22,3465,27,0,0
ENS204668,2015-2016,Oriental,ORI,Nador,Urbain,Masculin,Collégial,Professeur certifié,SVT,4,6110,24,1,4
ENS204669,2015-2016,Oriental,ORI,Driouch,Urbain,Féminin,Primaire,Professeur certifié,Arabe,7,7658,21,0,19
ENS204670,2022-2023,Rabat-Salé-Kénitra,RAB,Salé,Rural,Masculin,Collégial,Instituteur,Philosophie,21,5128,26,0,0
ENS204671,2022-2023,Drâa-Tafilalet,DRA,Tinghir,Urbain,Masculin,Primaire,Professeur certifié,Français,9,6532,24,0,22
ENS204672,2015-2016,Casablanca-Settat,CAS,Benslimane,Urbain,Féminin,Primaire,Professeur certifié,Philosophie,15,6038,31,0,18
ENS204673,2022-2023,Fès-Meknès,FES,Meknès,Rural,Masculin,Qualifiant,Instituteur,Philosophie,1,5295,22,0,21
ENS204674,2023-2024,Souss-Massa,SOU,Chtouka-Ait Baha,Rural,Masculin,Primaire,Instituteur,Français,10,5206,21,1,7
ENS204675,2023-2024,Rabat-Salé-Kénitra,RAB,Sidi Kacem,Rural,Masculin,Collégial,Professeur certifié,Arabe,3,7319,20,0,23
ENS204676,2015-2016,Rabat-Salé-Kénitra,RAB,Khémisset,Rural,Masculin,Collégial,Instituteur,Philosophie,2,5588,30,0,18
ENS204677,2022-2023,Casablanca-Settat,CAS,Sidi Bennour,Urbain,Féminin,Primaire,Professeur agrégé,Histoire-Géo,10,8165,31,0,13
ENS204678,2023-2024,Souss-Massa,SOU,Taroudannt,Urbain,Féminin,Primaire,Maître d'enseignement,Français,30,5865,27,1,17
ENS204679,2021-2022,Souss-Massa,SOU,Chtouka-Ait Baha,Urbain,Féminin,Qualifiant,Professeur certifié,Sciences,7,6309,28,1,22
ENS204680,2022-2023,Marrakech-Safi,MAR,Youssoufia,Rural,Masculin,Primaire,Professeur certifié,Histoire-Géo,2,5812,29,0,0
ENS204681,2018-2019,Tanger-Tétouan-Al Hoceïma,TAN,Tanger-Assilah,Rural,Masculin,Qualifiant,Professeur certifié,Français,8,7432,22,1,13
ENS204682,2021-2022,Casablanca-Settat,CAS,Khouribga,Urbain,Masculin,Collégial,Professeur certifié,Français,20,6687,31,0,22
ENS204683,2017-2018,Fès-Meknès,FES,Boulemane,Urbain,Masculin,Primaire,Maître d'enseignement,Sciences,11,4760,20,0,0
ENS204684,2021-2022,Marrakech-Safi,MAR,Essaouira,Urbain,Féminin,Primaire,Contractuel,Histoire-Géo,2,4030,29,0,0
ENS204685,2023-2024,Casablanca-Settat,CAS,Khouribga,Rural,Féminin,Collégial,Maître d'enseignement,Français,4,6318,22,1,0
ENS204686,2019-2020,Casablanca-Settat,CAS,Benslimane,Rural,Masculin,Collégial,Instituteur,SVT,22,4485,20,1,7
ENS204687,2017-2018,Drâa-Tafilalet,DRA,Midelt,Urbain,Féminin,Collégial,Contractuel,SVT,18,5207,21,0,0
ENS204688,2018-2019,Drâa-Tafilalet,DRA,Errachidia,Urbain,Masculin,Collégial,Professeur certifié,Arabe,10,5721,20,0,5
ENS204689,2019-2020,Marrakech-Safi,MAR,Essaouira,Urbain,Masculin,Collégial,Maître d'enseignement,Anglais,27,3296,19,0,17
ENS204690,2018-2019,Béni Mellal-Khénifra,BMK,Azilal,Urbain,Masculin,Primaire,Professeur certifié,Éducation physique,10,6241,24,1,20
ENS204691,2015-2016,Marrakech-Safi,MAR,Al Haouz,Rural,Masculin,Primaire,Instituteur,Éducation islamique,4,4746,27,1,9
ENS204692,2017-2018,Fès-Meknès,FES,Moulay Yacoub,Rural,Féminin,Primaire,Vacataire,Éducation islamique,21,2896,31,0,7
ENS204693,2023-2024,Marrakech-Safi,MAR,Chichaoua,Rural,Masculin,Primaire,Professeur agrégé,Philosophie,30,9262,25,1,9
ENS204694,2019-2020,Souss-Massa,SOU,Tata,Urbain,Masculin,Collégial,Professeur certifié,SVT,15,6943,27,0,5
ENS204695,2016-2017,Souss-Massa,SOU,Chtouka-Ait Baha,Rural,Masculin,Primaire,Instituteur,Éducation islamique,28,4352,25,0,19
ENS204696,2022-2023,Tanger-Tétouan-Al Hoceïma,TAN,Chefchaouen,Rural,Masculin,Primaire,Contractuel,SVT,34,4399,28,1,7
ENS204697,2017-2018,Rabat-Salé-Kénitra,RAB,Kénitra,Rural,Masculin,Primaire,Instituteur,Éducation physique,20,6409,25,0,0
ENS204698,2015-2016,Casablanca-Settat,CAS,El Jadida,Urbain,Féminin,Primaire,Maître d'enseignement,Éducation physique,22,5348,30,0,0
ENS204699,2023-2024,Marrakech-Safi,MAR,Chichaoua,Rural,Masculin,Collégial,Maître d'enseignement,Philosophie,10,5354,18,0,24
ENS204700,2020-2021,Tanger-Tétouan-Al Hoceïma,TAN,Tétouan,Urbain,Féminin,Collégial,Professeur certifié,Arabe,12,6599,22,0,6
ENS204701,2018-2019,Fès-Meknès,FES,Fès,Urbain,Féminin,Primaire,Instituteur,SVT,5,5232,29,0,0
ENS204702,2022-2023,Béni Mellal-Khénifra,BMK,Khouribga,Rural,Féminin,Primaire,Professeur certifié,Histoire-Géo,18,6263,22,0,13
ENS204703,2020-2021,Casablanca-Settat,CAS,Berrechid,Urbain,Féminin,Collégial,Maître d'enseignement,Mathématiques,19,6137,25,0,13
ENS204704,2016-2017,Drâa-Tafilalet,DRA,Ouarzazate,Rural,Masculin,Qualifiant,Contractuel,Mathématiques,34,3985,29,1,0
ENS204705,2019-2020,Casablanca-Settat,CAS,El Jadida,Urbain,Masculin,Primaire,Professeur certifié,Histoire-Géo,15,5296,22,0,0
ENS204706,2015-2016,Casablanca-Settat,CAS,Sidi Bennour,Urbain,Masculin,Primaire,Professeur certifié,Histoire-Géo,34,5984,27,0,23
ENS204707,2019-2020,Béni Mellal-Khénifra,BMK,Khouribga,Urbain,Masculin,Qualifiant,Professeur agrégé,Sciences,21,8106,23,1,0
ENS204708,2020-2021,Drâa-Tafilalet,DRA,Midelt,Urbain,Féminin,Primaire,Instituteur,Éducation physique,27,5555,21,0,10
ENS204709,2020-2021,Béni Mellal-Khénifra,BMK,Khouribga,Urbain,Masculin,Qualifiant,Professeur certifié,SVT,15,6442,29,0,12
ENS204710,2020-2021,Rabat-Salé-Kénitra,RAB,Skhirate-Témara,Rural,Féminin,Primaire,Instituteur,SVT,18,4885,28,0,0
ENS204711,2023-2024,Rabat-Salé-Kénitra,RAB,Sidi Slimane,Urbain,Masculin,Primaire,Professeur certifié,Éducation islamique,18,5816,30,1,0
ENS204712,2022-2023,Tanger-Tétouan-Al Hoceïma,TAN,Fahs-Anjra,Rural,Féminin,Collégial,Instituteur,Anglais,25,4723,18,1,0
ENS204713,2015-2016,Drâa-Tafilalet,DRA,Ouarzazate,Rural,Masculin,Primaire,Instituteur,Philosophie,16,3796,25,0,0
ENS204714,2020-2021,Casablanca-Settat,CAS,Casablanca,Rural,Masculin,Préscolaire,Professeur agrégé,Philosophie,14,9817,19,0,18
ENS204715,2015-2016,Casablanca-Settat,CAS,El Jadida,Rural,Masculin,Collégial,Instituteur,Éducation physique,1,5200,27,1,22
ENS204716,2019-2020,Tanger-Tétouan-Al Hoceïma,TAN,Al Hoceïma,Urbain,Féminin,Primaire,Professeur agrégé,Histoire-Géo,8,7440,24,1,14
ENS204717,2019-2020,Casablanca-Settat,CAS,El Jadida,Rural,Masculin,Primaire,Instituteur,Sciences,27,5527,27,0,16
ENS204718,2022-2023,Guelmim-Oued Noun,GUE,Sidi Ifni,Urbain,Masculin,Collégial,Professeur agrégé,Éducation physique,21,8473,31,0,0
ENS204719,2022-2023,Fès-Meknès,FES,Meknès,Urbain,Masculin,Primaire,Professeur certifié,Éducation physique,6,7624,23,1,0
ENS204720,2022-2023,Casablanca-Settat,CAS,Mohammadia,Urbain,Féminin,Primaire,Maître d'enseignement,Mathématiques,14,5614,25,1,3
ENS204721,2019-2020,Marrakech-Safi,MAR,Youssoufia,Rural,Féminin,Primaire,Professeur certifié,Philosophie,22,6576,25,0,0
ENS204722,2019-2020,Souss-Massa,SOU,Agadir-Ida-Ou-Tanane,Urbain,Féminin,Primaire,Instituteur,Mathématiques,7,4958,19,0,20
ENS204723,2019-2020,Fès-Meknès,FES,Moulay Yacoub,Rural,Féminin,Qualifiant,Contractuel,Philosophie,20,3476,23,0,0
ENS204724,2023-2024,Rabat-Salé-Kénitra,RAB,Khémisset,Urbain,Féminin,Qualifiant,Instituteur,SVT,14,4870,22,0,3
ENS204725,2018-2019,Béni Mellal-Khénifra,BMK,Fquih Ben Salah,Urbain,Masculin,Collégial,Professeur certifié,SVT,5,5760,19,0,0
ENS204726,2022-2023,Casablanca-Settat,CAS,Sidi Bennour,Urbain,Féminin,Qualifiant,Professeur certifié,Éducation physique,26,6356,26,1,20
ENS204727,2018-2019,Oriental,ORI,Guercif,Rural,Féminin,Collégial,Professeur agrégé,SVT,16,7443,28,0,0
ENS204728,2017-2018,Béni Mellal-Khénifra,BMK,El Kelaa des Sraghna,Urbain,Masculin,Primaire,Maître d'enseignement,Histoire-Géo,30,6031,21,0,12
ENS204729,2015-2016,Souss-Massa,SOU,Agadir-Ida-Ou-Tanane,Rural,Masculin,Primaire,Professeur certifié,Éducation islamique,31,7498,24,0,13
ENS204730,2020-2021,Rabat-Salé-Kénitra,RAB,Skhirate-Témara,Urbain,Féminin,Qualifiant,Professeur certifié,SVT,8,7093,22,1,6
ENS204731,2015-2016,Fès-Meknès,FES,Meknès,Urbain,Masculin,Primaire,Contractuel,Anglais,5,4250,18,0,0
ENS204732,2018-2019,Oriental,ORI,Guercif,Urbain,Féminin,Primaire,Instituteur,Éducation islamique,16,5191,23,1,0
ENS204733,2022-2023,Tanger-Tétouan-Al Hoceïma,TAN,Al Hoceïma,Rural,Féminin,Collégial,Professeur certifié,Mathématiques,22,6681,25,1,0
ENS204734,2015-2016,Oriental,ORI,Oujda-Angad,Rural,Féminin,Primaire,Professeur certifié,SVT,12,7128,26,0,5
ENS204735,2023-2024,Souss-Massa,SOU,Chtouka-Ait Baha,Rural,Masculin,Primaire,Instituteur,Français,3,5618,29,0,20
ENS204736,2018-2019,Casablanca-Settat,CAS,El Jadida,Rural,Masculin,Qualifiant,Professeur certifié,Français,8,6470,26,0,0
ENS204737,2015-2016,Casablanca-Settat,CAS,Khouribga,Urbain,Masculin,Primaire,Instituteur,Éducation physique,12,4602,22,1,20
ENS204738,2022-2023,Tanger-Tétouan-Al Hoceïma,TAN,Tétouan,Rural,Féminin,Collégial,Professeur certifié,Histoire-Géo,14,6786,18,0,0
ENS204739,2019-2020,Rabat-Salé-Kénitra,RAB,Kénitra,Urbain,Féminin,Primaire,Contractuel,Sciences,33,4458,24,0,0
ENS204740,2022-2023,Marrakech-Safi,MAR,El Kelaa des Sraghna,Urbain,Masculin,Qualifiant,Professeur agrégé,SVT,19,8515,21,0,13
ENS204741,2023-2024,Casablanca-Settat,CAS,Benslimane,Rural,Féminin,Primaire,Instituteur,Sciences,7,3954,22,0,3
ENS204742,2019-2020,Oriental,ORI,Taourirt,Rural,Féminin,Collégial,Professeur certifié,Français,13,6872,28,1,20
ENS204743,2021-2022,Casablanca-Settat,CAS,Casablanca,Rural,Masculin,Qualifiant,Contractuel,Physique-Chimie,13,3729,18,0,19
ENS204744,2020-2021,Fès-Meknès,FES,El Hajeb,Urbain,Masculin,Primaire,Professeur certifié,Philosophie,7,7793,22,0,0
ENS204745,2018-2019,Casablanca-Settat,CAS,El Jadida,Rural,Féminin,Primaire,Professeur certifié,Éducation islamique,31,6643,22,1,4
ENS204746,2020-2021,Rabat-Salé-Kénitra,RAB,Rabat,Rural,Masculin,Primaire,Professeur certifié,Philosophie,4,6255,23,1,22
ENS204747,2021-2022,Souss-Massa,SOU,Taroudannt,Rural,Féminin,Primaire,Maître d'enseignement,Arabe,5,4656,20,0,13
ENS204748,2019-2020,Casablanca-Settat,CAS,Casablanca,Rural,Masculin,Primaire,Instituteur,Philosophie,13,5797,29,1,7
ENS204749,2016-2017,Fès-Meknès,FES,Boulemane,Urbain,Féminin,Collégial,Maître d'enseignement,Histoire-Géo,1,4628,20,1,23
ENS204750,2015-2016,Béni Mellal-Khénifra,BMK,El Kelaa des Sraghna,Urbain,Masculin,Primaire,Instituteur,Arabe,11,4630,27,0,11
ENS204751,2017-2018,Rabat-Salé-Kénitra,RAB,Khémisset,Rural,Féminin,Collégial,Maître d'enseignement,Éducation islamique,16,5521,18,1,22
ENS204752,2018-2019,Béni Mellal-Khénifra,BMK,Khouribga,Rural,Masculin,Primaire,Professeur agrégé,Éducation physique,27,8356,23,0,0
ENS204753,2019-2020,Casablanca-Settat,CAS,El Jadida,Urbain,Féminin,Primaire,Professeur certifié,Arabe,25,6685,28,1,1
ENS204754,2017-2018,Marrakech-Safi,MAR,Marrakech,Rural,Féminin,Primaire,Instituteur,Histoire-Géo,20,4225,28,0,0
ENS204755,2016-2017,Casablanca-Settat,CAS,El Jadida,Rural,Féminin,Primaire,Instituteur,SVT,6,5522,19,1,2
ENS204756,2016-2017,Marrakech-Safi,MAR,Essaouira,Rural,Masculin,Primaire,Professeur certifié,Mathématiques,5,5978,18,1,0
ENS204757,2018-2019,Rabat-Salé-Kénitra,RAB,Skhirate-Témara,Urbain,Féminin,Préscolaire,Maître d'enseignement,Éducation islamique,28,4216,27,0,22
ENS204758,2018-2019,Casablanca-Settat,CAS,Casablanca,Urbain,Masculin,Primaire,Maître d'enseignement,Histoire-Géo,7,6092,20,0,14
ENS204759,2023-2024,Béni Mellal-Khénifra,BMK,Béni Mellal,Urbain,Masculin,Qualifiant,Professeur certifié,Physique-Chimie,10,6064,25,1,3
ENS204760,2023-2024,Tanger-Tétouan-Al Hoceïma,TAN,Larache,Rural,Féminin,Primaire,Professeur certifié,Éducation islamique,28,6048,23,0,23
ENS204761,2016-2017,Marrakech-Safi,MAR,Safi,Urbain,Féminin,Primaire,Professeur agrégé,Arabe,21,9088,18,0,18
ENS204762,2022-2023,Rabat-Salé-Kénitra,RAB,Sidi Slimane,Urbain,Masculin,Primaire,Professeur certifié,Français,21,6297,20,1,16
ENS204763,2016-2017,Béni Mellal-Khénifra,BMK,Azilal,Rural,Féminin,Qualifiant,Maître d'enseignement,SVT,18,3918,28,1,1
ENS204764,2022-2023,Casablanca-Settat,CAS,Berrechid,Rural,Masculin,Primaire,Contractuel,Histoire-Géo,25,4831,26,0,0
ENS204765,2016-2017,Casablanca-Settat,CAS,Sidi Bennour,Urbain,Féminin,Qualifiant,Instituteur,Sciences,1,5654,19,1,24
ENS204766,2017-2018,Rabat-Salé-Kénitra,RAB,Khémisset,Urbain,Féminin,Qualifiant,Instituteur,Français,8,3893,19,0,6
ENS204767,2019-2020,Casablanca-Settat,CAS,Mohammadia,Urbain,Féminin,Collégial,Professeur agrégé,Éducation islamique,14,9937,22,1,24
ENS204768,2023-2024,Rabat-Salé-Kénitra,RAB,Rabat,Urbain,Masculin,Préscolaire,Contractuel,Mathématiques,22,4743,25,0,6
ENS204769,2016-2017,Souss-Massa,SOU,Taroudannt,Urbain,Masculin,Primaire,Maître d'enseignement,Physique-Chimie,5,5162,25,1,17
ENS204770,2021-2022,Casablanca-Settat,CAS,Casablanca,Urbain,Masculin,Primaire,Professeur agrégé,Éducation islamique,1,9615,21,0,9
ENS204771,2015-2016,Oriental,ORI,Berkane,Urbain,Masculin,Préscolaire,Professeur certifié,Sciences,5,4969,20,0,0
ENS204772,2015-2016,Béni Mellal-Khénifra,BMK,Azilal,Rural,Masculin,Primaire,Professeur certifié,Physique-Chimie,26,6376,22,0,19
ENS204773,2015-2016,Béni Mellal-Khénifra,BMK,Azilal,Rural,Masculin,Qualifiant,Professeur certifié,Éducation islamique,21,6694,27,0,6
ENS204774,2018-2019,Béni Mellal-Khénifra,BMK,Béni Mellal,Rural,Féminin,Primaire,Professeur certifié,Français,20,7287,25,0,0
ENS204775,2020-2021,Drâa-Tafilalet,DRA,Ouarzazate,Rural,Masculin,Qualifiant,Maître d'enseignement,Histoire-Géo,14,6474,19,0,24
ENS204776,2023-2024,Casablanca-Settat,CAS,Mohammadia,Urbain,Masculin,Préscolaire,Instituteur,Français,26,4952,18,0,18
ENS204777,2023-2024,Casablanca-Settat,CAS,Benslimane,Urbain,Masculin,Primaire,Maître d'enseignement,Français,25,5144,31,1,0
ENS204778,2019-2020,Rabat-Salé-Kénitra,RAB,Salé,Urbain,Masculin,Collégial,Maître d'enseignement,Éducation physique,11,6144,20,0,9
ENS204779,2016-2017,Fès-Meknès,FES,Moulay Yacoub,Rural,Féminin,Collégial,Professeur certifié,Mathématiques,33,6420,23,0,20
ENS204780,2019-2020,Béni Mellal-Khénifra,BMK,Béni Mellal,Rural,Féminin,Primaire,Professeur certifié,Philosophie,18,6229,29,1,11
ENS204781,2017-2018,Casablanca-Settat,CAS,Khouribga,Urbain,Féminin,Qualifiant,Professeur certifié,SVT,1,4730,20,0,2
ENS204782,2018-2019,Marrakech-Safi,MAR,Essaouira,Urbain,Féminin,Primaire,Instituteur,Éducation islamique,28,5164,23,0,24
ENS204783,2021-2022,Fès-Meknès,FES,Fès,Rural,Masculin,Collégial,Professeur certifié,Français,16,6344,30,0,4
ENS204784,2021-2022,Marrakech-Safi,MAR,Marrakech,Rural,Féminin,Primaire,Instituteur,Arabe,26,6861,21,0,0
ENS204785,2021-2022,Rabat-Salé-Kénitra,RAB,Kénitra,Rural,Féminin,Collégial,Maître d'enseignement,Arabe,26,4778,18,1,0
ENS204786,2015-2016,Casablanca-Settat,CAS,Settat,Urbain,Masculin,Primaire,Contractuel,Histoire-Géo,30,5451,31,0,3
ENS204787,2018-2019,Casablanca-Settat,CAS,Settat,Urbain,Féminin,Collégial,Professeur certifié,Français,21,5792,20,0,10
ENS204788,2017-2018,Casablanca-Settat,CAS,El Jadida,Urbain,Féminin,Primaire,Instituteur,Français,3,5238,25,0,9
ENS204789,2020-2021,Laâyoune-Sakia El Hamra,LAA,Tarfaya,Urbain,Masculin,Primaire,Professeur certifié,Arabe,28,6174,23,0,21
ENS204790,2017-2018,Casablanca-Settat,CAS,Sidi Bennour,Urbain,Masculin,Primaire,Professeur certifié,Histoire-Géo,15,7302,31,1,0
ENS204791,2021-2022,Rabat-Salé-Kénitra,RAB,Salé,Urbain,Féminin,Collégial,Professeur certifié,Éducation islamique,5,6718,19,0,19
ENS204792,2018-2019,Marrakech-Safi,MAR,El Kelaa des Sraghna,Rural,Féminin,Primaire,Professeur agrégé,Anglais,26,9273,25,0,2
ENS204793,2017-2018,Guelmim-Oued Noun,GUE,Tan-Tan,Rural,Masculin,Primaire,Instituteur,Anglais,18,5665,22,0,24
ENS204794,2020-2021,Tanger-Tétouan-Al Hoceïma,TAN,Mdiq-Fnideq,Urbain,Masculin,Qualifiant,Professeur certifié,Anglais,21,5468,18,1,0
ENS204795,2015-2016,Béni Mellal-Khénifra,BMK,El Kelaa des Sraghna,Urbain,Masculin,Primaire,Professeur certifié,SVT,17,6951,23,1,7
ENS204796,2019-2020,Rabat-Salé-Kénitra,RAB,Salé,Rural,Féminin,Primaire,Instituteur,Français,19,5578,18,1,17
ENS204797,2015-2016,Drâa-Tafilalet,DRA,Errachidia,Urbain,Masculin,Préscolaire,Instituteur,Philosophie,31,4045,29,1,21
ENS204798,2016-2017,Marrakech-Safi,MAR,Youssoufia,Rural,Masculin,Collégial,Professeur certifié,Français,34,7191,29,1,12
ENS204799,2022-2023,Marrakech-Safi,MAR,Youssoufia,Urbain,Masculin,Primaire,Professeur certifié,Éducation physique,9,5775,25,1,23
ENS204800,2019-2020,Béni Mellal-Khénifra,BMK,Azilal,Rural,Féminin,Collégial,Professeur agrégé,Histoire-Géo,11,8858,18,0,16
ENS204801,2015-2016,Marrakech-Safi,MAR,Safi,Rural,Féminin,Primaire,Professeur certifié,Éducation physique,6,5798,23,0,19
ENS204802,2021-2022,Oriental,ORI,Jerada,Urbain,Masculin,Collégial,Instituteur,Anglais,10,6030,28,1,0
ENS204803,2020-2021,Casablanca-Settat,CAS,Sidi Bennour,Urbain,Masculin,Primaire,Vacataire,Mathématiques,16,1672,27,0,0
ENS204804,2015-2016,Drâa-Tafilalet,DRA,Midelt,Urbain,Féminin,Primaire,Contractuel,Sciences,28,4569,22,0,2
ENS204805,2015-2016,Casablanca-Settat,CAS,Settat,Urbain,Masculin,Primaire,Contractuel,Sciences,16,4774,25,1,9
ENS204806,2016-2017,Rabat-Salé-Kénitra,RAB,Sidi Kacem,Urbain,Féminin,Primaire,Instituteur,Éducation physique,33,4253,26,1,0
ENS204807,2023-2024,Oriental,ORI,Oujda-Angad,Urbain,Féminin,Qualifiant,Professeur certifié,SVT,8,6307,19,0,0
ENS204808,2016-2017,Béni Mellal-Khénifra,BMK,El Kelaa des Sraghna,Rural,Féminin,Primaire,Instituteur,Mathématiques,24,4570,25,1,0
ENS204809,2019-2020,Casablanca-Settat,CAS,Settat,Rural,Féminin,Primaire,Instituteur,Arabe,13,4588,25,0,0
ENS204810,2016-2017,Rabat-Salé-Kénitra,RAB,Sidi Kacem,Rural,Masculin,Primaire,Professeur certifié,Arabe,31,5978,28,1,0
ENS204811,2016-2017,Drâa-Tafilalet,DRA,Errachidia,Rural,Féminin,Collégial,Professeur certifié,Arabe,33,7155,27,0,0
ENS204812,2023-2024,Casablanca-Settat,CAS,Benslimane,Rural,Masculin,Qualifiant,Instituteur,Sciences,18,4338,20,0,5
ENS204813,2021-2022,Rabat-Salé-Kénitra,RAB,Khémisset,Rural,Masculin,Collégial,Professeur agrégé,Histoire-Géo,28,9242,23,0,20
ENS204814,2018-2019,Casablanca-Settat,CAS,Khouribga,Rural,Masculin,Primaire,Maître d'enseignement,Physique-Chimie,16,6326,30,1,23
ENS204815,2017-2018,Rabat-Salé-Kénitra,RAB,Kénitra,Urbain,Féminin,Qualifiant,Instituteur,Histoire-Géo,28,5178,29,1,15
ENS204816,2018-2019,Rabat-Salé-Kénitra,RAB,Rabat,Rural,Masculin,Collégial,Maître d'enseignement,Philosophie,31,4507,18,1,21
ENS204817,2019-2020,Casablanca-Settat,CAS,El Jadida,Rural,Féminin,Primaire,Maître d'enseignement,Physique-Chimie,4,5130,21,0,0
ENS204818,2021-2022,Souss-Massa,SOU,Chtouka-Ait Baha,Urbain,Masculin,Qualifiant,Vacataire,Arabe,2,2551,29,0,0
ENS204819,2018-2019,Marrakech-Safi,MAR,Al Haouz,Urbain,Masculin,Collégial,Professeur certifié,Éducation physique,26,6702,24,0,0
ENS204820,2022-2023,Fès-Meknès,FES,Taounate,Rural,Masculin,Collégial,Instituteur,Éducation physique,20,6091,26,1,11
ENS204821,2019-2020,Marrakech-Safi,MAR,El Kelaa des Sraghna,Urbain,Masculin,Qualifiant,Instituteur,Sciences,15,5045,27,0,2
ENS204822,2020-2021,Rabat-Salé-Kénitra,RAB,Rabat,Rural,Féminin,Primaire,Professeur certifié,Physique-Chimie,26,5152,21,1,10
ENS204823,2018-2019,Casablanca-Settat,CAS,Settat,Urbain,Féminin,Primaire,Instituteur,Histoire-Géo,24,5349,28,1,0
ENS204824,2021-2022,Marrakech-Safi,MAR,Essaouira,Rural,Masculin,Primaire,Professeur certifié,Mathématiques,22,5196,30,1,1
ENS204825,2017-2018,Fès-Meknès,FES,Boulemane,Rural,Masculin,Primaire,Instituteur,Philosophie,3,5068,21,0,14
ENS204826,2023-2024,Casablanca-Settat,CAS,El Jadida,Urbain,Féminin,Primaire,Instituteur,Histoire-Géo,6,4158,21,1,2
ENS204827,2016-2017,Souss-Massa,SOU,Taroudannt,Rural,Masculin,Primaire,Maître d'enseignement,Histoire-Géo,31,5566,23,1,14
ENS204828,2015-2016,Casablanca-Settat,CAS,El Jadida,Urbain,Féminin,Primaire,Professeur certifié,Arabe,22,6109,25,1,3
ENS204829,2020-2021,Casablanca-Settat,CAS,Sidi Bennour,Urbain,Masculin,Primaire,Maître d'enseignement,SVT,2,5412,30,1,5
ENS204830,2021-2022,Casablanca-Settat,CAS,El Jadida,Rural,Masculin,Primaire,Contractuel,Éducation physique,25,3122,22,0,0
ENS204831,2015-2016,Marrakech-Safi,MAR,Al Haouz,Urbain,Masculin,Qualifiant,Professeur certifié,Philosophie,7,6055,30,0,0
ENS204832,2018-2019,Tanger-Tétouan-Al Hoceïma,TAN,Tétouan,Urbain,Masculin,Primaire,Professeur certifié,Anglais,32,6198,20,1,5
ENS204833,2015-2016,Tanger-Tétouan-Al Hoceïma,TAN,Al Hoceïma,Urbain,Masculin,Primaire,Instituteur,Histoire-Géo,2,4867,22,0,1
ENS204834,2016-2017,Souss-Massa,SOU,Tiznit,Urbain,Masculin,Primaire,Contractuel,Anglais,2,2627,26,1,4
ENS204835,2017-2018,Casablanca-Settat,CAS,Mohammadia,Urbain,Masculin,Primaire,Instituteur,Mathématiques,10,5006,25,0,21
ENS204836,2019-2020,Rabat-Salé-Kénitra,RAB,Khémisset,Urbain,Féminin,Primaire,Maître d'enseignement,Éducation islamique,9,5978,21,0,15
ENS204837,2021-2022,Fès-Meknès,FES,Taza,Urbain,Masculin,Primaire,Professeur agrégé,Éducation physique,16,9281,22,0,12
ENS204838,2022-2023,Oriental,ORI,Taourirt,Urbain,Féminin,Qualifiant,Professeur agrégé,Sciences,6,8533,23,0,15
ENS204839,2022-2023,Marrakech-Safi,MAR,El Kelaa des Sraghna,Urbain,Masculin,Primaire,Maître d'enseignement,Anglais,3,6752,19,0,0
ENS204840,2023-2024,Marrakech-Safi,MAR,Essaouira,Urbain,Masculin,Qualifiant,Instituteur,Arabe,1,3986,29,0,1
ENS204841,2015-2016,Casablanca-Settat,CAS,Casablanca,Urbain,Masculin,Collégial,Professeur certifié,Sciences,19,6557,30,0,13
ENS204842,2015-2016,Rabat-Salé-Kénitra,RAB,Kénitra,Rural,Féminin,Primaire,Professeur certifié,Sciences,12,6866,25,1,7
ENS204843,2019-2020,Marrakech-Safi,MAR,Youssoufia,Urbain,Masculin,Qualifiant,Contractuel,Français,29,2809,18,0,0
ENS204844,2023-2024,Souss-Massa,SOU,Tiznit,Urbain,Masculin,Primaire,Professeur certifié,Sciences,23,7202,20,1,8
ENS204845,2023-2024,Casablanca-Settat,CAS,Benslimane,Urbain,Masculin,Collégial,Maître d'enseignement,Anglais,18,6327,19,1,0
ENS204846,2022-2023,Rabat-Salé-Kénitra,RAB,Rabat,Urbain,Féminin,Primaire,Contractuel,Éducation islamique,24,4023,19,0,22
ENS204847,2021-2022,Béni Mellal-Khénifra,BMK,Khouribga,Rural,Masculin,Préscolaire,Instituteur,Physique-Chimie,18,5214,23,1,13
ENS204848,2016-2017,Oriental,ORI,Guercif,Urbain,Féminin,Qualifiant,Vacataire,Philosophie,30,2707,27,1,9
ENS204849,2021-2022,Fès-Meknès,FES,Taza,Urbain,Masculin,Primaire,Instituteur,Arabe,30,4826,20,1,6
ENS204850,2017-2018,Rabat-Salé-Kénitra,RAB,Skhirate-Témara,Rural,Masculin,Primaire,Vacataire,Sciences,28,2359,28,0,18
ENS204851,2021-2022,Casablanca-Settat,CAS,Benslimane,Urbain,Masculin,Primaire,Instituteur,Anglais,15,4048,23,1,0
ENS204852,2021-2022,Fès-Meknès,FES,El Hajeb,Rural,Masculin,Primaire,Instituteur,Philosophie,15,5409,23,1,7
ENS204853,2017-2018,Souss-Massa,SOU,Inezgane-Ait Melloul,Urbain,Masculin,Collégial,Contractuel,Éducation physique,18,4283,21,0,0
ENS204854,2018-2019,Fès-Meknès,FES,Moulay Yacoub,Urbain,Masculin,Primaire,Maître d'enseignement,Mathématiques,25,5962,31,1,9
ENS204855,2016-2017,Souss-Massa,SOU,Inezgane-Ait Melloul,Urbain,Masculin,Collégial,Vacataire,Anglais,14,4603,18,1,3
ENS204856,2019-2020,Oriental,ORI,Jerada,Urbain,Féminin,Collégial,Professeur certifié,Arabe,9,8000,24,0,4
ENS204857,2018-2019,Casablanca-Settat,CAS,Khouribga,Urbain,Féminin,Qualifiant,Professeur certifié,Physique-Chimie,16,5912,18,0,14
ENS204858,2018-2019,Souss-Massa,SOU,Inezgane-Ait Melloul,Rural,Masculin,Primaire,Instituteur,Français,8,3772,26,1,17
ENS204859,2020-2021,Drâa-Tafilalet,DRA,Tinghir,Rural,Féminin,Primaire,Professeur agrégé,Physique-Chimie,8,9414,26,0,0
ENS204860,2023-2024,Drâa-Tafilalet,DRA,Midelt,Rural,Féminin,Primaire,Professeur agrégé,Sciences,32,8838,21,1,0
ENS204861,2023-2024,Casablanca-Settat,CAS,Berrechid,Rural,Masculin,Primaire,Professeur agrégé,Physique-Chimie,23,8916,31,0,7
ENS204862,2018-2019,Guelmim-Oued Noun,GUE,Tan-Tan,Urbain,Masculin,Collégial,Contractuel,Mathématiques,6,3981,22,0,8
ENS204863,2017-2018,Tanger-Tétouan-Al Hoceïma,TAN,Tanger-Assilah,Urbain,Masculin,Primaire,Professeur certifié,Éducation physique,26,6496,24,0,5
ENS204864,2019-2020,Casablanca-Settat,CAS,Sidi Bennour,Urbain,Féminin,Qualifiant,Maître d'enseignement,Sciences,12,5330,26,0,8
ENS204865,2021-2022,Fès-Meknès,FES,Fès,Urbain,Féminin,Primaire,Maître d'enseignement,Français,31,5762,28,0,12
ENS204866,2015-2016,Marrakech-Safi,MAR,Al Haouz,Urbain,Masculin,Primaire,Professeur certifié,Éducation islamique,12,5938,31,0,0
ENS204867,2017-2018,Oriental,ORI,Guercif,Rural,Masculin,Collégial,Professeur agrégé,Anglais,22,7059,24,1,19
ENS204868,2022-2023,Casablanca-Settat,CAS,Berrechid,Urbain,Masculin,Primaire,Contractuel,Français,33,4227,24,0,13
ENS204869,2018-2019,Marrakech-Safi,MAR,Youssoufia,Urbain,Masculin,Qualifiant,Professeur certifié,Mathématiques,17,6477,24,0,0
ENS204870,2017-2018,Tanger-Tétouan-Al Hoceïma,TAN,Tanger-Assilah,Urbain,Masculin,Qualifiant,Maître d'enseignement,Éducation physique,25,4139,21,1,0
ENS204871,2021-2022,Souss-Massa,SOU,Taroudannt,Rural,Féminin,Qualifiant,Maître d'enseignement,Arabe,10,5297,23,1,17
ENS204872,2021-2022,Marrakech-Safi,MAR,Essaouira,Urbain,Féminin,Primaire,Professeur certifié,Physique-Chimie,4,6189,31,0,0
ENS204873,2019-2020,Tanger-Tétouan-Al Hoceïma,TAN,Ouazzane,Urbain,Féminin,Primaire,Professeur certifié,Physique-Chimie,3,7383,23,1,24
ENS204874,2018-2019,Marrakech-Safi,MAR,El Kelaa des Sraghna,Rural,Masculin,Primaire,Instituteur,Histoire-Géo,14,5971,31,1,0
ENS204875,2023-2024,Tanger-Tétouan-Al Hoceïma,TAN,Mdiq-Fnideq,Urbain,Féminin,Collégial,Instituteur,Histoire-Géo,15,5074,30,1,6
ENS204876,2022-2023,Marrakech-Safi,MAR,Youssoufia,Urbain,Féminin,Collégial,Contractuel,Anglais,26,5117,26,0,0
ENS204877,2018-2019,Laâyoune-Sakia El Hamra,LAA,Laâyoune,Urbain,Masculin,Collégial,Professeur certifié,Histoire-Géo,11,6620,24,0,11
ENS204878,2022-2023,Rabat-Salé-Kénitra,RAB,Salé,Rural,Masculin,Collégial,Instituteur,Histoire-Géo,2,5184,20,0,0
ENS204879,2017-2018,Tanger-Tétouan-Al Hoceïma,TAN,Tanger-Assilah,Rural,Féminin,Primaire,Contractuel,SVT,19,4145,30,1,0
ENS204880,2023-2024,Marrakech-Safi,MAR,Al Haouz,Rural,Féminin,Primaire,Contractuel,Français,30,3086,19,0,24
ENS204881,2023-2024,Marrakech-Safi,MAR,Marrakech,Rural,Féminin,Collégial,Instituteur,Mathématiques,25,5643,30,1,14
ENS204882,2015-2016,Drâa-Tafilalet,DRA,Errachidia,Rural,Masculin,Collégial,Contractuel,Physique-Chimie,29,4497,25,1,11
ENS204883,2021-2022,Souss-Massa,SOU,Tiznit,Urbain,Masculin,Qualifiant,Maître d'enseignement,Éducation islamique,17,5472,28,1,0
ENS204884,2015-2016,Casablanca-Settat,CAS,El Jadida,Urbain,Masculin,Primaire,Maître d'enseignement,Histoire-Géo,9,6599,29,1,6
ENS204885,2020-2021,Oriental,ORI,Oujda-Angad,Rural,Masculin,Qualifiant,Maître d'enseignement,Français,16,6460,30,0,9
ENS204886,2015-2016,Oriental,ORI,Nador,Rural,Masculin,Qualifiant,Professeur certifié,Sciences,9,6642,29,0,15
ENS204887,2015-2016,Laâyoune-Sakia El Hamra,LAA,Boujdour,Rural,Masculin,Collégial,Vacataire,Éducation physique,20,2102,26,1,7
ENS204888,2019-2020,Rabat-Salé-Kénitra,RAB,Khémisset,Rural,Masculin,Qualifiant,Professeur certifié,Éducation islamique,33,5628,23,1,22
ENS204889,2023-2024,Drâa-Tafilalet,DRA,Errachidia,Rural,Féminin,Collégial,Maître d'enseignement,Mathématiques,25,7141,30,1,9
ENS204890,2021-2022,Casablanca-Settat,CAS,Khouribga,Urbain,Masculin,Qualifiant,Contractuel,Philosophie,24,3760,23,0,7
ENS204891,2022-2023,Fès-Meknès,FES,Séfrou,Rural,Masculin,Primaire,Professeur certifié,Histoire-Géo,27,5776,27,1,0
ENS204892,2022-2023,Drâa-Tafilalet,DRA,Ouarzazate,Rural,Féminin,Qualifiant,Professeur agrégé,Histoire-Géo,16,8185,18,0,23
ENS204893,2019-2020,Souss-Massa,SOU,Tiznit,Rural,Féminin,Primaire,Instituteur,Physique-Chimie,10,5233,21,0,16
ENS204894,2020-2021,Béni Mellal-Khénifra,BMK,Béni Mellal,Urbain,Masculin,Primaire,Instituteur,Philosophie,3,5746,27,1,0
ENS204895,2015-2016,Marrakech-Safi,MAR,El Kelaa des Sraghna,Urbain,Féminin,Préscolaire,Professeur certifié,Éducation physique,7,6380,31,1,14
ENS204896,2021-2022,Oriental,ORI,Jerada,Urbain,Masculin,Collégial,Instituteur,Mathématiques,2,5267,26,0,0
ENS204897,2018-2019,Marrakech-Safi,MAR,Al Haouz,Rural,Féminin,Primaire,Professeur certifié,Français,23,7084,25,1,0
ENS204898,2018-2019,Casablanca-Settat,CAS,Casablanca,Rural,Masculin,Primaire,Professeur certifié,Philosophie,5,7241,27,1,8
ENS204899,2017-2018,Marrakech-Safi,MAR,Al Haouz,Rural,Masculin,Primaire,Instituteur,Philosophie,11,4904,31,1,8
ENS204900,2018-2019,Rabat-Salé-Kénitra,RAB,Salé,Urbain,Féminin,Primaire,Instituteur,Histoire-Géo,21,5214,27,0,2
ENS204901,2015-2016,Drâa-Tafilalet,DRA,Ouarzazate,Rural,Féminin,Collégial,Contractuel,Mathématiques,18,4601,25,1,19
ENS204902,2023-2024,Marrakech-Safi,MAR,Safi,Urbain,Masculin,Primaire,Professeur certifié,Mathématiques,11,6764,19,1,14
ENS204903,2018-2019,Fès-Meknès,FES,El Hajeb,Urbain,Masculin,Qualifiant,Contractuel,Anglais,1,4277,18,1,5
ENS204904,2018-2019,Tanger-Tétouan-Al Hoceïma,TAN,Fahs-Anjra,Rural,Féminin,Qualifiant,Professeur certifié,Physique-Chimie,14,7077,28,1,6
ENS204905,2020-2021,Béni Mellal-Khénifra,BMK,Khouribga,Rural,Masculin,Collégial,Professeur certifié,Français,13,5960,21,0,16
ENS204906,2022-2023,Oriental,ORI,Taourirt,Urbain,Masculin,Primaire,Professeur certifié,Français,32,5957,30,1,17
ENS204907,2020-2021,Souss-Massa,SOU,Inezgane-Ait Melloul,Rural,Masculin,Collégial,Professeur certifié,Sciences,3,6590,21,1,5
ENS204908,2018-2019,Casablanca-Settat,CAS,Casablanca,Rural,Masculin,Collégial,Professeur agrégé,Philosophie,27,8221,18,0,0
ENS204909,2017-2018,Souss-Massa,SOU,Inezgane-Ait Melloul,Urbain,Féminin,Collégial,Professeur certifié,Français,30,7096,27,0,11
ENS204910,2018-2019,Tanger-Tétouan-Al Hoceïma,TAN,Fahs-Anjra,Urbain,Masculin,Primaire,Professeur agrégé,Français,6,9269,27,1,11
ENS204911,2018-2019,Rabat-Salé-Kénitra,RAB,Kénitra,Rural,Féminin,Collégial,Instituteur,Sciences,32,3535,22,0,0
ENS204912,2023-2024,Oriental,ORI,Berkane,Urbain,Féminin,Primaire,Instituteur,Mathématiques,33,5350,19,0,16
ENS204913,2016-2017,Marrakech-Safi,MAR,Marrakech,Rural,Masculin,Primaire,Contractuel,SVT,15,4842,23,0,22
ENS204914,2021-2022,Drâa-Tafilalet,DRA,Ouarzazate,Rural,Masculin,Primaire,Instituteur,Éducation physique,9,5888,21,0,0
ENS204915,2015-2016,Drâa-Tafilalet,DRA,Zagora,Urbain,Masculin,Collégial,Professeur agrégé,Arabe,24,8219,29,0,7
ENS204916,2017-2018,Casablanca-Settat,CAS,Khouribga,Rural,Masculin,Primaire,Professeur certifié,Mathématiques,13,6639,21,0,19
ENS204917,2016-2017,Souss-Massa,SOU,Chtouka-Ait Baha,Rural,Masculin,Collégial,Professeur certifié,SVT,6,7553,27,0,0
ENS204918,2022-2023,Casablanca-Settat,CAS,Casablanca,Urbain,Féminin,Primaire,Maître d'enseignement,Éducation physique,4,5241,18,1,0
ENS204919,2017-2018,Oriental,ORI,Berkane,Urbain,Féminin,Primaire,Contractuel,Éducation physique,3,3476,19,0,13
ENS204920,2023-2024,Tanger-Tétouan-Al Hoceïma,TAN,Fahs-Anjra,Rural,Masculin,Primaire,Maître d'enseignement,Sciences,12,5489,28,0,10
ENS204921,2022-2023,Rabat-Salé-Kénitra,RAB,Kénitra,Urbain,Masculin,Collégial,Vacataire,Sciences,25,2956,26,0,0
ENS204922,2016-2017,Casablanca-Settat,CAS,Berrechid,Rural,Masculin,Primaire,Professeur agrégé,Philosophie,16,6815,20,1,0
ENS204923,2022-2023,Casablanca-Settat,CAS,Khouribga,Urbain,Masculin,Collégial,Contractuel,Éducation physique,21,3464,23,1,0
ENS204924,2023-2024,Drâa-Tafilalet,DRA,Errachidia,Urbain,Masculin,Collégial,Instituteur,Français,32,4916,24,0,24
ENS204925,2017-2018,Fès-Meknès,FES,Boulemane,Rural,Masculin,Primaire,Maître d'enseignement,Histoire-Géo,20,5151,22,1,8
ENS204926,2015-2016,Marrakech-Safi,MAR,Youssoufia,Rural,Masculin,Collégial,Professeur certifié,Philosophie,8,5263,19,0,23
ENS204927,2015-2016,Marrakech-Safi,MAR,Chichaoua,Rural,Féminin,Qualifiant,Professeur certifié,Philosophie,16,6049,29,1,4
ENS204928,2017-2018,Oriental,ORI,Jerada,Urbain,Masculin,Primaire,Instituteur,Éducation physique,31,4408,28,1,13
ENS204929,2015-2016,Casablanca-Settat,CAS,Settat,Urbain,Masculin,Primaire,Professeur agrégé,Arabe,20,8542,24,0,13
ENS204930,2020-2021,Casablanca-Settat,CAS,Settat,Urbain,Masculin,Collégial,Professeur certifié,Arabe,2,5868,29,0,11
ENS204931,2021-2022,Fès-Meknès,FES,Boulemane,Urbain,Féminin,Primaire,Professeur agrégé,Mathématiques,14,8576,23,1,7
ENS204932,2021-2022,Marrakech-Safi,MAR,Safi,Rural,Masculin,Primaire,Professeur agrégé,Anglais,12,8312,20,0,17
ENS204933,2018-2019,Tanger-Tétouan-Al Hoceïma,TAN,Al Hoceïma,Urbain,Masculin,Primaire,Contractuel,SVT,14,4738,24,0,21
ENS204934,2022-2023,Marrakech-Safi,MAR,El Kelaa des Sraghna,Rural,Masculin,Collégial,Professeur certifié,Physique-Chimie,31,6665,29,1,0
ENS204935,2017-2018,Tanger-Tétouan-Al Hoceïma,TAN,Fahs-Anjra,Rural,Masculin,Primaire,Professeur certifié,Éducation islamique,24,5686,29,0,14
ENS204936,2017-2018,Casablanca-Settat,CAS,Benslimane,Urbain,Masculin,Collégial,Instituteur,Éducation islamique,10,5438,29,1,18
ENS204937,2017-2018,Béni Mellal-Khénifra,BMK,Khouribga,Urbain,Féminin,Primaire,Instituteur,Mathématiques,33,4681,31,0,0
ENS204938,2016-2017,Marrakech-Safi,MAR,Al Haouz,Rural,Masculin,Collégial,Professeur agrégé,SVT,17,7936,26,1,1
ENS204939,2020-2021,Marrakech-Safi,MAR,Chichaoua,Urbain,Masculin,Primaire,Professeur certifié,Histoire-Géo,22,5294,26,1,21
ENS204940,2022-2023,Béni Mellal-Khénifra,BMK,Khouribga,Rural,Féminin,Qualifiant,Instituteur,Philosophie,32,5034,18,0,13
ENS204941,2015-2016,Casablanca-Settat,CAS,Casablanca,Urbain,Masculin,Primaire,Instituteur,Éducation islamique,19,5051,24,0,6
ENS204942,2021-2022,Fès-Meknès,FES,Taounate,Urbain,Masculin,Primaire,Instituteur,SVT,5,4999,27,0,1
ENS204943,2022-2023,Marrakech-Safi,MAR,Marrakech,Rural,Masculin,Primaire,Maître d'enseignement,Arabe,32,5962,27,0,5
ENS204944,2016-2017,Béni Mellal-Khénifra,BMK,Fquih Ben Salah,Rural,Féminin,Primaire,Instituteur,Histoire-Géo,3,5006,23,0,9
ENS204945,2023-2024,Casablanca-Settat,CAS,Settat,Rural,Masculin,Primaire,Professeur certifié,Physique-Chimie,34,6498,19,0,16
ENS204946,2020-2021,Marrakech-Safi,MAR,Marrakech,Urbain,Masculin,Qualifiant,Maître d'enseignement,Mathématiques,6,5143,28,1,20
ENS204947,2018-2019,Béni Mellal-Khénifra,BMK,Khouribga,Rural,Masculin,Collégial,Professeur certifié,Philosophie,7,6000,30,0,21
ENS204948,2021-2022,Rabat-Salé-Kénitra,RAB,Khémisset,Urbain,Féminin,Primaire,Vacataire,Physique-Chimie,25,1856,21,1,0
ENS204949,2020-2021,Marrakech-Safi,MAR,Youssoufia,Urbain,Masculin,Primaire,Professeur agrégé,Sciences,3,8135,31,0,0
ENS204950,2015-2016,Marrakech-Safi,MAR,El Kelaa des Sraghna,Rural,Féminin,Primaire,Professeur certifié,Sciences,13,7206,24,1,20
ENS204951,2016-2017,Oriental,ORI,Jerada,Rural,Masculin,Collégial,Professeur certifié,Éducation physique,9,6236,24,0,24
ENS204952,2018-2019,Marrakech-Safi,MAR,Marrakech,Urbain,Féminin,Primaire,Professeur certifié,Éducation physique,8,5948,18,0,0
ENS204953,2022-2023,Rabat-Salé-Kénitra,RAB,Salé,Rural,Masculin,Primaire,Professeur certifié,Éducation physique,15,6584,20,0,2
ENS204954,2018-2019,Fès-Meknès,FES,Fès,Rural,Féminin,Qualifiant,Maître d'enseignement,Éducation islamique,32,6050,19,0,17
ENS204955,2015-2016,Souss-Massa,SOU,Taroudannt,Urbain,Masculin,Primaire,Contractuel,Sciences,13,3410,29,0,14
ENS204956,2017-2018,Béni Mellal-Khénifra,BMK,Fquih Ben Salah,Rural,Féminin,Primaire,Maître d'enseignement,Sciences,33,6151,20,0,0
ENS204957,2021-2022,Casablanca-Settat,CAS,Benslimane,Urbain,Féminin,Primaire,Maître d'enseignement,Sciences,21,5601,19,0,21
ENS204958,2019-2020,Fès-Meknès,FES,El Hajeb,Urbain,Masculin,Primaire,Instituteur,Physique-Chimie,18,3744,31,0,0
ENS204959,2023-2024,Fès-Meknès,FES,Ifrane,Rural,Féminin,Primaire,Professeur certifié,SVT,5,6001,29,1,18
ENS204960,2020-2021,Oriental,ORI,Oujda-Angad,Urbain,Masculin,Collégial,Professeur agrégé,Éducation islamique,8,7637,21,0,11
ENS204961,2021-2022,Oriental,ORI,Berkane,Rural,Masculin,Primaire,Instituteur,Philosophie,19,6550,28,0,21
ENS204962,2017-2018,Souss-Massa,SOU,Inezgane-Ait Melloul,Rural,Féminin,Primaire,Professeur certifié,Mathématiques,2,6539,19,0,0
ENS204963,2021-2022,Casablanca-Settat,CAS,Settat,Urbain,Masculin,Primaire,Professeur certifié,Mathématiques,21,7029,25,0,0
ENS204964,2019-2020,Marrakech-Safi,MAR,Chichaoua,Urbain,Masculin,Primaire,Maître d'enseignement,Physique-Chimie,4,6550,28,0,7
ENS204965,2018-2019,Casablanca-Settat,CAS,Benslimane,Urbain,Masculin,Primaire,Professeur certifié,Mathématiques,5,5254,31,0,12
ENS204966,2017-2018,Fès-Meknès,FES,Boulemane,Rural,Féminin,Primaire,Maître d'enseignement,SVT,2,4996,18,0,9
ENS204967,2020-2021,Oriental,ORI,Berkane,Rural,Masculin,Primaire,Maître d'enseignement,Histoire-Géo,11,4617,24,0,23
ENS204968,2019-2020,Drâa-Tafilalet,DRA,Midelt,Urbain,Masculin,Collégial,Professeur agrégé,Histoire-Géo,6,8318,28,1,11
ENS204969,2018-2019,Marrakech-Safi,MAR,Chichaoua,Urbain,Féminin,Primaire,Contractuel,Éducation islamique,19,3514,21,1,12
ENS204970,2015-2016,Marrakech-Safi,MAR,El Kelaa des Sraghna,Rural,Féminin,Primaire,Professeur certifié,Histoire-Géo,23,7184,23,0,0
ENS204971,2020-2021,Fès-Meknès,FES,El Hajeb,Rural,Masculin,Primaire,Contractuel,Éducation physique,11,4296,22,0,17
ENS204972,2017-2018,Casablanca-Settat,CAS,Berrechid,Rural,Masculin,Primaire,Professeur certifié,Éducation physique,1,7122,26,1,8
ENS204973,2016-2017,Rabat-Salé-Kénitra,RAB,Salé,Urbain,Féminin,Primaire,Professeur certifié,Sciences,17,6955,24,1,20
ENS204974,2022-2023,Casablanca-Settat,CAS,Mohammadia,Urbain,Masculin,Primaire,Maître d'enseignement,Éducation physique,12,5894,20,1,22
ENS204975,2016-2017,Rabat-Salé-Kénitra,RAB,Rabat,Urbain,Féminin,Primaire,Instituteur,Éducation islamique,33,4403,23,0,4
ENS204976,2017-2018,Casablanca-Settat,CAS,Benslimane,Rural,Masculin,Qualifiant,Instituteur,Éducation physique,14,4713,21,0,7
ENS204977,2021-2022,Rabat-Salé-Kénitra,RAB,Salé,Rural,Masculin,Primaire,Professeur certifié,SVT,18,6243,25,1,13
ENS204978,2017-2018,Casablanca-Settat,CAS,Berrechid,Urbain,Masculin,Primaire,Professeur certifié,Éducation islamique,9,5975,28,0,23
ENS204979,2018-2019,Souss-Massa,SOU,Tata,Rural,Masculin,Primaire,Maître d'enseignement,Philosophie,7,4690,26,0,18
ENS204980,2016-2017,Casablanca-Settat,CAS,Mohammadia,Rural,Masculin,Primaire,Contractuel,Physique-Chimie,25,4166,29,0,0
ENS204981,2020-2021,Marrakech-Safi,MAR,Al Haouz,Urbain,Masculin,Primaire,Instituteur,Anglais,24,4918,22,1,0
ENS204982,2022-2023,Rabat-Salé-Kénitra,RAB,Salé,Urbain,Masculin,Primaire,Instituteur,Français,33,5226,27,1,2
ENS204983,2018-2019,Casablanca-Settat,CAS,Sidi Bennour,Urbain,Féminin,Primaire,Contractuel,Éducation islamique,7,4521,22,1,9
ENS204984,2018-2019,Drâa-Tafilalet,DRA,Zagora,Rural,Masculin,Primaire,Instituteur,Français,32,3856,28,1,19
ENS204985,2016-2017,Marrakech-Safi,MAR,Al Haouz,Rural,Féminin,Primaire,Professeur certifié,Français,29,6992,25,1,0
ENS204986,2022-2023,Souss-Massa,SOU,Agadir-Ida-Ou-Tanane,Urbain,Féminin,Qualifiant,Instituteur,Mathématiques,14,3349,25,1,18
ENS204987,2019-2020,Oriental,ORI,Nador,Urbain,Masculin,Collégial,Professeur certifié,Éducation physique,8,5995,29,0,11
ENS204988,2020-2021,Casablanca-Settat,CAS,El Jadida,Rural,Féminin,Primaire,Instituteur,SVT,24,4976,29,1,4
ENS204989,2023-2024,Souss-Massa,SOU,Taroudannt,Rural,Masculin,Primaire,Instituteur,Histoire-Géo,24,3721,24,1,22
ENS204990,2017-2018,Rabat-Salé-Kénitra,RAB,Skhirate-Témara,Rural,Masculin,Primaire,Instituteur,SVT,33,4469,18,0,8
ENS204991,2016-2017,Rabat-Salé-Kénitra,RAB,Rabat,Urbain,Masculin,Primaire,Professeur certifié,Physique-Chimie,30,7084,22,1,3
ENS204992,2020-2021,Casablanca-Settat,CAS,Settat,Urbain,Masculin,Primaire,Instituteur,Histoire-Géo,26,4356,28,0,14
ENS204993,2018-2019,Fès-Meknès,FES,Meknès,Rural,Masculin,Primaire,Contractuel,Éducation islamique,32,4933,24,0,1
ENS204994,2016-2017,Casablanca-Settat,CAS,Sidi Bennour,Rural,Féminin,Primaire,Instituteur,Éducation physique,16,4124,19,0,0
ENS204995,2019-2020,Rabat-Salé-Kénitra,RAB,Kénitra,Urbain,Masculin,Collégial,Maître d'enseignement,Français,17,4084,27,1,20
ENS204996,2023-2024,Tanger-Tétouan-Al Hoceïma,TAN,Fahs-Anjra,Urbain,Masculin,Primaire,Professeur agrégé,Éducation islamique,8,7486,19,1,20
ENS204997,2018-2019,Drâa-Tafilalet,DRA,Midelt,Rural,Féminin,Primaire,Instituteur,Sciences,27,5015,21,1,7
ENS204998,2016-2017,Souss-Massa,SOU,Inezgane-Ait Melloul,Urbain,Masculin,Primaire,Contractuel,SVT,14,4295,23,1,6
ENS204999,2017-2018,Casablanca-Settat,CAS,Benslimane,Urbain,Masculin,Collégial,Instituteur,Français,23,4997,25,1,24
ENS205000,2019-2020,Souss-Massa,SOU,Chtouka-Ait Baha,Urbain,Masculin,Qualifiant,Instituteur,Français,32,5050,27,0,20
ENS205001,2022-2023,Rabat-Salé-Kénitra,RAB,Skhirate-Témara,Rural,Féminin,Primaire,Maître d'enseignement,Éducation islamique,32,4679,28,0,13
ENS205002,2019-2020,Rabat-Salé-Kénitra,RAB,Kénitra,Urbain,Masculin,Collégial,Instituteur,Anglais,14,5474,20,0,10
ENS205003,2017-2018,Béni Mellal-Khénifra,BMK,Khouribga,Rural,Masculin,Primaire,Contractuel,Arabe,7,3893,26,1,20
ENS205004,2021-2022,Casablanca-Settat,CAS,Benslimane,Rural,Féminin,Collégial,Professeur certifié,Philosophie,34,6108,21,0,1
ENS205005,2022-2023,Fès-Meknès,FES,Séfrou,Rural,Féminin,Préscolaire,Professeur certifié,Philosophie,17,5708,18,0,5
ENS205006,2022-2023,Fès-Meknès,FES,Taza,Rural,Féminin,Primaire,Instituteur,Physique-Chimie,24,5384,30,0,0
ENS205007,2022-2023,Tanger-Tétouan-Al Hoceïma,TAN,Tétouan,Urbain,Masculin,Primaire,Contractuel,Philosophie,33,2973,18,1,7
ENS205008,2016-2017,Casablanca-Settat,CAS,El Jadida,Rural,Masculin,Primaire,Professeur certifié,Éducation islamique,13,7271,26,1,0
ENS205009,2017-2018,Casablanca-Settat,CAS,Casablanca,Urbain,Masculin,Qualifiant,Professeur agrégé,Anglais,1,8836,19,0,19
ENS205010,2021-2022,Casablanca-Settat,CAS,Benslimane,Urbain,Masculin,Primaire,Maître d'enseignement,Physique-Chimie,9,6877,29,0,3
ENS205011,2019-2020,Casablanca-Settat,CAS,Mohammadia,Urbain,Masculin,Primaire,Professeur certifié,Éducation islamique,15,7381,25,0,0
ENS205012,2021-2022,Oriental,ORI,Driouch,Urbain,Féminin,Primaire,Professeur certifié,Éducation islamique,8,6243,31,0,5
ENS205013,2023-2024,Fès-Meknès,FES,Boulemane,Urbain,Masculin,Collégial,Professeur certifié,Physique-Chimie,11,7992,31,0,0
ENS205014,2015-2016,Rabat-Salé-Kénitra,RAB,Rabat,Urbain,Féminin,Collégial,Instituteur,Sciences,13,5575,29,1,0
ENS205015,2017-2018,Rabat-Salé-Kénitra,RAB,Rabat,Rural,Masculin,Primaire,Vacataire,Arabe,33,4130,21,0,3
ENS205016,2016-2017,Casablanca-Settat,CAS,El Jadida,Urbain,Masculin,Collégial,Professeur certifié,Arabe,13,5795,27,0,22
ENS205017,2020-2021,Casablanca-Settat,CAS,Berrechid,Rural,Féminin,Préscolaire,Contractuel,SVT,11,4084,21,1,15
ENS205018,2019-2020,Casablanca-Settat,CAS,Khouribga,Rural,Masculin,Primaire,Professeur certifié,Français,30,6275,27,0,21
ENS205019,2020-2021,Fès-Meknès,FES,Ifrane,Urbain,Féminin,Collégial,Professeur certifié,SVT,26,6807,23,0,16
ENS205020,2022-2023,Souss-Massa,SOU,Chtouka-Ait Baha,Rural,Masculin,Primaire,Professeur certifié,Éducation physique,11,7203,24,0,7
ENS205021,2020-2021,Casablanca-Settat,CAS,Casablanca,Urbain,Masculin,Qualifiant,Maître d'enseignement,Philosophie,30,4628,20,0,23
ENS205022,2023-2024,Tanger-Tétouan-Al Hoceïma,TAN,Fahs-Anjra,Rural,Masculin,Primaire,Professeur agrégé,Éducation physique,8,7709,18,0,0
ENS205023,2023-2024,Tanger-Tétouan-Al Hoceïma,TAN,Al Hoceïma,Urbain,Féminin,Primaire,Vacataire,Arabe,13,3355,18,0,8
ENS205024,2019-2020,Marrakech-Safi,MAR,Essaouira,Rural,Féminin,Primaire,Professeur agrégé,Français,9,9147,20,0,0
ENS205025,2021-2022,Fès-Meknès,FES,Meknès,Rural,Masculin,Primaire,Instituteur,Sciences,7,5773,20,0,0
ENS205026,2019-2020,Drâa-Tafilalet,DRA,Errachidia,Urbain,Féminin,Collégial,Maître d'enseignement,Anglais,2,5045,24,0,20
ENS205027,2022-2023,Rabat-Salé-Kénitra,RAB,Kénitra,Rural,Masculin,Qualifiant,Contractuel,Histoire-Géo,25,3739,27,0,0
ENS205028,2017-2018,Casablanca-Settat,CAS,Settat,Urbain,Féminin,Primaire,Instituteur,Éducation physique,6,5169,25,1,0
ENS205029,2023-2024,Casablanca-Settat,CAS,Khouribga,Urbain,Masculin,Préscolaire,Maître d'enseignement,Histoire-Géo,33,6223,20,1,0
ENS205030,2017-2018,Marrakech-Safi,MAR,El Kelaa des Sraghna,Rural,Féminin,Primaire,Maître d'enseignement,Physique-Chimie,18,5054,31,1,19
ENS205031,2015-2016,Casablanca-Settat,CAS,Casablanca,Rural,Féminin,Qualifiant,Instituteur,Mathématiques,30,6844,21,0,20
ENS205032,2015-2016,Fès-Meknès,FES,El Hajeb,Rural,Féminin,Primaire,Professeur certifié,Éducation islamique,1,5778,20,0,3
ENS205033,2023-2024,Tanger-Tétouan-Al Hoceïma,TAN,Tétouan,Urbain,Masculin,Primaire,Contractuel,Histoire-Géo,9,3893,25,0,3
ENS205034,2022-2023,Casablanca-Settat,CAS,Berrechid,Rural,Masculin,Qualifiant,Professeur certifié,SVT,24,7221,25,0,4
ENS205035,2015-2016,Fès-Meknès,FES,Boulemane,Rural,Masculin,Qualifiant,Instituteur,Physique-Chimie,9,3594,25,0,22
ENS205036,2016-2017,Tanger-Tétouan-Al Hoceïma,TAN,Al Hoceïma,Rural,Féminin,Qualifiant,Instituteur,Éducation physique,5,4853,27,1,10
ENS205037,2020-2021,Tanger-Tétouan-Al Hoceïma,TAN,Tétouan,Rural,Féminin,Primaire,Instituteur,Mathématiques,31,5152,31,0,17
ENS205038,2020-2021,Casablanca-Settat,CAS,Mohammadia,Rural,Féminin,Primaire,Instituteur,Mathématiques,24,4707,21,0,10
ENS205039,2016-2017,Fès-Meknès,FES,Séfrou,Rural,Masculin,Qualifiant,Maître d'enseignement,Éducation physique,25,5593,22,0,19
ENS205040,2020-2021,Casablanca-Settat,CAS,Settat,Urbain,Masculin,Primaire,Professeur certifié,Arabe,1,6153,27,1,0
ENS205041,2023-2024,Fès-Meknès,FES,Fès,Urbain,Masculin,Primaire,Professeur certifié,Français,14,7371,24,1,21
ENS205042,2019-2020,Rabat-Salé-Kénitra,RAB,Sidi Kacem,Urbain,Féminin,Collégial,Contractuel,Arabe,13,4918,25,1,18
ENS205043,2018-2019,Souss-Massa,SOU,Taroudannt,Rural,Féminin,Préscolaire,Maître d'enseignement,Mathématiques,27,6088,26,0,16
ENS205044,2020-2021,Casablanca-Settat,CAS,Sidi Bennour,Urbain,Féminin,Préscolaire,Contractuel,Histoire-Géo,21,4454,26,0,0
ENS205045,2018-2019,Marrakech-Safi,MAR,Al Haouz,Rural,Masculin,Primaire,Vacataire,Français,26,3138,27,1,7
ENS205046,2016-2017,Souss-Massa,SOU,Taroudannt,Urbain,Masculin,Primaire,Professeur certifié,SVT,22,5866,23,0,0
ENS205047,2018-2019,Oriental,ORI,Nador,Urbain,Masculin,Collégial,Professeur certifié,Arabe,22,6605,21,0,17
ENS205048,2020-2021,Béni Mellal-Khénifra,BMK,Fquih Ben Salah,Rural,Féminin,Primaire,Maître d'enseignement,Physique-Chimie,3,5751,18,0,17
ENS205049,2019-2020,Casablanca-Settat,CAS,Sidi Bennour,Urbain,Féminin,Primaire,Instituteur,Éducation physique,8,4982,30,0,8
ENS205050,2018-2019,Fès-Meknès,FES,Ifrane,Urbain,Masculin,Primaire,Professeur certifié,Éducation islamique,23,6985,25,1,2
ENS205051,2021-2022,Fès-Meknès,FES,El Hajeb,Urbain,Masculin,Collégial,Professeur certifié,Anglais,32,6086,24,0,3
ENS205052,2015-2016,Rabat-Salé-Kénitra,RAB,Sidi Slimane,Rural,Masculin,Qualifiant,Professeur certifié,Éducation islamique,24,7976,25,1,0
ENS205053,2018-2019,Tanger-Tétouan-Al Hoceïma,TAN,Larache,Urbain,Féminin,Qualifiant,Professeur agrégé,Français,34,8458,18,0,0
ENS205054,2022-2023,Tanger-Tétouan-Al Hoceïma,TAN,Al Hoceïma,Urbain,Masculin,Primaire,Professeur agrégé,Philosophie,21,8620,29,0,0
ENS205055,2016-2017,Drâa-Tafilalet,DRA,Ouarzazate,Rural,Masculin,Collégial,Professeur certifié,Histoire-Géo,30,7293,26,0,7
ENS205056,2023-2024,Marrakech-Safi,MAR,Marrakech,Rural,Féminin,Primaire,Contractuel,Sciences,19,4153,20,1,8
ENS205057,2016-2017,Drâa-Tafilalet,DRA,Tinghir,Urbain,Féminin,Primaire,Contractuel,Philosophie,34,5145,21,0,5
ENS205058,2023-2024,Oriental,ORI,Taourirt,Urbain,Féminin,Primaire,Professeur certifié,Français,33,5389,24,0,0
ENS205059,2015-2016,Rabat-Salé-Kénitra,RAB,Sidi Slimane,Urbain,Féminin,Primaire,Professeur certifié,Philosophie,26,4759,26,1,14
ENS205060,2019-2020,Drâa-Tafilalet,DRA,Zagora,Rural,Masculin,Collégial,Instituteur,SVT,4,5208,25,0,0
ENS205061,2016-2017,Rabat-Salé-Kénitra,RAB,Sidi Slimane,Urbain,Féminin,Qualifiant,Contractuel,Histoire-Géo,19,4374,26,1,0
ENS205062,2023-2024,Oriental,ORI,Figuig,Urbain,Féminin,Qualifiant,Instituteur,Mathématiques,29,4799,27,0,15
ENS205063,2021-2022,Rabat-Salé-Kénitra,RAB,Sidi Slimane,Urbain,Masculin,Collégial,Professeur certifié,Éducation islamique,6,6218,24,0,13
ENS205064,2020-2021,Fès-Meknès,FES,Taounate,Urbain,Masculin,Primaire,Instituteur,Physique-Chimie,4,5245,19,1,22
ENS205065,2022-2023,Rabat-Salé-Kénitra,RAB,Khémisset,Rural,Masculin,Primaire,Professeur certifié,Physique-Chimie,23,6729,22,0,3
ENS205066,2017-2018,Drâa-Tafilalet,DRA,Errachidia,Urbain,Masculin,Préscolaire,Instituteur,Anglais,34,4897,29,0,0
ENS205067,2023-2024,Marrakech-Safi,MAR,Al Haouz,Urbain,Masculin,Primaire,Contractuel,Éducation physique,29,4523,31,0,4
ENS205068,2020-2021,Souss-Massa,SOU,Inezgane-Ait Melloul,Rural,Féminin,Qualifiant,Instituteur,Philosophie,12,4855,23,1,0
ENS205069,2020-2021,Casablanca-Settat,CAS,Casablanca,Rural,Féminin,Collégial,Maître d'enseignement,Français,30,6136,23,0,10
ENS205070,2020-2021,Fès-Meknès,FES,Séfrou,Urbain,Féminin,Qualifiant,Professeur certifié,Sciences,3,6199,31,1,0
ENS205071,2019-2020,Fès-Meknès,FES,Taounate,Urbain,Féminin,Primaire,Maître d'enseignement,Histoire-Géo,34,5092,18,1,0
ENS205072,2020-2021,Souss-Massa,SOU,Taroudannt,Rural,Féminin,Primaire,Maître d'enseignement,Sciences,8,6300,31,1,0
ENS205073,2017-2018,Drâa-Tafilalet,DRA,Midelt,Urbain,Masculin,Collégial,Maître d'enseignement,SVT,16,5772,28,0,0
ENS205074,2020-2021,Fès-Meknès,FES,Fès,Rural,Féminin,Primaire,Professeur certifié,Histoire-Géo,9,6735,29,1,22
ENS205075,2015-2016,Casablanca-Settat,CAS,Benslimane,Urbain,Masculin,Préscolaire,Instituteur,SVT,15,5964,29,0,3
ENS205076,2019-2020,Casablanca-Settat,CAS,Sidi Bennour,Rural,Masculin,Qualifiant,Instituteur,Arabe,29,5177,30,1,13
ENS205077,2023-2024,Casablanca-Settat,CAS,Benslimane,Urbain,Masculin,Primaire,Professeur certifié,Éducation islamique,4,5397,29,0,20
ENS205078,2015-2016,Casablanca-Settat,CAS,Settat,Rural,Masculin,Primaire,Professeur certifié,Physique-Chimie,23,6087,29,0,13
ENS205079,2020-2021,Laâyoune-Sakia El Hamra,LAA,Boujdour,Rural,Masculin,Collégial,Maître d'enseignement,Philosophie,14,5551,30,1,2
ENS205080,2015-2016,Casablanca-Settat,CAS,Settat,Urbain,Masculin,Primaire,Instituteur,Français,23,5363,31,0,1
ENS205081,2018-2019,Oriental,ORI,Nador,Urbain,Masculin,Primaire,Instituteur,Histoire-Géo,17,5627,23,0,24
ENS205082,2020-2021,Rabat-Salé-Kénitra,RAB,Sidi Kacem,Rural,Masculin,Collégial,Instituteur,Éducation physique,16,4601,22,1,13
ENS205083,2018-2019,Souss-Massa,SOU,Tiznit,Rural,Féminin,Préscolaire,Instituteur,Sciences,18,3937,28,0,6
ENS205084,2021-2022,Casablanca-Settat,CAS,Benslimane,Urbain,Féminin,Primaire,Maître d'enseignement,Sciences,33,5283,24,1,3
ENS205085,2019-2020,Drâa-Tafilalet,DRA,Zagora,Urbain,Masculin,Primaire,Maître d'enseignement,Sciences,31,6608,30,0,21
ENS205086,2022-2023,Rabat-Salé-Kénitra,RAB,Rabat,Urbain,Masculin,Qualifiant,Professeur agrégé,Sciences,21,8004,25,0,3
ENS205087,2022-2023,Tanger-Tétouan-Al Hoceïma,TAN,Chefchaouen,Rural,Masculin,Primaire,Maître d'enseignement,Éducation physique,27,4357,26,0,16
ENS205088,2020-2021,Rabat-Salé-Kénitra,RAB,Khémisset,Rural,Féminin,Qualifiant,Professeur certifié,Français,31,6973,21,1,20
ENS205089,2022-2023,Rabat-Salé-Kénitra,RAB,Sidi Kacem,Rural,Féminin,Primaire,Professeur certifié,Mathématiques,7,5340,29,1,22
ENS205090,2019-2020,Casablanca-Settat,CAS,Casablanca,Urbain,Masculin,Collégial,Contractuel,Mathématiques,27,4183,23,0,15
ENS205091,2017-2018,Casablanca-Settat,CAS,El Jadida,Urbain,Féminin,Primaire,Contractuel,Histoire-Géo,2,4798,24,0,0
ENS205092,2015-2016,Fès-Meknès,FES,El Hajeb,Urbain,Masculin,Préscolaire,Instituteur,Anglais,21,3829,31,0,0
ENS205093,2021-2022,Casablanca-Settat,CAS,Sidi Bennour,Urbain,Masculin,Collégial,Professeur certifié,Arabe,31,7159,18,1,0
ENS205094,2016-2017,Rabat-Salé-Kénitra,RAB,Sidi Slimane,Urbain,Masculin,Qualifiant,Maître d'enseignement,Éducation physique,18,5736,28,0,22
ENS205095,2016-2017,Oriental,ORI,Jerada,Rural,Masculin,Collégial,Professeur certifié,Philosophie,32,7689,24,1,7
ENS205096,2019-2020,Fès-Meknès,FES,Taza,Urbain,Masculin,Qualifiant,Contractuel,Mathématiques,1,4445,28,1,20
ENS205097,2019-2020,Fès-Meknès,FES,Séfrou,Urbain,Féminin,Primaire,Instituteur,Français,2,4253,27,0,22
ENS205098,2016-2017,Casablanca-Settat,CAS,Casablanca,Urbain,Masculin,Primaire,Contractuel,Éducation physique,25,2270,19,1,22
ENS205099,2018-2019,Béni Mellal-Khénifra,BMK,El Kelaa des Sraghna,Urbain,Masculin,Primaire,Instituteur,Éducation physique,5,3972,27,0,12
ENS205100,2020-2021,Casablanca-Settat,CAS,Khouribga,Urbain,Masculin,Qualifiant,Instituteur,Mathématiques,13,6266,20,0,18
ENS205101,2022-2023,Tanger-Tétouan-Al Hoceïma,TAN,Chefchaouen,Urbain,Féminin,Primaire,Professeur certifié,Physique-Chimie,3,5682,30,1,9
ENS205102,2022-2023,Fès-Meknès,FES,Taounate,Rural,Féminin,Primaire,Professeur certifié,SVT,6,5299,29,1,0
ENS205103,2020-2021,Casablanca-Settat,CAS,Settat,Urbain,Masculin,Primaire,Professeur certifié,Histoire-Géo,6,4748,25,1,8
ENS205104,2018-2019,Souss-Massa,SOU,Tata,Urbain,Masculin,Qualifiant,Maître d'enseignement,Sciences,17,4983,22,0,1
ENS205105,2021-2022,Rabat-Salé-Kénitra,RAB,Sidi Kacem,Rural,Masculin,Primaire,Maître d'enseignement,Éducation islamique,34,4675,31,1,0
ENS205106,2018-2019,Béni Mellal-Khénifra,BMK,Khouribga,Rural,Masculin,Primaire,Professeur certifié,Arabe,28,6976,23,0,8
ENS205107,2021-2022,Tanger-Tétouan-Al Hoceïma,TAN,Chefchaouen,Rural,Masculin,Primaire,Maître d'enseignement,Anglais,2,6169,23,0,20
ENS205108,2023-2024,Tanger-Tétouan-Al Hoceïma,TAN,Mdiq-Fnideq,Urbain,Masculin,Primaire,Contractuel,Éducation physique,10,4754,25,0,15
ENS205109,2021-2022,Tanger-Tétouan-Al Hoceïma,TAN,Ouazzane,Rural,Masculin,Collégial,Maître d'enseignement,Éducation islamique,9,4775,20,0,0
ENS205110,2023-2024,Casablanca-Settat,CAS,El Jadida,Rural,Féminin,Primaire,Contractuel,SVT,4,4807,24,1,6
ENS205111,2017-2018,Fès-Meknès,FES,Taza,Urbain,Féminin,Collégial,Professeur agrégé,Éducation physique,23,9402,20,1,14
ENS205112,2015-2016,Tanger-Tétouan-Al Hoceïma,TAN,Al Hoceïma,Urbain,Féminin,Collégial,Instituteur,Histoire-Géo,17,4100,20,1,0
ENS205113,2023-2024,Oriental,ORI,Oujda-Angad,Rural,Masculin,Primaire,Professeur agrégé,Français,17,8336,23,0,14
ENS205114,2015-2016,Rabat-Salé-Kénitra,RAB,Sidi Slimane,Urbain,Masculin,Qualifiant,Instituteur,Physique-Chimie,15,5888,25,1,1
ENS205115,2023-2024,Rabat-Salé-Kénitra,RAB,Sidi Kacem,Rural,Féminin,Primaire,Professeur certifié,Philosophie,24,6742,31,1,0
ENS205116,2017-2018,Casablanca-Settat,CAS,Berrechid,Urbain,Masculin,Primaire,Instituteur,Philosophie,25,4682,29,0,1
ENS205117,2021-2022,Oriental,ORI,Guercif,Urbain,Féminin,Primaire,Professeur certifié,Français,17,5946,22,1,0
ENS205118,2019-2020,Souss-Massa,SOU,Taroudannt,Rural,Féminin,Primaire,Professeur certifié,Français,24,6133,23,0,0
ENS205119,2017-2018,Rabat-Salé-Kénitra,RAB,Salé,Urbain,Féminin,Qualifiant,Instituteur,Physique-Chimie,9,5583,24,0,0
ENS205120,2021-2022,Casablanca-Settat,CAS,El Jadida,Urbain,Féminin,Primaire,Maître d'enseignement,Arabe,29,5427,25,1,0
ENS205121,2017-2018,Fès-Meknès,FES,El Hajeb,Rural,Masculin,Qualifiant,Contractuel,SVT,5,3433,20,0,10
ENS205122,2021-2022,Casablanca-Settat,CAS,Berrechid,Urbain,Féminin,Primaire,Maître d'enseignement,Histoire-Géo,11,5522,25,0,3
ENS205123,2021-2022,Drâa-Tafilalet,DRA,Ouarzazate,Urbain,Féminin,Primaire,Instituteur,Français,6,4755,27,1,9
ENS205124,2022-2023,Rabat-Salé-Kénitra,RAB,Khémisset,Rural,Masculin,Primaire,Maître d'enseignement,Philosophie,5,5757,22,0,8
ENS205125,2023-2024,Tanger-Tétouan-Al Hoceïma,TAN,Chefchaouen,Rural,Masculin,Primaire,Maître d'enseignement,Arabe,27,4831,31,1,15
ENS205126,2016-2017,Rabat-Salé-Kénitra,RAB,Sidi Slimane,Rural,Féminin,Primaire,Professeur certifié,Philosophie,10,5810,19,0,12
ENS205127,2019-2020,Rabat-Salé-Kénitra,RAB,Kénitra,Urbain,Masculin,Qualifiant,Professeur certifié,Éducation islamique,16,6240,31,1,12
ENS205128,2020-2021,Tanger-Tétouan-Al Hoceïma,TAN,Tétouan,Rural,Masculin,Primaire,Professeur certifié,Mathématiques,6,6825,25,0,14
ENS205129,2015-2016,Fès-Meknès,FES,Taza,Rural,Féminin,Collégial,Professeur certifié,Anglais,5,6717,23,0,15
ENS205130,2020-2021,Casablanca-Settat,CAS,El Jadida,Rural,Masculin,Qualifiant,Professeur certifié,Éducation physique,15,7128,18,0,13
ENS205131,2020-2021,Souss-Massa,SOU,Tiznit,Urbain,Masculin,Primaire,Contractuel,Philosophie,24,4316,25,1,20
ENS205132,2022-2023,Rabat-Salé-Kénitra,RAB,Salé,Rural,Féminin,Primaire,Instituteur,Mathématiques,13,4550,31,0,0
ENS205133,2019-2020,Rabat-Salé-Kénitra,RAB,Salé,Rural,Masculin,Primaire,Instituteur,SVT,30,5275,25,1,16
ENS205134,2023-2024,Tanger-Tétouan-Al Hoceïma,TAN,Al Hoceïma,Urbain,Masculin,Collégial,Instituteur,SVT,1,5565,29,1,0
ENS205135,2020-2021,Rabat-Salé-Kénitra,RAB,Khémisset,Rural,Masculin,Collégial,Vacataire,Philosophie,25,2783,26,1,22
ENS205136,2021-2022,Casablanca-Settat,CAS,Khouribga,Urbain,Masculin,Primaire,Professeur certifié,Français,10,6111,25,0,11
ENS205137,2019-2020,Rabat-Salé-Kénitra,RAB,Rabat,Urbain,Masculin,Qualifiant,Professeur agrégé,SVT,12,8885,23,0,18
ENS205138,2021-2022,Casablanca-Settat,CAS,Mohammadia,Rural,Masculin,Collégial,Professeur agrégé,Français,22,7804,18,1,12
ENS205139,2021-2022,Rabat-Salé-Kénitra,RAB,Sidi Kacem,Urbain,Masculin,Qualifiant,Maître d'enseignement,Physique-Chimie,8,6156,24,0,0
ENS205140,2020-2021,Casablanca-Settat,CAS,El Jadida,Rural,Masculin,Primaire,Maître d'enseignement,Philosophie,26,5249,31,0,0
ENS205141,2020-2021,Rabat-Salé-Kénitra,RAB,Kénitra,Rural,Masculin,Primaire,Instituteur,Sciences,1,5565,28,0,17
ENS205142,2023-2024,Casablanca-Settat,CAS,Benslimane,Urbain,Masculin,Collégial,Professeur certifié,SVT,20,6400,20,1,3
ENS205143,2022-2023,Rabat-Salé-Kénitra,RAB,Salé,Rural,Féminin,Collégial,Instituteur,Anglais,29,4853,19,0,18
ENS205144,2017-2018,Rabat-Salé-Kénitra,RAB,Khémisset,Urbain,Féminin,Collégial,Contractuel,Anglais,9,4088,19,0,0
ENS205145,2015-2016,Laâyoune-Sakia El Hamra,LAA,Es-Semara,Urbain,Masculin,Collégial,Professeur certifié,Philosophie,15,6387,25,1,16
ENS205146,2020-2021,Béni Mellal-Khénifra,BMK,Azilal,Urbain,Féminin,Qualifiant,Instituteur,Arabe,5,4389,18,0,0
ENS205147,2023-2024,Drâa-Tafilalet,DRA,Ouarzazate,Urbain,Masculin,Collégial,Professeur certifié,Français,18,8278,22,0,0
ENS205148,2020-2021,Tanger-Tétouan-Al Hoceïma,TAN,Mdiq-Fnideq,Urbain,Masculin,Primaire,Professeur agrégé,Mathématiques,18,8159,24,0,12
ENS205149,2022-2023,Casablanca-Settat,CAS,Settat,Urbain,Masculin,Collégial,Instituteur,Arabe,4,5447,30,0,0
ENS205150,2015-2016,Béni Mellal-Khénifra,BMK,El Kelaa des Sraghna,Urbain,Féminin,Collégial,Instituteur,Philosophie,6,3670,22,1,18
ENS205151,2015-2016,Tanger-Tétouan-Al Hoceïma,TAN,Larache,Urbain,Masculin,Primaire,Instituteur,Philosophie,16,5461,26,1,11
ENS205152,2019-2020,Rabat-Salé-Kénitra,RAB,Salé,Urbain,Masculin,Primaire,Professeur certifié,Français,22,6343,31,0,0
ENS205153,2019-2020,Rabat-Salé-Kénitra,RAB,Sidi Slimane,Rural,Féminin,Préscolaire,Instituteur,Mathématiques,24,4311,31,1,0
ENS205154,2016-2017,Marrakech-Safi,MAR,Marrakech,Rural,Masculin,Qualifiant,Professeur certifié,Philosophie,17,6195,31,0,0
ENS205155,2023-2024,Béni Mellal-Khénifra,BMK,Béni Mellal,Urbain,Masculin,Préscolaire,Vacataire,Mathématiques,6,2825,20,0,15
ENS205156,2016-2017,Tanger-Tétouan-Al Hoceïma,TAN,Al Hoceïma,Rural,Féminin,Qualifiant,Maître d'enseignement,Français,20,6681,31,1,21
ENS205157,2019-2020,Oriental,ORI,Nador,Urbain,Masculin,Qualifiant,Instituteur,Arabe,5,4736,30,1,5
ENS205158,2023-2024,Rabat-Salé-Kénitra,RAB,Salé,Rural,Féminin,Primaire,Professeur certifié,Physique-Chimie,6,5551,29,0,3
ENS205159,2022-2023,Casablanca-Settat,CAS,Berrechid,Urbain,Féminin,Qualifiant,Professeur certifié,Sciences,11,7334,25,1,17
ENS205160,2022-2023,Casablanca-Settat,CAS,Mohammadia,Urbain,Féminin,Primaire,Professeur agrégé,Mathématiques,14,8144,18,0,3
ENS205161,2021-2022,Fès-Meknès,FES,Séfrou,Urbain,Masculin,Primaire,Instituteur,Anglais,14,3889,23,1,12
ENS205162,2019-2020,Oriental,ORI,Nador,Urbain,Masculin,Primaire,Contractuel,Philosophie,10,3791,22,0,14
ENS205163,2022-2023,Tanger-Tétouan-Al Hoceïma,TAN,Tanger-Assilah,Urbain,Féminin,Collégial,Professeur certifié,Mathématiques,27,6463,22,1,12
ENS205164,2021-2022,Casablanca-Settat,CAS,Casablanca,Urbain,Féminin,Primaire,Contractuel,SVT,22,3982,28,1,0
ENS205165,2016-2017,Rabat-Salé-Kénitra,RAB,Sidi Kacem,Urbain,Masculin,Collégial,Maître d'enseignement,Anglais,30,4970,20,1,0
ENS205166,2023-2024,Tanger-Tétouan-Al Hoceïma,TAN,Mdiq-Fnideq,Urbain,Masculin,Qualifiant,Maître d'enseignement,Anglais,24,6989,24,1,0
ENS205167,2017-2018,Fès-Meknès,FES,Taza,Urbain,Masculin,Primaire,Instituteur,Philosophie,19,5074,24,1,18
ENS205168,2023-2024,Oriental,ORI,Nador,Rural,Masculin,Primaire,Maître d'enseignement,Arabe,18,5443,31,0,0
ENS205169,2020-2021,Tanger-Tétouan-Al Hoceïma,TAN,Ouazzane,Rural,Masculin,Primaire,Professeur certifié,Éducation physique,7,6334,19,0,0
ENS205170,2023-2024,Rabat-Salé-Kénitra,RAB,Rabat,Urbain,Masculin,Primaire,Vacataire,Arabe,2,2483,23,1,0
ENS205171,2021-2022,Tanger-Tétouan-Al Hoceïma,TAN,Al Hoceïma,Urbain,Masculin,Préscolaire,Instituteur,Mathématiques,22,4707,20,1,8
ENS205172,2016-2017,Oriental,ORI,Guercif,Urbain,Masculin,Collégial,Professeur agrégé,Mathématiques,2,8348,28,1,0
ENS205173,2017-2018,Rabat-Salé-Kénitra,RAB,Skhirate-Témara,Rural,Féminin,Primaire,Professeur certifié,Éducation physique,29,6263,25,1,0
ENS205174,2015-2016,Casablanca-Settat,CAS,Casablanca,Urbain,Masculin,Primaire,Instituteur,Arabe,23,5025,21,1,0
ENS205175,2023-2024,Fès-Meknès,FES,Séfrou,Rural,Féminin,Qualifiant,Professeur certifié,Histoire-Géo,25,6951,30,0,10
ENS205176,2021-2022,Oriental,ORI,Figuig,Urbain,Masculin,Qualifiant,Instituteur,Arabe,20,6013,28,0,0
ENS205177,2023-2024,Tanger-Tétouan-Al Hoceïma,TAN,Tanger-Assilah,Urbain,Féminin,Qualifiant,Instituteur,Éducation physique,18,4008,20,0,11
ENS205178,2023-2024,Marrakech-Safi,MAR,Al Haouz,Rural,Masculin,Collégial,Professeur certifié,Physique-Chimie,29,6651,27,0,0
ENS205179,2020-2021,Oriental,ORI,Figuig,Urbain,Masculin,Primaire,Professeur certifié,Physique-Chimie,8,6227,26,0,0
ENS205180,2015-2016,Souss-Massa,SOU,Taroudannt,Urbain,Masculin,Collégial,Professeur certifié,Histoire-Géo,17,7485,21,0,12
ENS205181,2022-2023,Drâa-Tafilalet,DRA,Ouarzazate,Urbain,Féminin,Primaire,Professeur certifié,Philosophie,8,5904,25,0,0
ENS205182,2018-2019,Marrakech-Safi,MAR,Safi,Rural,Masculin,Primaire,Instituteur,Mathématiques,13,5371,25,1,18
ENS205183,2022-2023,Rabat-Salé-Kénitra,RAB,Rabat,Urbain,Masculin,Primaire,Instituteur,Éducation physique,21,5112,28,1,18
ENS205184,2015-2016,Marrakech-Safi,MAR,Chichaoua,Urbain,Féminin,Primaire,Instituteur,Éducation islamique,7,5020,22,1,0
ENS205185,2015-2016,Laâyoune-Sakia El Hamra,LAA,Es-Semara,Urbain,Féminin,Qualifiant,Professeur certifié,Français,20,6446,30,0,10
ENS205186,2019-2020,Tanger-Tétouan-Al Hoceïma,TAN,Tanger-Assilah,Urbain,Féminin,Collégial,Instituteur,Physique-Chimie,9,6066,21,0,11
ENS205187,2023-2024,Casablanca-Settat,CAS,Casablanca,Urbain,Masculin,Qualifiant,Professeur certifié,Arabe,11,6459,18,0,9
ENS205188,2019-2020,Oriental,ORI,Taourirt,Rural,Masculin,Qualifiant,Instituteur,SVT,18,4618,29,0,0
ENS205189,2015-2016,Marrakech-Safi,MAR,Al Haouz,Rural,Masculin,Qualifiant,Maître d'enseignement,Éducation physique,12,5842,31,0,22
ENS205190,2015-2016,Tanger-Tétouan-Al Hoceïma,TAN,Tétouan,Urbain,Masculin,Primaire,Maître d'enseignement,Mathématiques,17,6273,20,0,0
ENS205191,2018-2019,Guelmim-Oued Noun,GUE,Guelmim,Urbain,Masculin,Primaire,Maître d'enseignement,SVT,1,5992,27,0,9
ENS205192,2017-2018,Guelmim-Oued Noun,GUE,Guelmim,Rural,Masculin,Primaire,Instituteur,Éducation physique,24,4350,27,0,1
ENS205193,2022-2023,Casablanca-Settat,CAS,Settat,Urbain,Féminin,Qualifiant,Maître d'enseignement,Histoire-Géo,18,4198,24,1,5
ENS205194,2020-2021,Souss-Massa,SOU,Inezgane-Ait Melloul,Urbain,Masculin,Qualifiant,Instituteur,Anglais,9,3952,23,1,9
ENS205195,2023-2024,Marrakech-Safi,MAR,El Kelaa des Sraghna,Rural,Masculin,Qualifiant,Instituteur,Mathématiques,7,4277,19,0,5
ENS205196,2015-2016,Rabat-Salé-Kénitra,RAB,Khémisset,Rural,Masculin,Qualifiant,Instituteur,Éducation islamique,32,4761,31,0,23
ENS205197,2016-2017,Casablanca-Settat,CAS,Settat,Urbain,Féminin,Qualifiant,Professeur certifié,Mathématiques,24,6839,18,0,18
ENS205198,2022-2023,Rabat-Salé-Kénitra,RAB,Sidi Kacem,Rural,Masculin,Collégial,Professeur certifié,Éducation physique,3,7065,24,0,18
ENS205199,2015-2016,Rabat-Salé-Kénitra,RAB,Sidi Kacem,Rural,Féminin,Qualifiant,Professeur certifié,Histoire-Géo,14,6437,20,0,19
ENS205200,2017-2018,Marrakech-Safi,MAR,Safi,Rural,Féminin,Préscolaire,Professeur certifié,Sciences,3,6340,21,0,1
ENS205201,2016-2017,Marrakech-Safi,MAR,Safi,Rural,Féminin,Primaire,Instituteur,Physique-Chimie,20,4893,30,0,22
ENS205202,2017-2018,Rabat-Salé-Kénitra,RAB,Salé,Rural,Masculin,Préscolaire,Instituteur,Physique-Chimie,28,5029,18,1,0
ENS205203,2017-2018,Drâa-Tafilalet,DRA,Zagora,Rural,Féminin,Primaire,Instituteur,SVT,23,4476,31,0,0
ENS205204,2015-2016,Casablanca-Settat,CAS,Sidi Bennour,Rural,Féminin,Préscolaire,Vacataire,Éducation islamique,15,3386,29,0,0
ENS205205,2021-2022,Marrakech-Safi,MAR,Marrakech,Urbain,Féminin,Qualifiant,Instituteur,Éducation physique,7,5865,22,0,0
ENS205206,2018-2019,Rabat-Salé-Kénitra,RAB,Rabat,Urbain,Féminin,Primaire,Professeur certifié,Histoire-Géo,28,5095,18,0,0
ENS205207,2021-2022,Tanger-Tétouan-Al Hoceïma,TAN,Fahs-Anjra,Rural,Masculin,Primaire,Professeur certifié,Philosophie,32,6252,20,1,5
ENS205208,2018-2019,Marrakech-Safi,MAR,Chichaoua,Urbain,Masculin,Primaire,Instituteur,Français,21,5004,30,1,2
ENS205209,2015-2016,Rabat-Salé-Kénitra,RAB,Khémisset,Rural,Féminin,Collégial,Contractuel,Histoire-Géo,26,3823,30,0,21
ENS205210,2015-2016,Oriental,ORI,Oujda-Angad,Rural,Féminin,Qualifiant,Professeur certifié,Sciences,18,5383,29,1,0
ENS205211,2020-2021,Marrakech-Safi,MAR,Essaouira,Urbain,Masculin,Qualifiant,Instituteur,Éducation islamique,24,2522,26,1,18
ENS205212,2020-2021,Marrakech-Safi,MAR,Marrakech,Rural,Masculin,Primaire,Maître d'enseignement,Histoire-Géo,6,4631,26,0,21
ENS205213,2016-2017,Casablanca-Settat,CAS,Benslimane,Rural,Féminin,Qualifiant,Professeur agrégé,SVT,33,8540,20,1,4
ENS205214,2021-2022,Casablanca-Settat,CAS,Casablanca,Urbain,Masculin,Primaire,Instituteur,Éducation physique,30,5951,30,0,10
ENS205215,2016-2017,Drâa-Tafilalet,DRA,Tinghir,Rural,Féminin,Primaire,Professeur certifié,SVT,4,6898,24,0,13
ENS205216,2016-2017,Tanger-Tétouan-Al Hoceïma,TAN,Al Hoceïma,Urbain,Masculin,Qualifiant,Vacataire,Mathématiques,14,4068,21,1,0
ENS205217,2016-2017,Souss-Massa,SOU,Taroudannt,Rural,Féminin,Qualifiant,Professeur certifié,Français,32,6266,18,1,24
ENS205218,2015-2016,Oriental,ORI,Driouch,Rural,Masculin,Primaire,Instituteur,Éducation islamique,14,4911,28,0,0
ENS205219,2023-2024,Souss-Massa,SOU,Tata,Rural,Masculin,Collégial,Professeur certifié,Mathématiques,15,7591,23,1,16
ENS205220,2023-2024,Marrakech-Safi,MAR,Marrakech,Rural,Féminin,Primaire,Instituteur,Éducation islamique,15,4239,22,0,11
ENS205221,2020-2021,Béni Mellal-Khénifra,BMK,Fquih Ben Salah,Urbain,Féminin,Qualifiant,Maître d'enseignement,Arabe,10,5283,24,0,5
ENS205222,2020-2021,Casablanca-Settat,CAS,Benslimane,Rural,Féminin,Collégial,Professeur certifié,Philosophie,10,6649,20,1,1
ENS205223,2020-2021,Marrakech-Safi,MAR,El Kelaa des Sraghna,Urbain,Féminin,Collégial,Instituteur,Français,33,4486,21,1,0
ENS205224,2016-2017,Tanger-Tétouan-Al Hoceïma,TAN,Mdiq-Fnideq,Rural,Masculin,Primaire,Instituteur,Philosophie,20,5296,22,1,16
ENS205225,2019-2020,Drâa-Tafilalet,DRA,Errachidia,Rural,Féminin,Primaire,Contractuel,Français,17,3078,21,1,9
ENS205226,2019-2020,Rabat-Salé-Kénitra,RAB,Sidi Slimane,Urbain,Masculin,Collégial,Professeur certifié,Anglais,29,5982,20,0,11
ENS205227,2015-2016,Marrakech-Safi,MAR,Essaouira,Urbain,Masculin,Qualifiant,Maître d'enseignement,Mathématiques,27,5033,25,0,5
ENS205228,2023-2024,Souss-Massa,SOU,Taroudannt,Urbain,Masculin,Primaire,Professeur certifié,SVT,30,6875,29,0,0
ENS205229,2023-2024,Rabat-Salé-Kénitra,RAB,Khémisset,Urbain,Masculin,Collégial,Professeur certifié,Mathématiques,18,6473,21,0,11
ENS205230,2019-2020,Fès-Meknès,FES,Fès,Urbain,Masculin,Primaire,Professeur agrégé,SVT,3,8479,31,0,11
ENS205231,2023-2024,Fès-Meknès,FES,Moulay Yacoub,Urbain,Masculin,Collégial,Contractuel,Philosophie,4,4168,28,0,24
ENS205232,2023-2024,Béni Mellal-Khénifra,BMK,Azilal,Urbain,Masculin,Collégial,Instituteur,Mathématiques,8,4061,29,0,8
ENS205233,2017-2018,Casablanca-Settat,CAS,El Jadida,Rural,Masculin,Primaire,Instituteur,Français,28,3589,28,1,19
ENS205234,2022-2023,Casablanca-Settat,CAS,Benslimane,Urbain,Féminin,Collégial,Professeur agrégé,Sciences,32,7532,28,1,17
ENS205235,2018-2019,Casablanca-Settat,CAS,Berrechid,Rural,Masculin,Qualifiant,Professeur certifié,Éducation islamique,5,6667,20,0,0
ENS205236,2020-2021,Souss-Massa,SOU,Inezgane-Ait Melloul,Urbain,Féminin,Qualifiant,Maître d'enseignement,Éducation islamique,30,5585,18,1,10
ENS205237,2018-2019,Casablanca-Settat,CAS,Khouribga,Rural,Masculin,Primaire,Instituteur,Arabe,6,5217,18,1,7
ENS205238,2021-2022,Rabat-Salé-Kénitra,RAB,Rabat,Urbain,Féminin,Qualifiant,Vacataire,Histoire-Géo,3,2994,30,0,11
ENS205239,2021-2022,Guelmim-Oued Noun,GUE,Guelmim,Rural,Féminin,Primaire,Contractuel,Anglais,17,3556,19,1,14
ENS205240,2018-2019,Drâa-Tafilalet,DRA,Tinghir,Rural,Masculin,Primaire,Professeur agrégé,Anglais,25,7794,20,0,0
ENS205241,2015-2016,Fès-Meknès,FES,El Hajeb,Urbain,Masculin,Primaire,Professeur certifié,Philosophie,4,7988,21,0,0
ENS205242,2015-2016,Casablanca-Settat,CAS,Settat,Rural,Masculin,Collégial,Professeur certifié,Éducation islamique,1,7473,27,0,5
ENS205243,2020-2021,Casablanca-Settat,CAS,Sidi Bennour,Rural,Masculin,Qualifiant,Professeur agrégé,Éducation islamique,13,8939,23,1,6
ENS205244,2021-2022,Casablanca-Settat,CAS,El Jadida,Rural,Féminin,Primaire,Contractuel,Sciences,21,4346,21,0,1
ENS205245,2019-2020,Béni Mellal-Khénifra,BMK,Khouribga,Urbain,Féminin,Primaire,Maître d'enseignement,Sciences,28,6761,19,0,0
ENS205246,2020-2021,Rabat-Salé-Kénitra,RAB,Kénitra,Rural,Masculin,Primaire,Contractuel,Éducation physique,16,3695,19,1,2
ENS205247,2018-2019,Marrakech-Safi,MAR,Chichaoua,Urbain,Masculin,Qualifiant,Professeur agrégé,Mathématiques,15,7640,22,1,12
ENS205248,2020-2021,Laâyoune-Sakia El Hamra,LAA,Laâyoune,Rural,Masculin,Primaire,Professeur certifié,Sciences,32,6153,29,0,5
ENS205249,2016-2017,Fès-Meknès,FES,Moulay Yacoub,Rural,Masculin,Primaire,Maître d'enseignement,Français,3,5074,29,1,22
ENS205250,2017-2018,Souss-Massa,SOU,Taroudannt,Rural,Masculin,Primaire,Professeur agrégé,Philosophie,23,8129,31,0,2
ENS205251,2020-2021,Rabat-Salé-Kénitra,RAB,Sidi Slimane,Rural,Féminin,Collégial,Instituteur,Anglais,2,5294,26,0,23
ENS205252,2018-2019,Rabat-Salé-Kénitra,RAB,Salé,Rural,Masculin,Primaire,Professeur certifié,SVT,14,6735,27,0,11
ENS205253,2021-2022,Rabat-Salé-Kénitra,RAB,Khémisset,Rural,Féminin,Collégial,Instituteur,Mathématiques,28,4908,22,1,23
ENS205254,2021-2022,Oriental,ORI,Taourirt,Rural,Féminin,Préscolaire,Instituteur,Anglais,12,5061,20,0,7
ENS205255,2018-2019,Souss-Massa,SOU,Tata,Urbain,Masculin,Primaire,Instituteur,Arabe,16,5634,25,0,3
ENS205256,2017-2018,Fès-Meknès,FES,Meknès,Rural,Féminin,Primaire,Professeur certifié,Français,34,7310,25,1,6
ENS205257,2015-2016,Fès-Meknès,FES,Boulemane,Urbain,Féminin,Primaire,Professeur certifié,SVT,31,5957,21,1,2
ENS205258,2020-2021,Rabat-Salé-Kénitra,RAB,Khémisset,Rural,Féminin,Primaire,Contractuel,Éducation physique,5,5505,26,0,17
ENS205259,2021-2022,Marrakech-Safi,MAR,Safi,Urbain,Masculin,Collégial,Professeur certifié,Français,22,5746,27,1,15
ENS205260,2016-2017,Oriental,ORI,Guercif,Rural,Masculin,Primaire,Professeur certifié,Anglais,30,6039,26,1,16
ENS205261,2019-2020,Casablanca-Settat,CAS,Mohammadia,Urbain,Masculin,Qualifiant,Instituteur,Français,9,4169,26,1,17
ENS205262,2016-2017,Oriental,ORI,Oujda-Angad,Rural,Masculin,Qualifiant,Instituteur,Histoire-Géo,3,5711,19,1,0
ENS205263,2023-2024,Rabat-Salé-Kénitra,RAB,Sidi Slimane,Urbain,Masculin,Primaire,Maître d'enseignement,Sciences,13,6119,26,1,9
ENS205264,2018-2019,Souss-Massa,SOU,Tiznit,Rural,Féminin,Collégial,Professeur certifié,Éducation islamique,24,6033,22,1,0
ENS205265,2019-2020,Casablanca-Settat,CAS,Berrechid,Rural,Masculin,Primaire,Professeur certifié,Histoire-Géo,12,6788,24,1,11
ENS205266,2015-2016,Marrakech-Safi,MAR,El Kelaa des Sraghna,Rural,Masculin,Collégial,Instituteur,Éducation physique,32,4060,31,1,1
ENS205267,2023-2024,Rabat-Salé-Kénitra,RAB,Sidi Slimane,Urbain,Masculin,Collégial,Instituteur,Éducation physique,3,4161,24,0,6
ENS205268,2015-2016,Casablanca-Settat,CAS,Mohammadia,Urbain,Féminin,Primaire,Professeur agrégé,Éducation physique,18,8520,19,0,10
ENS205269,2021-2022,Marrakech-Safi,MAR,Chichaoua,Rural,Masculin,Qualifiant,Professeur certifié,SVT,29,5774,18,1,0
ENS205270,2017-2018,Rabat-Salé-Kénitra,RAB,Kénitra,Urbain,Masculin,Primaire,Instituteur,Philosophie,20,5794,25,0,17
ENS205271,2020-2021,Tanger-Tétouan-Al Hoceïma,TAN,Al Hoceïma,Rural,Masculin,Collégial,Maître d'enseignement,Philosophie,8,5068,20,1,9
ENS205272,2020-2021,Casablanca-Settat,CAS,Settat,Rural,Masculin,Primaire,Professeur certifié,Physique-Chimie,9,5963,18,0,16
ENS205273,2018-2019,Béni Mellal-Khénifra,BMK,Béni Mellal,Urbain,Masculin,Primaire,Maître d'enseignement,Philosophie,27,6190,28,0,0
ENS205274,2020-2021,Fès-Meknès,FES,Taza,Urbain,Masculin,Primaire,Instituteur,SVT,24,4803,21,0,1
ENS205275,2020-2021,Casablanca-Settat,CAS,Khouribga,Urbain,Masculin,Qualifiant,Contractuel,Éducation islamique,1,4117,30,1,13
ENS205276,2016-2017,Rabat-Salé-Kénitra,RAB,Kénitra,Urbain,Féminin,Primaire,Contractuel,Physique-Chimie,6,4638,26,0,13
ENS205277,2023-2024,Marrakech-Safi,MAR,Youssoufia,Urbain,Féminin,Primaire,Professeur agrégé,Français,29,8492,21,0,6
ENS205278,2017-2018,Rabat-Salé-Kénitra,RAB,Kénitra,Rural,Féminin,Préscolaire,Professeur agrégé,Mathématiques,21,8191,29,1,0
ENS205279,2022-2023,Rabat-Salé-Kénitra,RAB,Rabat,Urbain,Masculin,Primaire,Instituteur,Sciences,15,4995,31,1,0
ENS205280,2019-2020,Tanger-Tétouan-Al Hoceïma,TAN,Fahs-Anjra,Rural,Masculin,Primaire,Instituteur,Anglais,20,5379,25,0,0
ENS205281,2016-2017,Casablanca-Settat,CAS,Sidi Bennour,Urbain,Féminin,Collégial,Instituteur,Français,22,3549,28,1,14
ENS205282,2015-2016,Souss-Massa,SOU,Inezgane-Ait Melloul,Rural,Masculin,Primaire,Contractuel,Sciences,1,4036,29,1,0
ENS205283,2019-2020,Fès-Meknès,FES,Moulay Yacoub,Urbain,Masculin,Primaire,Professeur agrégé,Arabe,3,9301,28,0,7
ENS205284,2016-2017,Oriental,ORI,Driouch,Rural,Féminin,Primaire,Professeur agrégé,Physique-Chimie,18,8337,21,1,0
ENS205285,2017-2018,Fès-Meknès,FES,Taza,Urbain,Masculin,Primaire,Professeur certifié,Mathématiques,17,7169,31,0,19
ENS205286,2018-2019,Casablanca-Settat,CAS,Khouribga,Urbain,Masculin,Primaire,Professeur agrégé,Éducation physique,12,8905,21,0,9
ENS205287,2019-2020,Fès-Meknès,FES,Moulay Yacoub,Urbain,Féminin,Qualifiant,Instituteur,Sciences,25,3967,20,0,7
ENS205288,2018-2019,Marrakech-Safi,MAR,Chichaoua,Rural,Masculin,Collégial,Instituteur,Arabe,4,4762,24,1,17
ENS205289,2017-2018,Fès-Meknès,FES,Fès,Urbain,Féminin,Qualifiant,Professeur certifié,Anglais,26,6167,27,1,0
ENS205290,2017-2018,Souss-Massa,SOU,Taroudannt,Rural,Masculin,Collégial,Vacataire,Philosophie,16,4492,30,0,22
ENS205291,2019-2020,Fès-Meknès,FES,Boulemane,Rural,Féminin,Collégial,Maître d'enseignement,Arabe,25,5864,21,1,21
ENS205292,2020-2021,Rabat-Salé-Kénitra,RAB,Khémisset,Rural,Féminin,Primaire,Professeur certifié,Philosophie,22,5793,24,1,19
ENS205293,2023-2024,Marrakech-Safi,MAR,El Kelaa des Sraghna,Rural,Féminin,Primaire,Maître d'enseignement,Mathématiques,32,5291,22,0,12
ENS205294,2016-2017,Casablanca-Settat,CAS,Berrechid,Rural,Féminin,Primaire,Maître d'enseignement,Anglais,23,5997,20,1,8
ENS205295,2020-2021,Marrakech-Safi,MAR,Safi,Rural,Féminin,Collégial,Professeur agrégé,Anglais,22,8034,18,0,0
ENS205296,2022-2023,Souss-Massa,SOU,Tiznit,Urbain,Féminin,Primaire,Professeur certifié,Sciences,19,6669,24,0,0
ENS205297,2016-2017,Marrakech-Safi,MAR,Marrakech,Urbain,Masculin,Primaire,Professeur agrégé,Français,1,8856,21,1,11
ENS205298,2020-2021,Casablanca-Settat,CAS,Berrechid,Rural,Féminin,Primaire,Instituteur,Anglais,34,4572,27,0,13
ENS205299,2019-2020,Fès-Meknès,FES,Taza,Urbain,Féminin,Primaire,Professeur agrégé,SVT,16,9301,30,1,0
ENS205300,2019-2020,Béni Mellal-Khénifra,BMK,Béni Mellal,Rural,Masculin,Primaire,Instituteur,Histoire-Géo,29,4171,18,0,18
ENS205301,2019-2020,Béni Mellal-Khénifra,BMK,Azilal,Urbain,Masculin,Primaire,Maître d'enseignement,Arabe,20,4288,29,1,0
ENS205302,2023-2024,Béni Mellal-Khénifra,BMK,Fquih Ben Salah,Urbain,Masculin,Collégial,Instituteur,SVT,31,4984,22,0,0
ENS205303,2022-2023,Casablanca-Settat,CAS,Khouribga,Urbain,Masculin,Préscolaire,Instituteur,Éducation islamique,12,5102,24,0,16
ENS205304,2015-2016,Souss-Massa,SOU,Agadir-Ida-Ou-Tanane,Rural,Féminin,Collégial,Professeur certifié,Éducation islamique,32,6573,18,0,0
ENS205305,2023-2024,Fès-Meknès,FES,Taounate,Urbain,Féminin,Primaire,Contractuel,Mathématiques,7,5613,19,1,11
ENS205306,2015-2016,Tanger-Tétouan-Al Hoceïma,TAN,Ouazzane,Urbain,Féminin,Collégial,Instituteur,Physique-Chimie,6,4783,29,1,0
ENS205307,2023-2024,Béni Mellal-Khénifra,BMK,Béni Mellal,Rural,Féminin,Primaire,Maître d'enseignement,Physique-Chimie,18,6841,28,0,0
ENS205308,2020-2021,Tanger-Tétouan-Al Hoceïma,TAN,Tétouan,Urbain,Féminin,Collégial,Instituteur,Mathématiques,31,3645,27,0,23
ENS205309,2015-2016,Rabat-Salé-Kénitra,RAB,Khémisset,Rural,Masculin,Collégial,Professeur certifié,Éducation islamique,28,5677,27,0,7
ENS205310,2021-2022,Casablanca-Settat,CAS,Sidi Bennour,Urbain,Féminin,Collégial,Professeur certifié,Éducation islamique,17,6768,31,0,0
ENS205311,2017-2018,Marrakech-Safi,MAR,Al Haouz,Rural,Masculin,Qualifiant,Professeur certifié,Arabe,17,6207,19,0,0
ENS205312,2020-2021,Béni Mellal-Khénifra,BMK,El Kelaa des Sraghna,Rural,Masculin,Primaire,Professeur agrégé,SVT,2,9666,24,1,0
ENS205313,2023-2024,Béni Mellal-Khénifra,BMK,El Kelaa des Sraghna,Urbain,Féminin,Primaire,Professeur certifié,Arabe,3,6465,27,0,9
ENS205314,2016-2017,Rabat-Salé-Kénitra,RAB,Salé,Rural,Masculin,Collégial,Professeur certifié,Histoire-Géo,2,6871,23,1,0
ENS205315,2021-2022,Tanger-Tétouan-Al Hoceïma,TAN,Al Hoceïma,Rural,Féminin,Qualifiant,Contractuel,Sciences,7,2781,27,0,0
ENS205316,2015-2016,Casablanca-Settat,CAS,Berrechid,Rural,Masculin,Qualifiant,Professeur certifié,Français,5,6742,30,0,0
ENS205317,2021-2022,Rabat-Salé-Kénitra,RAB,Sidi Slimane,Rural,Féminin,Primaire,Professeur agrégé,Histoire-Géo,17,8659,22,1,17
ENS205318,2016-2017,Marrakech-Safi,MAR,Safi,Rural,Masculin,Primaire,Professeur certifié,Éducation physique,29,6855,29,0,20
ENS205319,2022-2023,Souss-Massa,SOU,Agadir-Ida-Ou-Tanane,Rural,Masculin,Qualifiant,Professeur certifié,Anglais,11,7564,20,0,3
ENS205320,2017-2018,Souss-Massa,SOU,Inezgane-Ait Melloul,Rural,Féminin,Primaire,Professeur certifié,Sciences,10,5884,20,1,4
ENS205321,2015-2016,Casablanca-Settat,CAS,Berrechid,Urbain,Féminin,Primaire,Instituteur,Anglais,17,3889,24,0,3
ENS205322,2017-2018,Marrakech-Safi,MAR,Al Haouz,Urbain,Féminin,Primaire,Maître d'enseignement,Éducation physique,8,5176,20,0,3
ENS205323,2022-2023,Casablanca-Settat,CAS,Settat,Rural,Masculin,Collégial,Instituteur,Philosophie,16,5111,25,0,13
ENS205324,2023-2024,Casablanca-Settat,CAS,Sidi Bennour,Urbain,Masculin,Qualifiant,Professeur agrégé,Arabe,30,8806,18,1,0
ENS205325,2023-2024,Tanger-Tétouan-Al Hoceïma,TAN,Larache,Rural,Féminin,Collégial,Professeur agrégé,Français,11,9360,30,1,0
ENS205326,2019-2020,Tanger-Tétouan-Al Hoceïma,TAN,Larache,Rural,Féminin,Collégial,Professeur certifié,Anglais,16,5602,21,0,19
ENS205327,2015-2016,Drâa-Tafilalet,DRA,Zagora,Urbain,Féminin,Primaire,Contractuel,Français,21,5278,31,1,0
ENS205328,2020-2021,Casablanca-Settat,CAS,Mohammadia,Urbain,Masculin,Primaire,Maître d'enseignement,Éducation islamique,21,6866,19,0,21
ENS205329,2019-2020,Casablanca-Settat,CAS,Sidi Bennour,Urbain,Masculin,Primaire,Professeur agrégé,Physique-Chimie,31,7931,21,1,15
ENS205330,2021-2022,Casablanca-Settat,CAS,El Jadida,Rural,Féminin,Primaire,Instituteur,Éducation islamique,34,5053,25,1,21
ENS205331,2015-2016,Casablanca-Settat,CAS,Settat,Urbain,Féminin,Collégial,Professeur certifié,Histoire-Géo,27,6287,30,0,0
ENS205332,2017-2018,Rabat-Salé-Kénitra,RAB,Kénitra,Rural,Masculin,Primaire,Instituteur,Physique-Chimie,23,4926,31,0,0
ENS205333,2020-2021,Souss-Massa,SOU,Chtouka-Ait Baha,Rural,Féminin,Primaire,Professeur certifié,SVT,34,5799,29,0,0
ENS205334,2020-2021,Casablanca-Settat,CAS,Benslimane,Urbain,Féminin,Qualifiant,Instituteur,Anglais,11,5151,24,1,5
ENS205335,2023-2024,Rabat-Salé-Kénitra,RAB,Khémisset,Urbain,Féminin,Collégial,Professeur certifié,Éducation islamique,7,6205,18,1,0
ENS205336,2020-2021,Fès-Meknès,FES,El Hajeb,Urbain,Féminin,Collégial,Maître d'enseignement,Histoire-Géo,24,5758,22,1,7
ENS205337,2015-2016,Béni Mellal-Khénifra,BMK,Khouribga,Rural,Féminin,Primaire,Professeur certifié,Éducation physique,6,6375,19,0,9
ENS205338,2018-2019,Tanger-Tétouan-Al Hoceïma,TAN,Mdiq-Fnideq,Urbain,Masculin,Collégial,Instituteur,Mathématiques,6,3874,22,0,18
ENS205339,2020-2021,Souss-Massa,SOU,Tiznit,Urbain,Féminin,Collégial,Professeur certifié,Anglais,10,6811,22,0,18
ENS205340,2016-2017,Drâa-Tafilalet,DRA,Zagora,Rural,Masculin,Collégial,Contractuel,Anglais,29,3510,25,1,6
ENS205341,2018-2019,Fès-Meknès,FES,Moulay Yacoub,Urbain,Féminin,Primaire,Instituteur,Français,32,5402,19,0,24
ENS205342,2022-2023,Fès-Meknès,FES,Fès,Rural,Féminin,Primaire,Contractuel,Éducation physique,9,5713,19,0,19
ENS205343,2016-2017,Laâyoune-Sakia El Hamra,LAA,Boujdour,Urbain,Masculin,Qualifiant,Contractuel,Éducation physique,16,3803,21,1,19
ENS205344,2021-2022,Marrakech-Safi,MAR,El Kelaa des Sraghna,Urbain,Masculin,Primaire,Instituteur,Sciences,24,5105,30,0,16
ENS205345,2015-2016,Marrakech-Safi,MAR,Youssoufia,Rural,Féminin,Collégial,Instituteur,SVT,16,5287,26,0,14
ENS205346,2021-2022,Guelmim-Oued Noun,GUE,Tan-Tan,Rural,Masculin,Collégial,Instituteur,Mathématiques,25,4672,26,0,10
ENS205347,2020-2021,Oriental,ORI,Figuig,Rural,Féminin,Qualifiant,Contractuel,Histoire-Géo,15,3914,18,0,22
ENS205348,2023-2024,Tanger-Tétouan-Al Hoceïma,TAN,Fahs-Anjra,Urbain,Masculin,Collégial,Professeur certifié,Arabe,19,5113,29,1,17
ENS205349,2017-2018,Drâa-Tafilalet,DRA,Midelt,Urbain,Féminin,Primaire,Maître d'enseignement,Philosophie,21,4638,23,1,20
ENS205350,2015-2016,Souss-Massa,SOU,Inezgane-Ait Melloul,Urbain,Féminin,Primaire,Instituteur,Sciences,17,4626,20,0,14
ENS205351,2021-2022,Casablanca-Settat,CAS,Benslimane,Rural,Masculin,Primaire,Professeur certifié,Éducation physique,8,8224,23,0,21
ENS205352,2019-2020,Fès-Meknès,FES,Taounate,Urbain,Masculin,Qualifiant,Professeur certifié,Français,15,7238,24,0,15
ENS205353,2017-2018,Casablanca-Settat,CAS,Casablanca,Urbain,Féminin,Primaire,Instituteur,Anglais,23,5177,23,1,7
ENS205354,2023-2024,Casablanca-Settat,CAS,Berrechid,Urbain,Féminin,Collégial,Maître d'enseignement,Mathématiques,22,5285,25,0,15
ENS205355,2017-2018,Drâa-Tafilalet,DRA,Midelt,Urbain,Masculin,Qualifiant,Professeur certifié,Physique-Chimie,29,5976,20,1,2
ENS205356,2020-2021,Tanger-Tétouan-Al Hoceïma,TAN,Al Hoceïma,Rural,Masculin,Primaire,Instituteur,Éducation islamique,28,5783,29,0,0
ENS205357,2020-2021,Tanger-Tétouan-Al Hoceïma,TAN,Fahs-Anjra,Rural,Féminin,Collégial,Maître d'enseignement,SVT,10,4898,22,1,0
ENS205358,2016-2017,Oriental,ORI,Guercif,Rural,Masculin,Collégial,Professeur agrégé,Français,27,7350,31,0,24
ENS205359,2018-2019,Drâa-Tafilalet,DRA,Zagora,Urbain,Masculin,Primaire,Professeur agrégé,Éducation islamique,8,7476,23,1,16
ENS205360,2015-2016,Marrakech-Safi,MAR,Marrakech,Urbain,Féminin,Primaire,Instituteur,Français,34,4714,26,0,15
ENS205361,2023-2024,Casablanca-Settat,CAS,Casablanca,Urbain,Féminin,Primaire,Professeur certifié,Sciences,32,3885,20,0,3
ENS205362,2016-2017,Tanger-Tétouan-Al Hoceïma,TAN,Tanger-Assilah,Urbain,Masculin,Primaire,Instituteur,Mathématiques,8,4979,23,0,23
ENS205363,2022-2023,Tanger-Tétouan-Al Hoceïma,TAN,Chefchaouen,Rural,Féminin,Primaire,Professeur certifié,Physique-Chimie,29,6558,27,0,0
ENS205364,2016-2017,Rabat-Salé-Kénitra,RAB,Salé,Urbain,Masculin,Primaire,Professeur agrégé,SVT,28,8633,18,1,9
ENS205365,2019-2020,Fès-Meknès,FES,Taounate,Rural,Féminin,Primaire,Instituteur,Éducation physique,15,4661,27,1,17
ENS205366,2019-2020,Casablanca-Settat,CAS,Khouribga,Urbain,Masculin,Primaire,Contractuel,Philosophie,2,4921,28,1,1
ENS205367,2021-2022,Rabat-Salé-Kénitra,RAB,Sidi Slimane,Urbain,Féminin,Qualifiant,Contractuel,Physique-Chimie,22,3610,30,0,0
ENS205368,2016-2017,Marrakech-Safi,MAR,El Kelaa des Sraghna,Urbain,Féminin,Collégial,Contractuel,Histoire-Géo,27,5321,25,0,7
ENS205369,2020-2021,Casablanca-Settat,CAS,Sidi Bennour,Rural,Masculin,Qualifiant,Instituteur,Éducation physique,10,4122,20,1,19
ENS205370,2015-2016,Souss-Massa,SOU,Tata,Rural,Masculin,Primaire,Professeur agrégé,SVT,33,8932,21,1,8
ENS205371,2023-2024,Casablanca-Settat,CAS,Berrechid,Urbain,Masculin,Préscolaire,Professeur agrégé,SVT,16,9469,18,1,8
ENS205372,2020-2021,Oriental,ORI,Nador,Urbain,Féminin,Collégial,Vacataire,Physique-Chimie,4,2999,18,0,22
ENS205373,2019-2020,Fès-Meknès,FES,Meknès,Rural,Féminin,Qualifiant,Instituteur,Mathématiques,23,4406,31,1,15
ENS205374,2023-2024,Casablanca-Settat,CAS,Benslimane,Urbain,Masculin,Collégial,Professeur certifié,Français,13,6566,23,1,0
ENS205375,2017-2018,Tanger-Tétouan-Al Hoceïma,TAN,Larache,Urbain,Féminin,Qualifiant,Contractuel,Philosophie,2,4384,27,1,16
ENS205376,2021-2022,Casablanca-Settat,CAS,Settat,Rural,Masculin,Qualifiant,Contractuel,Anglais,1,2725,20,0,0
ENS205377,2017-2018,Drâa-Tafilalet,DRA,Zagora,Urbain,Féminin,Collégial,Maître d'enseignement,Histoire-Géo,33,5874,24,0,0
ENS205378,2017-2018,Oriental,ORI,Oujda-Angad,Rural,Masculin,Collégial,Maître d'enseignement,Histoire-Géo,15,5267,19,0,3
ENS205379,2022-2023,Fès-Meknès,FES,Fès,Urbain,Masculin,Qualifiant,Instituteur,Philosophie,4,3826,30,0,10
ENS205380,2022-2023,Rabat-Salé-Kénitra,RAB,Sidi Kacem,Rural,Masculin,Collégial,Professeur certifié,Physique-Chimie,34,6911,24,0,8
ENS205381,2023-2024,Rabat-Salé-Kénitra,RAB,Khémisset,Urbain,Féminin,Primaire,Professeur certifié,Arabe,6,6016,29,0,15
ENS205382,2019-2020,Souss-Massa,SOU,Inezgane-Ait Melloul,Rural,Masculin,Primaire,Professeur certifié,Français,16,6963,18,0,11
ENS205383,2018-2019,Marrakech-Safi,MAR,Chichaoua,Urbain,Masculin,Primaire,Professeur agrégé,Sciences,25,8591,23,0,12
ENS205384,2021-2022,Oriental,ORI,Berkane,Rural,Masculin,Collégial,Instituteur,Français,5,5052,23,0,0
ENS205385,2017-2018,Souss-Massa,SOU,Chtouka-Ait Baha,Urbain,Féminin,Primaire,Professeur agrégé,Histoire-Géo,1,10433,26,0,11
ENS205386,2018-2019,Oriental,ORI,Guercif,Rural,Masculin,Qualifiant,Professeur agrégé,Français,4,9343,19,0,17
ENS205387,2018-2019,Fès-Meknès,FES,Fès,Urbain,Féminin,Collégial,Vacataire,Sciences,3,2230,18,0,0
ENS205388,2016-2017,Souss-Massa,SOU,Chtouka-Ait Baha,Urbain,Masculin,Collégial,Instituteur,Physique-Chimie,1,5525,20,0,14
ENS205389,2021-2022,Souss-Massa,SOU,Taroudannt,Rural,Féminin,Primaire,Instituteur,Éducation physique,20,3699,20,0,15
ENS205390,2021-2022,Drâa-Tafilalet,DRA,Midelt,Urbain,Masculin,Qualifiant,Professeur agrégé,Histoire-Géo,4,8816,30,1,0
ENS205391,2021-2022,Tanger-Tétouan-Al Hoceïma,TAN,Tétouan,Urbain,Masculin,Primaire,Instituteur,Physique-Chimie,28,5361,20,1,7
ENS205392,2019-2020,Oriental,ORI,Jerada,Rural,Féminin,Collégial,Professeur certifié,Sciences,23,6210,29,0,0
ENS205393,2021-2022,Casablanca-Settat,CAS,Settat,Urbain,Masculin,Primaire,Instituteur,Éducation physique,7,5504,26,1,2
ENS205394,2017-2018,Marrakech-Safi,MAR,Chichaoua,Urbain,Masculin,Qualifiant,Contractuel,Éducation physique,2,4806,25,1,23
ENS205395,2016-2017,Souss-Massa,SOU,Tiznit,Urbain,Féminin,Qualifiant,Professeur certifié,Arabe,4,6835,28,1,3
ENS205396,2015-2016,Fès-Meknès,FES,Taounate,Urbain,Féminin,Primaire,Contractuel,Physique-Chimie,18,5446,21,0,24
ENS205397,2021-2022,Rabat-Salé-Kénitra,RAB,Kénitra,Rural,Féminin,Collégial,Contractuel,Mathématiques,5,4261,18,0,19
ENS205398,2017-2018,Tanger-Tétouan-Al Hoceïma,TAN,Larache,Urbain,Féminin,Collégial,Contractuel,Physique-Chimie,23,3373,28,1,16
ENS205399,2016-2017,Oriental,ORI,Taourirt,Urbain,Féminin,Primaire,Professeur certifié,Sciences,26,6519,28,1,6
ENS205400,2016-2017,Fès-Meknès,FES,Moulay Yacoub,Urbain,Féminin,Primaire,Maître d'enseignement,Éducation islamique,17,5271,23,0,11
ENS205401,2015-2016,Fès-Meknès,FES,Fès,Rural,Féminin,Collégial,Professeur certifié,Sciences,17,6597,31,1,10
ENS205402,2015-2016,Tanger-Tétouan-Al Hoceïma,TAN,Mdiq-Fnideq,Rural,Masculin,Qualifiant,Professeur certifié,Physique-Chimie,32,6395,21,1,3
ENS205403,2018-2019,Fès-Meknès,FES,Taza,Rural,Masculin,Primaire,Professeur certifié,Arabe,15,6251,30,0,0
ENS205404,2020-2021,Fès-Meknès,FES,Meknès,Urbain,Masculin,Collégial,Contractuel,Arabe,24,3744,29,1,0
ENS205405,2020-2021,Marrakech-Safi,MAR,Al Haouz,Urbain,Féminin,Primaire,Maître d'enseignement,Mathématiques,22,5935,27,0,0
ENS205406,2016-2017,Tanger-Tétouan-Al Hoceïma,TAN,Ouazzane,Rural,Féminin,Primaire,Vacataire,Histoire-Géo,24,2698,18,1,0
ENS205407,2015-2016,Oriental,ORI,Figuig,Rural,Masculin,Primaire,Professeur certifié,Éducation physique,14,6588,29,1,0
ENS205408,2015-2016,Drâa-Tafilalet,DRA,Midelt,Urbain,Féminin,Collégial,Professeur certifié,Sciences,20,7112,19,0,19
ENS205409,2018-2019,Rabat-Salé-Kénitra,RAB,Kénitra,Urbain,Masculin,Primaire,Maître d'enseignement,SVT,28,5824,31,0,5
ENS205410,2023-2024,Fès-Meknès,FES,Taza,Rural,Féminin,Qualifiant,Vacataire,Éducation islamique,4,3392,24,1,11
ENS205411,2022-2023,Guelmim-Oued Noun,GUE,Sidi Ifni,Urbain,Féminin,Collégial,Instituteur,Français,23,4686,23,1,0
ENS205412,2020-2021,Casablanca-Settat,CAS,El Jadida,Urbain,Masculin,Collégial,Instituteur,Anglais,25,4641,25,1,21
ENS205413,2023-2024,Béni Mellal-Khénifra,BMK,Azilal,Rural,Féminin,Qualifiant,Professeur certifié,Éducation islamique,21,7225,27,0,19
ENS205414,2020-2021,Tanger-Tétouan-Al Hoceïma,TAN,Fahs-Anjra,Urbain,Masculin,Primaire,Professeur agrégé,Arabe,17,9056,18,1,0
ENS205415,2017-2018,Fès-Meknès,FES,Taza,Rural,Masculin,Primaire,Professeur agrégé,Physique-Chimie,27,7163,29,0,23
ENS205416,2018-2019,Drâa-Tafilalet,DRA,Tinghir,Urbain,Féminin,Qualifiant,Instituteur,Physique-Chimie,29,3807,20,0,7
ENS205417,2022-2023,Béni Mellal-Khénifra,BMK,Béni Mellal,Rural,Masculin,Primaire,Maître d'enseignement,Anglais,33,5175,23,1,19
ENS205418,2022-2023,Dakhla-Oued Eddahab,DAK,Aousserd,Urbain,Masculin,Primaire,Vacataire,Arabe,14,2617,23,1,0
ENS205419,2018-2019,Tanger-Tétouan-Al Hoceïma,TAN,Larache,Urbain,Féminin,Collégial,Maître d'enseignement,Sciences,26,5241,24,1,16
ENS205420,2019-2020,Béni Mellal-Khénifra,BMK,Béni Mellal,Rural,Masculin,Primaire,Professeur certifié,Mathématiques,20,7361,26,0,0
ENS205421,2020-2021,Tanger-Tétouan-Al Hoceïma,TAN,Chefchaouen,Rural,Féminin,Collégial,Professeur certifié,Éducation islamique,15,6449,23,0,21
ENS205422,2019-2020,Béni Mellal-Khénifra,BMK,El Kelaa des Sraghna,Rural,Masculin,Primaire,Instituteur,Philosophie,23,5812,31,0,18
ENS205423,2021-2022,Béni Mellal-Khénifra,BMK,El Kelaa des Sraghna,Rural,Féminin,Primaire,Instituteur,Éducation islamique,12,4600,29,0,6
ENS205424,2017-2018,Souss-Massa,SOU,Tiznit,Urbain,Masculin,Collégial,Vacataire,Mathématiques,24,2760,18,1,6
ENS205425,2022-2023,Fès-Meknès,FES,Fès,Urbain,Féminin,Primaire,Instituteur,Éducation islamique,12,4963,30,1,22
ENS205426,2016-2017,Casablanca-Settat,CAS,Casablanca,Rural,Masculin,Qualifiant,Contractuel,Histoire-Géo,25,4015,25,0,0
ENS205427,2023-2024,Fès-Meknès,FES,Ifrane,Urbain,Féminin,Primaire,Instituteur,Physique-Chimie,16,4703,30,0,0
ENS205428,2023-2024,Rabat-Salé-Kénitra,RAB,Skhirate-Témara,Urbain,Masculin,Collégial,Instituteur,Éducation physique,24,4727,22,0,0
ENS205429,2021-2022,Casablanca-Settat,CAS,Sidi Bennour,Rural,Féminin,Primaire,Professeur certifié,Philosophie,24,6447,18,0,0
ENS205430,2019-2020,Tanger-Tétouan-Al Hoceïma,TAN,Al Hoceïma,Urbain,Masculin,Qualifiant,Instituteur,SVT,10,3893,18,0,0
ENS205431,2017-2018,Oriental,ORI,Berkane,Rural,Masculin,Primaire,Professeur agrégé,SVT,4,9193,30,0,19
ENS205432,2016-2017,Rabat-Salé-Kénitra,RAB,Rabat,Rural,Féminin,Collégial,Professeur agrégé,Mathématiques,11,9073,28,0,22
ENS205433,2020-2021,Souss-Massa,SOU,Tiznit,Urbain,Masculin,Préscolaire,Professeur certifié,Mathématiques,28,6171,30,0,0
ENS205434,2023-2024,Casablanca-Settat,CAS,Berrechid,Urbain,Féminin,Primaire,Professeur certifié,Anglais,24,6365,24,1,23
ENS205435,2021-2022,Casablanca-Settat,CAS,Khouribga,Rural,Féminin,Collégial,Professeur certifié,Sciences,10,5660,24,0,0
ENS205436,2019-2020,Casablanca-Settat,CAS,Casablanca,Rural,Féminin,Qualifiant,Contractuel,Éducation physique,14,4729,24,1,0
ENS205437,2021-2022,Casablanca-Settat,CAS,Sidi Bennour,Urbain,Féminin,Collégial,Professeur certifié,Histoire-Géo,28,7063,18,0,20
ENS205438,2020-2021,Fès-Meknès,FES,Taounate,Urbain,Masculin,Primaire,Professeur certifié,Anglais,22,6778,31,0,13
ENS205439,2020-2021,Casablanca-Settat,CAS,Benslimane,Urbain,Masculin,Collégial,Professeur certifié,Sciences,17,7364,21,0,0
ENS205440,2017-2018,Marrakech-Safi,MAR,Marrakech,Rural,Féminin,Primaire,Instituteur,Philosophie,22,4032,22,1,7
ENS205441,2016-2017,Rabat-Salé-Kénitra,RAB,Kénitra,Urbain,Féminin,Qualifiant,Professeur agrégé,Sciences,22,8911,24,0,12
ENS205442,2021-2022,Rabat-Salé-Kénitra,RAB,Salé,Urbain,Masculin,Primaire,Professeur certifié,Éducation physique,4,5760,22,1,0
ENS205443,2023-2024,Tanger-Tétouan-Al Hoceïma,TAN,Chefchaouen,Urbain,Féminin,Primaire,Professeur certifié,Histoire-Géo,25,6582,22,1,10
ENS205444,2016-2017,Souss-Massa,SOU,Taroudannt,Rural,Féminin,Collégial,Contractuel,SVT,8,4281,26,1,0
ENS205445,2021-2022,Tanger-Tétouan-Al Hoceïma,TAN,Mdiq-Fnideq,Rural,Masculin,Collégial,Vacataire,Histoire-Géo,1,2758,20,1,0
ENS205446,2015-2016,Casablanca-Settat,CAS,Casablanca,Rural,Masculin,Qualifiant,Maître d'enseignement,Mathématiques,7,6430,29,0,15
ENS205447,2016-2017,Tanger-Tétouan-Al Hoceïma,TAN,Chefchaouen,Rural,Masculin,Primaire,Professeur certifié,Sciences,14,6817,26,1,21
ENS205448,2019-2020,Souss-Massa,SOU,Agadir-Ida-Ou-Tanane,Rural,Féminin,Primaire,Maître d'enseignement,Éducation islamique,12,6135,22,0,13
ENS205449,2022-2023,Casablanca-Settat,CAS,Settat,Rural,Féminin,Primaire,Professeur certifié,Philosophie,9,6871,26,1,9
ENS205450,2017-2018,Souss-Massa,SOU,Tata,Urbain,Masculin,Qualifiant,Vacataire,Sciences,9,3158,25,0,0
ENS205451,2016-2017,Casablanca-Settat,CAS,Settat,Urbain,Féminin,Primaire,Instituteur,Sciences,15,5427,29,0,6
ENS205452,2023-2024,Casablanca-Settat,CAS,Sidi Bennour,Urbain,Masculin,Collégial,Professeur certifié,Sciences,20,6659,19,1,17
ENS205453,2022-2023,Rabat-Salé-Kénitra,RAB,Kénitra,Urbain,Féminin,Collégial,Vacataire,SVT,8,2414,31,0,10
ENS205454,2020-2021,Oriental,ORI,Guercif,Urbain,Féminin,Primaire,Contractuel,Sciences,25,3638,30,1,8
ENS205455,2017-2018,Casablanca-Settat,CAS,Settat,Urbain,Masculin,Collégial,Professeur agrégé,Éducation islamique,24,9111,21,1,0
ENS205456,2015-2016,Fès-Meknès,FES,Boulemane,Urbain,Masculin,Primaire,Professeur certifié,Philosophie,19,6868,26,1,5
ENS205457,2018-2019,Casablanca-Settat,CAS,Casablanca,Rural,Masculin,Primaire,Instituteur,Éducation islamique,12,4908,19,0,4
ENS205458,2015-2016,Rabat-Salé-Kénitra,RAB,Skhirate-Témara,Rural,Féminin,Primaire,Vacataire,SVT,8,2564,22,1,23
ENS205459,2015-2016,Rabat-Salé-Kénitra,RAB,Skhirate-Témara,Urbain,Masculin,Collégial,Instituteur,Anglais,7,3954,27,0,14
ENS205460,2018-2019,Drâa-Tafilalet,DRA,Midelt,Urbain,Féminin,Primaire,Contractuel,Français,26,4105,22,1,15
ENS205461,2023-2024,Casablanca-Settat,CAS,Settat,Rural,Féminin,Primaire,Professeur certifié,Histoire-Géo,25,6224,19,1,0
ENS205462,2017-2018,Fès-Meknès,FES,Fès,Urbain,Féminin,Primaire,Professeur certifié,Français,26,6431,25,1,7
ENS205463,2015-2016,Oriental,ORI,Guercif,Rural,Masculin,Qualifiant,Contractuel,Français,19,4372,21,1,0
ENS205464,2021-2022,Rabat-Salé-Kénitra,RAB,Skhirate-Témara,Rural,Masculin,Primaire,Professeur agrégé,SVT,20,8674,27,1,19
ENS205465,2022-2023,Casablanca-Settat,CAS,Mohammadia,Rural,Masculin,Primaire,Professeur certifié,Éducation islamique,2,5279,25,0,19
ENS205466,2023-2024,Souss-Massa,SOU,Tiznit,Urbain,Masculin,Primaire,Professeur agrégé,Éducation physique,31,9171,26,0,13
ENS205467,2023-2024,Casablanca-Settat,CAS,El Jadida,Rural,Masculin,Primaire,Professeur certifié,Sciences,24,6452,18,1,22
ENS205468,2022-2023,Marrakech-Safi,MAR,Safi,Urbain,Féminin,Primaire,Instituteur,Physique-Chimie,8,5217,19,0,8
ENS205469,2020-2021,Souss-Massa,SOU,Tata,Urbain,Masculin,Préscolaire,Professeur agrégé,Français,4,6550,26,0,0
ENS205470,2019-2020,Rabat-Salé-Kénitra,RAB,Salé,Urbain,Féminin,Collégial,Professeur certifié,Mathématiques,27,6992,18,1,16
ENS205471,2018-2019,Tanger-Tétouan-Al Hoceïma,TAN,Mdiq-Fnideq,Urbain,Féminin,Préscolaire,Professeur agrégé,Mathématiques,23,8298,28,1,13
ENS205472,2017-2018,Fès-Meknès,FES,Taza,Rural,Masculin,Primaire,Instituteur,Éducation physique,19,4192,28,0,1
ENS205473,2016-2017,Marrakech-Safi,MAR,Youssoufia,Urbain,Masculin,Primaire,Professeur certifié,Histoire-Géo,4,6525,20,1,0
ENS205474,2017-2018,Casablanca-Settat,CAS,Sidi Bennour,Rural,Masculin,Collégial,Professeur agrégé,Éducation physique,24,9017,24,1,10
ENS205475,2015-2016,Tanger-Tétouan-Al Hoceïma,TAN,Larache,Rural,Féminin,Primaire,Professeur agrégé,Histoire-Géo,7,8484,28,1,0
ENS205476,2020-2021,Casablanca-Settat,CAS,Mohammadia,Rural,Masculin,Collégial,Contractuel,Anglais,31,3716,31,0,4
ENS205477,2020-2021,Fès-Meknès,FES,Fès,Urbain,Masculin,Primaire,Professeur agrégé,Anglais,12,8097,24,1,14
ENS205478,2017-2018,Rabat-Salé-Kénitra,RAB,Khémisset,Rural,Féminin,Primaire,Professeur certifié,Français,34,7183,28,1,11
ENS205479,2015-2016,Fès-Meknès,FES,Taounate,Rural,Féminin,Primaire,Professeur certifié,Éducation physique,2,6695,22,0,14
ENS205480,2017-2018,Rabat-Salé-Kénitra,RAB,Skhirate-Témara,Urbain,Masculin,Primaire,Professeur certifié,Arabe,20,6866,26,0,3
ENS205481,2017-2018,Rabat-Salé-Kénitra,RAB,Sidi Kacem,Rural,Féminin,Primaire,Vacataire,SVT,16,3121,30,1,0
ENS205482,2023-2024,Souss-Massa,SOU,Tata,Urbain,Féminin,Qualifiant,Professeur certifié,Anglais,14,7456,26,0,12
ENS205483,2017-2018,Marrakech-Safi,MAR,Al Haouz,Urbain,Féminin,Primaire,Instituteur,Physique-Chimie,30,3837,25,0,16
ENS205484,2017-2018,Marrakech-Safi,MAR,Chichaoua,Urbain,Féminin,Primaire,Instituteur,Mathématiques,5,5122,29,1,17
ENS205485,2017-2018,Béni Mellal-Khénifra,BMK,Fquih Ben Salah,Urbain,Masculin,Primaire,Maître d'enseignement,Éducation islamique,25,5340,21,0,21
ENS205486,2018-2019,Casablanca-Settat,CAS,Settat,Rural,Féminin,Collégial,Contractuel,Français,30,3404,24,1,6
ENS205487,2017-2018,Drâa-Tafilalet,DRA,Tinghir,Urbain,Masculin,Collégial,Professeur certifié,Français,22,7340,21,0,5
ENS205488,2016-2017,Marrakech-Safi,MAR,Youssoufia,Rural,Masculin,Collégial,Instituteur,Sciences,21,4548,28,1,18
ENS205489,2019-2020,Rabat-Salé-Kénitra,RAB,Kénitra,Rural,Masculin,Primaire,Professeur certifié,Éducation physique,3,6166,24,0,16
ENS205490,2020-2021,Tanger-Tétouan-Al Hoceïma,TAN,Tanger-Assilah,Urbain,Masculin,Primaire,Professeur certifié,Anglais,4,7251,31,0,2
ENS205491,2023-2024,Dakhla-Oued Eddahab,DAK,Aousserd,Urbain,Masculin,Qualifiant,Professeur certifié,Philosophie,28,7102,24,0,2
ENS205492,2019-2020,Rabat-Salé-Kénitra,RAB,Skhirate-Témara,Rural,Masculin,Collégial,Professeur certifié,Éducation islamique,15,6504,27,0,1
ENS205493,2022-2023,Fès-Meknès,FES,Boulemane,Rural,Féminin,Primaire,Professeur certifié,SVT,17,5417,29,0,2
ENS205494,2020-2021,Casablanca-Settat,CAS,Benslimane,Urbain,Masculin,Primaire,Instituteur,Français,34,5055,18,0,21
ENS205495,2015-2016,Marrakech-Safi,MAR,Safi,Rural,Féminin,Primaire,Maître d'enseignement,Philosophie,15,5109,27,0,11
ENS205496,2016-2017,Oriental,ORI,Jerada,Rural,Masculin,Primaire,Contractuel,Anglais,28,3350,21,0,22
ENS205497,2018-2019,Fès-Meknès,FES,Ifrane,Rural,Masculin,Primaire,Professeur agrégé,Sciences,19,8354,18,0,12
ENS205498,2019-2020,Marrakech-Safi,MAR,Essaouira,Urbain,Féminin,Primaire,Maître d'enseignement,Histoire-Géo,33,5166,18,1,23
ENS205499,2020-2021,Marrakech-Safi,MAR,Al Haouz,Urbain,Masculin,Collégial,Contractuel,Arabe,3,3722,18,0,22
ENS205500,2016-2017,Marrakech-Safi,MAR,Essaouira,Rural,Masculin,Collégial,Professeur certifié,Sciences,22,5241,20,1,7
ENS205501,2019-2020,Rabat-Salé-Kénitra,RAB,Sidi Kacem,Urbain,Masculin,Collégial,Professeur certifié,Arabe,24,7453,26,0,12
ENS205502,2022-2023,Casablanca-Settat,CAS,Sidi Bennour,Urbain,Masculin,Primaire,Professeur agrégé,Mathématiques,19,8887,28,0,16
ENS205503,2015-2016,Souss-Massa,SOU,Taroudannt,Urbain,Masculin,Primaire,Maître d'enseignement,Sciences,7,6244,18,0,0
ENS205504,2018-2019,Tanger-Tétouan-Al Hoceïma,TAN,Tanger-Assilah,Rural,Féminin,Qualifiant,Professeur certifié,Physique-Chimie,30,6430,19,0,19
ENS205505,2015-2016,Marrakech-Safi,MAR,Essaouira,Urbain,Féminin,Primaire,Instituteur,Arabe,23,4659,30,1,0
ENS205506,2019-2020,Rabat-Salé-Kénitra,RAB,Khémisset,Rural,Féminin,Primaire,Professeur agrégé,Philosophie,30,8558,30,1,0
ENS205507,2020-2021,Fès-Meknès,FES,El Hajeb,Rural,Masculin,Collégial,Professeur certifié,Histoire-Géo,10,5871,18,0,19
ENS205508,2023-2024,Marrakech-Safi,MAR,Youssoufia,Urbain,Masculin,Primaire,Maître d'enseignement,Éducation islamique,13,4717,23,0,0
ENS205509,2015-2016,Marrakech-Safi,MAR,Essaouira,Urbain,Masculin,Primaire,Vacataire,Physique-Chimie,16,3000,27,0,7
ENS205510,2019-2020,Béni Mellal-Khénifra,BMK,Fquih Ben Salah,Urbain,Masculin,Qualifiant,Contractuel,Sciences,23,4916,29,1,22
ENS205511,2017-2018,Tanger-Tétouan-Al Hoceïma,TAN,Tanger-Assilah,Rural,Féminin,Primaire,Professeur certifié,Philosophie,24,6703,18,0,7
ENS205512,2020-2021,Casablanca-Settat,CAS,Berrechid,Rural,Masculin,Primaire,Instituteur,Sciences,14,4565,27,0,7
ENS205513,2021-2022,Casablanca-Settat,CAS,El Jadida,Rural,Masculin,Primaire,Instituteur,Philosophie,1,5074,23,0,18
ENS205514,2020-2021,Casablanca-Settat,CAS,El Jadida,Rural,Féminin,Collégial,Maître d'enseignement,Philosophie,33,4251,26,1,23
ENS205515,2015-2016,Souss-Massa,SOU,Agadir-Ida-Ou-Tanane,Urbain,Féminin,Collégial,Instituteur,Éducation physique,31,4189,25,1,11
ENS205516,2015-2016,Tanger-Tétouan-Al Hoceïma,TAN,Ouazzane,Urbain,Masculin,Collégial,Professeur certifié,Éducation physique,16,5611,25,1,0
ENS205517,2022-2023,Rabat-Salé-Kénitra,RAB,Rabat,Urbain,Masculin,Primaire,Contractuel,Physique-Chimie,4,4306,29,1,0
ENS205518,2023-2024,Marrakech-Safi,MAR,El Kelaa des Sraghna,Rural,Masculin,Primaire,Instituteur,Physique-Chimie,17,4250,26,1,22
ENS205519,2020-2021,Béni Mellal-Khénifra,BMK,El Kelaa des Sraghna,Urbain,Masculin,Qualifiant,Instituteur,SVT,1,4343,24,1,7
ENS205520,2023-2024,Casablanca-Settat,CAS,Benslimane,Rural,Masculin,Collégial,Instituteur,Éducation islamique,14,4493,21,1,0
ENS205521,2016-2017,Laâyoune-Sakia El Hamra,LAA,Laâyoune,Urbain,Masculin,Collégial,Instituteur,SVT,26,5244,21,1,7
ENS205522,2016-2017,Casablanca-Settat,CAS,Benslimane,Urbain,Masculin,Primaire,Vacataire,SVT,10,2212,30,0,10
ENS205523,2016-2017,Fès-Meknès,FES,Moulay Yacoub,Rural,Masculin,Primaire,Professeur certifié,Arabe,1,6087,24,1,9
ENS205524,2018-2019,Marrakech-Safi,MAR,Marrakech,Urbain,Masculin,Primaire,Instituteur,SVT,13,3245,31,1,4
ENS205525,2023-2024,Béni Mellal-Khénifra,BMK,Azilal,Urbain,Féminin,Préscolaire,Professeur certifié,Éducation islamique,7,5976,25,0,8
ENS205526,2018-2019,Souss-Massa,SOU,Taroudannt,Urbain,Masculin,Primaire,Contractuel,Arabe,29,4680,31,0,13
ENS205527,2015-2016,Tanger-Tétouan-Al Hoceïma,TAN,Fahs-Anjra,Urbain,Féminin,Collégial,Professeur agrégé,Sciences,8,9574,24,1,17
ENS205528,2023-2024,Rabat-Salé-Kénitra,RAB,Salé,Urbain,Féminin,Préscolaire,Instituteur,Éducation physique,5,4035,21,0,0
ENS205529,2016-2017,Drâa-Tafilalet,DRA,Errachidia,Rural,Féminin,Primaire,Professeur agrégé,SVT,18,8523,25,0,11
ENS205530,2015-2016,Fès-Meknès,FES,Meknès,Urbain,Féminin,Qualifiant,Contractuel,Philosophie,27,4073,20,1,13
ENS205531,2020-2021,Oriental,ORI,Guercif,Rural,Masculin,Collégial,Instituteur,Français,22,4744,29,1,22
ENS205532,2018-2019,Casablanca-Settat,CAS,El Jadida,Rural,Masculin,Primaire,Instituteur,Français,14,6181,24,1,18
ENS205533,2023-2024,Casablanca-Settat,CAS,Casablanca,Urbain,Masculin,Qualifiant,Contractuel,SVT,15,4472,23,0,14
ENS205534,2020-2021,Souss-Massa,SOU,Taroudannt,Urbain,Féminin,Collégial,Maître d'enseignement,Physique-Chimie,13,5946,19,0,16
ENS205535,2023-2024,Béni Mellal-Khénifra,BMK,Khouribga,Rural,Masculin,Primaire,Professeur certifié,Sciences,23,5641,30,0,0
ENS205536,2015-2016,Fès-Meknès,FES,Ifrane,Urbain,Masculin,Collégial,Professeur certifié,Arabe,3,7237,30,1,0
ENS205537,2018-2019,Marrakech-Safi,MAR,Youssoufia,Rural,Masculin,Primaire,Professeur certifié,Sciences,10,5762,22,1,18
ENS205538,2023-2024,Casablanca-Settat,CAS,Mohammadia,Urbain,Masculin,Primaire,Professeur certifié,Mathématiques,11,6387,21,1,13
ENS205539,2018-2019,Drâa-Tafilalet,DRA,Tinghir,Urbain,Masculin,Primaire,Instituteur,Anglais,19,6263,19,0,13
ENS205540,2022-2023,Tanger-Tétouan-Al Hoceïma,TAN,Al Hoceïma,Rural,Féminin,Collégial,Maître d'enseignement,Arabe,11,5718,25,1,0
ENS205541,2019-2020,Souss-Massa,SOU,Taroudannt,Rural,Masculin,Primaire,Professeur certifié,Éducation islamique,34,6142,28,1,0
ENS205542,2023-2024,Souss-Massa,SOU,Agadir-Ida-Ou-Tanane,Rural,Masculin,Primaire,Contractuel,Histoire-Géo,30,3877,26,1,6
ENS205543,2015-2016,Béni Mellal-Khénifra,BMK,El Kelaa des Sraghna,Urbain,Féminin,Primaire,Instituteur,Physique-Chimie,33,4889,31,1,0
ENS205544,2017-2018,Rabat-Salé-Kénitra,RAB,Salé,Rural,Masculin,Qualifiant,Contractuel,Mathématiques,31,4079,20,1,0
ENS205545,2023-2024,Rabat-Salé-Kénitra,RAB,Skhirate-Témara,Urbain,Masculin,Qualifiant,Contractuel,Anglais,15,4414,30,1,20
ENS205546,2017-2018,Casablanca-Settat,CAS,Khouribga,Urbain,Masculin,Primaire,Vacataire,SVT,14,3375,27,0,11
ENS205547,2015-2016,Tanger-Tétouan-Al Hoceïma,TAN,Fahs-Anjra,Rural,Féminin,Primaire,Contractuel,Physique-Chimie,31,4373,31,1,5
ENS205548,2017-2018,Rabat-Salé-Kénitra,RAB,Khémisset,Rural,Féminin,Primaire,Professeur certifié,Français,1,7154,19,1,4
ENS205549,2015-2016,Casablanca-Settat,CAS,Settat,Rural,Féminin,Primaire,Instituteur,Arabe,6,5161,29,0,7
ENS205550,2018-2019,Rabat-Salé-Kénitra,RAB,Skhirate-Témara,Urbain,Masculin,Qualifiant,Professeur agrégé,Anglais,31,8522,19,0,13
ENS205551,2022-2023,Fès-Meknès,FES,Meknès,Urbain,Masculin,Primaire,Professeur certifié,SVT,10,5690,23,0,5
ENS205552,2022-2023,Rabat-Salé-Kénitra,RAB,Skhirate-Témara,Urbain,Masculin,Primaire,Instituteur,Physique-Chimie,11,4464,26,0,16
ENS205553,2017-2018,Rabat-Salé-Kénitra,RAB,Sidi Slimane,Rural,Féminin,Collégial,Instituteur,Sciences,26,4478,25,0,6
ENS205554,2018-2019,Casablanca-Settat,CAS,Casablanca,Rural,Masculin,Préscolaire,Professeur certifié,SVT,29,6129,21,1,8
ENS205555,2022-2023,Béni Mellal-Khénifra,BMK,El Kelaa des Sraghna,Urbain,Féminin,Primaire,Professeur certifié,Arabe,12,6592,31,0,2
ENS205556,2021-2022,Fès-Meknès,FES,Taza,Rural,Masculin,Primaire,Instituteur,Anglais,20,6232,28,0,13
ENS205557,2016-2017,Souss-Massa,SOU,Chtouka-Ait Baha,Urbain,Masculin,Primaire,Professeur agrégé,SVT,2,7733,19,1,0
ENS205558,2016-2017,Tanger-Tétouan-Al Hoceïma,TAN,Larache,Urbain,Féminin,Qualifiant,Vacataire,Éducation islamique,30,2598,28,0,9
ENS205559,2021-2022,Oriental,ORI,Nador,Rural,Masculin,Primaire,Maître d'enseignement,SVT,33,5247,20,1,13
ENS205560,2022-2023,Rabat-Salé-Kénitra,RAB,Skhirate-Témara,Rural,Masculin,Qualifiant,Instituteur,Philosophie,23,4149,26,0,10
ENS205561,2023-2024,Casablanca-Settat,CAS,Berrechid,Urbain,Masculin,Primaire,Contractuel,Français,14,4188,29,0,0
ENS205562,2015-2016,Oriental,ORI,Nador,Rural,Masculin,Qualifiant,Professeur certifié,Philosophie,33,7919,20,1,0
ENS205563,2019-2020,Marrakech-Safi,MAR,Marrakech,Urbain,Masculin,Primaire,Vacataire,SVT,25,3820,30,0,2
ENS205564,2016-2017,Fès-Meknès,FES,Boulemane,Urbain,Masculin,Primaire,Instituteur,Éducation islamique,23,3513,29,0,8
ENS205565,2019-2020,Guelmim-Oued Noun,GUE,Assa-Zag,Rural,Masculin,Primaire,Instituteur,Français,30,5881,24,1,0
ENS205566,2015-2016,Casablanca-Settat,CAS,Mohammadia,Rural,Féminin,Primaire,Professeur certifié,Philosophie,1,5592,26,0,3
ENS205567,2018-2019,Tanger-Tétouan-Al Hoceïma,TAN,Fahs-Anjra,Rural,Féminin,Collégial,Contractuel,Sciences,12,4231,28,0,24
ENS205568,2016-2017,Béni Mellal-Khénifra,BMK,Fquih Ben Salah,Rural,Féminin,Primaire,Professeur certifié,Mathématiques,12,6328,28,0,24
ENS205569,2016-2017,Rabat-Salé-Kénitra,RAB,Kénitra,Rural,Masculin,Qualifiant,Professeur certifié,Histoire-Géo,15,6176,18,0,3
ENS205570,2022-2023,Fès-Meknès,FES,Fès,Urbain,Féminin,Primaire,Professeur certifié,Mathématiques,25,6615,30,0,11
ENS205571,2021-2022,Drâa-Tafilalet,DRA,Errachidia,Urbain,Masculin,Primaire,Professeur agrégé,Éducation physique,31,9605,18,1,5
ENS205572,2018-2019,Marrakech-Safi,MAR,El Kelaa des Sraghna,Urbain,Féminin,Collégial,Vacataire,Mathématiques,28,2331,28,1,8
ENS205573,2019-2020,Casablanca-Settat,CAS,Khouribga,Rural,Masculin,Collégial,Professeur certifié,Philosophie,32,6052,30,0,9
ENS205574,2015-2016,Béni Mellal-Khénifra,BMK,El Kelaa des Sraghna,Rural,Masculin,Primaire,Instituteur,SVT,10,4875,22,1,3
ENS205575,2019-2020,Rabat-Salé-Kénitra,RAB,Sidi Kacem,Urbain,Féminin,Qualifiant,Maître d'enseignement,Éducation islamique,24,4882,22,0,0
ENS205576,2021-2022,Rabat-Salé-Kénitra,RAB,Skhirate-Témara,Urbain,Féminin,Primaire,Professeur certifié,SVT,8,7532,18,0,20
ENS205577,2021-2022,Fès-Meknès,FES,Moulay Yacoub,Rural,Féminin,Primaire,Professeur certifié,SVT,9,6147,23,1,0
ENS205578,2015-2016,Tanger-Tétouan-Al Hoceïma,TAN,Tanger-Assilah,Rural,Féminin,Primaire,Professeur certifié,Sciences,6,6128,22,1,8
ENS205579,2021-2022,Casablanca-Settat,CAS,Benslimane,Rural,Masculin,Qualifiant,Contractuel,Philosophie,3,3700,28,1,15
ENS205580,2016-2017,Fès-Meknès,FES,Ifrane,Urbain,Féminin,Primaire,Instituteur,Histoire-Géo,28,5529,29,1,18
ENS205581,2016-2017,Oriental,ORI,Berkane,Urbain,Masculin,Collégial,Instituteur,Histoire-Géo,26,4343,24,1,0
ENS205582,2022-2023,Rabat-Salé-Kénitra,RAB,Sidi Kacem,Rural,Féminin,Primaire,Instituteur,Anglais,10,4456,18,1,3
ENS205583,2015-2016,Casablanca-Settat,CAS,Khouribga,Urbain,Féminin,Primaire,Instituteur,Histoire-Géo,15,4620,29,0,5
ENS205584,2022-2023,Marrakech-Safi,MAR,Youssoufia,Rural,Masculin,Collégial,Contractuel,Sciences,32,4376,31,1,16
ENS205585,2017-2018,Rabat-Salé-Kénitra,RAB,Sidi Kacem,Rural,Féminin,Qualifiant,Contractuel,Arabe,14,3969,22,0,14
ENS205586,2017-2018,Béni Mellal-Khénifra,BMK,Azilal,Urbain,Masculin,Qualifiant,Instituteur,Philosophie,3,4571,26,1,0
ENS205587,2017-2018,Béni Mellal-Khénifra,BMK,Khouribga,Urbain,Masculin,Qualifiant,Maître d'enseignement,SVT,31,6276,18,0,13
ENS205588,2017-2018,Marrakech-Safi,MAR,Marrakech,Urbain,Masculin,Collégial,Maître d'enseignement,Français,18,7030,30,1,1
ENS205589,2017-2018,Oriental,ORI,Figuig,Rural,Féminin,Collégial,Contractuel,Physique-Chimie,32,4066,28,0,0
ENS205590,2019-2020,Oriental,ORI,Jerada,Urbain,Masculin,Collégial,Professeur certifié,Arabe,31,5664,31,0,15
ENS205591,2020-2021,Marrakech-Safi,MAR,Al Haouz,Rural,Masculin,Collégial,Professeur certifié,Anglais,27,6897,20,1,0
ENS205592,2015-2016,Oriental,ORI,Nador,Rural,Féminin,Primaire,Professeur certifié,Arabe,6,6491,23,0,0
ENS205593,2018-2019,Tanger-Tétouan-Al Hoceïma,TAN,Larache,Urbain,Féminin,Collégial,Professeur certifié,Éducation physique,4,6783,27,1,13
ENS205594,2018-2019,Rabat-Salé-Kénitra,RAB,Salé,Urbain,Masculin,Primaire,Contractuel,Physique-Chimie,30,4518,26,1,0
ENS205595,2019-2020,Rabat-Salé-Kénitra,RAB,Sidi Kacem,Rural,Féminin,Collégial,Maître d'enseignement,Philosophie,34,6176,29,1,5
ENS205596,2015-2016,Casablanca-Settat,CAS,Berrechid,Urbain,Féminin,Qualifiant,Professeur certifié,Éducation physique,18,7112,27,0,21
ENS205597,2015-2016,Tanger-Tétouan-Al Hoceïma,TAN,Fahs-Anjra,Rural,Masculin,Primaire,Contractuel,Français,22,3627,28,0,4
ENS205598,2018-2019,Béni Mellal-Khénifra,BMK,Béni Mellal,Urbain,Féminin,Primaire,Professeur certifié,Éducation physique,8,6499,24,0,0
ENS205599,2018-2019,Souss-Massa,SOU,Tata,Rural,Féminin,Primaire,Professeur certifié,Français,1,6126,28,1,0
ENS205600,2016-2017,Fès-Meknès,FES,Ifrane,Rural,Masculin,Primaire,Maître d'enseignement,Histoire-Géo,30,6919,29,0,0
ENS205601,2016-2017,Rabat-Salé-Kénitra,RAB,Khémisset,Urbain,Masculin,Collégial,Professeur certifié,Physique-Chimie,13,6455,24,1,24
ENS205602,2022-2023,Casablanca-Settat,CAS,Mohammadia,Urbain,Masculin,Collégial,Professeur certifié,Philosophie,12,7047,21,0,0
ENS205603,2020-2021,Rabat-Salé-Kénitra,RAB,Skhirate-Témara,Urbain,Masculin,Primaire,Professeur certifié,Français,23,5836,29,1,3
ENS205604,2018-2019,Oriental,ORI,Berkane,Urbain,Féminin,Primaire,Maître d'enseignement,Français,34,4084,24,0,0
ENS205605,2016-2017,Fès-Meknès,FES,Taza,Rural,Féminin,Primaire,Professeur certifié,Sciences,26,6306,19,0,12
ENS205606,2018-2019,Fès-Meknès,FES,Moulay Yacoub,Rural,Masculin,Primaire,Instituteur,Physique-Chimie,22,3983,28,1,23
ENS205607,2019-2020,Marrakech-Safi,MAR,Al Haouz,Rural,Féminin,Qualifiant,Professeur certifié,Mathématiques,20,5841,23,0,19
ENS205608,2019-2020,Souss-Massa,SOU,Agadir-Ida-Ou-Tanane,Urbain,Féminin,Qualifiant,Maître d'enseignement,Sciences,17,5586,18,0,3
ENS205609,2023-2024,Rabat-Salé-Kénitra,RAB,Skhirate-Témara,Rural,Masculin,Qualifiant,Professeur certifié,SVT,24,7342,22,0,9
ENS205610,2021-2022,Rabat-Salé-Kénitra,RAB,Sidi Slimane,Urbain,Masculin,Primaire,Professeur certifié,Éducation islamique,31,6330,19,1,0
ENS205611,2022-2023,Rabat-Salé-Kénitra,RAB,Skhirate-Témara,Rural,Féminin,Primaire,Instituteur,Philosophie,8,5563,23,1,0
ENS205612,2015-2016,Marrakech-Safi,MAR,Essaouira,Urbain,Masculin,Qualifiant,Instituteur,Histoire-Géo,21,4666,30,0,0
ENS205613,2022-2023,Casablanca-Settat,CAS,Berrechid,Rural,Masculin,Primaire,Maître d'enseignement,Histoire-Géo,26,4343,24,0,0
ENS205614,2015-2016,Rabat-Salé-Kénitra,RAB,Sidi Slimane,Urbain,Masculin,Primaire,Professeur certifié,Philosophie,25,6052,30,0,0
ENS205615,2021-2022,Rabat-Salé-Kénitra,RAB,Salé,Urbain,Masculin,Primaire,Professeur certifié,Histoire-Géo,31,7798,29,1,8
ENS205616,2018-2019,Fès-Meknès,FES,Meknès,Rural,Masculin,Primaire,Vacataire,Anglais,22,3103,29,1,18
ENS205617,2023-2024,Tanger-Tétouan-Al Hoceïma,TAN,Chefchaouen,Rural,Masculin,Collégial,Professeur agrégé,Physique-Chimie,34,7392,21,1,0
ENS205618,2020-2021,Béni Mellal-Khénifra,BMK,El Kelaa des Sraghna,Urbain,Masculin,Primaire,Professeur agrégé,Arabe,2,7373,29,0,13
ENS205619,2017-2018,Casablanca-Settat,CAS,Casablanca,Urbain,Féminin,Collégial,Contractuel,Physique-Chimie,27,4179,29,0,9
ENS205620,2019-2020,Casablanca-Settat,CAS,Mohammadia,Urbain,Féminin,Primaire,Contractuel,Mathématiques,7,3641,18,0,6
ENS205621,2022-2023,Tanger-Tétouan-Al Hoceïma,TAN,Mdiq-Fnideq,Urbain,Féminin,Qualifiant,Instituteur,Éducation physique,26,5606,24,0,0
ENS205622,2017-2018,Rabat-Salé-Kénitra,RAB,Sidi Slimane,Urbain,Féminin,Collégial,Professeur certifié,Éducation islamique,24,5905,30,0,6
ENS205623,2017-2018,Fès-Meknès,FES,Séfrou,Urbain,Féminin,Primaire,Contractuel,SVT,26,5299,23,0,0
ENS205624,2020-2021,Fès-Meknès,FES,Ifrane,Rural,Féminin,Primaire,Contractuel,Éducation physique,4,4257,18,0,6
ENS205625,2016-2017,Rabat-Salé-Kénitra,RAB,Khémisset,Rural,Masculin,Primaire,Instituteur,Physique-Chimie,10,4714,25,0,24
ENS205626,2023-2024,Béni Mellal-Khénifra,BMK,El Kelaa des Sraghna,Urbain,Féminin,Qualifiant,Instituteur,Sciences,22,4153,29,1,3
ENS205627,2023-2024,Rabat-Salé-Kénitra,RAB,Rabat,Urbain,Masculin,Primaire,Instituteur,Éducation physique,2,5061,27,1,4
ENS205628,2022-2023,Souss-Massa,SOU,Chtouka-Ait Baha,Urbain,Masculin,Collégial,Vacataire,Physique-Chimie,20,3558,22,1,8
ENS205629,2017-2018,Casablanca-Settat,CAS,Casablanca,Rural,Féminin,Collégial,Professeur certifié,Éducation islamique,8,6294,20,1,0
ENS205630,2020-2021,Casablanca-Settat,CAS,Settat,Rural,Féminin,Primaire,Professeur certifié,Sciences,3,6196,20,0,6
ENS205631,2016-2017,Casablanca-Settat,CAS,Sidi Bennour,Urbain,Masculin,Collégial,Instituteur,Sciences,11,5580,23,0,4
ENS205632,2021-2022,Tanger-Tétouan-Al Hoceïma,TAN,Tanger-Assilah,Rural,Masculin,Primaire,Contractuel,Anglais,5,4625,31,0,0
ENS205633,2021-2022,Casablanca-Settat,CAS,Mohammadia,Rural,Masculin,Primaire,Professeur certifié,Philosophie,11,8362,26,0,13
ENS205634,2020-2021,Tanger-Tétouan-Al Hoceïma,TAN,Ouazzane,Urbain,Masculin,Qualifiant,Contractuel,Philosophie,23,4268,25,0,0
ENS205635,2021-2022,Tanger-Tétouan-Al Hoceïma,TAN,Tanger-Assilah,Urbain,Masculin,Primaire,Instituteur,Philosophie,31,4936,30,1,11
ENS205636,2020-2021,Marrakech-Safi,MAR,Al Haouz,Urbain,Masculin,Qualifiant,Professeur certifié,Histoire-Géo,16,5726,23,1,0
ENS205637,2019-2020,Rabat-Salé-Kénitra,RAB,Salé,Urbain,Masculin,Qualifiant,Professeur certifié,Français,13,5925,19,0,17
ENS205638,2015-2016,Marrakech-Safi,MAR,Chichaoua,Rural,Masculin,Primaire,Professeur agrégé,Arabe,26,9153,30,0,14
ENS205639,2016-2017,Marrakech-Safi,MAR,Essaouira,Urbain,Masculin,Primaire,Instituteur,Physique-Chimie,1,3928,30,0,0
ENS205640,2018-2019,Casablanca-Settat,CAS,Berrechid,Urbain,Féminin,Qualifiant,Maître d'enseignement,Sciences,31,6180,20,1,13
ENS205641,2015-2016,Guelmim-Oued Noun,GUE,Guelmim,Urbain,Féminin,Primaire,Professeur certifié,Arabe,18,6373,23,0,0
ENS205642,2016-2017,Fès-Meknès,FES,Moulay Yacoub,Rural,Masculin,Collégial,Professeur certifié,Histoire-Géo,14,7947,24,1,0
ENS205643,2018-2019,Marrakech-Safi,MAR,Marrakech,Urbain,Féminin,Qualifiant,Maître d'enseignement,Sciences,31,6039,27,1,8
ENS205644,2015-2016,Marrakech-Safi,MAR,Safi,Urbain,Féminin,Primaire,Instituteur,Français,34,3973,29,1,0
ENS205645,2015-2016,Souss-Massa,SOU,Agadir-Ida-Ou-Tanane,Urbain,Féminin,Primaire,Professeur certifié,Arabe,9,5689,24,1,5
ENS205646,2018-2019,Casablanca-Settat,CAS,Casablanca,Urbain,Féminin,Qualifiant,Instituteur,Éducation islamique,15,3844,29,0,22
ENS205647,2016-2017,Fès-Meknès,FES,Taounate,Rural,Féminin,Primaire,Professeur agrégé,Mathématiques,14,9654,28,0,9
ENS205648,2018-2019,Tanger-Tétouan-Al Hoceïma,TAN,Tétouan,Urbain,Féminin,Collégial,Professeur agrégé,Physique-Chimie,21,8689,20,0,13
ENS205649,2016-2017,Souss-Massa,SOU,Taroudannt,Rural,Masculin,Collégial,Professeur agrégé,Mathématiques,23,8497,24,1,23
ENS205650,2017-2018,Casablanca-Settat,CAS,El Jadida,Urbain,Féminin,Préscolaire,Professeur certifié,Physique-Chimie,34,6860,21,0,8
ENS205651,2015-2016,Casablanca-Settat,CAS,Benslimane,Rural,Masculin,Primaire,Vacataire,Éducation islamique,15,2087,28,1,0
ENS205652,2021-2022,Casablanca-Settat,CAS,El Jadida,Urbain,Masculin,Primaire,Instituteur,Histoire-Géo,5,4713,21,1,0
ENS205653,2023-2024,Tanger-Tétouan-Al Hoceïma,TAN,Al Hoceïma,Rural,Féminin,Primaire,Professeur agrégé,Histoire-Géo,25,8500,22,1,1
ENS205654,2023-2024,Fès-Meknès,FES,Taza,Rural,Masculin,Préscolaire,Professeur certifié,SVT,13,8025,24,1,0
ENS205655,2017-2018,Casablanca-Settat,CAS,El Jadida,Urbain,Masculin,Collégial,Professeur certifié,Mathématiques,1,6664,27,1,14
ENS205656,2022-2023,Casablanca-Settat,CAS,Berrechid,Rural,Masculin,Qualifiant,Contractuel,Anglais,26,5044,21,0,0
ENS205657,2023-2024,Tanger-Tétouan-Al Hoceïma,TAN,Larache,Rural,Féminin,Primaire,Contractuel,Éducation islamique,19,4764,21,1,6
ENS205658,2023-2024,Guelmim-Oued Noun,GUE,Tan-Tan,Urbain,Féminin,Primaire,Professeur agrégé,Éducation physique,15,8731,26,0,0
ENS205659,2023-2024,Béni Mellal-Khénifra,BMK,Béni Mellal,Urbain,Féminin,Qualifiant,Maître d'enseignement,Arabe,28,4213,27,1,0
ENS205660,2015-2016,Marrakech-Safi,MAR,Essaouira,Rural,Masculin,Collégial,Professeur certifié,Éducation islamique,4,6832,21,0,0
ENS205661,2023-2024,Casablanca-Settat,CAS,Casablanca,Urbain,Masculin,Collégial,Professeur agrégé,Arabe,7,7910,25,0,0
ENS205662,2015-2016,Béni Mellal-Khénifra,BMK,Azilal,Rural,Féminin,Collégial,Instituteur,Mathématiques,14,4152,19,0,8
ENS205663,2021-2022,Tanger-Tétouan-Al Hoceïma,TAN,Al Hoceïma,Urbain,Féminin,Primaire,Instituteur,Physique-Chimie,16,4118,20,0,11
ENS205664,2016-2017,Fès-Meknès,FES,Taounate,Rural,Masculin,Collégial,Instituteur,Physique-Chimie,18,5150,22,0,10
ENS205665,2019-2020,Souss-Massa,SOU,Tiznit,Rural,Masculin,Collégial,Professeur certifié,Histoire-Géo,8,6307,27,0,6
ENS205666,2022-2023,Béni Mellal-Khénifra,BMK,El Kelaa des Sraghna,Urbain,Masculin,Collégial,Professeur certifié,Sciences,22,6812,25,0,15
ENS205667,2015-2016,Casablanca-Settat,CAS,Khouribga,Urbain,Féminin,Préscolaire,Contractuel,Physique-Chimie,12,3508,24,0,0
ENS205668,2016-2017,Souss-Massa,SOU,Tiznit,Urbain,Masculin,Collégial,Professeur certifié,Français,12,6168,30,1,16
ENS205669,2015-2016,Laâyoune-Sakia El Hamra,LAA,Boujdour,Urbain,Masculin,Qualifiant,Professeur certifié,Éducation islamique,30,6686,18,0,6
ENS205670,2021-2022,Marrakech-Safi,MAR,Essaouira,Rural,Masculin,Collégial,Maître d'enseignement,Histoire-Géo,7,4455,31,1,0
ENS205671,2023-2024,Rabat-Salé-Kénitra,RAB,Sidi Slimane,Urbain,Masculin,Primaire,Professeur certifié,Français,11,6642,19,0,9
ENS205672,2023-2024,Oriental,ORI,Driouch,Urbain,Féminin,Primaire,Contractuel,Philosophie,17,4010,19,1,13
ENS205673,2021-2022,Casablanca-Settat,CAS,Berrechid,Rural,Féminin,Qualifiant,Contractuel,SVT,29,4539,24,1,17
ENS205674,2019-2020,Rabat-Salé-Kénitra,RAB,Rabat,Urbain,Masculin,Collégial,Vacataire,Physique-Chimie,30,2601,28,1,14
ENS205675,2019-2020,Béni Mellal-Khénifra,BMK,Béni Mellal,Rural,Féminin,Collégial,Professeur agrégé,Éducation islamique,24,9053,19,1,2
ENS205676,2019-2020,Fès-Meknès,FES,Taza,Urbain,Masculin,Collégial,Contractuel,Anglais,28,4026,19,1,0
ENS205677,2020-2021,Casablanca-Settat,CAS,Casablanca,Rural,Féminin,Préscolaire,Professeur agrégé,Philosophie,21,7805,28,0,0
ENS205678,2021-2022,Béni Mellal-Khénifra,BMK,Azilal,Urbain,Masculin,Qualifiant,Instituteur,Histoire-Géo,32,4978,25,0,15
ENS205679,2020-2021,Casablanca-Settat,CAS,Mohammadia,Rural,Féminin,Primaire,Professeur certifié,Sciences,32,6683,18,0,13
ENS205680,2021-2022,Rabat-Salé-Kénitra,RAB,Sidi Slimane,Urbain,Masculin,Collégial,Professeur certifié,Mathématiques,32,6481,21,1,4
ENS205681,2018-2019,Casablanca-Settat,CAS,Benslimane,Urbain,Féminin,Primaire,Vacataire,Éducation physique,1,3396,28,1,0
ENS205682,2021-2022,Laâyoune-Sakia El Hamra,LAA,Laâyoune,Urbain,Masculin,Primaire,Professeur certifié,Histoire-Géo,31,7375,18,1,21
ENS205683,2020-2021,Casablanca-Settat,CAS,El Jadida,Urbain,Masculin,Primaire,Contractuel,Physique-Chimie,12,4293,20,1,9
ENS205684,2018-2019,Guelmim-Oued Noun,GUE,Sidi Ifni,Rural,Masculin,Primaire,Professeur certifié,Arabe,28,7087,31,1,17
ENS205685,2016-2017,Béni Mellal-Khénifra,BMK,Azilal,Urbain,Féminin,Primaire,Professeur agrégé,Arabe,20,9099,29,0,18
ENS205686,2023-2024,Marrakech-Safi,MAR,Chichaoua,Urbain,Masculin,Primaire,Professeur certifié,Français,29,5739,19,1,0
ENS205687,2022-2023,Oriental,ORI,Nador,Urbain,Féminin,Primaire,Instituteur,Éducation physique,33,3788,27,0,10
ENS205688,2019-2020,Drâa-Tafilalet,DRA,Errachidia,Urbain,Masculin,Primaire,Maître d'enseignement,Arabe,18,4772,30,0,10
ENS205689,2022-2023,Rabat-Salé-Kénitra,RAB,Sidi Kacem,Urbain,Masculin,Collégial,Instituteur,Éducation physique,3,5166,27,0,12
ENS205690,2018-2019,Béni Mellal-Khénifra,BMK,Béni Mellal,Rural,Féminin,Primaire,Instituteur,Arabe,30,5583,22,0,21
ENS205691,2015-2016,Souss-Massa,SOU,Tiznit,Urbain,Masculin,Qualifiant,Professeur certifié,Éducation islamique,31,7923,24,0,2
ENS205692,2017-2018,Fès-Meknès,FES,Ifrane,Rural,Masculin,Primaire,Professeur certifié,Éducation islamique,30,6290,26,0,2
ENS205693,2017-2018,Drâa-Tafilalet,DRA,Errachidia,Urbain,Féminin,Primaire,Contractuel,Mathématiques,26,4314,28,0,11
ENS205694,2019-2020,Oriental,ORI,Taourirt,Urbain,Féminin,Primaire,Vacataire,Philosophie,20,2276,20,0,24
ENS205695,2018-2019,Fès-Meknès,FES,Meknès,Urbain,Féminin,Primaire,Instituteur,Mathématiques,3,4216,20,0,0
ENS205696,2018-2019,Casablanca-Settat,CAS,Sidi Bennour,Urbain,Masculin,Collégial,Vacataire,Arabe,20,3875,26,0,4
ENS205697,2019-2020,Fès-Meknès,FES,Fès,Rural,Masculin,Primaire,Professeur certifié,Français,27,6831,27,0,23
ENS205698,2017-2018,Casablanca-Settat,CAS,El Jadida,Rural,Féminin,Collégial,Professeur certifié,Anglais,16,6097,27,0,4
ENS205699,2018-2019,Rabat-Salé-Kénitra,RAB,Skhirate-Témara,Urbain,Masculin,Primaire,Instituteur,Éducation islamique,30,5117,26,0,23
ENS205700,2015-2016,Marrakech-Safi,MAR,Safi,Rural,Masculin,Primaire,Professeur certifié,Sciences,17,7004,24,1,0
ENS205701,2022-2023,Souss-Massa,SOU,Tata,Urbain,Féminin,Primaire,Professeur certifié,Philosophie,14,6794,26,1,7
ENS205702,2018-2019,Tanger-Tétouan-Al Hoceïma,TAN,Larache,Urbain,Masculin,Collégial,Contractuel,Français,21,3768,22,0,0
ENS205703,2021-2022,Marrakech-Safi,MAR,El Kelaa des Sraghna,Urbain,Masculin,Primaire,Professeur certifié,Histoire-Géo,11,7268,30,1,19
ENS205704,2020-2021,Casablanca-Settat,CAS,Berrechid,Rural,Masculin,Qualifiant,Professeur certifié,Arabe,17,5978,29,1,22
ENS205705,2020-2021,Béni Mellal-Khénifra,BMK,Khouribga,Urbain,Masculin,Primaire,Professeur certifié,Arabe,25,7021,21,0,24
ENS205706,2018-2019,Fès-Meknès,FES,El Hajeb,Rural,Masculin,Préscolaire,Instituteur,SVT,20,5637,27,1,1
ENS205707,2020-2021,Casablanca-Settat,CAS,Benslimane,Rural,Masculin,Collégial,Contractuel,Sciences,15,4970,28,0,0
ENS205708,2020-2021,Marrakech-Safi,MAR,Essaouira,Rural,Féminin,Primaire,Instituteur,Anglais,34,4791,29,0,17
ENS205709,2021-2022,Laâyoune-Sakia El Hamra,LAA,Boujdour,Rural,Masculin,Primaire,Professeur certifié,Éducation islamique,14,7072,26,0,11
ENS205710,2016-2017,Souss-Massa,SOU,Tata,Rural,Masculin,Primaire,Contractuel,Physique-Chimie,31,4079,31,1,20
ENS205711,2015-2016,Rabat-Salé-Kénitra,RAB,Kénitra,Rural,Masculin,Primaire,Maître d'enseignement,Français,17,5170,29,1,12
ENS205712,2019-2020,Fès-Meknès,FES,El Hajeb,Urbain,Masculin,Qualifiant,Contractuel,Éducation physique,12,3265,31,0,6
ENS205713,2018-2019,Fès-Meknès,FES,Taounate,Urbain,Masculin,Collégial,Instituteur,Arabe,30,2869,25,0,22
ENS205714,2021-2022,Oriental,ORI,Driouch,Urbain,Féminin,Primaire,Instituteur,Physique-Chimie,27,3563,24,0,21
ENS205715,2016-2017,Marrakech-Safi,MAR,Marrakech,Urbain,Masculin,Primaire,Instituteur,Philosophie,26,5490,21,1,0
ENS205716,2021-2022,Drâa-Tafilalet,DRA,Errachidia,Rural,Masculin,Collégial,Instituteur,Physique-Chimie,11,4998,30,0,7
ENS205717,2019-2020,Casablanca-Settat,CAS,El Jadida,Rural,Féminin,Primaire,Instituteur,Philosophie,31,5366,25,1,0
ENS205718,2018-2019,Rabat-Salé-Kénitra,RAB,Rabat,Rural,Masculin,Primaire,Professeur certifié,Anglais,27,6044,18,0,0
ENS205719,2020-2021,Casablanca-Settat,CAS,Berrechid,Rural,Féminin,Collégial,Professeur certifié,Anglais,19,6626,31,0,15
ENS205720,2019-2020,Rabat-Salé-Kénitra,RAB,Khémisset,Urbain,Féminin,Qualifiant,Professeur certifié,Physique-Chimie,18,7116,30,0,2
ENS205721,2020-2021,Oriental,ORI,Nador,Urbain,Masculin,Collégial,Professeur certifié,Mathématiques,14,6836,26,1,5
ENS205722,2019-2020,Rabat-Salé-Kénitra,RAB,Kénitra,Urbain,Féminin,Qualifiant,Instituteur,Français,12,4353,27,0,14
ENS205723,2023-2024,Marrakech-Safi,MAR,Safi,Rural,Masculin,Préscolaire,Professeur certifié,Anglais,27,5253,28,1,17
ENS205724,2015-2016,Casablanca-Settat,CAS,Khouribga,Urbain,Masculin,Collégial,Professeur certifié,Physique-Chimie,12,6193,29,0,1
ENS205725,2016-2017,Fès-Meknès,FES,Boulemane,Rural,Féminin,Qualifiant,Professeur agrégé,Mathématiques,6,7871,20,0,23
ENS205726,2016-2017,Oriental,ORI,Guercif,Rural,Masculin,Primaire,Professeur certifié,Philosophie,34,6373,25,0,23
ENS205727,2022-2023,Drâa-Tafilalet,DRA,Tinghir,Urbain,Féminin,Qualifiant,Contractuel,Mathématiques,2,2892,29,1,17
ENS205728,2020-2021,Oriental,ORI,Oujda-Angad,Rural,Féminin,Préscolaire,Contractuel,Physique-Chimie,17,3508,23,1,0
ENS205729,2019-2020,Casablanca-Settat,CAS,Mohammadia,Urbain,Féminin,Primaire,Contractuel,Histoire-Géo,32,4933,31,0,2
ENS205730,2018-2019,Tanger-Tétouan-Al Hoceïma,TAN,Al Hoceïma,Urbain,Féminin,Primaire,Maître d'enseignement,Éducation islamique,34,5748,21,1,24
ENS205731,2022-2023,Tanger-Tétouan-Al Hoceïma,TAN,Fahs-Anjra,Rural,Féminin,Collégial,Contractuel,Histoire-Géo,11,4081,20,1,0
ENS205732,2022-2023,Tanger-Tétouan-Al Hoceïma,TAN,Ouazzane,Rural,Féminin,Primaire,Contractuel,SVT,11,4838,28,0,0
ENS205733,2019-2020,Tanger-Tétouan-Al Hoceïma,TAN,Chefchaouen,Urbain,Féminin,Qualifiant,Maître d'enseignement,Histoire-Géo,3,5397,22,0,0
ENS205734,2020-2021,Fès-Meknès,FES,Boulemane,Urbain,Masculin,Préscolaire,Professeur agrégé,Éducation physique,19,8135,29,1,15
ENS205735,2019-2020,Tanger-Tétouan-Al Hoceïma,TAN,Tanger-Assilah,Rural,Masculin,Primaire,Maître d'enseignement,Anglais,21,5884,24,1,10
ENS205736,2023-2024,Tanger-Tétouan-Al Hoceïma,TAN,Al Hoceïma,Rural,Féminin,Collégial,Instituteur,Philosophie,19,4552,28,1,15
ENS205737,2019-2020,Rabat-Salé-Kénitra,RAB,Sidi Kacem,Rural,Féminin,Collégial,Professeur certifié,Anglais,31,6454,21,1,0
ENS205738,2015-2016,Drâa-Tafilalet,DRA,Zagora,Urbain,Masculin,Qualifiant,Maître d'enseignement,Éducation islamique,31,5691,23,0,0
ENS205739,2018-2019,Casablanca-Settat,CAS,Sidi Bennour,Urbain,Masculin,Primaire,Instituteur,Arabe,25,5658,21,1,16
ENS205740,2021-2022,Marrakech-Safi,MAR,Chichaoua,Rural,Féminin,Primaire,Maître d'enseignement,Français,24,4291,18,0,3
ENS205741,2016-2017,Oriental,ORI,Oujda-Angad,Urbain,Masculin,Primaire,Professeur certifié,Sciences,27,5626,28,0,0
ENS205742,2022-2023,Casablanca-Settat,CAS,Settat,Rural,Féminin,Primaire,Vacataire,Physique-Chimie,27,1480,30,1,21
ENS205743,2017-2018,Rabat-Salé-Kénitra,RAB,Sidi Kacem,Rural,Féminin,Qualifiant,Instituteur,Sciences,19,4771,22,0,13
ENS205744,2022-2023,Casablanca-Settat,CAS,Benslimane,Urbain,Féminin,Primaire,Contractuel,Éducation physique,24,4546,30,1,18
ENS205745,2019-2020,Fès-Meknès,FES,Moulay Yacoub,Rural,Féminin,Collégial,Professeur certifié,Éducation islamique,3,6776,23,1,0
ENS205746,2015-2016,Guelmim-Oued Noun,GUE,Guelmim,Rural,Masculin,Qualifiant,Professeur certifié,Mathématiques,29,7120,23,1,13
ENS205747,2018-2019,Béni Mellal-Khénifra,BMK,Khouribga,Rural,Masculin,Primaire,Instituteur,Philosophie,21,5669,30,1,2
ENS205748,2018-2019,Fès-Meknès,FES,Séfrou,Urbain,Féminin,Collégial,Instituteur,Anglais,7,5730,31,0,14
ENS205749,2018-2019,Casablanca-Settat,CAS,Settat,Urbain,Masculin,Préscolaire,Professeur certifié,Philosophie,7,6451,29,1,19
ENS205750,2022-2023,Souss-Massa,SOU,Taroudannt,Rural,Féminin,Primaire,Instituteur,Français,13,4841,19,0,17
ENS205751,2021-2022,Drâa-Tafilalet,DRA,Zagora,Rural,Masculin,Primaire,Maître d'enseignement,SVT,15,5539,25,1,11
ENS205752,2015-2016,Casablanca-Settat,CAS,El Jadida,Urbain,Féminin,Primaire,Professeur certifié,Éducation physique,20,6363,22,0,4
ENS205753,2015-2016,Tanger-Tétouan-Al Hoceïma,TAN,Larache,Rural,Masculin,Collégial,Instituteur,Éducation physique,32,5014,30,0,10
ENS205754,2020-2021,Souss-Massa,SOU,Agadir-Ida-Ou-Tanane,Rural,Masculin,Primaire,Professeur certifié,Physique-Chimie,29,6421,20,1,6
ENS205755,2020-2021,Casablanca-Settat,CAS,Khouribga,Rural,Masculin,Qualifiant,Professeur certifié,Français,20,6014,24,0,0
ENS205756,2018-2019,Fès-Meknès,FES,El Hajeb,Urbain,Féminin,Primaire,Instituteur,Philosophie,10,5736,21,0,0
ENS205757,2017-2018,Casablanca-Settat,CAS,Settat,Urbain,Féminin,Qualifiant,Contractuel,Arabe,9,2988,26,1,23
ENS205758,2023-2024,Fès-Meknès,FES,Taza,Rural,Masculin,Qualifiant,Instituteur,Sciences,28,4179,23,0,22
ENS205759,2023-2024,Casablanca-Settat,CAS,Berrechid,Rural,Masculin,Primaire,Contractuel,Arabe,5,3860,27,0,11
ENS205760,2019-2020,Rabat-Salé-Kénitra,RAB,Sidi Kacem,Urbain,Masculin,Qualifiant,Professeur certifié,Sciences,30,6105,25,1,0
ENS205761,2017-2018,Fès-Meknès,FES,Meknès,Urbain,Masculin,Primaire,Instituteur,Arabe,32,3192,29,1,3
ENS205762,2021-2022,Fès-Meknès,FES,Taounate,Urbain,Féminin,Primaire,Maître d'enseignement,Anglais,12,6193,29,1,0
ENS205763,2015-2016,Dakhla-Oued Eddahab,DAK,Aousserd,Rural,Masculin,Collégial,Instituteur,Arabe,28,4263,22,0,0
ENS205764,2018-2019,Fès-Meknès,FES,El Hajeb,Rural,Féminin,Primaire,Maître d'enseignement,Arabe,14,6172,31,1,0
ENS205765,2021-2022,Tanger-Tétouan-Al Hoceïma,TAN,Larache,Rural,Masculin,Primaire,Instituteur,Éducation physique,4,4188,27,1,1
ENS205766,2023-2024,Marrakech-Safi,MAR,Essaouira,Urbain,Masculin,Primaire,Contractuel,SVT,14,4847,28,0,21
ENS205767,2022-2023,Rabat-Salé-Kénitra,RAB,Rabat,Rural,Féminin,Primaire,Professeur certifié,Sciences,31,7325,29,0,0
ENS205768,2022-2023,Fès-Meknès,FES,Boulemane,Urbain,Masculin,Collégial,Instituteur,Philosophie,5,4725,22,1,0
ENS205769,2020-2021,Béni Mellal-Khénifra,BMK,Azilal,Urbain,Masculin,Collégial,Professeur certifié,Éducation islamique,9,6922,22,0,0
ENS205770,2021-2022,Béni Mellal-Khénifra,BMK,Fquih Ben Salah,Rural,Féminin,Primaire,Instituteur,Physique-Chimie,5,4210,24,1,24
ENS205771,2023-2024,Marrakech-Safi,MAR,Youssoufia,Urbain,Masculin,Primaire,Instituteur,Éducation physique,20,3075,31,0,11
ENS205772,2022-2023,Marrakech-Safi,MAR,Al Haouz,Urbain,Féminin,Primaire,Professeur agrégé,Sciences,27,7971,22,1,20
ENS205773,2020-2021,Béni Mellal-Khénifra,BMK,El Kelaa des Sraghna,Rural,Féminin,Primaire,Contractuel,Sciences,17,4374,19,1,14
ENS205774,2017-2018,Drâa-Tafilalet,DRA,Ouarzazate,Rural,Masculin,Primaire,Maître d'enseignement,Anglais,13,6289,21,1,0
ENS205775,2021-2022,Marrakech-Safi,MAR,Marrakech,Rural,Masculin,Primaire,Professeur certifié,Éducation islamique,13,7350,22,0,24
ENS205776,2015-2016,Casablanca-Settat,CAS,Khouribga,Urbain,Masculin,Primaire,Instituteur,Français,6,5172,30,0,3
ENS205777,2015-2016,Souss-Massa,SOU,Tata,Urbain,Masculin,Primaire,Instituteur,Éducation physique,5,4585,30,0,13
ENS205778,2016-2017,Fès-Meknès,FES,Moulay Yacoub,Rural,Masculin,Collégial,Vacataire,Physique-Chimie,24,3405,27,0,0
ENS205779,2019-2020,Béni Mellal-Khénifra,BMK,Azilal,Rural,Féminin,Collégial,Instituteur,Éducation islamique,24,5562,25,1,0
ENS205780,2015-2016,Fès-Meknès,FES,Boulemane,Urbain,Féminin,Primaire,Vacataire,SVT,18,2159,18,0,13
ENS205781,2017-2018,Fès-Meknès,FES,Taounate,Urbain,Masculin,Collégial,Instituteur,Éducation islamique,21,5579,24,0,11
ENS205782,2016-2017,Béni Mellal-Khénifra,BMK,Fquih Ben Salah,Urbain,Féminin,Qualifiant,Maître d'enseignement,SVT,5,5234,24,0,12
ENS205783,2020-2021,Fès-Meknès,FES,Séfrou,Urbain,Masculin,Primaire,Instituteur,Éducation islamique,17,4968,20,1,17
ENS205784,2021-2022,Béni Mellal-Khénifra,BMK,Azilal,Urbain,Masculin,Qualifiant,Instituteur,SVT,16,4485,18,0,24
ENS205785,2021-2022,Fès-Meknès,FES,Taza,Rural,Féminin,Primaire,Professeur certifié,SVT,26,5600,26,0,14
ENS205786,2023-2024,Souss-Massa,SOU,Inezgane-Ait Melloul,Urbain,Masculin,Primaire,Professeur certifié,Sciences,30,7496,27,1,18
ENS205787,2022-2023,Marrakech-Safi,MAR,Safi,Rural,Féminin,Collégial,Contractuel,Histoire-Géo,31,5017,18,0,4
ENS205788,2016-2017,Marrakech-Safi,MAR,Safi,Rural,Masculin,Collégial,Vacataire,Anglais,10,3318,18,0,0
ENS205789,2023-2024,Casablanca-Settat,CAS,Settat,Rural,Masculin,Qualifiant,Professeur certifié,Histoire-Géo,13,7075,22,0,7
ENS205790,2016-2017,Fès-Meknès,FES,Taza,Urbain,Masculin,Qualifiant,Professeur certifié,Physique-Chimie,3,6042,28,0,18
ENS205791,2016-2017,Souss-Massa,SOU,Agadir-Ida-Ou-Tanane,Urbain,Masculin,Qualifiant,Instituteur,SVT,29,4606,23,0,0
ENS205792,2015-2016,Laâyoune-Sakia El Hamra,LAA,Tarfaya,Urbain,Féminin,Primaire,Professeur certifié,Éducation islamique,2,5145,29,0,22
ENS205793,2019-2020,Marrakech-Safi,MAR,Chichaoua,Urbain,Masculin,Qualifiant,Instituteur,Histoire-Géo,31,4499,19,1,21
ENS205794,2020-2021,Fès-Meknès,FES,Moulay Yacoub,Rural,Masculin,Collégial,Vacataire,Français,29,3269,24,0,21
ENS205795,2021-2022,Rabat-Salé-Kénitra,RAB,Sidi Kacem,Urbain,Féminin,Qualifiant,Professeur certifié,Éducation physique,2,6178,22,1,16
ENS205796,2019-2020,Rabat-Salé-Kénitra,RAB,Khémisset,Rural,Masculin,Collégial,Professeur certifié,Anglais,24,7247,23,0,7
ENS205797,2017-2018,Fès-Meknès,FES,Taounate,Rural,Masculin,Collégial,Maître d'enseignement,Physique-Chimie,3,6662,30,1,0
ENS205798,2018-2019,Tanger-Tétouan-Al Hoceïma,TAN,Mdiq-Fnideq,Urbain,Féminin,Qualifiant,Instituteur,SVT,28,4619,27,0,10
ENS205799,2020-2021,Fès-Meknès,FES,Séfrou,Urbain,Féminin,Qualifiant,Contractuel,Éducation islamique,25,4213,20,1,13
ENS205800,2018-2019,Casablanca-Settat,CAS,Mohammadia,Rural,Masculin,Primaire,Maître d'enseignement,Philosophie,9,6242,31,1,19
ENS205801,2018-2019,Casablanca-Settat,CAS,El Jadida,Urbain,Masculin,Collégial,Instituteur,Éducation physique,18,4175,24,0,15
ENS205802,2020-2021,Tanger-Tétouan-Al Hoceïma,TAN,Chefchaouen,Rural,Masculin,Primaire,Contractuel,Philosophie,20,4397,19,0,0
ENS205803,2015-2016,Casablanca-Settat,CAS,Berrechid,Urbain,Masculin,Collégial,Instituteur,Mathématiques,14,4247,30,1,16
ENS205804,2019-2020,Souss-Massa,SOU,Tiznit,Urbain,Masculin,Primaire,Instituteur,Histoire-Géo,11,5829,20,1,19
ENS205805,2016-2017,Casablanca-Settat,CAS,Sidi Bennour,Rural,Masculin,Primaire,Professeur agrégé,Anglais,22,8696,24,0,0
ENS205806,2020-2021,Oriental,ORI,Nador,Urbain,Féminin,Collégial,Instituteur,Arabe,8,5370,18,0,0
ENS205807,2022-2023,Rabat-Salé-Kénitra,RAB,Salé,Rural,Féminin,Qualifiant,Professeur certifié,Mathématiques,13,5943,22,0,23
ENS205808,2018-2019,Rabat-Salé-Kénitra,RAB,Sidi Slimane,Rural,Féminin,Qualifiant,Professeur certifié,Mathématiques,8,4946,22,1,0
ENS205809,2019-2020,Oriental,ORI,Oujda-Angad,Urbain,Masculin,Collégial,Instituteur,Sciences,7,4778,23,0,13
ENS205810,2019-2020,Rabat-Salé-Kénitra,RAB,Kénitra,Urbain,Masculin,Collégial,Maître d'enseignement,Anglais,17,4750,22,0,8
ENS205811,2016-2017,Oriental,ORI,Nador,Rural,Féminin,Primaire,Contractuel,Arabe,12,4094,18,1,0
ENS205812,2018-2019,Fès-Meknès,FES,Taounate,Rural,Féminin,Primaire,Contractuel,Histoire-Géo,21,5028,21,0,15
ENS205813,2021-2022,Marrakech-Safi,MAR,Chichaoua,Urbain,Féminin,Qualifiant,Professeur agrégé,Éducation islamique,15,9959,28,1,0
ENS205814,2020-2021,Tanger-Tétouan-Al Hoceïma,TAN,Al Hoceïma,Rural,Féminin,Primaire,Instituteur,Éducation islamique,23,4991,30,1,3
ENS205815,2019-2020,Fès-Meknès,FES,Ifrane,Rural,Féminin,Collégial,Professeur certifié,Sciences,17,5428,22,0,0
ENS205816,2022-2023,Béni Mellal-Khénifra,BMK,Azilal,Urbain,Masculin,Qualifiant,Instituteur,SVT,9,4826,26,0,1
ENS205817,2015-2016,Casablanca-Settat,CAS,El Jadida,Urbain,Masculin,Qualifiant,Professeur certifié,Physique-Chimie,24,6601,21,1,3
ENS205818,2017-2018,Béni Mellal-Khénifra,BMK,Béni Mellal,Rural,Féminin,Primaire,Vacataire,Physique-Chimie,10,2838,20,0,1
ENS205819,2015-2016,Tanger-Tétouan-Al Hoceïma,TAN,Mdiq-Fnideq,Urbain,Masculin,Qualifiant,Instituteur,Français,33,4636,30,0,9
ENS205820,2018-2019,Fès-Meknès,FES,Taza,Rural,Féminin,Primaire,Professeur certifié,Français,24,5987,31,1,18
ENS205821,2015-2016,Béni Mellal-Khénifra,BMK,Azilal,Urbain,Masculin,Primaire,Professeur certifié,Français,3,6369,26,1,0
ENS205822,2016-2017,Fès-Meknès,FES,Meknès,Urbain,Masculin,Collégial,Maître d'enseignement,Anglais,31,5150,24,0,0
ENS205823,2023-2024,Casablanca-Settat,CAS,Sidi Bennour,Rural,Masculin,Primaire,Maître d'enseignement,Mathématiques,3,5255,28,1,9
ENS205824,2019-2020,Casablanca-Settat,CAS,Benslimane,Rural,Masculin,Primaire,Professeur certifié,Sciences,23,5712,21,0,10
ENS205825,2021-2022,Fès-Meknès,FES,Ifrane,Rural,Féminin,Primaire,Contractuel,Philosophie,15,3891,31,0,0
ENS205826,2016-2017,Drâa-Tafilalet,DRA,Ouarzazate,Rural,Masculin,Primaire,Maître d'enseignement,Philosophie,16,6124,21,0,19
ENS205827,2017-2018,Casablanca-Settat,CAS,Khouribga,Urbain,Masculin,Collégial,Contractuel,SVT,18,4258,26,0,14
ENS205828,2021-2022,Marrakech-Safi,MAR,Chichaoua,Urbain,Masculin,Qualifiant,Professeur agrégé,Sciences,25,9391,30,1,16
ENS205829,2021-2022,Tanger-Tétouan-Al Hoceïma,TAN,Al Hoceïma,Rural,Masculin,Primaire,Contractuel,Mathématiques,23,4448,23,1,7
ENS205830,2017-2018,Marrakech-Safi,MAR,Al Haouz,Urbain,Féminin,Collégial,Professeur agrégé,Éducation islamique,2,7875,21,0,2
ENS205831,2019-2020,Rabat-Salé-Kénitra,RAB,Sidi Slimane,Urbain,Masculin,Collégial,Contractuel,Mathématiques,17,3400,24,1,18
ENS205832,2015-2016,Dakhla-Oued Eddahab,DAK,Dakhla,Urbain,Féminin,Primaire,Contractuel,Français,2,4160,24,0,0
ENS205833,2023-2024,Casablanca-Settat,CAS,Settat,Urbain,Masculin,Qualifiant,Contractuel,SVT,9,3245,25,1,0
ENS205834,2015-2016,Oriental,ORI,Figuig,Urbain,Féminin,Qualifiant,Professeur certifié,Éducation islamique,30,6253,29,0,1
ENS205835,2016-2017,Casablanca-Settat,CAS,Sidi Bennour,Urbain,Masculin,Collégial,Instituteur,Éducation islamique,28,5110,31,1,22
ENS205836,2017-2018,Souss-Massa,SOU,Taroudannt,Urbain,Masculin,Collégial,Professeur certifié,Arabe,29,6784,19,0,23
ENS205837,2015-2016,Béni Mellal-Khénifra,BMK,El Kelaa des Sraghna,Urbain,Féminin,Qualifiant,Maître d'enseignement,Philosophie,27,6166,26,0,0
ENS205838,2017-2018,Oriental,ORI,Driouch,Urbain,Féminin,Qualifiant,Instituteur,SVT,21,4588,31,0,0
ENS205839,2017-2018,Marrakech-Safi,MAR,Essaouira,Urbain,Masculin,Qualifiant,Maître d'enseignement,SVT,10,6231,29,0,5
ENS205840,2018-2019,Casablanca-Settat,CAS,Sidi Bennour,Rural,Masculin,Primaire,Instituteur,Philosophie,5,5033,21,1,8
ENS205841,2021-2022,Béni Mellal-Khénifra,BMK,Azilal,Urbain,Masculin,Qualifiant,Professeur certifié,Français,10,7220,26,0,8
ENS205842,2021-2022,Drâa-Tafilalet,DRA,Tinghir,Urbain,Masculin,Collégial,Maître d'enseignement,SVT,26,5367,20,0,1
ENS205843,2019-2020,Fès-Meknès,FES,Ifrane,Urbain,Masculin,Primaire,Instituteur,Physique-Chimie,31,4895,30,0,24
ENS205844,2016-2017,Rabat-Salé-Kénitra,RAB,Kénitra,Urbain,Féminin,Primaire,Instituteur,Physique-Chimie,28,4638,22,0,22
ENS205845,2018-2019,Oriental,ORI,Guercif,Urbain,Masculin,Primaire,Instituteur,Sciences,16,4472,30,0,17
ENS205846,2016-2017,Rabat-Salé-Kénitra,RAB,Rabat,Urbain,Masculin,Primaire,Professeur certifié,Éducation physique,24,5779,28,1,0
ENS205847,2018-2019,Marrakech-Safi,MAR,El Kelaa des Sraghna,Urbain,Masculin,Primaire,Instituteur,Sciences,12,5523,25,1,15
ENS205848,2015-2016,Drâa-Tafilalet,DRA,Errachidia,Urbain,Masculin,Collégial,Instituteur,Français,24,4453,18,0,0
ENS205849,2016-2017,Souss-Massa,SOU,Inezgane-Ait Melloul,Rural,Masculin,Primaire,Maître d'enseignement,Anglais,17,6592,31,0,0
ENS205850,2022-2023,Casablanca-Settat,CAS,Berrechid,Rural,Masculin,Primaire,Instituteur,Anglais,4,5636,25,1,13
ENS205851,2017-2018,Fès-Meknès,FES,Taounate,Urbain,Masculin,Collégial,Contractuel,Sciences,24,5169,31,1,9
ENS205852,2015-2016,Drâa-Tafilalet,DRA,Ouarzazate,Rural,Féminin,Primaire,Contractuel,Mathématiques,32,3668,22,1,12
ENS205853,2016-2017,Guelmim-Oued Noun,GUE,Guelmim,Rural,Masculin,Collégial,Professeur certifié,Anglais,18,5530,28,0,17
ENS205854,2022-2023,Marrakech-Safi,MAR,Al Haouz,Rural,Féminin,Qualifiant,Instituteur,Physique-Chimie,13,4569,26,0,0
ENS205855,2016-2017,Tanger-Tétouan-Al Hoceïma,TAN,Larache,Rural,Masculin,Primaire,Instituteur,Physique-Chimie,25,4644,18,1,19
ENS205856,2021-2022,Marrakech-Safi,MAR,Al Haouz,Rural,Féminin,Collégial,Contractuel,SVT,12,3775,24,0,0
ENS205857,2019-2020,Casablanca-Settat,CAS,Settat,Urbain,Masculin,Primaire,Instituteur,Philosophie,29,5411,19,0,0
ENS205858,2017-2018,Casablanca-Settat,CAS,Mohammadia,Rural,Masculin,Primaire,Professeur certifié,Physique-Chimie,4,6258,18,1,8
ENS205859,2016-2017,Oriental,ORI,Figuig,Rural,Féminin,Qualifiant,Professeur agrégé,Éducation islamique,30,9076,19,1,21
ENS205860,2018-2019,Béni Mellal-Khénifra,BMK,Khouribga,Rural,Féminin,Qualifiant,Professeur certifié,SVT,21,5763,18,0,0
ENS205861,2020-2021,Oriental,ORI,Taourirt,Urbain,Masculin,Collégial,Vacataire,Anglais,28,4039,30,0,0
ENS205862,2020-2021,Drâa-Tafilalet,DRA,Tinghir,Urbain,Masculin,Primaire,Professeur agrégé,Histoire-Géo,21,8787,21,0,16
ENS205863,2015-2016,Fès-Meknès,FES,Meknès,Urbain,Masculin,Primaire,Instituteur,Éducation islamique,15,5279,30,1,13
ENS205864,2018-2019,Casablanca-Settat,CAS,El Jadida,Urbain,Féminin,Primaire,Contractuel,Philosophie,19,4400,24,1,0
ENS205865,2020-2021,Souss-Massa,SOU,Inezgane-Ait Melloul,Rural,Masculin,Collégial,Professeur agrégé,Histoire-Géo,33,8526,26,0,15
ENS205866,2022-2023,Marrakech-Safi,MAR,Chichaoua,Urbain,Féminin,Collégial,Instituteur,Éducation physique,1,5595,18,1,0
ENS205867,2015-2016,Tanger-Tétouan-Al Hoceïma,TAN,Tanger-Assilah,Rural,Féminin,Collégial,Maître d'enseignement,Arabe,17,5607,21,1,12
ENS205868,2018-2019,Béni Mellal-Khénifra,BMK,Béni Mellal,Urbain,Féminin,Primaire,Professeur agrégé,Anglais,1,8300,26,1,0
ENS205869,2015-2016,Souss-Massa,SOU,Agadir-Ida-Ou-Tanane,Rural,Masculin,Collégial,Maître d'enseignement,Physique-Chimie,11,4656,27,0,6
ENS205870,2020-2021,Casablanca-Settat,CAS,Mohammadia,Urbain,Féminin,Primaire,Contractuel,Français,1,3459,22,1,0
ENS205871,2016-2017,Casablanca-Settat,CAS,Berrechid,Urbain,Féminin,Primaire,Contractuel,Arabe,5,3315,31,0,4
ENS205872,2019-2020,Souss-Massa,SOU,Chtouka-Ait Baha,Urbain,Masculin,Primaire,Instituteur,Physique-Chimie,12,5842,19,0,20
ENS205873,2017-2018,Marrakech-Safi,MAR,Marrakech,Rural,Masculin,Qualifiant,Professeur agrégé,Sciences,27,8570,28,0,0
ENS205874,2017-2018,Fès-Meknès,FES,Moulay Yacoub,Rural,Féminin,Primaire,Professeur certifié,Français,34,7016,19,1,7
ENS205875,2019-2020,Casablanca-Settat,CAS,Benslimane,Rural,Masculin,Collégial,Maître d'enseignement,Histoire-Géo,3,5272,30,1,0
ENS205876,2016-2017,Tanger-Tétouan-Al Hoceïma,TAN,Al Hoceïma,Urbain,Féminin,Collégial,Contractuel,Français,20,4786,19,1,0
ENS205877,2021-2022,Drâa-Tafilalet,DRA,Tinghir,Urbain,Masculin,Collégial,Professeur certifié,Arabe,29,6844,27,0,13
ENS205878,2019-2020,Casablanca-Settat,CAS,Mohammadia,Urbain,Masculin,Primaire,Instituteur,Philosophie,29,4699,31,1,0
ENS205879,2019-2020,Marrakech-Safi,MAR,Youssoufia,Rural,Masculin,Collégial,Professeur certifié,Français,17,6401,22,0,23
ENS205880,2015-2016,Tanger-Tétouan-Al Hoceïma,TAN,Larache,Urbain,Féminin,Collégial,Professeur certifié,Mathématiques,29,6176,22,0,0
ENS205881,2020-2021,Casablanca-Settat,CAS,Settat,Rural,Masculin,Qualifiant,Professeur certifié,Mathématiques,25,5545,23,0,0
ENS205882,2015-2016,Souss-Massa,SOU,Agadir-Ida-Ou-Tanane,Urbain,Féminin,Primaire,Instituteur,Histoire-Géo,22,5289,31,0,0
ENS205883,2023-2024,Souss-Massa,SOU,Chtouka-Ait Baha,Rural,Masculin,Primaire,Professeur agrégé,Anglais,14,9265,19,1,4
ENS205884,2017-2018,Fès-Meknès,FES,Meknès,Rural,Masculin,Qualifiant,Professeur agrégé,Histoire-Géo,30,8479,26,1,5
ENS205885,2020-2021,Casablanca-Settat,CAS,Settat,Urbain,Féminin,Préscolaire,Maître d'enseignement,Sciences,27,5060,25,1,0
ENS205886,2015-2016,Souss-Massa,SOU,Chtouka-Ait Baha,Urbain,Masculin,Primaire,Instituteur,Éducation islamique,29,5004,23,0,13
ENS205887,2016-2017,Oriental,ORI,Berkane,Urbain,Masculin,Primaire,Professeur certifié,Éducation islamique,9,7061,28,0,24
ENS205888,2023-2024,Casablanca-Settat,CAS,Casablanca,Rural,Masculin,Primaire,Instituteur,SVT,22,5389,23,0,0
ENS205889,2017-2018,Casablanca-Settat,CAS,Settat,Rural,Féminin,Primaire,Instituteur,Arabe,33,5182,29,1,0
ENS205890,2019-2020,Fès-Meknès,FES,Taounate,Rural,Masculin,Qualifiant,Professeur certifié,Sciences,11,5605,19,0,0
ENS205891,2015-2016,Tanger-Tétouan-Al Hoceïma,TAN,Ouazzane,Rural,Féminin,Primaire,Instituteur,SVT,8,5552,18,0,0
ENS205892,2020-2021,Souss-Massa,SOU,Chtouka-Ait Baha,Rural,Féminin,Qualifiant,Instituteur,Éducation islamique,11,5457,22,1,9
ENS205893,2021-2022,Rabat-Salé-Kénitra,RAB,Salé,Rural,Féminin,Collégial,Professeur certifié,Éducation islamique,6,6934,29,0,5
ENS205894,2023-2024,Casablanca-Settat,CAS,Sidi Bennour,Rural,Masculin,Primaire,Professeur certifié,Mathématiques,24,6231,19,0,15
ENS205895,2019-2020,Marrakech-Safi,MAR,Safi,Rural,Masculin,Collégial,Professeur certifié,Mathématiques,22,7782,23,1,20
ENS205896,2021-2022,Fès-Meknès,FES,Fès,Rural,Masculin,Qualifiant,Maître d'enseignement,Philosophie,18,5273,28,0,24
ENS205897,2016-2017,Marrakech-Safi,MAR,Al Haouz,Rural,Féminin,Primaire,Instituteur,Éducation islamique,30,4647,19,0,24
ENS205898,2023-2024,Marrakech-Safi,MAR,Al Haouz,Urbain,Masculin,Qualifiant,Professeur certifié,Histoire-Géo,13,6330,26,0,13
ENS205899,2017-2018,Fès-Meknès,FES,Taounate,Rural,Féminin,Qualifiant,Instituteur,Français,29,4699,27,1,2
ENS205900,2017-2018,Béni Mellal-Khénifra,BMK,Azilal,Rural,Féminin,Collégial,Instituteur,SVT,8,5500,24,0,20
ENS205901,2022-2023,Souss-Massa,SOU,Tata,Rural,Féminin,Collégial,Maître d'enseignement,Éducation islamique,13,5197,28,0,1
ENS205902,2015-2016,Casablanca-Settat,CAS,Khouribga,Urbain,Féminin,Primaire,Maître d'enseignement,Sciences,12,5453,22,0,0
ENS205903,2021-2022,Béni Mellal-Khénifra,BMK,Azilal,Urbain,Féminin,Qualifiant,Vacataire,Mathématiques,28,2655,21,1,13
ENS205904,2015-2016,Béni Mellal-Khénifra,BMK,Fquih Ben Salah,Rural,Masculin,Collégial,Contractuel,Sciences,13,4257,18,0,4
ENS205905,2019-2020,Béni Mellal-Khénifra,BMK,Khouribga,Urbain,Masculin,Primaire,Professeur certifié,Philosophie,8,6935,18,0,24
ENS205906,2019-2020,Oriental,ORI,Nador,Rural,Féminin,Primaire,Professeur agrégé,Histoire-Géo,12,8873,26,0,6
ENS205907,2020-2021,Béni Mellal-Khénifra,BMK,Fquih Ben Salah,Rural,Féminin,Primaire,Maître d'enseignement,Mathématiques,22,3914,25,1,0
ENS205908,2019-2020,Rabat-Salé-Kénitra,RAB,Rabat,Rural,Féminin,Collégial,Vacataire,Mathématiques,7,2698,19,0,0
ENS205909,2020-2021,Béni Mellal-Khénifra,BMK,Fquih Ben Salah,Urbain,Masculin,Primaire,Contractuel,Français,12,5309,25,1,20
ENS205910,2018-2019,Oriental,ORI,Nador,Urbain,Masculin,Primaire,Contractuel,Français,22,4776,25,0,20
ENS205911,2017-2018,Souss-Massa,SOU,Agadir-Ida-Ou-Tanane,Rural,Masculin,Collégial,Professeur certifié,Arabe,8,6210,20,1,5
ENS205912,2017-2018,Drâa-Tafilalet,DRA,Tinghir,Urbain,Féminin,Primaire,Instituteur,SVT,23,5490,24,1,9
ENS205913,2023-2024,Souss-Massa,SOU,Inezgane-Ait Melloul,Urbain,Féminin,Collégial,Professeur agrégé,Arabe,34,8450,22,1,12
ENS205914,2016-2017,Oriental,ORI,Taourirt,Urbain,Masculin,Primaire,Instituteur,Sciences,27,4659,31,0,0
ENS205915,2022-2023,Casablanca-Settat,CAS,Khouribga,Rural,Féminin,Collégial,Instituteur,SVT,8,4959,20,1,10
ENS205916,2017-2018,Rabat-Salé-Kénitra,RAB,Khémisset,Urbain,Masculin,Primaire,Contractuel,Physique-Chimie,11,3851,26,0,8
ENS205917,2017-2018,Casablanca-Settat,CAS,Settat,Rural,Masculin,Qualifiant,Maître d'enseignement,Arabe,32,6784,23,1,23
ENS205918,2021-2022,Marrakech-Safi,MAR,Marrakech,Rural,Masculin,Primaire,Professeur certifié,SVT,26,8371,30,0,5
ENS205919,2022-2023,Marrakech-Safi,MAR,Al Haouz,Urbain,Masculin,Collégial,Instituteur,Physique-Chimie,23,4359,22,1,20
ENS205920,2016-2017,Fès-Meknès,FES,Moulay Yacoub,Urbain,Masculin,Préscolaire,Instituteur,Mathématiques,11,5462,18,0,3
ENS205921,2022-2023,Béni Mellal-Khénifra,BMK,Azilal,Urbain,Masculin,Collégial,Instituteur,Arabe,32,5413,18,1,7
ENS205922,2022-2023,Marrakech-Safi,MAR,Chichaoua,Urbain,Féminin,Primaire,Instituteur,Physique-Chimie,8,4072,30,0,16
ENS205923,2015-2016,Béni Mellal-Khénifra,BMK,El Kelaa des Sraghna,Rural,Féminin,Primaire,Professeur certifié,Mathématiques,25,6546,26,1,4
ENS205924,2018-2019,Souss-Massa,SOU,Agadir-Ida-Ou-Tanane,Urbain,Masculin,Primaire,Professeur certifié,Philosophie,31,7134,29,0,9
ENS205925,2017-2018,Fès-Meknès,FES,Séfrou,Urbain,Masculin,Préscolaire,Professeur certifié,Mathématiques,25,6336,20,1,23
ENS205926,2021-2022,Rabat-Salé-Kénitra,RAB,Sidi Kacem,Rural,Masculin,Primaire,Instituteur,Physique-Chimie,25,6809,20,0,0
ENS205927,2023-2024,Casablanca-Settat,CAS,Benslimane,Urbain,Masculin,Primaire,Instituteur,Éducation physique,24,5581,24,1,0
ENS205928,2020-2021,Casablanca-Settat,CAS,El Jadida,Rural,Masculin,Primaire,Contractuel,Physique-Chimie,10,4293,18,0,4
ENS205929,2018-2019,Béni Mellal-Khénifra,BMK,El Kelaa des Sraghna,Rural,Féminin,Primaire,Contractuel,SVT,5,4435,19,0,18
ENS205930,2020-2021,Souss-Massa,SOU,Tiznit,Urbain,Masculin,Collégial,Professeur certifié,Anglais,13,6840,31,0,2
ENS205931,2023-2024,Casablanca-Settat,CAS,Casablanca,Urbain,Masculin,Primaire,Professeur agrégé,Anglais,13,8621,30,0,20
ENS205932,2019-2020,Casablanca-Settat,CAS,Khouribga,Rural,Masculin,Primaire,Professeur certifié,Physique-Chimie,12,5287,31,1,0
ENS205933,2022-2023,Fès-Meknès,FES,Taza,Urbain,Masculin,Primaire,Professeur agrégé,Français,16,7651,21,0,15
ENS205934,2017-2018,Casablanca-Settat,CAS,El Jadida,Rural,Masculin,Qualifiant,Professeur certifié,Physique-Chimie,14,6213,25,1,23
ENS205935,2019-2020,Oriental,ORI,Oujda-Angad,Urbain,Masculin,Primaire,Contractuel,Éducation physique,11,3999,24,1,1
ENS205936,2023-2024,Tanger-Tétouan-Al Hoceïma,TAN,Tétouan,Rural,Masculin,Primaire,Professeur certifié,Français,3,6610,19,0,0
ENS205937,2022-2023,Tanger-Tétouan-Al Hoceïma,TAN,Ouazzane,Urbain,Masculin,Primaire,Maître d'enseignement,Éducation islamique,24,4401,29,1,5
ENS205938,2020-2021,Souss-Massa,SOU,Tata,Rural,Masculin,Qualifiant,Instituteur,Éducation physique,18,5848,31,1,12
ENS205939,2022-2023,Béni Mellal-Khénifra,BMK,Fquih Ben Salah,Rural,Masculin,Primaire,Instituteur,Arabe,24,4702,20,1,10
ENS205940,2018-2019,Rabat-Salé-Kénitra,RAB,Salé,Rural,Masculin,Qualifiant,Instituteur,Anglais,5,5195,22,1,8
ENS205941,2016-2017,Béni Mellal-Khénifra,BMK,Béni Mellal,Rural,Féminin,Primaire,Instituteur,Mathématiques,16,4084,20,0,24
ENS205942,2018-2019,Rabat-Salé-Kénitra,RAB,Skhirate-Témara,Urbain,Masculin,Collégial,Contractuel,Français,24,3661,19,0,5
ENS205943,2020-2021,Oriental,ORI,Guercif,Urbain,Féminin,Primaire,Instituteur,Philosophie,26,4486,23,1,2
ENS205944,2016-2017,Souss-Massa,SOU,Taroudannt,Urbain,Masculin,Collégial,Contractuel,Physique-Chimie,18,3966,18,0,0
ENS205945,2023-2024,Oriental,ORI,Berkane,Urbain,Masculin,Primaire,Professeur certifié,Mathématiques,17,6391,31,1,0
ENS205946,2022-2023,Tanger-Tétouan-Al Hoceïma,TAN,Mdiq-Fnideq,Urbain,Féminin,Primaire,Instituteur,SVT,20,4477,22,0,7
ENS205947,2016-2017,Casablanca-Settat,CAS,Khouribga,Urbain,Masculin,Collégial,Professeur certifié,Philosophie,25,6278,31,0,6
ENS205948,2020-2021,Casablanca-Settat,CAS,Sidi Bennour,Rural,Masculin,Qualifiant,Professeur certifié,Philosophie,16,6664,26,0,10
ENS205949,2021-2022,Rabat-Salé-Kénitra,RAB,Salé,Urbain,Masculin,Qualifiant,Instituteur,SVT,30,4480,26,0,7
ENS205950,2015-2016,Casablanca-Settat,CAS,Berrechid,Rural,Masculin,Primaire,Professeur certifié,Éducation physique,21,5731,25,1,14
ENS205951,2023-2024,Souss-Massa,SOU,Agadir-Ida-Ou-Tanane,Rural,Féminin,Préscolaire,Professeur certifié,Éducation physique,32,7506,18,0,1
ENS205952,2022-2023,Oriental,ORI,Jerada,Rural,Masculin,Primaire,Professeur certifié,Éducation islamique,11,6880,20,1,22
ENS205953,2021-2022,Fès-Meknès,FES,Boulemane,Rural,Masculin,Préscolaire,Instituteur,Histoire-Géo,8,4245,21,0,20
ENS205954,2016-2017,Souss-Massa,SOU,Chtouka-Ait Baha,Rural,Masculin,Primaire,Professeur agrégé,Français,22,8544,20,0,0
ENS205955,2016-2017,Marrakech-Safi,MAR,Chichaoua,Urbain,Masculin,Primaire,Maître d'enseignement,Éducation islamique,14,5728,31,0,8
ENS205956,2017-2018,Béni Mellal-Khénifra,BMK,Fquih Ben Salah,Rural,Masculin,Collégial,Professeur certifié,Français,21,6005,25,0,3
ENS205957,2016-2017,Marrakech-Safi,MAR,Marrakech,Urbain,Masculin,Collégial,Professeur agrégé,Éducation physique,23,8152,22,0,8
ENS205958,2020-2021,Drâa-Tafilalet,DRA,Ouarzazate,Urbain,Masculin,Primaire,Instituteur,Histoire-Géo,26,5003,31,0,13
ENS205959,2016-2017,Fès-Meknès,FES,El Hajeb,Urbain,Féminin,Primaire,Maître d'enseignement,Philosophie,14,5702,20,1,17
ENS205960,2022-2023,Rabat-Salé-Kénitra,RAB,Salé,Rural,Masculin,Primaire,Professeur certifié,Français,22,6035,18,0,1
ENS205961,2018-2019,Casablanca-Settat,CAS,Mohammadia,Rural,Masculin,Qualifiant,Contractuel,Éducation islamique,20,4800,22,0,22
ENS205962,2020-2021,Casablanca-Settat,CAS,Settat,Rural,Masculin,Qualifiant,Professeur certifié,SVT,2,6214,21,1,22
ENS205963,2019-2020,Fès-Meknès,FES,Moulay Yacoub,Urbain,Féminin,Primaire,Instituteur,Histoire-Géo,2,4740,22,1,4
ENS205964,2015-2016,Béni Mellal-Khénifra,BMK,El Kelaa des Sraghna,Urbain,Masculin,Primaire,Maître d'enseignement,Arabe,2,7265,28,0,21
ENS205965,2017-2018,Casablanca-Settat,CAS,Khouribga,Urbain,Masculin,Qualifiant,Professeur certifié,Arabe,15,7622,29,0,11
ENS205966,2021-2022,Rabat-Salé-Kénitra,RAB,Khémisset,Rural,Masculin,Qualifiant,Professeur certifié,Éducation islamique,12,7368,26,0,0
ENS205967,2016-2017,Béni Mellal-Khénifra,BMK,Azilal,Urbain,Masculin,Primaire,Professeur certifié,Histoire-Géo,28,5969,30,0,22
ENS205968,2019-2020,Souss-Massa,SOU,Agadir-Ida-Ou-Tanane,Urbain,Féminin,Collégial,Professeur certifié,SVT,26,6313,22,1,15
ENS205969,2019-2020,Marrakech-Safi,MAR,Marrakech,Rural,Féminin,Qualifiant,Maître d'enseignement,Arabe,4,5277,28,1,24
ENS205970,2016-2017,Rabat-Salé-Kénitra,RAB,Rabat,Rural,Masculin,Primaire,Contractuel,Français,13,5689,19,1,0
ENS205971,2022-2023,Marrakech-Safi,MAR,Chichaoua,Rural,Masculin,Primaire,Professeur certifié,Anglais,7,4893,18,1,15
ENS205972,2016-2017,Tanger-Tétouan-Al Hoceïma,TAN,Ouazzane,Urbain,Féminin,Qualifiant,Instituteur,SVT,12,3945,30,0,14
ENS205973,2020-2021,Tanger-Tétouan-Al Hoceïma,TAN,Ouazzane,Urbain,Masculin,Qualifiant,Instituteur,Éducation physique,30,6054,24,0,13
ENS205974,2020-2021,Béni Mellal-Khénifra,BMK,Khouribga,Urbain,Féminin,Collégial,Instituteur,Éducation physique,17,4345,30,1,8
ENS205975,2019-2020,Rabat-Salé-Kénitra,RAB,Sidi Slimane,Urbain,Féminin,Primaire,Maître d'enseignement,Français,26,6468,26,0,16
ENS205976,2022-2023,Souss-Massa,SOU,Inezgane-Ait Melloul,Urbain,Féminin,Collégial,Professeur certifié,Anglais,30,7019,31,1,5
ENS205977,2018-2019,Oriental,ORI,Berkane,Urbain,Masculin,Qualifiant,Instituteur,Anglais,13,5487,24,0,20
ENS205978,2019-2020,Souss-Massa,SOU,Taroudannt,Rural,Masculin,Primaire,Professeur agrégé,Français,11,8175,27,1,12
ENS205979,2016-2017,Marrakech-Safi,MAR,El Kelaa des Sraghna,Rural,Masculin,Primaire,Instituteur,Sciences,8,4068,21,1,13
ENS205980,2020-2021,Marrakech-Safi,MAR,Marrakech,Urbain,Féminin,Primaire,Contractuel,Physique-Chimie,6,5268,25,0,0
ENS205981,2020-2021,Casablanca-Settat,CAS,Settat,Urbain,Féminin,Primaire,Instituteur,Anglais,21,4064,20,0,4
ENS205982,2022-2023,Rabat-Salé-Kénitra,RAB,Skhirate-Témara,Urbain,Masculin,Primaire,Maître d'enseignement,Arabe,30,5018,20,0,13
ENS205983,2020-2021,Casablanca-Settat,CAS,Mohammadia,Urbain,Masculin,Qualifiant,Vacataire,SVT,17,2597,26,0,10
ENS205984,2020-2021,Tanger-Tétouan-Al Hoceïma,TAN,Al Hoceïma,Rural,Féminin,Collégial,Instituteur,Français,33,3682,18,0,0
ENS205985,2018-2019,Drâa-Tafilalet,DRA,Errachidia,Urbain,Féminin,Primaire,Professeur certifié,Philosophie,24,6814,28,0,8
ENS205986,2023-2024,Oriental,ORI,Nador,Rural,Masculin,Qualifiant,Instituteur,Anglais,10,5371,24,0,18
ENS205987,2018-2019,Marrakech-Safi,MAR,Essaouira,Urbain,Masculin,Primaire,Maître d'enseignement,Éducation physique,34,5293,21,1,0
ENS205988,2018-2019,Souss-Massa,SOU,Chtouka-Ait Baha,Urbain,Masculin,Primaire,Maître d'enseignement,Histoire-Géo,33,4837,18,0,2
ENS205989,2020-2021,Rabat-Salé-Kénitra,RAB,Khémisset,Rural,Masculin,Primaire,Maître d'enseignement,Français,17,5794,25,1,0
ENS205990,2017-2018,Casablanca-Settat,CAS,Mohammadia,Rural,Masculin,Qualifiant,Instituteur,Éducation islamique,21,4545,31,0,5
ENS205991,2022-2023,Casablanca-Settat,CAS,Settat,Urbain,Masculin,Primaire,Maître d'enseignement,SVT,23,7059,25,0,20
ENS205992,2016-2017,Tanger-Tétouan-Al Hoceïma,TAN,Ouazzane,Urbain,Féminin,Qualifiant,Professeur certifié,Anglais,31,5811,28,1,16
ENS205993,2020-2021,Marrakech-Safi,MAR,Safi,Urbain,Féminin,Collégial,Instituteur,Éducation physique,13,5071,25,1,0
ENS205994,2015-2016,Fès-Meknès,FES,Boulemane,Urbain,Féminin,Primaire,Professeur agrégé,Philosophie,17,8169,21,0,0
ENS205995,2015-2016,Tanger-Tétouan-Al Hoceïma,TAN,Ouazzane,Urbain,Masculin,Collégial,Contractuel,Éducation islamique,31,4694,31,1,6
ENS205996,2020-2021,Marrakech-Safi,MAR,Marrakech,Rural,Féminin,Primaire,Instituteur,Philosophie,3,5424,26,0,0
ENS205997,2020-2021,Tanger-Tétouan-Al Hoceïma,TAN,Fahs-Anjra,Rural,Féminin,Primaire,Maître d'enseignement,Français,33,5454,31,1,15
ENS205998,2015-2016,Casablanca-Settat,CAS,Berrechid,Urbain,Féminin,Primaire,Contractuel,Philosophie,8,3554,31,0,4
ENS205999,2019-2020,Drâa-Tafilalet,DRA,Ouarzazate,Urbain,Féminin,Primaire,Maître d'enseignement,Histoire-Géo,9,5411,27,0,18
ENS206000,2023-2024,Casablanca-Settat,CAS,Berrechid,Rural,Féminin,Primaire,Professeur certifié,Français,31,7970,18,0,14
ENS206001,2019-2020,Drâa-Tafilalet,DRA,Zagora,Rural,Féminin,Primaire,Maître d'enseignement,Mathématiques,13,5530,27,0,23
ENS206002,2017-2018,Rabat-Salé-Kénitra,RAB,Kénitra,Urbain,Féminin,Collégial,Professeur certifié,Éducation islamique,16,7086,24,1,0
ENS206003,2015-2016,Marrakech-Safi,MAR,Youssoufia,Urbain,Masculin,Collégial,Contractuel,Sciences,13,3418,23,1,12
ENS206004,2022-2023,Tanger-Tétouan-Al Hoceïma,TAN,Ouazzane,Rural,Masculin,Primaire,Professeur certifié,Mathématiques,6,6550,19,0,13
ENS206005,2017-2018,Rabat-Salé-Kénitra,RAB,Kénitra,Urbain,Masculin,Primaire,Professeur certifié,Physique-Chimie,24,6561,20,0,22
ENS206006,2015-2016,Drâa-Tafilalet,DRA,Tinghir,Urbain,Masculin,Collégial,Instituteur,Sciences,20,5230,28,1,13
ENS206007,2017-2018,Tanger-Tétouan-Al Hoceïma,TAN,Tanger-Assilah,Rural,Masculin,Qualifiant,Maître d'enseignement,Physique-Chimie,25,4655,18,0,20
ENS206008,2016-2017,Rabat-Salé-Kénitra,RAB,Khémisset,Urbain,Masculin,Qualifiant,Instituteur,Mathématiques,6,3965,26,1,0
ENS206009,2020-2021,Casablanca-Settat,CAS,Berrechid,Rural,Féminin,Primaire,Professeur certifié,Éducation physique,12,6064,29,1,4
ENS206010,2022-2023,Rabat-Salé-Kénitra,RAB,Skhirate-Témara,Rural,Féminin,Primaire,Maître d'enseignement,Éducation physique,16,5789,30,1,6
ENS206011,2017-2018,Souss-Massa,SOU,Taroudannt,Urbain,Masculin,Primaire,Professeur certifié,Arabe,25,6659,18,0,20
ENS206012,2018-2019,Drâa-Tafilalet,DRA,Errachidia,Rural,Féminin,Primaire,Instituteur,Mathématiques,31,4842,28,0,0
ENS206013,2016-2017,Tanger-Tétouan-Al Hoceïma,TAN,Ouazzane,Rural,Féminin,Primaire,Professeur certifié,Physique-Chimie,30,6350,27,1,0
ENS206014,2019-2020,Casablanca-Settat,CAS,Benslimane,Rural,Masculin,Primaire,Instituteur,SVT,1,5478,25,1,14
ENS206015,2019-2020,Guelmim-Oued Noun,GUE,Assa-Zag,Rural,Féminin,Préscolaire,Professeur certifié,Physique-Chimie,15,6928,19,0,9
ENS206016,2017-2018,Oriental,ORI,Taourirt,Rural,Masculin,Collégial,Instituteur,Mathématiques,23,5853,25,0,0
ENS206017,2022-2023,Marrakech-Safi,MAR,El Kelaa des Sraghna,Urbain,Masculin,Préscolaire,Professeur certifié,Mathématiques,34,6287,20,0,0
ENS206018,2016-2017,Tanger-Tétouan-Al Hoceïma,TAN,Tétouan,Urbain,Masculin,Primaire,Maître d'enseignement,SVT,17,6215,29,1,14
ENS206019,2016-2017,Rabat-Salé-Kénitra,RAB,Rabat,Rural,Masculin,Primaire,Professeur certifié,Arabe,6,6879,29,0,2
ENS206020,2017-2018,Casablanca-Settat,CAS,Sidi Bennour,Urbain,Féminin,Collégial,Instituteur,Arabe,11,4973,19,0,23
ENS206021,2017-2018,Rabat-Salé-Kénitra,RAB,Skhirate-Témara,Urbain,Masculin,Primaire,Instituteur,Éducation physique,5,3585,27,1,20
ENS206022,2019-2020,Tanger-Tétouan-Al Hoceïma,TAN,Chefchaouen,Rural,Féminin,Primaire,Professeur certifié,Français,17,6374,20,0,0
ENS206023,2022-2023,Fès-Meknès,FES,Meknès,Urbain,Masculin,Collégial,Professeur certifié,Français,22,5941,23,0,0
ENS206024,2020-2021,Rabat-Salé-Kénitra,RAB,Khémisset,Urbain,Féminin,Collégial,Professeur agrégé,Français,31,8310,24,1,20
ENS206025,2022-2023,Tanger-Tétouan-Al Hoceïma,TAN,Tétouan,Urbain,Masculin,Qualifiant,Instituteur,Physique-Chimie,18,4396,18,0,3
ENS206026,2020-2021,Oriental,ORI,Driouch,Urbain,Féminin,Primaire,Professeur certifié,Français,24,6361,20,0,15
ENS206027,2019-2020,Marrakech-Safi,MAR,Essaouira,Urbain,Masculin,Qualifiant,Contractuel,Éducation islamique,2,3867,20,1,0
ENS206028,2016-2017,Drâa-Tafilalet,DRA,Errachidia,Urbain,Masculin,Qualifiant,Professeur certifié,Mathématiques,3,6735,18,0,13
ENS206029,2021-2022,Casablanca-Settat,CAS,Khouribga,Rural,Féminin,Qualifiant,Contractuel,Anglais,14,2165,26,0,19
ENS206030,2017-2018,Laâyoune-Sakia El Hamra,LAA,Laâyoune,Urbain,Féminin,Qualifiant,Instituteur,SVT,15,4937,20,1,0
ENS206031,2020-2021,Fès-Meknès,FES,Moulay Yacoub,Rural,Masculin,Primaire,Instituteur,Mathématiques,33,5033,28,0,2
ENS206032,2022-2023,Béni Mellal-Khénifra,BMK,Khouribga,Urbain,Féminin,Primaire,Professeur certifié,Éducation physique,14,6949,18,1,18
ENS206033,2016-2017,Marrakech-Safi,MAR,Essaouira,Urbain,Féminin,Qualifiant,Contractuel,Arabe,32,4331,24,1,24
ENS206034,2017-2018,Marrakech-Safi,MAR,Safi,Rural,Masculin,Primaire,Instituteur,Mathématiques,12,5205,20,1,0
ENS206035,2022-2023,Rabat-Salé-Kénitra,RAB,Khémisset,Rural,Masculin,Primaire,Contractuel,Arabe,14,3264,29,1,15
ENS206036,2016-2017,Souss-Massa,SOU,Tiznit,Urbain,Féminin,Primaire,Professeur agrégé,Histoire-Géo,14,9082,24,1,20
ENS206037,2022-2023,Rabat-Salé-Kénitra,RAB,Sidi Kacem,Urbain,Masculin,Primaire,Instituteur,Arabe,34,4645,29,1,12
ENS206038,2018-2019,Tanger-Tétouan-Al Hoceïma,TAN,Chefchaouen,Rural,Masculin,Collégial,Professeur agrégé,Histoire-Géo,6,8178,23,1,17
ENS206039,2017-2018,Marrakech-Safi,MAR,Marrakech,Rural,Masculin,Collégial,Professeur agrégé,Mathématiques,4,9072,23,0,10
ENS206040,2021-2022,Casablanca-Settat,CAS,Berrechid,Rural,Féminin,Primaire,Professeur certifié,Mathématiques,19,6421,22,0,7
ENS206041,2017-2018,Souss-Massa,SOU,Chtouka-Ait Baha,Urbain,Féminin,Primaire,Professeur agrégé,Arabe,22,7837,22,1,13
ENS206042,2017-2018,Casablanca-Settat,CAS,Benslimane,Urbain,Féminin,Collégial,Contractuel,Sciences,15,4892,18,1,0
ENS206043,2021-2022,Fès-Meknès,FES,Boulemane,Urbain,Féminin,Primaire,Professeur agrégé,Mathématiques,1,7839,26,0,0
ENS206044,2015-2016,Casablanca-Settat,CAS,Berrechid,Rural,Féminin,Primaire,Vacataire,Philosophie,21,2098,24,1,0
ENS206045,2018-2019,Casablanca-Settat,CAS,Casablanca,Rural,Masculin,Primaire,Instituteur,Éducation islamique,13,5307,24,0,0
ENS206046,2022-2023,Drâa-Tafilalet,DRA,Tinghir,Urbain,Masculin,Collégial,Professeur certifié,Éducation islamique,2,5935,31,1,5
ENS206047,2020-2021,Béni Mellal-Khénifra,BMK,Béni Mellal,Urbain,Masculin,Primaire,Contractuel,Histoire-Géo,2,3470,22,1,0
ENS206048,2018-2019,Fès-Meknès,FES,Taounate,Urbain,Masculin,Collégial,Contractuel,Physique-Chimie,10,4779,24,1,0
ENS206049,2016-2017,Marrakech-Safi,MAR,Youssoufia,Urbain,Féminin,Primaire,Professeur agrégé,Philosophie,11,7939,26,0,5
ENS206050,2018-2019,Béni Mellal-Khénifra,BMK,Fquih Ben Salah,Urbain,Féminin,Primaire,Instituteur,Sciences,6,5889,30,1,9
ENS206051,2022-2023,Casablanca-Settat,CAS,Casablanca,Urbain,Masculin,Qualifiant,Instituteur,Sciences,20,5698,18,0,0
ENS206052,2015-2016,Marrakech-Safi,MAR,El Kelaa des Sraghna,Urbain,Féminin,Primaire,Maître d'enseignement,SVT,20,6342,20,1,11
ENS206053,2017-2018,Souss-Massa,SOU,Chtouka-Ait Baha,Urbain,Masculin,Collégial,Instituteur,Philosophie,31,5881,24,0,4
ENS206054,2023-2024,Rabat-Salé-Kénitra,RAB,Sidi Kacem,Rural,Féminin,Préscolaire,Professeur certifié,Philosophie,10,5953,20,0,3
ENS206055,2018-2019,Béni Mellal-Khénifra,BMK,Béni Mellal,Urbain,Masculin,Primaire,Contractuel,Histoire-Géo,18,6382,24,1,24
ENS206056,2022-2023,Laâyoune-Sakia El Hamra,LAA,Laâyoune,Urbain,Masculin,Collégial,Maître d'enseignement,Histoire-Géo,19,6081,25,0,0
ENS206057,2022-2023,Oriental,ORI,Figuig,Urbain,Féminin,Primaire,Vacataire,Physique-Chimie,2,2507,28,0,10
ENS206058,2022-2023,Béni Mellal-Khénifra,BMK,Azilal,Rural,Féminin,Collégial,Professeur certifié,Anglais,17,5371,22,1,17
ENS206059,2017-2018,Béni Mellal-Khénifra,BMK,Fquih Ben Salah,Urbain,Féminin,Primaire,Contractuel,Français,17,3427,19,1,0
ENS206060,2017-2018,Casablanca-Settat,CAS,Berrechid,Rural,Masculin,Primaire,Instituteur,Sciences,15,3065,21,1,12
ENS206061,2020-2021,Marrakech-Safi,MAR,Essaouira,Rural,Féminin,Qualifiant,Professeur certifié,SVT,18,6034,18,0,1
ENS206062,2016-2017,Oriental,ORI,Guercif,Urbain,Féminin,Primaire,Instituteur,Histoire-Géo,28,4748,31,0,11
ENS206063,2021-2022,Tanger-Tétouan-Al Hoceïma,TAN,Chefchaouen,Rural,Féminin,Primaire,Professeur agrégé,Français,22,9094,24,0,8
ENS206064,2018-2019,Marrakech-Safi,MAR,Safi,Urbain,Féminin,Primaire,Instituteur,Philosophie,3,4318,22,0,6
ENS206065,2022-2023,Béni Mellal-Khénifra,BMK,El Kelaa des Sraghna,Rural,Féminin,Primaire,Instituteur,Français,29,5437,19,1,11
ENS206066,2022-2023,Casablanca-Settat,CAS,Mohammadia,Rural,Féminin,Qualifiant,Instituteur,Mathématiques,15,5173,27,0,22
ENS206067,2018-2019,Rabat-Salé-Kénitra,RAB,Skhirate-Témara,Rural,Féminin,Qualifiant,Professeur certifié,Philosophie,16,5746,28,1,16
ENS206068,2023-2024,Rabat-Salé-Kénitra,RAB,Rabat,Rural,Masculin,Collégial,Maître d'enseignement,Physique-Chimie,21,5307,22,0,0
ENS206069,2021-2022,Tanger-Tétouan-Al Hoceïma,TAN,Ouazzane,Urbain,Féminin,Qualifiant,Professeur certifié,Sciences,16,6578,29,1,12
ENS206070,2020-2021,Fès-Meknès,FES,Moulay Yacoub,Rural,Masculin,Collégial,Instituteur,Éducation physique,25,4513,18,1,8
ENS206071,2018-2019,Rabat-Salé-Kénitra,RAB,Rabat,Urbain,Masculin,Collégial,Maître d'enseignement,Éducation physique,1,5250,26,0,0
ENS206072,2017-2018,Souss-Massa,SOU,Agadir-Ida-Ou-Tanane,Rural,Masculin,Collégial,Maître d'enseignement,Français,34,4266,20,0,22
ENS206073,2023-2024,Rabat-Salé-Kénitra,RAB,Kénitra,Urbain,Féminin,Primaire,Instituteur,Mathématiques,31,5439,25,0,0
ENS206074,2017-2018,Marrakech-Safi,MAR,Marrakech,Urbain,Masculin,Primaire,Instituteur,Anglais,4,6009,23,0,0
ENS206075,2022-2023,Souss-Massa,SOU,Tiznit,Urbain,Féminin,Collégial,Professeur certifié,Histoire-Géo,29,6842,21,1,21
ENS206076,2018-2019,Casablanca-Settat,CAS,Settat,Urbain,Masculin,Qualifiant,Maître d'enseignement,Arabe,25,5808,21,0,0
ENS206077,2022-2023,Oriental,ORI,Oujda-Angad,Rural,Féminin,Qualifiant,Professeur certifié,Arabe,7,6759,31,0,3
ENS206078,2022-2023,Marrakech-Safi,MAR,Essaouira,Rural,Masculin,Primaire,Instituteur,Philosophie,28,4506,24,0,0
ENS206079,2019-2020,Casablanca-Settat,CAS,Berrechid,Urbain,Masculin,Primaire,Professeur certifié,Philosophie,25,6727,24,0,0
ENS206080,2018-2019,Rabat-Salé-Kénitra,RAB,Kénitra,Urbain,Féminin,Primaire,Contractuel,SVT,7,4145,21,0,6
ENS206081,2020-2021,Casablanca-Settat,CAS,Berrechid,Rural,Masculin,Primaire,Instituteur,Physique-Chimie,29,3916,31,0,8
ENS206082,2018-2019,Marrakech-Safi,MAR,Marrakech,Urbain,Féminin,Primaire,Professeur certifié,Éducation islamique,32,6909,20,1,20
ENS206083,2017-2018,Tanger-Tétouan-Al Hoceïma,TAN,Larache,Urbain,Féminin,Primaire,Professeur agrégé,Physique-Chimie,23,8951,26,0,15
ENS206084,2017-2018,Souss-Massa,SOU,Agadir-Ida-Ou-Tanane,Rural,Masculin,Primaire,Contractuel,Sciences,28,3785,29,0,5
ENS206085,2015-2016,Tanger-Tétouan-Al Hoceïma,TAN,Fahs-Anjra,Urbain,Masculin,Collégial,Instituteur,Mathématiques,20,5020,23,0,0
ENS206086,2023-2024,Béni Mellal-Khénifra,BMK,El Kelaa des Sraghna,Urbain,Féminin,Primaire,Instituteur,Sciences,32,5286,31,0,20
ENS206087,2018-2019,Béni Mellal-Khénifra,BMK,El Kelaa des Sraghna,Rural,Masculin,Collégial,Maître d'enseignement,Philosophie,7,5320,21,1,20
ENS206088,2021-2022,Béni Mellal-Khénifra,BMK,Khouribga,Rural,Masculin,Collégial,Contractuel,Éducation islamique,7,3814,25,1,20
ENS206089,2018-2019,Fès-Meknès,FES,Ifrane,Rural,Masculin,Primaire,Maître d'enseignement,Arabe,2,6256,26,0,1
ENS206090,2016-2017,Marrakech-Safi,MAR,Marrakech,Urbain,Féminin,Collégial,Professeur certifié,SVT,12,7175,26,1,12
ENS206091,2017-2018,Tanger-Tétouan-Al Hoceïma,TAN,Tanger-Assilah,Urbain,Masculin,Primaire,Instituteur,Mathématiques,13,4447,20,0,0
ENS206092,2019-2020,Marrakech-Safi,MAR,Essaouira,Rural,Masculin,Primaire,Vacataire,Éducation physique,5,3036,23,0,0
ENS206093,2021-2022,Drâa-Tafilalet,DRA,Ouarzazate,Urbain,Masculin,Qualifiant,Professeur certifié,Physique-Chimie,18,6726,22,0,4
ENS206094,2017-2018,Tanger-Tétouan-Al Hoceïma,TAN,Mdiq-Fnideq,Rural,Masculin,Qualifiant,Professeur agrégé,Physique-Chimie,32,10010,30,0,11
ENS206095,2015-2016,Tanger-Tétouan-Al Hoceïma,TAN,Mdiq-Fnideq,Rural,Féminin,Primaire,Professeur certifié,SVT,24,7450,23,0,0
ENS206096,2018-2019,Oriental,ORI,Nador,Urbain,Masculin,Primaire,Instituteur,SVT,7,4578,26,0,17
ENS206097,2015-2016,Casablanca-Settat,CAS,Casablanca,Rural,Masculin,Collégial,Contractuel,Philosophie,5,3516,21,0,0
ENS206098,2020-2021,Drâa-Tafilalet,DRA,Ouarzazate,Rural,Masculin,Collégial,Professeur certifié,SVT,24,5866,26,0,22
ENS206099,2015-2016,Casablanca-Settat,CAS,Khouribga,Urbain,Féminin,Primaire,Professeur certifié,SVT,28,6536,18,0,24
ENS206100,2023-2024,Béni Mellal-Khénifra,BMK,El Kelaa des Sraghna,Rural,Féminin,Collégial,Professeur certifié,Anglais,21,6417,20,1,4
ENS206101,2017-2018,Rabat-Salé-Kénitra,RAB,Sidi Kacem,Urbain,Masculin,Collégial,Instituteur,Anglais,9,3750,26,0,11
ENS206102,2019-2020,Béni Mellal-Khénifra,BMK,Azilal,Rural,Masculin,Primaire,Maître d'enseignement,SVT,18,6128,30,0,0
ENS206103,2015-2016,Tanger-Tétouan-Al Hoceïma,TAN,Larache,Rural,Masculin,Primaire,Contractuel,Français,32,4533,19,0,0
ENS206104,2018-2019,Casablanca-Settat,CAS,Casablanca,Rural,Masculin,Collégial,Professeur certifié,SVT,18,5577,20,1,18
ENS206105,2015-2016,Tanger-Tétouan-Al Hoceïma,TAN,Ouazzane,Urbain,Féminin,Primaire,Maître d'enseignement,Philosophie,29,5634,26,0,18
ENS206106,2015-2016,Souss-Massa,SOU,Tiznit,Urbain,Masculin,Primaire,Professeur agrégé,Éducation islamique,34,8594,30,0,0
ENS206107,2017-2018,Rabat-Salé-Kénitra,RAB,Sidi Kacem,Rural,Masculin,Primaire,Maître d'enseignement,Éducation islamique,27,6054,29,0,16
ENS206108,2017-2018,Rabat-Salé-Kénitra,RAB,Rabat,Urbain,Féminin,Primaire,Professeur agrégé,SVT,4,8599,27,0,9
ENS206109,2019-2020,Marrakech-Safi,MAR,Safi,Rural,Masculin,Primaire,Professeur certifié,Français,13,6282,31,1,0
ENS206110,2016-2017,Marrakech-Safi,MAR,Chichaoua,Rural,Féminin,Primaire,Professeur certifié,SVT,17,7066,28,1,0
ENS206111,2022-2023,Marrakech-Safi,MAR,El Kelaa des Sraghna,Rural,Masculin,Collégial,Professeur certifié,Philosophie,23,6660,18,1,3
ENS206112,2023-2024,Fès-Meknès,FES,Ifrane,Urbain,Masculin,Qualifiant,Professeur certifié,Mathématiques,20,7903,22,1,16
ENS206113,2021-2022,Casablanca-Settat,CAS,Khouribga,Rural,Masculin,Primaire,Professeur certifié,Éducation physique,23,7387,24,1,0
ENS206114,2021-2022,Fès-Meknès,FES,Meknès,Rural,Féminin,Primaire,Instituteur,Philosophie,32,5647,31,0,7
ENS206115,2015-2016,Oriental,ORI,Guercif,Urbain,Féminin,Primaire,Contractuel,Anglais,33,4835,29,0,7
ENS206116,2017-2018,Oriental,ORI,Jerada,Rural,Masculin,Primaire,Contractuel,Mathématiques,1,4552,23,0,0
ENS206117,2020-2021,Drâa-Tafilalet,DRA,Midelt,Urbain,Masculin,Primaire,Maître d'enseignement,Éducation islamique,14,4614,23,0,8
ENS206118,2015-2016,Casablanca-Settat,CAS,Settat,Rural,Masculin,Qualifiant,Instituteur,Éducation islamique,1,4724,21,0,0
ENS206119,2016-2017,Rabat-Salé-Kénitra,RAB,Khémisset,Urbain,Masculin,Primaire,Contractuel,Français,29,3393,20,0,5
ENS206120,2018-2019,Marrakech-Safi,MAR,Safi,Urbain,Masculin,Primaire,Vacataire,Français,25,2692,26,0,1
ENS206121,2017-2018,Souss-Massa,SOU,Tata,Rural,Féminin,Qualifiant,Instituteur,Mathématiques,4,4217,28,1,0
ENS206122,2016-2017,Casablanca-Settat,CAS,Settat,Rural,Masculin,Primaire,Contractuel,Physique-Chimie,18,4235,21,1,14
ENS206123,2021-2022,Fès-Meknès,FES,El Hajeb,Urbain,Masculin,Primaire,Contractuel,Français,32,3935,29,0,0
ENS206124,2015-2016,Fès-Meknès,FES,Taza,Urbain,Masculin,Primaire,Instituteur,Éducation islamique,32,5336,22,1,0
ENS206125,2015-2016,Souss-Massa,SOU,Inezgane-Ait Melloul,Urbain,Masculin,Qualifiant,Maître d'enseignement,Mathématiques,4,5528,20,1,24
ENS206126,2019-2020,Casablanca-Settat,CAS,Settat,Urbain,Masculin,Qualifiant,Instituteur,Sciences,19,4353,18,0,23
ENS206127,2015-2016,Marrakech-Safi,MAR,Marrakech,Rural,Masculin,Primaire,Professeur agrégé,Anglais,31,9754,29,0,13
ENS206128,2017-2018,Drâa-Tafilalet,DRA,Ouarzazate,Rural,Masculin,Collégial,Professeur certifié,Philosophie,4,6767,28,0,12
ENS206129,2018-2019,Casablanca-Settat,CAS,Sidi Bennour,Urbain,Féminin,Primaire,Professeur certifié,Philosophie,2,7125,25,0,18
ENS206130,2015-2016,Casablanca-Settat,CAS,Berrechid,Rural,Masculin,Primaire,Professeur certifié,SVT,19,6756,23,1,4
ENS206131,2016-2017,Souss-Massa,SOU,Chtouka-Ait Baha,Rural,Masculin,Primaire,Instituteur,Sciences,16,4314,22,1,17
ENS206132,2016-2017,Oriental,ORI,Oujda-Angad,Rural,Féminin,Qualifiant,Instituteur,Histoire-Géo,27,4946,30,1,24
ENS206133,2021-2022,Tanger-Tétouan-Al Hoceïma,TAN,Tanger-Assilah,Urbain,Masculin,Qualifiant,Maître d'enseignement,Mathématiques,2,5759,30,0,13
ENS206134,2020-2021,Béni Mellal-Khénifra,BMK,Azilal,Rural,Masculin,Primaire,Instituteur,Philosophie,7,4582,23,0,0
ENS206135,2023-2024,Casablanca-Settat,CAS,Sidi Bennour,Rural,Féminin,Collégial,Professeur certifié,Arabe,20,6941,31,0,14
ENS206136,2019-2020,Casablanca-Settat,CAS,Casablanca,Rural,Féminin,Primaire,Instituteur,Physique-Chimie,22,3881,20,0,14
ENS206137,2023-2024,Rabat-Salé-Kénitra,RAB,Sidi Kacem,Rural,Masculin,Primaire,Professeur certifié,SVT,33,5797,25,1,2
ENS206138,2021-2022,Rabat-Salé-Kénitra,RAB,Sidi Slimane,Rural,Masculin,Primaire,Maître d'enseignement,Histoire-Géo,22,5843,23,0,0
ENS206139,2017-2018,Rabat-Salé-Kénitra,RAB,Sidi Kacem,Rural,Masculin,Collégial,Instituteur,Physique-Chimie,25,5915,31,1,22
ENS206140,2017-2018,Casablanca-Settat,CAS,Sidi Bennour,Urbain,Féminin,Primaire,Vacataire,Physique-Chimie,23,2527,20,1,0
ENS206141,2017-2018,Marrakech-Safi,MAR,Marrakech,Urbain,Masculin,Primaire,Maître d'enseignement,Philosophie,17,5506,24,0,14
ENS206142,2015-2016,Fès-Meknès,FES,Ifrane,Rural,Masculin,Collégial,Professeur certifié,Philosophie,14,6571,29,1,4
ENS206143,2022-2023,Fès-Meknès,FES,Fès,Urbain,Masculin,Qualifiant,Vacataire,Philosophie,5,3949,31,0,0
ENS206144,2023-2024,Tanger-Tétouan-Al Hoceïma,TAN,Tétouan,Rural,Masculin,Qualifiant,Instituteur,Arabe,30,4712,27,1,24
ENS206145,2017-2018,Casablanca-Settat,CAS,Mohammadia,Rural,Masculin,Qualifiant,Professeur certifié,Physique-Chimie,22,6734,27,0,0
ENS206146,2021-2022,Oriental,ORI,Jerada,Rural,Masculin,Primaire,Vacataire,Anglais,7,3122,21,1,4
ENS206147,2022-2023,Drâa-Tafilalet,DRA,Ouarzazate,Urbain,Féminin,Collégial,Instituteur,SVT,22,5042,26,1,0
ENS206148,2022-2023,Oriental,ORI,Berkane,Rural,Féminin,Primaire,Professeur certifié,Philosophie,7,5959,21,1,1
ENS206149,2017-2018,Oriental,ORI,Berkane,Rural,Féminin,Collégial,Professeur certifié,Anglais,16,7389,25,1,0
ENS206150,2015-2016,Tanger-Tétouan-Al Hoceïma,TAN,Fahs-Anjra,Urbain,Masculin,Collégial,Contractuel,Sciences,26,3405,23,1,4
ENS206151,2016-2017,Béni Mellal-Khénifra,BMK,Khouribga,Rural,Féminin,Primaire,Contractuel,Français,3,3125,21,1,9
ENS206152,2018-2019,Casablanca-Settat,CAS,Benslimane,Urbain,Féminin,Collégial,Contractuel,Français,21,3767,25,0,0
ENS206153,2016-2017,Béni Mellal-Khénifra,BMK,Azilal,Rural,Féminin,Primaire,Instituteur,Mathématiques,8,5186,26,1,20
ENS206154,2022-2023,Fès-Meknès,FES,Meknès,Rural,Féminin,Primaire,Instituteur,Philosophie,15,5583,31,0,12
ENS206155,2021-2022,Béni Mellal-Khénifra,BMK,Béni Mellal,Urbain,Masculin,Collégial,Professeur certifié,SVT,26,6906,26,1,0
ENS206156,2022-2023,Drâa-Tafilalet,DRA,Zagora,Rural,Féminin,Primaire,Professeur certifié,Sciences,32,6385,30,0,10
ENS206157,2017-2018,Casablanca-Settat,CAS,Berrechid,Rural,Masculin,Collégial,Professeur agrégé,SVT,6,9450,27,0,0
ENS206158,2017-2018,Rabat-Salé-Kénitra,RAB,Sidi Kacem,Rural,Masculin,Préscolaire,Instituteur,SVT,8,5420,20,1,12
ENS206159,2021-2022,Oriental,ORI,Figuig,Rural,Masculin,Primaire,Professeur certifié,Arabe,10,6282,18,1,19
ENS206160,2020-2021,Béni Mellal-Khénifra,BMK,El Kelaa des Sraghna,Rural,Féminin,Qualifiant,Contractuel,Arabe,29,3898,18,1,0
ENS206161,2017-2018,Tanger-Tétouan-Al Hoceïma,TAN,Tanger-Assilah,Rural,Féminin,Collégial,Instituteur,Éducation islamique,10,4797,25,1,17
ENS206162,2017-2018,Rabat-Salé-Kénitra,RAB,Kénitra,Urbain,Féminin,Qualifiant,Instituteur,Mathématiques,7,5361,29,0,5
ENS206163,2020-2021,Oriental,ORI,Nador,Urbain,Masculin,Primaire,Professeur certifié,Arabe,23,6518,22,0,5
ENS206164,2021-2022,Guelmim-Oued Noun,GUE,Sidi Ifni,Rural,Masculin,Collégial,Professeur agrégé,Histoire-Géo,27,9273,21,1,16
ENS206165,2020-2021,Souss-Massa,SOU,Inezgane-Ait Melloul,Rural,Féminin,Qualifiant,Professeur certifié,Histoire-Géo,33,5805,25,0,20
ENS206166,2022-2023,Marrakech-Safi,MAR,Safi,Rural,Masculin,Primaire,Professeur certifié,Français,30,5957,18,1,24
ENS206167,2023-2024,Tanger-Tétouan-Al Hoceïma,TAN,Tétouan,Rural,Masculin,Collégial,Professeur agrégé,Éducation islamique,7,7957,30,1,4
ENS206168,2017-2018,Fès-Meknès,FES,Meknès,Rural,Féminin,Préscolaire,Instituteur,Physique-Chimie,30,5393,29,1,0
ENS206169,2017-2018,Oriental,ORI,Guercif,Rural,Masculin,Collégial,Instituteur,Éducation physique,25,4672,19,0,3
ENS206170,2018-2019,Guelmim-Oued Noun,GUE,Guelmim,Rural,Féminin,Primaire,Professeur agrégé,Français,23,9246,31,0,14
ENS206171,2022-2023,Tanger-Tétouan-Al Hoceïma,TAN,Larache,Urbain,Masculin,Préscolaire,Professeur certifié,SVT,21,6688,26,0,0
ENS206172,2015-2016,Marrakech-Safi,MAR,Chichaoua,Urbain,Masculin,Collégial,Professeur certifié,Arabe,17,7388,28,0,23
ENS206173,2016-2017,Casablanca-Settat,CAS,El Jadida,Urbain,Masculin,Primaire,Contractuel,Éducation physique,13,3851,24,1,0
ENS206174,2017-2018,Rabat-Salé-Kénitra,RAB,Salé,Urbain,Féminin,Préscolaire,Professeur certifié,Arabe,1,7537,21,1,23
ENS206175,2021-2022,Tanger-Tétouan-Al Hoceïma,TAN,Tanger-Assilah,Urbain,Masculin,Primaire,Instituteur,Sciences,15,5474,22,1,0
ENS206176,2018-2019,Souss-Massa,SOU,Chtouka-Ait Baha,Rural,Féminin,Primaire,Professeur certifié,Arabe,22,7756,23,0,11
ENS206177,2017-2018,Tanger-Tétouan-Al Hoceïma,TAN,Fahs-Anjra,Urbain,Féminin,Collégial,Professeur certifié,Histoire-Géo,29,6667,21,0,19
ENS206178,2016-2017,Marrakech-Safi,MAR,Al Haouz,Rural,Masculin,Primaire,Maître d'enseignement,Français,31,4220,26,0,4
ENS206179,2015-2016,Marrakech-Safi,MAR,Chichaoua,Urbain,Masculin,Qualifiant,Instituteur,Histoire-Géo,7,4940,22,1,15
ENS206180,2023-2024,Marrakech-Safi,MAR,Essaouira,Urbain,Féminin,Qualifiant,Contractuel,Anglais,8,5086,28,0,23
ENS206181,2020-2021,Marrakech-Safi,MAR,Marrakech,Rural,Masculin,Collégial,Contractuel,Mathématiques,8,4472,24,1,18
ENS206182,2019-2020,Casablanca-Settat,CAS,Sidi Bennour,Urbain,Masculin,Collégial,Instituteur,SVT,7,4680,30,1,8
ENS206183,2022-2023,Casablanca-Settat,CAS,Sidi Bennour,Urbain,Féminin,Préscolaire,Professeur certifié,Histoire-Géo,13,6767,26,0,12
ENS206184,2023-2024,Fès-Meknès,FES,Séfrou,Urbain,Masculin,Primaire,Professeur agrégé,SVT,24,8838,22,0,0
ENS206185,2022-2023,Casablanca-Settat,CAS,Khouribga,Urbain,Féminin,Préscolaire,Professeur agrégé,Sciences,26,7595,20,0,0
ENS206186,2015-2016,Casablanca-Settat,CAS,Berrechid,Rural,Masculin,Collégial,Instituteur,Éducation physique,33,4444,28,1,0
ENS206187,2019-2020,Casablanca-Settat,CAS,Berrechid,Urbain,Féminin,Primaire,Professeur agrégé,SVT,28,8444,25,0,21
ENS206188,2020-2021,Casablanca-Settat,CAS,Sidi Bennour,Urbain,Féminin,Collégial,Professeur certifié,Éducation islamique,6,6900,29,0,0
ENS206189,2018-2019,Casablanca-Settat,CAS,Casablanca,Rural,Féminin,Collégial,Professeur certifié,Français,25,7908,29,0,3
ENS206190,2023-2024,Oriental,ORI,Nador,Rural,Féminin,Préscolaire,Instituteur,Sciences,8,4558,24,1,11
ENS206191,2020-2021,Rabat-Salé-Kénitra,RAB,Sidi Slimane,Rural,Masculin,Primaire,Professeur agrégé,Mathématiques,18,8559,29,0,0
ENS206192,2022-2023,Marrakech-Safi,MAR,Safi,Rural,Masculin,Collégial,Professeur certifié,Français,9,4518,20,0,19
ENS206193,2019-2020,Souss-Massa,SOU,Agadir-Ida-Ou-Tanane,Rural,Masculin,Primaire,Professeur certifié,Anglais,32,7051,28,1,12
ENS206194,2022-2023,Fès-Meknès,FES,Moulay Yacoub,Rural,Féminin,Primaire,Contractuel,Physique-Chimie,17,3310,30,0,24
ENS206195,2015-2016,Marrakech-Safi,MAR,Youssoufia,Rural,Masculin,Primaire,Instituteur,Mathématiques,8,4622,19,1,24
ENS206196,2020-2021,Casablanca-Settat,CAS,Mohammadia,Rural,Féminin,Primaire,Contractuel,SVT,7,5644,30,1,21
ENS206197,2020-2021,Laâyoune-Sakia El Hamra,LAA,Es-Semara,Rural,Masculin,Primaire,Maître d'enseignement,Arabe,15,5274,31,0,1
ENS206198,2018-2019,Casablanca-Settat,CAS,Benslimane,Rural,Masculin,Primaire,Maître d'enseignement,Anglais,14,4882,18,0,0
ENS206199,2015-2016,Drâa-Tafilalet,DRA,Errachidia,Urbain,Masculin,Qualifiant,Maître d'enseignement,Anglais,30,5393,18,0,20
ENS206200,2022-2023,Rabat-Salé-Kénitra,RAB,Khémisset,Rural,Féminin,Qualifiant,Instituteur,Anglais,14,5164,26,1,0
ENS206201,2023-2024,Tanger-Tétouan-Al Hoceïma,TAN,Chefchaouen,Rural,Masculin,Primaire,Professeur certifié,Mathématiques,2,5929,26,1,20
ENS206202,2022-2023,Fès-Meknès,FES,Boulemane,Rural,Masculin,Primaire,Contractuel,SVT,22,5217,20,0,0
ENS206203,2020-2021,Casablanca-Settat,CAS,Berrechid,Rural,Féminin,Primaire,Professeur agrégé,Arabe,3,9897,28,0,23
ENS206204,2020-2021,Oriental,ORI,Guercif,Rural,Masculin,Collégial,Professeur certifié,Arabe,3,7003,28,1,3
ENS206205,2017-2018,Drâa-Tafilalet,DRA,Midelt,Urbain,Masculin,Qualifiant,Professeur agrégé,Anglais,22,8413,24,1,12
ENS206206,2020-2021,Souss-Massa,SOU,Taroudannt,Rural,Féminin,Primaire,Instituteur,Arabe,23,4055,18,0,9
ENS206207,2022-2023,Marrakech-Safi,MAR,Chichaoua,Urbain,Masculin,Qualifiant,Professeur certifié,Éducation islamique,5,5358,19,0,6
ENS206208,2023-2024,Marrakech-Safi,MAR,Safi,Rural,Masculin,Primaire,Maître d'enseignement,Physique-Chimie,8,5616,23,1,0
ENS206209,2020-2021,Rabat-Salé-Kénitra,RAB,Khémisset,Urbain,Masculin,Collégial,Maître d'enseignement,Éducation islamique,27,6251,28,1,3
ENS206210,2022-2023,Casablanca-Settat,CAS,Benslimane,Urbain,Masculin,Primaire,Professeur certifié,Mathématiques,15,6761,19,0,0
ENS206211,2018-2019,Fès-Meknès,FES,Ifrane,Rural,Féminin,Qualifiant,Professeur certifié,Éducation physique,13,7665,25,0,7
ENS206212,2021-2022,Casablanca-Settat,CAS,Settat,Rural,Masculin,Primaire,Vacataire,Histoire-Géo,27,2178,22,0,1
ENS206213,2016-2017,Tanger-Tétouan-Al Hoceïma,TAN,Chefchaouen,Urbain,Masculin,Qualifiant,Maître d'enseignement,Arabe,30,5760,25,1,12
ENS206214,2022-2023,Tanger-Tétouan-Al Hoceïma,TAN,Mdiq-Fnideq,Urbain,Féminin,Primaire,Professeur certifié,Philosophie,28,7089,23,0,6
ENS206215,2017-2018,Drâa-Tafilalet,DRA,Errachidia,Rural,Masculin,Primaire,Instituteur,SVT,33,4886,18,0,13
ENS206216,2020-2021,Fès-Meknès,FES,El Hajeb,Urbain,Masculin,Préscolaire,Instituteur,Français,20,4280,25,1,8
ENS206217,2015-2016,Casablanca-Settat,CAS,Settat,Urbain,Féminin,Primaire,Professeur certifié,Français,33,7058,28,0,0
ENS206218,2021-2022,Fès-Meknès,FES,Fès,Urbain,Féminin,Primaire,Contractuel,Physique-Chimie,34,3492,24,0,18
ENS206219,2021-2022,Tanger-Tétouan-Al Hoceïma,TAN,Al Hoceïma,Rural,Masculin,Primaire,Professeur agrégé,Philosophie,30,8652,21,1,13
ENS206220,2015-2016,Casablanca-Settat,CAS,Benslimane,Rural,Masculin,Primaire,Professeur certifié,Arabe,17,6803,28,1,13
ENS206221,2023-2024,Oriental,ORI,Berkane,Rural,Masculin,Collégial,Instituteur,Mathématiques,7,6118,31,0,0
ENS206222,2019-2020,Drâa-Tafilalet,DRA,Tinghir,Urbain,Féminin,Collégial,Professeur certifié,SVT,22,5209,30,0,0
ENS206223,2020-2021,Souss-Massa,SOU,Chtouka-Ait Baha,Rural,Masculin,Préscolaire,Maître d'enseignement,SVT,4,5016,19,0,0
ENS206224,2017-2018,Casablanca-Settat,CAS,Casablanca,Rural,Masculin,Primaire,Contractuel,Mathématiques,20,4473,27,1,4
ENS206225,2023-2024,Casablanca-Settat,CAS,El Jadida,Rural,Féminin,Qualifiant,Maître d'enseignement,Éducation islamique,27,6006,19,1,0
ENS206226,2020-2021,Marrakech-Safi,MAR,El Kelaa des Sraghna,Rural,Masculin,Collégial,Instituteur,SVT,28,4648,27,0,0
ENS206227,2016-2017,Béni Mellal-Khénifra,BMK,Azilal,Rural,Masculin,Qualifiant,Contractuel,SVT,24,4251,21,0,0
ENS206228,2022-2023,Fès-Meknès,FES,Taounate,Rural,Masculin,Primaire,Maître d'enseignement,SVT,26,4965,25,0,0
ENS206229,2023-2024,Marrakech-Safi,MAR,Chichaoua,Rural,Féminin,Primaire,Professeur agrégé,Français,4,8141,25,0,15
ENS206230,2016-2017,Oriental,ORI,Oujda-Angad,Rural,Masculin,Qualifiant,Professeur certifié,Sciences,3,6809,31,0,17
ENS206231,2022-2023,Marrakech-Safi,MAR,Safi,Urbain,Féminin,Préscolaire,Professeur certifié,Éducation islamique,18,6471,25,0,2
ENS206232,2021-2022,Marrakech-Safi,MAR,Chichaoua,Rural,Masculin,Collégial,Maître d'enseignement,Sciences,34,4866,31,0,19
ENS206233,2021-2022,Drâa-Tafilalet,DRA,Tinghir,Urbain,Féminin,Primaire,Professeur certifié,Éducation physique,24,5971,23,1,10
ENS206234,2021-2022,Béni Mellal-Khénifra,BMK,Azilal,Urbain,Féminin,Qualifiant,Contractuel,Physique-Chimie,3,4232,20,0,0
ENS206235,2015-2016,Rabat-Salé-Kénitra,RAB,Rabat,Urbain,Féminin,Qualifiant,Professeur agrégé,Sciences,4,8873,30,0,23
ENS206236,2018-2019,Oriental,ORI,Figuig,Urbain,Féminin,Collégial,Contractuel,Français,13,4372,20,1,9
ENS206237,2016-2017,Marrakech-Safi,MAR,Youssoufia,Rural,Masculin,Primaire,Professeur agrégé,Philosophie,12,8231,27,0,1
ENS206238,2015-2016,Fès-Meknès,FES,Fès,Rural,Masculin,Primaire,Professeur certifié,Physique-Chimie,30,5457,19,1,0
ENS206239,2016-2017,Fès-Meknès,FES,Taza,Rural,Féminin,Primaire,Instituteur,SVT,7,4320,18,0,21
ENS206240,2021-2022,Tanger-Tétouan-Al Hoceïma,TAN,Fahs-Anjra,Urbain,Féminin,Primaire,Contractuel,SVT,9,4045,26,0,14
ENS206241,2020-2021,Tanger-Tétouan-Al Hoceïma,TAN,Tanger-Assilah,Urbain,Féminin,Primaire,Professeur certifié,Français,10,5640,25,0,12
ENS206242,2015-2016,Marrakech-Safi,MAR,Chichaoua,Rural,Masculin,Primaire,Instituteur,Éducation islamique,10,4098,29,0,0
ENS206243,2023-2024,Fès-Meknès,FES,Taza,Urbain,Masculin,Qualifiant,Instituteur,Histoire-Géo,23,4602,31,0,19
ENS206244,2022-2023,Rabat-Salé-Kénitra,RAB,Salé,Rural,Masculin,Qualifiant,Instituteur,SVT,34,4897,21,0,0
ENS206245,2017-2018,Marrakech-Safi,MAR,Chichaoua,Rural,Masculin,Primaire,Maître d'enseignement,SVT,10,5146,29,0,4
ENS206246,2015-2016,Fès-Meknès,FES,Fès,Rural,Masculin,Primaire,Instituteur,Sciences,22,4824,31,0,8
ENS206247,2017-2018,Rabat-Salé-Kénitra,RAB,Kénitra,Rural,Masculin,Primaire,Instituteur,Sciences,10,4439,25,1,0
ENS206248,2023-2024,Tanger-Tétouan-Al Hoceïma,TAN,Tanger-Assilah,Urbain,Masculin,Primaire,Professeur certifié,Éducation physique,6,7083,24,0,0
ENS206249,2016-2017,Rabat-Salé-Kénitra,RAB,Salé,Rural,Féminin,Primaire,Instituteur,Anglais,26,4767,23,0,14
ENS206250,2015-2016,Casablanca-Settat,CAS,Mohammadia,Rural,Masculin,Primaire,Professeur certifié,Philosophie,27,6440,23,0,0
ENS206251,2019-2020,Rabat-Salé-Kénitra,RAB,Sidi Slimane,Rural,Masculin,Primaire,Professeur certifié,Français,14,7086,19,0,0
ENS206252,2021-2022,Casablanca-Settat,CAS,Benslimane,Rural,Masculin,Collégial,Professeur agrégé,Physique-Chimie,28,8603,19,0,5
ENS206253,2019-2020,Rabat-Salé-Kénitra,RAB,Kénitra,Rural,Masculin,Primaire,Instituteur,SVT,17,4512,18,1,0
ENS206254,2022-2023,Marrakech-Safi,MAR,Youssoufia,Urbain,Masculin,Collégial,Instituteur,Éducation physique,10,3895,30,1,7
ENS206255,2023-2024,Marrakech-Safi,MAR,Marrakech,Rural,Féminin,Primaire,Vacataire,Éducation islamique,30,4166,21,0,10
ENS206256,2019-2020,Casablanca-Settat,CAS,Mohammadia,Rural,Masculin,Qualifiant,Contractuel,Arabe,9,3087,21,1,16
ENS206257,2023-2024,Rabat-Salé-Kénitra,RAB,Rabat,Urbain,Féminin,Primaire,Professeur certifié,Éducation islamique,1,5216,28,0,19
ENS206258,2019-2020,Rabat-Salé-Kénitra,RAB,Khémisset,Rural,Masculin,Primaire,Professeur certifié,Français,2,5408,21,1,3
ENS206259,2015-2016,Drâa-Tafilalet,DRA,Ouarzazate,Rural,Féminin,Primaire,Instituteur,SVT,15,5582,25,0,7
ENS206260,2023-2024,Guelmim-Oued Noun,GUE,Guelmim,Urbain,Masculin,Primaire,Contractuel,SVT,23,5410,29,0,0
ENS206261,2023-2024,Casablanca-Settat,CAS,Mohammadia,Urbain,Masculin,Primaire,Instituteur,Éducation islamique,27,4129,31,1,18
ENS206262,2017-2018,Souss-Massa,SOU,Inezgane-Ait Melloul,Rural,Masculin,Préscolaire,Professeur certifié,Philosophie,31,6867,29,0,0
ENS206263,2022-2023,Fès-Meknès,FES,Fès,Urbain,Masculin,Primaire,Instituteur,Arabe,8,5321,21,0,4
ENS206264,2015-2016,Casablanca-Settat,CAS,Settat,Urbain,Féminin,Collégial,Instituteur,SVT,31,3965,28,0,0
ENS206265,2015-2016,Casablanca-Settat,CAS,Casablanca,Urbain,Féminin,Primaire,Instituteur,Histoire-Géo,25,5677,18,0,20
ENS206266,2018-2019,Oriental,ORI,Nador,Urbain,Féminin,Primaire,Professeur certifié,Arabe,15,5759,20,1,8
ENS206267,2016-2017,Casablanca-Settat,CAS,Khouribga,Urbain,Féminin,Primaire,Contractuel,Anglais,2,5162,29,1,3
ENS206268,2019-2020,Fès-Meknès,FES,Ifrane,Rural,Féminin,Collégial,Professeur certifié,Anglais,24,6185,31,1,11
ENS206269,2019-2020,Rabat-Salé-Kénitra,RAB,Rabat,Urbain,Féminin,Primaire,Professeur certifié,Mathématiques,25,6190,26,0,21
ENS206270,2017-2018,Rabat-Salé-Kénitra,RAB,Sidi Kacem,Urbain,Masculin,Préscolaire,Instituteur,Histoire-Géo,23,3324,28,0,3
ENS206271,2017-2018,Souss-Massa,SOU,Chtouka-Ait Baha,Urbain,Féminin,Qualifiant,Professeur certifié,Mathématiques,20,6558,24,1,10
ENS206272,2018-2019,Fès-Meknès,FES,El Hajeb,Urbain,Féminin,Primaire,Professeur certifié,Français,23,7266,20,1,0
ENS206273,2018-2019,Béni Mellal-Khénifra,BMK,Khouribga,Urbain,Masculin,Collégial,Contractuel,Mathématiques,11,3557,20,1,9
ENS206274,2016-2017,Marrakech-Safi,MAR,Essaouira,Urbain,Masculin,Primaire,Contractuel,Sciences,26,4078,30,0,0
ENS206275,2015-2016,Béni Mellal-Khénifra,BMK,Khouribga,Rural,Féminin,Primaire,Professeur certifié,Physique-Chimie,11,5334,25,0,0
ENS206276,2018-2019,Laâyoune-Sakia El Hamra,LAA,Tarfaya,Rural,Masculin,Primaire,Professeur certifié,Français,1,6294,25,1,9
ENS206277,2018-2019,Souss-Massa,SOU,Chtouka-Ait Baha,Rural,Féminin,Préscolaire,Professeur certifié,SVT,27,6806,20,0,16
ENS206278,2022-2023,Tanger-Tétouan-Al Hoceïma,TAN,Ouazzane,Rural,Féminin,Primaire,Professeur agrégé,Physique-Chimie,30,8891,26,1,4
ENS206279,2021-2022,Fès-Meknès,FES,El Hajeb,Urbain,Féminin,Qualifiant,Contractuel,Français,1,4116,30,1,20
ENS206280,2021-2022,Casablanca-Settat,CAS,Settat,Urbain,Féminin,Collégial,Professeur certifié,Éducation islamique,23,6887,31,1,13
ENS206281,2020-2021,Casablanca-Settat,CAS,Mohammadia,Urbain,Masculin,Collégial,Instituteur,Philosophie,22,4382,19,0,0
ENS206282,2021-2022,Oriental,ORI,Nador,Rural,Masculin,Primaire,Maître d'enseignement,Physique-Chimie,3,4174,31,0,0
ENS206283,2019-2020,Fès-Meknès,FES,Taza,Rural,Masculin,Primaire,Instituteur,Physique-Chimie,32,5234,19,1,3
ENS206284,2017-2018,Fès-Meknès,FES,Fès,Rural,Féminin,Collégial,Vacataire,Éducation islamique,23,3189,24,0,22
ENS206285,2016-2017,Drâa-Tafilalet,DRA,Errachidia,Urbain,Masculin,Primaire,Professeur certifié,Éducation physique,23,6830,29,1,0
ENS206286,2020-2021,Tanger-Tétouan-Al Hoceïma,TAN,Mdiq-Fnideq,Urbain,Masculin,Primaire,Professeur certifié,Sciences,4,6179,19,1,4
ENS206287,2016-2017,Marrakech-Safi,MAR,Marrakech,Rural,Masculin,Collégial,Professeur certifié,Mathématiques,32,6524,28,0,23
ENS206288,2023-2024,Rabat-Salé-Kénitra,RAB,Salé,Rural,Féminin,Collégial,Professeur certifié,Éducation physique,2,6644,20,1,0
ENS206289,2018-2019,Fès-Meknès,FES,Moulay Yacoub,Rural,Masculin,Collégial,Professeur certifié,Anglais,30,7205,31,0,22
ENS206290,2020-2021,Oriental,ORI,Figuig,Urbain,Masculin,Collégial,Professeur agrégé,Éducation physique,26,9907,26,1,22
ENS206291,2022-2023,Fès-Meknès,FES,Moulay Yacoub,Urbain,Féminin,Primaire,Instituteur,Sciences,13,4136,22,1,0
ENS206292,2022-2023,Casablanca-Settat,CAS,Berrechid,Rural,Masculin,Primaire,Maître d'enseignement,Anglais,34,5752,25,0,11
ENS206293,2021-2022,Marrakech-Safi,MAR,Essaouira,Urbain,Masculin,Qualifiant,Professeur certifié,Mathématiques,22,6013,25,1,22
ENS206294,2018-2019,Béni Mellal-Khénifra,BMK,Fquih Ben Salah,Rural,Féminin,Primaire,Instituteur,Mathématiques,33,3262,20,0,0
ENS206295,2021-2022,Tanger-Tétouan-Al Hoceïma,TAN,Larache,Urbain,Féminin,Qualifiant,Contractuel,Éducation islamique,6,4900,18,0,0
ENS206296,2023-2024,Drâa-Tafilalet,DRA,Zagora,Urbain,Masculin,Primaire,Instituteur,Anglais,17,3385,18,0,11
ENS206297,2018-2019,Drâa-Tafilalet,DRA,Tinghir,Urbain,Masculin,Qualifiant,Instituteur,Philosophie,23,4486,21,0,8
ENS206298,2022-2023,Fès-Meknès,FES,Ifrane,Urbain,Féminin,Primaire,Professeur certifié,Arabe,12,6429,29,1,16
ENS206299,2018-2019,Marrakech-Safi,MAR,Marrakech,Urbain,Féminin,Primaire,Professeur agrégé,SVT,8,7547,27,0,19
ENS206300,2017-2018,Marrakech-Safi,MAR,El Kelaa des Sraghna,Urbain,Masculin,Primaire,Professeur certifié,Mathématiques,8,6407,25,0,0
ENS206301,2016-2017,Tanger-Tétouan-Al Hoceïma,TAN,Larache,Rural,Masculin,Primaire,Instituteur,Français,30,5294,27,0,24
ENS206302,2017-2018,Tanger-Tétouan-Al Hoceïma,TAN,Larache,Urbain,Masculin,Primaire,Instituteur,Anglais,1,4194,27,0,21
ENS206303,2015-2016,Fès-Meknès,FES,Séfrou,Urbain,Féminin,Primaire,Vacataire,Éducation physique,12,3468,23,0,22
ENS206304,2015-2016,Fès-Meknès,FES,El Hajeb,Urbain,Féminin,Collégial,Professeur certifié,Sciences,28,7042,20,0,9
ENS206305,2017-2018,Casablanca-Settat,CAS,Settat,Rural,Féminin,Collégial,Instituteur,Sciences,8,6206,30,0,0
ENS206306,2016-2017,Casablanca-Settat,CAS,Mohammadia,Rural,Féminin,Primaire,Instituteur,SVT,21,5584,22,1,0
ENS206307,2020-2021,Tanger-Tétouan-Al Hoceïma,TAN,Tétouan,Rural,Féminin,Primaire,Professeur certifié,Sciences,12,6149,24,1,21
ENS206308,2023-2024,Rabat-Salé-Kénitra,RAB,Sidi Kacem,Urbain,Féminin,Primaire,Maître d'enseignement,Philosophie,27,5347,18,1,0
ENS206309,2015-2016,Marrakech-Safi,MAR,Marrakech,Rural,Masculin,Primaire,Instituteur,Français,23,4419,18,1,21
ENS206310,2018-2019,Drâa-Tafilalet,DRA,Tinghir,Urbain,Masculin,Primaire,Professeur certifié,Arabe,8,5859,31,0,16
ENS206311,2020-2021,Béni Mellal-Khénifra,BMK,Béni Mellal,Rural,Féminin,Primaire,Instituteur,Éducation physique,15,3883,21,0,5
ENS206312,2022-2023,Drâa-Tafilalet,DRA,Tinghir,Urbain,Masculin,Primaire,Instituteur,Histoire-Géo,4,6060,27,1,0
ENS206313,2018-2019,Béni Mellal-Khénifra,BMK,El Kelaa des Sraghna,Rural,Masculin,Primaire,Maître d'enseignement,Philosophie,34,4633,25,1,19
ENS206314,2020-2021,Fès-Meknès,FES,Taza,Urbain,Masculin,Primaire,Instituteur,Anglais,34,4881,24,0,23
ENS206315,2016-2017,Tanger-Tétouan-Al Hoceïma,TAN,Chefchaouen,Rural,Masculin,Primaire,Maître d'enseignement,Histoire-Géo,12,5185,20,1,11
ENS206316,2016-2017,Rabat-Salé-Kénitra,RAB,Sidi Slimane,Rural,Masculin,Collégial,Maître d'enseignement,Français,21,5080,28,1,0
ENS206317,2021-2022,Casablanca-Settat,CAS,Khouribga,Rural,Masculin,Collégial,Professeur certifié,Sciences,21,7400,31,1,5
ENS206318,2021-2022,Fès-Meknès,FES,Taounate,Urbain,Masculin,Collégial,Professeur agrégé,Anglais,8,9031,25,1,0
ENS206319,2015-2016,Béni Mellal-Khénifra,BMK,Khouribga,Rural,Féminin,Primaire,Professeur certifié,Éducation physique,34,6157,24,0,0
ENS206320,2019-2020,Marrakech-Safi,MAR,El Kelaa des Sraghna,Rural,Féminin,Primaire,Maître d'enseignement,SVT,25,5311,19,1,16
ENS206321,2019-2020,Souss-Massa,SOU,Chtouka-Ait Baha,Urbain,Féminin,Qualifiant,Maître d'enseignement,Physique-Chimie,34,5660,27,1,15
ENS206322,2016-2017,Tanger-Tétouan-Al Hoceïma,TAN,Chefchaouen,Urbain,Masculin,Primaire,Professeur certifié,Éducation islamique,4,5456,31,0,24
ENS206323,2023-2024,Oriental,ORI,Guercif,Rural,Masculin,Primaire,Maître d'enseignement,Sciences,22,5335,20,0,10
ENS206324,2019-2020,Tanger-Tétouan-Al Hoceïma,TAN,Mdiq-Fnideq,Urbain,Masculin,Collégial,Professeur certifié,Physique-Chimie,25,6626,25,0,24
ENS206325,2017-2018,Casablanca-Settat,CAS,El Jadida,Urbain,Masculin,Qualifiant,Professeur certifié,Français,9,7078,20,1,4
ENS206326,2018-2019,Béni Mellal-Khénifra,BMK,Khouribga,Urbain,Féminin,Primaire,Instituteur,Anglais,18,4421,30,1,14
ENS206327,2022-2023,Drâa-Tafilalet,DRA,Tinghir,Urbain,Masculin,Primaire,Instituteur,SVT,3,4940,24,0,22
ENS206328,2019-2020,Béni Mellal-Khénifra,BMK,Fquih Ben Salah,Urbain,Masculin,Primaire,Maître d'enseignement,Histoire-Géo,26,5800,19,0,8
ENS206329,2022-2023,Béni Mellal-Khénifra,BMK,Khouribga,Urbain,Féminin,Collégial,Professeur agrégé,Français,22,9690,30,0,9
ENS206330,2019-2020,Casablanca-Settat,CAS,Mohammadia,Urbain,Féminin,Qualifiant,Professeur agrégé,Histoire-Géo,22,8971,27,1,23
ENS206331,2016-2017,Oriental,ORI,Driouch,Rural,Masculin,Primaire,Contractuel,Éducation islamique,24,3673,21,0,12
ENS206332,2019-2020,Drâa-Tafilalet,DRA,Tinghir,Rural,Féminin,Collégial,Professeur certifié,SVT,4,6707,29,0,6
ENS206333,2022-2023,Casablanca-Settat,CAS,Sidi Bennour,Urbain,Masculin,Préscolaire,Maître d'enseignement,Éducation physique,14,4256,31,1,24
ENS206334,2022-2023,Fès-Meknès,FES,Fès,Rural,Masculin,Primaire,Vacataire,Français,34,3300,18,1,0
ENS206335,2020-2021,Casablanca-Settat,CAS,Khouribga,Urbain,Masculin,Préscolaire,Professeur certifié,Éducation physique,15,7314,24,0,6
ENS206336,2021-2022,Oriental,ORI,Guercif,Rural,Masculin,Qualifiant,Contractuel,Philosophie,17,4885,28,0,0
ENS206337,2020-2021,Fès-Meknès,FES,Taza,Urbain,Féminin,Collégial,Professeur certifié,Histoire-Géo,16,6491,21,1,0
ENS206338,2016-2017,Fès-Meknès,FES,Fès,Rural,Féminin,Primaire,Maître d'enseignement,Éducation physique,32,4664,22,1,0
ENS206339,2023-2024,Tanger-Tétouan-Al Hoceïma,TAN,Fahs-Anjra,Rural,Féminin,Collégial,Maître d'enseignement,SVT,4,4550,25,1,16
ENS206340,2021-2022,Casablanca-Settat,CAS,Benslimane,Urbain,Masculin,Primaire,Instituteur,Mathématiques,6,6080,31,1,2
ENS206341,2020-2021,Drâa-Tafilalet,DRA,Errachidia,Urbain,Féminin,Primaire,Vacataire,Philosophie,12,947,29,1,24
ENS206342,2020-2021,Casablanca-Settat,CAS,Benslimane,Rural,Masculin,Qualifiant,Contractuel,Arabe,32,4364,30,0,0
ENS206343,2021-2022,Béni Mellal-Khénifra,BMK,Khouribga,Urbain,Masculin,Qualifiant,Professeur certifié,Éducation physique,11,6342,20,0,0
ENS206344,2018-2019,Rabat-Salé-Kénitra,RAB,Kénitra,Rural,Masculin,Préscolaire,Maître d'enseignement,Sciences,10,5579,26,1,3
ENS206345,2017-2018,Fès-Meknès,FES,Taounate,Urbain,Masculin,Primaire,Professeur agrégé,SVT,22,8808,19,1,8
ENS206346,2021-2022,Fès-Meknès,FES,Taza,Rural,Masculin,Primaire,Professeur certifié,Mathématiques,6,6487,28,1,12
ENS206347,2017-2018,Tanger-Tétouan-Al Hoceïma,TAN,Tanger-Assilah,Rural,Masculin,Collégial,Maître d'enseignement,Arabe,24,5239,23,0,10
ENS206348,2018-2019,Rabat-Salé-Kénitra,RAB,Skhirate-Témara,Rural,Masculin,Primaire,Professeur certifié,SVT,2,5798,29,0,12
ENS206349,2015-2016,Marrakech-Safi,MAR,Marrakech,Rural,Masculin,Qualifiant,Professeur certifié,Philosophie,19,5787,28,1,15
ENS206350,2020-2021,Rabat-Salé-Kénitra,RAB,Kénitra,Urbain,Masculin,Collégial,Contractuel,Physique-Chimie,1,4059,25,0,21
ENS206351,2019-2020,Casablanca-Settat,CAS,Sidi Bennour,Urbain,Féminin,Collégial,Instituteur,Mathématiques,5,5171,18,0,19
ENS206352,2017-2018,Fès-Meknès,FES,Ifrane,Urbain,Féminin,Primaire,Professeur certifié,Mathématiques,12,7071,27,0,0
ENS206353,2017-2018,Marrakech-Safi,MAR,Youssoufia,Rural,Masculin,Collégial,Contractuel,Anglais,18,2991,19,1,20
ENS206354,2018-2019,Marrakech-Safi,MAR,Chichaoua,Urbain,Féminin,Collégial,Professeur certifié,Éducation islamique,23,6549,27,1,23
ENS206355,2016-2017,Laâyoune-Sakia El Hamra,LAA,Tarfaya,Urbain,Masculin,Collégial,Professeur certifié,Éducation physique,34,5757,27,1,0
ENS206356,2019-2020,Tanger-Tétouan-Al Hoceïma,TAN,Tanger-Assilah,Urbain,Masculin,Primaire,Maître d'enseignement,Physique-Chimie,6,6380,18,0,15
ENS206357,2018-2019,Fès-Meknès,FES,Ifrane,Rural,Masculin,Primaire,Instituteur,Philosophie,28,4612,28,0,19
ENS206358,2023-2024,Marrakech-Safi,MAR,Safi,Urbain,Masculin,Collégial,Maître d'enseignement,Éducation islamique,21,6375,27,0,7
ENS206359,2018-2019,Rabat-Salé-Kénitra,RAB,Kénitra,Rural,Féminin,Primaire,Contractuel,Sciences,14,4940,26,1,0
ENS206360,2022-2023,Béni Mellal-Khénifra,BMK,Béni Mellal,Rural,Masculin,Primaire,Maître d'enseignement,Français,1,5789,22,1,10
ENS206361,2021-2022,Marrakech-Safi,MAR,El Kelaa des Sraghna,Urbain,Féminin,Qualifiant,Professeur certifié,Arabe,15,5476,20,1,4
ENS206362,2020-2021,Fès-Meknès,FES,Taounate,Rural,Féminin,Primaire,Instituteur,Histoire-Géo,22,5061,27,0,15
ENS206363,2018-2019,Oriental,ORI,Figuig,Urbain,Féminin,Qualifiant,Contractuel,Histoire-Géo,18,4812,18,0,6
ENS206364,2020-2021,Tanger-Tétouan-Al Hoceïma,TAN,Tanger-Assilah,Urbain,Masculin,Primaire,Maître d'enseignement,SVT,3,4477,28,0,13
ENS206365,2019-2020,Casablanca-Settat,CAS,Mohammadia,Rural,Masculin,Primaire,Maître d'enseignement,Philosophie,16,3978,23,0,19
ENS206366,2019-2020,Casablanca-Settat,CAS,Khouribga,Rural,Féminin,Qualifiant,Professeur agrégé,Éducation physique,14,7687,18,1,20
ENS206367,2017-2018,Marrakech-Safi,MAR,Safi,Urbain,Féminin,Préscolaire,Professeur certifié,Sciences,15,6278,30,0,11
ENS206368,2022-2023,Rabat-Salé-Kénitra,RAB,Sidi Slimane,Urbain,Féminin,Collégial,Professeur certifié,Sciences,6,6881,21,1,0
ENS206369,2023-2024,Marrakech-Safi,MAR,Marrakech,Urbain,Masculin,Primaire,Professeur agrégé,Mathématiques,13,8752,25,0,8
ENS206370,2015-2016,Casablanca-Settat,CAS,Mohammadia,Urbain,Masculin,Primaire,Instituteur,Français,30,4019,18,1,0
ENS206371,2023-2024,Marrakech-Safi,MAR,Chichaoua,Rural,Masculin,Qualifiant,Professeur certifié,Sciences,31,5377,21,1,6
ENS206372,2023-2024,Fès-Meknès,FES,Boulemane,Urbain,Féminin,Qualifiant,Maître d'enseignement,Mathématiques,3,7662,30,0,0
ENS206373,2016-2017,Fès-Meknès,FES,Meknès,Rural,Masculin,Préscolaire,Professeur certifié,Arabe,26,6533,31,0,19
ENS206374,2022-2023,Rabat-Salé-Kénitra,RAB,Skhirate-Témara,Rural,Masculin,Primaire,Professeur certifié,Sciences,13,6788,31,1,0
ENS206375,2018-2019,Souss-Massa,SOU,Taroudannt,Rural,Féminin,Primaire,Maître d'enseignement,Français,29,6512,25,0,15
ENS206376,2023-2024,Rabat-Salé-Kénitra,RAB,Khémisset,Rural,Féminin,Primaire,Professeur agrégé,Mathématiques,19,8003,31,0,1
ENS206377,2019-2020,Drâa-Tafilalet,DRA,Errachidia,Rural,Masculin,Collégial,Maître d'enseignement,Sciences,9,4836,20,0,10
ENS206378,2018-2019,Fès-Meknès,FES,El Hajeb,Rural,Masculin,Primaire,Professeur certifié,SVT,29,6217,28,1,7
ENS206379,2018-2019,Drâa-Tafilalet,DRA,Midelt,Urbain,Masculin,Qualifiant,Professeur certifié,Éducation islamique,34,6138,22,0,8
ENS206380,2018-2019,Drâa-Tafilalet,DRA,Errachidia,Rural,Masculin,Qualifiant,Contractuel,Mathématiques,2,3115,26,0,17
ENS206381,2019-2020,Rabat-Salé-Kénitra,RAB,Kénitra,Rural,Masculin,Primaire,Contractuel,Arabe,11,4680,18,1,16
ENS206382,2021-2022,Oriental,ORI,Driouch,Urbain,Féminin,Qualifiant,Contractuel,Sciences,34,4562,28,0,20
ENS206383,2022-2023,Béni Mellal-Khénifra,BMK,El Kelaa des Sraghna,Urbain,Masculin,Collégial,Vacataire,Philosophie,31,2400,21,0,2
ENS206384,2017-2018,Casablanca-Settat,CAS,Casablanca,Urbain,Féminin,Préscolaire,Professeur agrégé,Histoire-Géo,20,9171,29,1,0
ENS206385,2018-2019,Souss-Massa,SOU,Chtouka-Ait Baha,Urbain,Masculin,Primaire,Professeur certifié,SVT,12,6977,19,0,21
ENS206386,2020-2021,Rabat-Salé-Kénitra,RAB,Salé,Rural,Féminin,Qualifiant,Maître d'enseignement,Philosophie,32,4767,30,0,4
ENS206387,2019-2020,Oriental,ORI,Nador,Rural,Féminin,Primaire,Vacataire,Physique-Chimie,34,2069,25,1,4
ENS206388,2023-2024,Béni Mellal-Khénifra,BMK,Fquih Ben Salah,Urbain,Masculin,Primaire,Instituteur,Anglais,17,3264,24,1,0
ENS206389,2022-2023,Souss-Massa,SOU,Chtouka-Ait Baha,Rural,Masculin,Primaire,Instituteur,Français,26,5166,21,0,5
ENS206390,2019-2020,Rabat-Salé-Kénitra,RAB,Rabat,Urbain,Masculin,Collégial,Contractuel,Arabe,3,3761,25,1,0
ENS206391,2016-2017,Casablanca-Settat,CAS,Settat,Rural,Féminin,Primaire,Professeur certifié,Sciences,6,6564,21,1,19
ENS206392,2018-2019,Souss-Massa,SOU,Inezgane-Ait Melloul,Urbain,Féminin,Préscolaire,Contractuel,Français,6,4186,20,0,0
ENS206393,2020-2021,Béni Mellal-Khénifra,BMK,El Kelaa des Sraghna,Urbain,Féminin,Qualifiant,Maître d'enseignement,SVT,10,5519,31,0,0
ENS206394,2015-2016,Oriental,ORI,Figuig,Urbain,Féminin,Qualifiant,Professeur agrégé,Physique-Chimie,15,8807,26,1,19
ENS206395,2017-2018,Rabat-Salé-Kénitra,RAB,Kénitra,Urbain,Féminin,Primaire,Contractuel,Éducation islamique,18,4147,30,1,0
ENS206396,2023-2024,Oriental,ORI,Driouch,Urbain,Masculin,Collégial,Instituteur,Philosophie,29,3718,21,0,0
ENS206397,2022-2023,Casablanca-Settat,CAS,Berrechid,Urbain,Masculin,Primaire,Instituteur,SVT,20,4546,22,0,0
ENS206398,2018-2019,Rabat-Salé-Kénitra,RAB,Rabat,Urbain,Masculin,Primaire,Contractuel,Mathématiques,4,3665,23,0,10
ENS206399,2016-2017,Tanger-Tétouan-Al Hoceïma,TAN,Mdiq-Fnideq,Urbain,Féminin,Collégial,Instituteur,SVT,27,5520,22,0,0
ENS206400,2022-2023,Rabat-Salé-Kénitra,RAB,Kénitra,Rural,Masculin,Primaire,Professeur agrégé,Philosophie,18,8345,20,0,22
ENS206401,2016-2017,Rabat-Salé-Kénitra,RAB,Sidi Slimane,Urbain,Féminin,Collégial,Maître d'enseignement,Éducation islamique,24,6077,23,0,0
ENS206402,2022-2023,Casablanca-Settat,CAS,Khouribga,Rural,Masculin,Collégial,Professeur certifié,Philosophie,10,5159,29,1,0
ENS206403,2017-2018,Drâa-Tafilalet,DRA,Ouarzazate,Rural,Masculin,Primaire,Professeur certifié,Français,28,6933,24,1,0
ENS206404,2022-2023,Casablanca-Settat,CAS,Mohammadia,Rural,Féminin,Primaire,Vacataire,Physique-Chimie,13,2660,30,0,11
ENS206405,2020-2021,Casablanca-Settat,CAS,Khouribga,Rural,Féminin,Primaire,Instituteur,Français,11,4664,18,1,0
ENS206406,2023-2024,Béni Mellal-Khénifra,BMK,Azilal,Urbain,Masculin,Qualifiant,Maître d'enseignement,Français,34,4743,29,1,24
ENS206407,2023-2024,Fès-Meknès,FES,Fès,Urbain,Masculin,Collégial,Maître d'enseignement,Arabe,34,5726,23,1,14
ENS206408,2015-2016,Souss-Massa,SOU,Chtouka-Ait Baha,Urbain,Féminin,Qualifiant,Vacataire,Philosophie,8,2748,19,0,17
ENS206409,2019-2020,Casablanca-Settat,CAS,Sidi Bennour,Rural,Masculin,Primaire,Professeur certifié,Éducation physique,27,7714,19,0,6
ENS206410,2022-2023,Casablanca-Settat,CAS,Mohammadia,Urbain,Féminin,Primaire,Contractuel,Anglais,27,4648,28,0,15
ENS206411,2018-2019,Casablanca-Settat,CAS,Mohammadia,Rural,Féminin,Primaire,Contractuel,Anglais,1,4802,22,1,1
ENS206412,2021-2022,Souss-Massa,SOU,Tata,Urbain,Féminin,Primaire,Professeur certifié,Sciences,1,7053,25,1,17
ENS206413,2016-2017,Fès-Meknès,FES,Taounate,Rural,Féminin,Primaire,Maître d'enseignement,SVT,28,6192,23,0,14
ENS206414,2022-2023,Rabat-Salé-Kénitra,RAB,Sidi Slimane,Rural,Féminin,Primaire,Contractuel,Sciences,33,4666,26,1,0
ENS206415,2022-2023,Béni Mellal-Khénifra,BMK,El Kelaa des Sraghna,Urbain,Féminin,Primaire,Vacataire,SVT,28,3807,26,0,0
ENS206416,2023-2024,Guelmim-Oued Noun,GUE,Sidi Ifni,Rural,Masculin,Primaire,Professeur certifié,Éducation physique,32,6264,27,1,2
ENS206417,2016-2017,Oriental,ORI,Guercif,Rural,Féminin,Collégial,Professeur certifié,Physique-Chimie,5,6697,20,0,2
ENS206418,2020-2021,Tanger-Tétouan-Al Hoceïma,TAN,Larache,Urbain,Masculin,Primaire,Professeur certifié,Histoire-Géo,29,5304,25,0,12
ENS206419,2022-2023,Béni Mellal-Khénifra,BMK,Azilal,Urbain,Masculin,Primaire,Professeur certifié,Sciences,7,7119,29,0,16
ENS206420,2019-2020,Souss-Massa,SOU,Tiznit,Rural,Féminin,Collégial,Professeur certifié,Mathématiques,12,7728,31,0,0
ENS206421,2017-2018,Tanger-Tétouan-Al Hoceïma,TAN,Fahs-Anjra,Rural,Féminin,Qualifiant,Vacataire,Mathématiques,6,3500,25,1,0
ENS206422,2019-2020,Oriental,ORI,Guercif,Urbain,Féminin,Qualifiant,Instituteur,Mathématiques,8,5029,26,0,0
ENS206423,2019-2020,Béni Mellal-Khénifra,BMK,Fquih Ben Salah,Rural,Masculin,Collégial,Professeur certifié,Anglais,7,7277,20,0,19
ENS206424,2021-2022,Casablanca-Settat,CAS,Benslimane,Rural,Féminin,Qualifiant,Instituteur,Arabe,18,3837,31,0,4
ENS206425,2020-2021,Drâa-Tafilalet,DRA,Errachidia,Urbain,Masculin,Primaire,Maître d'enseignement,Français,21,6177,29,0,6
ENS206426,2016-2017,Béni Mellal-Khénifra,BMK,El Kelaa des Sraghna,Urbain,Masculin,Primaire,Instituteur,Sciences,3,5419,20,0,20
ENS206427,2015-2016,Rabat-Salé-Kénitra,RAB,Salé,Urbain,Féminin,Préscolaire,Maître d'enseignement,Français,11,5931,20,1,5
ENS206428,2017-2018,Drâa-Tafilalet,DRA,Ouarzazate,Urbain,Masculin,Primaire,Professeur certifié,Physique-Chimie,19,5566,31,1,0
ENS206429,2021-2022,Marrakech-Safi,MAR,El Kelaa des Sraghna,Rural,Masculin,Qualifiant,Professeur certifié,Histoire-Géo,27,7197,26,0,0
ENS206430,2022-2023,Marrakech-Safi,MAR,Essaouira,Urbain,Masculin,Primaire,Instituteur,Histoire-Géo,21,5781,26,0,23
ENS206431,2016-2017,Béni Mellal-Khénifra,BMK,El Kelaa des Sraghna,Urbain,Masculin,Primaire,Instituteur,Arabe,6,3811,25,1,6
ENS206432,2023-2024,Casablanca-Settat,CAS,Sidi Bennour,Rural,Féminin,Qualifiant,Instituteur,Sciences,2,4259,25,1,2
ENS206433,2016-2017,Marrakech-Safi,MAR,El Kelaa des Sraghna,Rural,Féminin,Primaire,Contractuel,Anglais,6,4112,31,0,0
ENS206434,2017-2018,Béni Mellal-Khénifra,BMK,El Kelaa des Sraghna,Urbain,Féminin,Collégial,Professeur certifié,SVT,1,5698,30,0,13
ENS206435,2023-2024,Fès-Meknès,FES,Moulay Yacoub,Urbain,Féminin,Qualifiant,Vacataire,Éducation islamique,4,3582,21,0,13
ENS206436,2020-2021,Rabat-Salé-Kénitra,RAB,Skhirate-Témara,Urbain,Féminin,Primaire,Contractuel,Français,30,4272,21,1,12
ENS206437,2019-2020,Fès-Meknès,FES,Taounate,Rural,Masculin,Primaire,Professeur agrégé,Physique-Chimie,25,8521,21,0,12
ENS206438,2019-2020,Marrakech-Safi,MAR,Marrakech,Urbain,Féminin,Collégial,Professeur certifié,Philosophie,7,6392,24,0,3
ENS206439,2017-2018,Fès-Meknès,FES,El Hajeb,Rural,Masculin,Qualifiant,Professeur certifié,Éducation islamique,10,5809,25,0,0
ENS206440,2015-2016,Fès-Meknès,FES,Moulay Yacoub,Urbain,Féminin,Primaire,Contractuel,Philosophie,5,3486,22,1,16
ENS206441,2021-2022,Casablanca-Settat,CAS,Casablanca,Rural,Masculin,Qualifiant,Professeur certifié,Français,22,5936,25,1,4
ENS206442,2021-2022,Fès-Meknès,FES,Ifrane,Urbain,Féminin,Primaire,Professeur agrégé,Mathématiques,3,8676,24,1,0
ENS206443,2015-2016,Casablanca-Settat,CAS,Settat,Rural,Féminin,Primaire,Professeur certifié,Éducation islamique,18,5965,28,1,16
ENS206444,2019-2020,Tanger-Tétouan-Al Hoceïma,TAN,Ouazzane,Rural,Féminin,Primaire,Professeur agrégé,Arabe,7,8847,22,0,12
ENS206445,2018-2019,Marrakech-Safi,MAR,Youssoufia,Urbain,Masculin,Préscolaire,Maître d'enseignement,Philosophie,6,5759,30,1,0
ENS206446,2018-2019,Casablanca-Settat,CAS,Sidi Bennour,Rural,Féminin,Primaire,Instituteur,Philosophie,20,4739,31,1,0
ENS206447,2019-2020,Drâa-Tafilalet,DRA,Errachidia,Rural,Féminin,Qualifiant,Contractuel,Anglais,2,2914,23,1,0
ENS206448,2016-2017,Casablanca-Settat,CAS,Berrechid,Urbain,Masculin,Primaire,Professeur certifié,Arabe,10,6981,24,0,9
ENS206449,2022-2023,Rabat-Salé-Kénitra,RAB,Salé,Urbain,Féminin,Qualifiant,Professeur certifié,Mathématiques,9,6839,21,1,0
ENS206450,2020-2021,Fès-Meknès,FES,Fès,Urbain,Féminin,Qualifiant,Professeur agrégé,Mathématiques,4,8967,30,1,0
ENS206451,2017-2018,Marrakech-Safi,MAR,Youssoufia,Rural,Féminin,Qualifiant,Professeur agrégé,Sciences,24,9514,19,1,10
ENS206452,2022-2023,Tanger-Tétouan-Al Hoceïma,TAN,Tétouan,Rural,Masculin,Primaire,Contractuel,Arabe,31,4422,26,1,9
ENS206453,2018-2019,Béni Mellal-Khénifra,BMK,El Kelaa des Sraghna,Rural,Masculin,Primaire,Contractuel,Arabe,17,5145,27,0,0
ENS206454,2016-2017,Béni Mellal-Khénifra,BMK,Khouribga,Rural,Masculin,Primaire,Instituteur,Philosophie,17,4976,19,1,15
ENS206455,2016-2017,Casablanca-Settat,CAS,El Jadida,Rural,Féminin,Qualifiant,Instituteur,Philosophie,14,5737,24,0,1
ENS206456,2023-2024,Béni Mellal-Khénifra,BMK,Béni Mellal,Urbain,Masculin,Collégial,Instituteur,Anglais,18,4196,21,0,24
ENS206457,2022-2023,Marrakech-Safi,MAR,Al Haouz,Urbain,Féminin,Primaire,Professeur certifié,Philosophie,29,6571,20,0,2
ENS206458,2017-2018,Souss-Massa,SOU,Chtouka-Ait Baha,Urbain,Féminin,Primaire,Maître d'enseignement,Éducation islamique,24,5921,22,1,17
ENS206459,2023-2024,Souss-Massa,SOU,Taroudannt,Urbain,Féminin,Primaire,Maître d'enseignement,Histoire-Géo,11,5976,19,0,22
ENS206460,2017-2018,Marrakech-Safi,MAR,Chichaoua,Urbain,Masculin,Collégial,Vacataire,Français,17,3316,27,0,0
ENS206461,2019-2020,Marrakech-Safi,MAR,Safi,Rural,Masculin,Primaire,Professeur certifié,Éducation physique,1,6364,26,0,11
ENS206462,2023-2024,Rabat-Salé-Kénitra,RAB,Salé,Rural,Féminin,Qualifiant,Instituteur,Histoire-Géo,29,5212,24,1,0
ENS206463,2015-2016,Marrakech-Safi,MAR,Safi,Rural,Masculin,Primaire,Professeur agrégé,Anglais,2,8962,31,0,21
ENS206464,2018-2019,Casablanca-Settat,CAS,El Jadida,Urbain,Masculin,Qualifiant,Maître d'enseignement,Éducation physique,7,6108,20,0,23
ENS206465,2022-2023,Casablanca-Settat,CAS,Sidi Bennour,Urbain,Masculin,Préscolaire,Professeur certifié,Mathématiques,22,6537,29,0,0
ENS206466,2019-2020,Guelmim-Oued Noun,GUE,Assa-Zag,Rural,Féminin,Primaire,Professeur certifié,Éducation physique,16,6206,28,0,16
ENS206467,2017-2018,Marrakech-Safi,MAR,Youssoufia,Rural,Féminin,Collégial,Professeur certifié,Histoire-Géo,14,6435,31,1,0
ENS206468,2019-2020,Tanger-Tétouan-Al Hoceïma,TAN,Al Hoceïma,Rural,Masculin,Primaire,Contractuel,Physique-Chimie,21,4802,18,0,13
ENS206469,2018-2019,Marrakech-Safi,MAR,Safi,Rural,Féminin,Qualifiant,Contractuel,Sciences,22,3696,25,0,10
ENS206470,2019-2020,Fès-Meknès,FES,Taza,Urbain,Féminin,Primaire,Instituteur,Français,22,4491,23,1,0
ENS206471,2021-2022,Béni Mellal-Khénifra,BMK,Fquih Ben Salah,Urbain,Masculin,Qualifiant,Professeur certifié,Éducation islamique,21,6873,23,1,0
ENS206472,2019-2020,Marrakech-Safi,MAR,El Kelaa des Sraghna,Urbain,Masculin,Qualifiant,Professeur agrégé,Physique-Chimie,11,7745,18,0,18
ENS206473,2022-2023,Casablanca-Settat,CAS,Casablanca,Rural,Masculin,Primaire,Professeur agrégé,Sciences,13,8948,23,0,1
ENS206474,2023-2024,Rabat-Salé-Kénitra,RAB,Salé,Urbain,Masculin,Préscolaire,Professeur certifié,Anglais,11,6369,31,0,0
ENS206475,2020-2021,Oriental,ORI,Nador,Urbain,Féminin,Préscolaire,Professeur certifié,Arabe,34,5491,18,1,0
ENS206476,2018-2019,Marrakech-Safi,MAR,El Kelaa des Sraghna,Rural,Féminin,Qualifiant,Instituteur,Physique-Chimie,16,4483,31,1,21
ENS206477,2015-2016,Tanger-Tétouan-Al Hoceïma,TAN,Fahs-Anjra,Rural,Masculin,Primaire,Maître d'enseignement,Histoire-Géo,18,5863,21,0,0
ENS206478,2018-2019,Casablanca-Settat,CAS,El Jadida,Urbain,Masculin,Primaire,Contractuel,SVT,21,4676,28,0,0
ENS206479,2023-2024,Rabat-Salé-Kénitra,RAB,Khémisset,Urbain,Féminin,Qualifiant,Professeur agrégé,Arabe,24,7902,29,0,21
ENS206480,2022-2023,Béni Mellal-Khénifra,BMK,Azilal,Rural,Féminin,Primaire,Instituteur,Éducation islamique,28,4926,19,1,8
ENS206481,2016-2017,Casablanca-Settat,CAS,Sidi Bennour,Rural,Féminin,Primaire,Maître d'enseignement,SVT,27,4846,23,0,0
ENS206482,2020-2021,Oriental,ORI,Guercif,Rural,Masculin,Primaire,Contractuel,Philosophie,15,3599,31,0,16
ENS206483,2020-2021,Fès-Meknès,FES,Ifrane,Urbain,Masculin,Primaire,Professeur certifié,Histoire-Géo,22,5859,20,0,22
ENS206484,2019-2020,Marrakech-Safi,MAR,El Kelaa des Sraghna,Rural,Féminin,Primaire,Maître d'enseignement,Français,3,4936,29,0,0
ENS206485,2022-2023,Fès-Meknès,FES,Ifrane,Urbain,Masculin,Qualifiant,Instituteur,SVT,28,5212,24,0,0
ENS206486,2021-2022,Tanger-Tétouan-Al Hoceïma,TAN,Ouazzane,Urbain,Masculin,Primaire,Professeur agrégé,Sciences,6,8609,20,1,0
ENS206487,2020-2021,Béni Mellal-Khénifra,BMK,Azilal,Rural,Féminin,Primaire,Professeur certifié,Philosophie,9,7143,25,0,11
ENS206488,2016-2017,Tanger-Tétouan-Al Hoceïma,TAN,Fahs-Anjra,Urbain,Masculin,Collégial,Professeur agrégé,Éducation islamique,18,7789,26,1,2
ENS206489,2019-2020,Casablanca-Settat,CAS,El Jadida,Rural,Masculin,Primaire,Maître d'enseignement,Anglais,18,6390,28,0,1
ENS206490,2016-2017,Rabat-Salé-Kénitra,RAB,Salé,Urbain,Masculin,Primaire,Contractuel,Éducation physique,32,2890,27,0,6
ENS206491,2021-2022,Marrakech-Safi,MAR,Essaouira,Urbain,Masculin,Qualifiant,Professeur certifié,Arabe,26,6925,19,1,0
ENS206492,2020-2021,Marrakech-Safi,MAR,Al Haouz,Urbain,Féminin,Qualifiant,Professeur certifié,Mathématiques,32,7103,24,1,21
ENS206493,2020-2021,Fès-Meknès,FES,El Hajeb,Urbain,Masculin,Primaire,Vacataire,Arabe,10,5039,22,1,20
ENS206494,2020-2021,Casablanca-Settat,CAS,El Jadida,Urbain,Masculin,Primaire,Professeur certifié,Anglais,18,5986,29,1,15
ENS206495,2015-2016,Fès-Meknès,FES,Fès,Urbain,Masculin,Primaire,Professeur certifié,Arabe,5,6602,22,1,6
ENS206496,2021-2022,Rabat-Salé-Kénitra,RAB,Salé,Rural,Féminin,Primaire,Maître d'enseignement,Philosophie,9,4356,24,0,19
ENS206497,2021-2022,Marrakech-Safi,MAR,Safi,Urbain,Féminin,Collégial,Professeur certifié,Histoire-Géo,34,7688,23,0,12
ENS206498,2017-2018,Souss-Massa,SOU,Tata,Urbain,Féminin,Qualifiant,Maître d'enseignement,Français,29,6490,28,0,0
ENS206499,2015-2016,Béni Mellal-Khénifra,BMK,Khouribga,Urbain,Féminin,Primaire,Instituteur,Philosophie,25,5072,20,0,0
ENS206500,2023-2024,Casablanca-Settat,CAS,Casablanca,Urbain,Masculin,Qualifiant,Professeur certifié,Éducation physique,19,6402,27,1,1
ENS206501,2017-2018,Marrakech-Safi,MAR,Al Haouz,Rural,Masculin,Primaire,Instituteur,Philosophie,28,5879,21,1,19
ENS206502,2017-2018,Tanger-Tétouan-Al Hoceïma,TAN,Tétouan,Rural,Féminin,Primaire,Maître d'enseignement,Physique-Chimie,11,4802,27,1,0
ENS206503,2018-2019,Casablanca-Settat,CAS,Berrechid,Urbain,Féminin,Collégial,Maître d'enseignement,Sciences,29,5725,18,0,2
ENS206504,2019-2020,Marrakech-Safi,MAR,Essaouira,Rural,Féminin,Qualifiant,Instituteur,Anglais,28,4902,27,0,22
ENS206505,2021-2022,Rabat-Salé-Kénitra,RAB,Rabat,Urbain,Masculin,Préscolaire,Professeur agrégé,Anglais,4,7694,22,0,0
ENS206506,2017-2018,Casablanca-Settat,CAS,Mohammadia,Urbain,Féminin,Primaire,Professeur agrégé,Physique-Chimie,29,7578,30,1,0
ENS206507,2018-2019,Casablanca-Settat,CAS,Benslimane,Urbain,Féminin,Primaire,Maître d'enseignement,Éducation physique,18,5472,30,1,7
ENS206508,2020-2021,Casablanca-Settat,CAS,Settat,Rural,Masculin,Primaire,Instituteur,Mathématiques,25,4810,24,0,11
ENS206509,2018-2019,Tanger-Tétouan-Al Hoceïma,TAN,Fahs-Anjra,Urbain,Féminin,Qualifiant,Maître d'enseignement,Français,14,5981,21,1,21
ENS206510,2022-2023,Laâyoune-Sakia El Hamra,LAA,Boujdour,Urbain,Féminin,Collégial,Contractuel,Français,14,3865,23,1,12
ENS206511,2023-2024,Tanger-Tétouan-Al Hoceïma,TAN,Larache,Urbain,Féminin,Primaire,Maître d'enseignement,Histoire-Géo,29,4993,28,0,17
ENS206512,2019-2020,Béni Mellal-Khénifra,BMK,Fquih Ben Salah,Rural,Masculin,Primaire,Vacataire,Physique-Chimie,9,3726,31,0,12
ENS206513,2017-2018,Tanger-Tétouan-Al Hoceïma,TAN,Al Hoceïma,Rural,Masculin,Collégial,Professeur agrégé,Philosophie,14,8089,26,1,0
ENS206514,2019-2020,Casablanca-Settat,CAS,Settat,Rural,Masculin,Préscolaire,Instituteur,Arabe,27,5228,21,0,0
ENS206515,2023-2024,Marrakech-Safi,MAR,El Kelaa des Sraghna,Urbain,Féminin,Collégial,Vacataire,Physique-Chimie,33,3616,19,0,7
ENS206516,2015-2016,Oriental,ORI,Driouch,Urbain,Masculin,Qualifiant,Maître d'enseignement,Français,25,4368,21,1,4
ENS206517,2022-2023,Rabat-Salé-Kénitra,RAB,Sidi Slimane,Rural,Féminin,Primaire,Instituteur,Arabe,12,4711,29,1,0
ENS206518,2020-2021,Fès-Meknès,FES,Meknès,Rural,Masculin,Primaire,Professeur certifié,Éducation physique,16,6275,31,1,8
ENS206519,2019-2020,Marrakech-Safi,MAR,Al Haouz,Rural,Féminin,Primaire,Contractuel,Physique-Chimie,9,5743,19,0,11
ENS206520,2023-2024,Souss-Massa,SOU,Tiznit,Urbain,Masculin,Collégial,Instituteur,Histoire-Géo,3,6565,23,1,7
ENS206521,2022-2023,Béni Mellal-Khénifra,BMK,El Kelaa des Sraghna,Rural,Masculin,Primaire,Professeur certifié,Éducation islamique,15,7456,25,1,0
ENS206522,2016-2017,Drâa-Tafilalet,DRA,Ouarzazate,Rural,Masculin,Collégial,Professeur certifié,Français,26,5450,20,1,0
ENS206523,2018-2019,Tanger-Tétouan-Al Hoceïma,TAN,Tanger-Assilah,Urbain,Masculin,Collégial,Professeur certifié,Histoire-Géo,21,5687,21,0,0
ENS206524,2017-2018,Béni Mellal-Khénifra,BMK,Azilal,Rural,Masculin,Primaire,Vacataire,Histoire-Géo,31,2808,31,0,17
ENS206525,2015-2016,Fès-Meknès,FES,El Hajeb,Rural,Féminin,Collégial,Instituteur,Éducation islamique,19,5512,31,0,1
ENS206526,2017-2018,Casablanca-Settat,CAS,Khouribga,Urbain,Masculin,Qualifiant,Instituteur,Sciences,25,4745,19,0,15
ENS206527,2018-2019,Marrakech-Safi,MAR,Youssoufia,Rural,Masculin,Primaire,Contractuel,Éducation physique,12,4809,30,1,16
ENS206528,2019-2020,Fès-Meknès,FES,Meknès,Urbain,Masculin,Collégial,Instituteur,Éducation physique,16,5747,27,1,14
ENS206529,2017-2018,Drâa-Tafilalet,DRA,Zagora,Rural,Masculin,Primaire,Instituteur,Français,16,4322,26,0,0
ENS206530,2017-2018,Rabat-Salé-Kénitra,RAB,Khémisset,Urbain,Féminin,Qualifiant,Professeur certifié,Physique-Chimie,23,6785,31,0,20
ENS206531,2020-2021,Béni Mellal-Khénifra,BMK,Fquih Ben Salah,Urbain,Féminin,Collégial,Professeur certifié,Physique-Chimie,26,7142,29,0,18
ENS206532,2023-2024,Casablanca-Settat,CAS,Khouribga,Rural,Masculin,Collégial,Professeur certifié,Histoire-Géo,21,7202,22,0,5
ENS206533,2021-2022,Tanger-Tétouan-Al Hoceïma,TAN,Al Hoceïma,Rural,Masculin,Primaire,Professeur certifié,Histoire-Géo,8,6426,30,1,7
ENS206534,2017-2018,Marrakech-Safi,MAR,Chichaoua,Rural,Masculin,Primaire,Maître d'enseignement,Philosophie,13,5981,25,0,0
ENS206535,2023-2024,Tanger-Tétouan-Al Hoceïma,TAN,Tanger-Assilah,Urbain,Masculin,Primaire,Vacataire,Histoire-Géo,7,3817,18,0,0
ENS206536,2023-2024,Marrakech-Safi,MAR,Chichaoua,Urbain,Masculin,Préscolaire,Maître d'enseignement,Éducation islamique,16,4650,29,1,20
ENS206537,2016-2017,Oriental,ORI,Figuig,Urbain,Masculin,Primaire,Professeur certifié,Physique-Chimie,3,6119,26,1,22
ENS206538,2022-2023,Tanger-Tétouan-Al Hoceïma,TAN,Mdiq-Fnideq,Rural,Masculin,Collégial,Professeur certifié,Philosophie,33,6258,28,0,20
ENS206539,2017-2018,Casablanca-Settat,CAS,Mohammadia,Rural,Masculin,Préscolaire,Maître d'enseignement,Éducation physique,30,4795,31,0,1
ENS206540,2018-2019,Casablanca-Settat,CAS,Settat,Rural,Féminin,Primaire,Instituteur,SVT,2,4477,22,1,20
ENS206541,2021-2022,Marrakech-Safi,MAR,Al Haouz,Urbain,Masculin,Collégial,Instituteur,Histoire-Géo,12,4737,24,1,0
ENS206542,2015-2016,Marrakech-Safi,MAR,Safi,Urbain,Masculin,Primaire,Professeur certifié,Physique-Chimie,20,7157,19,0,18
ENS206543,2022-2023,Tanger-Tétouan-Al Hoceïma,TAN,Tétouan,Rural,Masculin,Collégial,Professeur certifié,SVT,12,6064,19,1,15
ENS206544,2015-2016,Oriental,ORI,Oujda-Angad,Rural,Masculin,Collégial,Professeur agrégé,Français,19,8307,30,1,23
ENS206545,2018-2019,Rabat-Salé-Kénitra,RAB,Rabat,Urbain,Masculin,Collégial,Professeur agrégé,Histoire-Géo,9,8466,29,0,5
ENS206546,2019-2020,Marrakech-Safi,MAR,Essaouira,Rural,Masculin,Qualifiant,Professeur certifié,Éducation physique,28,7008,30,1,0
ENS206547,2017-2018,Marrakech-Safi,MAR,Youssoufia,Urbain,Féminin,Primaire,Maître d'enseignement,Éducation islamique,18,6061,21,0,16
ENS206548,2022-2023,Rabat-Salé-Kénitra,RAB,Skhirate-Témara,Rural,Féminin,Préscolaire,Professeur certifié,Éducation physique,24,7299,25,1,0
ENS206549,2019-2020,Rabat-Salé-Kénitra,RAB,Khémisset,Rural,Masculin,Primaire,Instituteur,Éducation islamique,4,3424,27,0,24
ENS206550,2023-2024,Rabat-Salé-Kénitra,RAB,Kénitra,Urbain,Masculin,Primaire,Professeur agrégé,Philosophie,17,9364,30,0,24
ENS206551,2015-2016,Tanger-Tétouan-Al Hoceïma,TAN,Fahs-Anjra,Urbain,Masculin,Primaire,Professeur certifié,Philosophie,21,5501,29,0,13
ENS206552,2018-2019,Tanger-Tétouan-Al Hoceïma,TAN,Fahs-Anjra,Urbain,Masculin,Primaire,Maître d'enseignement,Éducation physique,5,3938,27,1,22
ENS206553,2020-2021,Rabat-Salé-Kénitra,RAB,Sidi Slimane,Urbain,Féminin,Collégial,Maître d'enseignement,Mathématiques,11,6034,23,1,13
ENS206554,2022-2023,Fès-Meknès,FES,Ifrane,Urbain,Féminin,Collégial,Maître d'enseignement,Éducation physique,34,4369,27,0,0
ENS206555,2018-2019,Souss-Massa,SOU,Inezgane-Ait Melloul,Rural,Masculin,Primaire,Maître d'enseignement,SVT,33,5498,18,1,1
ENS206556,2020-2021,Casablanca-Settat,CAS,Benslimane,Rural,Masculin,Collégial,Vacataire,Mathématiques,13,3316,29,0,0
ENS206557,2016-2017,Tanger-Tétouan-Al Hoceïma,TAN,Al Hoceïma,Urbain,Masculin,Primaire,Maître d'enseignement,Éducation physique,17,6002,23,0,0
ENS206558,2016-2017,Rabat-Salé-Kénitra,RAB,Salé,Urbain,Féminin,Primaire,Vacataire,Anglais,19,2252,23,1,0
ENS206559,2018-2019,Casablanca-Settat,CAS,Sidi Bennour,Rural,Féminin,Primaire,Maître d'enseignement,Mathématiques,31,6368,24,0,0
ENS206560,2018-2019,Rabat-Salé-Kénitra,RAB,Skhirate-Témara,Urbain,Masculin,Primaire,Contractuel,Sciences,27,3354,27,0,14
ENS206561,2017-2018,Casablanca-Settat,CAS,Sidi Bennour,Urbain,Masculin,Primaire,Professeur certifié,Physique-Chimie,27,6246,19,0,0
ENS206562,2023-2024,Oriental,ORI,Driouch,Urbain,Masculin,Primaire,Maître d'enseignement,Physique-Chimie,30,4951,29,0,0
ENS206563,2019-2020,Rabat-Salé-Kénitra,RAB,Salé,Rural,Féminin,Primaire,Contractuel,Éducation physique,5,4721,30,0,24
ENS206564,2015-2016,Rabat-Salé-Kénitra,RAB,Salé,Urbain,Féminin,Primaire,Instituteur,Mathématiques,30,4889,28,0,19
ENS206565,2019-2020,Casablanca-Settat,CAS,Mohammadia,Urbain,Féminin,Collégial,Professeur certifié,Mathématiques,24,7630,29,0,10
ENS206566,2020-2021,Tanger-Tétouan-Al Hoceïma,TAN,Mdiq-Fnideq,Rural,Féminin,Préscolaire,Professeur certifié,Anglais,2,8132,27,1,23
ENS206567,2016-2017,Béni Mellal-Khénifra,BMK,El Kelaa des Sraghna,Urbain,Masculin,Primaire,Instituteur,Mathématiques,25,4182,26,0,24
ENS206568,2023-2024,Oriental,ORI,Oujda-Angad,Rural,Masculin,Primaire,Instituteur,Physique-Chimie,29,5117,24,0,13
ENS206569,2017-2018,Marrakech-Safi,MAR,Chichaoua,Urbain,Masculin,Collégial,Professeur certifié,Français,24,5900,21,1,0
ENS206570,2017-2018,Oriental,ORI,Guercif,Urbain,Masculin,Collégial,Instituteur,Mathématiques,29,4596,20,0,6
ENS206571,2020-2021,Rabat-Salé-Kénitra,RAB,Kénitra,Rural,Masculin,Primaire,Instituteur,SVT,2,5185,29,1,15
ENS206572,2015-2016,Béni Mellal-Khénifra,BMK,Azilal,Urbain,Masculin,Qualifiant,Instituteur,SVT,10,4486,22,1,14
ENS206573,2016-2017,Casablanca-Settat,CAS,Casablanca,Rural,Féminin,Qualifiant,Professeur agrégé,Physique-Chimie,23,8031,23,0,0
ENS206574,2016-2017,Rabat-Salé-Kénitra,RAB,Khémisset,Rural,Masculin,Primaire,Professeur agrégé,Sciences,5,9800,28,0,4
ENS206575,2015-2016,Béni Mellal-Khénifra,BMK,Azilal,Urbain,Masculin,Primaire,Instituteur,Histoire-Géo,25,4342,29,0,0
ENS206576,2022-2023,Marrakech-Safi,MAR,Marrakech,Urbain,Masculin,Primaire,Maître d'enseignement,Éducation physique,13,5895,29,1,0
ENS206577,2021-2022,Oriental,ORI,Taourirt,Urbain,Masculin,Primaire,Contractuel,Éducation physique,10,4904,24,1,0
ENS206578,2017-2018,Marrakech-Safi,MAR,Al Haouz,Rural,Féminin,Primaire,Professeur certifié,Philosophie,28,6381,21,1,3
ENS206579,2020-2021,Rabat-Salé-Kénitra,RAB,Kénitra,Rural,Féminin,Primaire,Contractuel,Sciences,29,5015,31,0,0
ENS206580,2017-2018,Casablanca-Settat,CAS,Casablanca,Urbain,Masculin,Primaire,Maître d'enseignement,Philosophie,7,4434,25,0,9
ENS206581,2017-2018,Fès-Meknès,FES,Boulemane,Rural,Masculin,Primaire,Maître d'enseignement,Éducation physique,20,4876,24,0,0
ENS206582,2022-2023,Fès-Meknès,FES,Taza,Rural,Masculin,Primaire,Professeur certifié,Mathématiques,26,8001,25,0,2
ENS206583,2018-2019,Souss-Massa,SOU,Agadir-Ida-Ou-Tanane,Rural,Féminin,Qualifiant,Professeur certifié,Sciences,1,6758,22,0,19
ENS206584,2017-2018,Tanger-Tétouan-Al Hoceïma,TAN,Chefchaouen,Urbain,Masculin,Primaire,Professeur certifié,Anglais,15,5628,18,0,0
ENS206585,2022-2023,Souss-Massa,SOU,Tiznit,Urbain,Féminin,Collégial,Maître d'enseignement,Philosophie,28,5307,23,1,0
ENS206586,2021-2022,Drâa-Tafilalet,DRA,Zagora,Rural,Féminin,Primaire,Maître d'enseignement,SVT,33,5196,31,1,0
ENS206587,2022-2023,Fès-Meknès,FES,Ifrane,Rural,Masculin,Qualifiant,Professeur certifié,Éducation physique,9,7194,26,1,16
ENS206588,2020-2021,Casablanca-Settat,CAS,Berrechid,Rural,Masculin,Primaire,Instituteur,Histoire-Géo,4,4760,22,1,22
ENS206589,2017-2018,Casablanca-Settat,CAS,El Jadida,Rural,Féminin,Primaire,Instituteur,Arabe,20,5593,30,1,0
ENS206590,2016-2017,Marrakech-Safi,MAR,Essaouira,Rural,Masculin,Qualifiant,Maître d'enseignement,Physique-Chimie,20,5754,26,1,18
ENS206591,2015-2016,Oriental,ORI,Jerada,Rural,Masculin,Primaire,Professeur certifié,Physique-Chimie,34,7129,24,1,0
ENS206592,2023-2024,Souss-Massa,SOU,Agadir-Ida-Ou-Tanane,Rural,Masculin,Qualifiant,Contractuel,Histoire-Géo,33,5163,31,1,2
ENS206593,2020-2021,Rabat-Salé-Kénitra,RAB,Sidi Slimane,Urbain,Féminin,Collégial,Contractuel,Éducation islamique,12,4002,22,0,0
ENS206594,2022-2023,Béni Mellal-Khénifra,BMK,Béni Mellal,Urbain,Masculin,Collégial,Professeur certifié,Arabe,10,6331,27,1,6
ENS206595,2023-2024,Rabat-Salé-Kénitra,RAB,Sidi Slimane,Urbain,Masculin,Qualifiant,Contractuel,Mathématiques,34,3169,23,0,0
ENS206596,2020-2021,Rabat-Salé-Kénitra,RAB,Skhirate-Témara,Rural,Masculin,Qualifiant,Professeur certifié,Mathématiques,14,5085,18,0,24
ENS206597,2020-2021,Rabat-Salé-Kénitra,RAB,Khémisset,Rural,Féminin,Primaire,Instituteur,SVT,17,4619,31,1,3
ENS206598,2018-2019,Fès-Meknès,FES,Séfrou,Urbain,Masculin,Collégial,Professeur certifié,Anglais,7,6734,30,0,16
ENS206599,2018-2019,Souss-Massa,SOU,Tata,Rural,Masculin,Qualifiant,Professeur certifié,Physique-Chimie,20,4807,31,0,8
ENS206600,2018-2019,Béni Mellal-Khénifra,BMK,Béni Mellal,Urbain,Masculin,Qualifiant,Professeur agrégé,Éducation islamique,14,9588,20,1,3
ENS206601,2015-2016,Casablanca-Settat,CAS,El Jadida,Urbain,Féminin,Primaire,Maître d'enseignement,Éducation physique,24,4438,29,1,22
ENS206602,2022-2023,Tanger-Tétouan-Al Hoceïma,TAN,Ouazzane,Rural,Féminin,Collégial,Maître d'enseignement,Histoire-Géo,32,5558,23,1,21
ENS206603,2018-2019,Casablanca-Settat,CAS,Berrechid,Rural,Masculin,Primaire,Contractuel,Philosophie,12,4924,28,1,10
ENS206604,2020-2021,Rabat-Salé-Kénitra,RAB,Rabat,Urbain,Masculin,Qualifiant,Professeur agrégé,Mathématiques,24,8405,23,0,9
ENS206605,2019-2020,Fès-Meknès,FES,Taza,Urbain,Masculin,Qualifiant,Professeur certifié,Anglais,25,7064,26,1,24
ENS206606,2017-2018,Fès-Meknès,FES,Moulay Yacoub,Rural,Féminin,Collégial,Professeur certifié,Physique-Chimie,4,7236,20,1,13
ENS206607,2021-2022,Casablanca-Settat,CAS,Khouribga,Urbain,Masculin,Collégial,Contractuel,SVT,14,3699,20,1,6
ENS206608,2019-2020,Casablanca-Settat,CAS,El Jadida,Urbain,Masculin,Collégial,Vacataire,Physique-Chimie,11,3586,23,0,0
ENS206609,2019-2020,Souss-Massa,SOU,Taroudannt,Rural,Masculin,Primaire,Professeur certifié,Anglais,3,6337,22,0,5
ENS206610,2020-2021,Oriental,ORI,Driouch,Rural,Masculin,Collégial,Maître d'enseignement,Sciences,31,4456,19,0,0
ENS206611,2017-2018,Fès-Meknès,FES,Taza,Rural,Féminin,Primaire,Professeur certifié,Philosophie,30,6442,31,0,18
ENS206612,2021-2022,Casablanca-Settat,CAS,El Jadida,Rural,Masculin,Collégial,Instituteur,Histoire-Géo,22,5092,20,1,4
ENS206613,2023-2024,Casablanca-Settat,CAS,Khouribga,Urbain,Masculin,Collégial,Professeur certifié,Français,33,6699,25,0,21
ENS206614,2019-2020,Casablanca-Settat,CAS,Casablanca,Urbain,Masculin,Qualifiant,Instituteur,Anglais,8,3952,26,0,0
ENS206615,2023-2024,Oriental,ORI,Guercif,Urbain,Féminin,Primaire,Professeur certifié,Sciences,28,4890,18,0,20
ENS206616,2015-2016,Fès-Meknès,FES,Ifrane,Rural,Masculin,Collégial,Vacataire,Éducation islamique,32,2275,28,0,18
ENS206617,2018-2019,Drâa-Tafilalet,DRA,Errachidia,Urbain,Féminin,Primaire,Instituteur,Arabe,15,5464,18,0,1
ENS206618,2018-2019,Rabat-Salé-Kénitra,RAB,Khémisset,Rural,Masculin,Primaire,Professeur certifié,Histoire-Géo,23,5480,27,0,0
ENS206619,2022-2023,Souss-Massa,SOU,Agadir-Ida-Ou-Tanane,Rural,Masculin,Qualifiant,Instituteur,Éducation islamique,1,4540,18,0,0
ENS206620,2017-2018,Casablanca-Settat,CAS,Settat,Rural,Féminin,Primaire,Professeur certifié,Philosophie,8,6555,21,0,23
ENS206621,2016-2017,Marrakech-Safi,MAR,Essaouira,Urbain,Masculin,Qualifiant,Instituteur,Français,1,5491,24,1,5
ENS206622,2015-2016,Marrakech-Safi,MAR,Chichaoua,Urbain,Féminin,Primaire,Instituteur,Français,13,4005,25,0,8
ENS206623,2018-2019,Marrakech-Safi,MAR,Safi,Rural,Féminin,Primaire,Contractuel,Sciences,13,3803,19,1,22
ENS206624,2016-2017,Tanger-Tétouan-Al Hoceïma,TAN,Chefchaouen,Rural,Masculin,Collégial,Maître d'enseignement,Éducation islamique,12,4930,21,1,0
ENS206625,2020-2021,Casablanca-Settat,CAS,Benslimane,Urbain,Masculin,Primaire,Professeur certifié,Arabe,34,6418,22,1,19
ENS206626,2022-2023,Casablanca-Settat,CAS,Berrechid,Rural,Masculin,Qualifiant,Maître d'enseignement,Français,13,5766,19,1,0
ENS206627,2015-2016,Marrakech-Safi,MAR,Chichaoua,Rural,Masculin,Collégial,Instituteur,Sciences,28,4889,28,0,0
ENS206628,2015-2016,Béni Mellal-Khénifra,BMK,Béni Mellal,Rural,Féminin,Primaire,Professeur certifié,Français,16,6872,21,1,6
ENS206629,2022-2023,Souss-Massa,SOU,Chtouka-Ait Baha,Urbain,Masculin,Qualifiant,Contractuel,Éducation physique,25,4953,19,1,0
ENS206630,2023-2024,Marrakech-Safi,MAR,Al Haouz,Rural,Masculin,Qualifiant,Professeur agrégé,Sciences,33,8556,26,1,0
ENS206631,2020-2021,Marrakech-Safi,MAR,Chichaoua,Urbain,Féminin,Collégial,Professeur certifié,Philosophie,4,6011,31,0,24
ENS206632,2021-2022,Béni Mellal-Khénifra,BMK,Fquih Ben Salah,Rural,Masculin,Collégial,Vacataire,Mathématiques,6,2773,31,0,15
ENS206633,2021-2022,Béni Mellal-Khénifra,BMK,Fquih Ben Salah,Urbain,Féminin,Qualifiant,Instituteur,Éducation physique,11,4512,29,1,11
ENS206634,2023-2024,Béni Mellal-Khénifra,BMK,El Kelaa des Sraghna,Rural,Féminin,Primaire,Contractuel,Sciences,29,2625,18,1,3
ENS206635,2023-2024,Rabat-Salé-Kénitra,RAB,Skhirate-Témara,Urbain,Masculin,Qualifiant,Contractuel,Français,27,2871,18,0,0
ENS206636,2023-2024,Oriental,ORI,Taourirt,Rural,Masculin,Primaire,Contractuel,Physique-Chimie,6,3900,31,1,15
ENS206637,2020-2021,Casablanca-Settat,CAS,Mohammadia,Urbain,Féminin,Qualifiant,Instituteur,Physique-Chimie,9,3863,23,0,18
ENS206638,2015-2016,Tanger-Tétouan-Al Hoceïma,TAN,Fahs-Anjra,Rural,Féminin,Collégial,Maître d'enseignement,Mathématiques,1,5158,21,0,6
ENS206639,2021-2022,Marrakech-Safi,MAR,Al Haouz,Urbain,Masculin,Primaire,Vacataire,Mathématiques,30,4226,19,0,0
ENS206640,2022-2023,Béni Mellal-Khénifra,BMK,El Kelaa des Sraghna,Urbain,Féminin,Collégial,Instituteur,SVT,30,3080,28,1,2
ENS206641,2016-2017,Drâa-Tafilalet,DRA,Midelt,Rural,Féminin,Qualifiant,Professeur certifié,Éducation physique,31,6383,20,0,18
ENS206642,2015-2016,Souss-Massa,SOU,Tata,Urbain,Masculin,Primaire,Vacataire,Philosophie,28,4097,24,0,12
ENS206643,2015-2016,Souss-Massa,SOU,Tiznit,Urbain,Masculin,Primaire,Maître d'enseignement,Sciences,16,5297,30,1,1
ENS206644,2015-2016,Marrakech-Safi,MAR,Youssoufia,Rural,Féminin,Primaire,Instituteur,Mathématiques,23,4262,31,0,17
ENS206645,2016-2017,Drâa-Tafilalet,DRA,Tinghir,Urbain,Masculin,Collégial,Maître d'enseignement,Sciences,5,6538,29,1,10
ENS206646,2021-2022,Oriental,ORI,Jerada,Urbain,Féminin,Primaire,Instituteur,Éducation physique,8,5478,22,0,0
ENS206647,2019-2020,Fès-Meknès,FES,Meknès,Rural,Masculin,Collégial,Professeur certifié,SVT,12,5686,27,0,9
ENS206648,2016-2017,Souss-Massa,SOU,Chtouka-Ait Baha,Urbain,Masculin,Primaire,Professeur certifié,Philosophie,9,5856,24,1,21
ENS206649,2023-2024,Souss-Massa,SOU,Tiznit,Urbain,Masculin,Collégial,Professeur certifié,Français,1,6609,29,0,13
ENS206650,2017-2018,Fès-Meknès,FES,Taounate,Urbain,Féminin,Collégial,Maître d'enseignement,Sciences,33,5139,25,1,7
ENS206651,2017-2018,Béni Mellal-Khénifra,BMK,Azilal,Rural,Féminin,Primaire,Instituteur,Philosophie,33,5599,19,1,2
ENS206652,2017-2018,Marrakech-Safi,MAR,Marrakech,Rural,Féminin,Primaire,Vacataire,Sciences,30,2640,27,1,0
ENS206653,2019-2020,Rabat-Salé-Kénitra,RAB,Sidi Kacem,Urbain,Masculin,Qualifiant,Professeur certifié,Arabe,29,6622,22,1,10
ENS206654,2020-2021,Tanger-Tétouan-Al Hoceïma,TAN,Chefchaouen,Urbain,Féminin,Primaire,Professeur certifié,Éducation islamique,1,5516,28,0,5
ENS206655,2016-2017,Rabat-Salé-Kénitra,RAB,Khémisset,Urbain,Féminin,Qualifiant,Professeur certifié,SVT,4,7058,25,1,19
ENS206656,2023-2024,Marrakech-Safi,MAR,El Kelaa des Sraghna,Urbain,Masculin,Primaire,Instituteur,Éducation physique,32,4939,18,1,4
ENS206657,2022-2023,Fès-Meknès,FES,Fès,Urbain,Féminin,Primaire,Maître d'enseignement,Arabe,1,6007,22,1,1
ENS206658,2018-2019,Casablanca-Settat,CAS,Berrechid,Rural,Masculin,Primaire,Vacataire,SVT,26,2129,28,1,0
ENS206659,2023-2024,Béni Mellal-Khénifra,BMK,El Kelaa des Sraghna,Urbain,Féminin,Primaire,Instituteur,Philosophie,28,6348,25,1,16
ENS206660,2018-2019,Rabat-Salé-Kénitra,RAB,Sidi Slimane,Rural,Masculin,Primaire,Professeur agrégé,Français,20,8511,27,1,8
ENS206661,2021-2022,Rabat-Salé-Kénitra,RAB,Khémisset,Rural,Masculin,Primaire,Professeur certifié,Mathématiques,28,5726,24,1,24
ENS206662,2023-2024,Fès-Meknès,FES,Boulemane,Urbain,Masculin,Qualifiant,Maître d'enseignement,Philosophie,31,6650,22,1,0
ENS206663,2020-2021,Marrakech-Safi,MAR,Safi,Urbain,Féminin,Primaire,Professeur certifié,Éducation physique,32,5925,23,0,0
ENS206664,2022-2023,Rabat-Salé-Kénitra,RAB,Khémisset,Urbain,Féminin,Préscolaire,Professeur certifié,Éducation physique,25,5419,26,0,1
ENS206665,2021-2022,Casablanca-Settat,CAS,Benslimane,Urbain,Masculin,Collégial,Professeur certifié,Éducation islamique,19,5687,22,0,0
ENS206666,2020-2021,Fès-Meknès,FES,Taza,Urbain,Masculin,Qualifiant,Instituteur,Arabe,8,5349,25,1,0
ENS206667,2022-2023,Béni Mellal-Khénifra,BMK,Fquih Ben Salah,Rural,Masculin,Primaire,Instituteur,Philosophie,13,4405,24,1,14
ENS206668,2018-2019,Drâa-Tafilalet,DRA,Ouarzazate,Urbain,Masculin,Primaire,Maître d'enseignement,Arabe,6,5041,23,0,10
ENS206669,2020-2021,Fès-Meknès,FES,Ifrane,Rural,Masculin,Primaire,Contractuel,Physique-Chimie,20,5540,25,0,0
ENS206670,2019-2020,Oriental,ORI,Nador,Urbain,Masculin,Collégial,Professeur certifié,Mathématiques,23,6223,19,0,0
ENS206671,2023-2024,Casablanca-Settat,CAS,Settat,Rural,Masculin,Primaire,Instituteur,Éducation physique,18,6030,20,0,0
ENS206672,2021-2022,Oriental,ORI,Jerada,Urbain,Féminin,Collégial,Professeur certifié,Philosophie,15,7369,31,0,0
ENS206673,2021-2022,Fès-Meknès,FES,Taza,Rural,Féminin,Primaire,Professeur agrégé,Éducation physique,31,7445,27,1,0
ENS206674,2019-2020,Oriental,ORI,Berkane,Urbain,Masculin,Collégial,Professeur certifié,Anglais,21,6877,30,1,7
ENS206675,2020-2021,Béni Mellal-Khénifra,BMK,Khouribga,Rural,Masculin,Préscolaire,Professeur agrégé,Histoire-Géo,15,7826,26,1,4
ENS206676,2022-2023,Marrakech-Safi,MAR,Marrakech,Rural,Masculin,Primaire,Professeur agrégé,Physique-Chimie,20,9178,26,1,0
ENS206677,2023-2024,Rabat-Salé-Kénitra,RAB,Salé,Rural,Masculin,Primaire,Professeur agrégé,Histoire-Géo,22,8177,25,0,21
ENS206678,2015-2016,Souss-Massa,SOU,Tata,Rural,Féminin,Primaire,Instituteur,SVT,30,5194,29,1,9
ENS206679,2022-2023,Rabat-Salé-Kénitra,RAB,Sidi Kacem,Urbain,Féminin,Collégial,Instituteur,Français,20,4446,29,1,21
ENS206680,2022-2023,Casablanca-Settat,CAS,Mohammadia,Urbain,Masculin,Primaire,Professeur certifié,Éducation physique,2,6825,19,0,18
ENS206681,2023-2024,Casablanca-Settat,CAS,Mohammadia,Rural,Masculin,Primaire,Vacataire,Arabe,21,4509,26,1,3
ENS206682,2022-2023,Casablanca-Settat,CAS,Khouribga,Urbain,Féminin,Qualifiant,Professeur certifié,Physique-Chimie,28,5881,24,1,8
ENS206683,2020-2021,Casablanca-Settat,CAS,Berrechid,Rural,Masculin,Primaire,Contractuel,Arabe,26,3493,31,0,8
ENS206684,2018-2019,Souss-Massa,SOU,Tiznit,Rural,Féminin,Primaire,Professeur certifié,Histoire-Géo,6,5817,24,1,8
ENS206685,2022-2023,Marrakech-Safi,MAR,El Kelaa des Sraghna,Rural,Masculin,Primaire,Maître d'enseignement,Physique-Chimie,29,5217,21,0,12
ENS206686,2015-2016,Souss-Massa,SOU,Inezgane-Ait Melloul,Rural,Masculin,Primaire,Professeur certifié,Sciences,7,6317,20,0,0
ENS206687,2018-2019,Tanger-Tétouan-Al Hoceïma,TAN,Larache,Urbain,Féminin,Primaire,Maître d'enseignement,Éducation islamique,29,5372,19,0,0
ENS206688,2018-2019,Béni Mellal-Khénifra,BMK,Béni Mellal,Rural,Masculin,Primaire,Instituteur,Histoire-Géo,10,3632,21,1,0
ENS206689,2017-2018,Rabat-Salé-Kénitra,RAB,Rabat,Urbain,Masculin,Primaire,Maître d'enseignement,Histoire-Géo,6,4725,24,0,0
ENS206690,2016-2017,Oriental,ORI,Berkane,Rural,Féminin,Primaire,Contractuel,Éducation islamique,9,5019,21,1,3
ENS206691,2018-2019,Tanger-Tétouan-Al Hoceïma,TAN,Al Hoceïma,Urbain,Masculin,Collégial,Contractuel,Physique-Chimie,3,4797,28,0,6
ENS206692,2016-2017,Oriental,ORI,Driouch,Rural,Féminin,Primaire,Maître d'enseignement,Sciences,14,5204,27,0,16
ENS206693,2020-2021,Casablanca-Settat,CAS,Benslimane,Rural,Masculin,Primaire,Professeur certifié,SVT,17,7218,28,0,18
ENS206694,2020-2021,Marrakech-Safi,MAR,Essaouira,Urbain,Masculin,Préscolaire,Maître d'enseignement,Éducation islamique,11,5137,19,0,3
ENS206695,2021-2022,Fès-Meknès,FES,Ifrane,Urbain,Féminin,Primaire,Instituteur,Mathématiques,32,4260,18,0,2
ENS206696,2015-2016,Rabat-Salé-Kénitra,RAB,Salé,Urbain,Masculin,Qualifiant,Instituteur,Arabe,25,5094,21,1,6
ENS206697,2016-2017,Fès-Meknès,FES,Boulemane,Urbain,Masculin,Collégial,Vacataire,Français,7,2470,30,0,21
ENS206698,2022-2023,Drâa-Tafilalet,DRA,Tinghir,Urbain,Masculin,Préscolaire,Instituteur,Éducation islamique,24,4634,22,1,13
ENS206699,2015-2016,Casablanca-Settat,CAS,Berrechid,Urbain,Féminin,Primaire,Maître d'enseignement,SVT,20,5417,24,0,6
ENS206700,2019-2020,Fès-Meknès,FES,Moulay Yacoub,Rural,Féminin,Primaire,Professeur certifié,Arabe,13,5163,26,1,20
ENS206701,2018-2019,Fès-Meknès,FES,Séfrou,Rural,Féminin,Collégial,Maître d'enseignement,Physique-Chimie,21,5802,23,1,20
ENS206702,2023-2024,Rabat-Salé-Kénitra,RAB,Salé,Rural,Masculin,Primaire,Professeur certifié,Mathématiques,32,6921,18,0,2
ENS206703,2017-2018,Rabat-Salé-Kénitra,RAB,Khémisset,Urbain,Féminin,Primaire,Contractuel,SVT,18,4401,19,0,0
ENS206704,2023-2024,Fès-Meknès,FES,Ifrane,Rural,Féminin,Primaire,Professeur certifié,Éducation islamique,5,6671,29,0,0
ENS206705,2020-2021,Casablanca-Settat,CAS,Khouribga,Urbain,Masculin,Qualifiant,Professeur certifié,Mathématiques,27,6292,30,0,18
ENS206706,2023-2024,Béni Mellal-Khénifra,BMK,Azilal,Rural,Masculin,Primaire,Instituteur,Histoire-Géo,8,4141,26,0,6
ENS206707,2021-2022,Drâa-Tafilalet,DRA,Midelt,Urbain,Masculin,Collégial,Vacataire,Arabe,20,2563,21,0,2
ENS206708,2023-2024,Rabat-Salé-Kénitra,RAB,Sidi Slimane,Urbain,Féminin,Qualifiant,Instituteur,Arabe,10,5290,18,1,24
ENS206709,2020-2021,Casablanca-Settat,CAS,Sidi Bennour,Urbain,Féminin,Collégial,Maître d'enseignement,Français,6,5454,22,0,0
ENS206710,2015-2016,Fès-Meknès,FES,Meknès,Urbain,Féminin,Primaire,Professeur agrégé,Arabe,15,8576,30,0,16
ENS206711,2022-2023,Casablanca-Settat,CAS,El Jadida,Urbain,Masculin,Qualifiant,Instituteur,Mathématiques,19,3833,22,0,8
ENS206712,2021-2022,Casablanca-Settat,CAS,El Jadida,Urbain,Masculin,Préscolaire,Professeur certifié,Sciences,2,5094,27,0,2
ENS206713,2015-2016,Casablanca-Settat,CAS,Settat,Rural,Féminin,Primaire,Professeur certifié,Physique-Chimie,28,6676,29,0,17
ENS206714,2018-2019,Oriental,ORI,Driouch,Urbain,Masculin,Collégial,Professeur certifié,Français,30,6634,18,0,6
ENS206715,2020-2021,Casablanca-Settat,CAS,Sidi Bennour,Urbain,Féminin,Qualifiant,Professeur certifié,Français,9,6323,26,0,0
ENS206716,2023-2024,Béni Mellal-Khénifra,BMK,Béni Mellal,Urbain,Féminin,Primaire,Professeur certifié,Philosophie,19,6666,20,0,7
ENS206717,2019-2020,Casablanca-Settat,CAS,Khouribga,Urbain,Féminin,Collégial,Professeur certifié,Philosophie,30,6817,18,1,1
ENS206718,2023-2024,Fès-Meknès,FES,Taounate,Rural,Masculin,Collégial,Professeur agrégé,Arabe,8,8170,23,0,0
ENS206719,2021-2022,Oriental,ORI,Jerada,Rural,Féminin,Qualifiant,Instituteur,Histoire-Géo,22,3200,22,1,20
ENS206720,2023-2024,Tanger-Tétouan-Al Hoceïma,TAN,Tétouan,Rural,Masculin,Collégial,Instituteur,Sciences,1,4493,19,1,22
ENS206721,2023-2024,Rabat-Salé-Kénitra,RAB,Skhirate-Témara,Rural,Masculin,Préscolaire,Professeur certifié,Français,9,7042,22,0,6
ENS206722,2019-2020,Drâa-Tafilalet,DRA,Tinghir,Rural,Féminin,Primaire,Professeur certifié,Histoire-Géo,4,5601,29,1,1
ENS206723,2020-2021,Oriental,ORI,Oujda-Angad,Urbain,Féminin,Primaire,Instituteur,Mathématiques,18,5143,26,0,8
ENS206724,2015-2016,Casablanca-Settat,CAS,Benslimane,Urbain,Masculin,Collégial,Contractuel,Histoire-Géo,9,4491,31,0,15
ENS206725,2021-2022,Casablanca-Settat,CAS,Mohammadia,Urbain,Féminin,Primaire,Contractuel,Sciences,33,4082,31,1,0
ENS206726,2022-2023,Casablanca-Settat,CAS,Settat,Rural,Masculin,Primaire,Maître d'enseignement,Éducation physique,18,6016,28,1,0
ENS206727,2023-2024,Fès-Meknès,FES,Séfrou,Urbain,Féminin,Collégial,Maître d'enseignement,Mathématiques,3,4839,21,0,7
ENS206728,2020-2021,Drâa-Tafilalet,DRA,Tinghir,Rural,Masculin,Primaire,Professeur certifié,Histoire-Géo,11,6179,25,1,0
ENS206729,2019-2020,Rabat-Salé-Kénitra,RAB,Sidi Slimane,Urbain,Féminin,Primaire,Contractuel,Éducation physique,12,4868,31,0,9
ENS206730,2016-2017,Casablanca-Settat,CAS,Khouribga,Rural,Féminin,Qualifiant,Contractuel,Français,30,4112,19,1,23
ENS206731,2016-2017,Rabat-Salé-Kénitra,RAB,Skhirate-Témara,Rural,Masculin,Collégial,Instituteur,Anglais,27,5146,18,1,4
ENS206732,2019-2020,Marrakech-Safi,MAR,El Kelaa des Sraghna,Urbain,Féminin,Primaire,Professeur agrégé,Histoire-Géo,25,8563,20,1,24
ENS206733,2017-2018,Béni Mellal-Khénifra,BMK,Azilal,Urbain,Féminin,Primaire,Maître d'enseignement,Éducation physique,30,4398,22,0,0
ENS206734,2021-2022,Drâa-Tafilalet,DRA,Tinghir,Rural,Féminin,Collégial,Maître d'enseignement,SVT,1,4888,23,0,0
ENS206735,2017-2018,Rabat-Salé-Kénitra,RAB,Sidi Kacem,Rural,Masculin,Préscolaire,Contractuel,SVT,14,4542,19,1,6
ENS206736,2021-2022,Oriental,ORI,Jerada,Urbain,Féminin,Primaire,Maître d'enseignement,Mathématiques,26,5746,26,0,22
ENS206737,2015-2016,Fès-Meknès,FES,Taza,Urbain,Masculin,Collégial,Professeur certifié,Arabe,16,7527,22,1,21
ENS206738,2020-2021,Tanger-Tétouan-Al Hoceïma,TAN,Tanger-Assilah,Urbain,Féminin,Primaire,Maître d'enseignement,Français,25,4909,28,0,11
ENS206739,2021-2022,Marrakech-Safi,MAR,Youssoufia,Urbain,Masculin,Préscolaire,Instituteur,Éducation islamique,20,5176,27,1,0
ENS206740,2018-2019,Marrakech-Safi,MAR,Essaouira,Rural,Féminin,Collégial,Contractuel,Mathématiques,2,3376,21,1,0
ENS206741,2021-2022,Béni Mellal-Khénifra,BMK,Fquih Ben Salah,Urbain,Féminin,Primaire,Professeur agrégé,Français,33,8687,24,0,0
ENS206742,2015-2016,Casablanca-Settat,CAS,Benslimane,Urbain,Féminin,Primaire,Professeur certifié,Éducation physique,11,6301,19,0,8
ENS206743,2018-2019,Rabat-Salé-Kénitra,RAB,Sidi Slimane,Urbain,Féminin,Qualifiant,Professeur certifié,Arabe,29,7070,26,0,22
ENS206744,2018-2019,Casablanca-Settat,CAS,Sidi Bennour,Rural,Masculin,Préscolaire,Instituteur,Histoire-Géo,2,4119,20,1,0
ENS206745,2016-2017,Souss-Massa,SOU,Tiznit,Rural,Masculin,Qualifiant,Contractuel,Éducation physique,17,2754,26,1,0
ENS206746,2016-2017,Souss-Massa,SOU,Chtouka-Ait Baha,Urbain,Masculin,Qualifiant,Professeur certifié,Philosophie,29,6126,28,0,18
ENS206747,2017-2018,Marrakech-Safi,MAR,Al Haouz,Urbain,Masculin,Collégial,Professeur agrégé,Français,8,8027,19,1,20
ENS206748,2022-2023,Oriental,ORI,Guercif,Rural,Féminin,Qualifiant,Maître d'enseignement,Histoire-Géo,8,4674,23,1,19
ENS206749,2022-2023,Fès-Meknès,FES,Boulemane,Rural,Masculin,Primaire,Vacataire,Histoire-Géo,1,3689,30,0,0
ENS206750,2018-2019,Rabat-Salé-Kénitra,RAB,Sidi Slimane,Urbain,Masculin,Collégial,Instituteur,Histoire-Géo,22,4757,28,1,22
ENS206751,2015-2016,Béni Mellal-Khénifra,BMK,El Kelaa des Sraghna,Urbain,Masculin,Préscolaire,Instituteur,Éducation islamique,7,5428,31,0,2
ENS206752,2016-2017,Rabat-Salé-Kénitra,RAB,Salé,Urbain,Féminin,Primaire,Contractuel,Éducation islamique,19,4104,23,1,0
ENS206753,2020-2021,Souss-Massa,SOU,Agadir-Ida-Ou-Tanane,Rural,Féminin,Primaire,Professeur certifié,SVT,14,6365,25,1,20
ENS206754,2016-2017,Tanger-Tétouan-Al Hoceïma,TAN,Ouazzane,Urbain,Féminin,Qualifiant,Professeur certifié,Mathématiques,16,7107,27,0,20
ENS206755,2020-2021,Casablanca-Settat,CAS,El Jadida,Rural,Féminin,Primaire,Vacataire,Physique-Chimie,19,2391,28,1,3
ENS206756,2020-2021,Fès-Meknès,FES,Boulemane,Rural,Féminin,Primaire,Professeur agrégé,Anglais,7,10001,26,0,1
ENS206757,2018-2019,Tanger-Tétouan-Al Hoceïma,TAN,Mdiq-Fnideq,Rural,Masculin,Collégial,Contractuel,Arabe,32,4196,28,0,14
ENS206758,2015-2016,Rabat-Salé-Kénitra,RAB,Khémisset,Urbain,Féminin,Qualifiant,Maître d'enseignement,SVT,33,6201,22,0,6
ENS206759,2016-2017,Fès-Meknès,FES,Meknès,Urbain,Féminin,Primaire,Professeur agrégé,Philosophie,29,7305,22,0,0
ENS206760,2019-2020,Casablanca-Settat,CAS,Casablanca,Urbain,Féminin,Primaire,Instituteur,Éducation islamique,8,5533,30,0,0
ENS206761,2020-2021,Tanger-Tétouan-Al Hoceïma,TAN,Tanger-Assilah,Urbain,Masculin,Primaire,Contractuel,Éducation islamique,32,3307,31,0,10
ENS206762,2017-2018,Casablanca-Settat,CAS,El Jadida,Urbain,Féminin,Primaire,Instituteur,Physique-Chimie,18,4656,18,0,6
ENS206763,2020-2021,Drâa-Tafilalet,DRA,Midelt,Urbain,Féminin,Primaire,Instituteur,Sciences,12,5760,22,1,3
ENS206764,2015-2016,Souss-Massa,SOU,Agadir-Ida-Ou-Tanane,Rural,Masculin,Primaire,Instituteur,Éducation physique,6,4966,19,0,0
ENS206765,2019-2020,Tanger-Tétouan-Al Hoceïma,TAN,Mdiq-Fnideq,Urbain,Masculin,Qualifiant,Maître d'enseignement,Histoire-Géo,13,5920,31,1,7
ENS206766,2017-2018,Fès-Meknès,FES,Taza,Rural,Masculin,Primaire,Professeur certifié,SVT,32,4745,22,0,10
ENS206767,2021-2022,Casablanca-Settat,CAS,El Jadida,Rural,Masculin,Primaire,Professeur certifié,Sciences,12,4992,23,1,11
ENS206768,2019-2020,Drâa-Tafilalet,DRA,Errachidia,Urbain,Masculin,Qualifiant,Maître d'enseignement,Éducation islamique,7,5018,25,0,13
ENS206769,2021-2022,Casablanca-Settat,CAS,Mohammadia,Urbain,Masculin,Primaire,Contractuel,Mathématiques,27,4155,21,1,9
ENS206770,2021-2022,Casablanca-Settat,CAS,Benslimane,Rural,Masculin,Collégial,Contractuel,Anglais,2,3427,26,1,5
ENS206771,2020-2021,Tanger-Tétouan-Al Hoceïma,TAN,Chefchaouen,Urbain,Masculin,Collégial,Instituteur,Sciences,11,4609,30,0,19
ENS206772,2017-2018,Casablanca-Settat,CAS,Khouribga,Urbain,Féminin,Primaire,Instituteur,Arabe,19,5790,31,0,17
ENS206773,2018-2019,Tanger-Tétouan-Al Hoceïma,TAN,Chefchaouen,Rural,Féminin,Qualifiant,Instituteur,Arabe,21,5224,28,1,24
ENS206774,2023-2024,Marrakech-Safi,MAR,Essaouira,Rural,Masculin,Primaire,Professeur certifié,Philosophie,4,5621,29,1,0
ENS206775,2023-2024,Drâa-Tafilalet,DRA,Midelt,Urbain,Féminin,Qualifiant,Maître d'enseignement,Physique-Chimie,30,4575,28,1,21
ENS206776,2016-2017,Rabat-Salé-Kénitra,RAB,Sidi Slimane,Rural,Masculin,Primaire,Professeur certifié,Éducation islamique,4,7511,19,0,24
ENS206777,2021-2022,Marrakech-Safi,MAR,Al Haouz,Urbain,Féminin,Qualifiant,Professeur agrégé,Éducation physique,11,8048,25,0,0
ENS206778,2016-2017,Marrakech-Safi,MAR,Chichaoua,Rural,Masculin,Primaire,Professeur certifié,Arabe,29,5664,26,1,19
ENS206779,2023-2024,Casablanca-Settat,CAS,Berrechid,Urbain,Féminin,Qualifiant,Professeur agrégé,Sciences,18,8617,28,1,0
ENS206780,2021-2022,Béni Mellal-Khénifra,BMK,Fquih Ben Salah,Urbain,Masculin,Collégial,Professeur certifié,Philosophie,19,6625,31,1,7
ENS206781,2016-2017,Rabat-Salé-Kénitra,RAB,Skhirate-Témara,Rural,Féminin,Primaire,Instituteur,Éducation physique,33,4869,29,0,0
ENS206782,2021-2022,Rabat-Salé-Kénitra,RAB,Sidi Slimane,Rural,Féminin,Primaire,Instituteur,Anglais,24,4477,30,0,0
ENS206783,2020-2021,Casablanca-Settat,CAS,Benslimane,Urbain,Masculin,Qualifiant,Maître d'enseignement,Éducation physique,16,5959,23,1,9
ENS206784,2019-2020,Rabat-Salé-Kénitra,RAB,Kénitra,Rural,Masculin,Primaire,Instituteur,Histoire-Géo,31,5263,27,1,24
ENS206785,2019-2020,Marrakech-Safi,MAR,El Kelaa des Sraghna,Urbain,Féminin,Préscolaire,Instituteur,Anglais,4,4266,28,0,24
ENS206786,2021-2022,Béni Mellal-Khénifra,BMK,Fquih Ben Salah,Rural,Féminin,Collégial,Maître d'enseignement,Mathématiques,15,4735,19,0,15
ENS206787,2016-2017,Marrakech-Safi,MAR,Chichaoua,Rural,Féminin,Préscolaire,Professeur certifié,Éducation islamique,9,5896,28,1,0
ENS206788,2017-2018,Béni Mellal-Khénifra,BMK,Fquih Ben Salah,Urbain,Masculin,Primaire,Instituteur,Éducation physique,10,4701,26,1,19
ENS206789,2015-2016,Marrakech-Safi,MAR,Marrakech,Urbain,Masculin,Collégial,Instituteur,Histoire-Géo,24,3983,18,0,15
ENS206790,2018-2019,Casablanca-Settat,CAS,El Jadida,Urbain,Masculin,Collégial,Professeur certifié,Éducation physique,31,5595,20,0,0
ENS206791,2020-2021,Rabat-Salé-Kénitra,RAB,Kénitra,Urbain,Féminin,Collégial,Instituteur,Anglais,17,4556,26,1,23
ENS206792,2022-2023,Béni Mellal-Khénifra,BMK,Azilal,Rural,Féminin,Primaire,Professeur certifié,Français,26,6398,29,1,2
ENS206793,2019-2020,Marrakech-Safi,MAR,Chichaoua,Urbain,Féminin,Primaire,Contractuel,Français,32,4048,23,0,24
ENS206794,2015-2016,Rabat-Salé-Kénitra,RAB,Kénitra,Rural,Masculin,Qualifiant,Contractuel,SVT,14,4297,25,0,0
ENS206795,2023-2024,Fès-Meknès,FES,Fès,Urbain,Féminin,Qualifiant,Professeur agrégé,Histoire-Géo,8,6774,24,0,0
ENS206796,2023-2024,Béni Mellal-Khénifra,BMK,Béni Mellal,Urbain,Masculin,Collégial,Maître d'enseignement,Éducation physique,13,5163,19,0,20
ENS206797,2018-2019,Drâa-Tafilalet,DRA,Errachidia,Urbain,Masculin,Primaire,Instituteur,Éducation physique,2,4169,29,0,0
ENS206798,2020-2021,Tanger-Tétouan-Al Hoceïma,TAN,Mdiq-Fnideq,Urbain,Masculin,Primaire,Contractuel,SVT,22,4226,20,1,21
ENS206799,2017-2018,Rabat-Salé-Kénitra,RAB,Sidi Kacem,Rural,Masculin,Primaire,Maître d'enseignement,Éducation physique,13,6107,21,0,14
ENS206800,2023-2024,Tanger-Tétouan-Al Hoceïma,TAN,Ouazzane,Rural,Masculin,Primaire,Professeur agrégé,Histoire-Géo,8,9522,30,0,0
ENS206801,2018-2019,Fès-Meknès,FES,El Hajeb,Urbain,Féminin,Primaire,Vacataire,SVT,31,1709,18,1,15
ENS206802,2018-2019,Oriental,ORI,Guercif,Urbain,Féminin,Primaire,Instituteur,Physique-Chimie,1,5080,21,0,23
ENS206803,2018-2019,Rabat-Salé-Kénitra,RAB,Khémisset,Rural,Masculin,Primaire,Contractuel,Français,19,5247,24,0,18
ENS206804,2019-2020,Béni Mellal-Khénifra,BMK,El Kelaa des Sraghna,Urbain,Féminin,Primaire,Professeur agrégé,Histoire-Géo,9,9388,31,1,12
ENS206805,2018-2019,Casablanca-Settat,CAS,El Jadida,Rural,Masculin,Qualifiant,Professeur certifié,Éducation physique,28,6764,22,1,4
ENS206806,2020-2021,Dakhla-Oued Eddahab,DAK,Aousserd,Rural,Féminin,Qualifiant,Instituteur,Philosophie,5,5377,22,1,24
ENS206807,2022-2023,Drâa-Tafilalet,DRA,Errachidia,Urbain,Féminin,Collégial,Professeur agrégé,Physique-Chimie,22,8375,24,0,21
ENS206808,2021-2022,Fès-Meknès,FES,El Hajeb,Urbain,Féminin,Qualifiant,Professeur agrégé,Arabe,21,9143,29,1,0
ENS206809,2022-2023,Drâa-Tafilalet,DRA,Errachidia,Urbain,Masculin,Collégial,Maître d'enseignement,Anglais,6,4788,21,0,18
ENS206810,2022-2023,Fès-Meknès,FES,Taza,Rural,Féminin,Primaire,Maître d'enseignement,Éducation physique,13,4779,18,1,7
ENS206811,2021-2022,Marrakech-Safi,MAR,Chichaoua,Urbain,Masculin,Qualifiant,Instituteur,Histoire-Géo,17,5838,31,0,0
ENS206812,2021-2022,Souss-Massa,SOU,Chtouka-Ait Baha,Rural,Masculin,Primaire,Instituteur,Éducation physique,20,6797,20,1,13
ENS206813,2021-2022,Béni Mellal-Khénifra,BMK,Fquih Ben Salah,Urbain,Masculin,Qualifiant,Contractuel,Sciences,10,3705,30,1,0
ENS206814,2017-2018,Tanger-Tétouan-Al Hoceïma,TAN,Chefchaouen,Rural,Féminin,Primaire,Vacataire,Philosophie,5,3228,23,1,14
ENS206815,2017-2018,Rabat-Salé-Kénitra,RAB,Rabat,Urbain,Féminin,Préscolaire,Instituteur,Arabe,11,6117,23,0,6
ENS206816,2016-2017,Casablanca-Settat,CAS,El Jadida,Rural,Masculin,Collégial,Contractuel,SVT,17,4538,31,0,0
ENS206817,2016-2017,Marrakech-Safi,MAR,Safi,Urbain,Féminin,Collégial,Instituteur,Anglais,12,5269,27,0,17
ENS206818,2022-2023,Marrakech-Safi,MAR,El Kelaa des Sraghna,Urbain,Féminin,Collégial,Professeur certifié,SVT,11,6784,31,1,9
ENS206819,2018-2019,Drâa-Tafilalet,DRA,Zagora,Rural,Masculin,Primaire,Maître d'enseignement,Anglais,1,5484,21,0,0
ENS206820,2023-2024,Rabat-Salé-Kénitra,RAB,Kénitra,Rural,Masculin,Primaire,Contractuel,Arabe,3,4303,19,1,18
ENS206821,2015-2016,Casablanca-Settat,CAS,Mohammadia,Rural,Féminin,Collégial,Professeur certifié,SVT,23,7167,18,0,24
ENS206822,2019-2020,Casablanca-Settat,CAS,Sidi Bennour,Rural,Masculin,Primaire,Professeur certifié,Physique-Chimie,22,5992,22,0,0
ENS206823,2020-2021,Fès-Meknès,FES,Séfrou,Rural,Féminin,Qualifiant,Instituteur,Mathématiques,24,5822,19,0,0
ENS206824,2019-2020,Drâa-Tafilalet,DRA,Errachidia,Rural,Féminin,Primaire,Maître d'enseignement,Physique-Chimie,3,5320,28,1,3
ENS206825,2016-2017,Rabat-Salé-Kénitra,RAB,Salé,Rural,Féminin,Primaire,Professeur agrégé,Histoire-Géo,18,8456,26,0,20
ENS206826,2021-2022,Drâa-Tafilalet,DRA,Ouarzazate,Rural,Masculin,Collégial,Contractuel,Anglais,33,5298,20,0,1
ENS206827,2023-2024,Souss-Massa,SOU,Inezgane-Ait Melloul,Urbain,Féminin,Préscolaire,Contractuel,Arabe,9,4164,20,1,10
ENS206828,2019-2020,Casablanca-Settat,CAS,Benslimane,Rural,Féminin,Collégial,Professeur agrégé,Arabe,16,8056,19,1,0
ENS206829,2021-2022,Casablanca-Settat,CAS,Benslimane,Rural,Féminin,Primaire,Professeur certifié,Mathématiques,18,6003,27,0,5
ENS206830,2015-2016,Casablanca-Settat,CAS,Casablanca,Rural,Masculin,Collégial,Professeur certifié,Éducation islamique,6,7419,21,0,14
ENS206831,2019-2020,Oriental,ORI,Taourirt,Rural,Masculin,Primaire,Professeur certifié,Physique-Chimie,7,6900,20,0,22
ENS206832,2018-2019,Oriental,ORI,Figuig,Urbain,Féminin,Collégial,Contractuel,SVT,29,3999,24,0,2
ENS206833,2022-2023,Fès-Meknès,FES,Moulay Yacoub,Rural,Masculin,Primaire,Instituteur,Sciences,31,6308,28,1,0
ENS206834,2020-2021,Casablanca-Settat,CAS,Casablanca,Rural,Masculin,Qualifiant,Professeur certifié,Sciences,33,6332,26,0,24
ENS206835,2016-2017,Béni Mellal-Khénifra,BMK,Béni Mellal,Urbain,Masculin,Collégial,Contractuel,Mathématiques,7,3300,22,1,0
ENS206836,2022-2023,Fès-Meknès,FES,Moulay Yacoub,Urbain,Féminin,Primaire,Professeur certifié,Histoire-Géo,17,5602,21,0,1
ENS206837,2016-2017,Fès-Meknès,FES,Fès,Rural,Masculin,Primaire,Maître d'enseignement,Physique-Chimie,33,4653,28,1,8
ENS206838,2019-2020,Marrakech-Safi,MAR,Safi,Rural,Féminin,Primaire,Maître d'enseignement,Arabe,12,4719,26,1,8
ENS206839,2015-2016,Fès-Meknès,FES,Taza,Urbain,Masculin,Primaire,Professeur agrégé,Éducation islamique,21,8136,25,0,14
ENS206840,2022-2023,Fès-Meknès,FES,Boulemane,Rural,Masculin,Primaire,Instituteur,Mathématiques,29,4046,25,1,16
ENS206841,2019-2020,Tanger-Tétouan-Al Hoceïma,TAN,Tanger-Assilah,Urbain,Masculin,Primaire,Professeur certifié,SVT,24,7247,28,0,0
ENS206842,2019-2020,Rabat-Salé-Kénitra,RAB,Sidi Kacem,Urbain,Masculin,Primaire,Contractuel,Français,2,4564,20,1,22
ENS206843,2016-2017,Drâa-Tafilalet,DRA,Zagora,Urbain,Masculin,Collégial,Instituteur,Physique-Chimie,18,6105,22,1,0
ENS206844,2019-2020,Casablanca-Settat,CAS,Berrechid,Urbain,Masculin,Collégial,Professeur certifié,Philosophie,19,7497,29,0,17
ENS206845,2017-2018,Oriental,ORI,Nador,Urbain,Masculin,Primaire,Instituteur,Éducation physique,9,4144,27,1,0
ENS206846,2015-2016,Marrakech-Safi,MAR,Safi,Urbain,Féminin,Qualifiant,Professeur certifié,Arabe,4,6645,18,0,16
ENS206847,2023-2024,Casablanca-Settat,CAS,Benslimane,Urbain,Masculin,Collégial,Professeur certifié,SVT,10,7929,21,0,16
ENS206848,2022-2023,Casablanca-Settat,CAS,Casablanca,Rural,Masculin,Qualifiant,Professeur certifié,SVT,34,6500,24,1,15
ENS206849,2020-2021,Marrakech-Safi,MAR,Safi,Urbain,Masculin,Collégial,Instituteur,Mathématiques,13,5635,20,0,9
ENS206850,2018-2019,Tanger-Tétouan-Al Hoceïma,TAN,Tanger-Assilah,Rural,Masculin,Collégial,Professeur certifié,Physique-Chimie,25,6607,27,1,17
ENS206851,2019-2020,Béni Mellal-Khénifra,BMK,Fquih Ben Salah,Urbain,Féminin,Préscolaire,Professeur certifié,Sciences,6,7079,25,0,11
ENS206852,2023-2024,Fès-Meknès,FES,Fès,Urbain,Masculin,Primaire,Professeur certifié,Éducation physique,11,6760,26,1,0
ENS206853,2021-2022,Drâa-Tafilalet,DRA,Tinghir,Urbain,Masculin,Collégial,Instituteur,Arabe,19,4930,27,0,0
ENS206854,2016-2017,Souss-Massa,SOU,Tiznit,Urbain,Masculin,Primaire,Instituteur,Histoire-Géo,28,3945,24,1,13
ENS206855,2021-2022,Souss-Massa,SOU,Tata,Rural,Masculin,Qualifiant,Professeur certifié,Arabe,24,6105,21,1,4
ENS206856,2021-2022,Tanger-Tétouan-Al Hoceïma,TAN,Fahs-Anjra,Rural,Masculin,Qualifiant,Instituteur,Physique-Chimie,29,4291,19,0,0
ENS206857,2015-2016,Fès-Meknès,FES,Fès,Rural,Féminin,Qualifiant,Professeur certifié,Mathématiques,15,6664,20,0,19
ENS206858,2019-2020,Casablanca-Settat,CAS,Berrechid,Rural,Féminin,Préscolaire,Maître d'enseignement,Histoire-Géo,5,6467,27,1,3
ENS206859,2015-2016,Drâa-Tafilalet,DRA,Errachidia,Urbain,Féminin,Préscolaire,Contractuel,Éducation physique,12,3152,30,1,0
ENS206860,2016-2017,Fès-Meknès,FES,Boulemane,Urbain,Masculin,Primaire,Professeur certifié,Arabe,27,7658,28,0,23
ENS206861,2023-2024,Marrakech-Safi,MAR,El Kelaa des Sraghna,Rural,Féminin,Primaire,Instituteur,Anglais,10,6253,23,0,8
ENS206862,2015-2016,Tanger-Tétouan-Al Hoceïma,TAN,Tanger-Assilah,Rural,Masculin,Qualifiant,Professeur certifié,Mathématiques,32,7137,21,0,22
ENS206863,2021-2022,Drâa-Tafilalet,DRA,Tinghir,Urbain,Féminin,Primaire,Instituteur,SVT,9,3871,31,0,2
ENS206864,2015-2016,Drâa-Tafilalet,DRA,Midelt,Urbain,Féminin,Collégial,Professeur certifié,SVT,31,6949,18,1,0
ENS206865,2023-2024,Souss-Massa,SOU,Tata,Urbain,Masculin,Primaire,Vacataire,Arabe,23,2925,20,0,17
ENS206866,2020-2021,Béni Mellal-Khénifra,BMK,Béni Mellal,Rural,Masculin,Primaire,Professeur agrégé,Arabe,18,7714,18,0,12
ENS206867,2023-2024,Fès-Meknès,FES,Moulay Yacoub,Urbain,Féminin,Primaire,Contractuel,Sciences,21,3961,28,0,24
ENS206868,2021-2022,Oriental,ORI,Driouch,Rural,Masculin,Primaire,Professeur certifié,Éducation islamique,28,6787,29,1,11
ENS206869,2016-2017,Souss-Massa,SOU,Tiznit,Rural,Féminin,Primaire,Professeur certifié,SVT,18,5779,30,0,22
ENS206870,2022-2023,Rabat-Salé-Kénitra,RAB,Skhirate-Témara,Rural,Masculin,Qualifiant,Instituteur,Physique-Chimie,16,3709,30,1,21
ENS206871,2022-2023,Tanger-Tétouan-Al Hoceïma,TAN,Al Hoceïma,Urbain,Féminin,Collégial,Maître d'enseignement,Sciences,2,4657,23,0,0
ENS206872,2017-2018,Tanger-Tétouan-Al Hoceïma,TAN,Larache,Rural,Masculin,Collégial,Professeur certifié,Mathématiques,19,6996,29,1,0
ENS206873,2016-2017,Casablanca-Settat,CAS,Khouribga,Rural,Féminin,Collégial,Professeur certifié,Arabe,16,5566,23,1,24
ENS206874,2020-2021,Rabat-Salé-Kénitra,RAB,Salé,Urbain,Masculin,Collégial,Maître d'enseignement,Éducation physique,10,5632,24,1,3
ENS206875,2023-2024,Oriental,ORI,Jerada,Rural,Masculin,Primaire,Instituteur,Éducation islamique,29,5284,20,0,1
ENS206876,2016-2017,Marrakech-Safi,MAR,Marrakech,Rural,Féminin,Primaire,Maître d'enseignement,Philosophie,9,6480,24,1,16
ENS206877,2015-2016,Marrakech-Safi,MAR,Safi,Urbain,Féminin,Collégial,Instituteur,Anglais,17,4289,26,1,13
ENS206878,2017-2018,Oriental,ORI,Figuig,Urbain,Féminin,Primaire,Professeur certifié,Éducation physique,3,6660,20,1,16
ENS206879,2016-2017,Fès-Meknès,FES,Taza,Rural,Féminin,Qualifiant,Instituteur,Arabe,15,4569,25,0,0
ENS206880,2016-2017,Fès-Meknès,FES,Séfrou,Urbain,Féminin,Primaire,Professeur certifié,Anglais,20,6895,24,0,4
ENS206881,2022-2023,Marrakech-Safi,MAR,Al Haouz,Urbain,Féminin,Primaire,Instituteur,Éducation physique,20,4136,30,1,0
ENS206882,2019-2020,Souss-Massa,SOU,Agadir-Ida-Ou-Tanane,Urbain,Masculin,Collégial,Contractuel,Histoire-Géo,21,3904,19,0,17
ENS206883,2020-2021,Fès-Meknès,FES,Séfrou,Urbain,Féminin,Primaire,Instituteur,Sciences,17,4082,27,1,9
ENS206884,2021-2022,Béni Mellal-Khénifra,BMK,Fquih Ben Salah,Rural,Masculin,Primaire,Professeur certifié,Éducation islamique,17,5231,31,1,16
ENS206885,2015-2016,Oriental,ORI,Oujda-Angad,Urbain,Masculin,Primaire,Professeur agrégé,Éducation physique,34,8732,25,1,0
ENS206886,2021-2022,Casablanca-Settat,CAS,Sidi Bennour,Urbain,Féminin,Préscolaire,Maître d'enseignement,Français,25,6182,29,1,0
ENS206887,2022-2023,Fès-Meknès,FES,Boulemane,Urbain,Masculin,Primaire,Instituteur,SVT,19,4208,20,1,11
ENS206888,2022-2023,Béni Mellal-Khénifra,BMK,Fquih Ben Salah,Rural,Féminin,Primaire,Contractuel,Éducation islamique,22,4151,25,0,0
ENS206889,2018-2019,Rabat-Salé-Kénitra,RAB,Khémisset,Rural,Féminin,Collégial,Professeur certifié,Histoire-Géo,18,7648,21,0,4
ENS206890,2020-2021,Fès-Meknès,FES,Taza,Urbain,Masculin,Primaire,Maître d'enseignement,SVT,25,4489,19,1,4
ENS206891,2015-2016,Drâa-Tafilalet,DRA,Midelt,Urbain,Féminin,Collégial,Professeur certifié,Éducation islamique,29,7298,31,0,22
ENS206892,2016-2017,Oriental,ORI,Jerada,Urbain,Masculin,Qualifiant,Instituteur,Français,9,4840,25,1,0
ENS206893,2020-2021,Casablanca-Settat,CAS,Casablanca,Rural,Masculin,Primaire,Instituteur,Histoire-Géo,5,5012,29,1,9
ENS206894,2023-2024,Casablanca-Settat,CAS,Khouribga,Urbain,Féminin,Primaire,Professeur agrégé,Philosophie,13,8376,23,0,8
ENS206895,2021-2022,Tanger-Tétouan-Al Hoceïma,TAN,Ouazzane,Rural,Masculin,Primaire,Contractuel,Philosophie,5,3591,28,1,5
ENS206896,2015-2016,Fès-Meknès,FES,Boulemane,Urbain,Féminin,Préscolaire,Maître d'enseignement,Arabe,21,5587,26,1,5
ENS206897,2019-2020,Souss-Massa,SOU,Tiznit,Rural,Féminin,Collégial,Professeur certifié,Arabe,18,5464,30,0,17
ENS206898,2019-2020,Rabat-Salé-Kénitra,RAB,Kénitra,Rural,Féminin,Primaire,Professeur certifié,Éducation physique,22,5070,30,0,2
ENS206899,2018-2019,Rabat-Salé-Kénitra,RAB,Sidi Slimane,Urbain,Masculin,Collégial,Professeur certifié,Français,32,6621,27,1,9
ENS206900,2022-2023,Casablanca-Settat,CAS,Casablanca,Urbain,Féminin,Collégial,Instituteur,Philosophie,17,3735,29,0,0
ENS206901,2022-2023,Rabat-Salé-Kénitra,RAB,Kénitra,Rural,Féminin,Primaire,Professeur certifié,Physique-Chimie,16,6782,23,0,6
ENS206902,2016-2017,Fès-Meknès,FES,Taounate,Rural,Masculin,Primaire,Instituteur,Éducation islamique,11,4909,21,0,23
ENS206903,2017-2018,Souss-Massa,SOU,Agadir-Ida-Ou-Tanane,Urbain,Féminin,Primaire,Professeur certifié,Éducation physique,8,7328,18,1,13
ENS206904,2016-2017,Casablanca-Settat,CAS,El Jadida,Urbain,Masculin,Qualifiant,Vacataire,Histoire-Géo,16,3470,31,0,0
ENS206905,2016-2017,Marrakech-Safi,MAR,Essaouira,Urbain,Féminin,Primaire,Professeur certifié,Physique-Chimie,18,6597,30,0,12
ENS206906,2023-2024,Tanger-Tétouan-Al Hoceïma,TAN,Mdiq-Fnideq,Rural,Féminin,Primaire,Vacataire,Éducation islamique,29,3417,19,0,9
ENS206907,2017-2018,Fès-Meknès,FES,Fès,Rural,Féminin,Primaire,Contractuel,Éducation physique,13,4121,21,1,13
ENS206908,2020-2021,Casablanca-Settat,CAS,El Jadida,Rural,Féminin,Primaire,Professeur certifié,SVT,33,6273,28,1,21
ENS206909,2020-2021,Fès-Meknès,FES,Séfrou,Urbain,Féminin,Qualifiant,Professeur agrégé,Arabe,25,8108,26,0,0
ENS206910,2019-2020,Rabat-Salé-Kénitra,RAB,Kénitra,Urbain,Féminin,Collégial,Contractuel,Français,6,4904,27,1,3
ENS206911,2021-2022,Fès-Meknès,FES,Ifrane,Urbain,Féminin,Qualifiant,Professeur certifié,Arabe,10,5960,28,0,9
ENS206912,2021-2022,Casablanca-Settat,CAS,Casablanca,Urbain,Masculin,Collégial,Instituteur,SVT,4,4337,25,1,19
ENS206913,2019-2020,Rabat-Salé-Kénitra,RAB,Khémisset,Urbain,Masculin,Collégial,Contractuel,Éducation physique,15,4001,28,0,0
ENS206914,2016-2017,Drâa-Tafilalet,DRA,Ouarzazate,Rural,Masculin,Qualifiant,Maître d'enseignement,SVT,6,5562,25,1,24
ENS206915,2016-2017,Fès-Meknès,FES,Meknès,Rural,Masculin,Qualifiant,Contractuel,Mathématiques,18,3663,24,1,0
ENS206916,2021-2022,Casablanca-Settat,CAS,Khouribga,Urbain,Masculin,Primaire,Vacataire,Français,2,2772,18,0,14
ENS206917,2023-2024,Casablanca-Settat,CAS,El Jadida,Rural,Masculin,Primaire,Maître d'enseignement,Histoire-Géo,20,5257,24,0,0
ENS206918,2023-2024,Marrakech-Safi,MAR,El Kelaa des Sraghna,Rural,Masculin,Primaire,Maître d'enseignement,Histoire-Géo,33,5377,27,0,0
ENS206919,2021-2022,Rabat-Salé-Kénitra,RAB,Sidi Kacem,Urbain,Féminin,Primaire,Instituteur,Mathématiques,11,4513,20,1,0
ENS206920,2021-2022,Casablanca-Settat,CAS,Berrechid,Urbain,Masculin,Collégial,Instituteur,Sciences,12,4555,28,0,10
ENS206921,2023-2024,Fès-Meknès,FES,Fès,Urbain,Masculin,Collégial,Instituteur,Éducation physique,23,3569,18,1,0
ENS206922,2022-2023,Casablanca-Settat,CAS,Sidi Bennour,Rural,Féminin,Collégial,Professeur certifié,Français,16,6974,18,0,23
ENS206923,2022-2023,Béni Mellal-Khénifra,BMK,Khouribga,Rural,Féminin,Primaire,Vacataire,Sciences,21,2386,19,0,0
ENS206924,2017-2018,Casablanca-Settat,CAS,Berrechid,Urbain,Masculin,Primaire,Professeur certifié,Éducation physique,18,6324,22,1,19
ENS206925,2017-2018,Béni Mellal-Khénifra,BMK,Khouribga,Urbain,Masculin,Collégial,Professeur agrégé,Sciences,22,7982,20,0,4
ENS206926,2019-2020,Tanger-Tétouan-Al Hoceïma,TAN,Tanger-Assilah,Urbain,Féminin,Préscolaire,Instituteur,Arabe,4,5515,19,0,0
ENS206927,2017-2018,Souss-Massa,SOU,Inezgane-Ait Melloul,Urbain,Féminin,Primaire,Instituteur,Français,25,4839,30,1,8
ENS206928,2020-2021,Marrakech-Safi,MAR,Marrakech,Urbain,Masculin,Qualifiant,Professeur certifié,SVT,25,7216,24,0,8
ENS206929,2018-2019,Drâa-Tafilalet,DRA,Tinghir,Rural,Féminin,Primaire,Professeur certifié,Physique-Chimie,22,7006,28,0,0
ENS206930,2018-2019,Fès-Meknès,FES,Moulay Yacoub,Urbain,Masculin,Qualifiant,Professeur agrégé,Anglais,5,8175,21,0,13
ENS206931,2023-2024,Marrakech-Safi,MAR,Essaouira,Rural,Masculin,Collégial,Contractuel,Physique-Chimie,1,4338,31,0,15
ENS206932,2017-2018,Fès-Meknès,FES,Moulay Yacoub,Urbain,Masculin,Primaire,Instituteur,Anglais,25,5132,20,1,2
ENS206933,2021-2022,Marrakech-Safi,MAR,Chichaoua,Urbain,Féminin,Primaire,Instituteur,Anglais,18,3998,30,0,2
ENS206934,2018-2019,Fès-Meknès,FES,Séfrou,Urbain,Masculin,Primaire,Vacataire,Éducation islamique,18,4047,27,1,0
ENS206935,2022-2023,Marrakech-Safi,MAR,Al Haouz,Rural,Masculin,Qualifiant,Instituteur,Anglais,4,5723,26,1,16
ENS206936,2021-2022,Casablanca-Settat,CAS,Benslimane,Urbain,Masculin,Qualifiant,Maître d'enseignement,Éducation islamique,8,6437,18,0,19
ENS206937,2018-2019,Casablanca-Settat,CAS,Sidi Bennour,Urbain,Masculin,Collégial,Vacataire,Anglais,6,3026,29,0,0
ENS206938,2023-2024,Béni Mellal-Khénifra,BMK,Fquih Ben Salah,Urbain,Masculin,Primaire,Professeur certifié,Philosophie,14,6301,21,1,0
ENS206939,2021-2022,Casablanca-Settat,CAS,Khouribga,Urbain,Masculin,Préscolaire,Contractuel,Sciences,28,3477,26,0,0
ENS206940,2017-2018,Marrakech-Safi,MAR,Marrakech,Urbain,Masculin,Primaire,Maître d'enseignement,Physique-Chimie,13,6514,26,0,0
ENS206941,2016-2017,Casablanca-Settat,CAS,Berrechid,Rural,Féminin,Primaire,Professeur certifié,Éducation islamique,13,6639,30,0,0
ENS206942,2019-2020,Rabat-Salé-Kénitra,RAB,Rabat,Rural,Masculin,Primaire,Vacataire,Arabe,17,4547,24,0,0
ENS206943,2021-2022,Béni Mellal-Khénifra,BMK,El Kelaa des Sraghna,Urbain,Masculin,Primaire,Contractuel,Éducation islamique,17,3550,25,0,10
ENS206944,2021-2022,Marrakech-Safi,MAR,Chichaoua,Rural,Masculin,Qualifiant,Maître d'enseignement,Éducation physique,17,4145,18,0,2
ENS206945,2020-2021,Drâa-Tafilalet,DRA,Zagora,Urbain,Féminin,Primaire,Maître d'enseignement,SVT,14,4820,18,1,6
ENS206946,2020-2021,Fès-Meknès,FES,Taounate,Rural,Masculin,Qualifiant,Instituteur,Éducation islamique,29,5082,24,0,0
ENS206947,2021-2022,Casablanca-Settat,CAS,El Jadida,Urbain,Masculin,Primaire,Maître d'enseignement,SVT,5,4767,24,1,22
ENS206948,2021-2022,Casablanca-Settat,CAS,Settat,Urbain,Masculin,Collégial,Instituteur,Philosophie,3,3968,23,0,21
ENS206949,2016-2017,Casablanca-Settat,CAS,Casablanca,Rural,Féminin,Préscolaire,Contractuel,Éducation physique,6,5181,22,1,0
ENS206950,2020-2021,Tanger-Tétouan-Al Hoceïma,TAN,Al Hoceïma,Rural,Masculin,Qualifiant,Instituteur,Histoire-Géo,17,4749,29,0,4
ENS206951,2022-2023,Casablanca-Settat,CAS,Khouribga,Rural,Masculin,Primaire,Contractuel,Éducation physique,25,4643,27,0,0
ENS206952,2022-2023,Casablanca-Settat,CAS,Benslimane,Rural,Masculin,Qualifiant,Instituteur,Arabe,22,3852,25,1,0
ENS206953,2022-2023,Souss-Massa,SOU,Tata,Rural,Masculin,Collégial,Instituteur,Éducation islamique,21,4340,19,1,7
ENS206954,2016-2017,Fès-Meknès,FES,Taounate,Urbain,Féminin,Collégial,Vacataire,Français,7,3405,23,1,0
ENS206955,2019-2020,Drâa-Tafilalet,DRA,Zagora,Urbain,Féminin,Collégial,Instituteur,Histoire-Géo,16,5104,23,0,3
ENS206956,2016-2017,Fès-Meknès,FES,Meknès,Rural,Masculin,Collégial,Professeur certifié,Anglais,29,8052,18,1,19
ENS206957,2016-2017,Marrakech-Safi,MAR,Al Haouz,Rural,Féminin,Primaire,Contractuel,SVT,33,3741,28,1,18
ENS206958,2020-2021,Béni Mellal-Khénifra,BMK,Azilal,Rural,Masculin,Collégial,Instituteur,Arabe,17,5036,29,0,21
ENS206959,2021-2022,Souss-Massa,SOU,Inezgane-Ait Melloul,Rural,Masculin,Primaire,Instituteur,Anglais,31,5191,26,0,16
ENS206960,2015-2016,Souss-Massa,SOU,Inezgane-Ait Melloul,Urbain,Masculin,Primaire,Maître d'enseignement,Français,3,5881,20,1,5
ENS206961,2021-2022,Casablanca-Settat,CAS,Settat,Rural,Masculin,Qualifiant,Contractuel,Anglais,20,4377,31,0,0
ENS206962,2021-2022,Oriental,ORI,Nador,Rural,Masculin,Primaire,Maître d'enseignement,Éducation islamique,26,5643,27,1,0
ENS206963,2019-2020,Souss-Massa,SOU,Taroudannt,Rural,Masculin,Primaire,Contractuel,Éducation physique,24,4908,21,1,14
ENS206964,2020-2021,Rabat-Salé-Kénitra,RAB,Rabat,Urbain,Masculin,Collégial,Professeur certifié,Sciences,29,6323,19,1,24
ENS206965,2022-2023,Béni Mellal-Khénifra,BMK,Fquih Ben Salah,Urbain,Masculin,Collégial,Professeur certifié,Philosophie,26,7373,31,0,14
ENS206966,2021-2022,Casablanca-Settat,CAS,Benslimane,Rural,Féminin,Préscolaire,Vacataire,Sciences,10,2579,22,1,1
ENS206967,2015-2016,Tanger-Tétouan-Al Hoceïma,TAN,Larache,Urbain,Masculin,Qualifiant,Maître d'enseignement,Histoire-Géo,16,4501,21,1,22
ENS206968,2019-2020,Fès-Meknès,FES,Ifrane,Rural,Masculin,Primaire,Professeur certifié,Éducation islamique,8,7778,30,0,24
ENS206969,2021-2022,Fès-Meknès,FES,Moulay Yacoub,Urbain,Féminin,Primaire,Contractuel,Éducation islamique,7,4153,20,0,0
ENS206970,2023-2024,Rabat-Salé-Kénitra,RAB,Skhirate-Témara,Rural,Féminin,Primaire,Professeur certifié,SVT,16,5715,18,1,4
ENS206971,2022-2023,Rabat-Salé-Kénitra,RAB,Khémisset,Urbain,Féminin,Primaire,Professeur certifié,SVT,25,6767,29,1,1
ENS206972,2017-2018,Rabat-Salé-Kénitra,RAB,Skhirate-Témara,Rural,Masculin,Qualifiant,Instituteur,Philosophie,4,4225,19,0,17
ENS206973,2016-2017,Fès-Meknès,FES,Séfrou,Urbain,Masculin,Qualifiant,Professeur certifié,Histoire-Géo,9,7475,24,1,0
ENS206974,2020-2021,Souss-Massa,SOU,Tiznit,Rural,Masculin,Primaire,Professeur certifié,Éducation islamique,8,6141,20,1,0
ENS206975,2022-2023,Casablanca-Settat,CAS,Settat,Urbain,Masculin,Primaire,Instituteur,Philosophie,25,5183,23,0,0
ENS206976,2018-2019,Casablanca-Settat,CAS,Mohammadia,Urbain,Féminin,Primaire,Maître d'enseignement,SVT,20,6151,28,0,22
ENS206977,2018-2019,Casablanca-Settat,CAS,Sidi Bennour,Urbain,Féminin,Préscolaire,Instituteur,Mathématiques,17,4674,21,1,13
ENS206978,2021-2022,Fès-Meknès,FES,Boulemane,Rural,Masculin,Primaire,Professeur certifié,Français,26,6412,26,0,18
ENS206979,2019-2020,Oriental,ORI,Oujda-Angad,Rural,Masculin,Primaire,Professeur certifié,Sciences,10,7029,19,0,0
ENS206980,2016-2017,Oriental,ORI,Guercif,Urbain,Féminin,Collégial,Maître d'enseignement,Histoire-Géo,9,5647,21,0,0
ENS206981,2016-2017,Casablanca-Settat,CAS,Benslimane,Rural,Masculin,Primaire,Maître d'enseignement,Arabe,24,5053,30,1,24
ENS206982,2020-2021,Marrakech-Safi,MAR,Safi,Urbain,Féminin,Collégial,Contractuel,Éducation physique,29,3517,21,0,15
ENS206983,2021-2022,Casablanca-Settat,CAS,Settat,Urbain,Féminin,Collégial,Instituteur,SVT,31,4904,18,1,0
ENS206984,2020-2021,Rabat-Salé-Kénitra,RAB,Sidi Slimane,Rural,Masculin,Primaire,Professeur certifié,Éducation islamique,3,6680,28,1,18
ENS206985,2017-2018,Rabat-Salé-Kénitra,RAB,Sidi Slimane,Rural,Masculin,Collégial,Contractuel,Sciences,4,4733,24,0,0
ENS206986,2015-2016,Casablanca-Settat,CAS,Mohammadia,Rural,Féminin,Qualifiant,Professeur certifié,Philosophie,22,7309,19,0,10
ENS206987,2016-2017,Marrakech-Safi,MAR,El Kelaa des Sraghna,Rural,Féminin,Primaire,Professeur agrégé,Éducation islamique,26,7821,30,0,0
ENS206988,2023-2024,Tanger-Tétouan-Al Hoceïma,TAN,Tétouan,Rural,Féminin,Préscolaire,Instituteur,Éducation islamique,4,4725,28,0,0
ENS206989,2021-2022,Béni Mellal-Khénifra,BMK,El Kelaa des Sraghna,Urbain,Masculin,Primaire,Maître d'enseignement,Histoire-Géo,24,5749,27,1,3
ENS206990,2023-2024,Casablanca-Settat,CAS,Mohammadia,Rural,Masculin,Primaire,Vacataire,Éducation physique,12,2563,29,1,11
ENS206991,2020-2021,Tanger-Tétouan-Al Hoceïma,TAN,Ouazzane,Rural,Féminin,Collégial,Instituteur,SVT,5,4248,26,0,11
ENS206992,2015-2016,Casablanca-Settat,CAS,El Jadida,Rural,Féminin,Primaire,Professeur certifié,Français,30,6990,31,0,15
ENS206993,2017-2018,Béni Mellal-Khénifra,BMK,Fquih Ben Salah,Rural,Masculin,Primaire,Instituteur,Français,33,4505,23,1,0
ENS206994,2022-2023,Rabat-Salé-Kénitra,RAB,Khémisset,Rural,Masculin,Primaire,Instituteur,Arabe,18,3340,18,0,8
ENS206995,2015-2016,Rabat-Salé-Kénitra,RAB,Salé,Rural,Féminin,Primaire,Instituteur,Éducation islamique,24,4987,26,1,9
ENS206996,2016-2017,Oriental,ORI,Guercif,Rural,Féminin,Primaire,Professeur certifié,Anglais,34,8040,19,1,19
ENS206997,2021-2022,Tanger-Tétouan-Al Hoceïma,TAN,Chefchaouen,Urbain,Masculin,Qualifiant,Instituteur,Histoire-Géo,32,5263,19,1,3
ENS206998,2020-2021,Casablanca-Settat,CAS,Khouribga,Urbain,Masculin,Primaire,Professeur certifié,Éducation physique,15,7360,22,1,0
ENS206999,2016-2017,Rabat-Salé-Kénitra,RAB,Sidi Kacem,Rural,Masculin,Primaire,Instituteur,Histoire-Géo,10,4363,28,1,7
ENS207000,2021-2022,Rabat-Salé-Kénitra,RAB,Kénitra,Rural,Masculin,Qualifiant,Instituteur,Sciences,15,4100,27,0,0
ENS207001,2023-2024,Oriental,ORI,Guercif,Rural,Masculin,Primaire,Instituteur,Mathématiques,28,5415,24,0,0
ENS207002,2022-2023,Casablanca-Settat,CAS,Casablanca,Rural,Masculin,Primaire,Professeur agrégé,Anglais,5,8478,28,0,10
ENS207003,2019-2020,Casablanca-Settat,CAS,Benslimane,Urbain,Masculin,Collégial,Instituteur,SVT,6,4425,19,0,0
ENS207004,2016-2017,Fès-Meknès,FES,Ifrane,Urbain,Féminin,Collégial,Professeur certifié,Anglais,12,7056,29,0,17
ENS207005,2020-2021,Souss-Massa,SOU,Inezgane-Ait Melloul,Rural,Masculin,Collégial,Professeur certifié,Arabe,28,6637,28,1,10
ENS207006,2019-2020,Oriental,ORI,Nador,Urbain,Féminin,Collégial,Professeur certifié,Physique-Chimie,3,6863,28,1,20
ENS207007,2015-2016,Casablanca-Settat,CAS,Sidi Bennour,Rural,Féminin,Collégial,Professeur certifié,Anglais,21,5501,21,0,0
ENS207008,2016-2017,Oriental,ORI,Nador,Urbain,Masculin,Collégial,Instituteur,Histoire-Géo,20,5511,24,0,0
ENS207009,2018-2019,Marrakech-Safi,MAR,Safi,Rural,Féminin,Primaire,Instituteur,Éducation islamique,4,5141,23,1,0
ENS207010,2018-2019,Tanger-Tétouan-Al Hoceïma,TAN,Ouazzane,Rural,Féminin,Primaire,Instituteur,Français,2,5301,28,1,0
ENS207011,2022-2023,Tanger-Tétouan-Al Hoceïma,TAN,Tétouan,Rural,Masculin,Qualifiant,Professeur certifié,Mathématiques,7,5188,28,1,19
ENS207012,2019-2020,Rabat-Salé-Kénitra,RAB,Skhirate-Témara,Rural,Féminin,Primaire,Professeur agrégé,Histoire-Géo,9,8311,18,1,22
ENS207013,2016-2017,Tanger-Tétouan-Al Hoceïma,TAN,Tanger-Assilah,Rural,Masculin,Collégial,Instituteur,Arabe,11,4114,28,1,0
ENS207014,2018-2019,Casablanca-Settat,CAS,El Jadida,Rural,Féminin,Collégial,Professeur certifié,Physique-Chimie,2,6442,23,1,6
ENS207015,2016-2017,Fès-Meknès,FES,Ifrane,Urbain,Masculin,Collégial,Maître d'enseignement,Mathématiques,34,5442,24,0,0
ENS207016,2016-2017,Fès-Meknès,FES,Boulemane,Urbain,Féminin,Primaire,Professeur certifié,Éducation islamique,13,7102,25,1,7
ENS207017,2020-2021,Béni Mellal-Khénifra,BMK,Azilal,Rural,Masculin,Collégial,Professeur certifié,Philosophie,8,7397,20,1,16
ENS207018,2015-2016,Rabat-Salé-Kénitra,RAB,Sidi Slimane,Rural,Masculin,Primaire,Professeur certifié,Éducation physique,2,7416,23,0,11
ENS207019,2016-2017,Drâa-Tafilalet,DRA,Tinghir,Urbain,Masculin,Collégial,Instituteur,Physique-Chimie,20,5736,23,1,10
ENS207020,2022-2023,Drâa-Tafilalet,DRA,Errachidia,Urbain,Féminin,Primaire,Contractuel,Éducation physique,29,3058,23,0,0
ENS207021,2020-2021,Rabat-Salé-Kénitra,RAB,Rabat,Rural,Féminin,Primaire,Professeur certifié,Philosophie,32,6476,31,1,16
ENS207022,2020-2021,Oriental,ORI,Guercif,Rural,Féminin,Collégial,Professeur certifié,Mathématiques,30,6119,19,0,0
ENS207023,2018-2019,Fès-Meknès,FES,El Hajeb,Urbain,Masculin,Primaire,Professeur certifié,Sciences,21,6776,30,1,20
ENS207024,2015-2016,Souss-Massa,SOU,Chtouka-Ait Baha,Rural,Féminin,Primaire,Instituteur,Sciences,10,4111,29,0,20
ENS207025,2017-2018,Tanger-Tétouan-Al Hoceïma,TAN,Ouazzane,Urbain,Féminin,Collégial,Professeur certifié,Anglais,9,6034,31,0,0
ENS207026,2017-2018,Fès-Meknès,FES,Fès,Rural,Féminin,Primaire,Professeur certifié,Mathématiques,9,6796,26,1,5
ENS207027,2022-2023,Drâa-Tafilalet,DRA,Tinghir,Rural,Féminin,Primaire,Instituteur,Mathématiques,10,6142,19,1,0
ENS207028,2018-2019,Casablanca-Settat,CAS,Berrechid,Urbain,Masculin,Primaire,Professeur certifié,Éducation islamique,4,7653,28,1,5
ENS207029,2020-2021,Souss-Massa,SOU,Taroudannt,Urbain,Féminin,Collégial,Professeur certifié,Français,9,7000,30,1,2
ENS207030,2022-2023,Marrakech-Safi,MAR,Chichaoua,Urbain,Féminin,Collégial,Professeur certifié,Français,30,6672,22,0,20
ENS207031,2018-2019,Tanger-Tétouan-Al Hoceïma,TAN,Chefchaouen,Urbain,Masculin,Primaire,Professeur certifié,Philosophie,1,5473,22,1,8
ENS207032,2020-2021,Casablanca-Settat,CAS,Berrechid,Urbain,Féminin,Primaire,Maître d'enseignement,Mathématiques,24,6644,22,0,13
ENS207033,2019-2020,Rabat-Salé-Kénitra,RAB,Rabat,Rural,Féminin,Qualifiant,Maître d'enseignement,Physique-Chimie,15,7140,19,0,4
ENS207034,2015-2016,Rabat-Salé-Kénitra,RAB,Sidi Slimane,Rural,Masculin,Qualifiant,Contractuel,Histoire-Géo,33,3002,31,1,15
ENS207035,2022-2023,Oriental,ORI,Driouch,Rural,Féminin,Primaire,Professeur certifié,Éducation islamique,14,6313,19,0,8
ENS207036,2017-2018,Rabat-Salé-Kénitra,RAB,Skhirate-Témara,Rural,Féminin,Primaire,Maître d'enseignement,Sciences,10,6199,24,0,23
ENS207037,2016-2017,Souss-Massa,SOU,Taroudannt,Urbain,Masculin,Qualifiant,Maître d'enseignement,Mathématiques,20,6442,28,0,9
ENS207038,2022-2023,Fès-Meknès,FES,El Hajeb,Rural,Masculin,Primaire,Professeur certifié,Anglais,34,5387,21,0,24
ENS207039,2019-2020,Rabat-Salé-Kénitra,RAB,Kénitra,Urbain,Masculin,Primaire,Contractuel,Arabe,20,2827,24,1,23
ENS207040,2022-2023,Casablanca-Settat,CAS,Settat,Urbain,Masculin,Qualifiant,Instituteur,Sciences,12,5243,25,0,0
ENS207041,2017-2018,Casablanca-Settat,CAS,Mohammadia,Urbain,Masculin,Collégial,Professeur agrégé,Éducation physique,33,8455,21,1,0
ENS207042,2015-2016,Fès-Meknès,FES,Taounate,Urbain,Féminin,Collégial,Maître d'enseignement,SVT,6,7001,22,0,10
ENS207043,2019-2020,Casablanca-Settat,CAS,Casablanca,Rural,Féminin,Collégial,Vacataire,Sciences,8,2407,30,1,16
ENS207044,2015-2016,Oriental,ORI,Driouch,Urbain,Féminin,Primaire,Instituteur,Éducation islamique,12,3966,24,0,0
ENS207045,2020-2021,Rabat-Salé-Kénitra,RAB,Sidi Slimane,Rural,Féminin,Collégial,Professeur certifié,Anglais,32,7237,22,1,5
ENS207046,2015-2016,Marrakech-Safi,MAR,Safi,Rural,Masculin,Collégial,Professeur certifié,Philosophie,33,7216,26,1,0
ENS207047,2015-2016,Drâa-Tafilalet,DRA,Midelt,Rural,Féminin,Primaire,Instituteur,Philosophie,17,4379,23,1,0
ENS207048,2017-2018,Tanger-Tétouan-Al Hoceïma,TAN,Tétouan,Rural,Masculin,Collégial,Professeur agrégé,Mathématiques,8,7830,27,1,14
ENS207049,2021-2022,Souss-Massa,SOU,Chtouka-Ait Baha,Urbain,Masculin,Primaire,Maître d'enseignement,Arabe,28,5487,29,1,3
ENS207050,2022-2023,Tanger-Tétouan-Al Hoceïma,TAN,Tétouan,Rural,Masculin,Primaire,Maître d'enseignement,SVT,11,5342,26,1,17
ENS207051,2019-2020,Rabat-Salé-Kénitra,RAB,Kénitra,Rural,Masculin,Primaire,Maître d'enseignement,Éducation islamique,9,6036,24,0,7
ENS207052,2023-2024,Tanger-Tétouan-Al Hoceïma,TAN,Ouazzane,Urbain,Masculin,Collégial,Instituteur,Éducation physique,29,6401,20,1,0
ENS207053,2021-2022,Marrakech-Safi,MAR,Al Haouz,Rural,Masculin,Collégial,Instituteur,Arabe,9,4419,23,1,4
ENS207054,2022-2023,Béni Mellal-Khénifra,BMK,Béni Mellal,Rural,Masculin,Primaire,Instituteur,Sciences,14,4414,18,0,4
ENS207055,2015-2016,Casablanca-Settat,CAS,Berrechid,Urbain,Masculin,Collégial,Instituteur,Arabe,13,4532,18,0,2
ENS207056,2021-2022,Guelmim-Oued Noun,GUE,Tan-Tan,Rural,Masculin,Qualifiant,Professeur certifié,Physique-Chimie,21,6554,29,1,0
ENS207057,2020-2021,Rabat-Salé-Kénitra,RAB,Sidi Kacem,Rural,Masculin,Préscolaire,Contractuel,Sciences,23,3669,29,1,5
ENS207058,2021-2022,Souss-Massa,SOU,Tiznit,Urbain,Masculin,Primaire,Professeur certifié,Sciences,25,5724,21,0,0
ENS207059,2022-2023,Souss-Massa,SOU,Tata,Rural,Masculin,Préscolaire,Maître d'enseignement,Philosophie,13,4968,31,1,0
ENS207060,2017-2018,Marrakech-Safi,MAR,Essaouira,Rural,Masculin,Qualifiant,Instituteur,Sciences,23,4788,19,0,19
ENS207061,2022-2023,Tanger-Tétouan-Al Hoceïma,TAN,Mdiq-Fnideq,Urbain,Féminin,Primaire,Instituteur,Philosophie,9,6123,28,0,11
ENS207062,2023-2024,Casablanca-Settat,CAS,El Jadida,Urbain,Masculin,Collégial,Professeur certifié,Éducation physique,31,7028,25,0,0
ENS207063,2021-2022,Casablanca-Settat,CAS,Benslimane,Urbain,Masculin,Primaire,Vacataire,SVT,30,2586,28,1,11
ENS207064,2017-2018,Marrakech-Safi,MAR,Youssoufia,Urbain,Masculin,Qualifiant,Instituteur,Anglais,16,6006,19,1,23
ENS207065,2018-2019,Drâa-Tafilalet,DRA,Tinghir,Urbain,Masculin,Primaire,Instituteur,Anglais,8,4992,22,0,19
ENS207066,2018-2019,Casablanca-Settat,CAS,Settat,Rural,Masculin,Collégial,Professeur certifié,SVT,22,6704,20,0,3
ENS207067,2020-2021,Drâa-Tafilalet,DRA,Tinghir,Urbain,Masculin,Collégial,Contractuel,Éducation physique,29,2527,21,0,10
ENS207068,2019-2020,Oriental,ORI,Jerada,Rural,Masculin,Primaire,Instituteur,Philosophie,27,5485,30,0,7
ENS207069,2023-2024,Marrakech-Safi,MAR,Al Haouz,Urbain,Masculin,Primaire,Instituteur,Éducation islamique,4,4401,18,0,0
ENS207070,2020-2021,Rabat-Salé-Kénitra,RAB,Sidi Kacem,Rural,Féminin,Primaire,Vacataire,Français,15,3763,27,1,0
ENS207071,2020-2021,Béni Mellal-Khénifra,BMK,Azilal,Rural,Masculin,Qualifiant,Maître d'enseignement,Éducation islamique,31,5829,24,0,15
ENS207072,2019-2020,Rabat-Salé-Kénitra,RAB,Skhirate-Témara,Rural,Masculin,Primaire,Maître d'enseignement,Histoire-Géo,34,5475,19,0,0
ENS207073,2015-2016,Fès-Meknès,FES,Boulemane,Rural,Masculin,Qualifiant,Instituteur,Anglais,7,5109,20,0,6
ENS207074,2022-2023,Souss-Massa,SOU,Tiznit,Urbain,Féminin,Qualifiant,Professeur certifié,Histoire-Géo,7,7019,31,0,22
ENS207075,2022-2023,Tanger-Tétouan-Al Hoceïma,TAN,Tanger-Assilah,Rural,Masculin,Qualifiant,Maître d'enseignement,Français,11,5175,23,0,23
ENS207076,2022-2023,Souss-Massa,SOU,Inezgane-Ait Melloul,Rural,Féminin,Qualifiant,Professeur agrégé,Physique-Chimie,1,6979,27,0,0
ENS207077,2021-2022,Béni Mellal-Khénifra,BMK,Béni Mellal,Urbain,Masculin,Qualifiant,Maître d'enseignement,Philosophie,25,4309,18,1,18
ENS207078,2020-2021,Marrakech-Safi,MAR,Essaouira,Rural,Féminin,Collégial,Professeur agrégé,Anglais,13,8374,18,1,18
ENS207079,2019-2020,Marrakech-Safi,MAR,Chichaoua,Urbain,Féminin,Collégial,Instituteur,Physique-Chimie,6,4694,25,1,22
ENS207080,2017-2018,Casablanca-Settat,CAS,Benslimane,Urbain,Masculin,Primaire,Instituteur,Mathématiques,6,5309,28,1,21
ENS207081,2021-2022,Laâyoune-Sakia El Hamra,LAA,Laâyoune,Rural,Masculin,Primaire,Vacataire,Mathématiques,32,2346,18,0,8
ENS207082,2015-2016,Marrakech-Safi,MAR,Safi,Rural,Masculin,Primaire,Vacataire,Histoire-Géo,27,1609,18,1,16
ENS207083,2018-2019,Souss-Massa,SOU,Inezgane-Ait Melloul,Urbain,Féminin,Primaire,Instituteur,Éducation islamique,7,5063,28,0,7
ENS207084,2021-2022,Rabat-Salé-Kénitra,RAB,Sidi Kacem,Urbain,Féminin,Primaire,Instituteur,SVT,4,4757,31,1,0
ENS207085,2019-2020,Rabat-Salé-Kénitra,RAB,Skhirate-Témara,Rural,Masculin,Qualifiant,Instituteur,Éducation islamique,4,5676,28,1,7
ENS207086,2023-2024,Tanger-Tétouan-Al Hoceïma,TAN,Tétouan,Rural,Masculin,Primaire,Professeur certifié,SVT,28,6871,31,0,12
ENS207087,2023-2024,Marrakech-Safi,MAR,Safi,Rural,Féminin,Primaire,Contractuel,SVT,29,4734,29,1,0
ENS207088,2019-2020,Tanger-Tétouan-Al Hoceïma,TAN,Tétouan,Urbain,Masculin,Primaire,Professeur agrégé,SVT,17,7295,26,0,17
ENS207089,2023-2024,Tanger-Tétouan-Al Hoceïma,TAN,Tanger-Assilah,Urbain,Féminin,Primaire,Instituteur,Français,18,5040,19,0,21
ENS207090,2022-2023,Souss-Massa,SOU,Tata,Urbain,Masculin,Primaire,Professeur certifié,SVT,23,6911,22,0,21
ENS207091,2021-2022,Souss-Massa,SOU,Chtouka-Ait Baha,Urbain,Masculin,Préscolaire,Instituteur,Histoire-Géo,3,4380,26,1,21
ENS207092,2015-2016,Tanger-Tétouan-Al Hoceïma,TAN,Tétouan,Urbain,Masculin,Collégial,Instituteur,Physique-Chimie,31,4993,30,0,22
ENS207093,2018-2019,Casablanca-Settat,CAS,Mohammadia,Rural,Masculin,Primaire,Professeur certifié,Arabe,21,6447,30,1,1
ENS207094,2018-2019,Fès-Meknès,FES,Ifrane,Urbain,Masculin,Primaire,Professeur certifié,Philosophie,19,7395,26,0,0
ENS207095,2022-2023,Casablanca-Settat,CAS,Benslimane,Urbain,Masculin,Primaire,Maître d'enseignement,SVT,13,5042,20,1,16
ENS207096,2021-2022,Rabat-Salé-Kénitra,RAB,Khémisset,Urbain,Féminin,Collégial,Contractuel,Physique-Chimie,8,3846,28,1,0
ENS207097,2022-2023,Drâa-Tafilalet,DRA,Errachidia,Rural,Masculin,Qualifiant,Maître d'enseignement,Sciences,8,6360,26,0,17
ENS207098,2015-2016,Rabat-Salé-Kénitra,RAB,Sidi Kacem,Rural,Masculin,Primaire,Contractuel,Physique-Chimie,6,3554,22,0,16
ENS207099,2016-2017,Marrakech-Safi,MAR,Youssoufia,Urbain,Masculin,Préscolaire,Instituteur,Physique-Chimie,25,4196,19,1,0
ENS207100,2023-2024,Béni Mellal-Khénifra,BMK,Khouribga,Rural,Féminin,Collégial,Professeur certifié,Éducation islamique,16,6105,30,0,3
ENS207101,2023-2024,Béni Mellal-Khénifra,BMK,Béni Mellal,Urbain,Masculin,Primaire,Maître d'enseignement,Histoire-Géo,12,5764,30,1,20
ENS207102,2016-2017,Souss-Massa,SOU,Tata,Urbain,Masculin,Collégial,Instituteur,Éducation islamique,13,5749,23,1,19
ENS207103,2019-2020,Tanger-Tétouan-Al Hoceïma,TAN,Ouazzane,Rural,Féminin,Qualifiant,Professeur agrégé,Anglais,12,9195,23,1,10
ENS207104,2023-2024,Souss-Massa,SOU,Agadir-Ida-Ou-Tanane,Urbain,Féminin,Primaire,Professeur certifié,Sciences,15,6316,31,0,9
ENS207105,2022-2023,Marrakech-Safi,MAR,Chichaoua,Rural,Masculin,Primaire,Professeur certifié,Histoire-Géo,25,7309,20,0,0
ENS207106,2023-2024,Rabat-Salé-Kénitra,RAB,Skhirate-Témara,Urbain,Féminin,Qualifiant,Professeur certifié,Sciences,7,6409,31,0,8
ENS207107,2018-2019,Casablanca-Settat,CAS,Casablanca,Urbain,Féminin,Collégial,Contractuel,SVT,15,3567,26,1,16
ENS207108,2020-2021,Rabat-Salé-Kénitra,RAB,Khémisset,Urbain,Féminin,Primaire,Instituteur,Arabe,24,6099,24,1,0
ENS207109,2015-2016,Fès-Meknès,FES,Meknès,Urbain,Masculin,Préscolaire,Professeur certifié,Éducation physique,16,5985,30,0,17
ENS207110,2016-2017,Oriental,ORI,Oujda-Angad,Urbain,Masculin,Primaire,Professeur agrégé,Éducation islamique,19,8711,19,1,22
ENS207111,2018-2019,Béni Mellal-Khénifra,BMK,Azilal,Urbain,Féminin,Primaire,Maître d'enseignement,Philosophie,22,5794,31,1,0
ENS207112,2020-2021,Casablanca-Settat,CAS,El Jadida,Rural,Féminin,Primaire,Vacataire,Physique-Chimie,14,3569,23,1,23
ENS207113,2016-2017,Fès-Meknès,FES,Boulemane,Urbain,Masculin,Collégial,Professeur agrégé,Sciences,12,7875,20,0,0
ENS207114,2022-2023,Drâa-Tafilalet,DRA,Midelt,Urbain,Masculin,Primaire,Contractuel,Histoire-Géo,33,3986,21,0,17
ENS207115,2023-2024,Oriental,ORI,Nador,Rural,Masculin,Primaire,Maître d'enseignement,Sciences,12,7458,20,1,21
ENS207116,2019-2020,Fès-Meknès,FES,Taounate,Rural,Féminin,Collégial,Instituteur,Physique-Chimie,6,4271,31,1,0
ENS207117,2023-2024,Casablanca-Settat,CAS,El Jadida,Urbain,Féminin,Primaire,Instituteur,Histoire-Géo,32,5767,28,1,0
ENS207118,2022-2023,Tanger-Tétouan-Al Hoceïma,TAN,Mdiq-Fnideq,Rural,Masculin,Qualifiant,Professeur certifié,Éducation islamique,2,7751,27,1,3
ENS207119,2022-2023,Guelmim-Oued Noun,GUE,Assa-Zag,Urbain,Féminin,Qualifiant,Professeur certifié,Arabe,7,6627,24,1,0
ENS207120,2020-2021,Casablanca-Settat,CAS,Settat,Rural,Masculin,Collégial,Instituteur,Philosophie,14,4886,19,1,4
ENS207121,2020-2021,Souss-Massa,SOU,Chtouka-Ait Baha,Rural,Masculin,Primaire,Professeur agrégé,Sciences,8,6661,30,1,17
ENS207122,2020-2021,Casablanca-Settat,CAS,Benslimane,Urbain,Féminin,Qualifiant,Professeur certifié,Physique-Chimie,26,6965,24,1,0
ENS207123,2016-2017,Casablanca-Settat,CAS,Berrechid,Rural,Féminin,Primaire,Instituteur,SVT,20,4798,24,1,24
ENS207124,2017-2018,Rabat-Salé-Kénitra,RAB,Sidi Kacem,Urbain,Masculin,Primaire,Professeur certifié,Histoire-Géo,33,7122,30,0,5
ENS207125,2018-2019,Casablanca-Settat,CAS,Sidi Bennour,Rural,Féminin,Primaire,Instituteur,Sciences,6,3814,27,1,0
ENS207126,2022-2023,Marrakech-Safi,MAR,Marrakech,Rural,Féminin,Collégial,Instituteur,Éducation physique,26,5106,18,1,0
ENS207127,2023-2024,Casablanca-Settat,CAS,Settat,Urbain,Masculin,Qualifiant,Professeur certifié,Mathématiques,19,6709,24,0,19
ENS207128,2016-2017,Béni Mellal-Khénifra,BMK,Fquih Ben Salah,Urbain,Féminin,Primaire,Contractuel,Éducation islamique,23,3898,29,1,21
ENS207129,2019-2020,Rabat-Salé-Kénitra,RAB,Rabat,Urbain,Masculin,Primaire,Contractuel,Physique-Chimie,31,4778,21,0,15
ENS207130,2021-2022,Casablanca-Settat,CAS,Benslimane,Urbain,Féminin,Préscolaire,Instituteur,SVT,14,4015,30,0,13
ENS207131,2021-2022,Oriental,ORI,Driouch,Rural,Masculin,Primaire,Instituteur,Éducation physique,14,5015,19,0,0
ENS207132,2016-2017,Casablanca-Settat,CAS,Khouribga,Urbain,Féminin,Qualifiant,Maître d'enseignement,Philosophie,22,5599,31,0,4
ENS207133,2021-2022,Rabat-Salé-Kénitra,RAB,Skhirate-Témara,Rural,Masculin,Primaire,Instituteur,Anglais,6,5627,25,1,0
ENS207134,2019-2020,Souss-Massa,SOU,Tiznit,Urbain,Masculin,Primaire,Instituteur,Anglais,32,7003,20,1,24
ENS207135,2016-2017,Marrakech-Safi,MAR,Al Haouz,Rural,Masculin,Primaire,Professeur certifié,Philosophie,20,6679,26,0,3
ENS207136,2015-2016,Rabat-Salé-Kénitra,RAB,Skhirate-Témara,Urbain,Masculin,Collégial,Maître d'enseignement,Mathématiques,10,5533,23,1,22
ENS207137,2023-2024,Casablanca-Settat,CAS,Settat,Rural,Masculin,Primaire,Professeur certifié,Éducation physique,3,6030,29,0,14
ENS207138,2021-2022,Béni Mellal-Khénifra,BMK,Khouribga,Urbain,Féminin,Primaire,Professeur agrégé,Sciences,14,8059,18,0,0
ENS207139,2017-2018,Casablanca-Settat,CAS,Khouribga,Urbain,Masculin,Primaire,Instituteur,Éducation islamique,4,4755,21,0,9
ENS207140,2017-2018,Casablanca-Settat,CAS,Khouribga,Rural,Masculin,Primaire,Instituteur,Histoire-Géo,1,5704,20,0,24
ENS207141,2019-2020,Tanger-Tétouan-Al Hoceïma,TAN,Ouazzane,Urbain,Masculin,Collégial,Vacataire,Physique-Chimie,10,3503,19,1,0
ENS207142,2016-2017,Casablanca-Settat,CAS,Casablanca,Urbain,Féminin,Qualifiant,Instituteur,Physique-Chimie,21,4375,31,1,12
ENS207143,2020-2021,Casablanca-Settat,CAS,Sidi Bennour,Rural,Féminin,Primaire,Professeur certifié,Philosophie,31,8065,29,0,15
ENS207144,2016-2017,Casablanca-Settat,CAS,Sidi Bennour,Urbain,Féminin,Qualifiant,Maître d'enseignement,Sciences,12,4988,27,0,16
ENS207145,2023-2024,Fès-Meknès,FES,Boulemane,Rural,Masculin,Collégial,Professeur certifié,Mathématiques,20,4222,20,0,5
ENS207146,2022-2023,Casablanca-Settat,CAS,Mohammadia,Urbain,Féminin,Primaire,Instituteur,Histoire-Géo,15,4507,20,1,0
ENS207147,2021-2022,Tanger-Tétouan-Al Hoceïma,TAN,Al Hoceïma,Urbain,Masculin,Primaire,Professeur certifié,Sciences,18,6833,27,1,0
ENS207148,2022-2023,Tanger-Tétouan-Al Hoceïma,TAN,Fahs-Anjra,Urbain,Masculin,Collégial,Professeur agrégé,Éducation islamique,19,9622,20,1,22
ENS207149,2020-2021,Rabat-Salé-Kénitra,RAB,Rabat,Rural,Féminin,Primaire,Contractuel,Anglais,4,4206,25,1,9
ENS207150,2016-2017,Marrakech-Safi,MAR,El Kelaa des Sraghna,Rural,Féminin,Collégial,Professeur certifié,Français,33,8107,25,1,18
ENS207151,2016-2017,Marrakech-Safi,MAR,El Kelaa des Sraghna,Rural,Masculin,Qualifiant,Professeur certifié,SVT,33,6825,22,0,3
ENS207152,2020-2021,Fès-Meknès,FES,El Hajeb,Rural,Féminin,Primaire,Professeur certifié,Sciences,24,5440,23,0,3
ENS207153,2019-2020,Fès-Meknès,FES,Fès,Rural,Masculin,Qualifiant,Instituteur,Histoire-Géo,22,3255,29,0,10
ENS207154,2016-2017,Béni Mellal-Khénifra,BMK,Fquih Ben Salah,Urbain,Féminin,Primaire,Professeur certifié,Sciences,28,7015,31,0,0
ENS207155,2015-2016,Casablanca-Settat,CAS,Sidi Bennour,Rural,Masculin,Primaire,Instituteur,Philosophie,5,5263,25,0,14
ENS207156,2019-2020,Souss-Massa,SOU,Tata,Urbain,Masculin,Collégial,Instituteur,Arabe,31,5254,18,1,17
ENS207157,2019-2020,Béni Mellal-Khénifra,BMK,Béni Mellal,Urbain,Féminin,Collégial,Contractuel,Éducation physique,22,5644,29,0,7
ENS207158,2021-2022,Souss-Massa,SOU,Chtouka-Ait Baha,Rural,Féminin,Qualifiant,Instituteur,Sciences,27,4256,18,0,24
ENS207159,2020-2021,Drâa-Tafilalet,DRA,Ouarzazate,Rural,Féminin,Collégial,Professeur certifié,Éducation physique,5,6097,21,1,14
ENS207160,2019-2020,Tanger-Tétouan-Al Hoceïma,TAN,Tétouan,Rural,Féminin,Collégial,Professeur certifié,Arabe,13,5482,20,1,1
ENS207161,2020-2021,Souss-Massa,SOU,Tiznit,Rural,Masculin,Primaire,Instituteur,Sciences,2,5330,31,1,0
ENS207162,2016-2017,Fès-Meknès,FES,Moulay Yacoub,Rural,Masculin,Primaire,Instituteur,Éducation physique,8,4995,30,0,19
ENS207163,2023-2024,Marrakech-Safi,MAR,Al Haouz,Urbain,Féminin,Primaire,Maître d'enseignement,Physique-Chimie,22,5453,23,0,10
ENS207164,2018-2019,Souss-Massa,SOU,Tiznit,Rural,Masculin,Collégial,Professeur agrégé,Français,12,8720,21,0,4
ENS207165,2023-2024,Souss-Massa,SOU,Tata,Rural,Féminin,Primaire,Professeur certifié,Anglais,11,6803,21,0,11
ENS207166,2020-2021,Oriental,ORI,Taourirt,Urbain,Féminin,Primaire,Instituteur,Sciences,10,4831,23,1,20
ENS207167,2022-2023,Rabat-Salé-Kénitra,RAB,Sidi Kacem,Rural,Masculin,Collégial,Instituteur,Anglais,6,4684,18,0,0
ENS207168,2015-2016,Casablanca-Settat,CAS,Berrechid,Urbain,Féminin,Primaire,Contractuel,SVT,11,3696,25,1,7
ENS207169,2022-2023,Marrakech-Safi,MAR,Essaouira,Urbain,Féminin,Primaire,Professeur agrégé,Histoire-Géo,18,6536,27,0,22
ENS207170,2015-2016,Fès-Meknès,FES,Séfrou,Rural,Féminin,Qualifiant,Professeur certifié,Arabe,23,5779,23,0,13
ENS207171,2018-2019,Oriental,ORI,Jerada,Rural,Masculin,Qualifiant,Vacataire,Anglais,17,4267,28,0,1
ENS207172,2021-2022,Fès-Meknès,FES,Fès,Rural,Féminin,Primaire,Professeur certifié,Sciences,34,6674,21,1,19
ENS207173,2021-2022,Tanger-Tétouan-Al Hoceïma,TAN,Larache,Urbain,Féminin,Primaire,Instituteur,Anglais,18,5537,30,1,4
ENS207174,2016-2017,Béni Mellal-Khénifra,BMK,Fquih Ben Salah,Rural,Féminin,Primaire,Professeur agrégé,Philosophie,33,8390,25,0,0
ENS207175,2017-2018,Drâa-Tafilalet,DRA,Tinghir,Rural,Féminin,Collégial,Professeur agrégé,Sciences,32,9096,22,0,6
ENS207176,2015-2016,Tanger-Tétouan-Al Hoceïma,TAN,Fahs-Anjra,Urbain,Masculin,Préscolaire,Professeur certifié,Arabe,17,5166,26,0,0
ENS207177,2017-2018,Rabat-Salé-Kénitra,RAB,Rabat,Rural,Masculin,Primaire,Professeur certifié,Éducation physique,6,5726,31,0,0
ENS207178,2020-2021,Fès-Meknès,FES,Meknès,Rural,Masculin,Primaire,Contractuel,Arabe,14,4906,29,0,16
ENS207179,2020-2021,Rabat-Salé-Kénitra,RAB,Kénitra,Urbain,Masculin,Qualifiant,Instituteur,Anglais,23,5028,23,1,13
ENS207180,2019-2020,Marrakech-Safi,MAR,Marrakech,Urbain,Masculin,Qualifiant,Professeur certifié,Physique-Chimie,2,6659,30,1,19
ENS207181,2019-2020,Casablanca-Settat,CAS,Berrechid,Rural,Masculin,Primaire,Maître d'enseignement,Sciences,2,5113,29,0,0
ENS207182,2023-2024,Casablanca-Settat,CAS,Sidi Bennour,Urbain,Masculin,Primaire,Professeur agrégé,Français,23,8781,25,0,13
ENS207183,2021-2022,Rabat-Salé-Kénitra,RAB,Rabat,Rural,Masculin,Primaire,Instituteur,Arabe,6,5531,27,0,14
ENS207184,2019-2020,Oriental,ORI,Berkane,Rural,Féminin,Qualifiant,Instituteur,Philosophie,10,6159,27,0,18
ENS207185,2016-2017,Souss-Massa,SOU,Inezgane-Ait Melloul,Urbain,Féminin,Primaire,Instituteur,Philosophie,3,6152,30,0,12
ENS207186,2019-2020,Guelmim-Oued Noun,GUE,Assa-Zag,Rural,Masculin,Primaire,Contractuel,Éducation islamique,13,4943,27,0,11
ENS207187,2021-2022,Casablanca-Settat,CAS,Khouribga,Rural,Masculin,Primaire,Vacataire,Philosophie,5,2371,19,0,12
ENS207188,2019-2020,Fès-Meknès,FES,Fès,Rural,Féminin,Qualifiant,Maître d'enseignement,Anglais,7,5186,27,1,0
ENS207189,2021-2022,Tanger-Tétouan-Al Hoceïma,TAN,Fahs-Anjra,Urbain,Masculin,Primaire,Instituteur,Sciences,34,5551,22,0,23
ENS207190,2015-2016,Rabat-Salé-Kénitra,RAB,Skhirate-Témara,Rural,Masculin,Collégial,Contractuel,Sciences,33,4738,21,0,20
ENS207191,2022-2023,Fès-Meknès,FES,Taounate,Rural,Masculin,Collégial,Vacataire,SVT,26,2314,22,0,0
ENS207192,2021-2022,Béni Mellal-Khénifra,BMK,Azilal,Urbain,Masculin,Primaire,Instituteur,Histoire-Géo,30,4287,24,0,12
ENS207193,2016-2017,Béni Mellal-Khénifra,BMK,Béni Mellal,Rural,Masculin,Qualifiant,Professeur agrégé,Histoire-Géo,2,9112,29,1,5
ENS207194,2018-2019,Tanger-Tétouan-Al Hoceïma,TAN,Chefchaouen,Rural,Féminin,Collégial,Contractuel,Histoire-Géo,1,3697,30,0,16
ENS207195,2017-2018,Béni Mellal-Khénifra,BMK,Azilal,Urbain,Féminin,Primaire,Professeur certifié,Éducation islamique,4,7149,27,0,18
ENS207196,2023-2024,Rabat-Salé-Kénitra,RAB,Khémisset,Rural,Féminin,Primaire,Professeur agrégé,Éducation physique,31,8428,18,0,22
ENS207197,2020-2021,Souss-Massa,SOU,Tiznit,Urbain,Masculin,Primaire,Professeur certifié,Français,4,6140,19,1,2
ENS207198,2018-2019,Marrakech-Safi,MAR,Al Haouz,Rural,Féminin,Qualifiant,Professeur certifié,Mathématiques,6,7735,30,1,23
ENS207199,2018-2019,Rabat-Salé-Kénitra,RAB,Rabat,Rural,Masculin,Collégial,Instituteur,Arabe,18,3614,29,1,9
ENS207200,2016-2017,Guelmim-Oued Noun,GUE,Guelmim,Rural,Féminin,Qualifiant,Professeur certifié,Sciences,23,7343,30,1,0
ENS207201,2020-2021,Souss-Massa,SOU,Tiznit,Urbain,Masculin,Collégial,Contractuel,Sciences,18,4296,24,1,7
ENS207202,2022-2023,Rabat-Salé-Kénitra,RAB,Sidi Slimane,Urbain,Masculin,Primaire,Vacataire,Philosophie,22,2429,31,1,16
ENS207203,2017-2018,Fès-Meknès,FES,Moulay Yacoub,Urbain,Masculin,Collégial,Professeur certifié,Éducation islamique,4,6219,20,0,18
ENS207204,2015-2016,Marrakech-Safi,MAR,Youssoufia,Rural,Féminin,Collégial,Professeur certifié,Philosophie,24,5969,18,0,0
ENS207205,2019-2020,Tanger-Tétouan-Al Hoceïma,TAN,Ouazzane,Rural,Masculin,Préscolaire,Maître d'enseignement,Physique-Chimie,9,4898,23,1,14
ENS207206,2021-2022,Marrakech-Safi,MAR,Al Haouz,Urbain,Féminin,Primaire,Maître d'enseignement,Français,26,5985,18,0,18
ENS207207,2018-2019,Tanger-Tétouan-Al Hoceïma,TAN,Ouazzane,Urbain,Masculin,Collégial,Contractuel,Histoire-Géo,14,4544,21,0,19
ENS207208,2021-2022,Oriental,ORI,Oujda-Angad,Rural,Masculin,Primaire,Instituteur,Sciences,30,4726,30,1,10
ENS207209,2020-2021,Fès-Meknès,FES,Ifrane,Rural,Masculin,Qualifiant,Contractuel,Physique-Chimie,32,4892,23,0,2
ENS207210,2020-2021,Marrakech-Safi,MAR,Safi,Urbain,Masculin,Primaire,Professeur certifié,Histoire-Géo,34,5529,29,0,18
ENS207211,2015-2016,Marrakech-Safi,MAR,Essaouira,Urbain,Masculin,Primaire,Instituteur,Éducation physique,25,3439,20,0,0
ENS207212,2021-2022,Béni Mellal-Khénifra,BMK,Fquih Ben Salah,Urbain,Masculin,Primaire,Instituteur,Histoire-Géo,14,5225,25,1,11
ENS207213,2015-2016,Souss-Massa,SOU,Tata,Rural,Féminin,Primaire,Professeur agrégé,Éducation physique,21,7090,18,1,3
ENS207214,2020-2021,Rabat-Salé-Kénitra,RAB,Kénitra,Rural,Féminin,Collégial,Maître d'enseignement,Anglais,23,5610,25,1,2
ENS207215,2021-2022,Drâa-Tafilalet,DRA,Zagora,Urbain,Masculin,Primaire,Maître d'enseignement,Sciences,5,6148,21,1,0
ENS207216,2021-2022,Fès-Meknès,FES,Taza,Rural,Masculin,Primaire,Professeur certifié,Arabe,19,7483,23,0,6
ENS207217,2017-2018,Casablanca-Settat,CAS,Berrechid,Rural,Masculin,Primaire,Professeur certifié,Physique-Chimie,8,7136,31,1,4
ENS207218,2020-2021,Laâyoune-Sakia El Hamra,LAA,Es-Semara,Urbain,Féminin,Collégial,Instituteur,Mathématiques,7,3706,25,1,6
ENS207219,2020-2021,Rabat-Salé-Kénitra,RAB,Skhirate-Témara,Urbain,Féminin,Primaire,Instituteur,Arabe,7,4369,25,1,3
ENS207220,2016-2017,Fès-Meknès,FES,Moulay Yacoub,Rural,Masculin,Primaire,Professeur certifié,Éducation physique,25,5621,19,0,12
ENS207221,2018-2019,Marrakech-Safi,MAR,Al Haouz,Rural,Féminin,Qualifiant,Professeur certifié,Sciences,15,7569,26,0,0
ENS207222,2017-2018,Drâa-Tafilalet,DRA,Zagora,Urbain,Masculin,Primaire,Professeur agrégé,Anglais,24,8685,19,0,0
ENS207223,2021-2022,Béni Mellal-Khénifra,BMK,Béni Mellal,Urbain,Masculin,Primaire,Vacataire,Arabe,26,5259,19,0,22
ENS207224,2018-2019,Marrakech-Safi,MAR,Youssoufia,Urbain,Féminin,Primaire,Professeur certifié,Éducation physique,22,6545,30,0,23
ENS207225,2016-2017,Fès-Meknès,FES,Boulemane,Urbain,Féminin,Qualifiant,Professeur certifié,Arabe,3,6403,28,1,16
ENS207226,2017-2018,Souss-Massa,SOU,Taroudannt,Urbain,Féminin,Primaire,Vacataire,Mathématiques,7,3693,26,0,7
ENS207227,2021-2022,Casablanca-Settat,CAS,Benslimane,Urbain,Masculin,Primaire,Professeur agrégé,SVT,27,8095,19,0,11
ENS207228,2020-2021,Rabat-Salé-Kénitra,RAB,Kénitra,Rural,Féminin,Qualifiant,Professeur certifié,Anglais,29,7355,26,0,2
ENS207229,2021-2022,Oriental,ORI,Oujda-Angad,Urbain,Féminin,Qualifiant,Contractuel,Français,9,4694,18,1,19
ENS207230,2016-2017,Rabat-Salé-Kénitra,RAB,Rabat,Rural,Masculin,Collégial,Instituteur,Éducation physique,23,4479,29,0,0
ENS207231,2018-2019,Casablanca-Settat,CAS,Benslimane,Urbain,Masculin,Collégial,Professeur certifié,Philosophie,20,6134,25,1,24
ENS207232,2019-2020,Béni Mellal-Khénifra,BMK,Khouribga,Urbain,Féminin,Collégial,Instituteur,SVT,28,5330,22,1,8
ENS207233,2020-2021,Guelmim-Oued Noun,GUE,Assa-Zag,Rural,Féminin,Collégial,Professeur certifié,Mathématiques,12,6227,23,0,0
ENS207234,2020-2021,Rabat-Salé-Kénitra,RAB,Sidi Kacem,Urbain,Masculin,Primaire,Instituteur,Éducation islamique,29,4869,31,1,0
ENS207235,2021-2022,Souss-Massa,SOU,Chtouka-Ait Baha,Urbain,Féminin,Collégial,Instituteur,Éducation islamique,11,4418,20,1,2
ENS207236,2019-2020,Casablanca-Settat,CAS,Sidi Bennour,Urbain,Féminin,Qualifiant,Contractuel,SVT,28,3557,21,1,0
ENS207237,2016-2017,Casablanca-Settat,CAS,Settat,Rural,Masculin,Primaire,Professeur agrégé,Français,14,8403,26,0,7
ENS207238,2023-2024,Marrakech-Safi,MAR,Youssoufia,Urbain,Masculin,Primaire,Professeur agrégé,Éducation physique,6,8080,31,0,11
ENS207239,2023-2024,Casablanca-Settat,CAS,Sidi Bennour,Urbain,Féminin,Primaire,Professeur agrégé,Français,6,7824,29,0,5
ENS207240,2015-2016,Marrakech-Safi,MAR,Al Haouz,Urbain,Masculin,Primaire,Instituteur,Mathématiques,7,6006,23,0,0
ENS207241,2020-2021,Béni Mellal-Khénifra,BMK,Khouribga,Urbain,Féminin,Collégial,Professeur certifié,Arabe,21,6023,21,1,10
ENS207242,2020-2021,Casablanca-Settat,CAS,Mohammadia,Rural,Féminin,Collégial,Instituteur,Éducation physique,6,5107,19,0,15
ENS207243,2020-2021,Oriental,ORI,Figuig,Rural,Féminin,Primaire,Maître d'enseignement,Philosophie,11,4961,23,0,6
ENS207244,2020-2021,Béni Mellal-Khénifra,BMK,El Kelaa des Sraghna,Rural,Féminin,Primaire,Professeur agrégé,Histoire-Géo,20,9068,24,1,19
ENS207245,2018-2019,Casablanca-Settat,CAS,Sidi Bennour,Urbain,Féminin,Primaire,Professeur certifié,Arabe,27,5694,18,1,0
ENS207246,2019-2020,Tanger-Tétouan-Al Hoceïma,TAN,Chefchaouen,Urbain,Féminin,Qualifiant,Instituteur,Sciences,34,3308,30,0,23
ENS207247,2015-2016,Casablanca-Settat,CAS,Sidi Bennour,Urbain,Féminin,Qualifiant,Professeur certifié,Histoire-Géo,15,6615,31,0,0
ENS207248,2019-2020,Souss-Massa,SOU,Tata,Urbain,Masculin,Primaire,Contractuel,SVT,16,4496,26,1,23
ENS207249,2017-2018,Tanger-Tétouan-Al Hoceïma,TAN,Al Hoceïma,Urbain,Masculin,Collégial,Maître d'enseignement,Arabe,13,5846,31,1,4
ENS207250,2020-2021,Casablanca-Settat,CAS,El Jadida,Urbain,Masculin,Primaire,Vacataire,Français,23,2756,22,0,23
ENS207251,2022-2023,Tanger-Tétouan-Al Hoceïma,TAN,Ouazzane,Urbain,Féminin,Primaire,Contractuel,Arabe,30,4041,29,0,0
ENS207252,2023-2024,Marrakech-Safi,MAR,Safi,Urbain,Masculin,Primaire,Professeur agrégé,Physique-Chimie,1,8087,18,1,8
ENS207253,2023-2024,Marrakech-Safi,MAR,Marrakech,Rural,Féminin,Primaire,Professeur agrégé,Éducation islamique,2,9306,29,1,4
ENS207254,2022-2023,Souss-Massa,SOU,Tiznit,Rural,Masculin,Primaire,Contractuel,Anglais,25,5379,26,0,23
ENS207255,2015-2016,Oriental,ORI,Guercif,Urbain,Féminin,Primaire,Contractuel,Mathématiques,3,5230,28,0,0
ENS207256,2018-2019,Marrakech-Safi,MAR,Al Haouz,Urbain,Masculin,Collégial,Instituteur,Éducation islamique,28,4113,28,0,20
ENS207257,2022-2023,Casablanca-Settat,CAS,Settat,Rural,Masculin,Qualifiant,Instituteur,Éducation islamique,30,3904,23,0,20
ENS207258,2023-2024,Casablanca-Settat,CAS,Casablanca,Urbain,Masculin,Collégial,Contractuel,Éducation physique,27,3593,28,1,0
ENS207259,2022-2023,Marrakech-Safi,MAR,Safi,Urbain,Masculin,Primaire,Contractuel,Mathématiques,23,4812,26,0,21
ENS207260,2015-2016,Rabat-Salé-Kénitra,RAB,Sidi Kacem,Urbain,Masculin,Primaire,Instituteur,Philosophie,10,3584,31,1,14
ENS207261,2023-2024,Marrakech-Safi,MAR,Youssoufia,Rural,Masculin,Primaire,Contractuel,Éducation physique,33,4195,23,0,3
ENS207262,2019-2020,Rabat-Salé-Kénitra,RAB,Rabat,Urbain,Féminin,Primaire,Contractuel,Sciences,8,3490,19,1,0
ENS207263,2022-2023,Casablanca-Settat,CAS,Khouribga,Urbain,Masculin,Primaire,Professeur certifié,Français,26,5888,29,1,3
ENS207264,2021-2022,Tanger-Tétouan-Al Hoceïma,TAN,Chefchaouen,Rural,Masculin,Collégial,Professeur certifié,Sciences,21,5317,31,1,16
ENS207265,2016-2017,Tanger-Tétouan-Al Hoceïma,TAN,Larache,Urbain,Féminin,Préscolaire,Maître d'enseignement,Mathématiques,30,6189,28,0,0
ENS207266,2020-2021,Drâa-Tafilalet,DRA,Ouarzazate,Rural,Masculin,Primaire,Professeur certifié,Éducation physique,33,7228,30,0,22
ENS207267,2020-2021,Tanger-Tétouan-Al Hoceïma,TAN,Fahs-Anjra,Rural,Masculin,Primaire,Maître d'enseignement,Sciences,1,5668,25,1,21
ENS207268,2017-2018,Fès-Meknès,FES,Boulemane,Rural,Féminin,Collégial,Professeur certifié,Histoire-Géo,13,5742,31,0,22
ENS207269,2021-2022,Marrakech-Safi,MAR,Safi,Urbain,Féminin,Primaire,Professeur certifié,Éducation physique,23,6463,25,0,11
ENS207270,2021-2022,Casablanca-Settat,CAS,Berrechid,Rural,Masculin,Primaire,Instituteur,Anglais,12,4097,24,1,0
ENS207271,2018-2019,Marrakech-Safi,MAR,Marrakech,Urbain,Masculin,Primaire,Maître d'enseignement,SVT,12,5894,31,0,10
ENS207272,2023-2024,Fès-Meknès,FES,Taza,Urbain,Féminin,Collégial,Professeur agrégé,Éducation physique,33,7857,20,1,0
ENS207273,2016-2017,Casablanca-Settat,CAS,Khouribga,Urbain,Féminin,Primaire,Professeur certifié,Philosophie,32,7601,25,0,23
ENS207274,2023-2024,Casablanca-Settat,CAS,Mohammadia,Urbain,Masculin,Collégial,Instituteur,Histoire-Géo,33,3441,23,1,2
ENS207275,2019-2020,Fès-Meknès,FES,Taounate,Rural,Féminin,Primaire,Instituteur,Mathématiques,30,4471,21,1,22
ENS207276,2018-2019,Rabat-Salé-Kénitra,RAB,Kénitra,Rural,Féminin,Primaire,Contractuel,Sciences,9,4075,22,0,14
ENS207277,2018-2019,Fès-Meknès,FES,Séfrou,Rural,Masculin,Collégial,Professeur agrégé,Français,23,9065,30,1,19
ENS207278,2018-2019,Marrakech-Safi,MAR,Al Haouz,Urbain,Féminin,Collégial,Instituteur,Philosophie,19,3726,21,0,8
ENS207279,2021-2022,Marrakech-Safi,MAR,Safi,Rural,Masculin,Primaire,Professeur certifié,Anglais,10,6533,18,0,5
ENS207280,2020-2021,Oriental,ORI,Guercif,Urbain,Masculin,Collégial,Instituteur,Éducation islamique,12,4779,31,1,0
ENS207281,2016-2017,Marrakech-Safi,MAR,Youssoufia,Urbain,Féminin,Primaire,Professeur certifié,Éducation physique,4,6232,23,1,14
ENS207282,2021-2022,Marrakech-Safi,MAR,Chichaoua,Rural,Féminin,Primaire,Instituteur,Éducation islamique,24,5585,27,1,0
ENS207283,2019-2020,Souss-Massa,SOU,Agadir-Ida-Ou-Tanane,Urbain,Féminin,Collégial,Professeur certifié,Anglais,10,6630,20,0,0
ENS207284,2019-2020,Tanger-Tétouan-Al Hoceïma,TAN,Ouazzane,Urbain,Masculin,Qualifiant,Instituteur,Philosophie,28,5844,31,0,0
ENS207285,2022-2023,Rabat-Salé-Kénitra,RAB,Salé,Rural,Féminin,Collégial,Professeur agrégé,SVT,5,8094,26,1,22
ENS207286,2021-2022,Fès-Meknès,FES,Séfrou,Urbain,Masculin,Collégial,Maître d'enseignement,Arabe,19,6641,22,0,0
ENS207287,2016-2017,Fès-Meknès,FES,Séfrou,Urbain,Masculin,Primaire,Contractuel,Histoire-Géo,34,4424,28,0,8
ENS207288,2017-2018,Fès-Meknès,FES,Taza,Urbain,Féminin,Primaire,Contractuel,Anglais,9,5227,27,0,8
ENS207289,2019-2020,Drâa-Tafilalet,DRA,Midelt,Rural,Masculin,Primaire,Vacataire,Mathématiques,30,2431,19,0,8
ENS207290,2023-2024,Oriental,ORI,Jerada,Urbain,Féminin,Qualifiant,Professeur agrégé,Sciences,31,8986,26,1,0
ENS207291,2016-2017,Marrakech-Safi,MAR,Chichaoua,Urbain,Masculin,Préscolaire,Contractuel,Anglais,13,3809,19,0,0
ENS207292,2023-2024,Souss-Massa,SOU,Inezgane-Ait Melloul,Urbain,Masculin,Primaire,Instituteur,Arabe,2,4745,21,0,4
ENS207293,2020-2021,Souss-Massa,SOU,Tata,Rural,Masculin,Primaire,Professeur agrégé,Physique-Chimie,21,7361,19,1,0
ENS207294,2016-2017,Rabat-Salé-Kénitra,RAB,Rabat,Rural,Masculin,Collégial,Maître d'enseignement,Français,16,6050,26,0,23
ENS207295,2023-2024,Souss-Massa,SOU,Chtouka-Ait Baha,Urbain,Féminin,Primaire,Professeur certifié,Éducation physique,24,5560,19,0,16
ENS207296,2022-2023,Marrakech-Safi,MAR,Essaouira,Rural,Masculin,Primaire,Professeur certifié,Philosophie,20,7786,25,0,21
ENS207297,2017-2018,Tanger-Tétouan-Al Hoceïma,TAN,Chefchaouen,Urbain,Masculin,Collégial,Professeur agrégé,Anglais,10,9210,30,0,17
ENS207298,2021-2022,Fès-Meknès,FES,Taounate,Urbain,Masculin,Primaire,Professeur agrégé,Physique-Chimie,10,8886,25,1,23
ENS207299,2023-2024,Tanger-Tétouan-Al Hoceïma,TAN,Larache,Rural,Féminin,Primaire,Instituteur,Physique-Chimie,16,4933,31,1,7
ENS207300,2018-2019,Rabat-Salé-Kénitra,RAB,Sidi Slimane,Urbain,Masculin,Collégial,Instituteur,Mathématiques,11,4854,22,0,10
ENS207301,2020-2021,Casablanca-Settat,CAS,Mohammadia,Rural,Féminin,Collégial,Professeur certifié,Physique-Chimie,32,6302,22,1,7
ENS207302,2018-2019,Marrakech-Safi,MAR,Essaouira,Rural,Masculin,Primaire,Contractuel,Français,26,4117,31,1,23
ENS207303,2017-2018,Casablanca-Settat,CAS,Sidi Bennour,Rural,Masculin,Qualifiant,Contractuel,Philosophie,11,3588,26,1,3
ENS207304,2018-2019,Fès-Meknès,FES,Séfrou,Urbain,Féminin,Primaire,Instituteur,Arabe,33,5082,20,0,9
ENS207305,2019-2020,Souss-Massa,SOU,Tata,Rural,Masculin,Qualifiant,Instituteur,SVT,4,4612,21,0,21
ENS207306,2022-2023,Tanger-Tétouan-Al Hoceïma,TAN,Tétouan,Rural,Féminin,Primaire,Contractuel,Arabe,19,4466,19,0,0
ENS207307,2021-2022,Casablanca-Settat,CAS,Benslimane,Urbain,Féminin,Qualifiant,Contractuel,Physique-Chimie,8,4559,29,1,20
ENS207308,2017-2018,Casablanca-Settat,CAS,Mohammadia,Urbain,Masculin,Collégial,Contractuel,Histoire-Géo,6,4248,26,0,4
ENS207309,2018-2019,Fès-Meknès,FES,Moulay Yacoub,Urbain,Féminin,Collégial,Vacataire,Mathématiques,15,2045,26,1,23
ENS207310,2021-2022,Casablanca-Settat,CAS,Casablanca,Rural,Masculin,Primaire,Professeur agrégé,Éducation physique,15,9011,27,1,0
ENS207311,2022-2023,Tanger-Tétouan-Al Hoceïma,TAN,Chefchaouen,Rural,Féminin,Primaire,Professeur certifié,SVT,26,7290,18,1,0
ENS207312,2017-2018,Casablanca-Settat,CAS,Casablanca,Rural,Masculin,Qualifiant,Professeur agrégé,Anglais,6,9598,20,0,20
ENS207313,2015-2016,Souss-Massa,SOU,Inezgane-Ait Melloul,Urbain,Masculin,Primaire,Professeur agrégé,Arabe,13,7156,27,0,8
ENS207314,2019-2020,Oriental,ORI,Nador,Urbain,Féminin,Primaire,Professeur certifié,Mathématiques,34,7266,22,0,11
ENS207315,2016-2017,Tanger-Tétouan-Al Hoceïma,TAN,Tétouan,Rural,Masculin,Qualifiant,Instituteur,Éducation islamique,29,4341,27,1,3
ENS207316,2023-2024,Souss-Massa,SOU,Tiznit,Urbain,Féminin,Primaire,Instituteur,Éducation islamique,4,4661,20,0,0
ENS207317,2022-2023,Souss-Massa,SOU,Tata,Urbain,Masculin,Primaire,Instituteur,SVT,30,5372,25,0,11
ENS207318,2023-2024,Casablanca-Settat,CAS,Mohammadia,Rural,Masculin,Primaire,Contractuel,Éducation physique,25,3280,24,0,12
ENS207319,2022-2023,Marrakech-Safi,MAR,Chichaoua,Urbain,Masculin,Primaire,Professeur certifié,SVT,27,5913,27,1,0
ENS207320,2022-2023,Béni Mellal-Khénifra,BMK,El Kelaa des Sraghna,Rural,Masculin,Qualifiant,Contractuel,Éducation islamique,19,4690,25,0,5
ENS207321,2015-2016,Fès-Meknès,FES,Taounate,Urbain,Masculin,Primaire,Instituteur,Éducation physique,34,4785,20,0,4
ENS207322,2021-2022,Tanger-Tétouan-Al Hoceïma,TAN,Tétouan,Rural,Féminin,Primaire,Contractuel,Arabe,1,4503,29,0,11
ENS207323,2022-2023,Rabat-Salé-Kénitra,RAB,Sidi Slimane,Urbain,Féminin,Primaire,Maître d'enseignement,Français,30,5979,28,0,22
ENS207324,2022-2023,Souss-Massa,SOU,Chtouka-Ait Baha,Urbain,Masculin,Primaire,Contractuel,Physique-Chimie,32,4099,20,1,9
ENS207325,2019-2020,Fès-Meknès,FES,Meknès,Urbain,Masculin,Primaire,Professeur certifié,Physique-Chimie,29,5977,31,1,12
ENS207326,2022-2023,Marrakech-Safi,MAR,Safi,Rural,Masculin,Primaire,Instituteur,Français,5,3321,25,1,14
ENS207327,2021-2022,Souss-Massa,SOU,Chtouka-Ait Baha,Rural,Masculin,Collégial,Vacataire,Histoire-Géo,26,4271,30,1,9
ENS207328,2017-2018,Marrakech-Safi,MAR,Youssoufia,Urbain,Féminin,Collégial,Professeur certifié,Mathématiques,24,6593,29,1,14
ENS207329,2018-2019,Marrakech-Safi,MAR,El Kelaa des Sraghna,Urbain,Masculin,Primaire,Contractuel,Anglais,11,5593,20,0,0
ENS207330,2015-2016,Béni Mellal-Khénifra,BMK,Azilal,Rural,Féminin,Primaire,Professeur agrégé,Éducation physique,4,8268,20,1,18
ENS207331,2022-2023,Oriental,ORI,Guercif,Rural,Féminin,Primaire,Instituteur,Philosophie,26,6357,26,0,20
ENS207332,2020-2021,Casablanca-Settat,CAS,Casablanca,Rural,Masculin,Qualifiant,Instituteur,Mathématiques,26,4781,21,0,6
ENS207333,2022-2023,Marrakech-Safi,MAR,Essaouira,Rural,Féminin,Collégial,Instituteur,Éducation islamique,17,5190,23,1,4
ENS207334,2017-2018,Souss-Massa,SOU,Tiznit,Urbain,Masculin,Primaire,Professeur agrégé,Mathématiques,21,8507,31,1,21
ENS207335,2022-2023,Casablanca-Settat,CAS,Berrechid,Urbain,Masculin,Qualifiant,Professeur certifié,Éducation islamique,31,5068,20,0,19
ENS207336,2021-2022,Oriental,ORI,Taourirt,Rural,Féminin,Collégial,Contractuel,Mathématiques,31,2909,27,0,18
ENS207337,2018-2019,Souss-Massa,SOU,Tata,Rural,Féminin,Primaire,Professeur certifié,Anglais,28,7473,19,1,12
ENS207338,2021-2022,Marrakech-Safi,MAR,Chichaoua,Urbain,Masculin,Primaire,Professeur certifié,Sciences,26,5488,23,1,2
ENS207339,2019-2020,Casablanca-Settat,CAS,Sidi Bennour,Urbain,Féminin,Primaire,Contractuel,Mathématiques,32,4245,22,0,24
ENS207340,2021-2022,Tanger-Tétouan-Al Hoceïma,TAN,Larache,Urbain,Masculin,Primaire,Professeur certifié,Histoire-Géo,25,6689,25,0,2
ENS207341,2015-2016,Fès-Meknès,FES,Fès,Rural,Féminin,Collégial,Professeur certifié,Éducation physique,31,6812,21,0,2
ENS207342,2022-2023,Tanger-Tétouan-Al Hoceïma,TAN,Al Hoceïma,Rural,Masculin,Collégial,Professeur certifié,Arabe,32,7734,27,0,0
ENS207343,2018-2019,Tanger-Tétouan-Al Hoceïma,TAN,Al Hoceïma,Urbain,Féminin,Primaire,Professeur certifié,Philosophie,9,6157,29,1,0
ENS207344,2016-2017,Casablanca-Settat,CAS,Benslimane,Rural,Masculin,Primaire,Professeur agrégé,Physique-Chimie,9,7809,30,0,18
ENS207345,2021-2022,Fès-Meknès,FES,Séfrou,Rural,Masculin,Primaire,Contractuel,Éducation physique,23,4129,23,1,0
ENS207346,2023-2024,Drâa-Tafilalet,DRA,Ouarzazate,Rural,Féminin,Préscolaire,Professeur certifié,Physique-Chimie,8,6043,22,0,2
ENS207347,2017-2018,Marrakech-Safi,MAR,Safi,Urbain,Masculin,Primaire,Professeur certifié,Français,27,6538,24,0,0
ENS207348,2022-2023,Souss-Massa,SOU,Agadir-Ida-Ou-Tanane,Urbain,Masculin,Qualifiant,Maître d'enseignement,Sciences,14,4637,31,0,16
ENS207349,2023-2024,Casablanca-Settat,CAS,El Jadida,Rural,Masculin,Primaire,Professeur certifié,Histoire-Géo,24,6485,23,1,0
ENS207350,2018-2019,Oriental,ORI,Guercif,Urbain,Masculin,Collégial,Contractuel,Sciences,31,4180,23,0,0
ENS207351,2022-2023,Rabat-Salé-Kénitra,RAB,Khémisset,Urbain,Féminin,Qualifiant,Professeur certifié,Français,7,6541,20,1,6
ENS207352,2023-2024,Casablanca-Settat,CAS,Khouribga,Urbain,Masculin,Primaire,Contractuel,Philosophie,8,3798,27,0,5
ENS207353,2017-2018,Casablanca-Settat,CAS,Casablanca,Urbain,Masculin,Primaire,Instituteur,Mathématiques,32,4847,23,0,17
ENS207354,2018-2019,Tanger-Tétouan-Al Hoceïma,TAN,Mdiq-Fnideq,Urbain,Masculin,Primaire,Instituteur,SVT,5,4553,19,0,5
ENS207355,2020-2021,Fès-Meknès,FES,Ifrane,Rural,Féminin,Primaire,Contractuel,Physique-Chimie,15,5391,22,0,0
ENS207356,2022-2023,Casablanca-Settat,CAS,Mohammadia,Urbain,Masculin,Collégial,Professeur certifié,Anglais,5,5695,30,0,0
ENS207357,2023-2024,Rabat-Salé-Kénitra,RAB,Sidi Kacem,Urbain,Masculin,Primaire,Instituteur,Physique-Chimie,12,6049,30,0,1
ENS207358,2016-2017,Tanger-Tétouan-Al Hoceïma,TAN,Fahs-Anjra,Urbain,Féminin,Primaire,Contractuel,Anglais,1,3187,24,1,4
ENS207359,2016-2017,Oriental,ORI,Guercif,Rural,Féminin,Primaire,Contractuel,Physique-Chimie,31,3692,25,1,11
ENS207360,2017-2018,Marrakech-Safi,MAR,Chichaoua,Urbain,Masculin,Primaire,Professeur certifié,Éducation islamique,10,7282,27,1,18
ENS207361,2021-2022,Oriental,ORI,Driouch,Urbain,Masculin,Collégial,Professeur certifié,Physique-Chimie,14,5808,23,1,0
ENS207362,2017-2018,Oriental,ORI,Driouch,Urbain,Masculin,Préscolaire,Instituteur,Physique-Chimie,9,4956,28,1,11
ENS207363,2022-2023,Casablanca-Settat,CAS,Mohammadia,Rural,Féminin,Primaire,Contractuel,Histoire-Géo,25,4553,31,0,3
ENS207364,2019-2020,Casablanca-Settat,CAS,Benslimane,Rural,Féminin,Collégial,Maître d'enseignement,Physique-Chimie,20,5711,26,1,2
ENS207365,2017-2018,Fès-Meknès,FES,Taza,Rural,Masculin,Qualifiant,Vacataire,Philosophie,21,3461,27,0,13
ENS207366,2018-2019,Tanger-Tétouan-Al Hoceïma,TAN,Mdiq-Fnideq,Urbain,Masculin,Primaire,Professeur agrégé,Mathématiques,15,8900,28,1,24
ENS207367,2015-2016,Oriental,ORI,Guercif,Urbain,Masculin,Primaire,Professeur agrégé,SVT,1,8483,18,0,19
ENS207368,2018-2019,Rabat-Salé-Kénitra,RAB,Rabat,Urbain,Masculin,Primaire,Contractuel,SVT,33,4440,29,1,14
ENS207369,2023-2024,Tanger-Tétouan-Al Hoceïma,TAN,Tanger-Assilah,Rural,Masculin,Primaire,Instituteur,Histoire-Géo,23,4777,25,0,18
ENS207370,2023-2024,Casablanca-Settat,CAS,El Jadida,Urbain,Féminin,Primaire,Professeur certifié,Physique-Chimie,33,5467,25,0,0
ENS207371,2019-2020,Marrakech-Safi,MAR,El Kelaa des Sraghna,Urbain,Féminin,Primaire,Maître d'enseignement,Éducation islamique,33,6194,20,1,21
ENS207372,2021-2022,Fès-Meknès,FES,Taza,Rural,Masculin,Qualifiant,Professeur certifié,Éducation physique,3,5753,28,1,0
ENS207373,2016-2017,Tanger-Tétouan-Al Hoceïma,TAN,Fahs-Anjra,Urbain,Féminin,Primaire,Instituteur,Mathématiques,13,4706,29,0,21
ENS207374,2019-2020,Rabat-Salé-Kénitra,RAB,Kénitra,Rural,Féminin,Primaire,Instituteur,Philosophie,7,4041,28,0,8
ENS207375,2022-2023,Marrakech-Safi,MAR,Safi,Rural,Féminin,Primaire,Instituteur,Éducation islamique,13,5060,26,1,7
ENS207376,2018-2019,Souss-Massa,SOU,Agadir-Ida-Ou-Tanane,Rural,Féminin,Collégial,Maître d'enseignement,Mathématiques,23,6797,22,0,0
ENS207377,2018-2019,Marrakech-Safi,MAR,Safi,Urbain,Masculin,Primaire,Professeur certifié,Français,31,5339,18,0,9
ENS207378,2023-2024,Casablanca-Settat,CAS,El Jadida,Urbain,Masculin,Primaire,Contractuel,Histoire-Géo,31,4798,24,1,5
ENS207379,2020-2021,Tanger-Tétouan-Al Hoceïma,TAN,Al Hoceïma,Rural,Masculin,Primaire,Instituteur,Mathématiques,31,4528,22,1,0
ENS207380,2022-2023,Laâyoune-Sakia El Hamra,LAA,Boujdour,Urbain,Féminin,Collégial,Professeur certifié,Sciences,32,7294,28,0,7
ENS207381,2018-2019,Béni Mellal-Khénifra,BMK,Fquih Ben Salah,Urbain,Masculin,Primaire,Instituteur,SVT,24,5792,22,0,21
ENS207382,2023-2024,Casablanca-Settat,CAS,Casablanca,Rural,Féminin,Primaire,Professeur certifié,Physique-Chimie,3,6685,22,1,0
ENS207383,2020-2021,Casablanca-Settat,CAS,Mohammadia,Urbain,Masculin,Primaire,Vacataire,Français,21,1646,19,0,0
ENS207384,2015-2016,Béni Mellal-Khénifra,BMK,Khouribga,Rural,Masculin,Collégial,Instituteur,Éducation physique,27,5457,24,1,0
ENS207385,2022-2023,Oriental,ORI,Driouch,Urbain,Masculin,Primaire,Instituteur,Français,21,3743,24,1,0
ENS207386,2018-2019,Souss-Massa,SOU,Taroudannt,Urbain,Féminin,Collégial,Maître d'enseignement,Sciences,12,5173,31,1,1
ENS207387,2020-2021,Casablanca-Settat,CAS,Settat,Urbain,Féminin,Primaire,Contractuel,Physique-Chimie,4,4572,23,1,1
ENS207388,2023-2024,Fès-Meknès,FES,Taza,Urbain,Masculin,Collégial,Professeur certifié,Histoire-Géo,19,6850,22,0,2
ENS207389,2020-2021,Marrakech-Safi,MAR,Chichaoua,Rural,Masculin,Collégial,Professeur certifié,Physique-Chimie,2,5354,31,1,0
ENS207390,2021-2022,Souss-Massa,SOU,Chtouka-Ait Baha,Rural,Masculin,Collégial,Vacataire,Anglais,1,2717,28,1,10
ENS207391,2023-2024,Drâa-Tafilalet,DRA,Tinghir,Urbain,Féminin,Collégial,Contractuel,Histoire-Géo,17,4095,23,0,19
ENS207392,2017-2018,Casablanca-Settat,CAS,Casablanca,Urbain,Masculin,Primaire,Professeur certifié,Physique-Chimie,25,7135,22,0,6
ENS207393,2022-2023,Fès-Meknès,FES,Meknès,Rural,Féminin,Primaire,Professeur certifié,Anglais,24,6544,29,1,0
ENS207394,2022-2023,Casablanca-Settat,CAS,Sidi Bennour,Rural,Féminin,Qualifiant,Maître d'enseignement,Éducation islamique,24,4888,25,1,0
ENS207395,2018-2019,Tanger-Tétouan-Al Hoceïma,TAN,Ouazzane,Rural,Masculin,Collégial,Contractuel,Anglais,16,3986,18,0,6
ENS207396,2015-2016,Marrakech-Safi,MAR,Al Haouz,Rural,Masculin,Collégial,Professeur certifié,Philosophie,17,7588,21,1,20
ENS207397,2021-2022,Marrakech-Safi,MAR,Marrakech,Rural,Féminin,Préscolaire,Instituteur,Anglais,19,3758,28,1,0
ENS207398,2016-2017,Tanger-Tétouan-Al Hoceïma,TAN,Chefchaouen,Rural,Masculin,Collégial,Contractuel,Éducation islamique,31,3907,26,0,0
ENS207399,2015-2016,Tanger-Tétouan-Al Hoceïma,TAN,Al Hoceïma,Rural,Masculin,Primaire,Instituteur,Français,24,4472,18,1,14
ENS207400,2021-2022,Oriental,ORI,Jerada,Urbain,Féminin,Primaire,Instituteur,Physique-Chimie,27,3790,26,0,14
ENS207401,2020-2021,Casablanca-Settat,CAS,Berrechid,Urbain,Masculin,Primaire,Professeur agrégé,Français,4,8530,22,0,22
ENS207402,2021-2022,Drâa-Tafilalet,DRA,Midelt,Urbain,Masculin,Primaire,Instituteur,Français,7,5532,19,0,13
ENS207403,2020-2021,Souss-Massa,SOU,Agadir-Ida-Ou-Tanane,Urbain,Masculin,Primaire,Professeur agrégé,Histoire-Géo,31,8520,25,0,0
ENS207404,2015-2016,Casablanca-Settat,CAS,Berrechid,Rural,Masculin,Préscolaire,Maître d'enseignement,Éducation physique,22,4154,23,0,10
ENS207405,2016-2017,Tanger-Tétouan-Al Hoceïma,TAN,Larache,Urbain,Masculin,Collégial,Maître d'enseignement,Éducation islamique,33,5002,20,1,2
ENS207406,2019-2020,Marrakech-Safi,MAR,Marrakech,Rural,Masculin,Collégial,Instituteur,Arabe,7,5725,20,0,15
ENS207407,2019-2020,Souss-Massa,SOU,Tiznit,Rural,Masculin,Collégial,Contractuel,Philosophie,19,5151,21,1,4
ENS207408,2019-2020,Oriental,ORI,Nador,Rural,Féminin,Collégial,Instituteur,Français,23,5001,30,1,1
ENS207409,2015-2016,Drâa-Tafilalet,DRA,Ouarzazate,Rural,Masculin,Collégial,Maître d'enseignement,Physique-Chimie,32,5778,28,0,18
ENS207410,2018-2019,Casablanca-Settat,CAS,Settat,Rural,Masculin,Collégial,Instituteur,Sciences,18,4525,20,1,16
ENS207411,2016-2017,Béni Mellal-Khénifra,BMK,Fquih Ben Salah,Rural,Masculin,Primaire,Maître d'enseignement,Éducation islamique,15,6047,29,0,7
ENS207412,2017-2018,Rabat-Salé-Kénitra,RAB,Rabat,Urbain,Masculin,Primaire,Professeur certifié,Sciences,1,6990,31,0,22
ENS207413,2022-2023,Béni Mellal-Khénifra,BMK,Azilal,Rural,Masculin,Collégial,Maître d'enseignement,Sciences,11,5276,30,1,14
ENS207414,2020-2021,Casablanca-Settat,CAS,Berrechid,Rural,Masculin,Primaire,Instituteur,SVT,2,6197,18,0,13
ENS207415,2022-2023,Tanger-Tétouan-Al Hoceïma,TAN,Mdiq-Fnideq,Rural,Masculin,Primaire,Contractuel,Arabe,31,3912,29,0,8
ENS207416,2016-2017,Fès-Meknès,FES,El Hajeb,Rural,Féminin,Primaire,Professeur certifié,Français,25,6195,25,0,22
ENS207417,2016-2017,Casablanca-Settat,CAS,Benslimane,Urbain,Féminin,Collégial,Maître d'enseignement,Éducation physique,18,5440,21,1,19
ENS207418,2017-2018,Rabat-Salé-Kénitra,RAB,Kénitra,Urbain,Masculin,Qualifiant,Instituteur,Histoire-Géo,34,4141,21,1,0
ENS207419,2017-2018,Tanger-Tétouan-Al Hoceïma,TAN,Al Hoceïma,Urbain,Masculin,Qualifiant,Maître d'enseignement,Anglais,18,4448,26,0,7
ENS207420,2023-2024,Souss-Massa,SOU,Taroudannt,Rural,Masculin,Primaire,Contractuel,Mathématiques,6,3575,23,1,3
ENS207421,2021-2022,Souss-Massa,SOU,Agadir-Ida-Ou-Tanane,Urbain,Masculin,Préscolaire,Maître d'enseignement,Éducation physique,27,4921,18,1,18
ENS207422,2021-2022,Marrakech-Safi,MAR,Marrakech,Urbain,Masculin,Primaire,Instituteur,Histoire-Géo,24,4153,31,1,1
ENS207423,2023-2024,Souss-Massa,SOU,Tiznit,Urbain,Féminin,Primaire,Contractuel,Mathématiques,7,4048,28,1,4
ENS207424,2023-2024,Oriental,ORI,Guercif,Rural,Masculin,Qualifiant,Instituteur,Éducation islamique,25,4833,18,1,17
ENS207425,2023-2024,Casablanca-Settat,CAS,Settat,Urbain,Masculin,Collégial,Professeur certifié,Arabe,26,6057,25,0,11
ENS207426,2015-2016,Rabat-Salé-Kénitra,RAB,Skhirate-Témara,Urbain,Masculin,Primaire,Professeur certifié,Éducation physique,2,6953,21,1,0
ENS207427,2022-2023,Drâa-Tafilalet,DRA,Ouarzazate,Urbain,Masculin,Collégial,Contractuel,Sciences,23,3997,22,0,0
ENS207428,2021-2022,Rabat-Salé-Kénitra,RAB,Skhirate-Témara,Urbain,Masculin,Primaire,Professeur certifié,SVT,20,7486,30,1,0
ENS207429,2020-2021,Casablanca-Settat,CAS,Settat,Urbain,Masculin,Qualifiant,Professeur certifié,Philosophie,20,7284,18,0,0
ENS207430,2021-2022,Marrakech-Safi,MAR,Marrakech,Rural,Masculin,Qualifiant,Vacataire,Anglais,32,2344,20,0,0
ENS207431,2020-2021,Béni Mellal-Khénifra,BMK,El Kelaa des Sraghna,Rural,Masculin,Qualifiant,Maître d'enseignement,Éducation physique,26,5753,26,1,9
ENS207432,2016-2017,Casablanca-Settat,CAS,Khouribga,Urbain,Masculin,Primaire,Contractuel,Physique-Chimie,1,3447,25,0,1
ENS207433,2023-2024,Béni Mellal-Khénifra,BMK,Azilal,Rural,Masculin,Primaire,Instituteur,Anglais,1,5277,25,1,5
ENS207434,2020-2021,Oriental,ORI,Figuig,Urbain,Masculin,Collégial,Professeur certifié,Français,22,6285,27,0,9
ENS207435,2021-2022,Marrakech-Safi,MAR,El Kelaa des Sraghna,Urbain,Masculin,Qualifiant,Instituteur,Mathématiques,29,4262,28,1,24
ENS207436,2017-2018,Casablanca-Settat,CAS,El Jadida,Urbain,Masculin,Primaire,Professeur agrégé,Français,12,7950,31,1,14
ENS207437,2015-2016,Tanger-Tétouan-Al Hoceïma,TAN,Al Hoceïma,Rural,Féminin,Collégial,Maître d'enseignement,Philosophie,25,5395,22,0,12
ENS207438,2018-2019,Rabat-Salé-Kénitra,RAB,Skhirate-Témara,Rural,Féminin,Qualifiant,Professeur certifié,Mathématiques,16,7350,31,0,16
ENS207439,2016-2017,Béni Mellal-Khénifra,BMK,Azilal,Rural,Masculin,Primaire,Instituteur,Français,23,4128,21,0,0
ENS207440,2016-2017,Fès-Meknès,FES,Taza,Rural,Féminin,Collégial,Instituteur,Français,16,4331,21,1,12
ENS207441,2019-2020,Marrakech-Safi,MAR,Youssoufia,Urbain,Féminin,Qualifiant,Instituteur,Mathématiques,7,5240,20,1,3
ENS207442,2017-2018,Tanger-Tétouan-Al Hoceïma,TAN,Larache,Rural,Masculin,Primaire,Professeur certifié,Histoire-Géo,28,6143,28,0,21
ENS207443,2016-2017,Casablanca-Settat,CAS,Mohammadia,Rural,Masculin,Primaire,Professeur certifié,Éducation physique,22,6776,19,0,0
ENS207444,2020-2021,Oriental,ORI,Jerada,Rural,Masculin,Primaire,Instituteur,Français,25,4596,26,0,0
ENS207445,2021-2022,Casablanca-Settat,CAS,Casablanca,Rural,Masculin,Primaire,Professeur certifié,Mathématiques,26,5416,30,1,9
ENS207446,2019-2020,Rabat-Salé-Kénitra,RAB,Rabat,Rural,Féminin,Primaire,Professeur certifié,Français,25,7396,25,0,0
ENS207447,2016-2017,Rabat-Salé-Kénitra,RAB,Salé,Rural,Féminin,Primaire,Instituteur,Français,24,5311,28,1,10
ENS207448,2023-2024,Tanger-Tétouan-Al Hoceïma,TAN,Chefchaouen,Rural,Féminin,Primaire,Maître d'enseignement,Sciences,10,5503,30,0,0
ENS207449,2016-2017,Marrakech-Safi,MAR,Marrakech,Urbain,Féminin,Primaire,Instituteur,Anglais,10,4752,23,0,2
ENS207450,2016-2017,Casablanca-Settat,CAS,El Jadida,Rural,Féminin,Primaire,Instituteur,Français,29,4177,26,0,7
ENS207451,2018-2019,Rabat-Salé-Kénitra,RAB,Sidi Slimane,Urbain,Féminin,Qualifiant,Instituteur,Anglais,13,5153,24,1,0
ENS207452,2016-2017,Fès-Meknès,FES,El Hajeb,Urbain,Masculin,Primaire,Professeur certifié,Éducation islamique,15,5194,24,0,4
ENS207453,2023-2024,Drâa-Tafilalet,DRA,Zagora,Urbain,Masculin,Collégial,Contractuel,Éducation islamique,20,4752,27,0,8
ENS207454,2020-2021,Marrakech-Safi,MAR,Marrakech,Rural,Féminin,Primaire,Contractuel,Philosophie,28,4134,31,1,3
ENS207455,2021-2022,Marrakech-Safi,MAR,Essaouira,Urbain,Masculin,Collégial,Maître d'enseignement,Français,7,6079,20,1,2
ENS207456,2022-2023,Tanger-Tétouan-Al Hoceïma,TAN,Fahs-Anjra,Rural,Masculin,Primaire,Professeur certifié,Physique-Chimie,14,6962,18,0,16
ENS207457,2016-2017,Souss-Massa,SOU,Chtouka-Ait Baha,Urbain,Masculin,Qualifiant,Vacataire,Éducation islamique,17,1818,25,0,18
ENS207458,2020-2021,Drâa-Tafilalet,DRA,Zagora,Urbain,Masculin,Primaire,Instituteur,Éducation physique,3,5517,29,0,15
ENS207459,2023-2024,Drâa-Tafilalet,DRA,Zagora,Rural,Féminin,Primaire,Instituteur,Sciences,2,5454,29,1,0
ENS207460,2018-2019,Casablanca-Settat,CAS,Benslimane,Rural,Féminin,Qualifiant,Instituteur,SVT,20,4124,19,1,10
ENS207461,2019-2020,Rabat-Salé-Kénitra,RAB,Skhirate-Témara,Rural,Féminin,Qualifiant,Instituteur,Arabe,8,4132,27,1,0
ENS207462,2019-2020,Souss-Massa,SOU,Inezgane-Ait Melloul,Urbain,Masculin,Qualifiant,Contractuel,Mathématiques,8,3333,24,1,8
ENS207463,2021-2022,Casablanca-Settat,CAS,El Jadida,Rural,Masculin,Qualifiant,Maître d'enseignement,Histoire-Géo,5,5779,31,1,0
ENS207464,2022-2023,Souss-Massa,SOU,Tiznit,Urbain,Masculin,Qualifiant,Instituteur,Sciences,16,4597,31,1,3
ENS207465,2017-2018,Marrakech-Safi,MAR,Al Haouz,Urbain,Féminin,Primaire,Maître d'enseignement,Éducation physique,6,4734,28,1,0
ENS207466,2018-2019,Marrakech-Safi,MAR,Safi,Urbain,Masculin,Primaire,Instituteur,Mathématiques,1,4037,24,1,6
ENS207467,2020-2021,Tanger-Tétouan-Al Hoceïma,TAN,Tanger-Assilah,Urbain,Masculin,Préscolaire,Contractuel,Physique-Chimie,9,4492,20,1,12
ENS207468,2023-2024,Fès-Meknès,FES,Séfrou,Rural,Féminin,Primaire,Instituteur,Français,11,5177,29,1,4
ENS207469,2023-2024,Souss-Massa,SOU,Taroudannt,Rural,Féminin,Primaire,Professeur certifié,Arabe,34,5989,26,1,7
ENS207470,2016-2017,Souss-Massa,SOU,Inezgane-Ait Melloul,Rural,Féminin,Primaire,Vacataire,Physique-Chimie,8,2665,22,1,15
ENS207471,2019-2020,Casablanca-Settat,CAS,Settat,Rural,Masculin,Préscolaire,Professeur certifié,SVT,31,6296,24,1,3
ENS207472,2015-2016,Casablanca-Settat,CAS,Mohammadia,Urbain,Masculin,Qualifiant,Maître d'enseignement,Arabe,7,6106,18,1,0
ENS207473,2021-2022,Casablanca-Settat,CAS,Berrechid,Urbain,Masculin,Primaire,Instituteur,Anglais,27,4437,20,0,20
ENS207474,2020-2021,Marrakech-Safi,MAR,El Kelaa des Sraghna,Urbain,Masculin,Collégial,Instituteur,Histoire-Géo,29,5362,26,0,5
ENS207475,2017-2018,Béni Mellal-Khénifra,BMK,Fquih Ben Salah,Urbain,Féminin,Primaire,Professeur certifié,Éducation islamique,32,6823,29,1,14
ENS207476,2019-2020,Souss-Massa,SOU,Taroudannt,Rural,Masculin,Primaire,Contractuel,Éducation physique,20,4243,27,1,11
ENS207477,2021-2022,Fès-Meknès,FES,Meknès,Rural,Masculin,Collégial,Instituteur,Physique-Chimie,8,3553,26,0,23
ENS207478,2020-2021,Béni Mellal-Khénifra,BMK,Fquih Ben Salah,Urbain,Masculin,Qualifiant,Contractuel,Arabe,14,5500,31,1,21
ENS207479,2016-2017,Casablanca-Settat,CAS,Sidi Bennour,Urbain,Féminin,Primaire,Professeur agrégé,Arabe,28,8130,25,0,24
ENS207480,2017-2018,Drâa-Tafilalet,DRA,Zagora,Rural,Féminin,Qualifiant,Vacataire,Anglais,9,2323,21,1,16
ENS207481,2016-2017,Marrakech-Safi,MAR,Al Haouz,Urbain,Masculin,Primaire,Contractuel,Philosophie,5,3154,26,1,9
ENS207482,2023-2024,Casablanca-Settat,CAS,Settat,Rural,Masculin,Qualifiant,Maître d'enseignement,Éducation physique,12,5695,22,0,0
ENS207483,2020-2021,Casablanca-Settat,CAS,El Jadida,Rural,Masculin,Qualifiant,Instituteur,Histoire-Géo,11,5437,21,1,0
ENS207484,2023-2024,Casablanca-Settat,CAS,Khouribga,Urbain,Masculin,Qualifiant,Professeur certifié,Arabe,22,6235,23,0,10
ENS207485,2023-2024,Rabat-Salé-Kénitra,RAB,Rabat,Urbain,Féminin,Qualifiant,Professeur certifié,Sciences,33,6838,30,1,19
ENS207486,2016-2017,Fès-Meknès,FES,Meknès,Rural,Féminin,Collégial,Professeur certifié,Anglais,16,6941,28,1,12
ENS207487,2022-2023,Casablanca-Settat,CAS,Berrechid,Rural,Masculin,Primaire,Professeur certifié,Arabe,18,6835,27,1,0
ENS207488,2018-2019,Rabat-Salé-Kénitra,RAB,Sidi Slimane,Rural,Masculin,Qualifiant,Professeur certifié,SVT,33,8079,21,1,8
ENS207489,2022-2023,Rabat-Salé-Kénitra,RAB,Khémisset,Urbain,Masculin,Primaire,Instituteur,SVT,24,4155,21,0,12
ENS207490,2019-2020,Souss-Massa,SOU,Tiznit,Urbain,Masculin,Primaire,Instituteur,Philosophie,13,3741,20,1,16
ENS207491,2017-2018,Drâa-Tafilalet,DRA,Midelt,Urbain,Féminin,Collégial,Instituteur,Mathématiques,6,4604,30,0,24
ENS207492,2016-2017,Tanger-Tétouan-Al Hoceïma,TAN,Ouazzane,Urbain,Féminin,Primaire,Professeur certifié,Mathématiques,11,6093,30,0,5
ENS207493,2019-2020,Drâa-Tafilalet,DRA,Tinghir,Rural,Masculin,Primaire,Professeur certifié,Mathématiques,26,7472,24,1,7
ENS207494,2019-2020,Marrakech-Safi,MAR,Youssoufia,Urbain,Masculin,Qualifiant,Instituteur,Philosophie,10,4737,18,1,5
ENS207495,2018-2019,Guelmim-Oued Noun,GUE,Tan-Tan,Rural,Masculin,Primaire,Maître d'enseignement,Anglais,15,4942,28,0,10
ENS207496,2018-2019,Fès-Meknès,FES,Boulemane,Urbain,Féminin,Primaire,Contractuel,Physique-Chimie,18,3164,25,0,15
ENS207497,2023-2024,Casablanca-Settat,CAS,Mohammadia,Urbain,Masculin,Primaire,Instituteur,Physique-Chimie,5,4164,21,0,6
ENS207498,2016-2017,Marrakech-Safi,MAR,Safi,Urbain,Masculin,Primaire,Vacataire,Mathématiques,26,3231,28,0,3
ENS207499,2017-2018,Drâa-Tafilalet,DRA,Errachidia,Rural,Masculin,Primaire,Instituteur,Mathématiques,11,4572,30,1,24
ENS207500,2020-2021,Marrakech-Safi,MAR,El Kelaa des Sraghna,Urbain,Féminin,Primaire,Professeur certifié,Éducation physique,26,5667,28,1,2
ENS207501,2015-2016,Casablanca-Settat,CAS,Casablanca,Urbain,Masculin,Primaire,Professeur certifié,Arabe,27,6264,28,1,0
ENS207502,2020-2021,Drâa-Tafilalet,DRA,Tinghir,Rural,Masculin,Collégial,Professeur certifié,Éducation islamique,25,6107,29,0,12
ENS207503,2017-2018,Casablanca-Settat,CAS,Khouribga,Rural,Masculin,Collégial,Professeur certifié,Français,24,5881,18,0,11
ENS207504,2020-2021,Fès-Meknès,FES,Séfrou,Rural,Masculin,Primaire,Instituteur,Français,16,4003,23,1,24
ENS207505,2019-2020,Béni Mellal-Khénifra,BMK,Khouribga,Urbain,Masculin,Primaire,Maître d'enseignement,Mathématiques,34,6060,26,1,23
ENS207506,2021-2022,Tanger-Tétouan-Al Hoceïma,TAN,Ouazzane,Urbain,Masculin,Primaire,Maître d'enseignement,Mathématiques,19,5452,20,0,0
ENS207507,2015-2016,Casablanca-Settat,CAS,Sidi Bennour,Urbain,Masculin,Collégial,Professeur certifié,Anglais,26,7316,28,0,14
ENS207508,2023-2024,Marrakech-Safi,MAR,Essaouira,Urbain,Féminin,Qualifiant,Professeur agrégé,Français,2,8821,27,0,4
ENS207509,2020-2021,Casablanca-Settat,CAS,Benslimane,Urbain,Masculin,Primaire,Instituteur,Histoire-Géo,27,4764,27,0,0
ENS207510,2015-2016,Rabat-Salé-Kénitra,RAB,Skhirate-Témara,Urbain,Masculin,Collégial,Maître d'enseignement,Français,22,5537,19,1,0
ENS207511,2021-2022,Béni Mellal-Khénifra,BMK,Béni Mellal,Rural,Féminin,Primaire,Instituteur,SVT,30,4457,28,1,4
ENS207512,2019-2020,Rabat-Salé-Kénitra,RAB,Sidi Kacem,Urbain,Masculin,Primaire,Professeur certifié,Français,3,7399,25,0,11
ENS207513,2018-2019,Marrakech-Safi,MAR,Safi,Urbain,Féminin,Primaire,Professeur certifié,Français,6,7027,30,0,0
ENS207514,2022-2023,Oriental,ORI,Oujda-Angad,Rural,Féminin,Qualifiant,Professeur agrégé,Anglais,4,8650,19,1,0
ENS207515,2021-2022,Casablanca-Settat,CAS,Khouribga,Urbain,Féminin,Primaire,Professeur certifié,SVT,9,7156,31,0,12
ENS207516,2017-2018,Souss-Massa,SOU,Tiznit,Rural,Masculin,Qualifiant,Professeur certifié,Philosophie,19,5938,22,1,13
ENS207517,2020-2021,Fès-Meknès,FES,Fès,Urbain,Masculin,Préscolaire,Contractuel,Philosophie,21,4276,26,0,20
ENS207518,2016-2017,Dakhla-Oued Eddahab,DAK,Dakhla,Rural,Féminin,Qualifiant,Professeur certifié,SVT,15,5888,25,1,23
ENS207519,2021-2022,Casablanca-Settat,CAS,Mohammadia,Urbain,Féminin,Préscolaire,Professeur certifié,Arabe,28,5638,30,0,23
ENS207520,2023-2024,Rabat-Salé-Kénitra,RAB,Sidi Slimane,Urbain,Féminin,Collégial,Instituteur,Philosophie,18,5005,19,0,15
ENS207521,2016-2017,Casablanca-Settat,CAS,Sidi Bennour,Rural,Féminin,Préscolaire,Professeur certifié,Histoire-Géo,26,7809,31,1,11
ENS207522,2016-2017,Casablanca-Settat,CAS,Settat,Rural,Masculin,Qualifiant,Contractuel,Arabe,7,3424,29,1,15
ENS207523,2018-2019,Souss-Massa,SOU,Agadir-Ida-Ou-Tanane,Urbain,Masculin,Qualifiant,Contractuel,Philosophie,12,3730,24,1,0
ENS207524,2018-2019,Casablanca-Settat,CAS,Berrechid,Urbain,Masculin,Primaire,Professeur certifié,Éducation islamique,27,5627,29,1,1
ENS207525,2019-2020,Marrakech-Safi,MAR,Safi,Rural,Masculin,Primaire,Professeur certifié,Philosophie,13,6654,26,1,5
ENS207526,2018-2019,Béni Mellal-Khénifra,BMK,El Kelaa des Sraghna,Urbain,Féminin,Primaire,Maître d'enseignement,Anglais,10,3902,18,0,0
ENS207527,2019-2020,Marrakech-Safi,MAR,Marrakech,Rural,Féminin,Qualifiant,Professeur certifié,Histoire-Géo,18,5832,19,1,0
ENS207528,2018-2019,Oriental,ORI,Figuig,Rural,Masculin,Qualifiant,Contractuel,Histoire-Géo,4,4313,20,0,23
ENS207529,2021-2022,Fès-Meknès,FES,Meknès,Urbain,Masculin,Qualifiant,Maître d'enseignement,Français,27,4735,31,1,22
ENS207530,2018-2019,Souss-Massa,SOU,Agadir-Ida-Ou-Tanane,Urbain,Masculin,Collégial,Instituteur,Mathématiques,19,4913,29,1,0
ENS207531,2015-2016,Tanger-Tétouan-Al Hoceïma,TAN,Larache,Rural,Féminin,Primaire,Instituteur,Français,1,3712,21,1,9
ENS207532,2023-2024,Fès-Meknès,FES,Boulemane,Urbain,Féminin,Qualifiant,Vacataire,Éducation islamique,19,1752,25,1,9
ENS207533,2021-2022,Béni Mellal-Khénifra,BMK,Azilal,Urbain,Féminin,Collégial,Instituteur,Français,7,3766,21,1,24
ENS207534,2023-2024,Tanger-Tétouan-Al Hoceïma,TAN,Ouazzane,Urbain,Masculin,Collégial,Maître d'enseignement,Physique-Chimie,17,4790,23,0,3
ENS207535,2019-2020,Béni Mellal-Khénifra,BMK,El Kelaa des Sraghna,Urbain,Masculin,Primaire,Vacataire,Histoire-Géo,33,3046,26,1,17
ENS207536,2021-2022,Casablanca-Settat,CAS,Benslimane,Rural,Masculin,Primaire,Professeur certifié,Physique-Chimie,19,6498,29,1,19
ENS207537,2019-2020,Casablanca-Settat,CAS,El Jadida,Rural,Masculin,Qualifiant,Maître d'enseignement,SVT,10,6096,28,1,0
ENS207538,2017-2018,Marrakech-Safi,MAR,Essaouira,Rural,Masculin,Collégial,Professeur certifié,Mathématiques,20,5347,30,0,19
ENS207539,2023-2024,Casablanca-Settat,CAS,Mohammadia,Rural,Masculin,Qualifiant,Contractuel,Mathématiques,11,4471,29,0,18
ENS207540,2023-2024,Béni Mellal-Khénifra,BMK,Béni Mellal,Urbain,Féminin,Préscolaire,Professeur agrégé,Mathématiques,11,7338,18,0,22
ENS207541,2021-2022,Casablanca-Settat,CAS,Sidi Bennour,Rural,Masculin,Primaire,Maître d'enseignement,Arabe,22,4911,27,0,0
ENS207542,2016-2017,Casablanca-Settat,CAS,Mohammadia,Rural,Masculin,Primaire,Contractuel,Anglais,34,4930,30,1,15
ENS207543,2021-2022,Oriental,ORI,Driouch,Rural,Masculin,Collégial,Instituteur,Éducation islamique,23,5810,18,1,0
ENS207544,2018-2019,Casablanca-Settat,CAS,Mohammadia,Rural,Masculin,Collégial,Professeur agrégé,Éducation islamique,8,8740,27,1,12
ENS207545,2020-2021,Béni Mellal-Khénifra,BMK,Béni Mellal,Rural,Masculin,Qualifiant,Professeur certifié,Physique-Chimie,30,6422,28,1,2
ENS207546,2021-2022,Casablanca-Settat,CAS,Benslimane,Urbain,Masculin,Primaire,Maître d'enseignement,Histoire-Géo,29,6003,26,1,0
ENS207547,2019-2020,Oriental,ORI,Figuig,Rural,Féminin,Primaire,Maître d'enseignement,Français,13,5278,23,0,0
ENS207548,2022-2023,Casablanca-Settat,CAS,Benslimane,Rural,Féminin,Qualifiant,Professeur certifié,Arabe,32,6683,25,1,8
ENS207549,2015-2016,Fès-Meknès,FES,Séfrou,Urbain,Féminin,Qualifiant,Contractuel,Philosophie,33,5255,31,1,0
ENS207550,2016-2017,Marrakech-Safi,MAR,Safi,Rural,Masculin,Qualifiant,Contractuel,Français,3,5233,21,0,23
ENS207551,2017-2018,Fès-Meknès,FES,El Hajeb,Rural,Féminin,Primaire,Maître d'enseignement,Arabe,27,6902,27,1,0
ENS207552,2015-2016,Drâa-Tafilalet,DRA,Midelt,Urbain,Masculin,Primaire,Maître d'enseignement,Physique-Chimie,20,6308,24,0,0
ENS207553,2018-2019,Drâa-Tafilalet,DRA,Errachidia,Urbain,Masculin,Primaire,Instituteur,Mathématiques,3,4187,27,0,6
ENS207554,2015-2016,Casablanca-Settat,CAS,Benslimane,Urbain,Féminin,Primaire,Maître d'enseignement,SVT,3,5780,20,0,10
ENS207555,2020-2021,Marrakech-Safi,MAR,Essaouira,Urbain,Masculin,Primaire,Contractuel,Philosophie,2,4961,21,1,0
ENS207556,2018-2019,Rabat-Salé-Kénitra,RAB,Sidi Kacem,Urbain,Masculin,Primaire,Contractuel,Physique-Chimie,31,3693,28,0,18
ENS207557,2019-2020,Souss-Massa,SOU,Tata,Rural,Féminin,Primaire,Contractuel,Sciences,20,4026,28,1,12
ENS207558,2016-2017,Drâa-Tafilalet,DRA,Errachidia,Rural,Féminin,Primaire,Professeur certifié,Histoire-Géo,2,6298,19,1,10
ENS207559,2015-2016,Casablanca-Settat,CAS,El Jadida,Rural,Masculin,Primaire,Professeur certifié,Éducation islamique,3,6350,28,1,21
ENS207560,2020-2021,Béni Mellal-Khénifra,BMK,Azilal,Urbain,Féminin,Primaire,Instituteur,Arabe,28,5314,28,0,0
ENS207561,2016-2017,Béni Mellal-Khénifra,BMK,El Kelaa des Sraghna,Rural,Féminin,Préscolaire,Professeur certifié,Sciences,32,5538,20,1,19
ENS207562,2015-2016,Marrakech-Safi,MAR,Essaouira,Urbain,Masculin,Primaire,Professeur certifié,SVT,13,6259,29,1,0
ENS207563,2017-2018,Marrakech-Safi,MAR,Safi,Urbain,Féminin,Collégial,Maître d'enseignement,Physique-Chimie,33,4571,19,1,23
ENS207564,2022-2023,Casablanca-Settat,CAS,Settat,Urbain,Féminin,Collégial,Professeur agrégé,Éducation islamique,19,7701,27,0,0
ENS207565,2019-2020,Marrakech-Safi,MAR,Youssoufia,Urbain,Masculin,Collégial,Maître d'enseignement,SVT,31,5907,23,1,21
ENS207566,2022-2023,Fès-Meknès,FES,Meknès,Rural,Féminin,Primaire,Maître d'enseignement,SVT,10,6261,24,0,11
ENS207567,2019-2020,Fès-Meknès,FES,El Hajeb,Urbain,Féminin,Collégial,Instituteur,Physique-Chimie,34,5070,23,0,21
ENS207568,2015-2016,Casablanca-Settat,CAS,Berrechid,Rural,Féminin,Primaire,Professeur agrégé,Éducation islamique,23,8381,31,1,24
ENS207569,2018-2019,Souss-Massa,SOU,Inezgane-Ait Melloul,Rural,Féminin,Collégial,Instituteur,Sciences,6,5441,23,0,15
ENS207570,2020-2021,Tanger-Tétouan-Al Hoceïma,TAN,Fahs-Anjra,Urbain,Féminin,Primaire,Professeur agrégé,Arabe,15,8383,22,0,0
ENS207571,2016-2017,Casablanca-Settat,CAS,Casablanca,Urbain,Féminin,Primaire,Professeur certifié,Philosophie,10,6097,18,0,17
ENS207572,2015-2016,Marrakech-Safi,MAR,Chichaoua,Urbain,Masculin,Collégial,Instituteur,Arabe,16,5401,26,0,0
ENS207573,2015-2016,Marrakech-Safi,MAR,Marrakech,Urbain,Féminin,Collégial,Instituteur,SVT,19,4604,28,1,24
ENS207574,2021-2022,Casablanca-Settat,CAS,Casablanca,Rural,Masculin,Qualifiant,Instituteur,Arabe,12,5190,21,1,11
ENS207575,2022-2023,Souss-Massa,SOU,Inezgane-Ait Melloul,Urbain,Féminin,Primaire,Professeur certifié,Sciences,9,6237,31,0,18
ENS207576,2018-2019,Casablanca-Settat,CAS,Settat,Urbain,Féminin,Qualifiant,Instituteur,Histoire-Géo,23,3394,28,1,16
ENS207577,2021-2022,Rabat-Salé-Kénitra,RAB,Rabat,Rural,Féminin,Primaire,Professeur agrégé,Éducation islamique,16,8747,24,0,13
ENS207578,2022-2023,Drâa-Tafilalet,DRA,Ouarzazate,Urbain,Féminin,Primaire,Professeur certifié,Sciences,13,6787,28,0,12
ENS207579,2022-2023,Casablanca-Settat,CAS,Benslimane,Rural,Masculin,Primaire,Professeur certifié,Arabe,29,5743,29,1,0
ENS207580,2021-2022,Tanger-Tétouan-Al Hoceïma,TAN,Chefchaouen,Urbain,Masculin,Primaire,Professeur certifié,Français,17,6011,27,1,8
ENS207581,2023-2024,Oriental,ORI,Figuig,Urbain,Masculin,Préscolaire,Maître d'enseignement,Anglais,19,5290,27,0,14
ENS207582,2023-2024,Rabat-Salé-Kénitra,RAB,Sidi Slimane,Urbain,Masculin,Préscolaire,Instituteur,Anglais,10,5343,25,0,21
ENS207583,2017-2018,Rabat-Salé-Kénitra,RAB,Rabat,Rural,Masculin,Préscolaire,Professeur certifié,Éducation islamique,23,6834,29,0,12
ENS207584,2018-2019,Tanger-Tétouan-Al Hoceïma,TAN,Chefchaouen,Urbain,Masculin,Qualifiant,Professeur certifié,Sciences,27,6395,30,0,21
ENS207585,2023-2024,Marrakech-Safi,MAR,Youssoufia,Urbain,Masculin,Collégial,Professeur certifié,Français,21,6810,19,0,0
ENS207586,2023-2024,Oriental,ORI,Nador,Rural,Féminin,Primaire,Contractuel,Éducation islamique,19,4237,20,1,18
ENS207587,2017-2018,Béni Mellal-Khénifra,BMK,Khouribga,Rural,Féminin,Primaire,Vacataire,Français,2,2289,18,1,0
ENS207588,2018-2019,Béni Mellal-Khénifra,BMK,Fquih Ben Salah,Rural,Masculin,Collégial,Contractuel,Physique-Chimie,32,3895,28,1,0
ENS207589,2016-2017,Casablanca-Settat,CAS,Mohammadia,Urbain,Masculin,Collégial,Contractuel,Sciences,28,4186,31,1,0
ENS207590,2020-2021,Casablanca-Settat,CAS,Mohammadia,Urbain,Féminin,Primaire,Professeur certifié,Sciences,25,4942,24,1,0
ENS207591,2020-2021,Fès-Meknès,FES,Séfrou,Urbain,Féminin,Primaire,Professeur certifié,Physique-Chimie,23,6841,20,1,15
ENS207592,2020-2021,Guelmim-Oued Noun,GUE,Assa-Zag,Urbain,Féminin,Primaire,Professeur certifié,Philosophie,27,7089,20,1,0
ENS207593,2017-2018,Rabat-Salé-Kénitra,RAB,Rabat,Urbain,Féminin,Primaire,Contractuel,Éducation islamique,8,4034,31,1,3
ENS207594,2016-2017,Marrakech-Safi,MAR,Chichaoua,Urbain,Masculin,Collégial,Instituteur,Éducation islamique,31,4789,23,1,0
ENS207595,2020-2021,Casablanca-Settat,CAS,Benslimane,Urbain,Féminin,Collégial,Professeur certifié,Éducation islamique,9,7062,24,0,0
ENS207596,2015-2016,Souss-Massa,SOU,Taroudannt,Urbain,Féminin,Primaire,Instituteur,Sciences,8,5322,23,0,0
ENS207597,2016-2017,Fès-Meknès,FES,Fès,Urbain,Féminin,Primaire,Contractuel,SVT,33,2775,24,0,0
ENS207598,2018-2019,Casablanca-Settat,CAS,Mohammadia,Rural,Féminin,Primaire,Contractuel,Histoire-Géo,30,4551,19,1,19
ENS207599,2023-2024,Souss-Massa,SOU,Chtouka-Ait Baha,Rural,Masculin,Collégial,Instituteur,Arabe,8,4275,20,1,17
ENS207600,2017-2018,Oriental,ORI,Berkane,Urbain,Féminin,Primaire,Professeur certifié,Physique-Chimie,14,6755,29,0,21
ENS207601,2016-2017,Rabat-Salé-Kénitra,RAB,Kénitra,Rural,Masculin,Qualifiant,Maître d'enseignement,SVT,24,5285,29,0,0
ENS207602,2022-2023,Casablanca-Settat,CAS,Khouribga,Urbain,Masculin,Collégial,Contractuel,Physique-Chimie,29,5139,29,0,23
ENS207603,2020-2021,Souss-Massa,SOU,Tata,Urbain,Masculin,Qualifiant,Contractuel,Sciences,29,3612,24,1,0
ENS207604,2021-2022,Rabat-Salé-Kénitra,RAB,Sidi Kacem,Urbain,Masculin,Primaire,Contractuel,Histoire-Géo,7,4850,26,0,8
ENS207605,2023-2024,Casablanca-Settat,CAS,El Jadida,Urbain,Masculin,Collégial,Instituteur,Philosophie,25,4477,22,0,3
ENS207606,2019-2020,Tanger-Tétouan-Al Hoceïma,TAN,Tanger-Assilah,Rural,Masculin,Préscolaire,Professeur certifié,Anglais,31,5533,30,1,2
ENS207607,2019-2020,Tanger-Tétouan-Al Hoceïma,TAN,Tétouan,Urbain,Féminin,Qualifiant,Vacataire,Philosophie,31,2677,18,0,6
ENS207608,2019-2020,Rabat-Salé-Kénitra,RAB,Khémisset,Rural,Masculin,Primaire,Instituteur,Philosophie,17,5041,27,1,5
ENS207609,2021-2022,Tanger-Tétouan-Al Hoceïma,TAN,Mdiq-Fnideq,Urbain,Masculin,Primaire,Instituteur,Français,4,4722,27,0,0
ENS207610,2019-2020,Fès-Meknès,FES,Taza,Rural,Féminin,Primaire,Maître d'enseignement,Histoire-Géo,23,6179,21,1,9
ENS207611,2022-2023,Béni Mellal-Khénifra,BMK,Khouribga,Urbain,Masculin,Primaire,Contractuel,Sciences,28,4316,25,0,23
ENS207612,2022-2023,Drâa-Tafilalet,DRA,Ouarzazate,Urbain,Féminin,Préscolaire,Instituteur,Éducation islamique,11,4538,31,0,0
ENS207613,2015-2016,Fès-Meknès,FES,Taounate,Urbain,Masculin,Primaire,Maître d'enseignement,Histoire-Géo,11,5651,30,1,15
ENS207614,2018-2019,Béni Mellal-Khénifra,BMK,Khouribga,Rural,Masculin,Préscolaire,Professeur certifié,Anglais,20,6866,21,0,2
ENS207615,2019-2020,Fès-Meknès,FES,Ifrane,Urbain,Masculin,Qualifiant,Instituteur,Éducation physique,26,3950,21,0,11
ENS207616,2018-2019,Souss-Massa,SOU,Inezgane-Ait Melloul,Urbain,Féminin,Collégial,Professeur certifié,Français,31,6139,30,1,11
ENS207617,2022-2023,Marrakech-Safi,MAR,Youssoufia,Rural,Masculin,Primaire,Professeur certifié,Éducation islamique,19,6247,24,0,21
ENS207618,2022-2023,Casablanca-Settat,CAS,El Jadida,Urbain,Féminin,Primaire,Instituteur,SVT,21,4724,23,0,6
ENS207619,2022-2023,Rabat-Salé-Kénitra,RAB,Kénitra,Urbain,Féminin,Collégial,Maître d'enseignement,Éducation islamique,34,6136,31,0,0
ENS207620,2018-2019,Béni Mellal-Khénifra,BMK,Béni Mellal,Urbain,Masculin,Primaire,Professeur certifié,Physique-Chimie,14,6058,20,0,24
ENS207621,2016-2017,Casablanca-Settat,CAS,Casablanca,Urbain,Masculin,Collégial,Professeur agrégé,Arabe,7,8757,19,0,0
ENS207622,2017-2018,Fès-Meknès,FES,El Hajeb,Rural,Masculin,Primaire,Instituteur,Anglais,17,4717,24,1,0
ENS207623,2023-2024,Rabat-Salé-Kénitra,RAB,Salé,Urbain,Masculin,Collégial,Professeur certifié,Français,34,6757,28,0,9
ENS207624,2019-2020,Souss-Massa,SOU,Tiznit,Urbain,Féminin,Primaire,Vacataire,Arabe,1,3496,30,0,0
ENS207625,2017-2018,Béni Mellal-Khénifra,BMK,Khouribga,Urbain,Masculin,Primaire,Vacataire,Sciences,17,2830,31,1,0
ENS207626,2020-2021,Fès-Meknès,FES,Ifrane,Rural,Masculin,Qualifiant,Maître d'enseignement,Anglais,25,5531,23,1,0
ENS207627,2016-2017,Fès-Meknès,FES,Ifrane,Urbain,Féminin,Primaire,Professeur certifié,Sciences,5,8517,25,0,10
ENS207628,2018-2019,Casablanca-Settat,CAS,Casablanca,Rural,Féminin,Collégial,Maître d'enseignement,Éducation physique,13,5186,31,0,23
ENS207629,2019-2020,Béni Mellal-Khénifra,BMK,Fquih Ben Salah,Rural,Masculin,Primaire,Contractuel,Anglais,9,5174,30,0,9
ENS207630,2017-2018,Oriental,ORI,Guercif,Urbain,Masculin,Primaire,Instituteur,Physique-Chimie,21,4234,20,0,12
ENS207631,2017-2018,Fès-Meknès,FES,Ifrane,Rural,Féminin,Primaire,Professeur agrégé,Histoire-Géo,9,7744,19,0,18
ENS207632,2020-2021,Tanger-Tétouan-Al Hoceïma,TAN,Tanger-Assilah,Urbain,Masculin,Collégial,Contractuel,Philosophie,8,3190,27,1,15
ENS207633,2022-2023,Casablanca-Settat,CAS,Mohammadia,Urbain,Féminin,Primaire,Maître d'enseignement,Éducation islamique,5,5184,26,0,0
ENS207634,2020-2021,Casablanca-Settat,CAS,Casablanca,Urbain,Féminin,Primaire,Professeur certifié,Éducation islamique,32,7408,18,0,10
ENS207635,2020-2021,Rabat-Salé-Kénitra,RAB,Khémisset,Rural,Masculin,Primaire,Professeur certifié,Éducation islamique,30,5443,24,1,5
ENS207636,2018-2019,Rabat-Salé-Kénitra,RAB,Rabat,Urbain,Masculin,Collégial,Professeur certifié,Arabe,17,6770,27,0,0
ENS207637,2015-2016,Fès-Meknès,FES,Meknès,Urbain,Féminin,Collégial,Maître d'enseignement,Histoire-Géo,33,4485,18,0,0
ENS207638,2021-2022,Oriental,ORI,Taourirt,Urbain,Féminin,Primaire,Contractuel,Éducation physique,21,3883,25,1,24
ENS207639,2017-2018,Marrakech-Safi,MAR,El Kelaa des Sraghna,Urbain,Féminin,Collégial,Contractuel,Français,14,3146,22,1,6
ENS207640,2022-2023,Tanger-Tétouan-Al Hoceïma,TAN,Larache,Urbain,Masculin,Primaire,Professeur certifié,Arabe,26,5587,18,1,1
ENS207641,2018-2019,Casablanca-Settat,CAS,Settat,Rural,Féminin,Primaire,Contractuel,Philosophie,19,4132,18,0,2
ENS207642,2021-2022,Fès-Meknès,FES,Boulemane,Urbain,Masculin,Primaire,Contractuel,Sciences,32,4845,28,0,0
ENS207643,2016-2017,Fès-Meknès,FES,Meknès,Urbain,Masculin,Primaire,Maître d'enseignement,Physique-Chimie,8,5714,24,0,0
ENS207644,2017-2018,Rabat-Salé-Kénitra,RAB,Salé,Urbain,Féminin,Qualifiant,Instituteur,Arabe,17,3907,25,0,0
ENS207645,2020-2021,Tanger-Tétouan-Al Hoceïma,TAN,Fahs-Anjra,Rural,Masculin,Primaire,Contractuel,Physique-Chimie,19,4029,23,0,0
ENS207646,2017-2018,Tanger-Tétouan-Al Hoceïma,TAN,Al Hoceïma,Rural,Féminin,Primaire,Professeur agrégé,Français,27,8953,24,0,2
ENS207647,2022-2023,Casablanca-Settat,CAS,Khouribga,Rural,Masculin,Collégial,Professeur certifié,Philosophie,6,6964,24,1,0
ENS207648,2017-2018,Rabat-Salé-Kénitra,RAB,Salé,Urbain,Masculin,Primaire,Instituteur,Éducation physique,26,5526,27,0,18
ENS207649,2015-2016,Oriental,ORI,Guercif,Urbain,Masculin,Primaire,Contractuel,Français,3,5029,29,0,4
ENS207650,2018-2019,Rabat-Salé-Kénitra,RAB,Rabat,Rural,Féminin,Primaire,Professeur certifié,Arabe,20,5748,29,0,7
ENS207651,2016-2017,Oriental,ORI,Taourirt,Urbain,Masculin,Primaire,Professeur agrégé,Philosophie,8,8820,20,0,10
ENS207652,2017-2018,Laâyoune-Sakia El Hamra,LAA,Boujdour,Rural,Féminin,Collégial,Instituteur,Arabe,28,3591,19,0,0
ENS207653,2016-2017,Casablanca-Settat,CAS,Settat,Urbain,Masculin,Primaire,Maître d'enseignement,Éducation physique,15,5604,22,1,0
ENS207654,2015-2016,Casablanca-Settat,CAS,Berrechid,Urbain,Masculin,Collégial,Professeur agrégé,Éducation physique,25,7511,29,0,0
ENS207655,2022-2023,Casablanca-Settat,CAS,Khouribga,Rural,Féminin,Qualifiant,Contractuel,Arabe,8,4973,31,0,0
ENS207656,2022-2023,Béni Mellal-Khénifra,BMK,Azilal,Urbain,Féminin,Primaire,Maître d'enseignement,Physique-Chimie,5,5373,23,0,21
ENS207657,2019-2020,Rabat-Salé-Kénitra,RAB,Sidi Slimane,Urbain,Féminin,Primaire,Instituteur,Mathématiques,5,4123,31,0,23
ENS207658,2023-2024,Rabat-Salé-Kénitra,RAB,Kénitra,Rural,Féminin,Qualifiant,Contractuel,Anglais,3,4073,24,1,20
ENS207659,2021-2022,Rabat-Salé-Kénitra,RAB,Kénitra,Rural,Masculin,Qualifiant,Professeur agrégé,SVT,1,8305,30,1,0
ENS207660,2022-2023,Drâa-Tafilalet,DRA,Ouarzazate,Rural,Féminin,Collégial,Instituteur,Sciences,13,5099,25,1,3
ENS207661,2019-2020,Rabat-Salé-Kénitra,RAB,Salé,Urbain,Masculin,Collégial,Professeur certifié,Mathématiques,11,6210,24,1,15
ENS207662,2019-2020,Casablanca-Settat,CAS,Berrechid,Urbain,Masculin,Collégial,Professeur certifié,Éducation islamique,7,6872,19,1,0
ENS207663,2020-2021,Drâa-Tafilalet,DRA,Ouarzazate,Rural,Masculin,Qualifiant,Contractuel,Sciences,33,4601,30,0,22
ENS207664,2015-2016,Rabat-Salé-Kénitra,RAB,Sidi Kacem,Rural,Féminin,Collégial,Instituteur,Sciences,29,6091,26,0,7
ENS207665,2017-2018,Rabat-Salé-Kénitra,RAB,Skhirate-Témara,Urbain,Féminin,Primaire,Maître d'enseignement,Français,20,5740,23,0,1
ENS207666,2017-2018,Souss-Massa,SOU,Chtouka-Ait Baha,Rural,Masculin,Préscolaire,Professeur certifié,Éducation islamique,3,6327,21,1,18
ENS207667,2015-2016,Fès-Meknès,FES,Séfrou,Rural,Masculin,Qualifiant,Instituteur,Français,18,5166,20,1,12
ENS207668,2019-2020,Marrakech-Safi,MAR,Al Haouz,Urbain,Masculin,Collégial,Instituteur,SVT,1,5943,18,0,4
ENS207669,2017-2018,Casablanca-Settat,CAS,Sidi Bennour,Rural,Féminin,Primaire,Maître d'enseignement,Français,29,4378,30,0,2
ENS207670,2016-2017,Oriental,ORI,Guercif,Rural,Féminin,Primaire,Professeur certifié,Physique-Chimie,3,7183,30,0,17
ENS207671,2021-2022,Oriental,ORI,Oujda-Angad,Rural,Masculin,Qualifiant,Professeur agrégé,Anglais,21,7695,23,0,0
ENS207672,2016-2017,Casablanca-Settat,CAS,El Jadida,Rural,Féminin,Primaire,Professeur certifié,Physique-Chimie,28,7376,25,1,21
ENS207673,2021-2022,Casablanca-Settat,CAS,Berrechid,Rural,Féminin,Qualifiant,Professeur certifié,Anglais,8,6740,27,1,20
ENS207674,2018-2019,Tanger-Tétouan-Al Hoceïma,TAN,Mdiq-Fnideq,Rural,Masculin,Collégial,Instituteur,Philosophie,17,4854,26,0,17
ENS207675,2015-2016,Marrakech-Safi,MAR,Chichaoua,Rural,Féminin,Primaire,Instituteur,Physique-Chimie,10,6064,23,1,0
ENS207676,2022-2023,Marrakech-Safi,MAR,Safi,Rural,Féminin,Qualifiant,Instituteur,Physique-Chimie,23,4627,24,0,14
ENS207677,2015-2016,Drâa-Tafilalet,DRA,Zagora,Rural,Féminin,Collégial,Instituteur,Philosophie,28,4758,27,0,19
ENS207678,2022-2023,Drâa-Tafilalet,DRA,Ouarzazate,Urbain,Féminin,Primaire,Professeur certifié,Français,5,6546,31,1,0
ENS207679,2016-2017,Oriental,ORI,Oujda-Angad,Rural,Féminin,Primaire,Professeur certifié,SVT,24,6212,31,1,1
ENS207680,2017-2018,Béni Mellal-Khénifra,BMK,El Kelaa des Sraghna,Urbain,Féminin,Primaire,Professeur agrégé,Physique-Chimie,2,9287,19,0,0
ENS207681,2020-2021,Rabat-Salé-Kénitra,RAB,Kénitra,Rural,Féminin,Qualifiant,Professeur certifié,Arabe,13,7828,28,0,9
ENS207682,2020-2021,Marrakech-Safi,MAR,Safi,Rural,Masculin,Collégial,Instituteur,Éducation islamique,6,5528,26,1,13
ENS207683,2020-2021,Drâa-Tafilalet,DRA,Midelt,Urbain,Masculin,Primaire,Maître d'enseignement,Éducation islamique,3,5332,23,0,8
ENS207684,2021-2022,Oriental,ORI,Driouch,Urbain,Féminin,Collégial,Instituteur,Philosophie,22,3989,28,1,2
ENS207685,2021-2022,Casablanca-Settat,CAS,Sidi Bennour,Rural,Masculin,Primaire,Instituteur,Arabe,20,4364,29,1,23
ENS207686,2016-2017,Souss-Massa,SOU,Tata,Urbain,Féminin,Collégial,Professeur certifié,SVT,3,7574,18,0,13
ENS207687,2019-2020,Casablanca-Settat,CAS,Settat,Urbain,Féminin,Qualifiant,Instituteur,Anglais,32,3362,19,0,1
ENS207688,2021-2022,Rabat-Salé-Kénitra,RAB,Kénitra,Rural,Féminin,Primaire,Instituteur,Anglais,15,5248,26,1,0
ENS207689,2018-2019,Béni Mellal-Khénifra,BMK,El Kelaa des Sraghna,Rural,Féminin,Qualifiant,Professeur certifié,SVT,31,6484,21,0,23
ENS207690,2022-2023,Tanger-Tétouan-Al Hoceïma,TAN,Chefchaouen,Urbain,Masculin,Qualifiant,Instituteur,Physique-Chimie,16,4183,18,0,0
ENS207691,2015-2016,Tanger-Tétouan-Al Hoceïma,TAN,Al Hoceïma,Rural,Féminin,Collégial,Maître d'enseignement,Arabe,25,6005,27,1,16
ENS207692,2017-2018,Marrakech-Safi,MAR,Al Haouz,Urbain,Féminin,Primaire,Professeur agrégé,Sciences,27,8635,25,1,8
ENS207693,2018-2019,Rabat-Salé-Kénitra,RAB,Skhirate-Témara,Rural,Féminin,Primaire,Instituteur,Physique-Chimie,2,4430,23,0,6
ENS207694,2021-2022,Fès-Meknès,FES,Boulemane,Rural,Masculin,Primaire,Vacataire,Anglais,16,3219,21,0,0
ENS207695,2015-2016,Fès-Meknès,FES,El Hajeb,Rural,Féminin,Qualifiant,Contractuel,Mathématiques,17,4923,19,1,17
ENS207696,2018-2019,Casablanca-Settat,CAS,Benslimane,Rural,Masculin,Primaire,Professeur certifié,Éducation physique,5,7565,28,1,11
ENS207697,2015-2016,Marrakech-Safi,MAR,Youssoufia,Rural,Masculin,Primaire,Professeur certifié,SVT,10,7062,24,0,0
ENS207698,2016-2017,Rabat-Salé-Kénitra,RAB,Khémisset,Rural,Masculin,Préscolaire,Professeur certifié,Philosophie,18,7097,23,0,1
ENS207699,2015-2016,Casablanca-Settat,CAS,Mohammadia,Urbain,Masculin,Primaire,Professeur certifié,Français,12,6006,20,0,0
ENS207700,2019-2020,Marrakech-Safi,MAR,El Kelaa des Sraghna,Rural,Masculin,Primaire,Contractuel,Sciences,32,4277,22,0,7
ENS207701,2019-2020,Drâa-Tafilalet,DRA,Ouarzazate,Rural,Masculin,Collégial,Vacataire,Philosophie,8,2645,20,0,4
ENS207702,2016-2017,Casablanca-Settat,CAS,Benslimane,Urbain,Masculin,Primaire,Instituteur,Physique-Chimie,24,4618,24,0,0
ENS207703,2019-2020,Fès-Meknès,FES,Taza,Urbain,Féminin,Qualifiant,Contractuel,Anglais,4,4089,27,1,22
ENS207704,2021-2022,Casablanca-Settat,CAS,Khouribga,Urbain,Féminin,Collégial,Maître d'enseignement,Éducation islamique,3,5486,20,0,7
ENS207705,2023-2024,Guelmim-Oued Noun,GUE,Tan-Tan,Urbain,Masculin,Qualifiant,Professeur certifié,Sciences,27,6298,26,0,22
ENS207706,2015-2016,Casablanca-Settat,CAS,Mohammadia,Rural,Féminin,Collégial,Contractuel,Sciences,6,4257,30,0,0
ENS207707,2019-2020,Tanger-Tétouan-Al Hoceïma,TAN,Larache,Urbain,Masculin,Primaire,Professeur certifié,Français,10,6150,20,0,17
ENS207708,2023-2024,Béni Mellal-Khénifra,BMK,Azilal,Urbain,Féminin,Collégial,Contractuel,Français,21,4502,28,1,1
ENS207709,2023-2024,Tanger-Tétouan-Al Hoceïma,TAN,Mdiq-Fnideq,Urbain,Féminin,Primaire,Professeur agrégé,Éducation islamique,25,8460,30,1,0
ENS207710,2023-2024,Casablanca-Settat,CAS,El Jadida,Urbain,Masculin,Primaire,Professeur agrégé,Éducation physique,15,8634,22,0,5
ENS207711,2023-2024,Souss-Massa,SOU,Chtouka-Ait Baha,Urbain,Féminin,Collégial,Maître d'enseignement,Mathématiques,32,5998,24,1,19
ENS207712,2021-2022,Rabat-Salé-Kénitra,RAB,Khémisset,Urbain,Féminin,Collégial,Professeur certifié,Éducation islamique,27,5768,31,0,16
ENS207713,2015-2016,Fès-Meknès,FES,Boulemane,Urbain,Masculin,Primaire,Professeur certifié,SVT,22,8050,20,1,0
ENS207714,2020-2021,Tanger-Tétouan-Al Hoceïma,TAN,Tanger-Assilah,Urbain,Masculin,Collégial,Instituteur,Mathématiques,4,5803,20,0,19
ENS207715,2016-2017,Marrakech-Safi,MAR,Al Haouz,Rural,Féminin,Primaire,Instituteur,SVT,22,5170,20,0,0
ENS207716,2021-2022,Casablanca-Settat,CAS,Benslimane,Rural,Masculin,Qualifiant,Professeur certifié,Histoire-Géo,3,6097,30,1,23
ENS207717,2015-2016,Souss-Massa,SOU,Taroudannt,Urbain,Masculin,Primaire,Instituteur,Arabe,33,5144,25,1,7
ENS207718,2015-2016,Casablanca-Settat,CAS,Berrechid,Rural,Féminin,Primaire,Professeur certifié,Physique-Chimie,18,7170,22,0,0
ENS207719,2019-2020,Béni Mellal-Khénifra,BMK,Béni Mellal,Rural,Masculin,Collégial,Contractuel,Histoire-Géo,5,3928,27,0,8
ENS207720,2019-2020,Marrakech-Safi,MAR,El Kelaa des Sraghna,Urbain,Féminin,Primaire,Maître d'enseignement,Français,12,4686,29,1,23
ENS207721,2023-2024,Béni Mellal-Khénifra,BMK,Azilal,Rural,Féminin,Collégial,Professeur certifié,Anglais,6,6213,30,0,16
ENS207722,2022-2023,Marrakech-Safi,MAR,Youssoufia,Rural,Féminin,Collégial,Vacataire,SVT,7,3883,19,0,24
ENS207723,2021-2022,Casablanca-Settat,CAS,Khouribga,Rural,Masculin,Primaire,Instituteur,Éducation physique,33,3975,22,0,0
ENS207724,2017-2018,Fès-Meknès,FES,Boulemane,Urbain,Masculin,Collégial,Contractuel,Mathématiques,16,4839,19,1,0
ENS207725,2018-2019,Oriental,ORI,Taourirt,Urbain,Masculin,Primaire,Instituteur,Physique-Chimie,26,4510,21,0,15
ENS207726,2023-2024,Rabat-Salé-Kénitra,RAB,Skhirate-Témara,Urbain,Féminin,Primaire,Maître d'enseignement,Français,29,5478,23,0,1
ENS207727,2020-2021,Marrakech-Safi,MAR,Youssoufia,Urbain,Masculin,Préscolaire,Contractuel,Mathématiques,12,4039,18,1,3
ENS207728,2019-2020,Tanger-Tétouan-Al Hoceïma,TAN,Chefchaouen,Rural,Masculin,Qualifiant,Instituteur,Mathématiques,8,5205,28,1,15
ENS207729,2020-2021,Tanger-Tétouan-Al Hoceïma,TAN,Al Hoceïma,Rural,Masculin,Collégial,Professeur agrégé,Français,17,9442,27,0,17
ENS207730,2017-2018,Fès-Meknès,FES,Séfrou,Rural,Masculin,Collégial,Maître d'enseignement,Français,17,6382,26,0,7
ENS207731,2023-2024,Marrakech-Safi,MAR,Chichaoua,Rural,Masculin,Collégial,Professeur certifié,Arabe,11,7076,29,1,0
ENS207732,2018-2019,Rabat-Salé-Kénitra,RAB,Khémisset,Urbain,Masculin,Primaire,Instituteur,Philosophie,22,3977,19,1,0
ENS207733,2017-2018,Souss-Massa,SOU,Chtouka-Ait Baha,Rural,Masculin,Primaire,Professeur certifié,Éducation islamique,28,6446,24,0,3
ENS207734,2023-2024,Casablanca-Settat,CAS,Benslimane,Rural,Féminin,Primaire,Instituteur,Anglais,29,4683,20,1,0
ENS207735,2020-2021,Rabat-Salé-Kénitra,RAB,Skhirate-Témara,Rural,Masculin,Primaire,Instituteur,Arabe,9,5093,23,0,12
ENS207736,2022-2023,Casablanca-Settat,CAS,Khouribga,Urbain,Féminin,Qualifiant,Contractuel,Éducation physique,8,3417,31,1,7
ENS207737,2022-2023,Fès-Meknès,FES,Boulemane,Urbain,Masculin,Collégial,Professeur certifié,Arabe,32,6868,28,1,0
ENS207738,2020-2021,Tanger-Tétouan-Al Hoceïma,TAN,Chefchaouen,Rural,Masculin,Collégial,Maître d'enseignement,Éducation islamique,22,5325,20,1,8
ENS207739,2021-2022,Rabat-Salé-Kénitra,RAB,Salé,Urbain,Masculin,Qualifiant,Instituteur,Sciences,13,3289,26,0,6
ENS207740,2017-2018,Marrakech-Safi,MAR,Al Haouz,Urbain,Masculin,Collégial,Instituteur,SVT,1,4527,18,1,24
ENS207741,2022-2023,Marrakech-Safi,MAR,Al Haouz,Urbain,Masculin,Primaire,Contractuel,Sciences,8,4677,30,1,17
ENS207742,2020-2021,Tanger-Tétouan-Al Hoceïma,TAN,Mdiq-Fnideq,Urbain,Masculin,Collégial,Maître d'enseignement,Mathématiques,22,5828,24,0,23
ENS207743,2020-2021,Oriental,ORI,Nador,Rural,Féminin,Collégial,Professeur certifié,Philosophie,29,5838,23,0,6
ENS207744,2015-2016,Drâa-Tafilalet,DRA,Tinghir,Urbain,Féminin,Collégial,Contractuel,Histoire-Géo,19,3256,22,1,6
ENS207745,2021-2022,Casablanca-Settat,CAS,Khouribga,Urbain,Masculin,Primaire,Professeur certifié,Mathématiques,7,7536,31,0,4
ENS207746,2019-2020,Casablanca-Settat,CAS,Settat,Urbain,Masculin,Préscolaire,Maître d'enseignement,Philosophie,4,6111,21,1,5
ENS207747,2018-2019,Fès-Meknès,FES,Ifrane,Urbain,Féminin,Collégial,Instituteur,Physique-Chimie,2,5087,25,0,0
ENS207748,2023-2024,Marrakech-Safi,MAR,El Kelaa des Sraghna,Urbain,Féminin,Qualifiant,Instituteur,Philosophie,17,5107,29,1,0
ENS207749,2017-2018,Rabat-Salé-Kénitra,RAB,Salé,Rural,Masculin,Préscolaire,Professeur certifié,Histoire-Géo,28,5443,31,0,19
ENS207750,2023-2024,Oriental,ORI,Guercif,Rural,Féminin,Primaire,Maître d'enseignement,Mathématiques,13,4460,29,1,16
ENS207751,2022-2023,Béni Mellal-Khénifra,BMK,Azilal,Urbain,Masculin,Collégial,Contractuel,Arabe,17,3030,23,0,8
ENS207752,2016-2017,Casablanca-Settat,CAS,El Jadida,Urbain,Féminin,Collégial,Vacataire,Éducation physique,2,2610,24,1,19
ENS207753,2019-2020,Casablanca-Settat,CAS,Berrechid,Urbain,Féminin,Primaire,Maître d'enseignement,Éducation physique,11,4679,25,0,0
ENS207754,2021-2022,Marrakech-Safi,MAR,Marrakech,Urbain,Masculin,Primaire,Professeur certifié,Mathématiques,15,7428,30,1,0
ENS207755,2020-2021,Drâa-Tafilalet,DRA,Zagora,Urbain,Féminin,Préscolaire,Instituteur,Éducation islamique,2,7039,25,0,0
ENS207756,2018-2019,Rabat-Salé-Kénitra,RAB,Skhirate-Témara,Rural,Masculin,Qualifiant,Professeur certifié,Philosophie,1,6455,19,0,10
ENS207757,2015-2016,Souss-Massa,SOU,Agadir-Ida-Ou-Tanane,Rural,Masculin,Primaire,Maître d'enseignement,SVT,23,4971,28,0,0
ENS207758,2022-2023,Oriental,ORI,Nador,Rural,Féminin,Collégial,Maître d'enseignement,Philosophie,5,6152,30,0,7
ENS207759,2021-2022,Tanger-Tétouan-Al Hoceïma,TAN,Ouazzane,Urbain,Masculin,Collégial,Professeur certifié,Anglais,3,7227,18,1,21
ENS207760,2023-2024,Casablanca-Settat,CAS,Benslimane,Rural,Masculin,Primaire,Vacataire,Anglais,22,1396,18,1,0
ENS207761,2022-2023,Béni Mellal-Khénifra,BMK,Khouribga,Urbain,Féminin,Qualifiant,Professeur agrégé,Physique-Chimie,13,9692,23,1,21
ENS207762,2017-2018,Fès-Meknès,FES,Taounate,Rural,Masculin,Collégial,Professeur agrégé,Philosophie,8,8331,22,0,20
ENS207763,2016-2017,Rabat-Salé-Kénitra,RAB,Salé,Urbain,Féminin,Collégial,Instituteur,Éducation islamique,34,4529,27,0,20
ENS207764,2022-2023,Tanger-Tétouan-Al Hoceïma,TAN,Chefchaouen,Urbain,Masculin,Collégial,Professeur certifié,Éducation physique,12,6146,19,0,3
ENS207765,2021-2022,Casablanca-Settat,CAS,Berrechid,Urbain,Masculin,Primaire,Instituteur,SVT,7,4494,30,0,1
ENS207766,2015-2016,Fès-Meknès,FES,Boulemane,Rural,Féminin,Collégial,Instituteur,Arabe,32,5060,24,0,18
ENS207767,2023-2024,Rabat-Salé-Kénitra,RAB,Sidi Slimane,Urbain,Masculin,Collégial,Professeur agrégé,Histoire-Géo,12,8844,24,0,0
ENS207768,2022-2023,Béni Mellal-Khénifra,BMK,Fquih Ben Salah,Rural,Féminin,Préscolaire,Professeur certifié,Mathématiques,31,6775,26,1,4
ENS207769,2022-2023,Tanger-Tétouan-Al Hoceïma,TAN,Mdiq-Fnideq,Urbain,Masculin,Primaire,Professeur certifié,Sciences,23,5790,30,1,14
ENS207770,2021-2022,Béni Mellal-Khénifra,BMK,El Kelaa des Sraghna,Urbain,Masculin,Primaire,Professeur certifié,Anglais,21,6443,20,0,0
ENS207771,2015-2016,Rabat-Salé-Kénitra,RAB,Kénitra,Rural,Masculin,Collégial,Contractuel,Philosophie,26,5037,22,0,21
ENS207772,2023-2024,Casablanca-Settat,CAS,Benslimane,Rural,Masculin,Primaire,Instituteur,Éducation physique,31,4396,22,0,0
ENS207773,2015-2016,Marrakech-Safi,MAR,Safi,Rural,Féminin,Collégial,Maître d'enseignement,Histoire-Géo,2,5280,22,1,0
ENS207774,2020-2021,Rabat-Salé-Kénitra,RAB,Sidi Slimane,Urbain,Féminin,Primaire,Maître d'enseignement,Éducation islamique,20,4867,20,0,0
ENS207775,2020-2021,Casablanca-Settat,CAS,Casablanca,Urbain,Masculin,Préscolaire,Contractuel,SVT,21,4887,24,1,19
ENS207776,2023-2024,Fès-Meknès,FES,Taza,Urbain,Masculin,Primaire,Maître d'enseignement,Français,34,6136,27,0,2
ENS207777,2021-2022,Marrakech-Safi,MAR,Youssoufia,Urbain,Masculin,Collégial,Instituteur,Éducation physique,13,4448,30,1,19
ENS207778,2019-2020,Fès-Meknès,FES,Meknès,Urbain,Masculin,Primaire,Professeur certifié,Éducation islamique,11,6347,27,0,14
ENS207779,2022-2023,Béni Mellal-Khénifra,BMK,Azilal,Urbain,Féminin,Primaire,Maître d'enseignement,Arabe,23,7151,25,1,0
ENS207780,2020-2021,Casablanca-Settat,CAS,El Jadida,Urbain,Féminin,Préscolaire,Professeur certifié,Éducation islamique,20,6822,22,0,10
ENS207781,2021-2022,Tanger-Tétouan-Al Hoceïma,TAN,Larache,Urbain,Féminin,Qualifiant,Professeur agrégé,SVT,8,7751,23,1,12
ENS207782,2023-2024,Oriental,ORI,Driouch,Rural,Masculin,Qualifiant,Maître d'enseignement,SVT,23,5748,19,1,1
ENS207783,2018-2019,Casablanca-Settat,CAS,Settat,Urbain,Féminin,Primaire,Maître d'enseignement,Mathématiques,27,4427,27,0,0
ENS207784,2015-2016,Souss-Massa,SOU,Tiznit,Rural,Masculin,Primaire,Professeur certifié,Physique-Chimie,3,5966,20,0,17
ENS207785,2020-2021,Casablanca-Settat,CAS,Mohammadia,Urbain,Masculin,Primaire,Maître d'enseignement,Mathématiques,30,5578,21,0,4
ENS207786,2017-2018,Oriental,ORI,Guercif,Urbain,Féminin,Collégial,Professeur certifié,Histoire-Géo,15,6154,29,0,18
ENS207787,2020-2021,Fès-Meknès,FES,Meknès,Rural,Masculin,Primaire,Professeur certifié,Physique-Chimie,14,6409,30,0,3
ENS207788,2018-2019,Marrakech-Safi,MAR,El Kelaa des Sraghna,Urbain,Masculin,Primaire,Professeur certifié,Physique-Chimie,32,7161,19,0,0
ENS207789,2021-2022,Souss-Massa,SOU,Inezgane-Ait Melloul,Rural,Masculin,Collégial,Instituteur,Anglais,17,5074,27,0,15
ENS207790,2020-2021,Fès-Meknès,FES,Taounate,Urbain,Féminin,Primaire,Instituteur,Français,2,4058,18,1,8
ENS207791,2020-2021,Rabat-Salé-Kénitra,RAB,Rabat,Urbain,Masculin,Primaire,Professeur certifié,Arabe,10,5573,23,0,5
ENS207792,2022-2023,Casablanca-Settat,CAS,Mohammadia,Urbain,Féminin,Préscolaire,Professeur certifié,Philosophie,12,5058,22,0,0
ENS207793,2018-2019,Marrakech-Safi,MAR,Chichaoua,Urbain,Masculin,Primaire,Maître d'enseignement,Histoire-Géo,26,5054,20,1,22
ENS207794,2017-2018,Marrakech-Safi,MAR,Youssoufia,Urbain,Féminin,Qualifiant,Contractuel,Histoire-Géo,13,2426,22,1,0
ENS207795,2021-2022,Casablanca-Settat,CAS,Settat,Rural,Masculin,Collégial,Instituteur,Mathématiques,4,3283,27,1,6
ENS207796,2018-2019,Fès-Meknès,FES,Moulay Yacoub,Urbain,Féminin,Collégial,Maître d'enseignement,Arabe,18,5575,24,0,13
ENS207797,2017-2018,Casablanca-Settat,CAS,Mohammadia,Urbain,Masculin,Primaire,Professeur agrégé,Éducation physique,18,8667,29,0,3
ENS207798,2021-2022,Casablanca-Settat,CAS,Casablanca,Urbain,Masculin,Primaire,Professeur certifié,Mathématiques,23,6693,31,0,22
ENS207799,2015-2016,Béni Mellal-Khénifra,BMK,Khouribga,Urbain,Féminin,Collégial,Instituteur,SVT,13,6058,29,0,19
ENS207800,2022-2023,Béni Mellal-Khénifra,BMK,Béni Mellal,Rural,Féminin,Collégial,Instituteur,Mathématiques,24,3707,30,0,0
ENS207801,2016-2017,Souss-Massa,SOU,Taroudannt,Urbain,Masculin,Primaire,Instituteur,Éducation physique,26,4276,27,1,5
ENS207802,2015-2016,Marrakech-Safi,MAR,Youssoufia,Urbain,Masculin,Primaire,Maître d'enseignement,Éducation physique,27,5227,30,1,8
ENS207803,2021-2022,Tanger-Tétouan-Al Hoceïma,TAN,Fahs-Anjra,Urbain,Masculin,Qualifiant,Professeur certifié,Anglais,17,6556,29,0,1
ENS207804,2023-2024,Fès-Meknès,FES,Moulay Yacoub,Rural,Masculin,Primaire,Instituteur,Éducation physique,30,5230,20,0,4
ENS207805,2016-2017,Tanger-Tétouan-Al Hoceïma,TAN,Al Hoceïma,Rural,Masculin,Qualifiant,Professeur agrégé,SVT,7,9129,26,0,0
ENS207806,2019-2020,Casablanca-Settat,CAS,Benslimane,Rural,Masculin,Collégial,Instituteur,Français,29,4785,30,1,0
ENS207807,2016-2017,Drâa-Tafilalet,DRA,Errachidia,Rural,Masculin,Primaire,Professeur certifié,Histoire-Géo,23,6044,26,1,0
ENS207808,2022-2023,Rabat-Salé-Kénitra,RAB,Skhirate-Témara,Rural,Féminin,Collégial,Professeur certifié,Histoire-Géo,27,7404,23,1,15
ENS207809,2017-2018,Casablanca-Settat,CAS,El Jadida,Rural,Féminin,Collégial,Instituteur,Philosophie,16,4426,19,1,0
ENS207810,2021-2022,Souss-Massa,SOU,Agadir-Ida-Ou-Tanane,Rural,Féminin,Qualifiant,Contractuel,Arabe,29,2550,28,0,13
ENS207811,2023-2024,Fès-Meknès,FES,Meknès,Rural,Masculin,Collégial,Professeur certifié,Français,33,5834,24,1,20
ENS207812,2017-2018,Casablanca-Settat,CAS,Berrechid,Urbain,Masculin,Qualifiant,Contractuel,Arabe,11,4261,24,0,8
ENS207813,2020-2021,Fès-Meknès,FES,Taounate,Rural,Féminin,Primaire,Instituteur,Français,2,5249,30,0,3
ENS207814,2015-2016,Rabat-Salé-Kénitra,RAB,Sidi Kacem,Urbain,Féminin,Primaire,Contractuel,Arabe,34,5097,18,1,21
ENS207815,2021-2022,Tanger-Tétouan-Al Hoceïma,TAN,Mdiq-Fnideq,Rural,Féminin,Primaire,Professeur certifié,Anglais,9,6574,19,1,18
ENS207816,2017-2018,Tanger-Tétouan-Al Hoceïma,TAN,Ouazzane,Urbain,Féminin,Qualifiant,Contractuel,Anglais,3,3416,22,1,7
ENS207817,2017-2018,Casablanca-Settat,CAS,Casablanca,Urbain,Féminin,Préscolaire,Professeur certifié,Anglais,10,6752,20,0,0
ENS207818,2015-2016,Rabat-Salé-Kénitra,RAB,Sidi Kacem,Urbain,Féminin,Primaire,Instituteur,Sciences,20,5029,25,0,0
ENS207819,2017-2018,Béni Mellal-Khénifra,BMK,Khouribga,Rural,Féminin,Primaire,Professeur certifié,Mathématiques,31,6353,29,0,0
ENS207820,2019-2020,Oriental,ORI,Guercif,Rural,Féminin,Collégial,Contractuel,Anglais,3,4661,24,0,0
ENS207821,2020-2021,Rabat-Salé-Kénitra,RAB,Sidi Slimane,Urbain,Féminin,Primaire,Contractuel,Sciences,21,3847,31,0,0
ENS207822,2017-2018,Tanger-Tétouan-Al Hoceïma,TAN,Larache,Urbain,Masculin,Qualifiant,Professeur agrégé,Sciences,10,8364,20,0,0
ENS207823,2022-2023,Fès-Meknès,FES,Boulemane,Urbain,Masculin,Collégial,Vacataire,Physique-Chimie,29,1502,28,0,15
ENS207824,2016-2017,Marrakech-Safi,MAR,Marrakech,Urbain,Masculin,Qualifiant,Professeur certifié,Mathématiques,1,6509,31,0,0
ENS207825,2016-2017,Dakhla-Oued Eddahab,DAK,Dakhla,Urbain,Masculin,Collégial,Instituteur,Histoire-Géo,14,4970,29,0,18
ENS207826,2022-2023,Casablanca-Settat,CAS,Mohammadia,Urbain,Masculin,Primaire,Contractuel,Arabe,32,4688,21,1,0
ENS207827,2023-2024,Laâyoune-Sakia El Hamra,LAA,Es-Semara,Rural,Masculin,Préscolaire,Professeur certifié,Éducation islamique,11,5522,23,1,3
ENS207828,2015-2016,Fès-Meknès,FES,Taza,Urbain,Féminin,Qualifiant,Instituteur,Histoire-Géo,9,4120,31,0,20
ENS207829,2016-2017,Tanger-Tétouan-Al Hoceïma,TAN,Fahs-Anjra,Urbain,Féminin,Collégial,Contractuel,SVT,7,4619,23,1,0
ENS207830,2020-2021,Rabat-Salé-Kénitra,RAB,Sidi Kacem,Rural,Féminin,Primaire,Professeur certifié,Éducation physique,28,6027,23,1,0
ENS207831,2021-2022,Tanger-Tétouan-Al Hoceïma,TAN,Larache,Urbain,Masculin,Collégial,Maître d'enseignement,Philosophie,6,5503,31,1,0
ENS207832,2021-2022,Souss-Massa,SOU,Taroudannt,Urbain,Féminin,Primaire,Professeur certifié,Arabe,22,7467,21,0,0
ENS207833,2022-2023,Marrakech-Safi,MAR,Chichaoua,Rural,Masculin,Qualifiant,Professeur agrégé,Éducation physique,18,8208,24,1,22
ENS207834,2018-2019,Guelmim-Oued Noun,GUE,Assa-Zag,Urbain,Féminin,Primaire,Contractuel,Mathématiques,19,4548,22,1,16
ENS207835,2023-2024,Casablanca-Settat,CAS,Khouribga,Rural,Féminin,Collégial,Instituteur,Histoire-Géo,28,4881,26,1,16
ENS207836,2016-2017,Béni Mellal-Khénifra,BMK,Fquih Ben Salah,Rural,Féminin,Préscolaire,Instituteur,Éducation physique,24,4959,28,0,7
ENS207837,2016-2017,Guelmim-Oued Noun,GUE,Assa-Zag,Rural,Masculin,Collégial,Instituteur,Philosophie,28,3901,18,0,7
ENS207838,2015-2016,Rabat-Salé-Kénitra,RAB,Sidi Slimane,Rural,Masculin,Primaire,Contractuel,Philosophie,31,5558,26,0,10
ENS207839,2015-2016,Marrakech-Safi,MAR,Al Haouz,Rural,Féminin,Collégial,Contractuel,Éducation physique,14,4606,19,1,16
ENS207840,2018-2019,Marrakech-Safi,MAR,Youssoufia,Rural,Masculin,Primaire,Instituteur,Arabe,28,6029,18,0,23
ENS207841,2016-2017,Marrakech-Safi,MAR,Essaouira,Urbain,Féminin,Primaire,Professeur certifié,Histoire-Géo,6,6505,26,0,2
ENS207842,2016-2017,Fès-Meknès,FES,Ifrane,Rural,Masculin,Collégial,Maître d'enseignement,Histoire-Géo,15,5603,31,0,8
ENS207843,2016-2017,Marrakech-Safi,MAR,Chichaoua,Urbain,Masculin,Qualifiant,Professeur agrégé,Sciences,6,8347,29,0,20
ENS207844,2023-2024,Casablanca-Settat,CAS,Berrechid,Urbain,Féminin,Primaire,Professeur agrégé,Sciences,2,7844,25,1,17
ENS207845,2019-2020,Tanger-Tétouan-Al Hoceïma,TAN,Chefchaouen,Rural,Féminin,Primaire,Professeur certifié,Histoire-Géo,18,5676,26,0,18
ENS207846,2017-2018,Rabat-Salé-Kénitra,RAB,Khémisset,Rural,Masculin,Primaire,Maître d'enseignement,Arabe,10,5023,31,1,3
ENS207847,2021-2022,Marrakech-Safi,MAR,Chichaoua,Urbain,Masculin,Primaire,Maître d'enseignement,Arabe,27,5091,19,1,0
ENS207848,2018-2019,Oriental,ORI,Taourirt,Urbain,Féminin,Primaire,Maître d'enseignement,Anglais,19,5279,23,0,10
ENS207849,2023-2024,Casablanca-Settat,CAS,Settat,Rural,Masculin,Primaire,Professeur certifié,Sciences,21,4911,24,0,24
ENS207850,2021-2022,Béni Mellal-Khénifra,BMK,El Kelaa des Sraghna,Urbain,Féminin,Qualifiant,Maître d'enseignement,Histoire-Géo,2,6301,18,0,16
ENS207851,2023-2024,Tanger-Tétouan-Al Hoceïma,TAN,Tétouan,Rural,Masculin,Primaire,Professeur certifié,Arabe,14,6612,31,0,10
ENS207852,2019-2020,Marrakech-Safi,MAR,Chichaoua,Urbain,Féminin,Qualifiant,Maître d'enseignement,Éducation islamique,15,4760,29,0,6
ENS207853,2018-2019,Tanger-Tétouan-Al Hoceïma,TAN,Al Hoceïma,Rural,Masculin,Qualifiant,Instituteur,Éducation islamique,21,4696,21,1,12
ENS207854,2021-2022,Marrakech-Safi,MAR,Essaouira,Urbain,Masculin,Primaire,Maître d'enseignement,Éducation islamique,23,6545,31,0,13
ENS207855,2016-2017,Béni Mellal-Khénifra,BMK,El Kelaa des Sraghna,Rural,Féminin,Primaire,Maître d'enseignement,Français,29,5716,24,0,0
ENS207856,2020-2021,Fès-Meknès,FES,Séfrou,Rural,Masculin,Collégial,Contractuel,Éducation islamique,27,3145,27,1,0
ENS207857,2021-2022,Marrakech-Safi,MAR,Marrakech,Urbain,Masculin,Collégial,Maître d'enseignement,Physique-Chimie,32,6352,30,0,22
ENS207858,2020-2021,Rabat-Salé-Kénitra,RAB,Salé,Rural,Féminin,Préscolaire,Professeur certifié,Français,29,5937,24,0,0
ENS207859,2015-2016,Laâyoune-Sakia El Hamra,LAA,Tarfaya,Urbain,Féminin,Primaire,Instituteur,Mathématiques,8,5207,20,0,15
ENS207860,2022-2023,Rabat-Salé-Kénitra,RAB,Khémisset,Urbain,Féminin,Primaire,Professeur certifié,Sciences,21,5974,29,0,23
ENS207861,2020-2021,Casablanca-Settat,CAS,Berrechid,Urbain,Masculin,Primaire,Maître d'enseignement,Éducation islamique,27,4884,19,0,7
ENS207862,2018-2019,Tanger-Tétouan-Al Hoceïma,TAN,Tétouan,Rural,Masculin,Qualifiant,Instituteur,SVT,33,4292,28,1,9
ENS207863,2019-2020,Souss-Massa,SOU,Tata,Urbain,Féminin,Primaire,Instituteur,Sciences,17,4429,25,0,22
ENS207864,2015-2016,Oriental,ORI,Berkane,Urbain,Masculin,Collégial,Maître d'enseignement,SVT,22,5613,30,0,0
ENS207865,2016-2017,Casablanca-Settat,CAS,El Jadida,Urbain,Féminin,Primaire,Contractuel,Mathématiques,22,3980,25,1,12
ENS207866,2015-2016,Marrakech-Safi,MAR,Essaouira,Urbain,Masculin,Collégial,Vacataire,Histoire-Géo,31,2943,27,1,0
ENS207867,2021-2022,Béni Mellal-Khénifra,BMK,Azilal,Rural,Féminin,Primaire,Instituteur,Physique-Chimie,1,4177,30,1,0
ENS207868,2015-2016,Casablanca-Settat,CAS,Benslimane,Urbain,Féminin,Qualifiant,Contractuel,Philosophie,28,3995,25,0,0
ENS207869,2021-2022,Casablanca-Settat,CAS,Berrechid,Urbain,Masculin,Primaire,Professeur certifié,Philosophie,16,6025,30,0,24
ENS207870,2020-2021,Fès-Meknès,FES,Moulay Yacoub,Urbain,Masculin,Primaire,Maître d'enseignement,Histoire-Géo,7,4425,22,1,11
ENS207871,2015-2016,Casablanca-Settat,CAS,Mohammadia,Urbain,Masculin,Collégial,Contractuel,SVT,11,4559,20,0,15
ENS207872,2018-2019,Casablanca-Settat,CAS,Benslimane,Urbain,Masculin,Collégial,Contractuel,Anglais,34,3356,22,0,2
ENS207873,2022-2023,Casablanca-Settat,CAS,Sidi Bennour,Urbain,Féminin,Primaire,Contractuel,Philosophie,11,4422,28,0,0
ENS207874,2017-2018,Béni Mellal-Khénifra,BMK,Béni Mellal,Urbain,Féminin,Préscolaire,Maître d'enseignement,Anglais,30,5345,31,1,22
ENS207875,2022-2023,Béni Mellal-Khénifra,BMK,Azilal,Rural,Féminin,Primaire,Professeur certifié,Anglais,31,6464,26,0,0
ENS207876,2017-2018,Fès-Meknès,FES,Taounate,Rural,Féminin,Qualifiant,Professeur agrégé,Philosophie,5,8880,23,1,19
ENS207877,2017-2018,Béni Mellal-Khénifra,BMK,Khouribga,Urbain,Féminin,Primaire,Maître d'enseignement,Sciences,9,5294,21,1,23
ENS207878,2016-2017,Casablanca-Settat,CAS,Settat,Urbain,Masculin,Primaire,Maître d'enseignement,Histoire-Géo,19,5707,20,1,0
ENS207879,2018-2019,Casablanca-Settat,CAS,Khouribga,Rural,Masculin,Primaire,Professeur agrégé,Histoire-Géo,11,8730,29,0,8
ENS207880,2017-2018,Tanger-Tétouan-Al Hoceïma,TAN,Fahs-Anjra,Urbain,Masculin,Primaire,Instituteur,Anglais,21,5450,24,1,20
ENS207881,2023-2024,Fès-Meknès,FES,Meknès,Urbain,Féminin,Collégial,Instituteur,Arabe,14,4963,27,1,6
ENS207882,2019-2020,Marrakech-Safi,MAR,Marrakech,Rural,Féminin,Préscolaire,Maître d'enseignement,Anglais,1,5376,20,0,9
ENS207883,2022-2023,Tanger-Tétouan-Al Hoceïma,TAN,Tétouan,Rural,Masculin,Primaire,Professeur certifié,Éducation physique,9,6703,30,0,8
ENS207884,2022-2023,Oriental,ORI,Guercif,Rural,Masculin,Collégial,Instituteur,Éducation islamique,14,4899,27,1,0
ENS207885,2017-2018,Casablanca-Settat,CAS,Mohammadia,Urbain,Masculin,Préscolaire,Professeur certifié,Sciences,33,6491,23,0,16
ENS207886,2017-2018,Béni Mellal-Khénifra,BMK,Khouribga,Urbain,Féminin,Collégial,Instituteur,Éducation physique,20,6154,26,1,24
ENS207887,2020-2021,Rabat-Salé-Kénitra,RAB,Kénitra,Rural,Masculin,Collégial,Maître d'enseignement,Éducation islamique,23,7099,19,1,4
ENS207888,2018-2019,Fès-Meknès,FES,Fès,Rural,Masculin,Primaire,Contractuel,Sciences,27,5327,18,1,9
ENS207889,2022-2023,Casablanca-Settat,CAS,Mohammadia,Rural,Féminin,Primaire,Instituteur,SVT,5,5118,18,0,23
ENS207890,2023-2024,Souss-Massa,SOU,Taroudannt,Urbain,Féminin,Collégial,Vacataire,Histoire-Géo,28,4057,23,0,13
ENS207891,2015-2016,Casablanca-Settat,CAS,Settat,Rural,Masculin,Primaire,Professeur certifié,Éducation physique,17,6387,24,0,15
ENS207892,2023-2024,Rabat-Salé-Kénitra,RAB,Sidi Kacem,Urbain,Féminin,Primaire,Contractuel,Sciences,28,3803,30,0,11
ENS207893,2018-2019,Oriental,ORI,Jerada,Urbain,Masculin,Primaire,Professeur certifié,Philosophie,34,8197,29,0,0
ENS207894,2018-2019,Marrakech-Safi,MAR,Essaouira,Urbain,Masculin,Primaire,Instituteur,Histoire-Géo,5,4912,26,0,0
ENS207895,2023-2024,Tanger-Tétouan-Al Hoceïma,TAN,Tanger-Assilah,Urbain,Féminin,Collégial,Professeur certifié,Histoire-Géo,22,7778,21,0,12
ENS207896,2022-2023,Oriental,ORI,Berkane,Urbain,Masculin,Primaire,Professeur agrégé,SVT,21,9549,22,0,10
ENS207897,2018-2019,Tanger-Tétouan-Al Hoceïma,TAN,Fahs-Anjra,Rural,Féminin,Primaire,Contractuel,Éducation physique,27,2829,29,0,1
ENS207898,2023-2024,Dakhla-Oued Eddahab,DAK,Dakhla,Urbain,Masculin,Qualifiant,Instituteur,Sciences,31,4863,18,0,21
ENS207899,2017-2018,Tanger-Tétouan-Al Hoceïma,TAN,Fahs-Anjra,Urbain,Masculin,Primaire,Professeur certifié,Anglais,22,7488,20,0,14
ENS207900,2021-2022,Casablanca-Settat,CAS,Berrechid,Urbain,Féminin,Primaire,Professeur certifié,Arabe,22,6428,25,1,0
ENS207901,2015-2016,Casablanca-Settat,CAS,Berrechid,Urbain,Masculin,Primaire,Contractuel,Mathématiques,18,5393,22,1,0
ENS207902,2018-2019,Oriental,ORI,Taourirt,Urbain,Féminin,Primaire,Professeur certifié,Sciences,8,6821,23,0,3
ENS207903,2019-2020,Tanger-Tétouan-Al Hoceïma,TAN,Ouazzane,Rural,Masculin,Qualifiant,Professeur agrégé,Sciences,24,7665,27,1,2
ENS207904,2022-2023,Fès-Meknès,FES,Taza,Rural,Masculin,Primaire,Contractuel,Éducation islamique,15,3739,27,1,5
ENS207905,2018-2019,Rabat-Salé-Kénitra,RAB,Khémisset,Rural,Féminin,Collégial,Contractuel,Arabe,17,3890,21,1,14
ENS207906,2021-2022,Rabat-Salé-Kénitra,RAB,Skhirate-Témara,Rural,Féminin,Primaire,Professeur certifié,Physique-Chimie,23,7100,26,1,23
ENS207907,2022-2023,Fès-Meknès,FES,Boulemane,Urbain,Masculin,Collégial,Instituteur,Sciences,1,3922,21,1,21
ENS207908,2017-2018,Casablanca-Settat,CAS,Berrechid,Rural,Masculin,Qualifiant,Instituteur,Français,17,4540,30,0,4
ENS207909,2019-2020,Marrakech-Safi,MAR,Al Haouz,Urbain,Féminin,Primaire,Professeur certifié,Sciences,6,6498,26,0,0
ENS207910,2019-2020,Fès-Meknès,FES,Meknès,Rural,Féminin,Primaire,Vacataire,Arabe,26,3149,25,0,11
ENS207911,2023-2024,Béni Mellal-Khénifra,BMK,Fquih Ben Salah,Rural,Masculin,Collégial,Instituteur,Sciences,9,4422,29,0,9
ENS207912,2015-2016,Fès-Meknès,FES,Fès,Urbain,Féminin,Primaire,Professeur certifié,Arabe,18,7120,31,0,0
ENS207913,2019-2020,Tanger-Tétouan-Al Hoceïma,TAN,Larache,Rural,Féminin,Qualifiant,Maître d'enseignement,Histoire-Géo,28,6747,19,0,18
ENS207914,2016-2017,Tanger-Tétouan-Al Hoceïma,TAN,Tétouan,Urbain,Masculin,Primaire,Maître d'enseignement,Physique-Chimie,8,5747,28,1,16
ENS207915,2023-2024,Marrakech-Safi,MAR,Essaouira,Rural,Masculin,Primaire,Instituteur,Sciences,14,4687,29,0,24
ENS207916,2022-2023,Souss-Massa,SOU,Agadir-Ida-Ou-Tanane,Urbain,Masculin,Collégial,Contractuel,Éducation physique,31,4977,23,1,2
ENS207917,2016-2017,Souss-Massa,SOU,Agadir-Ida-Ou-Tanane,Rural,Féminin,Collégial,Professeur certifié,Sciences,19,7823,21,1,6
ENS207918,2015-2016,Oriental,ORI,Guercif,Urbain,Masculin,Primaire,Professeur certifié,Éducation islamique,2,5123,22,1,5
ENS207919,2019-2020,Casablanca-Settat,CAS,Sidi Bennour,Rural,Féminin,Collégial,Professeur certifié,Philosophie,1,5104,24,1,6
ENS207920,2015-2016,Tanger-Tétouan-Al Hoceïma,TAN,Fahs-Anjra,Rural,Féminin,Primaire,Professeur certifié,Éducation islamique,11,6516,31,1,23
ENS207921,2016-2017,Oriental,ORI,Oujda-Angad,Rural,Féminin,Collégial,Professeur agrégé,Physique-Chimie,18,8453,21,1,23
ENS207922,2023-2024,Marrakech-Safi,MAR,Marrakech,Rural,Féminin,Primaire,Professeur certifié,Éducation islamique,10,5586,27,0,8
ENS207923,2015-2016,Marrakech-Safi,MAR,El Kelaa des Sraghna,Urbain,Féminin,Préscolaire,Instituteur,Mathématiques,6,5270,23,0,19
ENS207924,2018-2019,Souss-Massa,SOU,Tiznit,Urbain,Masculin,Primaire,Instituteur,Arabe,6,4486,28,1,22
ENS207925,2015-2016,Fès-Meknès,FES,Meknès,Urbain,Féminin,Primaire,Contractuel,Physique-Chimie,34,4171,22,0,14
ENS207926,2020-2021,Béni Mellal-Khénifra,BMK,Béni Mellal,Urbain,Masculin,Collégial,Professeur certifié,Physique-Chimie,27,6889,22,0,0
ENS207927,2018-2019,Oriental,ORI,Guercif,Rural,Masculin,Collégial,Professeur agrégé,SVT,9,7799,18,0,0
ENS207928,2023-2024,Drâa-Tafilalet,DRA,Errachidia,Urbain,Féminin,Primaire,Contractuel,Français,25,3537,21,0,3
ENS207929,2022-2023,Fès-Meknès,FES,Séfrou,Rural,Masculin,Primaire,Contractuel,Arabe,32,3923,27,0,0
ENS207930,2023-2024,Souss-Massa,SOU,Tiznit,Rural,Masculin,Collégial,Professeur certifié,Histoire-Géo,27,7425,20,1,0
ENS207931,2018-2019,Casablanca-Settat,CAS,Mohammadia,Urbain,Féminin,Collégial,Maître d'enseignement,Sciences,2,4655,31,1,7
ENS207932,2023-2024,Souss-Massa,SOU,Agadir-Ida-Ou-Tanane,Urbain,Féminin,Primaire,Instituteur,Histoire-Géo,12,4373,23,1,12
ENS207933,2017-2018,Tanger-Tétouan-Al Hoceïma,TAN,Tanger-Assilah,Urbain,Féminin,Primaire,Instituteur,Anglais,29,5449,28,0,0
ENS207934,2017-2018,Marrakech-Safi,MAR,Youssoufia,Urbain,Féminin,Primaire,Professeur certifié,Français,24,7996,27,0,0
ENS207935,2019-2020,Oriental,ORI,Jerada,Urbain,Masculin,Primaire,Professeur agrégé,Physique-Chimie,11,8455,18,0,3
ENS207936,2020-2021,Fès-Meknès,FES,Ifrane,Rural,Masculin,Primaire,Professeur certifié,Philosophie,14,5251,19,0,0
ENS207937,2023-2024,Marrakech-Safi,MAR,Marrakech,Rural,Masculin,Primaire,Instituteur,SVT,33,4966,25,1,15
ENS207938,2021-2022,Marrakech-Safi,MAR,Safi,Rural,Masculin,Qualifiant,Instituteur,Français,8,6760,22,0,0
ENS207939,2015-2016,Marrakech-Safi,MAR,Al Haouz,Urbain,Masculin,Qualifiant,Instituteur,Philosophie,7,5788,26,0,5
ENS207940,2018-2019,Béni Mellal-Khénifra,BMK,El Kelaa des Sraghna,Rural,Féminin,Collégial,Vacataire,Sciences,27,3376,26,0,0
ENS207941,2022-2023,Béni Mellal-Khénifra,BMK,Azilal,Urbain,Féminin,Primaire,Vacataire,Anglais,4,2661,26,0,9
ENS207942,2022-2023,Casablanca-Settat,CAS,Benslimane,Urbain,Masculin,Primaire,Contractuel,Mathématiques,30,5294,20,0,0
ENS207943,2018-2019,Casablanca-Settat,CAS,Mohammadia,Urbain,Masculin,Primaire,Professeur certifié,Sciences,24,6875,24,1,0
ENS207944,2019-2020,Tanger-Tétouan-Al Hoceïma,TAN,Mdiq-Fnideq,Rural,Masculin,Primaire,Contractuel,Physique-Chimie,7,4194,26,1,1
ENS207945,2022-2023,Casablanca-Settat,CAS,Casablanca,Urbain,Masculin,Collégial,Professeur certifié,SVT,13,6341,31,0,1
ENS207946,2023-2024,Tanger-Tétouan-Al Hoceïma,TAN,Tétouan,Rural,Féminin,Primaire,Instituteur,Sciences,27,5348,24,1,19
ENS207947,2022-2023,Marrakech-Safi,MAR,Al Haouz,Urbain,Masculin,Collégial,Maître d'enseignement,Philosophie,29,3869,27,1,5
ENS207948,2016-2017,Tanger-Tétouan-Al Hoceïma,TAN,Tanger-Assilah,Urbain,Féminin,Collégial,Professeur certifié,Français,8,6179,20,0,0
ENS207949,2021-2022,Casablanca-Settat,CAS,Settat,Rural,Masculin,Primaire,Contractuel,Éducation physique,4,3031,28,1,0
ENS207950,2020-2021,Tanger-Tétouan-Al Hoceïma,TAN,Larache,Rural,Masculin,Primaire,Professeur certifié,Philosophie,31,8049,30,0,10
ENS207951,2018-2019,Fès-Meknès,FES,Ifrane,Urbain,Masculin,Qualifiant,Professeur certifié,Anglais,30,6272,19,0,21
ENS207952,2021-2022,Fès-Meknès,FES,Meknès,Urbain,Masculin,Qualifiant,Professeur certifié,Anglais,8,6439,21,0,0
ENS207953,2020-2021,Marrakech-Safi,MAR,Youssoufia,Rural,Masculin,Primaire,Instituteur,Physique-Chimie,24,5165,23,0,4
ENS207954,2016-2017,Drâa-Tafilalet,DRA,Ouarzazate,Urbain,Masculin,Primaire,Professeur agrégé,Physique-Chimie,27,8264,20,0,0
ENS207955,2019-2020,Tanger-Tétouan-Al Hoceïma,TAN,Larache,Rural,Masculin,Collégial,Contractuel,Arabe,3,3170,25,0,0
ENS207956,2019-2020,Rabat-Salé-Kénitra,RAB,Sidi Kacem,Urbain,Masculin,Primaire,Professeur certifié,Anglais,19,7341,28,0,21
ENS207957,2017-2018,Casablanca-Settat,CAS,Khouribga,Rural,Masculin,Collégial,Instituteur,Anglais,4,5047,20,1,23
ENS207958,2017-2018,Oriental,ORI,Jerada,Urbain,Masculin,Primaire,Instituteur,Mathématiques,26,4117,27,1,0
ENS207959,2018-2019,Oriental,ORI,Jerada,Urbain,Féminin,Qualifiant,Instituteur,Éducation islamique,18,5509,26,0,13
ENS207960,2023-2024,Souss-Massa,SOU,Inezgane-Ait Melloul,Rural,Masculin,Primaire,Professeur certifié,Physique-Chimie,15,6838,23,1,0
ENS207961,2015-2016,Tanger-Tétouan-Al Hoceïma,TAN,Tanger-Assilah,Rural,Masculin,Primaire,Professeur certifié,Français,21,7774,30,1,0
ENS207962,2023-2024,Marrakech-Safi,MAR,Safi,Rural,Masculin,Collégial,Professeur agrégé,SVT,20,8663,31,0,3
ENS207963,2018-2019,Marrakech-Safi,MAR,El Kelaa des Sraghna,Urbain,Masculin,Primaire,Professeur certifié,Sciences,23,6041,19,1,22
ENS207964,2016-2017,Casablanca-Settat,CAS,Settat,Urbain,Féminin,Qualifiant,Vacataire,Histoire-Géo,24,2178,28,0,1
ENS207965,2018-2019,Drâa-Tafilalet,DRA,Errachidia,Rural,Féminin,Qualifiant,Professeur certifié,Éducation islamique,16,6650,25,1,8
ENS207966,2021-2022,Marrakech-Safi,MAR,Chichaoua,Rural,Masculin,Primaire,Contractuel,SVT,31,5048,26,0,17
ENS207967,2015-2016,Casablanca-Settat,CAS,Casablanca,Rural,Féminin,Collégial,Instituteur,Arabe,2,4889,23,0,3
ENS207968,2015-2016,Tanger-Tétouan-Al Hoceïma,TAN,Ouazzane,Urbain,Féminin,Primaire,Professeur agrégé,Éducation islamique,1,9139,26,0,0
ENS207969,2020-2021,Béni Mellal-Khénifra,BMK,El Kelaa des Sraghna,Rural,Féminin,Primaire,Professeur certifié,Mathématiques,34,5715,27,1,0
ENS207970,2022-2023,Béni Mellal-Khénifra,BMK,Béni Mellal,Rural,Masculin,Préscolaire,Professeur certifié,Arabe,23,7531,18,1,0
ENS207971,2022-2023,Rabat-Salé-Kénitra,RAB,Skhirate-Témara,Urbain,Féminin,Collégial,Vacataire,Mathématiques,4,3616,31,0,9
ENS207972,2016-2017,Rabat-Salé-Kénitra,RAB,Khémisset,Urbain,Masculin,Collégial,Professeur agrégé,Philosophie,15,9055,29,0,4
ENS207973,2022-2023,Béni Mellal-Khénifra,BMK,El Kelaa des Sraghna,Rural,Féminin,Qualifiant,Professeur certifié,Français,12,6107,27,0,0
ENS207974,2023-2024,Casablanca-Settat,CAS,Mohammadia,Urbain,Masculin,Collégial,Contractuel,Arabe,23,5030,23,0,19
ENS207975,2022-2023,Casablanca-Settat,CAS,Settat,Urbain,Masculin,Collégial,Professeur certifié,Français,15,5683,25,1,4
ENS207976,2016-2017,Oriental,ORI,Guercif,Urbain,Féminin,Primaire,Instituteur,Mathématiques,2,5008,25,1,9
ENS207977,2019-2020,Rabat-Salé-Kénitra,RAB,Rabat,Rural,Féminin,Préscolaire,Professeur agrégé,Sciences,28,8561,29,1,13
ENS207978,2016-2017,Casablanca-Settat,CAS,Mohammadia,Urbain,Féminin,Qualifiant,Instituteur,Philosophie,28,4760,20,1,5
ENS207979,2018-2019,Fès-Meknès,FES,El Hajeb,Urbain,Masculin,Primaire,Professeur agrégé,Français,11,8065,18,1,4
ENS207980,2020-2021,Fès-Meknès,FES,Moulay Yacoub,Rural,Masculin,Primaire,Maître d'enseignement,Arabe,4,4800,26,0,0
ENS207981,2021-2022,Souss-Massa,SOU,Agadir-Ida-Ou-Tanane,Urbain,Masculin,Qualifiant,Contractuel,Arabe,13,3002,28,0,12
ENS207982,2016-2017,Souss-Massa,SOU,Tata,Urbain,Féminin,Qualifiant,Instituteur,Français,15,5232,29,0,20
ENS207983,2020-2021,Rabat-Salé-Kénitra,RAB,Rabat,Rural,Masculin,Primaire,Professeur certifié,Français,17,5589,23,0,0
ENS207984,2020-2021,Souss-Massa,SOU,Taroudannt,Rural,Féminin,Préscolaire,Contractuel,Français,7,5040,18,0,8
ENS207985,2015-2016,Souss-Massa,SOU,Agadir-Ida-Ou-Tanane,Rural,Masculin,Primaire,Maître d'enseignement,Histoire-Géo,9,6088,25,0,12
ENS207986,2019-2020,Souss-Massa,SOU,Inezgane-Ait Melloul,Urbain,Masculin,Primaire,Professeur certifié,Français,34,5739,19,0,4
ENS207987,2022-2023,Drâa-Tafilalet,DRA,Ouarzazate,Rural,Masculin,Collégial,Maître d'enseignement,Éducation islamique,6,5444,27,1,12
ENS207988,2015-2016,Casablanca-Settat,CAS,Mohammadia,Rural,Masculin,Primaire,Professeur certifié,Arabe,2,6083,30,1,16
ENS207989,2017-2018,Oriental,ORI,Jerada,Urbain,Féminin,Primaire,Contractuel,Physique-Chimie,11,3631,21,0,0
ENS207990,2020-2021,Casablanca-Settat,CAS,Casablanca,Rural,Masculin,Primaire,Professeur certifié,Anglais,32,6821,22,1,7
ENS207991,2021-2022,Béni Mellal-Khénifra,BMK,Khouribga,Urbain,Masculin,Primaire,Professeur certifié,Anglais,24,6175,25,1,4
ENS207992,2023-2024,Casablanca-Settat,CAS,Berrechid,Rural,Masculin,Primaire,Contractuel,Éducation physique,33,4438,28,0,10
ENS207993,2015-2016,Marrakech-Safi,MAR,Chichaoua,Urbain,Masculin,Primaire,Professeur certifié,Anglais,30,5016,29,0,17
ENS207994,2023-2024,Oriental,ORI,Oujda-Angad,Rural,Masculin,Primaire,Professeur certifié,Histoire-Géo,9,6307,28,1,0
ENS207995,2023-2024,Fès-Meknès,FES,Ifrane,Urbain,Féminin,Primaire,Instituteur,Français,3,4428,18,1,10
ENS207996,2022-2023,Oriental,ORI,Berkane,Urbain,Féminin,Qualifiant,Maître d'enseignement,Mathématiques,12,5352,26,1,24
ENS207997,2016-2017,Rabat-Salé-Kénitra,RAB,Kénitra,Urbain,Masculin,Primaire,Instituteur,Éducation physique,19,5513,18,0,19
ENS207998,2021-2022,Rabat-Salé-Kénitra,RAB,Rabat,Rural,Féminin,Primaire,Professeur certifié,Anglais,24,5173,23,1,0
ENS207999,2020-2021,Tanger-Tétouan-Al Hoceïma,TAN,Tétouan,Rural,Féminin,Primaire,Professeur certifié,Philosophie,20,6443,27,0,9
