id_abandon,annee_scolaire,region,code_region,province,milieu,cycle,niveau_classe,genre,age_abandon,motif_principal,distance_etablissement,revenu_menage_mensuel,nb_enfants_menage,parent_analphabete,retour_ecole
AB400000,2016-2017,Souss-Massa,SOU,Inezgane-Ait Melloul,Urbain,Primaire,Année 5,Féminin,7,Difficultés économiques,1–5 km,2000-4000 MAD,6,0,0
AB400001,2023-2024,Fès-Meknès,FES,Fès,Rural,Primaire,Année 4,Masculin,8,Travail enfant,5–15 km,< 2000 MAD,5,1,0
AB400002,2018-2019,Tanger-Tétouan-Al Hoceïma,TAN,Larache,Rural,Collégial,Année 3,Masculin,13,Manque d'infrastructures,1–5 km,> 7000 MAD,1,0,0
AB400003,2017-2018,Tanger-Tétouan-Al Hoceïma,TAN,Chefchaouen,Rural,Primaire,Année 3,Masculin,7,Éloignement de l'établissement,< 1 km,2000-4000 MAD,3,1,0
AB400004,2020-2021,Tanger-Tétouan-Al Hoceïma,TAN,Tanger-Assilah,Urbain,Collégial,Année 1,Masculin,14,Difficultés économiques,< 1 km,4000-7000 MAD,1,1,1
AB400005,2023-2024,Fès-Meknès,FES,Moulay Yacoub,Rural,Primaire,Année 4,Féminin,9,Travail enfant,1–5 km,2000-4000 MAD,4,0,0
AB400006,2019-2020,Casablanca-Settat,CAS,Mohammadia,Rural,Primaire,Année 6,Masculin,11,Travail enfant,1–5 km,4000-7000 MAD,1,1,0
AB400007,2023-2024,Rabat-Salé-Kénitra,RAB,Khémisset,Rural,Collégial,Année 3,Masculin,15,Difficultés scolaires,< 1 km,< 2000 MAD,7,1,0
AB400008,2018-2019,Fès-Meknès,FES,Taounate,Urbain,Primaire,Année 3,Féminin,10,Travail enfant,< 1 km,4000-7000 MAD,4,0,0
AB400009,2017-2018,Oriental,ORI,Guercif,Rural,Collégial,Année 3,Masculin,14,Handicap,> 15 km,< 2000 MAD,8,1,0
AB400010,2022-2023,Tanger-Tétouan-Al Hoceïma,TAN,Tétouan,Urbain,Collégial,Année 2,Féminin,15,Mariage précoce,1–5 km,4000-7000 MAD,4,1,0
AB400011,2023-2024,Guelmim-Oued Noun,GUE,Tan-Tan,Urbain,Qualifiant,Année 1,Féminin,16,Travail enfant,5–15 km,2000-4000 MAD,5,0,0
AB400012,2019-2020,Oriental,ORI,Nador,Rural,Primaire,Année 3,Masculin,8,Travail enfant,1–5 km,< 2000 MAD,6,0,0
AB400013,2017-2018,Casablanca-Settat,CAS,El Jadida,Urbain,Qualifiant,Année 1,Masculin,16,Éloignement de l'établissement,5–15 km,2000-4000 MAD,4,1,0
AB400014,2020-2021,Fès-Meknès,FES,Boulemane,Rural,Collégial,Année 2,Masculin,13,Mariage précoce,1–5 km,< 2000 MAD,8,1,0
AB400015,2023-2024,Rabat-Salé-Kénitra,RAB,Kénitra,Rural,Primaire,Année 1,Masculin,10,Travail enfant,< 1 km,< 2000 MAD,4,1,0
AB400016,2019-2020,Rabat-Salé-Kénitra,RAB,Sidi Slimane,Rural,Qualifiant,Année 1,Féminin,17,Éloignement de l'établissement,1–5 km,< 2000 MAD,7,1,0
AB400017,2017-2018,Oriental,ORI,Figuig,Urbain,Collégial,Année 3,Masculin,14,Difficultés scolaires,5–15 km,2000-4000 MAD,5,0,0
AB400018,2017-2018,Tanger-Tétouan-Al Hoceïma,TAN,Larache,Urbain,Primaire,Année 6,Masculin,9,Difficultés économiques,5–15 km,2000-4000 MAD,5,1,0
AB400019,2018-2019,Marrakech-Safi,MAR,Essaouira,Urbain,Primaire,Année 1,Masculin,12,Manque d'infrastructures,5–15 km,< 2000 MAD,4,1,0
AB400020,2019-2020,Casablanca-Settat,CAS,Khouribga,Rural,Qualifiant,Année 2,Masculin,17,Mariage précoce,< 1 km,> 7000 MAD,7,0,0
AB400021,2015-2016,Marrakech-Safi,MAR,Al Haouz,Rural,Qualifiant,Année 2,Masculin,18,Difficultés scolaires,< 1 km,2000-4000 MAD,2,0,0
AB400022,2020-2021,Fès-Meknès,FES,Ifrane,Rural,Primaire,Année 3,Masculin,11,Difficultés économiques,< 1 km,2000-4000 MAD,8,1,0
AB400023,2018-2019,Casablanca-Settat,CAS,Casablanca,Rural,Primaire,Année 3,Masculin,11,Autre,> 15 km,< 2000 MAD,6,1,0
AB400024,2020-2021,Rabat-Salé-Kénitra,RAB,Kénitra,Urbain,Collégial,Année 3,Masculin,15,Difficultés économiques,> 15 km,4000-7000 MAD,2,0,0
AB400025,2019-2020,Béni Mellal-Khénifra,BMK,Fquih Ben Salah,Urbain,Qualifiant,Année 2,Masculin,18,Travail enfant,1–5 km,> 7000 MAD,3,0,0
AB400026,2017-2018,Fès-Meknès,FES,Taza,Rural,Collégial,Année 1,Masculin,13,Éloignement de l'établissement,< 1 km,2000-4000 MAD,2,1,0
AB400027,2015-2016,Rabat-Salé-Kénitra,RAB,Skhirate-Témara,Rural,Qualifiant,Année 3,Masculin,18,Éloignement de l'établissement,1–5 km,2000-4000 MAD,3,0,0
AB400028,2016-2017,Marrakech-Safi,MAR,El Kelaa des Sraghna,Rural,Collégial,Année 1,Féminin,15,Difficultés économiques,> 15 km,4000-7000 MAD,7,1,0
AB400029,2022-2023,Tanger-Tétouan-Al Hoceïma,TAN,Ouazzane,Urbain,Qualifiant,Année 3,Masculin,16,Mariage précoce,1–5 km,4000-7000 MAD,1,1,0
AB400030,2015-2016,Souss-Massa,SOU,Taroudannt,Rural,Primaire,Année 4,Féminin,10,Manque d'infrastructures,1–5 km,4000-7000 MAD,2,1,0
AB400031,2018-2019,Tanger-Tétouan-Al Hoceïma,TAN,Tétouan,Urbain,Collégial,Année 2,Féminin,14,Difficultés économiques,1–5 km,> 7000 MAD,1,0,1
AB400032,2021-2022,Rabat-Salé-Kénitra,RAB,Rabat,Rural,Collégial,Année 2,Masculin,15,Difficultés économiques,< 1 km,< 2000 MAD,2,0,1
AB400033,2016-2017,Fès-Meknès,FES,Boulemane,Urbain,Collégial,Année 3,Masculin,15,Grossesse,1–5 km,4000-7000 MAD,3,0,0
AB400034,2022-2023,Casablanca-Settat,CAS,Sidi Bennour,Urbain,Primaire,Année 1,Féminin,12,Difficultés économiques,1–5 km,2000-4000 MAD,8,1,0
AB400035,2021-2022,Casablanca-Settat,CAS,Settat,Urbain,Collégial,Année 2,Masculin,13,Difficultés économiques,< 1 km,2000-4000 MAD,5,1,0
AB400036,2015-2016,Oriental,ORI,Oujda-Angad,Urbain,Collégial,Année 3,Masculin,13,Travail enfant,> 15 km,2000-4000 MAD,8,0,0
AB400037,2016-2017,Rabat-Salé-Kénitra,RAB,Sidi Slimane,Urbain,Collégial,Année 1,Masculin,15,Mariage précoce,1–5 km,4000-7000 MAD,2,1,1
AB400038,2018-2019,Tanger-Tétouan-Al Hoceïma,TAN,Larache,Urbain,Primaire,Année 2,Masculin,10,Travail enfant,< 1 km,2000-4000 MAD,1,1,0
AB400039,2022-2023,Marrakech-Safi,MAR,Youssoufia,Rural,Qualifiant,Année 2,Masculin,17,Mariage précoce,< 1 km,2000-4000 MAD,2,0,0
AB400040,2023-2024,Casablanca-Settat,CAS,Khouribga,Rural,Primaire,Année 2,Féminin,8,Mariage précoce,> 15 km,< 2000 MAD,6,1,0
AB400041,2019-2020,Rabat-Salé-Kénitra,RAB,Skhirate-Témara,Rural,Collégial,Année 2,Masculin,15,Éloignement de l'établissement,< 1 km,2000-4000 MAD,3,0,0
AB400042,2015-2016,Tanger-Tétouan-Al Hoceïma,TAN,Mdiq-Fnideq,Rural,Collégial,Année 1,Masculin,13,Éloignement de l'établissement,< 1 km,4000-7000 MAD,2,0,0
AB400043,2016-2017,Fès-Meknès,FES,Ifrane,Rural,Primaire,Année 6,Masculin,11,Difficultés économiques,1–5 km,4000-7000 MAD,6,1,0
AB400044,2015-2016,Casablanca-Settat,CAS,Sidi Bennour,Rural,Collégial,Année 3,Masculin,15,Éloignement de l'établissement,< 1 km,< 2000 MAD,4,0,1
AB400045,2018-2019,Casablanca-Settat,CAS,Berrechid,Rural,Collégial,Année 3,Masculin,15,Difficultés scolaires,1–5 km,< 2000 MAD,6,1,0
AB400046,2015-2016,Casablanca-Settat,CAS,Khouribga,Urbain,Collégial,Année 1,Masculin,14,Mariage précoce,< 1 km,4000-7000 MAD,1,0,0
AB400047,2016-2017,Casablanca-Settat,CAS,Mohammadia,Rural,Collégial,Année 2,Féminin,13,Éloignement de l'établissement,1–5 km,4000-7000 MAD,1,1,0
AB400048,2021-2022,Drâa-Tafilalet,DRA,Errachidia,Urbain,Qualifiant,Année 1,Masculin,17,Difficultés économiques,< 1 km,< 2000 MAD,8,0,0
AB400049,2021-2022,Marrakech-Safi,MAR,Chichaoua,Urbain,Collégial,Année 3,Masculin,14,Difficultés économiques,5–15 km,> 7000 MAD,5,1,0
AB400050,2021-2022,Oriental,ORI,Oujda-Angad,Rural,Primaire,Année 1,Masculin,10,Éloignement de l'établissement,< 1 km,4000-7000 MAD,1,1,1
AB400051,2018-2019,Marrakech-Safi,MAR,Al Haouz,Urbain,Qualifiant,Année 3,Masculin,16,Mariage précoce,< 1 km,< 2000 MAD,7,0,0
AB400052,2016-2017,Oriental,ORI,Figuig,Urbain,Collégial,Année 1,Masculin,14,Difficultés scolaires,< 1 km,4000-7000 MAD,7,1,0
AB400053,2022-2023,Casablanca-Settat,CAS,Sidi Bennour,Rural,Primaire,Année 4,Masculin,12,Grossesse,> 15 km,< 2000 MAD,5,0,0
AB400054,2021-2022,Oriental,ORI,Oujda-Angad,Rural,Qualifiant,Année 3,Féminin,18,Mariage précoce,< 1 km,4000-7000 MAD,1,1,0
AB400055,2016-2017,Souss-Massa,SOU,Agadir-Ida-Ou-Tanane,Rural,Collégial,Année 2,Féminin,14,Travail enfant,5–15 km,< 2000 MAD,4,1,0
AB400056,2020-2021,Béni Mellal-Khénifra,BMK,Fquih Ben Salah,Urbain,Collégial,Année 3,Féminin,14,Difficultés scolaires,1–5 km,2000-4000 MAD,6,1,0
AB400057,2023-2024,Casablanca-Settat,CAS,El Jadida,Rural,Collégial,Année 3,Masculin,13,Éloignement de l'établissement,1–5 km,< 2000 MAD,4,1,0
AB400058,2015-2016,Rabat-Salé-Kénitra,RAB,Salé,Urbain,Primaire,Année 4,Féminin,11,Travail enfant,5–15 km,> 7000 MAD,5,1,0
AB400059,2023-2024,Béni Mellal-Khénifra,BMK,Béni Mellal,Rural,Collégial,Année 1,Féminin,13,Grossesse,< 1 km,< 2000 MAD,5,1,0
AB400060,2021-2022,Casablanca-Settat,CAS,Settat,Rural,Collégial,Année 1,Féminin,15,Mariage précoce,1–5 km,< 2000 MAD,1,0,1
AB400061,2020-2021,Fès-Meknès,FES,Boulemane,Rural,Collégial,Année 1,Féminin,15,Travail enfant,1–5 km,4000-7000 MAD,6,1,0
AB400062,2017-2018,Rabat-Salé-Kénitra,RAB,Skhirate-Témara,Urbain,Primaire,Année 6,Masculin,9,Travail enfant,< 1 km,< 2000 MAD,7,0,0
AB400063,2015-2016,Casablanca-Settat,CAS,Benslimane,Rural,Collégial,Année 2,Masculin,15,Autre,1–5 km,2000-4000 MAD,8,0,1
AB400064,2021-2022,Fès-Meknès,FES,Fès,Urbain,Collégial,Année 2,Féminin,14,Travail enfant,5–15 km,2000-4000 MAD,4,1,0
AB400065,2018-2019,Oriental,ORI,Oujda-Angad,Rural,Collégial,Année 3,Féminin,15,Autre,1–5 km,2000-4000 MAD,3,1,0
AB400066,2016-2017,Casablanca-Settat,CAS,Settat,Urbain,Collégial,Année 3,Masculin,15,Difficultés économiques,1–5 km,< 2000 MAD,2,0,0
AB400067,2015-2016,Fès-Meknès,FES,Séfrou,Urbain,Collégial,Année 3,Masculin,13,Difficultés économiques,1–5 km,4000-7000 MAD,2,0,0
AB400068,2018-2019,Rabat-Salé-Kénitra,RAB,Skhirate-Témara,Rural,Primaire,Année 2,Féminin,9,Autre,1–5 km,4000-7000 MAD,5,0,0
AB400069,2017-2018,Drâa-Tafilalet,DRA,Midelt,Rural,Qualifiant,Année 2,Masculin,17,Difficultés scolaires,> 15 km,< 2000 MAD,1,1,0
AB400070,2018-2019,Casablanca-Settat,CAS,Mohammadia,Urbain,Qualifiant,Année 3,Masculin,18,Mariage précoce,< 1 km,< 2000 MAD,7,0,0
AB400071,2022-2023,Souss-Massa,SOU,Inezgane-Ait Melloul,Rural,Qualifiant,Année 2,Féminin,17,Mariage précoce,< 1 km,4000-7000 MAD,8,1,0
AB400072,2016-2017,Tanger-Tétouan-Al Hoceïma,TAN,Fahs-Anjra,Urbain,Primaire,Année 6,Féminin,11,Grossesse,> 15 km,> 7000 MAD,5,0,0
AB400073,2023-2024,Marrakech-Safi,MAR,Marrakech,Rural,Collégial,Année 1,Masculin,15,Grossesse,1–5 km,> 7000 MAD,6,1,0
AB400074,2016-2017,Fès-Meknès,FES,Moulay Yacoub,Rural,Collégial,Année 1,Masculin,14,Difficultés économiques,< 1 km,2000-4000 MAD,7,1,0
AB400075,2019-2020,Marrakech-Safi,MAR,El Kelaa des Sraghna,Urbain,Qualifiant,Année 2,Masculin,17,Mariage précoce,5–15 km,< 2000 MAD,3,1,0
AB400076,2018-2019,Rabat-Salé-Kénitra,RAB,Skhirate-Témara,Rural,Qualifiant,Année 1,Masculin,17,Travail enfant,1–5 km,< 2000 MAD,6,1,1
AB400077,2018-2019,Tanger-Tétouan-Al Hoceïma,TAN,Tétouan,Rural,Primaire,Année 5,Féminin,8,Manque d'infrastructures,1–5 km,> 7000 MAD,8,1,1
AB400078,2018-2019,Béni Mellal-Khénifra,BMK,Béni Mellal,Urbain,Qualifiant,Année 3,Masculin,18,Grossesse,> 15 km,2000-4000 MAD,3,0,0
AB400079,2017-2018,Souss-Massa,SOU,Tata,Rural,Collégial,Année 1,Féminin,14,Difficultés économiques,1–5 km,2000-4000 MAD,5,0,1
AB400080,2020-2021,Tanger-Tétouan-Al Hoceïma,TAN,Fahs-Anjra,Rural,Collégial,Année 1,Féminin,14,Travail enfant,1–5 km,4000-7000 MAD,4,1,1
AB400081,2017-2018,Tanger-Tétouan-Al Hoceïma,TAN,Ouazzane,Urbain,Qualifiant,Année 3,Féminin,17,Difficultés économiques,> 15 km,2000-4000 MAD,3,0,0
AB400082,2018-2019,Tanger-Tétouan-Al Hoceïma,TAN,Al Hoceïma,Urbain,Primaire,Année 2,Masculin,7,Difficultés économiques,< 1 km,< 2000 MAD,3,1,0
AB400083,2022-2023,Casablanca-Settat,CAS,Sidi Bennour,Urbain,Primaire,Année 2,Masculin,8,Mariage précoce,1–5 km,2000-4000 MAD,8,0,1
AB400084,2019-2020,Drâa-Tafilalet,DRA,Errachidia,Rural,Qualifiant,Année 1,Féminin,17,Difficultés scolaires,< 1 km,> 7000 MAD,1,1,0
AB400085,2021-2022,Fès-Meknès,FES,El Hajeb,Urbain,Qualifiant,Année 3,Féminin,16,Mariage précoce,5–15 km,2000-4000 MAD,5,0,0
AB400086,2016-2017,Marrakech-Safi,MAR,Essaouira,Rural,Primaire,Année 6,Féminin,12,Éloignement de l'établissement,> 15 km,< 2000 MAD,7,0,0
AB400087,2023-2024,Rabat-Salé-Kénitra,RAB,Skhirate-Témara,Rural,Qualifiant,Année 1,Féminin,17,Éloignement de l'établissement,1–5 km,4000-7000 MAD,1,1,0
AB400088,2020-2021,Marrakech-Safi,MAR,Marrakech,Rural,Primaire,Année 6,Féminin,12,Manque d'infrastructures,> 15 km,2000-4000 MAD,4,0,0
AB400089,2022-2023,Fès-Meknès,FES,Boulemane,Rural,Primaire,Année 5,Féminin,12,Travail enfant,5–15 km,< 2000 MAD,6,0,0
AB400090,2023-2024,Rabat-Salé-Kénitra,RAB,Salé,Rural,Collégial,Année 3,Masculin,15,Travail enfant,1–5 km,2000-4000 MAD,6,1,0
AB400091,2015-2016,Casablanca-Settat,CAS,Sidi Bennour,Rural,Collégial,Année 1,Féminin,15,Difficultés économiques,5–15 km,2000-4000 MAD,5,1,0
AB400092,2018-2019,Tanger-Tétouan-Al Hoceïma,TAN,Chefchaouen,Rural,Collégial,Année 3,Féminin,14,Manque d'infrastructures,> 15 km,< 2000 MAD,5,1,0
AB400093,2020-2021,Casablanca-Settat,CAS,El Jadida,Urbain,Primaire,Année 5,Féminin,12,Travail enfant,1–5 km,> 7000 MAD,1,1,0
AB400094,2016-2017,Fès-Meknès,FES,Taounate,Rural,Collégial,Année 3,Masculin,15,Éloignement de l'établissement,5–15 km,4000-7000 MAD,5,0,0
AB400095,2020-2021,Marrakech-Safi,MAR,El Kelaa des Sraghna,Rural,Qualifiant,Année 3,Féminin,17,Grossesse,< 1 km,4000-7000 MAD,6,1,1
AB400096,2017-2018,Fès-Meknès,FES,Taounate,Urbain,Qualifiant,Année 2,Féminin,16,Difficultés économiques,< 1 km,> 7000 MAD,7,1,0
AB400097,2016-2017,Marrakech-Safi,MAR,Youssoufia,Urbain,Qualifiant,Année 1,Masculin,18,Manque d'infrastructures,> 15 km,2000-4000 MAD,7,0,1
AB400098,2021-2022,Oriental,ORI,Guercif,Rural,Primaire,Année 4,Féminin,12,Travail enfant,5–15 km,4000-7000 MAD,2,0,0
AB400099,2021-2022,Marrakech-Safi,MAR,Al Haouz,Rural,Primaire,Année 4,Masculin,12,Handicap,< 1 km,> 7000 MAD,6,1,0
AB400100,2020-2021,Oriental,ORI,Berkane,Rural,Qualifiant,Année 1,Masculin,17,Mariage précoce,1–5 km,< 2000 MAD,8,1,0
AB400101,2016-2017,Tanger-Tétouan-Al Hoceïma,TAN,Larache,Rural,Collégial,Année 2,Masculin,14,Difficultés économiques,> 15 km,2000-4000 MAD,7,0,1
AB400102,2020-2021,Rabat-Salé-Kénitra,RAB,Khémisset,Rural,Qualifiant,Année 2,Féminin,18,Difficultés économiques,< 1 km,< 2000 MAD,1,1,0
AB400103,2023-2024,Oriental,ORI,Taourirt,Urbain,Primaire,Année 2,Masculin,8,Difficultés scolaires,5–15 km,2000-4000 MAD,7,1,0
AB400104,2016-2017,Souss-Massa,SOU,Tiznit,Rural,Qualifiant,Année 2,Féminin,18,Mariage précoce,1–5 km,< 2000 MAD,8,1,0
AB400105,2019-2020,Marrakech-Safi,MAR,Chichaoua,Urbain,Collégial,Année 1,Masculin,13,Difficultés scolaires,> 15 km,< 2000 MAD,4,1,0
AB400106,2023-2024,Drâa-Tafilalet,DRA,Midelt,Urbain,Primaire,Année 3,Masculin,12,Manque d'infrastructures,< 1 km,2000-4000 MAD,1,0,0
AB400107,2021-2022,Guelmim-Oued Noun,GUE,Assa-Zag,Rural,Primaire,Année 1,Féminin,7,Difficultés économiques,5–15 km,< 2000 MAD,3,1,1
AB400108,2023-2024,Béni Mellal-Khénifra,BMK,Béni Mellal,Rural,Qualifiant,Année 3,Masculin,17,Difficultés scolaires,1–5 km,2000-4000 MAD,8,1,1
AB400109,2019-2020,Marrakech-Safi,MAR,Essaouira,Rural,Collégial,Année 3,Féminin,15,Difficultés scolaires,> 15 km,2000-4000 MAD,4,1,0
AB400110,2019-2020,Drâa-Tafilalet,DRA,Tinghir,Rural,Collégial,Année 3,Masculin,14,Mariage précoce,5–15 km,2000-4000 MAD,6,1,0
AB400111,2017-2018,Marrakech-Safi,MAR,Marrakech,Urbain,Qualifiant,Année 1,Féminin,16,Travail enfant,< 1 km,< 2000 MAD,1,0,1
AB400112,2015-2016,Marrakech-Safi,MAR,Essaouira,Urbain,Primaire,Année 4,Féminin,7,Travail enfant,< 1 km,> 7000 MAD,8,1,1
AB400113,2022-2023,Souss-Massa,SOU,Agadir-Ida-Ou-Tanane,Rural,Collégial,Année 1,Masculin,15,Autre,1–5 km,> 7000 MAD,6,1,0
AB400114,2018-2019,Tanger-Tétouan-Al Hoceïma,TAN,Ouazzane,Urbain,Collégial,Année 1,Masculin,13,Difficultés scolaires,< 1 km,< 2000 MAD,2,1,1
AB400115,2020-2021,Fès-Meknès,FES,Boulemane,Rural,Primaire,Année 2,Masculin,7,Difficultés économiques,1–5 km,> 7000 MAD,5,1,0
AB400116,2023-2024,Fès-Meknès,FES,Moulay Yacoub,Urbain,Primaire,Année 4,Masculin,10,Difficultés économiques,5–15 km,4000-7000 MAD,4,1,0
AB400117,2018-2019,Casablanca-Settat,CAS,Berrechid,Rural,Collégial,Année 2,Féminin,13,Difficultés économiques,< 1 km,4000-7000 MAD,4,0,0
AB400118,2022-2023,Souss-Massa,SOU,Tiznit,Urbain,Collégial,Année 1,Féminin,14,Mariage précoce,< 1 km,< 2000 MAD,5,0,1
AB400119,2015-2016,Rabat-Salé-Kénitra,RAB,Sidi Kacem,Urbain,Collégial,Année 2,Masculin,14,Difficultés économiques,1–5 km,2000-4000 MAD,7,0,0
AB400120,2021-2022,Rabat-Salé-Kénitra,RAB,Sidi Kacem,Rural,Qualifiant,Année 1,Masculin,16,Travail enfant,1–5 km,< 2000 MAD,8,0,1
AB400121,2020-2021,Rabat-Salé-Kénitra,RAB,Khémisset,Rural,Qualifiant,Année 1,Féminin,16,Difficultés économiques,1–5 km,< 2000 MAD,7,1,0
AB400122,2022-2023,Marrakech-Safi,MAR,Youssoufia,Urbain,Collégial,Année 3,Masculin,15,Éloignement de l'établissement,5–15 km,4000-7000 MAD,1,1,1
AB400123,2019-2020,Casablanca-Settat,CAS,Berrechid,Rural,Collégial,Année 1,Masculin,14,Difficultés scolaires,1–5 km,2000-4000 MAD,8,1,0
AB400124,2022-2023,Casablanca-Settat,CAS,Berrechid,Urbain,Primaire,Année 1,Masculin,12,Difficultés économiques,5–15 km,< 2000 MAD,4,0,0
AB400125,2020-2021,Tanger-Tétouan-Al Hoceïma,TAN,Chefchaouen,Urbain,Primaire,Année 6,Masculin,10,Éloignement de l'établissement,1–5 km,4000-7000 MAD,2,1,0
AB400126,2015-2016,Tanger-Tétouan-Al Hoceïma,TAN,Ouazzane,Rural,Collégial,Année 1,Féminin,13,Travail enfant,< 1 km,4000-7000 MAD,3,0,0
AB400127,2018-2019,Souss-Massa,SOU,Tata,Rural,Collégial,Année 1,Féminin,14,Difficultés économiques,1–5 km,2000-4000 MAD,3,0,0
AB400128,2021-2022,Tanger-Tétouan-Al Hoceïma,TAN,Larache,Urbain,Primaire,Année 6,Féminin,7,Travail enfant,< 1 km,4000-7000 MAD,5,1,0
AB400129,2017-2018,Rabat-Salé-Kénitra,RAB,Khémisset,Urbain,Collégial,Année 3,Masculin,15,Éloignement de l'établissement,> 15 km,2000-4000 MAD,6,1,1
AB400130,2019-2020,Oriental,ORI,Jerada,Urbain,Qualifiant,Année 1,Féminin,18,Travail enfant,5–15 km,2000-4000 MAD,3,1,1
AB400131,2016-2017,Fès-Meknès,FES,Séfrou,Urbain,Qualifiant,Année 1,Féminin,16,Mariage précoce,5–15 km,< 2000 MAD,8,1,0
AB400132,2022-2023,Tanger-Tétouan-Al Hoceïma,TAN,Tétouan,Urbain,Primaire,Année 5,Féminin,9,Manque d'infrastructures,< 1 km,< 2000 MAD,2,0,0
AB400133,2020-2021,Fès-Meknès,FES,Fès,Urbain,Qualifiant,Année 1,Masculin,18,Travail enfant,> 15 km,4000-7000 MAD,5,1,0
AB400134,2018-2019,Casablanca-Settat,CAS,Sidi Bennour,Urbain,Primaire,Année 4,Masculin,9,Éloignement de l'établissement,1–5 km,2000-4000 MAD,1,0,1
AB400135,2016-2017,Souss-Massa,SOU,Taroudannt,Rural,Collégial,Année 2,Féminin,13,Travail enfant,< 1 km,4000-7000 MAD,2,0,1
AB400136,2017-2018,Fès-Meknès,FES,Ifrane,Rural,Collégial,Année 2,Masculin,13,Travail enfant,< 1 km,2000-4000 MAD,1,1,0
AB400137,2020-2021,Casablanca-Settat,CAS,Benslimane,Urbain,Primaire,Année 6,Féminin,10,Difficultés économiques,5–15 km,> 7000 MAD,3,1,0
AB400138,2018-2019,Drâa-Tafilalet,DRA,Ouarzazate,Rural,Qualifiant,Année 2,Masculin,18,Éloignement de l'établissement,> 15 km,< 2000 MAD,2,1,1
AB400139,2018-2019,Oriental,ORI,Guercif,Rural,Collégial,Année 2,Masculin,15,Difficultés économiques,5–15 km,4000-7000 MAD,3,0,1
AB400140,2019-2020,Casablanca-Settat,CAS,Khouribga,Urbain,Primaire,Année 1,Masculin,11,Difficultés scolaires,1–5 km,2000-4000 MAD,6,1,0
AB400141,2019-2020,Casablanca-Settat,CAS,Berrechid,Urbain,Collégial,Année 3,Masculin,15,Éloignement de l'établissement,< 1 km,2000-4000 MAD,7,1,1
AB400142,2015-2016,Marrakech-Safi,MAR,Essaouira,Rural,Collégial,Année 1,Féminin,15,Travail enfant,< 1 km,> 7000 MAD,7,0,0
AB400143,2020-2021,Drâa-Tafilalet,DRA,Ouarzazate,Rural,Collégial,Année 2,Féminin,14,Difficultés économiques,1–5 km,4000-7000 MAD,7,0,0
AB400144,2022-2023,Tanger-Tétouan-Al Hoceïma,TAN,Larache,Urbain,Primaire,Année 1,Masculin,9,Éloignement de l'établissement,1–5 km,< 2000 MAD,4,0,0
AB400145,2017-2018,Laâyoune-Sakia El Hamra,LAA,Tarfaya,Rural,Primaire,Année 6,Féminin,9,Difficultés scolaires,5–15 km,> 7000 MAD,1,0,1
AB400146,2017-2018,Drâa-Tafilalet,DRA,Zagora,Rural,Primaire,Année 4,Masculin,10,Difficultés scolaires,< 1 km,< 2000 MAD,8,0,1
AB400147,2020-2021,Tanger-Tétouan-Al Hoceïma,TAN,Tétouan,Urbain,Qualifiant,Année 3,Masculin,17,Handicap,> 15 km,< 2000 MAD,8,0,0
AB400148,2019-2020,Souss-Massa,SOU,Tata,Rural,Primaire,Année 6,Féminin,8,Éloignement de l'établissement,5–15 km,> 7000 MAD,5,0,0
AB400149,2016-2017,Souss-Massa,SOU,Taroudannt,Urbain,Primaire,Année 2,Masculin,11,Difficultés économiques,1–5 km,4000-7000 MAD,6,0,0
AB400150,2019-2020,Souss-Massa,SOU,Agadir-Ida-Ou-Tanane,Rural,Qualifiant,Année 1,Masculin,18,Grossesse,< 1 km,> 7000 MAD,4,1,1
AB400151,2018-2019,Laâyoune-Sakia El Hamra,LAA,Es-Semara,Rural,Primaire,Année 5,Masculin,12,Difficultés scolaires,< 1 km,> 7000 MAD,8,1,1
AB400152,2023-2024,Fès-Meknès,FES,Boulemane,Rural,Primaire,Année 3,Masculin,7,Difficultés économiques,5–15 km,< 2000 MAD,8,1,0
AB400153,2020-2021,Oriental,ORI,Figuig,Urbain,Qualifiant,Année 1,Masculin,16,Autre,1–5 km,4000-7000 MAD,8,0,0
AB400154,2016-2017,Oriental,ORI,Taourirt,Rural,Primaire,Année 1,Masculin,8,Handicap,1–5 km,2000-4000 MAD,6,0,1
AB400155,2016-2017,Casablanca-Settat,CAS,Khouribga,Rural,Collégial,Année 2,Féminin,15,Grossesse,< 1 km,4000-7000 MAD,7,0,0
AB400156,2020-2021,Fès-Meknès,FES,Fès,Urbain,Collégial,Année 2,Féminin,14,Difficultés économiques,1–5 km,< 2000 MAD,5,1,1
AB400157,2023-2024,Marrakech-Safi,MAR,Chichaoua,Urbain,Collégial,Année 3,Masculin,15,Travail enfant,> 15 km,4000-7000 MAD,5,0,0
AB400158,2022-2023,Rabat-Salé-Kénitra,RAB,Khémisset,Urbain,Primaire,Année 4,Féminin,12,Travail enfant,> 15 km,2000-4000 MAD,1,0,0
AB400159,2023-2024,Marrakech-Safi,MAR,Al Haouz,Rural,Qualifiant,Année 3,Féminin,16,Handicap,5–15 km,2000-4000 MAD,5,0,0
AB400160,2019-2020,Casablanca-Settat,CAS,Benslimane,Urbain,Qualifiant,Année 1,Féminin,17,Difficultés économiques,1–5 km,2000-4000 MAD,7,0,1
AB400161,2015-2016,Casablanca-Settat,CAS,Khouribga,Urbain,Primaire,Année 6,Masculin,10,Grossesse,5–15 km,2000-4000 MAD,3,1,0
AB400162,2017-2018,Fès-Meknès,FES,Taounate,Urbain,Collégial,Année 1,Féminin,14,Éloignement de l'établissement,5–15 km,> 7000 MAD,3,0,1
AB400163,2018-2019,Casablanca-Settat,CAS,Khouribga,Urbain,Collégial,Année 1,Masculin,13,Travail enfant,1–5 km,2000-4000 MAD,2,0,0
AB400164,2015-2016,Casablanca-Settat,CAS,Sidi Bennour,Rural,Qualifiant,Année 1,Masculin,16,Handicap,5–15 km,< 2000 MAD,7,1,1
AB400165,2017-2018,Fès-Meknès,FES,Taounate,Urbain,Qualifiant,Année 1,Féminin,16,Mariage précoce,5–15 km,2000-4000 MAD,2,0,1
AB400166,2017-2018,Casablanca-Settat,CAS,Settat,Rural,Collégial,Année 3,Féminin,13,Mariage précoce,< 1 km,4000-7000 MAD,3,0,0
AB400167,2019-2020,Tanger-Tétouan-Al Hoceïma,TAN,Ouazzane,Urbain,Collégial,Année 2,Masculin,15,Autre,< 1 km,< 2000 MAD,2,0,1
AB400168,2023-2024,Tanger-Tétouan-Al Hoceïma,TAN,Chefchaouen,Urbain,Qualifiant,Année 2,Masculin,16,Travail enfant,> 15 km,4000-7000 MAD,3,0,0
AB400169,2018-2019,Oriental,ORI,Guercif,Rural,Primaire,Année 5,Masculin,8,Travail enfant,> 15 km,< 2000 MAD,7,1,0
AB400170,2022-2023,Tanger-Tétouan-Al Hoceïma,TAN,Tétouan,Rural,Qualifiant,Année 1,Masculin,17,Éloignement de l'établissement,< 1 km,4000-7000 MAD,7,0,1
AB400171,2021-2022,Tanger-Tétouan-Al Hoceïma,TAN,Mdiq-Fnideq,Rural,Collégial,Année 3,Féminin,14,Difficultés économiques,< 1 km,4000-7000 MAD,3,0,1
AB400172,2023-2024,Fès-Meknès,FES,Moulay Yacoub,Urbain,Collégial,Année 1,Masculin,14,Travail enfant,< 1 km,< 2000 MAD,4,0,1
AB400173,2016-2017,Marrakech-Safi,MAR,Al Haouz,Rural,Primaire,Année 1,Masculin,7,Manque d'infrastructures,< 1 km,> 7000 MAD,2,1,0
AB400174,2022-2023,Laâyoune-Sakia El Hamra,LAA,Es-Semara,Urbain,Qualifiant,Année 3,Féminin,17,Difficultés économiques,5–15 km,2000-4000 MAD,5,0,0
AB400175,2015-2016,Souss-Massa,SOU,Inezgane-Ait Melloul,Urbain,Collégial,Année 3,Féminin,15,Éloignement de l'établissement,5–15 km,< 2000 MAD,1,1,0
AB400176,2021-2022,Fès-Meknès,FES,Séfrou,Rural,Collégial,Année 1,Féminin,14,Travail enfant,1–5 km,< 2000 MAD,3,1,0
AB400177,2015-2016,Casablanca-Settat,CAS,Casablanca,Urbain,Qualifiant,Année 2,Féminin,17,Handicap,5–15 km,2000-4000 MAD,8,1,0
AB400178,2021-2022,Souss-Massa,SOU,Taroudannt,Urbain,Collégial,Année 3,Masculin,14,Difficultés scolaires,5–15 km,< 2000 MAD,2,0,0
AB400179,2022-2023,Tanger-Tétouan-Al Hoceïma,TAN,Fahs-Anjra,Rural,Collégial,Année 3,Féminin,13,Éloignement de l'établissement,5–15 km,< 2000 MAD,7,1,0
AB400180,2015-2016,Tanger-Tétouan-Al Hoceïma,TAN,Tanger-Assilah,Urbain,Collégial,Année 3,Féminin,14,Éloignement de l'établissement,5–15 km,2000-4000 MAD,4,1,1
AB400181,2016-2017,Oriental,ORI,Driouch,Urbain,Primaire,Année 6,Féminin,11,Travail enfant,> 15 km,4000-7000 MAD,4,1,0
AB400182,2017-2018,Béni Mellal-Khénifra,BMK,Béni Mellal,Rural,Collégial,Année 2,Féminin,13,Manque d'infrastructures,1–5 km,4000-7000 MAD,5,0,0
AB400183,2015-2016,Rabat-Salé-Kénitra,RAB,Khémisset,Rural,Primaire,Année 3,Féminin,8,Difficultés économiques,< 1 km,4000-7000 MAD,6,0,0
AB400184,2019-2020,Marrakech-Safi,MAR,Essaouira,Urbain,Collégial,Année 3,Masculin,13,Difficultés scolaires,5–15 km,4000-7000 MAD,8,1,0
AB400185,2016-2017,Rabat-Salé-Kénitra,RAB,Khémisset,Urbain,Collégial,Année 2,Masculin,13,Difficultés scolaires,1–5 km,4000-7000 MAD,7,1,0
AB400186,2018-2019,Souss-Massa,SOU,Taroudannt,Rural,Primaire,Année 4,Masculin,7,Difficultés économiques,5–15 km,4000-7000 MAD,1,1,1
AB400187,2023-2024,Marrakech-Safi,MAR,Chichaoua,Rural,Qualifiant,Année 2,Masculin,17,Difficultés scolaires,> 15 km,2000-4000 MAD,6,0,0
AB400188,2020-2021,Rabat-Salé-Kénitra,RAB,Skhirate-Témara,Rural,Qualifiant,Année 1,Masculin,18,Éloignement de l'établissement,1–5 km,4000-7000 MAD,6,0,0
AB400189,2019-2020,Rabat-Salé-Kénitra,RAB,Rabat,Urbain,Qualifiant,Année 1,Masculin,16,Travail enfant,1–5 km,> 7000 MAD,6,1,0
AB400190,2017-2018,Souss-Massa,SOU,Tata,Rural,Collégial,Année 2,Féminin,13,Difficultés scolaires,< 1 km,> 7000 MAD,8,1,1
AB400191,2023-2024,Drâa-Tafilalet,DRA,Ouarzazate,Rural,Qualifiant,Année 3,Masculin,16,Éloignement de l'établissement,1–5 km,2000-4000 MAD,2,0,0
AB400192,2022-2023,Casablanca-Settat,CAS,Khouribga,Urbain,Qualifiant,Année 1,Masculin,18,Grossesse,< 1 km,< 2000 MAD,2,0,0
AB400193,2018-2019,Fès-Meknès,FES,Fès,Rural,Collégial,Année 3,Masculin,14,Difficultés économiques,1–5 km,2000-4000 MAD,3,0,0
AB400194,2017-2018,Marrakech-Safi,MAR,Essaouira,Urbain,Collégial,Année 3,Féminin,13,Difficultés économiques,< 1 km,< 2000 MAD,1,0,0
AB400195,2019-2020,Fès-Meknès,FES,Fès,Urbain,Collégial,Année 1,Masculin,14,Difficultés économiques,< 1 km,4000-7000 MAD,5,1,0
AB400196,2017-2018,Fès-Meknès,FES,Moulay Yacoub,Rural,Primaire,Année 5,Féminin,9,Travail enfant,< 1 km,2000-4000 MAD,6,1,0
AB400197,2015-2016,Souss-Massa,SOU,Tiznit,Urbain,Collégial,Année 2,Féminin,14,Travail enfant,5–15 km,2000-4000 MAD,5,0,0
AB400198,2023-2024,Rabat-Salé-Kénitra,RAB,Sidi Kacem,Rural,Qualifiant,Année 3,Féminin,18,Difficultés scolaires,1–5 km,< 2000 MAD,3,1,0
AB400199,2017-2018,Tanger-Tétouan-Al Hoceïma,TAN,Fahs-Anjra,Rural,Qualifiant,Année 2,Masculin,17,Difficultés économiques,1–5 km,4000-7000 MAD,2,1,0
AB400200,2017-2018,Marrakech-Safi,MAR,Chichaoua,Rural,Collégial,Année 2,Masculin,14,Difficultés économiques,< 1 km,< 2000 MAD,5,1,0
AB400201,2022-2023,Oriental,ORI,Nador,Urbain,Qualifiant,Année 2,Masculin,18,Mariage précoce,5–15 km,< 2000 MAD,1,1,0
AB400202,2022-2023,Casablanca-Settat,CAS,El Jadida,Urbain,Collégial,Année 2,Masculin,13,Autre,> 15 km,< 2000 MAD,1,0,0
AB400203,2015-2016,Casablanca-Settat,CAS,Settat,Rural,Qualifiant,Année 2,Féminin,17,Travail enfant,< 1 km,4000-7000 MAD,5,1,1
AB400204,2023-2024,Casablanca-Settat,CAS,Settat,Urbain,Collégial,Année 1,Masculin,14,Difficultés scolaires,1–5 km,2000-4000 MAD,5,1,1
AB400205,2016-2017,Tanger-Tétouan-Al Hoceïma,TAN,Chefchaouen,Rural,Qualifiant,Année 1,Masculin,16,Difficultés économiques,1–5 km,2000-4000 MAD,2,1,1
AB400206,2021-2022,Casablanca-Settat,CAS,Berrechid,Urbain,Primaire,Année 6,Masculin,10,Autre,1–5 km,< 2000 MAD,2,0,1
AB400207,2022-2023,Dakhla-Oued Eddahab,DAK,Dakhla,Urbain,Primaire,Année 3,Masculin,11,Travail enfant,5–15 km,2000-4000 MAD,1,0,0
AB400208,2017-2018,Rabat-Salé-Kénitra,RAB,Salé,Rural,Collégial,Année 1,Féminin,13,Travail enfant,< 1 km,2000-4000 MAD,1,1,0
AB400209,2018-2019,Rabat-Salé-Kénitra,RAB,Salé,Urbain,Collégial,Année 3,Féminin,14,Difficultés économiques,5–15 km,4000-7000 MAD,7,1,1
AB400210,2023-2024,Tanger-Tétouan-Al Hoceïma,TAN,Mdiq-Fnideq,Rural,Collégial,Année 1,Féminin,13,Difficultés économiques,1–5 km,4000-7000 MAD,6,0,0
AB400211,2022-2023,Tanger-Tétouan-Al Hoceïma,TAN,Chefchaouen,Urbain,Collégial,Année 3,Féminin,14,Difficultés économiques,> 15 km,2000-4000 MAD,7,0,0
AB400212,2015-2016,Béni Mellal-Khénifra,BMK,Khouribga,Urbain,Collégial,Année 3,Masculin,15,Travail enfant,1–5 km,2000-4000 MAD,2,0,0
AB400213,2016-2017,Souss-Massa,SOU,Tiznit,Urbain,Collégial,Année 3,Féminin,15,Difficultés scolaires,1–5 km,4000-7000 MAD,6,1,0
AB400214,2018-2019,Fès-Meknès,FES,El Hajeb,Rural,Collégial,Année 1,Masculin,13,Difficultés scolaires,5–15 km,< 2000 MAD,6,0,0
AB400215,2015-2016,Fès-Meknès,FES,Fès,Urbain,Collégial,Année 2,Féminin,14,Éloignement de l'établissement,1–5 km,4000-7000 MAD,4,0,0
AB400216,2017-2018,Casablanca-Settat,CAS,El Jadida,Rural,Primaire,Année 6,Masculin,10,Manque d'infrastructures,5–15 km,< 2000 MAD,5,0,0
AB400217,2022-2023,Casablanca-Settat,CAS,Settat,Rural,Qualifiant,Année 2,Masculin,18,Éloignement de l'établissement,1–5 km,2000-4000 MAD,3,0,0
AB400218,2022-2023,Marrakech-Safi,MAR,Marrakech,Urbain,Primaire,Année 2,Féminin,9,Difficultés scolaires,< 1 km,< 2000 MAD,5,0,1
AB400219,2017-2018,Béni Mellal-Khénifra,BMK,Khouribga,Rural,Primaire,Année 5,Féminin,8,Travail enfant,< 1 km,2000-4000 MAD,4,1,0
AB400220,2019-2020,Béni Mellal-Khénifra,BMK,Azilal,Rural,Primaire,Année 3,Féminin,7,Difficultés économiques,< 1 km,2000-4000 MAD,8,1,0
AB400221,2015-2016,Fès-Meknès,FES,El Hajeb,Urbain,Collégial,Année 2,Masculin,13,Difficultés scolaires,1–5 km,4000-7000 MAD,3,0,1
AB400222,2022-2023,Casablanca-Settat,CAS,Settat,Rural,Collégial,Année 3,Féminin,15,Travail enfant,1–5 km,< 2000 MAD,7,1,0
AB400223,2016-2017,Fès-Meknès,FES,Ifrane,Rural,Primaire,Année 1,Féminin,12,Handicap,5–15 km,4000-7000 MAD,4,1,0
AB400224,2019-2020,Casablanca-Settat,CAS,Sidi Bennour,Rural,Qualifiant,Année 1,Féminin,16,Handicap,> 15 km,2000-4000 MAD,2,0,0
AB400225,2020-2021,Laâyoune-Sakia El Hamra,LAA,Boujdour,Rural,Primaire,Année 3,Féminin,8,Difficultés scolaires,< 1 km,< 2000 MAD,2,0,0
AB400226,2017-2018,Béni Mellal-Khénifra,BMK,Fquih Ben Salah,Urbain,Collégial,Année 1,Masculin,13,Travail enfant,5–15 km,2000-4000 MAD,1,1,1
AB400227,2020-2021,Souss-Massa,SOU,Tata,Rural,Collégial,Année 2,Masculin,13,Éloignement de l'établissement,1–5 km,> 7000 MAD,5,0,0
AB400228,2023-2024,Marrakech-Safi,MAR,Essaouira,Rural,Qualifiant,Année 3,Masculin,17,Difficultés scolaires,1–5 km,> 7000 MAD,7,1,0
AB400229,2021-2022,Fès-Meknès,FES,El Hajeb,Rural,Collégial,Année 2,Féminin,15,Travail enfant,< 1 km,2000-4000 MAD,6,1,0
AB400230,2018-2019,Casablanca-Settat,CAS,Mohammadia,Urbain,Collégial,Année 1,Féminin,14,Éloignement de l'établissement,< 1 km,2000-4000 MAD,5,0,1
AB400231,2015-2016,Rabat-Salé-Kénitra,RAB,Kénitra,Urbain,Qualifiant,Année 3,Masculin,16,Travail enfant,1–5 km,< 2000 MAD,4,1,0
AB400232,2017-2018,Casablanca-Settat,CAS,Sidi Bennour,Rural,Qualifiant,Année 2,Féminin,17,Difficultés scolaires,1–5 km,> 7000 MAD,3,0,0
AB400233,2023-2024,Casablanca-Settat,CAS,El Jadida,Urbain,Primaire,Année 4,Masculin,10,Difficultés scolaires,< 1 km,2000-4000 MAD,3,0,1
AB400234,2020-2021,Rabat-Salé-Kénitra,RAB,Kénitra,Urbain,Collégial,Année 2,Masculin,15,Travail enfant,5–15 km,2000-4000 MAD,3,0,1
AB400235,2021-2022,Casablanca-Settat,CAS,Casablanca,Urbain,Collégial,Année 3,Féminin,13,Mariage précoce,> 15 km,> 7000 MAD,6,1,0
AB400236,2022-2023,Marrakech-Safi,MAR,Safi,Rural,Collégial,Année 1,Féminin,15,Travail enfant,< 1 km,2000-4000 MAD,2,0,0
AB400237,2015-2016,Marrakech-Safi,MAR,Safi,Rural,Primaire,Année 6,Masculin,9,Travail enfant,> 15 km,< 2000 MAD,1,1,0
AB400238,2015-2016,Casablanca-Settat,CAS,El Jadida,Urbain,Collégial,Année 2,Masculin,15,Éloignement de l'établissement,5–15 km,< 2000 MAD,3,1,0
AB400239,2022-2023,Tanger-Tétouan-Al Hoceïma,TAN,Fahs-Anjra,Rural,Qualifiant,Année 2,Masculin,17,Difficultés économiques,1–5 km,< 2000 MAD,3,1,0
AB400240,2017-2018,Casablanca-Settat,CAS,Berrechid,Rural,Collégial,Année 1,Masculin,14,Travail enfant,1–5 km,> 7000 MAD,8,0,1
AB400241,2018-2019,Tanger-Tétouan-Al Hoceïma,TAN,Ouazzane,Urbain,Qualifiant,Année 1,Masculin,17,Travail enfant,> 15 km,4000-7000 MAD,5,1,1
AB400242,2021-2022,Béni Mellal-Khénifra,BMK,Azilal,Rural,Qualifiant,Année 1,Masculin,16,Difficultés économiques,1–5 km,4000-7000 MAD,7,0,1
AB400243,2020-2021,Casablanca-Settat,CAS,Mohammadia,Rural,Collégial,Année 1,Féminin,13,Difficultés économiques,1–5 km,2000-4000 MAD,6,0,0
AB400244,2019-2020,Fès-Meknès,FES,Séfrou,Rural,Collégial,Année 3,Masculin,13,Difficultés économiques,< 1 km,> 7000 MAD,3,0,1
AB400245,2017-2018,Rabat-Salé-Kénitra,RAB,Skhirate-Témara,Urbain,Collégial,Année 3,Masculin,14,Éloignement de l'établissement,1–5 km,4000-7000 MAD,2,1,0
AB400246,2018-2019,Drâa-Tafilalet,DRA,Tinghir,Rural,Qualifiant,Année 3,Féminin,17,Mariage précoce,> 15 km,4000-7000 MAD,3,0,1
AB400247,2019-2020,Béni Mellal-Khénifra,BMK,Fquih Ben Salah,Urbain,Collégial,Année 1,Féminin,13,Difficultés économiques,5–15 km,> 7000 MAD,8,1,0
AB400248,2020-2021,Tanger-Tétouan-Al Hoceïma,TAN,Tanger-Assilah,Rural,Primaire,Année 4,Féminin,10,Difficultés scolaires,> 15 km,< 2000 MAD,1,1,1
AB400249,2016-2017,Tanger-Tétouan-Al Hoceïma,TAN,Fahs-Anjra,Rural,Primaire,Année 4,Féminin,8,Éloignement de l'établissement,> 15 km,2000-4000 MAD,3,0,0
AB400250,2016-2017,Marrakech-Safi,MAR,Essaouira,Rural,Primaire,Année 5,Masculin,9,Manque d'infrastructures,< 1 km,2000-4000 MAD,4,1,0
AB400251,2021-2022,Fès-Meknès,FES,El Hajeb,Rural,Collégial,Année 2,Féminin,13,Difficultés économiques,1–5 km,4000-7000 MAD,1,1,0
AB400252,2023-2024,Fès-Meknès,FES,El Hajeb,Urbain,Qualifiant,Année 1,Masculin,18,Éloignement de l'établissement,> 15 km,> 7000 MAD,6,1,0
AB400253,2020-2021,Rabat-Salé-Kénitra,RAB,Kénitra,Urbain,Collégial,Année 2,Masculin,15,Mariage précoce,> 15 km,4000-7000 MAD,5,0,1
AB400254,2021-2022,Laâyoune-Sakia El Hamra,LAA,Es-Semara,Rural,Primaire,Année 2,Féminin,10,Difficultés économiques,5–15 km,2000-4000 MAD,8,1,1
AB400255,2018-2019,Fès-Meknès,FES,Moulay Yacoub,Urbain,Primaire,Année 4,Masculin,9,Éloignement de l'établissement,5–15 km,4000-7000 MAD,7,1,1
AB400256,2018-2019,Oriental,ORI,Oujda-Angad,Rural,Primaire,Année 5,Féminin,8,Travail enfant,1–5 km,4000-7000 MAD,4,1,0
AB400257,2019-2020,Casablanca-Settat,CAS,El Jadida,Rural,Collégial,Année 1,Masculin,13,Difficultés économiques,< 1 km,2000-4000 MAD,1,1,1
AB400258,2023-2024,Rabat-Salé-Kénitra,RAB,Rabat,Rural,Qualifiant,Année 3,Féminin,16,Travail enfant,5–15 km,2000-4000 MAD,5,1,0
AB400259,2020-2021,Oriental,ORI,Oujda-Angad,Rural,Qualifiant,Année 2,Masculin,16,Travail enfant,< 1 km,4000-7000 MAD,8,0,0
AB400260,2023-2024,Rabat-Salé-Kénitra,RAB,Skhirate-Témara,Urbain,Collégial,Année 1,Féminin,15,Difficultés économiques,< 1 km,4000-7000 MAD,6,1,0
AB400261,2019-2020,Oriental,ORI,Berkane,Rural,Primaire,Année 5,Féminin,7,Difficultés économiques,< 1 km,4000-7000 MAD,7,1,1
AB400262,2019-2020,Marrakech-Safi,MAR,Chichaoua,Rural,Qualifiant,Année 3,Masculin,17,Difficultés économiques,1–5 km,< 2000 MAD,1,1,1
AB400263,2021-2022,Fès-Meknès,FES,Séfrou,Rural,Primaire,Année 4,Féminin,9,Éloignement de l'établissement,< 1 km,2000-4000 MAD,3,1,0
AB400264,2021-2022,Casablanca-Settat,CAS,Mohammadia,Urbain,Qualifiant,Année 3,Féminin,17,Mariage précoce,< 1 km,4000-7000 MAD,8,0,0
AB400265,2020-2021,Rabat-Salé-Kénitra,RAB,Salé,Urbain,Collégial,Année 3,Féminin,15,Éloignement de l'établissement,< 1 km,2000-4000 MAD,4,1,0
AB400266,2016-2017,Fès-Meknès,FES,Taza,Urbain,Collégial,Année 2,Féminin,14,Travail enfant,< 1 km,2000-4000 MAD,5,1,1
AB400267,2017-2018,Tanger-Tétouan-Al Hoceïma,TAN,Larache,Urbain,Collégial,Année 2,Masculin,14,Travail enfant,1–5 km,4000-7000 MAD,4,1,0
AB400268,2019-2020,Rabat-Salé-Kénitra,RAB,Kénitra,Rural,Collégial,Année 3,Féminin,14,Manque d'infrastructures,< 1 km,2000-4000 MAD,5,0,0
AB400269,2016-2017,Béni Mellal-Khénifra,BMK,Fquih Ben Salah,Rural,Qualifiant,Année 3,Féminin,16,Éloignement de l'établissement,1–5 km,< 2000 MAD,8,0,0
AB400270,2019-2020,Rabat-Salé-Kénitra,RAB,Sidi Kacem,Rural,Qualifiant,Année 3,Masculin,18,Éloignement de l'établissement,< 1 km,> 7000 MAD,7,1,0
AB400271,2023-2024,Casablanca-Settat,CAS,Berrechid,Rural,Qualifiant,Année 3,Masculin,16,Manque d'infrastructures,> 15 km,< 2000 MAD,4,0,1
AB400272,2021-2022,Rabat-Salé-Kénitra,RAB,Khémisset,Urbain,Collégial,Année 1,Masculin,13,Mariage précoce,1–5 km,2000-4000 MAD,4,0,0
AB400273,2017-2018,Béni Mellal-Khénifra,BMK,Azilal,Rural,Collégial,Année 3,Masculin,15,Grossesse,1–5 km,2000-4000 MAD,2,1,1
AB400274,2018-2019,Oriental,ORI,Guercif,Urbain,Collégial,Année 2,Féminin,13,Éloignement de l'établissement,< 1 km,< 2000 MAD,1,0,1
AB400275,2016-2017,Drâa-Tafilalet,DRA,Errachidia,Urbain,Primaire,Année 4,Masculin,7,Manque d'infrastructures,< 1 km,4000-7000 MAD,1,0,0
AB400276,2016-2017,Fès-Meknès,FES,Ifrane,Rural,Qualifiant,Année 3,Féminin,16,Difficultés économiques,< 1 km,2000-4000 MAD,2,1,0
AB400277,2022-2023,Marrakech-Safi,MAR,Marrakech,Rural,Collégial,Année 3,Féminin,13,Éloignement de l'établissement,5–15 km,< 2000 MAD,7,1,0
AB400278,2020-2021,Casablanca-Settat,CAS,Settat,Urbain,Qualifiant,Année 1,Masculin,16,Difficultés économiques,< 1 km,2000-4000 MAD,5,1,0
AB400279,2016-2017,Casablanca-Settat,CAS,Mohammadia,Rural,Qualifiant,Année 1,Féminin,17,Difficultés scolaires,< 1 km,> 7000 MAD,7,1,1
AB400280,2021-2022,Marrakech-Safi,MAR,Essaouira,Urbain,Primaire,Année 6,Masculin,8,Manque d'infrastructures,< 1 km,< 2000 MAD,7,1,0
AB400281,2022-2023,Rabat-Salé-Kénitra,RAB,Salé,Rural,Primaire,Année 4,Masculin,10,Difficultés économiques,1–5 km,2000-4000 MAD,4,1,0
AB400282,2017-2018,Souss-Massa,SOU,Taroudannt,Urbain,Qualifiant,Année 3,Masculin,16,Éloignement de l'établissement,> 15 km,< 2000 MAD,2,0,0
AB400283,2021-2022,Marrakech-Safi,MAR,Essaouira,Urbain,Collégial,Année 2,Féminin,15,Difficultés économiques,< 1 km,2000-4000 MAD,7,0,0
AB400284,2021-2022,Marrakech-Safi,MAR,Essaouira,Rural,Collégial,Année 2,Féminin,13,Difficultés économiques,< 1 km,< 2000 MAD,3,0,1
AB400285,2016-2017,Tanger-Tétouan-Al Hoceïma,TAN,Tanger-Assilah,Urbain,Primaire,Année 3,Masculin,7,Difficultés économiques,< 1 km,4000-7000 MAD,3,0,0
AB400286,2020-2021,Tanger-Tétouan-Al Hoceïma,TAN,Mdiq-Fnideq,Urbain,Collégial,Année 2,Masculin,13,Difficultés scolaires,1–5 km,> 7000 MAD,3,0,1
AB400287,2021-2022,Fès-Meknès,FES,El Hajeb,Rural,Collégial,Année 2,Féminin,14,Éloignement de l'établissement,> 15 km,2000-4000 MAD,8,0,0
AB400288,2015-2016,Oriental,ORI,Oujda-Angad,Rural,Collégial,Année 1,Féminin,13,Difficultés scolaires,5–15 km,2000-4000 MAD,8,1,1
AB400289,2023-2024,Casablanca-Settat,CAS,Sidi Bennour,Rural,Primaire,Année 1,Masculin,12,Éloignement de l'établissement,1–5 km,< 2000 MAD,8,1,0
AB400290,2021-2022,Béni Mellal-Khénifra,BMK,Azilal,Urbain,Qualifiant,Année 2,Masculin,17,Autre,> 15 km,2000-4000 MAD,4,1,1
AB400291,2016-2017,Marrakech-Safi,MAR,Marrakech,Rural,Collégial,Année 2,Féminin,15,Éloignement de l'établissement,< 1 km,2000-4000 MAD,8,1,0
AB400292,2020-2021,Fès-Meknès,FES,Ifrane,Rural,Qualifiant,Année 1,Masculin,16,Difficultés économiques,1–5 km,> 7000 MAD,5,1,0
AB400293,2022-2023,Béni Mellal-Khénifra,BMK,Khouribga,Rural,Collégial,Année 3,Féminin,14,Travail enfant,1–5 km,4000-7000 MAD,7,1,0
AB400294,2016-2017,Marrakech-Safi,MAR,Youssoufia,Rural,Qualifiant,Année 1,Féminin,18,Éloignement de l'établissement,5–15 km,2000-4000 MAD,4,1,0
AB400295,2022-2023,Béni Mellal-Khénifra,BMK,Khouribga,Urbain,Collégial,Année 1,Masculin,13,Éloignement de l'établissement,5–15 km,2000-4000 MAD,7,0,0
AB400296,2016-2017,Souss-Massa,SOU,Tiznit,Urbain,Qualifiant,Année 1,Masculin,17,Autre,< 1 km,< 2000 MAD,6,1,0
AB400297,2021-2022,Drâa-Tafilalet,DRA,Ouarzazate,Rural,Collégial,Année 1,Masculin,13,Grossesse,< 1 km,> 7000 MAD,7,1,0
AB400298,2021-2022,Fès-Meknès,FES,Fès,Rural,Collégial,Année 1,Masculin,13,Éloignement de l'établissement,1–5 km,> 7000 MAD,4,0,0
AB400299,2022-2023,Tanger-Tétouan-Al Hoceïma,TAN,Chefchaouen,Urbain,Collégial,Année 3,Féminin,15,Difficultés scolaires,1–5 km,> 7000 MAD,6,1,0
AB400300,2016-2017,Béni Mellal-Khénifra,BMK,Azilal,Urbain,Primaire,Année 2,Masculin,8,Travail enfant,1–5 km,4000-7000 MAD,2,1,0
AB400301,2019-2020,Souss-Massa,SOU,Chtouka-Ait Baha,Urbain,Collégial,Année 2,Féminin,15,Éloignement de l'établissement,1–5 km,4000-7000 MAD,4,0,0
AB400302,2017-2018,Marrakech-Safi,MAR,El Kelaa des Sraghna,Rural,Primaire,Année 3,Féminin,12,Difficultés économiques,1–5 km,4000-7000 MAD,3,1,0
AB400303,2022-2023,Casablanca-Settat,CAS,Benslimane,Urbain,Qualifiant,Année 1,Masculin,17,Difficultés économiques,5–15 km,> 7000 MAD,8,1,0
AB400304,2019-2020,Souss-Massa,SOU,Tiznit,Urbain,Primaire,Année 1,Féminin,10,Travail enfant,1–5 km,4000-7000 MAD,5,1,0
AB400305,2018-2019,Casablanca-Settat,CAS,Khouribga,Rural,Collégial,Année 1,Féminin,14,Difficultés économiques,> 15 km,4000-7000 MAD,6,1,0
AB400306,2017-2018,Marrakech-Safi,MAR,Safi,Urbain,Primaire,Année 3,Masculin,12,Difficultés scolaires,1–5 km,2000-4000 MAD,5,1,0
AB400307,2015-2016,Marrakech-Safi,MAR,Essaouira,Rural,Collégial,Année 1,Féminin,14,Difficultés économiques,5–15 km,2000-4000 MAD,6,0,0
AB400308,2023-2024,Souss-Massa,SOU,Agadir-Ida-Ou-Tanane,Rural,Qualifiant,Année 1,Féminin,18,Difficultés économiques,1–5 km,< 2000 MAD,3,1,0
AB400309,2017-2018,Laâyoune-Sakia El Hamra,LAA,Es-Semara,Rural,Qualifiant,Année 2,Masculin,18,Manque d'infrastructures,1–5 km,> 7000 MAD,5,0,0
AB400310,2018-2019,Tanger-Tétouan-Al Hoceïma,TAN,Chefchaouen,Rural,Collégial,Année 1,Masculin,13,Travail enfant,1–5 km,4000-7000 MAD,6,0,0
AB400311,2022-2023,Tanger-Tétouan-Al Hoceïma,TAN,Chefchaouen,Rural,Primaire,Année 6,Féminin,7,Éloignement de l'établissement,< 1 km,4000-7000 MAD,7,0,0
AB400312,2019-2020,Casablanca-Settat,CAS,Khouribga,Urbain,Primaire,Année 5,Masculin,9,Difficultés économiques,5–15 km,> 7000 MAD,4,1,1
AB400313,2016-2017,Marrakech-Safi,MAR,Youssoufia,Rural,Qualifiant,Année 1,Féminin,17,Éloignement de l'établissement,< 1 km,4000-7000 MAD,1,1,0
AB400314,2016-2017,Fès-Meknès,FES,El Hajeb,Rural,Collégial,Année 1,Féminin,13,Difficultés économiques,1–5 km,< 2000 MAD,3,1,0
AB400315,2018-2019,Souss-Massa,SOU,Tiznit,Urbain,Primaire,Année 5,Masculin,11,Travail enfant,> 15 km,2000-4000 MAD,7,1,0
AB400316,2023-2024,Béni Mellal-Khénifra,BMK,Fquih Ben Salah,Rural,Collégial,Année 1,Féminin,13,Grossesse,> 15 km,2000-4000 MAD,1,0,0
AB400317,2017-2018,Marrakech-Safi,MAR,Marrakech,Urbain,Primaire,Année 4,Masculin,7,Difficultés économiques,> 15 km,> 7000 MAD,7,1,1
AB400318,2019-2020,Marrakech-Safi,MAR,Safi,Rural,Qualifiant,Année 1,Masculin,16,Mariage précoce,> 15 km,> 7000 MAD,4,1,0
AB400319,2016-2017,Béni Mellal-Khénifra,BMK,Azilal,Rural,Qualifiant,Année 3,Féminin,16,Difficultés économiques,1–5 km,4000-7000 MAD,7,1,0
AB400320,2017-2018,Fès-Meknès,FES,Boulemane,Rural,Primaire,Année 5,Féminin,8,Difficultés économiques,< 1 km,2000-4000 MAD,3,0,0
AB400321,2018-2019,Casablanca-Settat,CAS,Khouribga,Rural,Collégial,Année 3,Masculin,13,Difficultés scolaires,5–15 km,> 7000 MAD,6,0,0
AB400322,2021-2022,Oriental,ORI,Guercif,Urbain,Qualifiant,Année 1,Masculin,16,Difficultés scolaires,1–5 km,4000-7000 MAD,1,1,1
AB400323,2022-2023,Oriental,ORI,Oujda-Angad,Rural,Collégial,Année 3,Masculin,15,Éloignement de l'établissement,5–15 km,> 7000 MAD,6,0,1
AB400324,2020-2021,Marrakech-Safi,MAR,Chichaoua,Rural,Collégial,Année 3,Féminin,14,Grossesse,1–5 km,< 2000 MAD,1,0,0
AB400325,2022-2023,Drâa-Tafilalet,DRA,Midelt,Rural,Collégial,Année 1,Féminin,14,Travail enfant,1–5 km,< 2000 MAD,1,0,0
AB400326,2021-2022,Béni Mellal-Khénifra,BMK,Azilal,Urbain,Collégial,Année 2,Féminin,15,Travail enfant,< 1 km,< 2000 MAD,6,1,0
AB400327,2019-2020,Tanger-Tétouan-Al Hoceïma,TAN,Larache,Urbain,Qualifiant,Année 3,Masculin,16,Mariage précoce,< 1 km,2000-4000 MAD,5,1,0
AB400328,2015-2016,Casablanca-Settat,CAS,Settat,Rural,Collégial,Année 3,Masculin,15,Difficultés économiques,1–5 km,2000-4000 MAD,5,0,1
AB400329,2018-2019,Fès-Meknès,FES,Boulemane,Rural,Qualifiant,Année 3,Féminin,16,Éloignement de l'établissement,> 15 km,4000-7000 MAD,7,1,0
AB400330,2015-2016,Oriental,ORI,Nador,Rural,Qualifiant,Année 1,Masculin,18,Difficultés économiques,> 15 km,< 2000 MAD,3,0,1
AB400331,2018-2019,Fès-Meknès,FES,Moulay Yacoub,Urbain,Primaire,Année 6,Féminin,8,Difficultés économiques,< 1 km,> 7000 MAD,7,1,0
AB400332,2018-2019,Marrakech-Safi,MAR,Chichaoua,Urbain,Qualifiant,Année 1,Masculin,17,Difficultés économiques,1–5 km,4000-7000 MAD,7,1,0
AB400333,2015-2016,Souss-Massa,SOU,Inezgane-Ait Melloul,Urbain,Qualifiant,Année 3,Féminin,18,Éloignement de l'établissement,< 1 km,2000-4000 MAD,1,0,1
AB400334,2015-2016,Casablanca-Settat,CAS,Casablanca,Rural,Collégial,Année 2,Masculin,14,Mariage précoce,1–5 km,4000-7000 MAD,3,1,0
AB400335,2023-2024,Béni Mellal-Khénifra,BMK,Fquih Ben Salah,Urbain,Qualifiant,Année 1,Féminin,16,Travail enfant,< 1 km,2000-4000 MAD,7,1,1
AB400336,2020-2021,Souss-Massa,SOU,Tata,Urbain,Primaire,Année 5,Féminin,9,Difficultés scolaires,> 15 km,< 2000 MAD,6,0,1
AB400337,2018-2019,Fès-Meknès,FES,Taza,Rural,Collégial,Année 1,Masculin,14,Grossesse,5–15 km,< 2000 MAD,8,1,0
AB400338,2019-2020,Fès-Meknès,FES,Fès,Urbain,Primaire,Année 4,Féminin,10,Éloignement de l'établissement,< 1 km,< 2000 MAD,8,0,0
AB400339,2017-2018,Rabat-Salé-Kénitra,RAB,Rabat,Rural,Collégial,Année 1,Masculin,13,Difficultés économiques,> 15 km,2000-4000 MAD,1,0,0
AB400340,2022-2023,Rabat-Salé-Kénitra,RAB,Sidi Kacem,Rural,Primaire,Année 2,Féminin,11,Difficultés économiques,5–15 km,2000-4000 MAD,2,1,0
AB400341,2015-2016,Casablanca-Settat,CAS,El Jadida,Urbain,Qualifiant,Année 1,Masculin,16,Mariage précoce,5–15 km,< 2000 MAD,7,1,0
AB400342,2018-2019,Rabat-Salé-Kénitra,RAB,Sidi Slimane,Urbain,Qualifiant,Année 1,Masculin,17,Difficultés scolaires,5–15 km,< 2000 MAD,5,0,1
AB400343,2016-2017,Rabat-Salé-Kénitra,RAB,Sidi Slimane,Urbain,Primaire,Année 5,Féminin,12,Travail enfant,< 1 km,2000-4000 MAD,7,0,1
AB400344,2018-2019,Tanger-Tétouan-Al Hoceïma,TAN,Fahs-Anjra,Rural,Primaire,Année 3,Masculin,10,Autre,< 1 km,4000-7000 MAD,5,0,0
AB400345,2018-2019,Rabat-Salé-Kénitra,RAB,Skhirate-Témara,Rural,Qualifiant,Année 3,Masculin,16,Difficultés économiques,> 15 km,< 2000 MAD,2,1,0
AB400346,2020-2021,Casablanca-Settat,CAS,Benslimane,Rural,Primaire,Année 2,Féminin,11,Éloignement de l'établissement,1–5 km,2000-4000 MAD,1,0,1
AB400347,2015-2016,Casablanca-Settat,CAS,El Jadida,Rural,Qualifiant,Année 3,Féminin,17,Difficultés économiques,< 1 km,2000-4000 MAD,5,0,1
AB400348,2022-2023,Casablanca-Settat,CAS,Benslimane,Rural,Qualifiant,Année 3,Féminin,17,Mariage précoce,< 1 km,< 2000 MAD,3,0,0
AB400349,2016-2017,Souss-Massa,SOU,Tiznit,Urbain,Collégial,Année 2,Masculin,13,Difficultés économiques,> 15 km,> 7000 MAD,5,0,0
AB400350,2017-2018,Rabat-Salé-Kénitra,RAB,Rabat,Rural,Collégial,Année 1,Masculin,14,Difficultés économiques,1–5 km,4000-7000 MAD,7,1,0
AB400351,2020-2021,Fès-Meknès,FES,Ifrane,Urbain,Primaire,Année 4,Masculin,9,Difficultés scolaires,5–15 km,2000-4000 MAD,2,1,0
AB400352,2018-2019,Oriental,ORI,Nador,Rural,Primaire,Année 3,Masculin,9,Travail enfant,5–15 km,4000-7000 MAD,3,1,0
AB400353,2018-2019,Casablanca-Settat,CAS,El Jadida,Urbain,Qualifiant,Année 3,Masculin,17,Travail enfant,1–5 km,> 7000 MAD,3,1,0
AB400354,2017-2018,Fès-Meknès,FES,Fès,Rural,Collégial,Année 3,Féminin,14,Éloignement de l'établissement,1–5 km,4000-7000 MAD,4,1,1
AB400355,2023-2024,Guelmim-Oued Noun,GUE,Sidi Ifni,Rural,Qualifiant,Année 3,Féminin,18,Manque d'infrastructures,1–5 km,< 2000 MAD,6,0,1
AB400356,2017-2018,Tanger-Tétouan-Al Hoceïma,TAN,Chefchaouen,Rural,Qualifiant,Année 2,Masculin,16,Grossesse,5–15 km,4000-7000 MAD,1,0,0
AB400357,2019-2020,Fès-Meknès,FES,El Hajeb,Rural,Collégial,Année 3,Féminin,15,Difficultés économiques,< 1 km,< 2000 MAD,8,0,0
AB400358,2020-2021,Rabat-Salé-Kénitra,RAB,Sidi Slimane,Rural,Qualifiant,Année 2,Féminin,16,Difficultés économiques,1–5 km,> 7000 MAD,7,0,0
AB400359,2016-2017,Marrakech-Safi,MAR,Marrakech,Urbain,Collégial,Année 3,Masculin,14,Mariage précoce,< 1 km,< 2000 MAD,5,1,1
AB400360,2018-2019,Souss-Massa,SOU,Taroudannt,Urbain,Qualifiant,Année 3,Masculin,17,Difficultés scolaires,5–15 km,< 2000 MAD,8,1,0
AB400361,2022-2023,Fès-Meknès,FES,Meknès,Rural,Primaire,Année 3,Féminin,10,Difficultés économiques,> 15 km,4000-7000 MAD,7,1,0
AB400362,2017-2018,Oriental,ORI,Driouch,Rural,Primaire,Année 1,Masculin,9,Travail enfant,1–5 km,2000-4000 MAD,1,0,0
AB400363,2018-2019,Fès-Meknès,FES,Fès,Rural,Collégial,Année 3,Féminin,13,Travail enfant,< 1 km,2000-4000 MAD,1,1,0
AB400364,2017-2018,Marrakech-Safi,MAR,Chichaoua,Urbain,Primaire,Année 5,Féminin,11,Difficultés économiques,> 15 km,< 2000 MAD,4,0,0
AB400365,2021-2022,Casablanca-Settat,CAS,Sidi Bennour,Urbain,Primaire,Année 1,Masculin,7,Travail enfant,< 1 km,> 7000 MAD,8,1,1
AB400366,2015-2016,Casablanca-Settat,CAS,Casablanca,Rural,Collégial,Année 1,Masculin,13,Mariage précoce,1–5 km,< 2000 MAD,8,0,1
AB400367,2015-2016,Béni Mellal-Khénifra,BMK,Béni Mellal,Rural,Collégial,Année 1,Féminin,14,Mariage précoce,< 1 km,4000-7000 MAD,7,1,1
AB400368,2022-2023,Marrakech-Safi,MAR,El Kelaa des Sraghna,Rural,Collégial,Année 1,Féminin,15,Travail enfant,1–5 km,2000-4000 MAD,3,1,1
AB400369,2017-2018,Fès-Meknès,FES,Meknès,Rural,Primaire,Année 1,Masculin,10,Difficultés économiques,> 15 km,< 2000 MAD,6,0,0
AB400370,2017-2018,Oriental,ORI,Nador,Urbain,Primaire,Année 4,Masculin,9,Travail enfant,1–5 km,4000-7000 MAD,7,1,1
AB400371,2020-2021,Fès-Meknès,FES,Fès,Urbain,Qualifiant,Année 2,Masculin,16,Difficultés économiques,5–15 km,< 2000 MAD,8,1,0
AB400372,2015-2016,Marrakech-Safi,MAR,Marrakech,Urbain,Collégial,Année 1,Masculin,14,Travail enfant,< 1 km,4000-7000 MAD,6,1,1
AB400373,2021-2022,Rabat-Salé-Kénitra,RAB,Salé,Rural,Collégial,Année 3,Féminin,15,Éloignement de l'établissement,< 1 km,> 7000 MAD,3,0,0
AB400374,2021-2022,Marrakech-Safi,MAR,Al Haouz,Urbain,Primaire,Année 5,Féminin,12,Difficultés économiques,5–15 km,2000-4000 MAD,1,0,1
AB400375,2018-2019,Drâa-Tafilalet,DRA,Ouarzazate,Urbain,Primaire,Année 5,Féminin,9,Difficultés économiques,< 1 km,< 2000 MAD,2,1,0
AB400376,2016-2017,Tanger-Tétouan-Al Hoceïma,TAN,Larache,Rural,Collégial,Année 1,Masculin,15,Manque d'infrastructures,5–15 km,> 7000 MAD,5,1,0
AB400377,2016-2017,Marrakech-Safi,MAR,El Kelaa des Sraghna,Rural,Collégial,Année 3,Masculin,15,Éloignement de l'établissement,1–5 km,2000-4000 MAD,3,0,0
AB400378,2018-2019,Marrakech-Safi,MAR,Al Haouz,Urbain,Primaire,Année 6,Masculin,8,Difficultés scolaires,< 1 km,< 2000 MAD,4,0,0
AB400379,2020-2021,Fès-Meknès,FES,Fès,Rural,Collégial,Année 2,Masculin,13,Éloignement de l'établissement,< 1 km,4000-7000 MAD,3,1,0
AB400380,2023-2024,Fès-Meknès,FES,Moulay Yacoub,Rural,Collégial,Année 3,Masculin,13,Mariage précoce,1–5 km,> 7000 MAD,5,1,0
AB400381,2015-2016,Casablanca-Settat,CAS,Benslimane,Rural,Collégial,Année 2,Masculin,15,Mariage précoce,< 1 km,2000-4000 MAD,8,0,0
AB400382,2023-2024,Casablanca-Settat,CAS,Sidi Bennour,Urbain,Primaire,Année 5,Féminin,11,Éloignement de l'établissement,1–5 km,4000-7000 MAD,8,0,0
AB400383,2018-2019,Tanger-Tétouan-Al Hoceïma,TAN,Al Hoceïma,Rural,Collégial,Année 1,Masculin,14,Handicap,< 1 km,> 7000 MAD,3,1,1
AB400384,2021-2022,Casablanca-Settat,CAS,Mohammadia,Rural,Qualifiant,Année 3,Masculin,18,Éloignement de l'établissement,5–15 km,2000-4000 MAD,6,0,1
AB400385,2015-2016,Souss-Massa,SOU,Taroudannt,Urbain,Primaire,Année 1,Masculin,11,Difficultés scolaires,< 1 km,2000-4000 MAD,3,1,0
AB400386,2019-2020,Souss-Massa,SOU,Inezgane-Ait Melloul,Rural,Collégial,Année 2,Masculin,14,Travail enfant,5–15 km,< 2000 MAD,4,0,1
AB400387,2020-2021,Souss-Massa,SOU,Tata,Urbain,Collégial,Année 1,Féminin,15,Travail enfant,> 15 km,2000-4000 MAD,5,0,0
AB400388,2020-2021,Fès-Meknès,FES,Meknès,Urbain,Collégial,Année 3,Féminin,13,Manque d'infrastructures,< 1 km,< 2000 MAD,8,1,1
AB400389,2020-2021,Souss-Massa,SOU,Tiznit,Urbain,Primaire,Année 3,Masculin,7,Éloignement de l'établissement,1–5 km,< 2000 MAD,7,0,1
AB400390,2022-2023,Rabat-Salé-Kénitra,RAB,Sidi Slimane,Rural,Collégial,Année 3,Masculin,14,Éloignement de l'établissement,5–15 km,4000-7000 MAD,4,0,0
AB400391,2022-2023,Souss-Massa,SOU,Inezgane-Ait Melloul,Urbain,Collégial,Année 3,Féminin,14,Difficultés scolaires,5–15 km,2000-4000 MAD,7,0,0
AB400392,2020-2021,Béni Mellal-Khénifra,BMK,Khouribga,Urbain,Primaire,Année 4,Féminin,10,Difficultés scolaires,5–15 km,< 2000 MAD,3,0,0
AB400393,2018-2019,Oriental,ORI,Taourirt,Rural,Collégial,Année 3,Masculin,13,Autre,1–5 km,< 2000 MAD,3,1,0
AB400394,2017-2018,Marrakech-Safi,MAR,Al Haouz,Rural,Primaire,Année 3,Masculin,9,Difficultés économiques,1–5 km,> 7000 MAD,1,1,0
AB400395,2019-2020,Fès-Meknès,FES,Meknès,Urbain,Primaire,Année 6,Féminin,8,Éloignement de l'établissement,< 1 km,2000-4000 MAD,4,1,0
AB400396,2021-2022,Fès-Meknès,FES,Ifrane,Rural,Collégial,Année 1,Masculin,13,Handicap,> 15 km,2000-4000 MAD,5,0,0
AB400397,2017-2018,Rabat-Salé-Kénitra,RAB,Sidi Kacem,Urbain,Collégial,Année 3,Masculin,14,Travail enfant,> 15 km,2000-4000 MAD,2,1,0
AB400398,2020-2021,Fès-Meknès,FES,Taza,Urbain,Primaire,Année 3,Masculin,10,Travail enfant,< 1 km,4000-7000 MAD,4,0,0
AB400399,2015-2016,Marrakech-Safi,MAR,Youssoufia,Rural,Qualifiant,Année 2,Féminin,18,Handicap,> 15 km,> 7000 MAD,7,1,0
AB400400,2015-2016,Rabat-Salé-Kénitra,RAB,Sidi Slimane,Rural,Collégial,Année 2,Féminin,13,Travail enfant,1–5 km,4000-7000 MAD,5,1,0
AB400401,2023-2024,Souss-Massa,SOU,Tiznit,Rural,Collégial,Année 3,Masculin,13,Difficultés économiques,1–5 km,< 2000 MAD,6,0,0
AB400402,2015-2016,Oriental,ORI,Nador,Rural,Qualifiant,Année 1,Féminin,16,Mariage précoce,< 1 km,4000-7000 MAD,8,0,0
AB400403,2016-2017,Fès-Meknès,FES,Meknès,Urbain,Collégial,Année 2,Masculin,15,Éloignement de l'établissement,1–5 km,4000-7000 MAD,8,1,0
AB400404,2023-2024,Casablanca-Settat,CAS,Casablanca,Rural,Primaire,Année 2,Masculin,11,Difficultés scolaires,1–5 km,4000-7000 MAD,6,1,1
AB400405,2017-2018,Tanger-Tétouan-Al Hoceïma,TAN,Chefchaouen,Urbain,Qualifiant,Année 2,Féminin,16,Grossesse,1–5 km,< 2000 MAD,7,1,1
AB400406,2015-2016,Fès-Meknès,FES,Boulemane,Urbain,Collégial,Année 1,Masculin,15,Mariage précoce,5–15 km,2000-4000 MAD,3,1,0
AB400407,2022-2023,Rabat-Salé-Kénitra,RAB,Rabat,Urbain,Collégial,Année 1,Masculin,13,Difficultés scolaires,1–5 km,4000-7000 MAD,2,1,0
AB400408,2021-2022,Fès-Meknès,FES,Moulay Yacoub,Rural,Collégial,Année 3,Féminin,14,Difficultés économiques,> 15 km,< 2000 MAD,3,0,1
AB400409,2015-2016,Guelmim-Oued Noun,GUE,Guelmim,Rural,Collégial,Année 2,Féminin,14,Éloignement de l'établissement,> 15 km,< 2000 MAD,7,0,0
AB400410,2019-2020,Guelmim-Oued Noun,GUE,Assa-Zag,Urbain,Collégial,Année 2,Masculin,15,Difficultés scolaires,> 15 km,2000-4000 MAD,4,0,1
AB400411,2021-2022,Casablanca-Settat,CAS,El Jadida,Urbain,Collégial,Année 2,Masculin,13,Difficultés économiques,5–15 km,2000-4000 MAD,2,0,0
AB400412,2015-2016,Casablanca-Settat,CAS,Benslimane,Urbain,Collégial,Année 1,Masculin,13,Travail enfant,1–5 km,< 2000 MAD,1,1,0
AB400413,2017-2018,Casablanca-Settat,CAS,Casablanca,Rural,Collégial,Année 3,Féminin,14,Grossesse,> 15 km,< 2000 MAD,1,0,1
AB400414,2019-2020,Rabat-Salé-Kénitra,RAB,Khémisset,Rural,Qualifiant,Année 2,Féminin,18,Handicap,5–15 km,< 2000 MAD,4,0,0
AB400415,2018-2019,Rabat-Salé-Kénitra,RAB,Rabat,Rural,Collégial,Année 1,Masculin,13,Travail enfant,5–15 km,2000-4000 MAD,8,1,1
AB400416,2017-2018,Béni Mellal-Khénifra,BMK,El Kelaa des Sraghna,Urbain,Collégial,Année 2,Masculin,14,Autre,< 1 km,4000-7000 MAD,6,0,0
AB400417,2021-2022,Souss-Massa,SOU,Inezgane-Ait Melloul,Urbain,Primaire,Année 1,Masculin,9,Mariage précoce,5–15 km,< 2000 MAD,3,0,1
AB400418,2017-2018,Rabat-Salé-Kénitra,RAB,Salé,Urbain,Qualifiant,Année 3,Féminin,16,Mariage précoce,1–5 km,< 2000 MAD,1,0,0
AB400419,2018-2019,Béni Mellal-Khénifra,BMK,El Kelaa des Sraghna,Rural,Collégial,Année 1,Féminin,15,Mariage précoce,1–5 km,< 2000 MAD,2,0,1
AB400420,2021-2022,Oriental,ORI,Taourirt,Rural,Primaire,Année 1,Masculin,10,Difficultés économiques,1–5 km,< 2000 MAD,6,1,1
AB400421,2016-2017,Souss-Massa,SOU,Tata,Rural,Primaire,Année 5,Masculin,11,Difficultés économiques,1–5 km,< 2000 MAD,4,0,1
AB400422,2018-2019,Oriental,ORI,Driouch,Rural,Collégial,Année 1,Masculin,14,Mariage précoce,5–15 km,4000-7000 MAD,2,1,0
AB400423,2023-2024,Marrakech-Safi,MAR,Chichaoua,Rural,Qualifiant,Année 2,Masculin,17,Grossesse,1–5 km,< 2000 MAD,2,1,0
AB400424,2017-2018,Marrakech-Safi,MAR,Essaouira,Urbain,Primaire,Année 1,Féminin,8,Mariage précoce,< 1 km,2000-4000 MAD,6,0,1
AB400425,2022-2023,Casablanca-Settat,CAS,Berrechid,Urbain,Collégial,Année 3,Féminin,13,Difficultés économiques,1–5 km,< 2000 MAD,3,1,0
AB400426,2021-2022,Rabat-Salé-Kénitra,RAB,Salé,Urbain,Collégial,Année 3,Féminin,13,Difficultés scolaires,1–5 km,> 7000 MAD,5,0,0
AB400427,2019-2020,Souss-Massa,SOU,Taroudannt,Rural,Collégial,Année 3,Féminin,15,Difficultés économiques,1–5 km,> 7000 MAD,5,1,1
AB400428,2019-2020,Rabat-Salé-Kénitra,RAB,Khémisset,Urbain,Collégial,Année 2,Féminin,13,Difficultés économiques,1–5 km,< 2000 MAD,6,1,0
AB400429,2015-2016,Fès-Meknès,FES,Fès,Urbain,Collégial,Année 2,Masculin,13,Difficultés scolaires,> 15 km,> 7000 MAD,7,1,0
AB400430,2015-2016,Tanger-Tétouan-Al Hoceïma,TAN,Chefchaouen,Urbain,Qualifiant,Année 3,Féminin,17,Mariage précoce,1–5 km,< 2000 MAD,3,1,1
AB400431,2016-2017,Marrakech-Safi,MAR,El Kelaa des Sraghna,Rural,Collégial,Année 3,Féminin,14,Travail enfant,1–5 km,2000-4000 MAD,7,1,0
AB400432,2015-2016,Souss-Massa,SOU,Tiznit,Rural,Qualifiant,Année 2,Féminin,16,Mariage précoce,> 15 km,2000-4000 MAD,7,0,0
AB400433,2020-2021,Casablanca-Settat,CAS,Khouribga,Rural,Primaire,Année 5,Féminin,10,Difficultés économiques,> 15 km,2000-4000 MAD,5,1,0
AB400434,2019-2020,Rabat-Salé-Kénitra,RAB,Skhirate-Témara,Rural,Collégial,Année 1,Féminin,14,Difficultés scolaires,< 1 km,> 7000 MAD,2,1,0
AB400435,2018-2019,Marrakech-Safi,MAR,Essaouira,Rural,Primaire,Année 2,Masculin,9,Difficultés économiques,< 1 km,4000-7000 MAD,5,0,0
AB400436,2023-2024,Béni Mellal-Khénifra,BMK,El Kelaa des Sraghna,Rural,Primaire,Année 2,Masculin,10,Difficultés économiques,1–5 km,4000-7000 MAD,1,1,1
AB400437,2023-2024,Tanger-Tétouan-Al Hoceïma,TAN,Ouazzane,Urbain,Primaire,Année 1,Masculin,7,Difficultés économiques,5–15 km,< 2000 MAD,7,1,0
AB400438,2023-2024,Casablanca-Settat,CAS,El Jadida,Rural,Primaire,Année 6,Masculin,12,Difficultés économiques,1–5 km,2000-4000 MAD,1,1,0
AB400439,2021-2022,Marrakech-Safi,MAR,Al Haouz,Rural,Collégial,Année 1,Féminin,14,Mariage précoce,1–5 km,4000-7000 MAD,2,1,1
AB400440,2023-2024,Béni Mellal-Khénifra,BMK,Khouribga,Rural,Qualifiant,Année 1,Masculin,17,Travail enfant,5–15 km,4000-7000 MAD,7,1,0
AB400441,2022-2023,Béni Mellal-Khénifra,BMK,Béni Mellal,Rural,Qualifiant,Année 3,Masculin,18,Handicap,< 1 km,< 2000 MAD,1,1,0
AB400442,2016-2017,Tanger-Tétouan-Al Hoceïma,TAN,Mdiq-Fnideq,Rural,Primaire,Année 1,Masculin,7,Difficultés économiques,< 1 km,4000-7000 MAD,2,0,0
AB400443,2021-2022,Rabat-Salé-Kénitra,RAB,Salé,Rural,Qualifiant,Année 3,Féminin,18,Difficultés scolaires,1–5 km,4000-7000 MAD,4,1,0
AB400444,2015-2016,Fès-Meknès,FES,Ifrane,Rural,Collégial,Année 1,Féminin,15,Mariage précoce,< 1 km,> 7000 MAD,5,1,0
AB400445,2022-2023,Souss-Massa,SOU,Inezgane-Ait Melloul,Rural,Qualifiant,Année 2,Masculin,17,Mariage précoce,5–15 km,< 2000 MAD,8,1,0
AB400446,2021-2022,Béni Mellal-Khénifra,BMK,El Kelaa des Sraghna,Rural,Qualifiant,Année 3,Féminin,18,Mariage précoce,1–5 km,2000-4000 MAD,2,0,0
AB400447,2015-2016,Tanger-Tétouan-Al Hoceïma,TAN,Tanger-Assilah,Rural,Collégial,Année 1,Féminin,15,Difficultés économiques,< 1 km,4000-7000 MAD,5,0,0
AB400448,2020-2021,Oriental,ORI,Berkane,Rural,Primaire,Année 4,Masculin,9,Difficultés économiques,> 15 km,< 2000 MAD,4,0,1
AB400449,2020-2021,Souss-Massa,SOU,Inezgane-Ait Melloul,Urbain,Qualifiant,Année 2,Féminin,17,Mariage précoce,> 15 km,2000-4000 MAD,3,1,0
AB400450,2021-2022,Casablanca-Settat,CAS,Benslimane,Rural,Collégial,Année 1,Masculin,13,Travail enfant,1–5 km,2000-4000 MAD,6,1,0
AB400451,2022-2023,Marrakech-Safi,MAR,Al Haouz,Rural,Primaire,Année 4,Féminin,12,Travail enfant,< 1 km,2000-4000 MAD,2,1,0
AB400452,2021-2022,Marrakech-Safi,MAR,Al Haouz,Urbain,Primaire,Année 6,Masculin,10,Difficultés économiques,> 15 km,< 2000 MAD,6,1,0
AB400453,2020-2021,Fès-Meknès,FES,Fès,Urbain,Collégial,Année 1,Féminin,14,Difficultés économiques,< 1 km,2000-4000 MAD,3,1,0
AB400454,2016-2017,Béni Mellal-Khénifra,BMK,Fquih Ben Salah,Urbain,Collégial,Année 1,Féminin,13,Difficultés scolaires,1–5 km,> 7000 MAD,7,0,0
AB400455,2022-2023,Souss-Massa,SOU,Chtouka-Ait Baha,Rural,Qualifiant,Année 1,Masculin,17,Travail enfant,< 1 km,> 7000 MAD,1,1,1
AB400456,2019-2020,Tanger-Tétouan-Al Hoceïma,TAN,Mdiq-Fnideq,Urbain,Collégial,Année 3,Féminin,13,Éloignement de l'établissement,5–15 km,< 2000 MAD,5,1,0
AB400457,2020-2021,Souss-Massa,SOU,Tata,Urbain,Collégial,Année 2,Masculin,15,Mariage précoce,1–5 km,2000-4000 MAD,2,0,0
AB400458,2022-2023,Tanger-Tétouan-Al Hoceïma,TAN,Mdiq-Fnideq,Urbain,Collégial,Année 3,Masculin,13,Mariage précoce,1–5 km,4000-7000 MAD,2,0,0
AB400459,2020-2021,Rabat-Salé-Kénitra,RAB,Kénitra,Urbain,Primaire,Année 5,Masculin,8,Manque d'infrastructures,1–5 km,< 2000 MAD,4,1,0
AB400460,2015-2016,Marrakech-Safi,MAR,Al Haouz,Rural,Qualifiant,Année 1,Féminin,18,Difficultés économiques,5–15 km,4000-7000 MAD,7,1,0
AB400461,2019-2020,Rabat-Salé-Kénitra,RAB,Sidi Kacem,Rural,Primaire,Année 2,Masculin,8,Éloignement de l'établissement,1–5 km,< 2000 MAD,2,0,1
AB400462,2017-2018,Tanger-Tétouan-Al Hoceïma,TAN,Chefchaouen,Rural,Primaire,Année 1,Féminin,7,Difficultés économiques,1–5 km,2000-4000 MAD,8,1,0
AB400463,2021-2022,Oriental,ORI,Nador,Rural,Collégial,Année 1,Masculin,14,Éloignement de l'établissement,1–5 km,2000-4000 MAD,4,1,0
AB400464,2021-2022,Casablanca-Settat,CAS,Berrechid,Rural,Collégial,Année 3,Masculin,14,Difficultés économiques,1–5 km,4000-7000 MAD,4,0,0
AB400465,2020-2021,Rabat-Salé-Kénitra,RAB,Skhirate-Témara,Rural,Primaire,Année 3,Féminin,11,Difficultés économiques,< 1 km,2000-4000 MAD,4,1,0
AB400466,2018-2019,Drâa-Tafilalet,DRA,Midelt,Urbain,Collégial,Année 1,Féminin,15,Difficultés scolaires,1–5 km,2000-4000 MAD,4,0,0
AB400467,2019-2020,Drâa-Tafilalet,DRA,Errachidia,Urbain,Primaire,Année 6,Féminin,8,Travail enfant,> 15 km,2000-4000 MAD,7,0,1
AB400468,2020-2021,Fès-Meknès,FES,Taza,Urbain,Primaire,Année 2,Masculin,7,Éloignement de l'établissement,< 1 km,4000-7000 MAD,7,0,1
AB400469,2020-2021,Rabat-Salé-Kénitra,RAB,Khémisset,Rural,Primaire,Année 6,Masculin,10,Manque d'infrastructures,1–5 km,> 7000 MAD,7,0,0
AB400470,2015-2016,Drâa-Tafilalet,DRA,Errachidia,Urbain,Qualifiant,Année 1,Masculin,18,Travail enfant,> 15 km,2000-4000 MAD,5,0,0
AB400471,2019-2020,Béni Mellal-Khénifra,BMK,Azilal,Urbain,Primaire,Année 3,Masculin,11,Travail enfant,1–5 km,> 7000 MAD,2,0,0
AB400472,2019-2020,Rabat-Salé-Kénitra,RAB,Khémisset,Urbain,Qualifiant,Année 3,Féminin,17,Handicap,1–5 km,2000-4000 MAD,4,0,0
AB400473,2015-2016,Marrakech-Safi,MAR,El Kelaa des Sraghna,Urbain,Qualifiant,Année 3,Masculin,17,Difficultés économiques,> 15 km,2000-4000 MAD,7,1,0
AB400474,2017-2018,Tanger-Tétouan-Al Hoceïma,TAN,Ouazzane,Rural,Primaire,Année 5,Féminin,12,Éloignement de l'établissement,5–15 km,> 7000 MAD,6,0,1
AB400475,2017-2018,Casablanca-Settat,CAS,El Jadida,Urbain,Qualifiant,Année 1,Féminin,16,Difficultés scolaires,5–15 km,2000-4000 MAD,4,1,0
AB400476,2017-2018,Casablanca-Settat,CAS,Berrechid,Rural,Collégial,Année 2,Masculin,15,Difficultés économiques,1–5 km,> 7000 MAD,6,0,1
AB400477,2017-2018,Rabat-Salé-Kénitra,RAB,Khémisset,Urbain,Primaire,Année 4,Féminin,12,Éloignement de l'établissement,5–15 km,2000-4000 MAD,4,0,0
AB400478,2015-2016,Rabat-Salé-Kénitra,RAB,Kénitra,Rural,Collégial,Année 2,Masculin,15,Éloignement de l'établissement,1–5 km,2000-4000 MAD,2,1,0
AB400479,2017-2018,Fès-Meknès,FES,Ifrane,Urbain,Primaire,Année 6,Féminin,7,Travail enfant,1–5 km,2000-4000 MAD,5,0,1
AB400480,2019-2020,Béni Mellal-Khénifra,BMK,Fquih Ben Salah,Rural,Qualifiant,Année 3,Féminin,17,Travail enfant,5–15 km,2000-4000 MAD,1,0,1
AB400481,2017-2018,Marrakech-Safi,MAR,Chichaoua,Urbain,Qualifiant,Année 3,Masculin,18,Mariage précoce,< 1 km,4000-7000 MAD,7,0,0
AB400482,2023-2024,Rabat-Salé-Kénitra,RAB,Salé,Rural,Primaire,Année 4,Féminin,9,Travail enfant,1–5 km,< 2000 MAD,7,0,0
AB400483,2022-2023,Drâa-Tafilalet,DRA,Midelt,Urbain,Collégial,Année 3,Masculin,14,Difficultés économiques,1–5 km,2000-4000 MAD,8,0,0
AB400484,2022-2023,Oriental,ORI,Driouch,Rural,Qualifiant,Année 1,Féminin,17,Mariage précoce,> 15 km,< 2000 MAD,3,0,0
AB400485,2016-2017,Marrakech-Safi,MAR,Essaouira,Rural,Qualifiant,Année 1,Féminin,18,Autre,1–5 km,2000-4000 MAD,6,1,0
AB400486,2022-2023,Souss-Massa,SOU,Chtouka-Ait Baha,Rural,Primaire,Année 6,Masculin,12,Difficultés scolaires,> 15 km,> 7000 MAD,5,0,0
AB400487,2022-2023,Casablanca-Settat,CAS,Sidi Bennour,Rural,Collégial,Année 2,Masculin,13,Difficultés économiques,> 15 km,2000-4000 MAD,3,0,0
AB400488,2016-2017,Oriental,ORI,Driouch,Rural,Primaire,Année 4,Masculin,12,Travail enfant,< 1 km,< 2000 MAD,8,1,0
AB400489,2019-2020,Marrakech-Safi,MAR,Al Haouz,Urbain,Collégial,Année 3,Féminin,15,Difficultés économiques,< 1 km,2000-4000 MAD,8,1,0
AB400490,2023-2024,Rabat-Salé-Kénitra,RAB,Sidi Kacem,Rural,Primaire,Année 4,Masculin,12,Travail enfant,5–15 km,> 7000 MAD,1,0,1
AB400491,2016-2017,Fès-Meknès,FES,Séfrou,Urbain,Collégial,Année 3,Masculin,14,Mariage précoce,1–5 km,2000-4000 MAD,4,0,0
AB400492,2022-2023,Tanger-Tétouan-Al Hoceïma,TAN,Tanger-Assilah,Rural,Primaire,Année 1,Masculin,11,Travail enfant,1–5 km,> 7000 MAD,3,0,0
AB400493,2017-2018,Marrakech-Safi,MAR,Chichaoua,Rural,Collégial,Année 1,Masculin,14,Manque d'infrastructures,1–5 km,4000-7000 MAD,7,1,0
AB400494,2022-2023,Fès-Meknès,FES,Fès,Rural,Collégial,Année 2,Féminin,14,Éloignement de l'établissement,1–5 km,< 2000 MAD,1,0,0
AB400495,2022-2023,Tanger-Tétouan-Al Hoceïma,TAN,Larache,Rural,Collégial,Année 1,Féminin,15,Difficultés économiques,> 15 km,2000-4000 MAD,8,0,0
AB400496,2019-2020,Drâa-Tafilalet,DRA,Midelt,Urbain,Primaire,Année 1,Féminin,9,Travail enfant,< 1 km,4000-7000 MAD,8,1,0
AB400497,2018-2019,Casablanca-Settat,CAS,Khouribga,Urbain,Primaire,Année 2,Féminin,11,Difficultés économiques,1–5 km,4000-7000 MAD,5,0,0
AB400498,2016-2017,Tanger-Tétouan-Al Hoceïma,TAN,Ouazzane,Rural,Collégial,Année 3,Féminin,15,Difficultés économiques,< 1 km,4000-7000 MAD,1,1,1
AB400499,2015-2016,Rabat-Salé-Kénitra,RAB,Skhirate-Témara,Urbain,Collégial,Année 2,Masculin,14,Éloignement de l'établissement,< 1 km,2000-4000 MAD,8,1,0
AB400500,2021-2022,Oriental,ORI,Driouch,Rural,Collégial,Année 2,Féminin,14,Manque d'infrastructures,> 15 km,< 2000 MAD,7,1,0
AB400501,2022-2023,Casablanca-Settat,CAS,Casablanca,Urbain,Qualifiant,Année 1,Masculin,17,Manque d'infrastructures,> 15 km,2000-4000 MAD,7,0,0
AB400502,2018-2019,Casablanca-Settat,CAS,Benslimane,Urbain,Primaire,Année 6,Masculin,7,Difficultés scolaires,< 1 km,< 2000 MAD,6,0,0
AB400503,2021-2022,Marrakech-Safi,MAR,Marrakech,Urbain,Primaire,Année 1,Féminin,8,Difficultés économiques,1–5 km,< 2000 MAD,6,1,1
AB400504,2022-2023,Marrakech-Safi,MAR,Safi,Rural,Primaire,Année 6,Masculin,10,Mariage précoce,5–15 km,4000-7000 MAD,5,1,0
AB400505,2021-2022,Oriental,ORI,Driouch,Rural,Qualifiant,Année 1,Masculin,18,Éloignement de l'établissement,> 15 km,2000-4000 MAD,4,1,0
AB400506,2022-2023,Drâa-Tafilalet,DRA,Ouarzazate,Rural,Collégial,Année 1,Masculin,14,Mariage précoce,< 1 km,2000-4000 MAD,7,1,0
AB400507,2017-2018,Marrakech-Safi,MAR,Al Haouz,Rural,Qualifiant,Année 2,Masculin,16,Grossesse,1–5 km,4000-7000 MAD,4,1,0
AB400508,2018-2019,Oriental,ORI,Jerada,Rural,Collégial,Année 3,Masculin,14,Manque d'infrastructures,< 1 km,> 7000 MAD,5,1,0
AB400509,2017-2018,Rabat-Salé-Kénitra,RAB,Salé,Urbain,Qualifiant,Année 3,Féminin,17,Grossesse,< 1 km,< 2000 MAD,1,1,1
AB400510,2019-2020,Laâyoune-Sakia El Hamra,LAA,Tarfaya,Urbain,Primaire,Année 2,Masculin,7,Éloignement de l'établissement,> 15 km,< 2000 MAD,3,1,0
AB400511,2016-2017,Souss-Massa,SOU,Tiznit,Rural,Collégial,Année 1,Féminin,14,Difficultés scolaires,< 1 km,< 2000 MAD,2,0,0
AB400512,2015-2016,Fès-Meknès,FES,Fès,Rural,Primaire,Année 6,Féminin,7,Travail enfant,5–15 km,2000-4000 MAD,2,0,0
AB400513,2016-2017,Casablanca-Settat,CAS,El Jadida,Urbain,Collégial,Année 1,Féminin,13,Autre,> 15 km,2000-4000 MAD,2,1,0
AB400514,2016-2017,Casablanca-Settat,CAS,El Jadida,Rural,Primaire,Année 4,Masculin,12,Éloignement de l'établissement,1–5 km,< 2000 MAD,2,0,0
AB400515,2015-2016,Laâyoune-Sakia El Hamra,LAA,Tarfaya,Urbain,Collégial,Année 1,Féminin,15,Éloignement de l'établissement,5–15 km,< 2000 MAD,1,0,1
AB400516,2023-2024,Tanger-Tétouan-Al Hoceïma,TAN,Tétouan,Rural,Collégial,Année 1,Masculin,13,Handicap,> 15 km,2000-4000 MAD,4,0,0
AB400517,2016-2017,Casablanca-Settat,CAS,Benslimane,Rural,Collégial,Année 2,Féminin,14,Grossesse,< 1 km,2000-4000 MAD,7,0,1
AB400518,2015-2016,Béni Mellal-Khénifra,BMK,Fquih Ben Salah,Rural,Collégial,Année 3,Masculin,15,Mariage précoce,1–5 km,2000-4000 MAD,5,1,0
AB400519,2020-2021,Souss-Massa,SOU,Agadir-Ida-Ou-Tanane,Urbain,Qualifiant,Année 3,Masculin,16,Grossesse,< 1 km,2000-4000 MAD,7,1,1
AB400520,2019-2020,Béni Mellal-Khénifra,BMK,Azilal,Urbain,Collégial,Année 1,Féminin,15,Travail enfant,> 15 km,2000-4000 MAD,6,0,0
AB400521,2020-2021,Fès-Meknès,FES,Fès,Urbain,Qualifiant,Année 3,Masculin,18,Éloignement de l'établissement,5–15 km,> 7000 MAD,2,0,1
AB400522,2022-2023,Rabat-Salé-Kénitra,RAB,Rabat,Rural,Qualifiant,Année 2,Masculin,16,Difficultés scolaires,1–5 km,> 7000 MAD,1,0,0
AB400523,2016-2017,Fès-Meknès,FES,El Hajeb,Rural,Qualifiant,Année 3,Masculin,16,Difficultés scolaires,1–5 km,2000-4000 MAD,7,0,0
AB400524,2015-2016,Tanger-Tétouan-Al Hoceïma,TAN,Fahs-Anjra,Rural,Qualifiant,Année 3,Féminin,16,Autre,< 1 km,2000-4000 MAD,7,0,0
AB400525,2019-2020,Fès-Meknès,FES,Moulay Yacoub,Urbain,Collégial,Année 1,Masculin,15,Éloignement de l'établissement,< 1 km,> 7000 MAD,3,1,1
AB400526,2021-2022,Fès-Meknès,FES,Meknès,Rural,Qualifiant,Année 3,Féminin,16,Mariage précoce,> 15 km,2000-4000 MAD,5,1,0
AB400527,2017-2018,Guelmim-Oued Noun,GUE,Sidi Ifni,Rural,Collégial,Année 2,Masculin,13,Éloignement de l'établissement,> 15 km,< 2000 MAD,8,0,0
AB400528,2017-2018,Marrakech-Safi,MAR,Marrakech,Urbain,Qualifiant,Année 3,Féminin,17,Mariage précoce,5–15 km,2000-4000 MAD,3,1,0
AB400529,2015-2016,Souss-Massa,SOU,Chtouka-Ait Baha,Rural,Qualifiant,Année 3,Masculin,18,Difficultés économiques,1–5 km,4000-7000 MAD,3,0,1
AB400530,2022-2023,Oriental,ORI,Guercif,Urbain,Qualifiant,Année 1,Masculin,17,Manque d'infrastructures,> 15 km,< 2000 MAD,6,1,0
AB400531,2021-2022,Casablanca-Settat,CAS,Benslimane,Urbain,Qualifiant,Année 3,Féminin,16,Travail enfant,5–15 km,2000-4000 MAD,5,1,1
AB400532,2022-2023,Béni Mellal-Khénifra,BMK,El Kelaa des Sraghna,Rural,Collégial,Année 1,Féminin,15,Difficultés scolaires,1–5 km,< 2000 MAD,7,1,0
AB400533,2017-2018,Tanger-Tétouan-Al Hoceïma,TAN,Tanger-Assilah,Urbain,Primaire,Année 1,Masculin,11,Difficultés scolaires,1–5 km,< 2000 MAD,4,0,0
AB400534,2021-2022,Drâa-Tafilalet,DRA,Ouarzazate,Rural,Collégial,Année 3,Féminin,14,Difficultés économiques,< 1 km,< 2000 MAD,7,0,0
AB400535,2016-2017,Casablanca-Settat,CAS,Mohammadia,Urbain,Collégial,Année 1,Masculin,13,Mariage précoce,1–5 km,< 2000 MAD,1,0,0
AB400536,2018-2019,Souss-Massa,SOU,Tata,Urbain,Primaire,Année 3,Masculin,9,Difficultés économiques,> 15 km,> 7000 MAD,8,0,1
AB400537,2021-2022,Casablanca-Settat,CAS,Benslimane,Urbain,Collégial,Année 2,Féminin,15,Difficultés économiques,1–5 km,4000-7000 MAD,2,1,0
AB400538,2020-2021,Rabat-Salé-Kénitra,RAB,Skhirate-Témara,Rural,Collégial,Année 1,Masculin,15,Mariage précoce,1–5 km,< 2000 MAD,2,1,0
AB400539,2023-2024,Marrakech-Safi,MAR,El Kelaa des Sraghna,Urbain,Primaire,Année 5,Féminin,12,Difficultés économiques,5–15 km,4000-7000 MAD,5,0,1
AB400540,2015-2016,Casablanca-Settat,CAS,Sidi Bennour,Rural,Primaire,Année 4,Masculin,10,Travail enfant,1–5 km,2000-4000 MAD,7,0,0
AB400541,2017-2018,Casablanca-Settat,CAS,Khouribga,Rural,Qualifiant,Année 2,Féminin,17,Mariage précoce,> 15 km,2000-4000 MAD,6,1,0
AB400542,2018-2019,Casablanca-Settat,CAS,Mohammadia,Urbain,Collégial,Année 1,Masculin,13,Travail enfant,5–15 km,2000-4000 MAD,4,1,0
AB400543,2018-2019,Fès-Meknès,FES,Ifrane,Rural,Primaire,Année 5,Féminin,10,Éloignement de l'établissement,< 1 km,2000-4000 MAD,3,1,0
AB400544,2016-2017,Casablanca-Settat,CAS,Sidi Bennour,Urbain,Collégial,Année 3,Masculin,13,Difficultés économiques,5–15 km,< 2000 MAD,2,1,0
AB400545,2022-2023,Fès-Meknès,FES,Taounate,Urbain,Collégial,Année 1,Féminin,15,Difficultés scolaires,1–5 km,> 7000 MAD,4,0,1
AB400546,2017-2018,Béni Mellal-Khénifra,BMK,Khouribga,Rural,Collégial,Année 1,Féminin,14,Difficultés économiques,1–5 km,< 2000 MAD,4,0,0
AB400547,2018-2019,Fès-Meknès,FES,Meknès,Urbain,Primaire,Année 1,Masculin,7,Mariage précoce,5–15 km,< 2000 MAD,3,1,0
AB400548,2015-2016,Oriental,ORI,Nador,Urbain,Qualifiant,Année 3,Masculin,17,Difficultés économiques,< 1 km,2000-4000 MAD,2,1,1
AB400549,2017-2018,Marrakech-Safi,MAR,Youssoufia,Urbain,Qualifiant,Année 1,Masculin,17,Mariage précoce,1–5 km,4000-7000 MAD,2,0,0
AB400550,2022-2023,Rabat-Salé-Kénitra,RAB,Khémisset,Urbain,Collégial,Année 3,Féminin,15,Mariage précoce,1–5 km,4000-7000 MAD,6,0,0
AB400551,2022-2023,Fès-Meknès,FES,Séfrou,Urbain,Collégial,Année 2,Masculin,15,Mariage précoce,1–5 km,4000-7000 MAD,4,0,0
AB400552,2022-2023,Laâyoune-Sakia El Hamra,LAA,Boujdour,Rural,Collégial,Année 2,Masculin,15,Travail enfant,< 1 km,2000-4000 MAD,5,0,0
AB400553,2020-2021,Fès-Meknès,FES,Taounate,Urbain,Qualifiant,Année 2,Masculin,16,Éloignement de l'établissement,5–15 km,4000-7000 MAD,2,0,0
AB400554,2022-2023,Oriental,ORI,Figuig,Urbain,Collégial,Année 2,Masculin,14,Éloignement de l'établissement,1–5 km,> 7000 MAD,8,1,0
AB400555,2015-2016,Oriental,ORI,Taourirt,Rural,Qualifiant,Année 1,Masculin,17,Difficultés économiques,1–5 km,< 2000 MAD,6,0,0
AB400556,2020-2021,Marrakech-Safi,MAR,El Kelaa des Sraghna,Rural,Primaire,Année 4,Féminin,9,Mariage précoce,< 1 km,4000-7000 MAD,7,0,0
AB400557,2022-2023,Marrakech-Safi,MAR,Essaouira,Urbain,Collégial,Année 3,Masculin,15,Difficultés scolaires,< 1 km,< 2000 MAD,4,0,0
AB400558,2015-2016,Fès-Meknès,FES,Séfrou,Urbain,Collégial,Année 1,Féminin,13,Éloignement de l'établissement,< 1 km,< 2000 MAD,3,1,1
AB400559,2022-2023,Oriental,ORI,Berkane,Rural,Collégial,Année 1,Masculin,13,Manque d'infrastructures,1–5 km,> 7000 MAD,4,0,1
AB400560,2020-2021,Rabat-Salé-Kénitra,RAB,Khémisset,Urbain,Qualifiant,Année 2,Masculin,17,Grossesse,1–5 km,< 2000 MAD,8,1,1
AB400561,2015-2016,Marrakech-Safi,MAR,Chichaoua,Rural,Qualifiant,Année 1,Masculin,17,Difficultés économiques,1–5 km,> 7000 MAD,6,0,0
AB400562,2019-2020,Casablanca-Settat,CAS,Casablanca,Rural,Collégial,Année 3,Féminin,13,Travail enfant,5–15 km,< 2000 MAD,1,1,0
AB400563,2018-2019,Tanger-Tétouan-Al Hoceïma,TAN,Tétouan,Rural,Qualifiant,Année 2,Masculin,16,Éloignement de l'établissement,< 1 km,< 2000 MAD,1,1,1
AB400564,2018-2019,Casablanca-Settat,CAS,Mohammadia,Rural,Primaire,Année 4,Masculin,7,Manque d'infrastructures,< 1 km,< 2000 MAD,7,0,0
AB400565,2021-2022,Tanger-Tétouan-Al Hoceïma,TAN,Larache,Urbain,Primaire,Année 6,Masculin,9,Travail enfant,5–15 km,4000-7000 MAD,5,0,0
AB400566,2018-2019,Béni Mellal-Khénifra,BMK,El Kelaa des Sraghna,Rural,Qualifiant,Année 3,Féminin,17,Handicap,< 1 km,< 2000 MAD,7,1,0
AB400567,2022-2023,Fès-Meknès,FES,Fès,Rural,Primaire,Année 4,Féminin,7,Difficultés économiques,> 15 km,< 2000 MAD,7,1,1
AB400568,2022-2023,Oriental,ORI,Driouch,Urbain,Qualifiant,Année 2,Masculin,16,Manque d'infrastructures,1–5 km,< 2000 MAD,2,0,0
AB400569,2017-2018,Marrakech-Safi,MAR,Marrakech,Urbain,Primaire,Année 4,Masculin,7,Éloignement de l'établissement,< 1 km,< 2000 MAD,7,1,0
AB400570,2016-2017,Tanger-Tétouan-Al Hoceïma,TAN,Tétouan,Rural,Primaire,Année 2,Masculin,10,Travail enfant,1–5 km,4000-7000 MAD,1,1,1
AB400571,2015-2016,Casablanca-Settat,CAS,Sidi Bennour,Urbain,Primaire,Année 2,Masculin,8,Travail enfant,1–5 km,2000-4000 MAD,6,0,0
AB400572,2021-2022,Casablanca-Settat,CAS,Casablanca,Urbain,Primaire,Année 4,Masculin,7,Manque d'infrastructures,< 1 km,4000-7000 MAD,4,1,1
AB400573,2018-2019,Fès-Meknès,FES,Taounate,Rural,Primaire,Année 3,Masculin,8,Grossesse,< 1 km,2000-4000 MAD,1,1,1
AB400574,2018-2019,Tanger-Tétouan-Al Hoceïma,TAN,Mdiq-Fnideq,Rural,Collégial,Année 1,Féminin,13,Travail enfant,> 15 km,< 2000 MAD,8,1,0
AB400575,2017-2018,Casablanca-Settat,CAS,Sidi Bennour,Urbain,Collégial,Année 1,Féminin,14,Difficultés scolaires,< 1 km,< 2000 MAD,4,0,0
AB400576,2020-2021,Souss-Massa,SOU,Agadir-Ida-Ou-Tanane,Urbain,Collégial,Année 3,Masculin,15,Difficultés économiques,5–15 km,< 2000 MAD,5,0,1
AB400577,2016-2017,Rabat-Salé-Kénitra,RAB,Kénitra,Rural,Primaire,Année 6,Masculin,12,Manque d'infrastructures,1–5 km,< 2000 MAD,1,1,0
AB400578,2021-2022,Béni Mellal-Khénifra,BMK,Khouribga,Rural,Collégial,Année 3,Masculin,15,Autre,1–5 km,< 2000 MAD,5,0,0
AB400579,2015-2016,Fès-Meknès,FES,Fès,Rural,Collégial,Année 1,Masculin,15,Difficultés scolaires,< 1 km,4000-7000 MAD,6,0,1
AB400580,2022-2023,Tanger-Tétouan-Al Hoceïma,TAN,Ouazzane,Rural,Qualifiant,Année 2,Féminin,17,Mariage précoce,< 1 km,4000-7000 MAD,3,0,1
AB400581,2022-2023,Marrakech-Safi,MAR,Chichaoua,Rural,Collégial,Année 3,Masculin,13,Manque d'infrastructures,< 1 km,2000-4000 MAD,8,0,0
AB400582,2020-2021,Marrakech-Safi,MAR,Essaouira,Urbain,Primaire,Année 1,Masculin,8,Éloignement de l'établissement,> 15 km,4000-7000 MAD,7,0,1
AB400583,2016-2017,Tanger-Tétouan-Al Hoceïma,TAN,Tétouan,Rural,Collégial,Année 2,Masculin,14,Manque d'infrastructures,< 1 km,2000-4000 MAD,3,0,0
AB400584,2022-2023,Laâyoune-Sakia El Hamra,LAA,Laâyoune,Rural,Collégial,Année 1,Masculin,14,Éloignement de l'établissement,1–5 km,4000-7000 MAD,5,0,0
AB400585,2022-2023,Fès-Meknès,FES,Moulay Yacoub,Rural,Qualifiant,Année 3,Féminin,18,Difficultés scolaires,> 15 km,2000-4000 MAD,7,1,1
AB400586,2020-2021,Drâa-Tafilalet,DRA,Zagora,Urbain,Collégial,Année 2,Féminin,14,Mariage précoce,5–15 km,4000-7000 MAD,8,0,0
AB400587,2015-2016,Casablanca-Settat,CAS,Casablanca,Urbain,Qualifiant,Année 2,Féminin,16,Éloignement de l'établissement,1–5 km,2000-4000 MAD,2,0,0
AB400588,2021-2022,Oriental,ORI,Jerada,Rural,Primaire,Année 4,Masculin,12,Travail enfant,1–5 km,2000-4000 MAD,1,1,0
AB400589,2016-2017,Marrakech-Safi,MAR,Safi,Rural,Collégial,Année 3,Féminin,15,Travail enfant,< 1 km,2000-4000 MAD,2,0,0
AB400590,2015-2016,Souss-Massa,SOU,Inezgane-Ait Melloul,Rural,Collégial,Année 1,Masculin,15,Difficultés économiques,1–5 km,2000-4000 MAD,8,1,0
AB400591,2015-2016,Marrakech-Safi,MAR,Chichaoua,Urbain,Qualifiant,Année 1,Masculin,18,Mariage précoce,< 1 km,< 2000 MAD,3,0,0
AB400592,2015-2016,Souss-Massa,SOU,Tiznit,Urbain,Primaire,Année 1,Masculin,12,Travail enfant,5–15 km,< 2000 MAD,6,1,1
AB400593,2019-2020,Rabat-Salé-Kénitra,RAB,Sidi Kacem,Rural,Qualifiant,Année 3,Féminin,18,Autre,1–5 km,< 2000 MAD,6,1,0
AB400594,2022-2023,Béni Mellal-Khénifra,BMK,Fquih Ben Salah,Rural,Primaire,Année 1,Féminin,9,Autre,5–15 km,> 7000 MAD,5,0,0
AB400595,2015-2016,Rabat-Salé-Kénitra,RAB,Sidi Slimane,Rural,Collégial,Année 3,Féminin,14,Difficultés économiques,1–5 km,< 2000 MAD,7,1,0
AB400596,2021-2022,Rabat-Salé-Kénitra,RAB,Skhirate-Témara,Rural,Collégial,Année 1,Masculin,13,Difficultés économiques,1–5 km,2000-4000 MAD,3,0,0
AB400597,2021-2022,Drâa-Tafilalet,DRA,Tinghir,Rural,Primaire,Année 1,Masculin,10,Mariage précoce,> 15 km,2000-4000 MAD,4,1,0
AB400598,2021-2022,Fès-Meknès,FES,Taza,Urbain,Collégial,Année 2,Masculin,13,Difficultés scolaires,5–15 km,< 2000 MAD,4,0,0
AB400599,2022-2023,Casablanca-Settat,CAS,Sidi Bennour,Urbain,Collégial,Année 1,Féminin,13,Difficultés économiques,1–5 km,< 2000 MAD,4,0,1
AB400600,2016-2017,Fès-Meknès,FES,Ifrane,Urbain,Collégial,Année 2,Féminin,15,Difficultés économiques,< 1 km,< 2000 MAD,8,0,0
AB400601,2020-2021,Souss-Massa,SOU,Tata,Rural,Qualifiant,Année 2,Masculin,16,Travail enfant,> 15 km,2000-4000 MAD,3,1,0
AB400602,2020-2021,Drâa-Tafilalet,DRA,Zagora,Rural,Qualifiant,Année 3,Féminin,18,Difficultés scolaires,< 1 km,2000-4000 MAD,8,1,0
AB400603,2018-2019,Oriental,ORI,Guercif,Rural,Primaire,Année 6,Masculin,9,Éloignement de l'établissement,< 1 km,2000-4000 MAD,2,1,1
AB400604,2018-2019,Marrakech-Safi,MAR,Marrakech,Urbain,Collégial,Année 2,Masculin,15,Difficultés scolaires,1–5 km,4000-7000 MAD,7,0,0
AB400605,2016-2017,Casablanca-Settat,CAS,Casablanca,Rural,Collégial,Année 3,Masculin,14,Éloignement de l'établissement,< 1 km,2000-4000 MAD,4,0,0
AB400606,2021-2022,Casablanca-Settat,CAS,Khouribga,Urbain,Collégial,Année 2,Féminin,15,Mariage précoce,1–5 km,4000-7000 MAD,6,1,0
AB400607,2022-2023,Tanger-Tétouan-Al Hoceïma,TAN,Tétouan,Rural,Collégial,Année 3,Féminin,14,Difficultés scolaires,1–5 km,4000-7000 MAD,1,1,0
AB400608,2016-2017,Souss-Massa,SOU,Agadir-Ida-Ou-Tanane,Rural,Collégial,Année 2,Féminin,14,Difficultés économiques,> 15 km,< 2000 MAD,5,0,1
AB400609,2023-2024,Fès-Meknès,FES,Fès,Rural,Primaire,Année 4,Masculin,11,Difficultés économiques,1–5 km,> 7000 MAD,8,1,0
AB400610,2015-2016,Rabat-Salé-Kénitra,RAB,Khémisset,Urbain,Qualifiant,Année 1,Masculin,16,Difficultés scolaires,1–5 km,> 7000 MAD,5,0,0
AB400611,2022-2023,Casablanca-Settat,CAS,Casablanca,Rural,Collégial,Année 2,Féminin,13,Travail enfant,< 1 km,2000-4000 MAD,2,0,0
AB400612,2023-2024,Béni Mellal-Khénifra,BMK,Béni Mellal,Urbain,Primaire,Année 1,Masculin,12,Manque d'infrastructures,< 1 km,2000-4000 MAD,5,1,0
AB400613,2016-2017,Casablanca-Settat,CAS,Sidi Bennour,Rural,Collégial,Année 3,Féminin,13,Difficultés scolaires,< 1 km,4000-7000 MAD,1,0,0
AB400614,2020-2021,Casablanca-Settat,CAS,Casablanca,Urbain,Primaire,Année 3,Masculin,11,Difficultés scolaires,1–5 km,2000-4000 MAD,4,0,0
AB400615,2021-2022,Tanger-Tétouan-Al Hoceïma,TAN,Tétouan,Urbain,Primaire,Année 6,Masculin,7,Mariage précoce,< 1 km,2000-4000 MAD,4,1,0
AB400616,2023-2024,Rabat-Salé-Kénitra,RAB,Skhirate-Témara,Rural,Collégial,Année 3,Masculin,14,Difficultés économiques,5–15 km,4000-7000 MAD,2,0,0
AB400617,2021-2022,Béni Mellal-Khénifra,BMK,El Kelaa des Sraghna,Urbain,Collégial,Année 1,Féminin,15,Difficultés économiques,< 1 km,4000-7000 MAD,6,0,0
AB400618,2017-2018,Casablanca-Settat,CAS,Khouribga,Urbain,Collégial,Année 2,Masculin,13,Difficultés économiques,> 15 km,< 2000 MAD,8,0,0
AB400619,2020-2021,Casablanca-Settat,CAS,Casablanca,Rural,Qualifiant,Année 2,Féminin,17,Manque d'infrastructures,< 1 km,2000-4000 MAD,3,0,1
AB400620,2018-2019,Rabat-Salé-Kénitra,RAB,Sidi Slimane,Urbain,Collégial,Année 1,Masculin,14,Difficultés économiques,< 1 km,4000-7000 MAD,4,1,0
AB400621,2016-2017,Marrakech-Safi,MAR,Safi,Rural,Collégial,Année 3,Masculin,14,Difficultés scolaires,< 1 km,4000-7000 MAD,8,0,0
AB400622,2021-2022,Marrakech-Safi,MAR,Marrakech,Rural,Primaire,Année 3,Masculin,11,Manque d'infrastructures,> 15 km,< 2000 MAD,6,1,0
AB400623,2022-2023,Drâa-Tafilalet,DRA,Zagora,Rural,Collégial,Année 1,Féminin,13,Manque d'infrastructures,1–5 km,< 2000 MAD,5,1,1
AB400624,2020-2021,Fès-Meknès,FES,Fès,Rural,Qualifiant,Année 3,Masculin,16,Difficultés scolaires,< 1 km,> 7000 MAD,4,0,0
AB400625,2019-2020,Marrakech-Safi,MAR,Safi,Urbain,Primaire,Année 5,Féminin,9,Travail enfant,< 1 km,< 2000 MAD,1,0,0
AB400626,2023-2024,Tanger-Tétouan-Al Hoceïma,TAN,Chefchaouen,Urbain,Qualifiant,Année 1,Masculin,16,Travail enfant,1–5 km,4000-7000 MAD,1,1,0
AB400627,2016-2017,Rabat-Salé-Kénitra,RAB,Sidi Slimane,Urbain,Primaire,Année 3,Masculin,8,Éloignement de l'établissement,> 15 km,4000-7000 MAD,4,0,0
AB400628,2019-2020,Fès-Meknès,FES,Séfrou,Rural,Collégial,Année 3,Féminin,15,Éloignement de l'établissement,< 1 km,2000-4000 MAD,7,1,0
AB400629,2020-2021,Rabat-Salé-Kénitra,RAB,Sidi Kacem,Rural,Collégial,Année 3,Masculin,13,Éloignement de l'établissement,1–5 km,< 2000 MAD,3,0,1
AB400630,2019-2020,Fès-Meknès,FES,Moulay Yacoub,Urbain,Primaire,Année 4,Masculin,11,Handicap,1–5 km,< 2000 MAD,8,1,1
AB400631,2019-2020,Béni Mellal-Khénifra,BMK,Khouribga,Rural,Primaire,Année 4,Masculin,9,Travail enfant,> 15 km,4000-7000 MAD,3,1,0
AB400632,2021-2022,Casablanca-Settat,CAS,Settat,Rural,Qualifiant,Année 3,Féminin,17,Éloignement de l'établissement,< 1 km,2000-4000 MAD,5,1,1
AB400633,2020-2021,Marrakech-Safi,MAR,Essaouira,Rural,Collégial,Année 2,Féminin,15,Difficultés scolaires,< 1 km,2000-4000 MAD,4,1,1
AB400634,2022-2023,Rabat-Salé-Kénitra,RAB,Sidi Slimane,Rural,Primaire,Année 3,Masculin,9,Mariage précoce,< 1 km,4000-7000 MAD,4,0,1
AB400635,2016-2017,Tanger-Tétouan-Al Hoceïma,TAN,Al Hoceïma,Urbain,Qualifiant,Année 2,Masculin,16,Mariage précoce,< 1 km,> 7000 MAD,3,0,0
AB400636,2018-2019,Casablanca-Settat,CAS,Casablanca,Rural,Primaire,Année 3,Masculin,11,Travail enfant,< 1 km,2000-4000 MAD,8,1,0
AB400637,2015-2016,Tanger-Tétouan-Al Hoceïma,TAN,Tétouan,Rural,Collégial,Année 1,Masculin,15,Difficultés économiques,> 15 km,< 2000 MAD,1,1,0
AB400638,2023-2024,Souss-Massa,SOU,Agadir-Ida-Ou-Tanane,Urbain,Primaire,Année 6,Masculin,7,Difficultés scolaires,> 15 km,< 2000 MAD,3,1,0
AB400639,2023-2024,Casablanca-Settat,CAS,El Jadida,Urbain,Qualifiant,Année 1,Féminin,18,Difficultés économiques,< 1 km,4000-7000 MAD,2,0,0
AB400640,2022-2023,Guelmim-Oued Noun,GUE,Sidi Ifni,Urbain,Primaire,Année 2,Féminin,8,Autre,> 15 km,2000-4000 MAD,4,0,1
AB400641,2015-2016,Rabat-Salé-Kénitra,RAB,Kénitra,Rural,Collégial,Année 1,Masculin,13,Travail enfant,> 15 km,< 2000 MAD,2,0,0
AB400642,2015-2016,Rabat-Salé-Kénitra,RAB,Sidi Kacem,Rural,Primaire,Année 6,Féminin,11,Mariage précoce,5–15 km,2000-4000 MAD,5,1,0
AB400643,2018-2019,Souss-Massa,SOU,Tiznit,Rural,Primaire,Année 3,Masculin,7,Difficultés scolaires,5–15 km,< 2000 MAD,5,1,0
AB400644,2021-2022,Béni Mellal-Khénifra,BMK,Azilal,Urbain,Qualifiant,Année 3,Féminin,16,Difficultés scolaires,1–5 km,4000-7000 MAD,4,0,0
AB400645,2023-2024,Rabat-Salé-Kénitra,RAB,Kénitra,Urbain,Primaire,Année 2,Masculin,10,Travail enfant,< 1 km,4000-7000 MAD,1,1,1
AB400646,2021-2022,Marrakech-Safi,MAR,Essaouira,Urbain,Primaire,Année 5,Féminin,7,Éloignement de l'établissement,< 1 km,4000-7000 MAD,6,0,0
AB400647,2020-2021,Béni Mellal-Khénifra,BMK,Azilal,Urbain,Collégial,Année 3,Féminin,15,Manque d'infrastructures,1–5 km,< 2000 MAD,5,0,0
AB400648,2020-2021,Fès-Meknès,FES,El Hajeb,Urbain,Collégial,Année 2,Masculin,15,Travail enfant,< 1 km,> 7000 MAD,6,1,1
AB400649,2021-2022,Drâa-Tafilalet,DRA,Ouarzazate,Rural,Primaire,Année 2,Féminin,9,Éloignement de l'établissement,< 1 km,4000-7000 MAD,8,0,0
AB400650,2018-2019,Marrakech-Safi,MAR,Youssoufia,Rural,Primaire,Année 2,Masculin,7,Manque d'infrastructures,< 1 km,2000-4000 MAD,5,0,0
AB400651,2023-2024,Rabat-Salé-Kénitra,RAB,Sidi Kacem,Rural,Primaire,Année 1,Féminin,12,Manque d'infrastructures,< 1 km,< 2000 MAD,7,1,1
AB400652,2016-2017,Fès-Meknès,FES,Taza,Rural,Collégial,Année 2,Féminin,14,Manque d'infrastructures,< 1 km,2000-4000 MAD,5,1,0
AB400653,2015-2016,Oriental,ORI,Figuig,Rural,Collégial,Année 3,Féminin,13,Travail enfant,1–5 km,4000-7000 MAD,7,1,0
AB400654,2016-2017,Tanger-Tétouan-Al Hoceïma,TAN,Ouazzane,Rural,Primaire,Année 6,Masculin,12,Difficultés économiques,5–15 km,< 2000 MAD,5,0,0
AB400655,2019-2020,Tanger-Tétouan-Al Hoceïma,TAN,Larache,Urbain,Primaire,Année 4,Féminin,8,Autre,> 15 km,2000-4000 MAD,8,0,0
AB400656,2023-2024,Casablanca-Settat,CAS,Berrechid,Rural,Primaire,Année 2,Masculin,10,Manque d'infrastructures,< 1 km,< 2000 MAD,5,1,0
AB400657,2023-2024,Fès-Meknès,FES,Ifrane,Rural,Primaire,Année 4,Féminin,11,Éloignement de l'établissement,> 15 km,2000-4000 MAD,8,0,0
AB400658,2023-2024,Rabat-Salé-Kénitra,RAB,Kénitra,Rural,Qualifiant,Année 3,Masculin,17,Difficultés scolaires,1–5 km,4000-7000 MAD,1,0,0
AB400659,2019-2020,Béni Mellal-Khénifra,BMK,Khouribga,Rural,Primaire,Année 2,Masculin,11,Difficultés économiques,< 1 km,> 7000 MAD,8,0,0
AB400660,2016-2017,Fès-Meknès,FES,Taza,Urbain,Collégial,Année 1,Féminin,14,Manque d'infrastructures,1–5 km,2000-4000 MAD,8,0,0
AB400661,2018-2019,Marrakech-Safi,MAR,Essaouira,Urbain,Primaire,Année 2,Féminin,12,Difficultés économiques,5–15 km,< 2000 MAD,2,0,0
AB400662,2021-2022,Casablanca-Settat,CAS,Berrechid,Rural,Collégial,Année 1,Féminin,14,Travail enfant,< 1 km,< 2000 MAD,4,1,1
AB400663,2016-2017,Fès-Meknès,FES,Ifrane,Urbain,Collégial,Année 2,Masculin,15,Difficultés scolaires,> 15 km,> 7000 MAD,3,1,1
AB400664,2021-2022,Rabat-Salé-Kénitra,RAB,Rabat,Rural,Collégial,Année 2,Féminin,14,Difficultés économiques,5–15 km,2000-4000 MAD,5,0,0
AB400665,2022-2023,Marrakech-Safi,MAR,El Kelaa des Sraghna,Urbain,Primaire,Année 2,Féminin,10,Travail enfant,> 15 km,< 2000 MAD,5,1,0
AB400666,2016-2017,Casablanca-Settat,CAS,Mohammadia,Rural,Primaire,Année 5,Masculin,12,Difficultés économiques,1–5 km,4000-7000 MAD,4,0,1
AB400667,2021-2022,Souss-Massa,SOU,Taroudannt,Rural,Collégial,Année 1,Masculin,13,Difficultés économiques,< 1 km,> 7000 MAD,3,0,0
AB400668,2017-2018,Oriental,ORI,Jerada,Urbain,Collégial,Année 2,Féminin,13,Travail enfant,> 15 km,4000-7000 MAD,5,1,1
AB400669,2016-2017,Casablanca-Settat,CAS,Mohammadia,Urbain,Collégial,Année 1,Masculin,14,Manque d'infrastructures,< 1 km,2000-4000 MAD,3,1,0
AB400670,2017-2018,Drâa-Tafilalet,DRA,Zagora,Urbain,Collégial,Année 1,Masculin,15,Difficultés économiques,5–15 km,2000-4000 MAD,4,1,0
AB400671,2018-2019,Marrakech-Safi,MAR,Youssoufia,Urbain,Qualifiant,Année 2,Féminin,18,Difficultés économiques,5–15 km,4000-7000 MAD,6,0,1
AB400672,2015-2016,Casablanca-Settat,CAS,Settat,Rural,Qualifiant,Année 1,Féminin,17,Mariage précoce,< 1 km,2000-4000 MAD,8,1,0
AB400673,2017-2018,Oriental,ORI,Driouch,Urbain,Primaire,Année 1,Masculin,11,Éloignement de l'établissement,< 1 km,4000-7000 MAD,3,0,0
AB400674,2019-2020,Marrakech-Safi,MAR,El Kelaa des Sraghna,Rural,Primaire,Année 3,Féminin,9,Travail enfant,< 1 km,4000-7000 MAD,4,0,0
AB400675,2021-2022,Casablanca-Settat,CAS,Casablanca,Rural,Qualifiant,Année 1,Masculin,17,Manque d'infrastructures,< 1 km,2000-4000 MAD,2,0,1
AB400676,2019-2020,Oriental,ORI,Figuig,Rural,Collégial,Année 1,Masculin,15,Travail enfant,5–15 km,2000-4000 MAD,8,0,0
AB400677,2022-2023,Souss-Massa,SOU,Agadir-Ida-Ou-Tanane,Urbain,Primaire,Année 3,Masculin,11,Travail enfant,1–5 km,< 2000 MAD,2,0,0
AB400678,2016-2017,Fès-Meknès,FES,Boulemane,Rural,Primaire,Année 2,Féminin,11,Difficultés scolaires,1–5 km,2000-4000 MAD,4,0,0
AB400679,2019-2020,Marrakech-Safi,MAR,Safi,Urbain,Primaire,Année 3,Féminin,12,Difficultés économiques,< 1 km,< 2000 MAD,2,0,0
AB400680,2019-2020,Marrakech-Safi,MAR,Chichaoua,Rural,Primaire,Année 6,Masculin,9,Manque d'infrastructures,1–5 km,2000-4000 MAD,7,0,0
AB400681,2017-2018,Oriental,ORI,Taourirt,Urbain,Collégial,Année 2,Masculin,14,Difficultés économiques,1–5 km,4000-7000 MAD,5,1,0
AB400682,2019-2020,Souss-Massa,SOU,Taroudannt,Urbain,Collégial,Année 1,Masculin,14,Travail enfant,< 1 km,> 7000 MAD,6,0,1
AB400683,2022-2023,Casablanca-Settat,CAS,Benslimane,Rural,Qualifiant,Année 3,Masculin,16,Travail enfant,1–5 km,4000-7000 MAD,2,1,0
AB400684,2022-2023,Casablanca-Settat,CAS,Benslimane,Urbain,Primaire,Année 3,Masculin,11,Travail enfant,5–15 km,2000-4000 MAD,6,1,0
AB400685,2015-2016,Oriental,ORI,Driouch,Urbain,Primaire,Année 3,Masculin,9,Difficultés scolaires,> 15 km,4000-7000 MAD,7,0,1
AB400686,2020-2021,Drâa-Tafilalet,DRA,Midelt,Rural,Qualifiant,Année 3,Féminin,17,Difficultés économiques,> 15 km,> 7000 MAD,2,1,0
AB400687,2021-2022,Casablanca-Settat,CAS,Mohammadia,Urbain,Qualifiant,Année 1,Masculin,17,Éloignement de l'établissement,5–15 km,> 7000 MAD,5,0,0
AB400688,2019-2020,Béni Mellal-Khénifra,BMK,Azilal,Rural,Primaire,Année 3,Masculin,7,Difficultés économiques,1–5 km,2000-4000 MAD,2,1,0
AB400689,2019-2020,Oriental,ORI,Oujda-Angad,Rural,Primaire,Année 6,Féminin,9,Éloignement de l'établissement,1–5 km,4000-7000 MAD,7,0,1
AB400690,2017-2018,Béni Mellal-Khénifra,BMK,El Kelaa des Sraghna,Urbain,Qualifiant,Année 2,Masculin,17,Éloignement de l'établissement,1–5 km,2000-4000 MAD,8,1,1
AB400691,2020-2021,Casablanca-Settat,CAS,Khouribga,Urbain,Collégial,Année 1,Masculin,15,Difficultés économiques,1–5 km,> 7000 MAD,3,0,1
AB400692,2018-2019,Fès-Meknès,FES,El Hajeb,Rural,Collégial,Année 3,Masculin,14,Mariage précoce,> 15 km,< 2000 MAD,4,0,0
AB400693,2017-2018,Marrakech-Safi,MAR,Chichaoua,Urbain,Collégial,Année 1,Féminin,13,Manque d'infrastructures,5–15 km,< 2000 MAD,2,0,0
AB400694,2018-2019,Fès-Meknès,FES,Meknès,Urbain,Collégial,Année 2,Masculin,13,Éloignement de l'établissement,< 1 km,4000-7000 MAD,3,0,1
AB400695,2021-2022,Casablanca-Settat,CAS,Sidi Bennour,Urbain,Primaire,Année 3,Masculin,11,Travail enfant,1–5 km,< 2000 MAD,3,0,0
AB400696,2016-2017,Tanger-Tétouan-Al Hoceïma,TAN,Larache,Rural,Primaire,Année 2,Féminin,12,Difficultés scolaires,> 15 km,4000-7000 MAD,1,0,0
AB400697,2017-2018,Fès-Meknès,FES,Fès,Urbain,Collégial,Année 1,Féminin,13,Difficultés économiques,> 15 km,2000-4000 MAD,7,1,0
AB400698,2023-2024,Casablanca-Settat,CAS,Khouribga,Rural,Qualifiant,Année 2,Masculin,18,Difficultés scolaires,5–15 km,2000-4000 MAD,1,1,0
AB400699,2016-2017,Béni Mellal-Khénifra,BMK,El Kelaa des Sraghna,Rural,Primaire,Année 2,Masculin,7,Difficultés économiques,1–5 km,< 2000 MAD,4,0,1
AB400700,2017-2018,Fès-Meknès,FES,Séfrou,Rural,Qualifiant,Année 3,Féminin,17,Travail enfant,1–5 km,4000-7000 MAD,3,1,0
AB400701,2020-2021,Fès-Meknès,FES,Taza,Rural,Primaire,Année 6,Féminin,9,Difficultés économiques,5–15 km,2000-4000 MAD,8,0,0
AB400702,2020-2021,Casablanca-Settat,CAS,Mohammadia,Rural,Primaire,Année 5,Masculin,12,Éloignement de l'établissement,1–5 km,4000-7000 MAD,7,0,1
AB400703,2018-2019,Marrakech-Safi,MAR,El Kelaa des Sraghna,Rural,Qualifiant,Année 1,Masculin,17,Éloignement de l'établissement,5–15 km,2000-4000 MAD,7,1,1
AB400704,2015-2016,Marrakech-Safi,MAR,El Kelaa des Sraghna,Rural,Collégial,Année 1,Masculin,14,Mariage précoce,> 15 km,< 2000 MAD,7,0,0
AB400705,2015-2016,Béni Mellal-Khénifra,BMK,El Kelaa des Sraghna,Urbain,Collégial,Année 2,Masculin,13,Difficultés économiques,5–15 km,4000-7000 MAD,8,1,0
AB400706,2016-2017,Marrakech-Safi,MAR,Al Haouz,Rural,Qualifiant,Année 1,Masculin,18,Difficultés scolaires,1–5 km,4000-7000 MAD,7,1,0
AB400707,2016-2017,Casablanca-Settat,CAS,Casablanca,Urbain,Collégial,Année 2,Féminin,13,Difficultés économiques,< 1 km,2000-4000 MAD,5,1,1
AB400708,2019-2020,Béni Mellal-Khénifra,BMK,El Kelaa des Sraghna,Rural,Collégial,Année 1,Masculin,13,Grossesse,1–5 km,< 2000 MAD,7,0,0
AB400709,2022-2023,Marrakech-Safi,MAR,Marrakech,Rural,Qualifiant,Année 1,Masculin,17,Travail enfant,< 1 km,< 2000 MAD,4,0,0
AB400710,2016-2017,Tanger-Tétouan-Al Hoceïma,TAN,Fahs-Anjra,Rural,Primaire,Année 3,Masculin,12,Éloignement de l'établissement,< 1 km,> 7000 MAD,5,1,0
AB400711,2018-2019,Casablanca-Settat,CAS,Khouribga,Urbain,Collégial,Année 3,Masculin,15,Éloignement de l'établissement,> 15 km,4000-7000 MAD,5,0,0
AB400712,2018-2019,Marrakech-Safi,MAR,Al Haouz,Urbain,Collégial,Année 2,Féminin,13,Difficultés économiques,< 1 km,4000-7000 MAD,2,0,0
AB400713,2017-2018,Tanger-Tétouan-Al Hoceïma,TAN,Mdiq-Fnideq,Rural,Qualifiant,Année 1,Féminin,17,Grossesse,< 1 km,2000-4000 MAD,6,1,0
AB400714,2015-2016,Marrakech-Safi,MAR,Safi,Urbain,Collégial,Année 3,Féminin,14,Mariage précoce,< 1 km,< 2000 MAD,3,1,0
AB400715,2016-2017,Fès-Meknès,FES,Séfrou,Urbain,Collégial,Année 1,Féminin,14,Éloignement de l'établissement,1–5 km,2000-4000 MAD,7,1,0
AB400716,2017-2018,Marrakech-Safi,MAR,Essaouira,Urbain,Qualifiant,Année 1,Masculin,18,Difficultés économiques,< 1 km,> 7000 MAD,8,1,0
AB400717,2017-2018,Marrakech-Safi,MAR,Marrakech,Rural,Collégial,Année 1,Féminin,13,Grossesse,< 1 km,2000-4000 MAD,7,0,0
AB400718,2022-2023,Rabat-Salé-Kénitra,RAB,Sidi Slimane,Urbain,Collégial,Année 1,Masculin,15,Difficultés économiques,1–5 km,4000-7000 MAD,8,1,0
AB400719,2016-2017,Casablanca-Settat,CAS,Khouribga,Rural,Qualifiant,Année 1,Féminin,18,Grossesse,1–5 km,< 2000 MAD,6,0,1
AB400720,2021-2022,Marrakech-Safi,MAR,Chichaoua,Urbain,Qualifiant,Année 3,Masculin,18,Manque d'infrastructures,1–5 km,< 2000 MAD,1,1,0
AB400721,2023-2024,Casablanca-Settat,CAS,Berrechid,Rural,Primaire,Année 5,Masculin,7,Travail enfant,< 1 km,2000-4000 MAD,6,1,0
AB400722,2022-2023,Casablanca-Settat,CAS,Berrechid,Urbain,Collégial,Année 1,Féminin,13,Mariage précoce,< 1 km,2000-4000 MAD,6,1,0
AB400723,2022-2023,Fès-Meknès,FES,El Hajeb,Urbain,Primaire,Année 1,Masculin,11,Travail enfant,< 1 km,4000-7000 MAD,1,1,1
AB400724,2017-2018,Rabat-Salé-Kénitra,RAB,Rabat,Rural,Collégial,Année 2,Masculin,14,Travail enfant,1–5 km,< 2000 MAD,5,0,0
AB400725,2016-2017,Casablanca-Settat,CAS,Benslimane,Rural,Primaire,Année 6,Féminin,12,Travail enfant,> 15 km,4000-7000 MAD,1,0,0
AB400726,2018-2019,Casablanca-Settat,CAS,Settat,Rural,Primaire,Année 6,Féminin,12,Difficultés économiques,< 1 km,4000-7000 MAD,2,0,1
AB400727,2022-2023,Oriental,ORI,Nador,Rural,Collégial,Année 2,Féminin,15,Difficultés scolaires,1–5 km,> 7000 MAD,3,0,1
AB400728,2015-2016,Marrakech-Safi,MAR,El Kelaa des Sraghna,Urbain,Primaire,Année 2,Féminin,9,Mariage précoce,1–5 km,< 2000 MAD,4,1,1
AB400729,2015-2016,Casablanca-Settat,CAS,Khouribga,Urbain,Primaire,Année 4,Masculin,7,Difficultés économiques,1–5 km,2000-4000 MAD,4,1,0
AB400730,2021-2022,Casablanca-Settat,CAS,Settat,Rural,Collégial,Année 1,Masculin,13,Mariage précoce,1–5 km,< 2000 MAD,1,0,1
AB400731,2017-2018,Souss-Massa,SOU,Chtouka-Ait Baha,Rural,Collégial,Année 3,Masculin,13,Éloignement de l'établissement,5–15 km,< 2000 MAD,8,0,1
AB400732,2022-2023,Marrakech-Safi,MAR,Safi,Urbain,Collégial,Année 1,Masculin,15,Autre,< 1 km,2000-4000 MAD,7,1,0
AB400733,2017-2018,Oriental,ORI,Driouch,Urbain,Primaire,Année 1,Masculin,7,Travail enfant,1–5 km,2000-4000 MAD,1,1,0
AB400734,2021-2022,Casablanca-Settat,CAS,Mohammadia,Urbain,Collégial,Année 2,Masculin,14,Mariage précoce,1–5 km,2000-4000 MAD,4,1,1
AB400735,2015-2016,Rabat-Salé-Kénitra,RAB,Rabat,Rural,Collégial,Année 2,Masculin,15,Difficultés économiques,1–5 km,2000-4000 MAD,7,0,0
AB400736,2019-2020,Casablanca-Settat,CAS,Mohammadia,Rural,Collégial,Année 1,Féminin,13,Travail enfant,5–15 km,4000-7000 MAD,8,0,1
AB400737,2015-2016,Marrakech-Safi,MAR,Marrakech,Rural,Primaire,Année 1,Féminin,7,Difficultés scolaires,5–15 km,> 7000 MAD,2,0,0
AB400738,2022-2023,Casablanca-Settat,CAS,Casablanca,Rural,Qualifiant,Année 2,Masculin,16,Mariage précoce,1–5 km,4000-7000 MAD,5,1,0
AB400739,2023-2024,Béni Mellal-Khénifra,BMK,El Kelaa des Sraghna,Rural,Collégial,Année 3,Masculin,15,Éloignement de l'établissement,< 1 km,< 2000 MAD,7,1,0
AB400740,2023-2024,Rabat-Salé-Kénitra,RAB,Kénitra,Rural,Qualifiant,Année 2,Masculin,18,Difficultés scolaires,< 1 km,2000-4000 MAD,6,1,0
AB400741,2016-2017,Casablanca-Settat,CAS,Mohammadia,Rural,Primaire,Année 6,Masculin,9,Travail enfant,1–5 km,2000-4000 MAD,2,1,1
AB400742,2021-2022,Tanger-Tétouan-Al Hoceïma,TAN,Larache,Rural,Collégial,Année 3,Féminin,13,Travail enfant,> 15 km,2000-4000 MAD,6,1,1
AB400743,2021-2022,Oriental,ORI,Guercif,Rural,Collégial,Année 1,Masculin,14,Difficultés économiques,> 15 km,< 2000 MAD,8,1,0
AB400744,2023-2024,Casablanca-Settat,CAS,Benslimane,Rural,Primaire,Année 6,Masculin,9,Difficultés économiques,1–5 km,2000-4000 MAD,7,1,1
AB400745,2018-2019,Tanger-Tétouan-Al Hoceïma,TAN,Chefchaouen,Rural,Qualifiant,Année 2,Féminin,18,Grossesse,1–5 km,4000-7000 MAD,2,1,0
AB400746,2020-2021,Marrakech-Safi,MAR,Al Haouz,Rural,Collégial,Année 3,Masculin,14,Difficultés scolaires,< 1 km,> 7000 MAD,3,1,1
AB400747,2022-2023,Fès-Meknès,FES,Boulemane,Rural,Primaire,Année 3,Masculin,9,Manque d'infrastructures,> 15 km,< 2000 MAD,6,1,0
AB400748,2021-2022,Fès-Meknès,FES,Ifrane,Urbain,Collégial,Année 3,Féminin,13,Éloignement de l'établissement,> 15 km,2000-4000 MAD,8,1,0
AB400749,2015-2016,Drâa-Tafilalet,DRA,Errachidia,Rural,Primaire,Année 2,Masculin,12,Autre,< 1 km,< 2000 MAD,7,1,0
AB400750,2023-2024,Casablanca-Settat,CAS,Settat,Urbain,Collégial,Année 3,Masculin,13,Difficultés économiques,1–5 km,< 2000 MAD,8,1,0
AB400751,2023-2024,Casablanca-Settat,CAS,Khouribga,Rural,Qualifiant,Année 2,Masculin,17,Difficultés économiques,< 1 km,2000-4000 MAD,7,0,1
AB400752,2015-2016,Tanger-Tétouan-Al Hoceïma,TAN,Mdiq-Fnideq,Urbain,Qualifiant,Année 2,Masculin,18,Mariage précoce,< 1 km,> 7000 MAD,8,0,1
AB400753,2019-2020,Marrakech-Safi,MAR,Marrakech,Urbain,Primaire,Année 6,Féminin,8,Travail enfant,< 1 km,2000-4000 MAD,2,0,0
AB400754,2016-2017,Fès-Meknès,FES,Taounate,Urbain,Primaire,Année 4,Féminin,9,Travail enfant,< 1 km,< 2000 MAD,3,0,1
AB400755,2018-2019,Souss-Massa,SOU,Tata,Urbain,Collégial,Année 3,Féminin,13,Mariage précoce,> 15 km,2000-4000 MAD,4,0,1
AB400756,2015-2016,Rabat-Salé-Kénitra,RAB,Salé,Rural,Collégial,Année 3,Féminin,13,Mariage précoce,< 1 km,< 2000 MAD,2,1,0
AB400757,2022-2023,Marrakech-Safi,MAR,Marrakech,Rural,Qualifiant,Année 2,Masculin,18,Difficultés économiques,5–15 km,> 7000 MAD,3,1,1
AB400758,2022-2023,Drâa-Tafilalet,DRA,Midelt,Urbain,Collégial,Année 1,Masculin,14,Éloignement de l'établissement,> 15 km,4000-7000 MAD,3,0,0
AB400759,2018-2019,Tanger-Tétouan-Al Hoceïma,TAN,Fahs-Anjra,Rural,Primaire,Année 5,Féminin,9,Éloignement de l'établissement,< 1 km,< 2000 MAD,2,1,0
AB400760,2019-2020,Souss-Massa,SOU,Tata,Rural,Primaire,Année 6,Masculin,8,Éloignement de l'établissement,> 15 km,2000-4000 MAD,6,1,0
AB400761,2019-2020,Casablanca-Settat,CAS,Berrechid,Rural,Primaire,Année 4,Féminin,10,Éloignement de l'établissement,1–5 km,4000-7000 MAD,5,0,0
AB400762,2016-2017,Casablanca-Settat,CAS,Casablanca,Urbain,Collégial,Année 2,Masculin,13,Travail enfant,5–15 km,4000-7000 MAD,2,0,0
AB400763,2022-2023,Casablanca-Settat,CAS,Casablanca,Rural,Primaire,Année 6,Féminin,9,Difficultés scolaires,< 1 km,< 2000 MAD,6,1,0
AB400764,2020-2021,Rabat-Salé-Kénitra,RAB,Salé,Rural,Primaire,Année 5,Masculin,12,Travail enfant,1–5 km,< 2000 MAD,8,0,0
AB400765,2019-2020,Oriental,ORI,Nador,Urbain,Qualifiant,Année 3,Féminin,18,Éloignement de l'établissement,< 1 km,< 2000 MAD,3,1,0
AB400766,2022-2023,Casablanca-Settat,CAS,Benslimane,Rural,Collégial,Année 2,Masculin,13,Éloignement de l'établissement,< 1 km,< 2000 MAD,6,1,1
AB400767,2020-2021,Rabat-Salé-Kénitra,RAB,Kénitra,Rural,Qualifiant,Année 2,Masculin,18,Difficultés scolaires,5–15 km,> 7000 MAD,6,0,0
AB400768,2016-2017,Souss-Massa,SOU,Inezgane-Ait Melloul,Rural,Primaire,Année 2,Féminin,9,Difficultés économiques,1–5 km,2000-4000 MAD,1,1,1
AB400769,2018-2019,Casablanca-Settat,CAS,Khouribga,Rural,Collégial,Année 2,Féminin,15,Grossesse,5–15 km,4000-7000 MAD,2,0,0
AB400770,2023-2024,Oriental,ORI,Driouch,Rural,Primaire,Année 6,Féminin,8,Difficultés scolaires,1–5 km,4000-7000 MAD,1,1,0
AB400771,2022-2023,Rabat-Salé-Kénitra,RAB,Sidi Slimane,Rural,Collégial,Année 2,Féminin,13,Éloignement de l'établissement,< 1 km,2000-4000 MAD,4,1,0
AB400772,2017-2018,Casablanca-Settat,CAS,El Jadida,Rural,Primaire,Année 4,Féminin,9,Difficultés économiques,5–15 km,< 2000 MAD,8,1,1
AB400773,2020-2021,Rabat-Salé-Kénitra,RAB,Rabat,Urbain,Qualifiant,Année 2,Masculin,18,Difficultés scolaires,< 1 km,< 2000 MAD,6,0,0
AB400774,2021-2022,Béni Mellal-Khénifra,BMK,Fquih Ben Salah,Rural,Qualifiant,Année 2,Féminin,18,Travail enfant,< 1 km,2000-4000 MAD,7,1,0
AB400775,2019-2020,Oriental,ORI,Figuig,Rural,Primaire,Année 2,Masculin,11,Éloignement de l'établissement,< 1 km,4000-7000 MAD,4,0,0
AB400776,2023-2024,Béni Mellal-Khénifra,BMK,Fquih Ben Salah,Rural,Qualifiant,Année 3,Féminin,16,Mariage précoce,< 1 km,2000-4000 MAD,3,0,1
AB400777,2017-2018,Marrakech-Safi,MAR,Al Haouz,Urbain,Qualifiant,Année 2,Masculin,17,Travail enfant,> 15 km,2000-4000 MAD,4,0,0
AB400778,2016-2017,Rabat-Salé-Kénitra,RAB,Khémisset,Rural,Primaire,Année 2,Masculin,8,Travail enfant,1–5 km,< 2000 MAD,6,0,0
AB400779,2017-2018,Casablanca-Settat,CAS,El Jadida,Rural,Qualifiant,Année 3,Masculin,16,Éloignement de l'établissement,1–5 km,2000-4000 MAD,1,1,0
AB400780,2015-2016,Casablanca-Settat,CAS,Sidi Bennour,Urbain,Qualifiant,Année 2,Féminin,16,Manque d'infrastructures,< 1 km,< 2000 MAD,6,1,1
AB400781,2022-2023,Oriental,ORI,Berkane,Rural,Collégial,Année 3,Masculin,15,Difficultés scolaires,< 1 km,2000-4000 MAD,5,1,0
AB400782,2022-2023,Drâa-Tafilalet,DRA,Tinghir,Rural,Primaire,Année 5,Féminin,11,Difficultés économiques,< 1 km,< 2000 MAD,8,0,0
AB400783,2022-2023,Souss-Massa,SOU,Inezgane-Ait Melloul,Rural,Primaire,Année 1,Masculin,9,Difficultés scolaires,1–5 km,2000-4000 MAD,4,1,0
AB400784,2018-2019,Fès-Meknès,FES,Meknès,Rural,Qualifiant,Année 1,Féminin,16,Mariage précoce,1–5 km,2000-4000 MAD,7,1,0
AB400785,2021-2022,Casablanca-Settat,CAS,Berrechid,Urbain,Collégial,Année 2,Féminin,15,Difficultés économiques,1–5 km,4000-7000 MAD,7,0,0
AB400786,2023-2024,Rabat-Salé-Kénitra,RAB,Skhirate-Témara,Rural,Qualifiant,Année 1,Féminin,17,Grossesse,1–5 km,2000-4000 MAD,6,0,0
AB400787,2016-2017,Drâa-Tafilalet,DRA,Zagora,Rural,Qualifiant,Année 3,Masculin,17,Difficultés économiques,< 1 km,4000-7000 MAD,3,0,0
AB400788,2015-2016,Béni Mellal-Khénifra,BMK,El Kelaa des Sraghna,Urbain,Collégial,Année 1,Féminin,15,Difficultés scolaires,< 1 km,2000-4000 MAD,4,0,1
AB400789,2019-2020,Rabat-Salé-Kénitra,RAB,Sidi Slimane,Urbain,Qualifiant,Année 1,Féminin,16,Mariage précoce,< 1 km,4000-7000 MAD,1,1,1
AB400790,2020-2021,Tanger-Tétouan-Al Hoceïma,TAN,Larache,Rural,Primaire,Année 6,Masculin,8,Travail enfant,< 1 km,2000-4000 MAD,2,0,1
AB400791,2022-2023,Rabat-Salé-Kénitra,RAB,Skhirate-Témara,Urbain,Collégial,Année 3,Masculin,14,Travail enfant,1–5 km,> 7000 MAD,6,1,1
AB400792,2015-2016,Fès-Meknès,FES,Séfrou,Urbain,Collégial,Année 3,Masculin,15,Éloignement de l'établissement,5–15 km,> 7000 MAD,2,1,0
AB400793,2019-2020,Tanger-Tétouan-Al Hoceïma,TAN,Mdiq-Fnideq,Urbain,Primaire,Année 6,Masculin,9,Difficultés économiques,5–15 km,4000-7000 MAD,6,1,0
AB400794,2023-2024,Casablanca-Settat,CAS,Casablanca,Rural,Collégial,Année 3,Féminin,15,Éloignement de l'établissement,5–15 km,2000-4000 MAD,3,1,0
AB400795,2021-2022,Marrakech-Safi,MAR,El Kelaa des Sraghna,Rural,Primaire,Année 4,Masculin,12,Difficultés scolaires,1–5 km,< 2000 MAD,3,0,1
AB400796,2022-2023,Laâyoune-Sakia El Hamra,LAA,Boujdour,Rural,Qualifiant,Année 3,Masculin,16,Difficultés économiques,5–15 km,< 2000 MAD,4,0,1
AB400797,2018-2019,Casablanca-Settat,CAS,Settat,Rural,Collégial,Année 2,Féminin,15,Éloignement de l'établissement,1–5 km,< 2000 MAD,4,1,0
AB400798,2015-2016,Casablanca-Settat,CAS,Sidi Bennour,Rural,Qualifiant,Année 1,Masculin,18,Grossesse,1–5 km,2000-4000 MAD,4,0,0
AB400799,2023-2024,Rabat-Salé-Kénitra,RAB,Rabat,Rural,Primaire,Année 6,Féminin,11,Éloignement de l'établissement,> 15 km,2000-4000 MAD,4,0,0
AB400800,2016-2017,Drâa-Tafilalet,DRA,Midelt,Rural,Collégial,Année 3,Masculin,15,Éloignement de l'établissement,1–5 km,< 2000 MAD,3,0,0
AB400801,2019-2020,Rabat-Salé-Kénitra,RAB,Sidi Slimane,Urbain,Primaire,Année 6,Féminin,9,Difficultés économiques,5–15 km,2000-4000 MAD,3,0,0
AB400802,2017-2018,Fès-Meknès,FES,Taounate,Urbain,Collégial,Année 2,Féminin,13,Difficultés économiques,1–5 km,4000-7000 MAD,7,0,0
AB400803,2018-2019,Guelmim-Oued Noun,GUE,Tan-Tan,Urbain,Collégial,Année 3,Féminin,13,Difficultés scolaires,5–15 km,2000-4000 MAD,5,1,0
AB400804,2016-2017,Fès-Meknès,FES,Moulay Yacoub,Urbain,Qualifiant,Année 3,Masculin,16,Mariage précoce,1–5 km,2000-4000 MAD,3,0,1
AB400805,2022-2023,Drâa-Tafilalet,DRA,Ouarzazate,Urbain,Qualifiant,Année 1,Féminin,16,Difficultés économiques,> 15 km,2000-4000 MAD,5,0,0
AB400806,2022-2023,Souss-Massa,SOU,Agadir-Ida-Ou-Tanane,Rural,Collégial,Année 1,Masculin,13,Grossesse,< 1 km,2000-4000 MAD,2,1,0
AB400807,2019-2020,Oriental,ORI,Jerada,Urbain,Qualifiant,Année 1,Féminin,16,Travail enfant,1–5 km,2000-4000 MAD,1,0,1
AB400808,2016-2017,Souss-Massa,SOU,Taroudannt,Rural,Qualifiant,Année 3,Féminin,18,Travail enfant,< 1 km,> 7000 MAD,1,1,0
AB400809,2016-2017,Tanger-Tétouan-Al Hoceïma,TAN,Tétouan,Rural,Qualifiant,Année 1,Féminin,17,Mariage précoce,> 15 km,< 2000 MAD,5,1,1
AB400810,2023-2024,Oriental,ORI,Driouch,Rural,Collégial,Année 3,Masculin,13,Manque d'infrastructures,< 1 km,< 2000 MAD,3,1,0
AB400811,2020-2021,Casablanca-Settat,CAS,El Jadida,Urbain,Collégial,Année 3,Masculin,14,Manque d'infrastructures,1–5 km,2000-4000 MAD,5,0,1
AB400812,2016-2017,Béni Mellal-Khénifra,BMK,Azilal,Rural,Qualifiant,Année 1,Masculin,16,Difficultés scolaires,5–15 km,2000-4000 MAD,7,1,0
AB400813,2019-2020,Casablanca-Settat,CAS,Khouribga,Urbain,Collégial,Année 1,Masculin,15,Difficultés scolaires,< 1 km,> 7000 MAD,4,1,0
AB400814,2021-2022,Fès-Meknès,FES,Taounate,Urbain,Qualifiant,Année 1,Féminin,17,Éloignement de l'établissement,> 15 km,2000-4000 MAD,7,0,0
AB400815,2023-2024,Souss-Massa,SOU,Agadir-Ida-Ou-Tanane,Urbain,Qualifiant,Année 2,Masculin,18,Grossesse,< 1 km,2000-4000 MAD,6,1,0
AB400816,2016-2017,Rabat-Salé-Kénitra,RAB,Khémisset,Urbain,Primaire,Année 5,Féminin,9,Manque d'infrastructures,< 1 km,2000-4000 MAD,2,1,1
AB400817,2019-2020,Rabat-Salé-Kénitra,RAB,Kénitra,Rural,Primaire,Année 2,Masculin,9,Handicap,< 1 km,< 2000 MAD,8,1,0
AB400818,2020-2021,Fès-Meknès,FES,El Hajeb,Urbain,Primaire,Année 6,Masculin,11,Difficultés scolaires,1–5 km,4000-7000 MAD,8,0,0
AB400819,2023-2024,Casablanca-Settat,CAS,El Jadida,Urbain,Collégial,Année 2,Féminin,14,Mariage précoce,5–15 km,2000-4000 MAD,2,1,0
AB400820,2020-2021,Tanger-Tétouan-Al Hoceïma,TAN,Al Hoceïma,Urbain,Collégial,Année 1,Féminin,14,Grossesse,1–5 km,4000-7000 MAD,5,1,0
AB400821,2020-2021,Marrakech-Safi,MAR,Chichaoua,Urbain,Collégial,Année 3,Féminin,13,Handicap,1–5 km,4000-7000 MAD,1,0,0
AB400822,2015-2016,Laâyoune-Sakia El Hamra,LAA,Tarfaya,Rural,Qualifiant,Année 1,Masculin,18,Difficultés économiques,1–5 km,< 2000 MAD,6,0,0
AB400823,2020-2021,Laâyoune-Sakia El Hamra,LAA,Tarfaya,Urbain,Collégial,Année 1,Féminin,14,Manque d'infrastructures,1–5 km,4000-7000 MAD,7,1,0
AB400824,2016-2017,Casablanca-Settat,CAS,Sidi Bennour,Rural,Primaire,Année 4,Féminin,8,Travail enfant,> 15 km,4000-7000 MAD,5,1,0
AB400825,2015-2016,Fès-Meknès,FES,Taounate,Rural,Qualifiant,Année 1,Féminin,18,Difficultés économiques,5–15 km,> 7000 MAD,8,0,1
AB400826,2019-2020,Drâa-Tafilalet,DRA,Tinghir,Rural,Collégial,Année 1,Masculin,14,Difficultés économiques,> 15 km,< 2000 MAD,7,0,1
AB400827,2019-2020,Béni Mellal-Khénifra,BMK,Azilal,Urbain,Qualifiant,Année 1,Masculin,18,Difficultés scolaires,> 15 km,4000-7000 MAD,3,0,0
AB400828,2020-2021,Casablanca-Settat,CAS,Sidi Bennour,Rural,Collégial,Année 2,Féminin,13,Travail enfant,1–5 km,> 7000 MAD,3,1,0
AB400829,2015-2016,Rabat-Salé-Kénitra,RAB,Kénitra,Rural,Qualifiant,Année 1,Féminin,16,Handicap,< 1 km,< 2000 MAD,5,1,1
AB400830,2019-2020,Tanger-Tétouan-Al Hoceïma,TAN,Larache,Rural,Qualifiant,Année 2,Féminin,17,Difficultés économiques,< 1 km,2000-4000 MAD,2,0,1
AB400831,2021-2022,Tanger-Tétouan-Al Hoceïma,TAN,Larache,Rural,Collégial,Année 3,Masculin,13,Difficultés scolaires,< 1 km,4000-7000 MAD,8,1,0
AB400832,2019-2020,Marrakech-Safi,MAR,El Kelaa des Sraghna,Rural,Qualifiant,Année 1,Masculin,18,Difficultés économiques,1–5 km,4000-7000 MAD,3,1,0
AB400833,2015-2016,Marrakech-Safi,MAR,Al Haouz,Rural,Qualifiant,Année 1,Féminin,16,Mariage précoce,5–15 km,4000-7000 MAD,3,1,0
AB400834,2021-2022,Oriental,ORI,Jerada,Rural,Collégial,Année 1,Masculin,14,Difficultés économiques,1–5 km,< 2000 MAD,4,0,0
AB400835,2018-2019,Souss-Massa,SOU,Taroudannt,Urbain,Collégial,Année 1,Féminin,15,Difficultés économiques,< 1 km,2000-4000 MAD,4,1,0
AB400836,2023-2024,Marrakech-Safi,MAR,Youssoufia,Urbain,Primaire,Année 3,Masculin,9,Difficultés scolaires,1–5 km,4000-7000 MAD,2,1,0
AB400837,2016-2017,Casablanca-Settat,CAS,Berrechid,Rural,Qualifiant,Année 3,Masculin,16,Difficultés scolaires,5–15 km,2000-4000 MAD,1,1,1
AB400838,2016-2017,Tanger-Tétouan-Al Hoceïma,TAN,Tétouan,Urbain,Collégial,Année 1,Masculin,13,Éloignement de l'établissement,> 15 km,2000-4000 MAD,8,1,1
AB400839,2019-2020,Oriental,ORI,Taourirt,Rural,Collégial,Année 1,Féminin,15,Difficultés économiques,1–5 km,< 2000 MAD,5,0,0
AB400840,2019-2020,Rabat-Salé-Kénitra,RAB,Kénitra,Urbain,Primaire,Année 2,Féminin,11,Travail enfant,5–15 km,2000-4000 MAD,4,0,0
AB400841,2020-2021,Casablanca-Settat,CAS,Casablanca,Urbain,Collégial,Année 3,Masculin,14,Mariage précoce,1–5 km,< 2000 MAD,4,1,0
AB400842,2015-2016,Rabat-Salé-Kénitra,RAB,Rabat,Rural,Primaire,Année 5,Féminin,8,Manque d'infrastructures,< 1 km,4000-7000 MAD,6,1,1
AB400843,2015-2016,Rabat-Salé-Kénitra,RAB,Sidi Kacem,Rural,Qualifiant,Année 3,Féminin,16,Autre,> 15 km,4000-7000 MAD,5,1,0
AB400844,2021-2022,Béni Mellal-Khénifra,BMK,Khouribga,Rural,Primaire,Année 3,Masculin,9,Éloignement de l'établissement,1–5 km,> 7000 MAD,1,1,0
AB400845,2022-2023,Rabat-Salé-Kénitra,RAB,Sidi Slimane,Rural,Primaire,Année 3,Masculin,9,Travail enfant,< 1 km,< 2000 MAD,3,1,0
AB400846,2016-2017,Rabat-Salé-Kénitra,RAB,Sidi Kacem,Urbain,Qualifiant,Année 2,Masculin,18,Grossesse,1–5 km,> 7000 MAD,8,0,0
AB400847,2021-2022,Marrakech-Safi,MAR,Essaouira,Rural,Collégial,Année 1,Féminin,15,Travail enfant,5–15 km,< 2000 MAD,5,0,0
AB400848,2019-2020,Souss-Massa,SOU,Inezgane-Ait Melloul,Rural,Qualifiant,Année 3,Féminin,17,Mariage précoce,1–5 km,4000-7000 MAD,5,0,1
AB400849,2019-2020,Marrakech-Safi,MAR,Chichaoua,Rural,Collégial,Année 3,Féminin,13,Mariage précoce,5–15 km,2000-4000 MAD,7,1,0
AB400850,2022-2023,Souss-Massa,SOU,Agadir-Ida-Ou-Tanane,Urbain,Collégial,Année 2,Féminin,14,Difficultés scolaires,5–15 km,> 7000 MAD,7,1,1
AB400851,2023-2024,Oriental,ORI,Figuig,Urbain,Qualifiant,Année 2,Féminin,16,Grossesse,1–5 km,> 7000 MAD,2,1,1
AB400852,2018-2019,Casablanca-Settat,CAS,Benslimane,Rural,Primaire,Année 5,Masculin,8,Difficultés scolaires,< 1 km,< 2000 MAD,7,0,0
AB400853,2018-2019,Souss-Massa,SOU,Inezgane-Ait Melloul,Rural,Qualifiant,Année 2,Masculin,17,Handicap,1–5 km,< 2000 MAD,5,0,0
AB400854,2017-2018,Casablanca-Settat,CAS,Sidi Bennour,Rural,Qualifiant,Année 1,Féminin,18,Handicap,1–5 km,> 7000 MAD,7,1,0
AB400855,2015-2016,Tanger-Tétouan-Al Hoceïma,TAN,Chefchaouen,Rural,Primaire,Année 5,Masculin,12,Travail enfant,> 15 km,4000-7000 MAD,8,1,1
AB400856,2018-2019,Béni Mellal-Khénifra,BMK,Béni Mellal,Urbain,Qualifiant,Année 3,Masculin,18,Travail enfant,1–5 km,< 2000 MAD,4,1,1
AB400857,2022-2023,Drâa-Tafilalet,DRA,Tinghir,Urbain,Qualifiant,Année 3,Féminin,18,Mariage précoce,5–15 km,< 2000 MAD,5,0,1
AB400858,2023-2024,Tanger-Tétouan-Al Hoceïma,TAN,Fahs-Anjra,Urbain,Collégial,Année 2,Féminin,13,Éloignement de l'établissement,< 1 km,< 2000 MAD,7,1,1
AB400859,2018-2019,Rabat-Salé-Kénitra,RAB,Kénitra,Urbain,Primaire,Année 5,Féminin,9,Difficultés scolaires,1–5 km,< 2000 MAD,5,1,0
AB400860,2016-2017,Béni Mellal-Khénifra,BMK,Azilal,Rural,Primaire,Année 1,Féminin,10,Mariage précoce,1–5 km,> 7000 MAD,8,0,0
AB400861,2016-2017,Casablanca-Settat,CAS,Settat,Urbain,Qualifiant,Année 2,Masculin,17,Manque d'infrastructures,> 15 km,2000-4000 MAD,5,0,0
AB400862,2017-2018,Béni Mellal-Khénifra,BMK,El Kelaa des Sraghna,Rural,Primaire,Année 2,Féminin,12,Mariage précoce,< 1 km,2000-4000 MAD,5,0,0
AB400863,2021-2022,Oriental,ORI,Oujda-Angad,Rural,Primaire,Année 4,Masculin,9,Travail enfant,> 15 km,2000-4000 MAD,4,1,1
AB400864,2023-2024,Rabat-Salé-Kénitra,RAB,Rabat,Urbain,Collégial,Année 3,Masculin,14,Éloignement de l'établissement,< 1 km,4000-7000 MAD,5,0,0
AB400865,2023-2024,Drâa-Tafilalet,DRA,Ouarzazate,Rural,Qualifiant,Année 1,Masculin,17,Difficultés scolaires,1–5 km,4000-7000 MAD,2,0,0
AB400866,2018-2019,Oriental,ORI,Jerada,Rural,Collégial,Année 1,Masculin,13,Difficultés scolaires,< 1 km,2000-4000 MAD,1,1,1
AB400867,2018-2019,Oriental,ORI,Jerada,Urbain,Primaire,Année 6,Masculin,9,Éloignement de l'établissement,1–5 km,2000-4000 MAD,6,0,0
AB400868,2020-2021,Béni Mellal-Khénifra,BMK,Fquih Ben Salah,Urbain,Collégial,Année 2,Féminin,15,Manque d'infrastructures,1–5 km,4000-7000 MAD,1,0,0
AB400869,2017-2018,Drâa-Tafilalet,DRA,Midelt,Urbain,Primaire,Année 2,Masculin,8,Difficultés économiques,> 15 km,4000-7000 MAD,2,0,0
AB400870,2019-2020,Marrakech-Safi,MAR,Al Haouz,Urbain,Qualifiant,Année 1,Féminin,18,Manque d'infrastructures,1–5 km,4000-7000 MAD,8,0,0
AB400871,2015-2016,Casablanca-Settat,CAS,Settat,Rural,Collégial,Année 1,Masculin,15,Difficultés économiques,1–5 km,4000-7000 MAD,1,1,1
AB400872,2018-2019,Rabat-Salé-Kénitra,RAB,Skhirate-Témara,Urbain,Collégial,Année 3,Masculin,14,Travail enfant,1–5 km,< 2000 MAD,7,1,0
AB400873,2023-2024,Rabat-Salé-Kénitra,RAB,Sidi Slimane,Urbain,Qualifiant,Année 2,Féminin,17,Mariage précoce,< 1 km,< 2000 MAD,6,1,1
AB400874,2016-2017,Rabat-Salé-Kénitra,RAB,Khémisset,Urbain,Qualifiant,Année 1,Masculin,18,Difficultés économiques,< 1 km,< 2000 MAD,8,0,0
AB400875,2015-2016,Oriental,ORI,Figuig,Rural,Collégial,Année 2,Féminin,13,Difficultés scolaires,> 15 km,2000-4000 MAD,1,1,0
AB400876,2017-2018,Tanger-Tétouan-Al Hoceïma,TAN,Mdiq-Fnideq,Urbain,Collégial,Année 2,Féminin,14,Éloignement de l'établissement,1–5 km,> 7000 MAD,6,1,0
AB400877,2019-2020,Marrakech-Safi,MAR,Marrakech,Urbain,Collégial,Année 2,Masculin,14,Difficultés économiques,> 15 km,2000-4000 MAD,6,1,0
AB400878,2023-2024,Fès-Meknès,FES,Meknès,Urbain,Qualifiant,Année 3,Féminin,17,Difficultés scolaires,5–15 km,2000-4000 MAD,1,1,0
AB400879,2021-2022,Marrakech-Safi,MAR,El Kelaa des Sraghna,Rural,Primaire,Année 4,Féminin,10,Travail enfant,> 15 km,> 7000 MAD,2,0,0
AB400880,2020-2021,Fès-Meknès,FES,Taza,Urbain,Primaire,Année 6,Masculin,7,Éloignement de l'établissement,1–5 km,2000-4000 MAD,4,0,1
AB400881,2021-2022,Marrakech-Safi,MAR,Al Haouz,Rural,Collégial,Année 2,Féminin,15,Difficultés scolaires,1–5 km,2000-4000 MAD,2,0,0
AB400882,2016-2017,Oriental,ORI,Guercif,Rural,Primaire,Année 5,Masculin,8,Travail enfant,1–5 km,2000-4000 MAD,1,0,0
AB400883,2019-2020,Casablanca-Settat,CAS,El Jadida,Rural,Primaire,Année 5,Féminin,10,Handicap,1–5 km,2000-4000 MAD,3,0,1
AB400884,2019-2020,Souss-Massa,SOU,Tata,Rural,Qualifiant,Année 3,Masculin,17,Difficultés économiques,> 15 km,< 2000 MAD,7,0,0
AB400885,2017-2018,Oriental,ORI,Nador,Rural,Primaire,Année 3,Masculin,10,Difficultés scolaires,> 15 km,< 2000 MAD,5,1,0
AB400886,2019-2020,Béni Mellal-Khénifra,BMK,Khouribga,Urbain,Collégial,Année 3,Masculin,13,Travail enfant,> 15 km,< 2000 MAD,1,0,1
AB400887,2017-2018,Marrakech-Safi,MAR,Youssoufia,Urbain,Collégial,Année 3,Masculin,15,Difficultés scolaires,< 1 km,2000-4000 MAD,3,0,0
AB400888,2015-2016,Souss-Massa,SOU,Agadir-Ida-Ou-Tanane,Urbain,Qualifiant,Année 1,Masculin,16,Éloignement de l'établissement,> 15 km,2000-4000 MAD,6,0,0
AB400889,2015-2016,Marrakech-Safi,MAR,Youssoufia,Rural,Collégial,Année 2,Féminin,14,Travail enfant,> 15 km,> 7000 MAD,3,0,0
AB400890,2018-2019,Oriental,ORI,Driouch,Rural,Collégial,Année 1,Masculin,13,Difficultés économiques,< 1 km,< 2000 MAD,7,1,1
AB400891,2015-2016,Casablanca-Settat,CAS,Casablanca,Rural,Qualifiant,Année 1,Masculin,18,Difficultés économiques,< 1 km,< 2000 MAD,8,1,1
AB400892,2023-2024,Béni Mellal-Khénifra,BMK,Azilal,Urbain,Collégial,Année 3,Féminin,13,Travail enfant,< 1 km,< 2000 MAD,3,1,0
AB400893,2017-2018,Marrakech-Safi,MAR,El Kelaa des Sraghna,Rural,Primaire,Année 2,Masculin,12,Travail enfant,1–5 km,< 2000 MAD,3,1,1
AB400894,2018-2019,Fès-Meknès,FES,Séfrou,Urbain,Collégial,Année 3,Féminin,14,Difficultés économiques,1–5 km,2000-4000 MAD,5,1,0
AB400895,2023-2024,Rabat-Salé-Kénitra,RAB,Sidi Kacem,Rural,Qualifiant,Année 3,Masculin,16,Difficultés économiques,> 15 km,> 7000 MAD,3,1,1
AB400896,2016-2017,Béni Mellal-Khénifra,BMK,Béni Mellal,Urbain,Primaire,Année 2,Féminin,11,Difficultés économiques,1–5 km,< 2000 MAD,4,1,1
AB400897,2015-2016,Tanger-Tétouan-Al Hoceïma,TAN,Chefchaouen,Rural,Collégial,Année 2,Féminin,14,Mariage précoce,5–15 km,2000-4000 MAD,1,0,0
AB400898,2015-2016,Marrakech-Safi,MAR,Safi,Rural,Collégial,Année 2,Masculin,15,Travail enfant,5–15 km,4000-7000 MAD,8,1,1
AB400899,2018-2019,Fès-Meknès,FES,Meknès,Rural,Qualifiant,Année 3,Féminin,18,Difficultés économiques,5–15 km,< 2000 MAD,7,1,0
AB400900,2018-2019,Marrakech-Safi,MAR,Chichaoua,Urbain,Qualifiant,Année 2,Masculin,17,Handicap,1–5 km,4000-7000 MAD,6,1,0
AB400901,2017-2018,Rabat-Salé-Kénitra,RAB,Rabat,Urbain,Primaire,Année 3,Masculin,10,Éloignement de l'établissement,1–5 km,4000-7000 MAD,1,1,0
AB400902,2018-2019,Béni Mellal-Khénifra,BMK,Khouribga,Urbain,Qualifiant,Année 3,Masculin,16,Difficultés scolaires,> 15 km,< 2000 MAD,2,0,0
AB400903,2015-2016,Marrakech-Safi,MAR,Essaouira,Rural,Primaire,Année 5,Masculin,7,Difficultés économiques,1–5 km,4000-7000 MAD,7,1,1
AB400904,2022-2023,Casablanca-Settat,CAS,El Jadida,Rural,Collégial,Année 2,Féminin,15,Difficultés économiques,1–5 km,< 2000 MAD,8,1,0
AB400905,2021-2022,Casablanca-Settat,CAS,Sidi Bennour,Urbain,Qualifiant,Année 3,Féminin,17,Difficultés scolaires,> 15 km,< 2000 MAD,6,1,0
AB400906,2018-2019,Fès-Meknès,FES,Séfrou,Urbain,Collégial,Année 3,Féminin,15,Grossesse,> 15 km,4000-7000 MAD,5,0,0
AB400907,2021-2022,Marrakech-Safi,MAR,Safi,Rural,Collégial,Année 3,Masculin,14,Mariage précoce,1–5 km,2000-4000 MAD,2,0,1
AB400908,2015-2016,Rabat-Salé-Kénitra,RAB,Salé,Urbain,Collégial,Année 3,Masculin,13,Difficultés économiques,< 1 km,2000-4000 MAD,5,1,1
AB400909,2021-2022,Oriental,ORI,Oujda-Angad,Rural,Primaire,Année 5,Masculin,9,Difficultés économiques,1–5 km,2000-4000 MAD,3,0,0
AB400910,2016-2017,Drâa-Tafilalet,DRA,Ouarzazate,Rural,Collégial,Année 2,Masculin,13,Mariage précoce,< 1 km,2000-4000 MAD,7,1,0
AB400911,2022-2023,Rabat-Salé-Kénitra,RAB,Khémisset,Rural,Collégial,Année 1,Féminin,15,Travail enfant,< 1 km,4000-7000 MAD,1,0,0
AB400912,2016-2017,Souss-Massa,SOU,Taroudannt,Rural,Collégial,Année 3,Féminin,15,Difficultés scolaires,1–5 km,4000-7000 MAD,8,0,0
AB400913,2019-2020,Tanger-Tétouan-Al Hoceïma,TAN,Al Hoceïma,Urbain,Primaire,Année 2,Masculin,9,Travail enfant,1–5 km,4000-7000 MAD,1,1,0
AB400914,2016-2017,Béni Mellal-Khénifra,BMK,Azilal,Rural,Qualifiant,Année 2,Féminin,16,Grossesse,> 15 km,> 7000 MAD,8,0,0
AB400915,2021-2022,Casablanca-Settat,CAS,Mohammadia,Rural,Primaire,Année 2,Féminin,7,Manque d'infrastructures,1–5 km,> 7000 MAD,8,1,0
AB400916,2016-2017,Guelmim-Oued Noun,GUE,Sidi Ifni,Rural,Collégial,Année 1,Féminin,14,Travail enfant,< 1 km,< 2000 MAD,2,0,0
AB400917,2023-2024,Casablanca-Settat,CAS,El Jadida,Rural,Primaire,Année 6,Masculin,9,Manque d'infrastructures,1–5 km,4000-7000 MAD,3,1,0
AB400918,2019-2020,Tanger-Tétouan-Al Hoceïma,TAN,Larache,Rural,Qualifiant,Année 1,Féminin,17,Handicap,< 1 km,2000-4000 MAD,6,0,0
AB400919,2015-2016,Drâa-Tafilalet,DRA,Zagora,Urbain,Qualifiant,Année 1,Masculin,16,Éloignement de l'établissement,1–5 km,4000-7000 MAD,4,1,1
AB400920,2020-2021,Marrakech-Safi,MAR,Chichaoua,Rural,Primaire,Année 6,Masculin,9,Éloignement de l'établissement,< 1 km,4000-7000 MAD,3,0,0
AB400921,2016-2017,Souss-Massa,SOU,Chtouka-Ait Baha,Rural,Primaire,Année 1,Féminin,7,Travail enfant,< 1 km,2000-4000 MAD,1,1,0
AB400922,2018-2019,Casablanca-Settat,CAS,Benslimane,Rural,Primaire,Année 4,Masculin,11,Difficultés scolaires,< 1 km,> 7000 MAD,4,1,0
AB400923,2016-2017,Marrakech-Safi,MAR,Safi,Rural,Qualifiant,Année 1,Masculin,18,Mariage précoce,1–5 km,> 7000 MAD,2,1,0
AB400924,2015-2016,Rabat-Salé-Kénitra,RAB,Khémisset,Urbain,Primaire,Année 6,Masculin,12,Manque d'infrastructures,5–15 km,2000-4000 MAD,7,0,0
AB400925,2020-2021,Marrakech-Safi,MAR,Marrakech,Urbain,Primaire,Année 3,Féminin,9,Travail enfant,1–5 km,2000-4000 MAD,6,1,0
AB400926,2019-2020,Rabat-Salé-Kénitra,RAB,Khémisset,Urbain,Qualifiant,Année 3,Masculin,18,Difficultés économiques,< 1 km,< 2000 MAD,8,0,0
AB400927,2017-2018,Casablanca-Settat,CAS,Mohammadia,Rural,Primaire,Année 5,Féminin,8,Travail enfant,5–15 km,< 2000 MAD,6,1,0
AB400928,2016-2017,Fès-Meknès,FES,Ifrane,Rural,Collégial,Année 2,Féminin,15,Mariage précoce,1–5 km,2000-4000 MAD,3,1,0
AB400929,2022-2023,Casablanca-Settat,CAS,Mohammadia,Urbain,Primaire,Année 5,Féminin,8,Difficultés économiques,1–5 km,4000-7000 MAD,3,0,0
AB400930,2019-2020,Oriental,ORI,Taourirt,Rural,Qualifiant,Année 3,Masculin,16,Éloignement de l'établissement,5–15 km,2000-4000 MAD,6,1,0
AB400931,2020-2021,Tanger-Tétouan-Al Hoceïma,TAN,Tanger-Assilah,Rural,Qualifiant,Année 1,Féminin,16,Éloignement de l'établissement,1–5 km,< 2000 MAD,7,0,1
AB400932,2018-2019,Fès-Meknès,FES,Moulay Yacoub,Urbain,Qualifiant,Année 1,Masculin,16,Grossesse,5–15 km,> 7000 MAD,6,0,0
AB400933,2018-2019,Oriental,ORI,Nador,Rural,Collégial,Année 1,Masculin,15,Mariage précoce,> 15 km,2000-4000 MAD,7,1,0
AB400934,2019-2020,Fès-Meknès,FES,Taounate,Urbain,Primaire,Année 5,Masculin,11,Mariage précoce,1–5 km,2000-4000 MAD,6,0,1
AB400935,2017-2018,Rabat-Salé-Kénitra,RAB,Skhirate-Témara,Urbain,Primaire,Année 6,Masculin,11,Travail enfant,5–15 km,2000-4000 MAD,1,1,1
AB400936,2019-2020,Rabat-Salé-Kénitra,RAB,Sidi Kacem,Urbain,Collégial,Année 3,Féminin,14,Manque d'infrastructures,1–5 km,2000-4000 MAD,5,0,1
AB400937,2017-2018,Casablanca-Settat,CAS,Casablanca,Urbain,Primaire,Année 2,Masculin,12,Travail enfant,< 1 km,> 7000 MAD,4,1,1
AB400938,2018-2019,Tanger-Tétouan-Al Hoceïma,TAN,Mdiq-Fnideq,Rural,Qualifiant,Année 2,Masculin,18,Éloignement de l'établissement,1–5 km,2000-4000 MAD,1,1,0
AB400939,2018-2019,Marrakech-Safi,MAR,Chichaoua,Urbain,Qualifiant,Année 1,Féminin,17,Difficultés économiques,5–15 km,< 2000 MAD,8,1,0
AB400940,2019-2020,Casablanca-Settat,CAS,Mohammadia,Urbain,Collégial,Année 1,Masculin,14,Manque d'infrastructures,< 1 km,> 7000 MAD,3,0,0
AB400941,2023-2024,Drâa-Tafilalet,DRA,Zagora,Urbain,Collégial,Année 3,Masculin,15,Difficultés économiques,< 1 km,< 2000 MAD,8,1,0
AB400942,2023-2024,Casablanca-Settat,CAS,Berrechid,Rural,Primaire,Année 1,Masculin,11,Autre,< 1 km,2000-4000 MAD,7,1,1
AB400943,2020-2021,Tanger-Tétouan-Al Hoceïma,TAN,Chefchaouen,Rural,Qualifiant,Année 2,Féminin,18,Mariage précoce,> 15 km,> 7000 MAD,8,1,0
AB400944,2016-2017,Fès-Meknès,FES,Taounate,Urbain,Primaire,Année 3,Masculin,11,Difficultés économiques,< 1 km,2000-4000 MAD,2,1,0
AB400945,2017-2018,Casablanca-Settat,CAS,Khouribga,Rural,Primaire,Année 3,Féminin,9,Travail enfant,< 1 km,2000-4000 MAD,7,1,0
AB400946,2018-2019,Fès-Meknès,FES,Taounate,Urbain,Primaire,Année 6,Féminin,9,Mariage précoce,5–15 km,< 2000 MAD,5,1,0
AB400947,2023-2024,Casablanca-Settat,CAS,Benslimane,Urbain,Collégial,Année 1,Féminin,13,Difficultés économiques,< 1 km,> 7000 MAD,4,1,1
AB400948,2021-2022,Marrakech-Safi,MAR,Chichaoua,Rural,Primaire,Année 6,Masculin,12,Travail enfant,1–5 km,2000-4000 MAD,6,1,0
AB400949,2021-2022,Casablanca-Settat,CAS,Settat,Urbain,Collégial,Année 2,Masculin,13,Éloignement de l'établissement,1–5 km,2000-4000 MAD,1,0,0
AB400950,2020-2021,Fès-Meknès,FES,El Hajeb,Urbain,Qualifiant,Année 2,Masculin,17,Travail enfant,5–15 km,> 7000 MAD,6,0,0
AB400951,2022-2023,Casablanca-Settat,CAS,Benslimane,Urbain,Collégial,Année 3,Masculin,14,Éloignement de l'établissement,5–15 km,4000-7000 MAD,3,0,1
AB400952,2019-2020,Casablanca-Settat,CAS,Khouribga,Rural,Primaire,Année 3,Masculin,8,Manque d'infrastructures,< 1 km,4000-7000 MAD,8,1,0
AB400953,2015-2016,Guelmim-Oued Noun,GUE,Tan-Tan,Rural,Primaire,Année 4,Masculin,11,Manque d'infrastructures,5–15 km,< 2000 MAD,1,1,0
AB400954,2023-2024,Béni Mellal-Khénifra,BMK,Béni Mellal,Rural,Qualifiant,Année 3,Féminin,16,Autre,< 1 km,< 2000 MAD,6,1,1
AB400955,2018-2019,Béni Mellal-Khénifra,BMK,El Kelaa des Sraghna,Rural,Qualifiant,Année 3,Masculin,17,Mariage précoce,1–5 km,< 2000 MAD,6,1,0
AB400956,2017-2018,Rabat-Salé-Kénitra,RAB,Rabat,Rural,Qualifiant,Année 1,Masculin,16,Difficultés économiques,5–15 km,< 2000 MAD,1,1,0
AB400957,2015-2016,Rabat-Salé-Kénitra,RAB,Salé,Urbain,Qualifiant,Année 2,Masculin,18,Difficultés économiques,< 1 km,4000-7000 MAD,6,0,0
AB400958,2018-2019,Souss-Massa,SOU,Tata,Urbain,Primaire,Année 4,Féminin,8,Difficultés scolaires,> 15 km,4000-7000 MAD,5,1,0
AB400959,2022-2023,Fès-Meknès,FES,Taounate,Rural,Qualifiant,Année 2,Féminin,16,Difficultés scolaires,< 1 km,< 2000 MAD,7,0,0
AB400960,2017-2018,Casablanca-Settat,CAS,El Jadida,Rural,Collégial,Année 2,Masculin,14,Difficultés scolaires,5–15 km,2000-4000 MAD,4,1,0
AB400961,2019-2020,Rabat-Salé-Kénitra,RAB,Kénitra,Rural,Collégial,Année 2,Féminin,15,Travail enfant,1–5 km,< 2000 MAD,4,1,0
AB400962,2022-2023,Drâa-Tafilalet,DRA,Ouarzazate,Urbain,Qualifiant,Année 1,Féminin,16,Difficultés économiques,1–5 km,< 2000 MAD,2,1,0
AB400963,2021-2022,Marrakech-Safi,MAR,Marrakech,Urbain,Collégial,Année 2,Masculin,14,Éloignement de l'établissement,5–15 km,< 2000 MAD,3,1,0
AB400964,2020-2021,Tanger-Tétouan-Al Hoceïma,TAN,Al Hoceïma,Rural,Primaire,Année 5,Masculin,11,Difficultés économiques,5–15 km,2000-4000 MAD,1,0,0
AB400965,2021-2022,Marrakech-Safi,MAR,Essaouira,Rural,Primaire,Année 4,Masculin,7,Éloignement de l'établissement,> 15 km,2000-4000 MAD,5,1,0
AB400966,2022-2023,Drâa-Tafilalet,DRA,Tinghir,Rural,Collégial,Année 2,Féminin,14,Difficultés scolaires,< 1 km,< 2000 MAD,3,1,1
AB400967,2018-2019,Souss-Massa,SOU,Tata,Rural,Qualifiant,Année 2,Féminin,17,Manque d'infrastructures,> 15 km,2000-4000 MAD,3,0,0
AB400968,2016-2017,Fès-Meknès,FES,Taounate,Rural,Qualifiant,Année 3,Masculin,17,Éloignement de l'établissement,< 1 km,< 2000 MAD,5,1,0
AB400969,2022-2023,Oriental,ORI,Guercif,Rural,Collégial,Année 3,Masculin,14,Travail enfant,< 1 km,< 2000 MAD,7,1,1
AB400970,2018-2019,Souss-Massa,SOU,Taroudannt,Urbain,Primaire,Année 3,Masculin,11,Travail enfant,1–5 km,< 2000 MAD,2,0,0
AB400971,2018-2019,Oriental,ORI,Oujda-Angad,Urbain,Qualifiant,Année 2,Masculin,16,Mariage précoce,5–15 km,< 2000 MAD,4,1,0
AB400972,2020-2021,Fès-Meknès,FES,El Hajeb,Urbain,Collégial,Année 2,Féminin,14,Difficultés économiques,> 15 km,< 2000 MAD,8,0,1
AB400973,2016-2017,Fès-Meknès,FES,Séfrou,Rural,Primaire,Année 2,Féminin,12,Difficultés économiques,1–5 km,4000-7000 MAD,8,1,0
AB400974,2018-2019,Casablanca-Settat,CAS,Benslimane,Rural,Collégial,Année 2,Féminin,13,Manque d'infrastructures,< 1 km,4000-7000 MAD,4,1,1
AB400975,2018-2019,Souss-Massa,SOU,Tiznit,Rural,Primaire,Année 1,Masculin,10,Mariage précoce,1–5 km,> 7000 MAD,2,0,0
AB400976,2020-2021,Laâyoune-Sakia El Hamra,LAA,Es-Semara,Rural,Collégial,Année 3,Féminin,14,Travail enfant,1–5 km,< 2000 MAD,2,1,0
AB400977,2023-2024,Rabat-Salé-Kénitra,RAB,Salé,Rural,Collégial,Année 1,Masculin,15,Difficultés scolaires,5–15 km,> 7000 MAD,1,0,0
AB400978,2022-2023,Souss-Massa,SOU,Tiznit,Urbain,Qualifiant,Année 3,Masculin,18,Grossesse,> 15 km,2000-4000 MAD,2,1,0
AB400979,2018-2019,Casablanca-Settat,CAS,El Jadida,Rural,Primaire,Année 5,Masculin,11,Travail enfant,> 15 km,> 7000 MAD,3,0,0
AB400980,2016-2017,Tanger-Tétouan-Al Hoceïma,TAN,Larache,Rural,Primaire,Année 2,Féminin,8,Difficultés économiques,< 1 km,2000-4000 MAD,4,1,1
AB400981,2019-2020,Casablanca-Settat,CAS,Sidi Bennour,Urbain,Collégial,Année 3,Masculin,15,Difficultés économiques,5–15 km,< 2000 MAD,8,0,1
AB400982,2016-2017,Rabat-Salé-Kénitra,RAB,Rabat,Rural,Qualifiant,Année 1,Masculin,16,Grossesse,> 15 km,4000-7000 MAD,4,1,0
AB400983,2019-2020,Tanger-Tétouan-Al Hoceïma,TAN,Chefchaouen,Rural,Collégial,Année 2,Féminin,14,Manque d'infrastructures,1–5 km,2000-4000 MAD,1,1,0
AB400984,2016-2017,Casablanca-Settat,CAS,El Jadida,Urbain,Collégial,Année 3,Masculin,15,Grossesse,> 15 km,> 7000 MAD,7,0,0
AB400985,2017-2018,Souss-Massa,SOU,Agadir-Ida-Ou-Tanane,Rural,Collégial,Année 2,Masculin,14,Éloignement de l'établissement,> 15 km,< 2000 MAD,5,0,0
AB400986,2021-2022,Marrakech-Safi,MAR,Safi,Rural,Qualifiant,Année 2,Féminin,16,Difficultés scolaires,< 1 km,2000-4000 MAD,4,1,0
AB400987,2016-2017,Tanger-Tétouan-Al Hoceïma,TAN,Tétouan,Rural,Collégial,Année 3,Masculin,13,Difficultés scolaires,5–15 km,2000-4000 MAD,2,0,0
AB400988,2019-2020,Fès-Meknès,FES,Boulemane,Urbain,Primaire,Année 2,Féminin,10,Difficultés économiques,1–5 km,> 7000 MAD,1,0,0
AB400989,2020-2021,Rabat-Salé-Kénitra,RAB,Khémisset,Rural,Qualifiant,Année 2,Masculin,16,Difficultés économiques,> 15 km,< 2000 MAD,3,1,1
AB400990,2017-2018,Marrakech-Safi,MAR,Essaouira,Rural,Collégial,Année 2,Féminin,13,Grossesse,1–5 km,< 2000 MAD,2,1,0
AB400991,2018-2019,Marrakech-Safi,MAR,Safi,Urbain,Collégial,Année 1,Masculin,15,Difficultés économiques,5–15 km,4000-7000 MAD,7,0,1
AB400992,2018-2019,Tanger-Tétouan-Al Hoceïma,TAN,Ouazzane,Urbain,Primaire,Année 3,Masculin,9,Difficultés économiques,< 1 km,< 2000 MAD,5,1,1
AB400993,2019-2020,Casablanca-Settat,CAS,Mohammadia,Rural,Qualifiant,Année 3,Masculin,18,Difficultés économiques,< 1 km,> 7000 MAD,8,0,1
AB400994,2020-2021,Marrakech-Safi,MAR,Youssoufia,Urbain,Collégial,Année 2,Masculin,15,Difficultés scolaires,> 15 km,2000-4000 MAD,2,1,0
AB400995,2019-2020,Rabat-Salé-Kénitra,RAB,Sidi Slimane,Urbain,Qualifiant,Année 2,Masculin,16,Travail enfant,5–15 km,2000-4000 MAD,6,0,0
AB400996,2016-2017,Casablanca-Settat,CAS,El Jadida,Rural,Qualifiant,Année 1,Masculin,18,Difficultés économiques,1–5 km,2000-4000 MAD,1,0,1
AB400997,2020-2021,Drâa-Tafilalet,DRA,Ouarzazate,Rural,Primaire,Année 4,Féminin,11,Mariage précoce,1–5 km,2000-4000 MAD,4,0,1
AB400998,2018-2019,Rabat-Salé-Kénitra,RAB,Sidi Slimane,Rural,Primaire,Année 6,Masculin,10,Difficultés économiques,< 1 km,4000-7000 MAD,3,1,0
AB400999,2021-2022,Tanger-Tétouan-Al Hoceïma,TAN,Al Hoceïma,Urbain,Qualifiant,Année 1,Masculin,18,Difficultés économiques,< 1 km,< 2000 MAD,2,0,0
AB401000,2019-2020,Souss-Massa,SOU,Agadir-Ida-Ou-Tanane,Rural,Primaire,Année 1,Masculin,12,Handicap,5–15 km,< 2000 MAD,2,0,1
AB401001,2017-2018,Fès-Meknès,FES,Boulemane,Rural,Collégial,Année 3,Masculin,14,Manque d'infrastructures,1–5 km,> 7000 MAD,1,1,0
AB401002,2023-2024,Casablanca-Settat,CAS,Benslimane,Rural,Qualifiant,Année 2,Féminin,18,Travail enfant,5–15 km,2000-4000 MAD,5,0,0
AB401003,2022-2023,Souss-Massa,SOU,Taroudannt,Rural,Qualifiant,Année 1,Masculin,17,Difficultés économiques,> 15 km,4000-7000 MAD,2,0,1
AB401004,2022-2023,Casablanca-Settat,CAS,Benslimane,Rural,Collégial,Année 3,Féminin,15,Travail enfant,< 1 km,4000-7000 MAD,5,1,0
AB401005,2016-2017,Marrakech-Safi,MAR,El Kelaa des Sraghna,Rural,Qualifiant,Année 3,Féminin,18,Autre,1–5 km,< 2000 MAD,1,1,0
AB401006,2023-2024,Oriental,ORI,Nador,Urbain,Qualifiant,Année 1,Féminin,18,Éloignement de l'établissement,< 1 km,4000-7000 MAD,3,1,0
AB401007,2019-2020,Tanger-Tétouan-Al Hoceïma,TAN,Ouazzane,Rural,Collégial,Année 2,Masculin,15,Travail enfant,5–15 km,4000-7000 MAD,1,1,0
AB401008,2019-2020,Béni Mellal-Khénifra,BMK,Azilal,Rural,Primaire,Année 5,Féminin,7,Éloignement de l'établissement,5–15 km,4000-7000 MAD,4,1,1
AB401009,2018-2019,Marrakech-Safi,MAR,Al Haouz,Urbain,Collégial,Année 2,Féminin,14,Éloignement de l'établissement,> 15 km,2000-4000 MAD,6,1,0
AB401010,2018-2019,Souss-Massa,SOU,Taroudannt,Rural,Primaire,Année 3,Masculin,7,Manque d'infrastructures,< 1 km,2000-4000 MAD,8,1,0
AB401011,2019-2020,Marrakech-Safi,MAR,Safi,Rural,Qualifiant,Année 2,Masculin,18,Difficultés scolaires,5–15 km,4000-7000 MAD,6,1,0
AB401012,2023-2024,Souss-Massa,SOU,Taroudannt,Urbain,Primaire,Année 6,Féminin,9,Difficultés économiques,5–15 km,< 2000 MAD,8,1,0
AB401013,2022-2023,Rabat-Salé-Kénitra,RAB,Sidi Kacem,Urbain,Qualifiant,Année 2,Féminin,16,Difficultés scolaires,1–5 km,2000-4000 MAD,6,0,0
AB401014,2015-2016,Oriental,ORI,Figuig,Rural,Primaire,Année 1,Féminin,10,Travail enfant,< 1 km,2000-4000 MAD,6,1,0
AB401015,2016-2017,Casablanca-Settat,CAS,El Jadida,Urbain,Collégial,Année 3,Masculin,13,Difficultés économiques,1–5 km,4000-7000 MAD,2,1,0
AB401016,2016-2017,Marrakech-Safi,MAR,Chichaoua,Urbain,Qualifiant,Année 3,Masculin,18,Handicap,1–5 km,2000-4000 MAD,2,0,1
AB401017,2022-2023,Rabat-Salé-Kénitra,RAB,Salé,Urbain,Qualifiant,Année 1,Masculin,17,Difficultés scolaires,1–5 km,2000-4000 MAD,1,1,0
AB401018,2016-2017,Souss-Massa,SOU,Tiznit,Rural,Qualifiant,Année 3,Féminin,16,Difficultés scolaires,< 1 km,2000-4000 MAD,7,1,0
AB401019,2018-2019,Tanger-Tétouan-Al Hoceïma,TAN,Ouazzane,Urbain,Primaire,Année 4,Masculin,9,Mariage précoce,> 15 km,2000-4000 MAD,3,0,0
AB401020,2016-2017,Tanger-Tétouan-Al Hoceïma,TAN,Mdiq-Fnideq,Rural,Primaire,Année 4,Masculin,12,Difficultés économiques,< 1 km,< 2000 MAD,2,0,1
AB401021,2016-2017,Rabat-Salé-Kénitra,RAB,Rabat,Rural,Primaire,Année 5,Féminin,12,Difficultés scolaires,5–15 km,2000-4000 MAD,3,0,1
AB401022,2022-2023,Béni Mellal-Khénifra,BMK,Khouribga,Urbain,Collégial,Année 1,Masculin,14,Éloignement de l'établissement,5–15 km,< 2000 MAD,1,0,0
AB401023,2023-2024,Fès-Meknès,FES,Ifrane,Urbain,Primaire,Année 3,Masculin,7,Travail enfant,5–15 km,2000-4000 MAD,8,1,0
AB401024,2023-2024,Oriental,ORI,Oujda-Angad,Rural,Qualifiant,Année 2,Masculin,17,Difficultés scolaires,1–5 km,4000-7000 MAD,7,1,0
AB401025,2019-2020,Drâa-Tafilalet,DRA,Tinghir,Urbain,Collégial,Année 2,Féminin,15,Mariage précoce,> 15 km,< 2000 MAD,1,1,0
AB401026,2017-2018,Rabat-Salé-Kénitra,RAB,Skhirate-Témara,Rural,Collégial,Année 3,Masculin,15,Difficultés scolaires,1–5 km,2000-4000 MAD,7,1,0
AB401027,2022-2023,Dakhla-Oued Eddahab,DAK,Aousserd,Rural,Primaire,Année 6,Masculin,10,Difficultés économiques,1–5 km,2000-4000 MAD,7,1,1
AB401028,2015-2016,Oriental,ORI,Taourirt,Urbain,Collégial,Année 2,Masculin,14,Difficultés économiques,1–5 km,< 2000 MAD,6,0,0
AB401029,2022-2023,Casablanca-Settat,CAS,Berrechid,Urbain,Collégial,Année 2,Masculin,13,Travail enfant,5–15 km,4000-7000 MAD,8,1,0
AB401030,2021-2022,Béni Mellal-Khénifra,BMK,Azilal,Urbain,Collégial,Année 1,Masculin,15,Mariage précoce,< 1 km,> 7000 MAD,2,1,0
AB401031,2021-2022,Marrakech-Safi,MAR,Marrakech,Rural,Primaire,Année 3,Masculin,11,Éloignement de l'établissement,> 15 km,< 2000 MAD,8,1,0
AB401032,2023-2024,Oriental,ORI,Oujda-Angad,Rural,Qualifiant,Année 1,Féminin,16,Autre,< 1 km,< 2000 MAD,8,0,0
AB401033,2023-2024,Drâa-Tafilalet,DRA,Midelt,Rural,Collégial,Année 3,Féminin,13,Difficultés scolaires,1–5 km,< 2000 MAD,2,0,1
AB401034,2018-2019,Marrakech-Safi,MAR,Safi,Urbain,Qualifiant,Année 1,Masculin,16,Éloignement de l'établissement,< 1 km,< 2000 MAD,5,1,0
AB401035,2021-2022,Rabat-Salé-Kénitra,RAB,Sidi Slimane,Urbain,Primaire,Année 5,Féminin,11,Travail enfant,1–5 km,4000-7000 MAD,6,0,0
AB401036,2022-2023,Marrakech-Safi,MAR,Al Haouz,Urbain,Qualifiant,Année 1,Masculin,16,Difficultés scolaires,1–5 km,2000-4000 MAD,3,1,1
AB401037,2017-2018,Casablanca-Settat,CAS,Settat,Urbain,Qualifiant,Année 3,Féminin,18,Éloignement de l'établissement,5–15 km,< 2000 MAD,5,1,0
AB401038,2022-2023,Marrakech-Safi,MAR,Youssoufia,Urbain,Collégial,Année 2,Masculin,13,Mariage précoce,1–5 km,< 2000 MAD,5,0,1
AB401039,2017-2018,Casablanca-Settat,CAS,Settat,Rural,Qualifiant,Année 2,Masculin,17,Difficultés économiques,5–15 km,2000-4000 MAD,6,0,0
AB401040,2015-2016,Fès-Meknès,FES,Séfrou,Urbain,Primaire,Année 4,Masculin,9,Éloignement de l'établissement,1–5 km,2000-4000 MAD,3,0,0
AB401041,2021-2022,Fès-Meknès,FES,El Hajeb,Rural,Primaire,Année 5,Masculin,10,Difficultés scolaires,1–5 km,> 7000 MAD,4,1,0
AB401042,2022-2023,Béni Mellal-Khénifra,BMK,Fquih Ben Salah,Rural,Qualifiant,Année 2,Féminin,18,Difficultés économiques,< 1 km,> 7000 MAD,1,1,1
AB401043,2017-2018,Fès-Meknès,FES,Moulay Yacoub,Rural,Qualifiant,Année 1,Féminin,16,Grossesse,< 1 km,< 2000 MAD,7,1,0
AB401044,2015-2016,Rabat-Salé-Kénitra,RAB,Salé,Urbain,Collégial,Année 2,Masculin,14,Autre,1–5 km,< 2000 MAD,8,1,1
AB401045,2020-2021,Oriental,ORI,Figuig,Urbain,Collégial,Année 3,Féminin,14,Difficultés économiques,1–5 km,< 2000 MAD,1,1,1
AB401046,2015-2016,Casablanca-Settat,CAS,Benslimane,Rural,Collégial,Année 3,Masculin,15,Éloignement de l'établissement,1–5 km,4000-7000 MAD,6,0,1
AB401047,2020-2021,Béni Mellal-Khénifra,BMK,Khouribga,Urbain,Collégial,Année 1,Masculin,14,Travail enfant,< 1 km,< 2000 MAD,2,1,1
AB401048,2023-2024,Oriental,ORI,Taourirt,Rural,Qualifiant,Année 1,Masculin,17,Éloignement de l'établissement,5–15 km,4000-7000 MAD,5,0,0
AB401049,2017-2018,Rabat-Salé-Kénitra,RAB,Sidi Slimane,Rural,Primaire,Année 5,Féminin,7,Difficultés scolaires,1–5 km,< 2000 MAD,4,1,0
AB401050,2020-2021,Oriental,ORI,Nador,Rural,Qualifiant,Année 3,Féminin,18,Éloignement de l'établissement,< 1 km,4000-7000 MAD,7,1,1
AB401051,2020-2021,Béni Mellal-Khénifra,BMK,Azilal,Rural,Qualifiant,Année 1,Féminin,16,Grossesse,1–5 km,2000-4000 MAD,5,0,0
AB401052,2023-2024,Casablanca-Settat,CAS,Sidi Bennour,Urbain,Collégial,Année 3,Féminin,14,Mariage précoce,5–15 km,< 2000 MAD,1,1,0
AB401053,2020-2021,Casablanca-Settat,CAS,Casablanca,Urbain,Collégial,Année 1,Masculin,15,Grossesse,1–5 km,4000-7000 MAD,8,0,0
AB401054,2019-2020,Marrakech-Safi,MAR,Marrakech,Rural,Qualifiant,Année 1,Masculin,16,Difficultés scolaires,> 15 km,2000-4000 MAD,3,0,0
AB401055,2020-2021,Tanger-Tétouan-Al Hoceïma,TAN,Larache,Urbain,Primaire,Année 2,Féminin,7,Travail enfant,1–5 km,2000-4000 MAD,6,1,0
AB401056,2016-2017,Souss-Massa,SOU,Chtouka-Ait Baha,Rural,Qualifiant,Année 2,Masculin,18,Éloignement de l'établissement,> 15 km,< 2000 MAD,8,1,0
AB401057,2022-2023,Béni Mellal-Khénifra,BMK,Khouribga,Rural,Collégial,Année 1,Féminin,13,Difficultés économiques,5–15 km,2000-4000 MAD,5,1,1
AB401058,2017-2018,Oriental,ORI,Figuig,Urbain,Primaire,Année 1,Féminin,8,Travail enfant,1–5 km,2000-4000 MAD,6,1,0
AB401059,2015-2016,Marrakech-Safi,MAR,Al Haouz,Urbain,Primaire,Année 2,Masculin,8,Autre,> 15 km,< 2000 MAD,4,1,0
AB401060,2021-2022,Fès-Meknès,FES,El Hajeb,Urbain,Collégial,Année 3,Masculin,13,Difficultés scolaires,1–5 km,< 2000 MAD,7,1,0
AB401061,2022-2023,Casablanca-Settat,CAS,Sidi Bennour,Rural,Collégial,Année 3,Masculin,13,Difficultés économiques,> 15 km,< 2000 MAD,6,0,0
AB401062,2017-2018,Oriental,ORI,Taourirt,Rural,Collégial,Année 3,Féminin,13,Mariage précoce,5–15 km,2000-4000 MAD,7,0,0
AB401063,2016-2017,Fès-Meknès,FES,Fès,Rural,Primaire,Année 3,Féminin,8,Éloignement de l'établissement,1–5 km,2000-4000 MAD,7,1,0
AB401064,2022-2023,Oriental,ORI,Nador,Urbain,Collégial,Année 3,Féminin,15,Autre,> 15 km,2000-4000 MAD,7,1,1
AB401065,2023-2024,Tanger-Tétouan-Al Hoceïma,TAN,Ouazzane,Rural,Collégial,Année 1,Masculin,15,Difficultés scolaires,> 15 km,4000-7000 MAD,5,1,1
AB401066,2022-2023,Béni Mellal-Khénifra,BMK,Khouribga,Rural,Primaire,Année 3,Féminin,10,Éloignement de l'établissement,1–5 km,> 7000 MAD,2,1,0
AB401067,2021-2022,Fès-Meknès,FES,Ifrane,Urbain,Collégial,Année 1,Masculin,13,Difficultés économiques,< 1 km,2000-4000 MAD,3,1,1
AB401068,2019-2020,Fès-Meknès,FES,Ifrane,Urbain,Primaire,Année 6,Masculin,9,Difficultés scolaires,5–15 km,< 2000 MAD,1,0,0
AB401069,2022-2023,Tanger-Tétouan-Al Hoceïma,TAN,Chefchaouen,Rural,Qualifiant,Année 3,Masculin,16,Mariage précoce,< 1 km,< 2000 MAD,6,1,1
AB401070,2018-2019,Oriental,ORI,Driouch,Rural,Primaire,Année 6,Masculin,8,Travail enfant,1–5 km,2000-4000 MAD,6,1,0
AB401071,2023-2024,Rabat-Salé-Kénitra,RAB,Rabat,Rural,Qualifiant,Année 1,Masculin,17,Mariage précoce,> 15 km,2000-4000 MAD,1,1,0
AB401072,2016-2017,Rabat-Salé-Kénitra,RAB,Kénitra,Rural,Collégial,Année 3,Féminin,14,Manque d'infrastructures,< 1 km,4000-7000 MAD,8,0,1
AB401073,2022-2023,Tanger-Tétouan-Al Hoceïma,TAN,Al Hoceïma,Rural,Collégial,Année 3,Féminin,13,Mariage précoce,< 1 km,< 2000 MAD,2,1,1
AB401074,2021-2022,Marrakech-Safi,MAR,Youssoufia,Rural,Primaire,Année 2,Féminin,10,Travail enfant,> 15 km,> 7000 MAD,2,0,0
AB401075,2019-2020,Souss-Massa,SOU,Chtouka-Ait Baha,Rural,Qualifiant,Année 1,Masculin,18,Grossesse,1–5 km,4000-7000 MAD,4,1,0
AB401076,2015-2016,Rabat-Salé-Kénitra,RAB,Rabat,Urbain,Collégial,Année 1,Masculin,15,Difficultés économiques,5–15 km,4000-7000 MAD,5,1,0
AB401077,2017-2018,Casablanca-Settat,CAS,El Jadida,Urbain,Collégial,Année 2,Féminin,13,Travail enfant,1–5 km,< 2000 MAD,7,1,0
AB401078,2019-2020,Laâyoune-Sakia El Hamra,LAA,Es-Semara,Rural,Qualifiant,Année 1,Masculin,17,Manque d'infrastructures,< 1 km,4000-7000 MAD,1,1,1
AB401079,2016-2017,Marrakech-Safi,MAR,El Kelaa des Sraghna,Rural,Qualifiant,Année 2,Féminin,16,Éloignement de l'établissement,1–5 km,2000-4000 MAD,1,0,1
AB401080,2022-2023,Casablanca-Settat,CAS,Khouribga,Rural,Collégial,Année 1,Masculin,14,Grossesse,1–5 km,< 2000 MAD,5,0,1
AB401081,2019-2020,Rabat-Salé-Kénitra,RAB,Kénitra,Rural,Collégial,Année 3,Féminin,15,Mariage précoce,< 1 km,< 2000 MAD,6,1,0
AB401082,2019-2020,Souss-Massa,SOU,Taroudannt,Urbain,Collégial,Année 3,Masculin,15,Travail enfant,< 1 km,> 7000 MAD,7,0,1
AB401083,2021-2022,Tanger-Tétouan-Al Hoceïma,TAN,Fahs-Anjra,Urbain,Collégial,Année 1,Féminin,15,Travail enfant,< 1 km,2000-4000 MAD,5,0,1
AB401084,2015-2016,Guelmim-Oued Noun,GUE,Sidi Ifni,Rural,Qualifiant,Année 2,Féminin,17,Mariage précoce,< 1 km,< 2000 MAD,6,0,0
AB401085,2020-2021,Fès-Meknès,FES,Moulay Yacoub,Rural,Collégial,Année 2,Masculin,14,Difficultés économiques,> 15 km,4000-7000 MAD,3,0,0
AB401086,2020-2021,Rabat-Salé-Kénitra,RAB,Sidi Slimane,Urbain,Qualifiant,Année 1,Masculin,18,Difficultés scolaires,< 1 km,4000-7000 MAD,1,1,1
AB401087,2018-2019,Fès-Meknès,FES,Fès,Rural,Qualifiant,Année 1,Masculin,17,Grossesse,1–5 km,2000-4000 MAD,4,0,0
AB401088,2016-2017,Rabat-Salé-Kénitra,RAB,Kénitra,Rural,Collégial,Année 1,Féminin,15,Difficultés scolaires,1–5 km,> 7000 MAD,1,1,1
AB401089,2016-2017,Casablanca-Settat,CAS,Mohammadia,Urbain,Collégial,Année 3,Masculin,13,Difficultés économiques,< 1 km,4000-7000 MAD,7,1,0
AB401090,2020-2021,Marrakech-Safi,MAR,Marrakech,Rural,Primaire,Année 2,Masculin,12,Grossesse,5–15 km,< 2000 MAD,3,0,0
AB401091,2016-2017,Souss-Massa,SOU,Taroudannt,Rural,Primaire,Année 4,Masculin,8,Difficultés économiques,> 15 km,< 2000 MAD,4,0,0
AB401092,2022-2023,Béni Mellal-Khénifra,BMK,Azilal,Urbain,Collégial,Année 2,Féminin,13,Difficultés économiques,5–15 km,< 2000 MAD,2,1,0
AB401093,2020-2021,Casablanca-Settat,CAS,Mohammadia,Urbain,Collégial,Année 2,Féminin,13,Mariage précoce,1–5 km,2000-4000 MAD,7,1,0
AB401094,2018-2019,Drâa-Tafilalet,DRA,Zagora,Rural,Collégial,Année 1,Féminin,14,Mariage précoce,< 1 km,2000-4000 MAD,1,0,0
AB401095,2023-2024,Casablanca-Settat,CAS,Benslimane,Rural,Primaire,Année 4,Féminin,10,Travail enfant,< 1 km,4000-7000 MAD,3,1,0
AB401096,2020-2021,Marrakech-Safi,MAR,Essaouira,Rural,Primaire,Année 4,Masculin,9,Travail enfant,< 1 km,2000-4000 MAD,5,1,0
AB401097,2018-2019,Casablanca-Settat,CAS,Berrechid,Rural,Qualifiant,Année 3,Féminin,17,Difficultés économiques,5–15 km,< 2000 MAD,7,1,0
AB401098,2023-2024,Casablanca-Settat,CAS,Benslimane,Urbain,Qualifiant,Année 1,Masculin,18,Difficultés scolaires,< 1 km,4000-7000 MAD,5,1,0
AB401099,2016-2017,Tanger-Tétouan-Al Hoceïma,TAN,Ouazzane,Urbain,Collégial,Année 1,Masculin,15,Difficultés économiques,< 1 km,4000-7000 MAD,6,0,0
AB401100,2018-2019,Fès-Meknès,FES,Boulemane,Rural,Qualifiant,Année 1,Féminin,18,Difficultés scolaires,5–15 km,2000-4000 MAD,6,1,0
AB401101,2019-2020,Marrakech-Safi,MAR,Al Haouz,Rural,Collégial,Année 3,Masculin,13,Difficultés économiques,5–15 km,> 7000 MAD,1,0,1
AB401102,2023-2024,Rabat-Salé-Kénitra,RAB,Skhirate-Témara,Urbain,Collégial,Année 2,Féminin,15,Éloignement de l'établissement,1–5 km,< 2000 MAD,3,1,0
AB401103,2016-2017,Béni Mellal-Khénifra,BMK,Fquih Ben Salah,Rural,Collégial,Année 1,Féminin,14,Difficultés scolaires,1–5 km,4000-7000 MAD,2,1,1
AB401104,2016-2017,Casablanca-Settat,CAS,Benslimane,Rural,Qualifiant,Année 2,Féminin,16,Difficultés économiques,5–15 km,4000-7000 MAD,4,1,0
AB401105,2023-2024,Rabat-Salé-Kénitra,RAB,Sidi Kacem,Urbain,Primaire,Année 4,Féminin,11,Travail enfant,5–15 km,4000-7000 MAD,5,0,1
AB401106,2020-2021,Rabat-Salé-Kénitra,RAB,Rabat,Rural,Collégial,Année 3,Féminin,13,Travail enfant,> 15 km,4000-7000 MAD,1,1,0
AB401107,2018-2019,Fès-Meknès,FES,Séfrou,Rural,Collégial,Année 3,Masculin,15,Travail enfant,1–5 km,< 2000 MAD,7,0,0
AB401108,2020-2021,Béni Mellal-Khénifra,BMK,Fquih Ben Salah,Urbain,Collégial,Année 3,Masculin,13,Difficultés scolaires,5–15 km,< 2000 MAD,3,1,0
AB401109,2022-2023,Rabat-Salé-Kénitra,RAB,Sidi Kacem,Urbain,Primaire,Année 1,Féminin,10,Handicap,5–15 km,4000-7000 MAD,4,1,1
AB401110,2018-2019,Laâyoune-Sakia El Hamra,LAA,Es-Semara,Urbain,Collégial,Année 1,Féminin,14,Difficultés économiques,< 1 km,2000-4000 MAD,6,1,0
AB401111,2023-2024,Casablanca-Settat,CAS,Benslimane,Urbain,Collégial,Année 1,Féminin,13,Éloignement de l'établissement,< 1 km,> 7000 MAD,4,1,1
AB401112,2015-2016,Rabat-Salé-Kénitra,RAB,Skhirate-Témara,Rural,Primaire,Année 2,Masculin,10,Travail enfant,< 1 km,< 2000 MAD,1,1,0
AB401113,2023-2024,Tanger-Tétouan-Al Hoceïma,TAN,Fahs-Anjra,Rural,Collégial,Année 2,Féminin,14,Difficultés scolaires,5–15 km,< 2000 MAD,1,0,0
AB401114,2022-2023,Oriental,ORI,Taourirt,Rural,Primaire,Année 2,Masculin,12,Travail enfant,1–5 km,2000-4000 MAD,2,1,0
AB401115,2015-2016,Marrakech-Safi,MAR,Safi,Rural,Collégial,Année 3,Masculin,14,Difficultés économiques,5–15 km,4000-7000 MAD,1,0,0
AB401116,2017-2018,Oriental,ORI,Nador,Urbain,Primaire,Année 1,Féminin,8,Éloignement de l'établissement,1–5 km,4000-7000 MAD,4,0,0
AB401117,2015-2016,Tanger-Tétouan-Al Hoceïma,TAN,Tétouan,Urbain,Primaire,Année 6,Féminin,7,Travail enfant,5–15 km,2000-4000 MAD,3,1,1
AB401118,2020-2021,Tanger-Tétouan-Al Hoceïma,TAN,Al Hoceïma,Rural,Collégial,Année 1,Féminin,13,Mariage précoce,5–15 km,2000-4000 MAD,5,0,0
AB401119,2017-2018,Rabat-Salé-Kénitra,RAB,Kénitra,Rural,Collégial,Année 1,Féminin,13,Difficultés économiques,1–5 km,< 2000 MAD,3,0,0
AB401120,2019-2020,Fès-Meknès,FES,Taounate,Urbain,Qualifiant,Année 2,Féminin,17,Mariage précoce,< 1 km,< 2000 MAD,4,0,1
AB401121,2019-2020,Souss-Massa,SOU,Tiznit,Rural,Collégial,Année 3,Masculin,13,Travail enfant,< 1 km,2000-4000 MAD,8,1,0
AB401122,2020-2021,Béni Mellal-Khénifra,BMK,Fquih Ben Salah,Rural,Collégial,Année 2,Masculin,13,Mariage précoce,< 1 km,4000-7000 MAD,3,1,0
AB401123,2017-2018,Béni Mellal-Khénifra,BMK,Fquih Ben Salah,Rural,Primaire,Année 6,Féminin,11,Éloignement de l'établissement,< 1 km,2000-4000 MAD,1,1,0
AB401124,2021-2022,Béni Mellal-Khénifra,BMK,El Kelaa des Sraghna,Rural,Primaire,Année 1,Masculin,8,Travail enfant,5–15 km,< 2000 MAD,6,1,1
AB401125,2015-2016,Tanger-Tétouan-Al Hoceïma,TAN,Ouazzane,Rural,Collégial,Année 1,Masculin,14,Difficultés économiques,< 1 km,< 2000 MAD,6,1,1
AB401126,2021-2022,Marrakech-Safi,MAR,Essaouira,Rural,Collégial,Année 3,Masculin,15,Travail enfant,< 1 km,4000-7000 MAD,8,0,0
AB401127,2016-2017,Casablanca-Settat,CAS,Sidi Bennour,Rural,Qualifiant,Année 3,Masculin,16,Autre,< 1 km,> 7000 MAD,8,1,1
AB401128,2017-2018,Casablanca-Settat,CAS,Casablanca,Urbain,Collégial,Année 2,Féminin,15,Travail enfant,< 1 km,2000-4000 MAD,5,0,0
AB401129,2016-2017,Fès-Meknès,FES,Fès,Rural,Qualifiant,Année 2,Masculin,17,Éloignement de l'établissement,1–5 km,2000-4000 MAD,4,0,0
AB401130,2018-2019,Casablanca-Settat,CAS,Benslimane,Urbain,Qualifiant,Année 3,Féminin,18,Handicap,> 15 km,> 7000 MAD,4,1,0
AB401131,2021-2022,Béni Mellal-Khénifra,BMK,Khouribga,Rural,Primaire,Année 5,Féminin,10,Manque d'infrastructures,< 1 km,< 2000 MAD,2,1,0
AB401132,2020-2021,Fès-Meknès,FES,Boulemane,Urbain,Primaire,Année 5,Masculin,12,Handicap,1–5 km,4000-7000 MAD,2,0,0
AB401133,2023-2024,Souss-Massa,SOU,Tata,Rural,Primaire,Année 3,Masculin,7,Éloignement de l'établissement,5–15 km,2000-4000 MAD,2,1,0
AB401134,2022-2023,Tanger-Tétouan-Al Hoceïma,TAN,Larache,Rural,Collégial,Année 1,Masculin,13,Difficultés scolaires,< 1 km,< 2000 MAD,6,0,0
AB401135,2016-2017,Souss-Massa,SOU,Chtouka-Ait Baha,Urbain,Collégial,Année 3,Masculin,13,Difficultés économiques,5–15 km,< 2000 MAD,4,1,0
AB401136,2017-2018,Béni Mellal-Khénifra,BMK,El Kelaa des Sraghna,Urbain,Collégial,Année 2,Féminin,13,Handicap,1–5 km,2000-4000 MAD,6,1,1
AB401137,2022-2023,Fès-Meknès,FES,Séfrou,Rural,Qualifiant,Année 2,Féminin,17,Mariage précoce,1–5 km,2000-4000 MAD,7,1,0
AB401138,2018-2019,Oriental,ORI,Nador,Rural,Primaire,Année 5,Féminin,8,Travail enfant,< 1 km,> 7000 MAD,8,1,1
AB401139,2017-2018,Rabat-Salé-Kénitra,RAB,Skhirate-Témara,Rural,Collégial,Année 2,Féminin,13,Travail enfant,1–5 km,4000-7000 MAD,1,1,0
AB401140,2021-2022,Casablanca-Settat,CAS,Berrechid,Rural,Primaire,Année 4,Féminin,7,Travail enfant,> 15 km,> 7000 MAD,5,0,0
AB401141,2017-2018,Marrakech-Safi,MAR,Marrakech,Urbain,Collégial,Année 1,Féminin,15,Handicap,< 1 km,< 2000 MAD,6,1,0
AB401142,2018-2019,Oriental,ORI,Driouch,Rural,Collégial,Année 3,Masculin,15,Difficultés économiques,< 1 km,< 2000 MAD,7,0,1
AB401143,2020-2021,Fès-Meknès,FES,Taza,Urbain,Qualifiant,Année 3,Féminin,17,Autre,1–5 km,> 7000 MAD,7,1,0
AB401144,2015-2016,Oriental,ORI,Oujda-Angad,Urbain,Collégial,Année 1,Masculin,13,Manque d'infrastructures,1–5 km,< 2000 MAD,8,1,0
AB401145,2023-2024,Casablanca-Settat,CAS,Khouribga,Rural,Primaire,Année 2,Masculin,9,Manque d'infrastructures,< 1 km,2000-4000 MAD,1,0,0
AB401146,2017-2018,Rabat-Salé-Kénitra,RAB,Salé,Urbain,Primaire,Année 2,Féminin,10,Éloignement de l'établissement,> 15 km,< 2000 MAD,7,0,0
AB401147,2019-2020,Souss-Massa,SOU,Agadir-Ida-Ou-Tanane,Urbain,Collégial,Année 1,Masculin,15,Difficultés économiques,< 1 km,4000-7000 MAD,4,0,1
AB401148,2017-2018,Fès-Meknès,FES,Meknès,Rural,Collégial,Année 2,Féminin,13,Travail enfant,> 15 km,4000-7000 MAD,5,0,1
AB401149,2018-2019,Casablanca-Settat,CAS,El Jadida,Urbain,Primaire,Année 2,Masculin,9,Difficultés économiques,1–5 km,2000-4000 MAD,2,1,1
AB401150,2020-2021,Casablanca-Settat,CAS,Casablanca,Rural,Collégial,Année 2,Masculin,14,Difficultés économiques,1–5 km,2000-4000 MAD,8,0,1
AB401151,2019-2020,Casablanca-Settat,CAS,Settat,Urbain,Qualifiant,Année 3,Masculin,17,Autre,1–5 km,< 2000 MAD,5,1,0
AB401152,2015-2016,Béni Mellal-Khénifra,BMK,Khouribga,Rural,Collégial,Année 3,Féminin,14,Travail enfant,1–5 km,< 2000 MAD,5,1,0
AB401153,2017-2018,Tanger-Tétouan-Al Hoceïma,TAN,Tanger-Assilah,Rural,Primaire,Année 2,Masculin,10,Difficultés économiques,> 15 km,2000-4000 MAD,2,0,0
AB401154,2017-2018,Marrakech-Safi,MAR,Essaouira,Rural,Collégial,Année 2,Féminin,13,Manque d'infrastructures,1–5 km,> 7000 MAD,3,1,0
AB401155,2016-2017,Marrakech-Safi,MAR,Marrakech,Urbain,Qualifiant,Année 3,Féminin,18,Mariage précoce,1–5 km,2000-4000 MAD,4,1,1
AB401156,2023-2024,Souss-Massa,SOU,Inezgane-Ait Melloul,Rural,Qualifiant,Année 3,Masculin,16,Difficultés économiques,1–5 km,4000-7000 MAD,2,1,1
AB401157,2015-2016,Marrakech-Safi,MAR,Essaouira,Urbain,Collégial,Année 1,Masculin,13,Difficultés scolaires,1–5 km,< 2000 MAD,2,0,0
AB401158,2018-2019,Fès-Meknès,FES,Taounate,Rural,Collégial,Année 2,Masculin,15,Difficultés économiques,< 1 km,2000-4000 MAD,7,0,1
AB401159,2023-2024,Béni Mellal-Khénifra,BMK,Azilal,Urbain,Primaire,Année 5,Masculin,10,Éloignement de l'établissement,1–5 km,4000-7000 MAD,1,0,1
AB401160,2015-2016,Oriental,ORI,Berkane,Rural,Collégial,Année 2,Féminin,14,Difficultés scolaires,5–15 km,> 7000 MAD,2,0,0
AB401161,2023-2024,Casablanca-Settat,CAS,Benslimane,Rural,Qualifiant,Année 3,Masculin,17,Difficultés économiques,< 1 km,< 2000 MAD,8,1,0
AB401162,2016-2017,Béni Mellal-Khénifra,BMK,Khouribga,Urbain,Qualifiant,Année 2,Féminin,16,Autre,1–5 km,4000-7000 MAD,6,1,0
AB401163,2023-2024,Rabat-Salé-Kénitra,RAB,Sidi Kacem,Rural,Collégial,Année 2,Masculin,13,Travail enfant,1–5 km,2000-4000 MAD,5,1,0
AB401164,2023-2024,Rabat-Salé-Kénitra,RAB,Salé,Rural,Primaire,Année 5,Masculin,9,Manque d'infrastructures,5–15 km,4000-7000 MAD,4,0,0
AB401165,2017-2018,Tanger-Tétouan-Al Hoceïma,TAN,Fahs-Anjra,Rural,Collégial,Année 2,Masculin,15,Éloignement de l'établissement,5–15 km,2000-4000 MAD,4,1,0
AB401166,2016-2017,Casablanca-Settat,CAS,Khouribga,Urbain,Primaire,Année 4,Masculin,9,Travail enfant,1–5 km,2000-4000 MAD,8,0,0
AB401167,2015-2016,Drâa-Tafilalet,DRA,Midelt,Urbain,Primaire,Année 3,Masculin,10,Difficultés économiques,1–5 km,< 2000 MAD,4,0,0
AB401168,2021-2022,Marrakech-Safi,MAR,Al Haouz,Rural,Primaire,Année 2,Féminin,8,Éloignement de l'établissement,1–5 km,4000-7000 MAD,6,0,0
AB401169,2022-2023,Casablanca-Settat,CAS,Casablanca,Rural,Collégial,Année 1,Masculin,14,Difficultés économiques,< 1 km,> 7000 MAD,7,1,0
AB401170,2015-2016,Marrakech-Safi,MAR,El Kelaa des Sraghna,Urbain,Collégial,Année 2,Féminin,14,Difficultés économiques,< 1 km,2000-4000 MAD,1,0,0
AB401171,2022-2023,Tanger-Tétouan-Al Hoceïma,TAN,Tétouan,Rural,Qualifiant,Année 2,Féminin,17,Difficultés économiques,5–15 km,> 7000 MAD,8,0,1
AB401172,2018-2019,Rabat-Salé-Kénitra,RAB,Rabat,Urbain,Collégial,Année 1,Masculin,13,Difficultés économiques,5–15 km,4000-7000 MAD,4,1,1
AB401173,2017-2018,Marrakech-Safi,MAR,Al Haouz,Rural,Qualifiant,Année 3,Féminin,18,Difficultés scolaires,< 1 km,2000-4000 MAD,7,1,0
AB401174,2020-2021,Drâa-Tafilalet,DRA,Errachidia,Urbain,Primaire,Année 4,Féminin,9,Difficultés économiques,1–5 km,4000-7000 MAD,8,0,1
AB401175,2021-2022,Casablanca-Settat,CAS,Mohammadia,Rural,Collégial,Année 3,Masculin,15,Travail enfant,1–5 km,2000-4000 MAD,8,0,0
AB401176,2019-2020,Souss-Massa,SOU,Chtouka-Ait Baha,Rural,Collégial,Année 3,Masculin,13,Difficultés économiques,1–5 km,> 7000 MAD,4,1,0
AB401177,2015-2016,Oriental,ORI,Taourirt,Urbain,Qualifiant,Année 2,Masculin,17,Travail enfant,> 15 km,4000-7000 MAD,4,1,1
AB401178,2018-2019,Fès-Meknès,FES,Boulemane,Rural,Collégial,Année 3,Masculin,13,Difficultés scolaires,< 1 km,< 2000 MAD,3,1,0
AB401179,2016-2017,Tanger-Tétouan-Al Hoceïma,TAN,Ouazzane,Urbain,Primaire,Année 5,Féminin,12,Difficultés économiques,1–5 km,2000-4000 MAD,1,1,1
AB401180,2021-2022,Marrakech-Safi,MAR,El Kelaa des Sraghna,Rural,Primaire,Année 4,Masculin,8,Éloignement de l'établissement,5–15 km,4000-7000 MAD,5,1,1
AB401181,2023-2024,Oriental,ORI,Taourirt,Rural,Qualifiant,Année 1,Masculin,16,Travail enfant,5–15 km,4000-7000 MAD,2,1,1
AB401182,2018-2019,Casablanca-Settat,CAS,Khouribga,Rural,Primaire,Année 3,Féminin,11,Handicap,1–5 km,2000-4000 MAD,8,0,0
AB401183,2023-2024,Marrakech-Safi,MAR,Chichaoua,Urbain,Collégial,Année 1,Féminin,13,Mariage précoce,< 1 km,< 2000 MAD,8,1,1
AB401184,2019-2020,Béni Mellal-Khénifra,BMK,Azilal,Urbain,Qualifiant,Année 2,Féminin,18,Difficultés scolaires,< 1 km,2000-4000 MAD,4,1,0
AB401185,2017-2018,Marrakech-Safi,MAR,Marrakech,Rural,Collégial,Année 1,Masculin,15,Éloignement de l'établissement,< 1 km,2000-4000 MAD,4,1,0
AB401186,2020-2021,Rabat-Salé-Kénitra,RAB,Salé,Rural,Primaire,Année 4,Masculin,7,Autre,< 1 km,2000-4000 MAD,7,1,0
AB401187,2023-2024,Rabat-Salé-Kénitra,RAB,Sidi Slimane,Rural,Primaire,Année 1,Masculin,7,Difficultés économiques,1–5 km,2000-4000 MAD,6,1,1
AB401188,2017-2018,Tanger-Tétouan-Al Hoceïma,TAN,Ouazzane,Urbain,Collégial,Année 3,Féminin,15,Manque d'infrastructures,1–5 km,2000-4000 MAD,3,0,1
AB401189,2017-2018,Béni Mellal-Khénifra,BMK,Azilal,Rural,Primaire,Année 1,Masculin,11,Mariage précoce,> 15 km,< 2000 MAD,4,0,1
AB401190,2015-2016,Drâa-Tafilalet,DRA,Ouarzazate,Urbain,Primaire,Année 3,Masculin,8,Difficultés économiques,< 1 km,2000-4000 MAD,5,0,0
AB401191,2016-2017,Marrakech-Safi,MAR,Al Haouz,Rural,Collégial,Année 2,Féminin,14,Difficultés économiques,< 1 km,< 2000 MAD,7,0,0
AB401192,2019-2020,Rabat-Salé-Kénitra,RAB,Khémisset,Rural,Collégial,Année 2,Masculin,13,Travail enfant,< 1 km,4000-7000 MAD,1,0,0
AB401193,2022-2023,Souss-Massa,SOU,Taroudannt,Rural,Qualifiant,Année 2,Féminin,17,Mariage précoce,1–5 km,< 2000 MAD,5,0,0
AB401194,2017-2018,Oriental,ORI,Berkane,Urbain,Collégial,Année 2,Masculin,14,Manque d'infrastructures,1–5 km,2000-4000 MAD,4,0,0
AB401195,2018-2019,Casablanca-Settat,CAS,Khouribga,Rural,Collégial,Année 2,Féminin,14,Difficultés économiques,> 15 km,< 2000 MAD,7,0,0
AB401196,2023-2024,Casablanca-Settat,CAS,Benslimane,Urbain,Collégial,Année 1,Masculin,14,Handicap,5–15 km,2000-4000 MAD,1,0,1
AB401197,2019-2020,Souss-Massa,SOU,Chtouka-Ait Baha,Rural,Primaire,Année 5,Féminin,10,Travail enfant,< 1 km,> 7000 MAD,3,0,0
AB401198,2022-2023,Oriental,ORI,Guercif,Urbain,Primaire,Année 2,Féminin,11,Difficultés économiques,< 1 km,2000-4000 MAD,5,0,0
AB401199,2015-2016,Oriental,ORI,Figuig,Rural,Qualifiant,Année 1,Féminin,17,Difficultés économiques,1–5 km,2000-4000 MAD,6,1,1
AB401200,2018-2019,Laâyoune-Sakia El Hamra,LAA,Tarfaya,Rural,Primaire,Année 2,Féminin,7,Éloignement de l'établissement,< 1 km,< 2000 MAD,7,0,0
AB401201,2020-2021,Marrakech-Safi,MAR,Essaouira,Urbain,Qualifiant,Année 3,Féminin,18,Difficultés économiques,1–5 km,> 7000 MAD,6,1,1
AB401202,2015-2016,Rabat-Salé-Kénitra,RAB,Sidi Kacem,Urbain,Collégial,Année 2,Féminin,14,Éloignement de l'établissement,< 1 km,> 7000 MAD,7,1,0
AB401203,2023-2024,Drâa-Tafilalet,DRA,Zagora,Urbain,Collégial,Année 3,Masculin,15,Difficultés scolaires,5–15 km,< 2000 MAD,8,1,1
AB401204,2019-2020,Drâa-Tafilalet,DRA,Zagora,Urbain,Primaire,Année 5,Masculin,11,Difficultés économiques,1–5 km,< 2000 MAD,6,0,0
AB401205,2016-2017,Tanger-Tétouan-Al Hoceïma,TAN,Ouazzane,Urbain,Qualifiant,Année 1,Masculin,16,Difficultés scolaires,1–5 km,2000-4000 MAD,6,1,0
AB401206,2016-2017,Marrakech-Safi,MAR,El Kelaa des Sraghna,Rural,Primaire,Année 5,Masculin,8,Travail enfant,1–5 km,4000-7000 MAD,3,1,0
AB401207,2016-2017,Oriental,ORI,Figuig,Urbain,Collégial,Année 3,Masculin,15,Éloignement de l'établissement,< 1 km,2000-4000 MAD,7,1,0
AB401208,2020-2021,Fès-Meknès,FES,El Hajeb,Rural,Collégial,Année 3,Masculin,15,Mariage précoce,< 1 km,4000-7000 MAD,2,1,1
AB401209,2021-2022,Fès-Meknès,FES,El Hajeb,Rural,Collégial,Année 3,Masculin,13,Difficultés scolaires,> 15 km,2000-4000 MAD,5,1,0
AB401210,2018-2019,Rabat-Salé-Kénitra,RAB,Rabat,Urbain,Collégial,Année 2,Féminin,15,Travail enfant,1–5 km,< 2000 MAD,2,1,0
AB401211,2019-2020,Casablanca-Settat,CAS,Khouribga,Rural,Primaire,Année 2,Féminin,12,Autre,> 15 km,2000-4000 MAD,5,0,0
AB401212,2016-2017,Béni Mellal-Khénifra,BMK,Fquih Ben Salah,Urbain,Collégial,Année 2,Masculin,13,Travail enfant,< 1 km,< 2000 MAD,3,1,0
AB401213,2017-2018,Marrakech-Safi,MAR,Essaouira,Rural,Primaire,Année 6,Féminin,8,Éloignement de l'établissement,5–15 km,2000-4000 MAD,5,1,0
AB401214,2017-2018,Oriental,ORI,Taourirt,Rural,Primaire,Année 3,Masculin,12,Manque d'infrastructures,1–5 km,< 2000 MAD,7,0,0
AB401215,2020-2021,Oriental,ORI,Guercif,Rural,Qualifiant,Année 2,Masculin,17,Difficultés scolaires,1–5 km,2000-4000 MAD,1,0,0
AB401216,2017-2018,Béni Mellal-Khénifra,BMK,Khouribga,Urbain,Qualifiant,Année 3,Masculin,16,Manque d'infrastructures,5–15 km,< 2000 MAD,5,0,0
AB401217,2021-2022,Tanger-Tétouan-Al Hoceïma,TAN,Tétouan,Urbain,Primaire,Année 4,Féminin,11,Difficultés scolaires,< 1 km,> 7000 MAD,1,1,0
AB401218,2019-2020,Casablanca-Settat,CAS,Sidi Bennour,Urbain,Collégial,Année 1,Féminin,14,Éloignement de l'établissement,1–5 km,4000-7000 MAD,4,0,0
AB401219,2017-2018,Fès-Meknès,FES,Meknès,Rural,Primaire,Année 1,Masculin,10,Handicap,> 15 km,< 2000 MAD,6,0,0
AB401220,2020-2021,Rabat-Salé-Kénitra,RAB,Kénitra,Rural,Collégial,Année 2,Féminin,14,Handicap,1–5 km,2000-4000 MAD,3,0,1
AB401221,2023-2024,Fès-Meknès,FES,Taounate,Urbain,Collégial,Année 2,Masculin,13,Éloignement de l'établissement,1–5 km,< 2000 MAD,6,1,0
AB401222,2016-2017,Casablanca-Settat,CAS,Khouribga,Rural,Qualifiant,Année 2,Masculin,17,Mariage précoce,< 1 km,2000-4000 MAD,8,1,0
AB401223,2022-2023,Drâa-Tafilalet,DRA,Zagora,Rural,Qualifiant,Année 3,Masculin,17,Manque d'infrastructures,1–5 km,4000-7000 MAD,8,1,0
AB401224,2016-2017,Casablanca-Settat,CAS,Mohammadia,Rural,Primaire,Année 3,Féminin,9,Travail enfant,< 1 km,< 2000 MAD,5,0,1
AB401225,2023-2024,Fès-Meknès,FES,Taounate,Rural,Collégial,Année 3,Féminin,13,Difficultés économiques,1–5 km,2000-4000 MAD,7,1,0
AB401226,2017-2018,Laâyoune-Sakia El Hamra,LAA,Boujdour,Rural,Primaire,Année 5,Féminin,12,Éloignement de l'établissement,1–5 km,2000-4000 MAD,3,0,0
AB401227,2018-2019,Fès-Meknès,FES,El Hajeb,Rural,Primaire,Année 4,Féminin,12,Manque d'infrastructures,< 1 km,4000-7000 MAD,7,1,1
AB401228,2015-2016,Marrakech-Safi,MAR,Safi,Urbain,Collégial,Année 1,Masculin,15,Difficultés scolaires,< 1 km,2000-4000 MAD,2,0,0
AB401229,2017-2018,Tanger-Tétouan-Al Hoceïma,TAN,Chefchaouen,Rural,Collégial,Année 2,Masculin,13,Éloignement de l'établissement,5–15 km,4000-7000 MAD,1,1,0
AB401230,2020-2021,Casablanca-Settat,CAS,El Jadida,Urbain,Collégial,Année 1,Masculin,13,Éloignement de l'établissement,< 1 km,2000-4000 MAD,7,0,0
AB401231,2022-2023,Oriental,ORI,Figuig,Urbain,Qualifiant,Année 1,Masculin,17,Handicap,< 1 km,2000-4000 MAD,8,1,0
AB401232,2018-2019,Fès-Meknès,FES,Ifrane,Urbain,Collégial,Année 3,Féminin,13,Difficultés économiques,< 1 km,4000-7000 MAD,6,0,1
AB401233,2021-2022,Drâa-Tafilalet,DRA,Errachidia,Urbain,Collégial,Année 3,Masculin,13,Éloignement de l'établissement,< 1 km,> 7000 MAD,6,0,1
AB401234,2017-2018,Tanger-Tétouan-Al Hoceïma,TAN,Ouazzane,Urbain,Collégial,Année 2,Féminin,13,Difficultés économiques,5–15 km,2000-4000 MAD,3,0,0
AB401235,2018-2019,Béni Mellal-Khénifra,BMK,El Kelaa des Sraghna,Rural,Primaire,Année 2,Féminin,11,Éloignement de l'établissement,1–5 km,2000-4000 MAD,2,1,0
AB401236,2016-2017,Souss-Massa,SOU,Tata,Rural,Collégial,Année 2,Masculin,14,Mariage précoce,5–15 km,2000-4000 MAD,2,0,1
AB401237,2022-2023,Oriental,ORI,Nador,Rural,Collégial,Année 2,Féminin,15,Travail enfant,1–5 km,< 2000 MAD,2,1,0
AB401238,2019-2020,Oriental,ORI,Berkane,Rural,Collégial,Année 3,Féminin,13,Travail enfant,1–5 km,4000-7000 MAD,5,1,1
AB401239,2018-2019,Béni Mellal-Khénifra,BMK,Azilal,Urbain,Qualifiant,Année 3,Féminin,17,Grossesse,< 1 km,4000-7000 MAD,4,1,0
AB401240,2023-2024,Rabat-Salé-Kénitra,RAB,Sidi Slimane,Rural,Qualifiant,Année 1,Masculin,18,Mariage précoce,1–5 km,> 7000 MAD,4,0,1
AB401241,2022-2023,Fès-Meknès,FES,El Hajeb,Rural,Collégial,Année 1,Féminin,13,Manque d'infrastructures,> 15 km,2000-4000 MAD,6,0,0
AB401242,2019-2020,Casablanca-Settat,CAS,Mohammadia,Rural,Primaire,Année 5,Masculin,10,Difficultés économiques,1–5 km,2000-4000 MAD,3,1,1
AB401243,2020-2021,Marrakech-Safi,MAR,Youssoufia,Rural,Collégial,Année 2,Masculin,14,Difficultés scolaires,1–5 km,2000-4000 MAD,7,1,1
AB401244,2019-2020,Rabat-Salé-Kénitra,RAB,Rabat,Rural,Primaire,Année 3,Féminin,11,Éloignement de l'établissement,1–5 km,< 2000 MAD,1,1,0
AB401245,2021-2022,Oriental,ORI,Nador,Rural,Collégial,Année 2,Masculin,15,Difficultés économiques,1–5 km,2000-4000 MAD,6,1,0
AB401246,2022-2023,Marrakech-Safi,MAR,Marrakech,Rural,Primaire,Année 5,Féminin,12,Éloignement de l'établissement,< 1 km,> 7000 MAD,1,1,0
AB401247,2015-2016,Tanger-Tétouan-Al Hoceïma,TAN,Larache,Urbain,Primaire,Année 3,Féminin,10,Difficultés scolaires,> 15 km,< 2000 MAD,2,0,0
AB401248,2019-2020,Béni Mellal-Khénifra,BMK,Fquih Ben Salah,Rural,Primaire,Année 2,Féminin,8,Éloignement de l'établissement,< 1 km,< 2000 MAD,2,0,1
AB401249,2022-2023,Rabat-Salé-Kénitra,RAB,Skhirate-Témara,Urbain,Collégial,Année 3,Féminin,15,Grossesse,< 1 km,< 2000 MAD,2,0,0
AB401250,2021-2022,Béni Mellal-Khénifra,BMK,Fquih Ben Salah,Urbain,Primaire,Année 2,Masculin,12,Éloignement de l'établissement,1–5 km,4000-7000 MAD,1,1,0
AB401251,2015-2016,Béni Mellal-Khénifra,BMK,Fquih Ben Salah,Rural,Primaire,Année 5,Masculin,10,Travail enfant,1–5 km,> 7000 MAD,5,0,1
AB401252,2022-2023,Oriental,ORI,Figuig,Rural,Primaire,Année 5,Masculin,9,Mariage précoce,5–15 km,< 2000 MAD,3,1,0
AB401253,2016-2017,Rabat-Salé-Kénitra,RAB,Salé,Rural,Qualifiant,Année 2,Féminin,17,Difficultés économiques,1–5 km,> 7000 MAD,2,0,0
AB401254,2022-2023,Marrakech-Safi,MAR,Marrakech,Urbain,Qualifiant,Année 1,Masculin,18,Mariage précoce,> 15 km,2000-4000 MAD,2,1,1
AB401255,2020-2021,Rabat-Salé-Kénitra,RAB,Khémisset,Urbain,Collégial,Année 1,Masculin,14,Mariage précoce,1–5 km,< 2000 MAD,7,0,0
AB401256,2022-2023,Marrakech-Safi,MAR,Safi,Rural,Primaire,Année 4,Féminin,9,Mariage précoce,5–15 km,4000-7000 MAD,3,0,0
AB401257,2019-2020,Marrakech-Safi,MAR,Marrakech,Urbain,Qualifiant,Année 2,Masculin,17,Mariage précoce,< 1 km,2000-4000 MAD,1,1,0
AB401258,2022-2023,Casablanca-Settat,CAS,El Jadida,Urbain,Collégial,Année 1,Féminin,14,Éloignement de l'établissement,< 1 km,2000-4000 MAD,4,1,0
AB401259,2017-2018,Fès-Meknès,FES,Moulay Yacoub,Rural,Collégial,Année 2,Féminin,13,Éloignement de l'établissement,1–5 km,4000-7000 MAD,5,0,0
AB401260,2017-2018,Marrakech-Safi,MAR,Essaouira,Urbain,Primaire,Année 6,Masculin,7,Difficultés économiques,< 1 km,2000-4000 MAD,4,1,0
AB401261,2021-2022,Drâa-Tafilalet,DRA,Midelt,Rural,Qualifiant,Année 2,Féminin,16,Grossesse,1–5 km,4000-7000 MAD,5,1,0
AB401262,2021-2022,Béni Mellal-Khénifra,BMK,El Kelaa des Sraghna,Rural,Collégial,Année 1,Féminin,14,Difficultés scolaires,< 1 km,2000-4000 MAD,6,1,1
AB401263,2015-2016,Oriental,ORI,Jerada,Rural,Qualifiant,Année 2,Féminin,18,Mariage précoce,> 15 km,4000-7000 MAD,8,1,1
AB401264,2017-2018,Dakhla-Oued Eddahab,DAK,Aousserd,Rural,Primaire,Année 3,Masculin,10,Travail enfant,1–5 km,2000-4000 MAD,2,1,0
AB401265,2019-2020,Rabat-Salé-Kénitra,RAB,Salé,Urbain,Collégial,Année 2,Masculin,13,Difficultés économiques,5–15 km,2000-4000 MAD,6,1,0
AB401266,2023-2024,Rabat-Salé-Kénitra,RAB,Rabat,Rural,Qualifiant,Année 3,Féminin,16,Travail enfant,> 15 km,< 2000 MAD,7,0,0
AB401267,2019-2020,Casablanca-Settat,CAS,El Jadida,Rural,Collégial,Année 3,Féminin,14,Travail enfant,1–5 km,2000-4000 MAD,2,1,1
AB401268,2019-2020,Béni Mellal-Khénifra,BMK,Fquih Ben Salah,Rural,Qualifiant,Année 2,Féminin,16,Éloignement de l'établissement,5–15 km,> 7000 MAD,1,1,0
AB401269,2021-2022,Marrakech-Safi,MAR,Marrakech,Rural,Primaire,Année 5,Masculin,12,Difficultés scolaires,5–15 km,4000-7000 MAD,1,1,0
AB401270,2017-2018,Fès-Meknès,FES,Boulemane,Rural,Collégial,Année 2,Masculin,15,Travail enfant,1–5 km,2000-4000 MAD,8,1,0
AB401271,2020-2021,Béni Mellal-Khénifra,BMK,Fquih Ben Salah,Urbain,Collégial,Année 1,Masculin,15,Difficultés scolaires,1–5 km,2000-4000 MAD,6,1,1
AB401272,2021-2022,Béni Mellal-Khénifra,BMK,Khouribga,Rural,Qualifiant,Année 3,Féminin,18,Difficultés scolaires,> 15 km,> 7000 MAD,6,1,0
AB401273,2017-2018,Laâyoune-Sakia El Hamra,LAA,Boujdour,Rural,Primaire,Année 3,Féminin,8,Difficultés économiques,1–5 km,2000-4000 MAD,7,1,1
AB401274,2016-2017,Casablanca-Settat,CAS,Mohammadia,Urbain,Qualifiant,Année 2,Masculin,18,Grossesse,1–5 km,2000-4000 MAD,1,1,0
AB401275,2016-2017,Casablanca-Settat,CAS,El Jadida,Rural,Collégial,Année 1,Masculin,15,Éloignement de l'établissement,1–5 km,2000-4000 MAD,3,1,0
AB401276,2019-2020,Laâyoune-Sakia El Hamra,LAA,Es-Semara,Rural,Primaire,Année 2,Féminin,8,Éloignement de l'établissement,5–15 km,4000-7000 MAD,8,0,0
AB401277,2015-2016,Casablanca-Settat,CAS,Berrechid,Rural,Qualifiant,Année 1,Féminin,16,Autre,> 15 km,< 2000 MAD,5,1,0
AB401278,2018-2019,Casablanca-Settat,CAS,Casablanca,Rural,Qualifiant,Année 2,Masculin,18,Mariage précoce,5–15 km,2000-4000 MAD,6,0,0
AB401279,2016-2017,Guelmim-Oued Noun,GUE,Assa-Zag,Rural,Primaire,Année 2,Féminin,10,Travail enfant,5–15 km,4000-7000 MAD,2,1,0
AB401280,2016-2017,Marrakech-Safi,MAR,Al Haouz,Rural,Collégial,Année 2,Masculin,13,Éloignement de l'établissement,< 1 km,< 2000 MAD,2,1,0
AB401281,2017-2018,Casablanca-Settat,CAS,Settat,Rural,Qualifiant,Année 3,Masculin,18,Travail enfant,5–15 km,2000-4000 MAD,7,1,1
AB401282,2015-2016,Marrakech-Safi,MAR,Youssoufia,Urbain,Collégial,Année 2,Masculin,13,Éloignement de l'établissement,1–5 km,4000-7000 MAD,3,1,0
AB401283,2020-2021,Marrakech-Safi,MAR,Chichaoua,Urbain,Collégial,Année 2,Masculin,13,Difficultés scolaires,1–5 km,4000-7000 MAD,2,0,0
AB401284,2018-2019,Fès-Meknès,FES,Boulemane,Rural,Primaire,Année 2,Féminin,12,Difficultés scolaires,1–5 km,4000-7000 MAD,1,0,0
AB401285,2015-2016,Fès-Meknès,FES,Séfrou,Rural,Collégial,Année 1,Féminin,14,Éloignement de l'établissement,5–15 km,2000-4000 MAD,2,0,0
AB401286,2018-2019,Tanger-Tétouan-Al Hoceïma,TAN,Tanger-Assilah,Rural,Qualifiant,Année 2,Féminin,17,Difficultés économiques,> 15 km,> 7000 MAD,7,0,0
AB401287,2017-2018,Fès-Meknès,FES,Séfrou,Rural,Collégial,Année 3,Masculin,14,Autre,< 1 km,2000-4000 MAD,6,1,0
AB401288,2022-2023,Souss-Massa,SOU,Agadir-Ida-Ou-Tanane,Urbain,Collégial,Année 3,Féminin,15,Difficultés économiques,1–5 km,4000-7000 MAD,6,1,0
AB401289,2018-2019,Marrakech-Safi,MAR,Safi,Rural,Primaire,Année 6,Masculin,8,Difficultés économiques,> 15 km,> 7000 MAD,8,0,0
AB401290,2022-2023,Casablanca-Settat,CAS,Mohammadia,Urbain,Collégial,Année 1,Masculin,13,Éloignement de l'établissement,1–5 km,2000-4000 MAD,8,0,1
AB401291,2021-2022,Fès-Meknès,FES,Taounate,Rural,Collégial,Année 2,Masculin,14,Mariage précoce,> 15 km,< 2000 MAD,2,1,0
AB401292,2022-2023,Casablanca-Settat,CAS,Casablanca,Rural,Collégial,Année 2,Féminin,13,Difficultés scolaires,1–5 km,< 2000 MAD,2,0,0
AB401293,2021-2022,Fès-Meknès,FES,El Hajeb,Urbain,Qualifiant,Année 2,Masculin,18,Difficultés économiques,1–5 km,4000-7000 MAD,4,0,0
AB401294,2018-2019,Drâa-Tafilalet,DRA,Ouarzazate,Rural,Primaire,Année 2,Masculin,10,Travail enfant,< 1 km,> 7000 MAD,8,0,0
AB401295,2018-2019,Tanger-Tétouan-Al Hoceïma,TAN,Chefchaouen,Urbain,Qualifiant,Année 3,Féminin,16,Éloignement de l'établissement,< 1 km,4000-7000 MAD,8,1,0
AB401296,2020-2021,Fès-Meknès,FES,Moulay Yacoub,Rural,Collégial,Année 2,Masculin,15,Grossesse,1–5 km,< 2000 MAD,7,1,0
AB401297,2016-2017,Casablanca-Settat,CAS,Khouribga,Rural,Collégial,Année 3,Masculin,13,Difficultés scolaires,5–15 km,< 2000 MAD,2,1,1
AB401298,2023-2024,Béni Mellal-Khénifra,BMK,El Kelaa des Sraghna,Rural,Collégial,Année 3,Masculin,14,Difficultés scolaires,1–5 km,2000-4000 MAD,4,1,0
AB401299,2015-2016,Marrakech-Safi,MAR,Al Haouz,Rural,Collégial,Année 3,Masculin,14,Travail enfant,5–15 km,2000-4000 MAD,2,1,0
AB401300,2017-2018,Béni Mellal-Khénifra,BMK,Béni Mellal,Urbain,Primaire,Année 3,Féminin,10,Travail enfant,5–15 km,< 2000 MAD,3,1,0
AB401301,2022-2023,Rabat-Salé-Kénitra,RAB,Sidi Slimane,Urbain,Collégial,Année 2,Masculin,13,Mariage précoce,1–5 km,< 2000 MAD,4,1,0
AB401302,2020-2021,Oriental,ORI,Oujda-Angad,Rural,Qualifiant,Année 3,Féminin,16,Handicap,< 1 km,2000-4000 MAD,6,0,0
AB401303,2020-2021,Drâa-Tafilalet,DRA,Zagora,Urbain,Collégial,Année 1,Masculin,13,Mariage précoce,1–5 km,4000-7000 MAD,8,0,0
AB401304,2022-2023,Casablanca-Settat,CAS,Sidi Bennour,Rural,Primaire,Année 3,Masculin,9,Difficultés économiques,< 1 km,< 2000 MAD,6,1,0
AB401305,2016-2017,Casablanca-Settat,CAS,Berrechid,Rural,Collégial,Année 1,Masculin,13,Autre,1–5 km,< 2000 MAD,7,1,0
AB401306,2015-2016,Casablanca-Settat,CAS,Mohammadia,Rural,Collégial,Année 1,Féminin,14,Éloignement de l'établissement,5–15 km,2000-4000 MAD,5,0,0
AB401307,2016-2017,Rabat-Salé-Kénitra,RAB,Salé,Rural,Collégial,Année 3,Masculin,13,Travail enfant,1–5 km,2000-4000 MAD,1,0,0
AB401308,2021-2022,Drâa-Tafilalet,DRA,Ouarzazate,Rural,Qualifiant,Année 1,Masculin,16,Handicap,< 1 km,2000-4000 MAD,8,1,1
AB401309,2020-2021,Rabat-Salé-Kénitra,RAB,Salé,Urbain,Collégial,Année 1,Masculin,14,Travail enfant,5–15 km,4000-7000 MAD,1,0,0
AB401310,2021-2022,Rabat-Salé-Kénitra,RAB,Kénitra,Rural,Primaire,Année 2,Masculin,11,Handicap,5–15 km,< 2000 MAD,7,1,1
AB401311,2023-2024,Fès-Meknès,FES,Séfrou,Rural,Collégial,Année 1,Masculin,13,Difficultés économiques,< 1 km,< 2000 MAD,7,0,0
AB401312,2018-2019,Fès-Meknès,FES,Taza,Urbain,Qualifiant,Année 2,Féminin,17,Travail enfant,5–15 km,> 7000 MAD,7,1,1
AB401313,2016-2017,Oriental,ORI,Oujda-Angad,Rural,Primaire,Année 1,Masculin,10,Difficultés économiques,> 15 km,> 7000 MAD,4,1,1
AB401314,2015-2016,Béni Mellal-Khénifra,BMK,Béni Mellal,Rural,Qualifiant,Année 1,Féminin,16,Mariage précoce,1–5 km,2000-4000 MAD,4,1,0
AB401315,2017-2018,Marrakech-Safi,MAR,Al Haouz,Urbain,Primaire,Année 6,Féminin,8,Éloignement de l'établissement,1–5 km,< 2000 MAD,5,1,0
AB401316,2015-2016,Rabat-Salé-Kénitra,RAB,Sidi Kacem,Urbain,Collégial,Année 1,Masculin,15,Autre,1–5 km,2000-4000 MAD,2,1,0
AB401317,2015-2016,Rabat-Salé-Kénitra,RAB,Rabat,Rural,Collégial,Année 3,Masculin,13,Difficultés économiques,5–15 km,< 2000 MAD,1,0,0
AB401318,2021-2022,Marrakech-Safi,MAR,Youssoufia,Rural,Primaire,Année 6,Masculin,9,Difficultés économiques,1–5 km,4000-7000 MAD,1,1,1
AB401319,2018-2019,Oriental,ORI,Berkane,Rural,Collégial,Année 3,Masculin,14,Difficultés économiques,5–15 km,< 2000 MAD,4,0,1
AB401320,2016-2017,Souss-Massa,SOU,Inezgane-Ait Melloul,Urbain,Collégial,Année 2,Féminin,13,Travail enfant,1–5 km,4000-7000 MAD,1,1,1
AB401321,2023-2024,Casablanca-Settat,CAS,Berrechid,Urbain,Qualifiant,Année 2,Masculin,16,Difficultés économiques,< 1 km,4000-7000 MAD,5,0,0
AB401322,2016-2017,Casablanca-Settat,CAS,Settat,Rural,Collégial,Année 1,Féminin,14,Autre,< 1 km,< 2000 MAD,1,1,0
AB401323,2022-2023,Tanger-Tétouan-Al Hoceïma,TAN,Larache,Rural,Collégial,Année 2,Masculin,13,Difficultés économiques,5–15 km,> 7000 MAD,8,1,1
AB401324,2016-2017,Fès-Meknès,FES,Taounate,Urbain,Qualifiant,Année 2,Féminin,17,Difficultés économiques,< 1 km,< 2000 MAD,3,0,0
AB401325,2018-2019,Laâyoune-Sakia El Hamra,LAA,Es-Semara,Rural,Primaire,Année 3,Féminin,11,Travail enfant,1–5 km,2000-4000 MAD,5,1,0
AB401326,2016-2017,Casablanca-Settat,CAS,Sidi Bennour,Rural,Collégial,Année 3,Masculin,14,Éloignement de l'établissement,> 15 km,2000-4000 MAD,1,1,1
AB401327,2017-2018,Rabat-Salé-Kénitra,RAB,Rabat,Urbain,Qualifiant,Année 2,Masculin,16,Mariage précoce,5–15 km,> 7000 MAD,7,1,0
AB401328,2016-2017,Fès-Meknès,FES,Boulemane,Rural,Collégial,Année 2,Féminin,15,Manque d'infrastructures,1–5 km,4000-7000 MAD,1,1,0
AB401329,2020-2021,Marrakech-Safi,MAR,Safi,Rural,Collégial,Année 2,Masculin,15,Difficultés économiques,< 1 km,> 7000 MAD,6,0,0
AB401330,2016-2017,Tanger-Tétouan-Al Hoceïma,TAN,Mdiq-Fnideq,Rural,Qualifiant,Année 1,Féminin,16,Mariage précoce,5–15 km,< 2000 MAD,5,1,0
AB401331,2016-2017,Marrakech-Safi,MAR,Essaouira,Urbain,Qualifiant,Année 2,Masculin,18,Éloignement de l'établissement,< 1 km,4000-7000 MAD,6,1,1
AB401332,2023-2024,Drâa-Tafilalet,DRA,Ouarzazate,Urbain,Primaire,Année 4,Féminin,8,Travail enfant,1–5 km,4000-7000 MAD,6,0,0
AB401333,2019-2020,Oriental,ORI,Driouch,Rural,Qualifiant,Année 3,Féminin,18,Difficultés scolaires,1–5 km,2000-4000 MAD,4,1,0
AB401334,2021-2022,Rabat-Salé-Kénitra,RAB,Skhirate-Témara,Rural,Primaire,Année 1,Masculin,10,Éloignement de l'établissement,< 1 km,2000-4000 MAD,3,1,0
AB401335,2022-2023,Oriental,ORI,Guercif,Urbain,Qualifiant,Année 1,Masculin,18,Éloignement de l'établissement,< 1 km,2000-4000 MAD,7,1,0
AB401336,2018-2019,Casablanca-Settat,CAS,Mohammadia,Rural,Collégial,Année 3,Masculin,15,Mariage précoce,1–5 km,4000-7000 MAD,7,1,1
AB401337,2015-2016,Casablanca-Settat,CAS,El Jadida,Urbain,Collégial,Année 3,Féminin,14,Manque d'infrastructures,5–15 km,4000-7000 MAD,4,1,1
AB401338,2021-2022,Casablanca-Settat,CAS,Sidi Bennour,Rural,Collégial,Année 1,Masculin,14,Difficultés scolaires,5–15 km,4000-7000 MAD,8,1,1
AB401339,2020-2021,Casablanca-Settat,CAS,Settat,Urbain,Collégial,Année 3,Masculin,14,Difficultés économiques,1–5 km,2000-4000 MAD,3,1,0
AB401340,2020-2021,Tanger-Tétouan-Al Hoceïma,TAN,Larache,Rural,Qualifiant,Année 2,Masculin,16,Manque d'infrastructures,1–5 km,2000-4000 MAD,3,1,0
AB401341,2023-2024,Casablanca-Settat,CAS,El Jadida,Rural,Primaire,Année 4,Féminin,7,Difficultés scolaires,1–5 km,> 7000 MAD,1,1,0
AB401342,2020-2021,Béni Mellal-Khénifra,BMK,Béni Mellal,Rural,Collégial,Année 1,Masculin,13,Difficultés économiques,> 15 km,< 2000 MAD,3,0,1
AB401343,2019-2020,Marrakech-Safi,MAR,Youssoufia,Rural,Qualifiant,Année 3,Masculin,16,Difficultés économiques,< 1 km,2000-4000 MAD,7,0,0
AB401344,2017-2018,Tanger-Tétouan-Al Hoceïma,TAN,Tétouan,Rural,Primaire,Année 5,Masculin,10,Travail enfant,1–5 km,< 2000 MAD,1,0,0
AB401345,2016-2017,Rabat-Salé-Kénitra,RAB,Salé,Rural,Qualifiant,Année 2,Féminin,16,Travail enfant,< 1 km,4000-7000 MAD,6,0,0
AB401346,2019-2020,Béni Mellal-Khénifra,BMK,Béni Mellal,Rural,Qualifiant,Année 3,Masculin,16,Éloignement de l'établissement,1–5 km,2000-4000 MAD,5,1,0
AB401347,2023-2024,Fès-Meknès,FES,Ifrane,Rural,Collégial,Année 3,Masculin,15,Manque d'infrastructures,< 1 km,< 2000 MAD,6,1,1
AB401348,2016-2017,Rabat-Salé-Kénitra,RAB,Sidi Kacem,Rural,Collégial,Année 3,Masculin,14,Mariage précoce,> 15 km,> 7000 MAD,2,1,0
AB401349,2021-2022,Fès-Meknès,FES,Meknès,Rural,Collégial,Année 2,Masculin,15,Difficultés économiques,< 1 km,2000-4000 MAD,1,0,0
AB401350,2021-2022,Marrakech-Safi,MAR,Essaouira,Rural,Collégial,Année 2,Masculin,15,Mariage précoce,> 15 km,2000-4000 MAD,7,1,0
AB401351,2017-2018,Souss-Massa,SOU,Tata,Rural,Qualifiant,Année 2,Masculin,18,Éloignement de l'établissement,1–5 km,2000-4000 MAD,5,0,0
AB401352,2015-2016,Casablanca-Settat,CAS,Settat,Rural,Collégial,Année 3,Masculin,13,Travail enfant,1–5 km,< 2000 MAD,7,0,1
AB401353,2023-2024,Drâa-Tafilalet,DRA,Tinghir,Rural,Primaire,Année 2,Masculin,7,Manque d'infrastructures,5–15 km,4000-7000 MAD,5,1,1
AB401354,2017-2018,Casablanca-Settat,CAS,Mohammadia,Rural,Qualifiant,Année 3,Masculin,18,Mariage précoce,5–15 km,2000-4000 MAD,7,1,0
AB401355,2020-2021,Marrakech-Safi,MAR,Safi,Urbain,Collégial,Année 3,Féminin,13,Difficultés économiques,> 15 km,< 2000 MAD,2,0,0
AB401356,2017-2018,Marrakech-Safi,MAR,Marrakech,Rural,Qualifiant,Année 3,Féminin,17,Difficultés scolaires,< 1 km,< 2000 MAD,3,1,0
AB401357,2017-2018,Tanger-Tétouan-Al Hoceïma,TAN,Tétouan,Rural,Qualifiant,Année 3,Masculin,18,Difficultés économiques,1–5 km,> 7000 MAD,7,1,0
AB401358,2019-2020,Tanger-Tétouan-Al Hoceïma,TAN,Larache,Rural,Primaire,Année 5,Féminin,8,Difficultés économiques,< 1 km,2000-4000 MAD,2,0,0
AB401359,2021-2022,Tanger-Tétouan-Al Hoceïma,TAN,Larache,Rural,Collégial,Année 2,Masculin,14,Éloignement de l'établissement,< 1 km,2000-4000 MAD,4,1,0
AB401360,2017-2018,Rabat-Salé-Kénitra,RAB,Sidi Kacem,Urbain,Qualifiant,Année 1,Féminin,16,Éloignement de l'établissement,1–5 km,4000-7000 MAD,2,1,0
AB401361,2020-2021,Fès-Meknès,FES,Fès,Rural,Qualifiant,Année 3,Masculin,16,Difficultés économiques,1–5 km,< 2000 MAD,1,0,0
AB401362,2018-2019,Fès-Meknès,FES,Ifrane,Rural,Collégial,Année 2,Féminin,14,Difficultés scolaires,5–15 km,4000-7000 MAD,6,0,1
AB401363,2023-2024,Marrakech-Safi,MAR,Al Haouz,Urbain,Qualifiant,Année 3,Masculin,16,Mariage précoce,< 1 km,2000-4000 MAD,8,1,0
AB401364,2017-2018,Marrakech-Safi,MAR,Al Haouz,Urbain,Collégial,Année 1,Féminin,14,Éloignement de l'établissement,1–5 km,2000-4000 MAD,7,1,1
AB401365,2019-2020,Casablanca-Settat,CAS,Casablanca,Rural,Collégial,Année 3,Masculin,15,Handicap,5–15 km,2000-4000 MAD,1,0,1
AB401366,2022-2023,Marrakech-Safi,MAR,Al Haouz,Urbain,Collégial,Année 3,Masculin,14,Éloignement de l'établissement,5–15 km,4000-7000 MAD,7,0,0
AB401367,2018-2019,Fès-Meknès,FES,Taounate,Rural,Collégial,Année 2,Masculin,15,Difficultés scolaires,5–15 km,< 2000 MAD,2,0,1
AB401368,2020-2021,Marrakech-Safi,MAR,Essaouira,Urbain,Qualifiant,Année 3,Féminin,17,Autre,> 15 km,4000-7000 MAD,5,1,0
AB401369,2015-2016,Drâa-Tafilalet,DRA,Tinghir,Rural,Collégial,Année 3,Masculin,14,Difficultés scolaires,< 1 km,> 7000 MAD,5,1,1
AB401370,2022-2023,Rabat-Salé-Kénitra,RAB,Sidi Slimane,Rural,Primaire,Année 5,Féminin,10,Difficultés scolaires,< 1 km,< 2000 MAD,5,1,0
AB401371,2020-2021,Béni Mellal-Khénifra,BMK,Béni Mellal,Urbain,Primaire,Année 6,Masculin,7,Travail enfant,> 15 km,< 2000 MAD,5,1,1
AB401372,2023-2024,Casablanca-Settat,CAS,Benslimane,Urbain,Collégial,Année 1,Féminin,13,Travail enfant,> 15 km,2000-4000 MAD,1,0,0
AB401373,2015-2016,Laâyoune-Sakia El Hamra,LAA,Tarfaya,Rural,Collégial,Année 2,Féminin,15,Éloignement de l'établissement,< 1 km,> 7000 MAD,2,1,1
AB401374,2016-2017,Casablanca-Settat,CAS,Berrechid,Urbain,Primaire,Année 6,Féminin,9,Difficultés économiques,5–15 km,< 2000 MAD,5,1,0
AB401375,2016-2017,Casablanca-Settat,CAS,Khouribga,Urbain,Collégial,Année 3,Masculin,13,Travail enfant,> 15 km,2000-4000 MAD,5,0,1
AB401376,2020-2021,Marrakech-Safi,MAR,Safi,Rural,Qualifiant,Année 2,Masculin,18,Handicap,1–5 km,2000-4000 MAD,4,1,0
AB401377,2015-2016,Tanger-Tétouan-Al Hoceïma,TAN,Fahs-Anjra,Rural,Collégial,Année 2,Masculin,13,Éloignement de l'établissement,> 15 km,4000-7000 MAD,1,0,1
AB401378,2018-2019,Rabat-Salé-Kénitra,RAB,Rabat,Rural,Collégial,Année 2,Masculin,15,Éloignement de l'établissement,> 15 km,> 7000 MAD,5,1,0
AB401379,2018-2019,Marrakech-Safi,MAR,Youssoufia,Rural,Collégial,Année 2,Masculin,15,Difficultés scolaires,> 15 km,> 7000 MAD,8,0,0
AB401380,2022-2023,Souss-Massa,SOU,Tiznit,Rural,Collégial,Année 3,Masculin,13,Difficultés économiques,5–15 km,< 2000 MAD,1,1,0
AB401381,2018-2019,Béni Mellal-Khénifra,BMK,Béni Mellal,Urbain,Qualifiant,Année 3,Masculin,17,Mariage précoce,< 1 km,2000-4000 MAD,4,0,0
AB401382,2020-2021,Oriental,ORI,Oujda-Angad,Rural,Primaire,Année 3,Masculin,12,Difficultés économiques,< 1 km,4000-7000 MAD,1,0,0
AB401383,2019-2020,Fès-Meknès,FES,Taounate,Rural,Collégial,Année 1,Féminin,14,Difficultés scolaires,5–15 km,< 2000 MAD,7,1,0
AB401384,2021-2022,Rabat-Salé-Kénitra,RAB,Salé,Rural,Collégial,Année 1,Féminin,13,Difficultés économiques,5–15 km,< 2000 MAD,3,1,0
AB401385,2022-2023,Casablanca-Settat,CAS,Mohammadia,Rural,Primaire,Année 6,Masculin,10,Difficultés économiques,1–5 km,2000-4000 MAD,4,1,0
AB401386,2019-2020,Casablanca-Settat,CAS,Settat,Rural,Primaire,Année 2,Féminin,11,Manque d'infrastructures,> 15 km,2000-4000 MAD,5,1,1
AB401387,2017-2018,Casablanca-Settat,CAS,Settat,Rural,Primaire,Année 6,Masculin,7,Mariage précoce,> 15 km,4000-7000 MAD,4,0,1
AB401388,2018-2019,Casablanca-Settat,CAS,Khouribga,Rural,Primaire,Année 1,Féminin,9,Difficultés économiques,> 15 km,4000-7000 MAD,3,1,0
AB401389,2021-2022,Rabat-Salé-Kénitra,RAB,Skhirate-Témara,Rural,Collégial,Année 3,Masculin,13,Mariage précoce,1–5 km,< 2000 MAD,2,1,1
AB401390,2017-2018,Drâa-Tafilalet,DRA,Tinghir,Rural,Qualifiant,Année 3,Masculin,17,Mariage précoce,1–5 km,4000-7000 MAD,5,0,1
AB401391,2023-2024,Souss-Massa,SOU,Tata,Rural,Collégial,Année 3,Féminin,13,Autre,< 1 km,4000-7000 MAD,6,1,0
AB401392,2015-2016,Marrakech-Safi,MAR,Youssoufia,Rural,Qualifiant,Année 1,Féminin,18,Difficultés économiques,1–5 km,> 7000 MAD,6,1,0
AB401393,2019-2020,Fès-Meknès,FES,Boulemane,Rural,Collégial,Année 3,Féminin,14,Difficultés économiques,1–5 km,2000-4000 MAD,5,1,0
AB401394,2017-2018,Guelmim-Oued Noun,GUE,Guelmim,Urbain,Qualifiant,Année 2,Féminin,17,Éloignement de l'établissement,1–5 km,2000-4000 MAD,5,0,0
AB401395,2023-2024,Marrakech-Safi,MAR,Chichaoua,Urbain,Qualifiant,Année 1,Masculin,16,Mariage précoce,5–15 km,2000-4000 MAD,8,1,1
AB401396,2020-2021,Marrakech-Safi,MAR,Safi,Rural,Primaire,Année 5,Féminin,11,Handicap,< 1 km,2000-4000 MAD,1,1,0
AB401397,2018-2019,Drâa-Tafilalet,DRA,Ouarzazate,Rural,Qualifiant,Année 1,Masculin,16,Difficultés scolaires,< 1 km,< 2000 MAD,3,0,0
AB401398,2019-2020,Casablanca-Settat,CAS,Benslimane,Urbain,Qualifiant,Année 2,Féminin,18,Difficultés scolaires,5–15 km,2000-4000 MAD,1,0,1
AB401399,2020-2021,Marrakech-Safi,MAR,Youssoufia,Rural,Collégial,Année 3,Masculin,14,Difficultés scolaires,< 1 km,< 2000 MAD,6,0,0
AB401400,2019-2020,Fès-Meknès,FES,Taza,Urbain,Primaire,Année 4,Masculin,10,Difficultés scolaires,< 1 km,4000-7000 MAD,2,1,0
AB401401,2016-2017,Casablanca-Settat,CAS,Sidi Bennour,Rural,Qualifiant,Année 2,Masculin,16,Éloignement de l'établissement,1–5 km,< 2000 MAD,6,0,1
AB401402,2021-2022,Casablanca-Settat,CAS,Casablanca,Urbain,Qualifiant,Année 2,Féminin,17,Difficultés économiques,1–5 km,4000-7000 MAD,1,1,0
AB401403,2021-2022,Laâyoune-Sakia El Hamra,LAA,Es-Semara,Urbain,Primaire,Année 2,Masculin,11,Difficultés scolaires,1–5 km,< 2000 MAD,8,1,1
AB401404,2019-2020,Rabat-Salé-Kénitra,RAB,Sidi Slimane,Rural,Primaire,Année 4,Masculin,7,Difficultés économiques,> 15 km,< 2000 MAD,8,1,0
AB401405,2015-2016,Drâa-Tafilalet,DRA,Errachidia,Rural,Qualifiant,Année 1,Masculin,17,Éloignement de l'établissement,5–15 km,4000-7000 MAD,3,1,0
AB401406,2022-2023,Fès-Meknès,FES,Moulay Yacoub,Urbain,Collégial,Année 3,Masculin,13,Difficultés économiques,1–5 km,< 2000 MAD,4,0,0
AB401407,2019-2020,Casablanca-Settat,CAS,Mohammadia,Rural,Qualifiant,Année 1,Masculin,16,Autre,1–5 km,4000-7000 MAD,3,0,1
AB401408,2019-2020,Marrakech-Safi,MAR,Marrakech,Rural,Primaire,Année 3,Masculin,8,Travail enfant,> 15 km,< 2000 MAD,1,0,1
AB401409,2015-2016,Tanger-Tétouan-Al Hoceïma,TAN,Fahs-Anjra,Rural,Collégial,Année 2,Masculin,14,Éloignement de l'établissement,> 15 km,> 7000 MAD,7,1,0
AB401410,2016-2017,Casablanca-Settat,CAS,Mohammadia,Urbain,Primaire,Année 2,Masculin,8,Difficultés économiques,> 15 km,> 7000 MAD,2,1,0
AB401411,2017-2018,Casablanca-Settat,CAS,Mohammadia,Rural,Primaire,Année 5,Masculin,12,Travail enfant,< 1 km,2000-4000 MAD,2,0,0
AB401412,2016-2017,Rabat-Salé-Kénitra,RAB,Sidi Kacem,Urbain,Qualifiant,Année 3,Féminin,16,Difficultés économiques,< 1 km,4000-7000 MAD,8,0,0
AB401413,2015-2016,Casablanca-Settat,CAS,Sidi Bennour,Rural,Qualifiant,Année 2,Masculin,16,Travail enfant,> 15 km,< 2000 MAD,7,0,0
AB401414,2018-2019,Souss-Massa,SOU,Chtouka-Ait Baha,Urbain,Collégial,Année 2,Féminin,15,Difficultés économiques,1–5 km,< 2000 MAD,2,1,1
AB401415,2016-2017,Fès-Meknès,FES,Fès,Rural,Primaire,Année 4,Masculin,11,Difficultés scolaires,< 1 km,2000-4000 MAD,5,0,0
AB401416,2019-2020,Souss-Massa,SOU,Chtouka-Ait Baha,Rural,Qualifiant,Année 2,Masculin,18,Éloignement de l'établissement,> 15 km,4000-7000 MAD,3,0,1
AB401417,2017-2018,Béni Mellal-Khénifra,BMK,Béni Mellal,Urbain,Qualifiant,Année 2,Féminin,18,Manque d'infrastructures,1–5 km,4000-7000 MAD,4,1,0
AB401418,2022-2023,Casablanca-Settat,CAS,Mohammadia,Rural,Primaire,Année 3,Masculin,8,Éloignement de l'établissement,5–15 km,> 7000 MAD,1,0,0
AB401419,2015-2016,Drâa-Tafilalet,DRA,Ouarzazate,Urbain,Primaire,Année 5,Féminin,7,Travail enfant,1–5 km,< 2000 MAD,8,1,0
AB401420,2023-2024,Fès-Meknès,FES,Boulemane,Urbain,Collégial,Année 1,Féminin,15,Éloignement de l'établissement,5–15 km,2000-4000 MAD,3,1,1
AB401421,2019-2020,Souss-Massa,SOU,Inezgane-Ait Melloul,Urbain,Qualifiant,Année 2,Masculin,16,Difficultés économiques,5–15 km,> 7000 MAD,4,1,1
AB401422,2018-2019,Casablanca-Settat,CAS,Casablanca,Rural,Collégial,Année 1,Masculin,15,Difficultés scolaires,5–15 km,4000-7000 MAD,1,1,1
AB401423,2015-2016,Marrakech-Safi,MAR,Youssoufia,Rural,Primaire,Année 3,Féminin,9,Handicap,> 15 km,< 2000 MAD,5,1,1
AB401424,2016-2017,Marrakech-Safi,MAR,Safi,Rural,Collégial,Année 2,Masculin,14,Éloignement de l'établissement,> 15 km,4000-7000 MAD,7,0,0
AB401425,2015-2016,Tanger-Tétouan-Al Hoceïma,TAN,Larache,Rural,Primaire,Année 5,Féminin,7,Difficultés économiques,1–5 km,< 2000 MAD,6,0,0
AB401426,2015-2016,Casablanca-Settat,CAS,Berrechid,Urbain,Collégial,Année 2,Masculin,13,Éloignement de l'établissement,5–15 km,2000-4000 MAD,8,0,0
AB401427,2021-2022,Rabat-Salé-Kénitra,RAB,Sidi Kacem,Rural,Collégial,Année 2,Féminin,13,Travail enfant,< 1 km,< 2000 MAD,8,1,0
AB401428,2017-2018,Rabat-Salé-Kénitra,RAB,Kénitra,Urbain,Qualifiant,Année 1,Masculin,18,Travail enfant,> 15 km,2000-4000 MAD,7,1,1
AB401429,2023-2024,Béni Mellal-Khénifra,BMK,Azilal,Rural,Primaire,Année 5,Masculin,11,Difficultés économiques,1–5 km,2000-4000 MAD,2,0,0
AB401430,2015-2016,Marrakech-Safi,MAR,Marrakech,Urbain,Collégial,Année 2,Masculin,14,Difficultés scolaires,5–15 km,4000-7000 MAD,6,1,0
AB401431,2021-2022,Casablanca-Settat,CAS,Sidi Bennour,Rural,Collégial,Année 3,Masculin,14,Grossesse,5–15 km,2000-4000 MAD,5,0,0
AB401432,2018-2019,Casablanca-Settat,CAS,Mohammadia,Urbain,Qualifiant,Année 1,Masculin,17,Difficultés scolaires,1–5 km,2000-4000 MAD,4,1,1
AB401433,2019-2020,Rabat-Salé-Kénitra,RAB,Kénitra,Rural,Primaire,Année 3,Féminin,9,Mariage précoce,5–15 km,4000-7000 MAD,8,0,0
AB401434,2016-2017,Casablanca-Settat,CAS,Sidi Bennour,Urbain,Qualifiant,Année 1,Féminin,16,Éloignement de l'établissement,5–15 km,2000-4000 MAD,8,0,0
AB401435,2016-2017,Marrakech-Safi,MAR,Youssoufia,Urbain,Collégial,Année 2,Masculin,14,Difficultés scolaires,1–5 km,> 7000 MAD,4,1,1
AB401436,2016-2017,Casablanca-Settat,CAS,Benslimane,Rural,Qualifiant,Année 1,Féminin,16,Autre,< 1 km,< 2000 MAD,4,0,1
AB401437,2023-2024,Béni Mellal-Khénifra,BMK,Fquih Ben Salah,Urbain,Collégial,Année 2,Féminin,14,Handicap,< 1 km,2000-4000 MAD,7,0,0
AB401438,2018-2019,Fès-Meknès,FES,Fès,Urbain,Collégial,Année 3,Féminin,13,Difficultés économiques,1–5 km,< 2000 MAD,6,1,0
AB401439,2020-2021,Fès-Meknès,FES,Moulay Yacoub,Rural,Qualifiant,Année 1,Féminin,18,Manque d'infrastructures,5–15 km,4000-7000 MAD,5,1,0
AB401440,2019-2020,Béni Mellal-Khénifra,BMK,Azilal,Rural,Collégial,Année 1,Féminin,15,Difficultés scolaires,> 15 km,> 7000 MAD,2,1,0
AB401441,2019-2020,Fès-Meknès,FES,El Hajeb,Urbain,Primaire,Année 2,Masculin,10,Travail enfant,1–5 km,> 7000 MAD,5,0,1
AB401442,2015-2016,Fès-Meknès,FES,Ifrane,Urbain,Collégial,Année 3,Féminin,13,Travail enfant,5–15 km,< 2000 MAD,5,1,0
AB401443,2015-2016,Rabat-Salé-Kénitra,RAB,Kénitra,Urbain,Primaire,Année 3,Féminin,10,Handicap,< 1 km,< 2000 MAD,4,0,0
AB401444,2020-2021,Béni Mellal-Khénifra,BMK,Azilal,Rural,Collégial,Année 1,Masculin,13,Éloignement de l'établissement,< 1 km,< 2000 MAD,1,0,0
AB401445,2020-2021,Marrakech-Safi,MAR,Safi,Urbain,Qualifiant,Année 1,Féminin,16,Mariage précoce,5–15 km,< 2000 MAD,2,1,0
AB401446,2018-2019,Tanger-Tétouan-Al Hoceïma,TAN,Fahs-Anjra,Urbain,Collégial,Année 3,Masculin,15,Grossesse,1–5 km,2000-4000 MAD,7,1,1
AB401447,2015-2016,Casablanca-Settat,CAS,Mohammadia,Rural,Primaire,Année 6,Masculin,12,Travail enfant,< 1 km,> 7000 MAD,1,1,0
AB401448,2015-2016,Casablanca-Settat,CAS,Benslimane,Rural,Primaire,Année 6,Masculin,11,Travail enfant,< 1 km,< 2000 MAD,2,0,0
AB401449,2015-2016,Casablanca-Settat,CAS,Settat,Urbain,Collégial,Année 1,Féminin,14,Difficultés économiques,1–5 km,2000-4000 MAD,4,1,0
AB401450,2023-2024,Béni Mellal-Khénifra,BMK,Béni Mellal,Rural,Collégial,Année 2,Féminin,15,Éloignement de l'établissement,< 1 km,< 2000 MAD,1,1,0
AB401451,2017-2018,Tanger-Tétouan-Al Hoceïma,TAN,Mdiq-Fnideq,Urbain,Primaire,Année 6,Masculin,12,Difficultés scolaires,> 15 km,> 7000 MAD,4,0,0
AB401452,2020-2021,Fès-Meknès,FES,Fès,Urbain,Qualifiant,Année 3,Masculin,16,Mariage précoce,< 1 km,2000-4000 MAD,7,1,0
AB401453,2018-2019,Oriental,ORI,Taourirt,Urbain,Qualifiant,Année 2,Masculin,18,Mariage précoce,1–5 km,4000-7000 MAD,2,1,1
AB401454,2023-2024,Marrakech-Safi,MAR,Essaouira,Urbain,Collégial,Année 3,Féminin,15,Manque d'infrastructures,< 1 km,< 2000 MAD,1,1,0
AB401455,2017-2018,Marrakech-Safi,MAR,Chichaoua,Urbain,Collégial,Année 3,Féminin,14,Difficultés économiques,1–5 km,< 2000 MAD,6,1,0
AB401456,2019-2020,Oriental,ORI,Berkane,Urbain,Collégial,Année 2,Féminin,15,Difficultés économiques,< 1 km,2000-4000 MAD,4,1,0
AB401457,2016-2017,Marrakech-Safi,MAR,Marrakech,Rural,Collégial,Année 1,Féminin,13,Difficultés scolaires,< 1 km,> 7000 MAD,3,0,0
AB401458,2022-2023,Casablanca-Settat,CAS,Casablanca,Urbain,Collégial,Année 1,Féminin,14,Difficultés économiques,1–5 km,< 2000 MAD,8,0,0
AB401459,2017-2018,Souss-Massa,SOU,Chtouka-Ait Baha,Rural,Qualifiant,Année 1,Féminin,17,Éloignement de l'établissement,< 1 km,2000-4000 MAD,3,0,1
AB401460,2015-2016,Fès-Meknès,FES,Moulay Yacoub,Urbain,Collégial,Année 1,Féminin,13,Mariage précoce,< 1 km,> 7000 MAD,3,0,1
AB401461,2018-2019,Marrakech-Safi,MAR,Youssoufia,Urbain,Qualifiant,Année 3,Masculin,17,Difficultés scolaires,5–15 km,4000-7000 MAD,8,1,1
AB401462,2018-2019,Marrakech-Safi,MAR,Marrakech,Rural,Collégial,Année 2,Féminin,15,Mariage précoce,1–5 km,< 2000 MAD,2,0,1
AB401463,2020-2021,Guelmim-Oued Noun,GUE,Assa-Zag,Urbain,Primaire,Année 3,Masculin,8,Travail enfant,5–15 km,< 2000 MAD,1,0,0
AB401464,2020-2021,Fès-Meknès,FES,Taza,Rural,Collégial,Année 1,Masculin,13,Travail enfant,5–15 km,2000-4000 MAD,5,0,0
AB401465,2017-2018,Souss-Massa,SOU,Inezgane-Ait Melloul,Urbain,Collégial,Année 3,Féminin,15,Difficultés économiques,1–5 km,4000-7000 MAD,2,0,0
AB401466,2017-2018,Marrakech-Safi,MAR,Marrakech,Urbain,Qualifiant,Année 3,Féminin,17,Difficultés scolaires,> 15 km,> 7000 MAD,7,0,0
AB401467,2022-2023,Dakhla-Oued Eddahab,DAK,Aousserd,Rural,Collégial,Année 2,Masculin,14,Éloignement de l'établissement,5–15 km,4000-7000 MAD,5,0,1
AB401468,2017-2018,Béni Mellal-Khénifra,BMK,Azilal,Urbain,Qualifiant,Année 1,Masculin,16,Difficultés économiques,5–15 km,4000-7000 MAD,4,0,1
AB401469,2018-2019,Fès-Meknès,FES,Moulay Yacoub,Urbain,Collégial,Année 2,Féminin,15,Éloignement de l'établissement,1–5 km,> 7000 MAD,2,0,0
AB401470,2019-2020,Rabat-Salé-Kénitra,RAB,Rabat,Rural,Qualifiant,Année 2,Féminin,17,Éloignement de l'établissement,1–5 km,2000-4000 MAD,4,1,0
AB401471,2017-2018,Casablanca-Settat,CAS,Casablanca,Rural,Collégial,Année 3,Masculin,14,Manque d'infrastructures,5–15 km,> 7000 MAD,1,0,1
AB401472,2020-2021,Souss-Massa,SOU,Chtouka-Ait Baha,Rural,Qualifiant,Année 1,Masculin,16,Travail enfant,< 1 km,2000-4000 MAD,6,1,0
AB401473,2017-2018,Dakhla-Oued Eddahab,DAK,Aousserd,Urbain,Primaire,Année 2,Masculin,9,Difficultés scolaires,< 1 km,< 2000 MAD,3,1,0
AB401474,2019-2020,Laâyoune-Sakia El Hamra,LAA,Tarfaya,Urbain,Qualifiant,Année 3,Féminin,18,Difficultés scolaires,5–15 km,< 2000 MAD,2,0,0
AB401475,2018-2019,Casablanca-Settat,CAS,Benslimane,Urbain,Collégial,Année 2,Masculin,14,Difficultés économiques,> 15 km,4000-7000 MAD,8,0,0
AB401476,2022-2023,Marrakech-Safi,MAR,Chichaoua,Rural,Collégial,Année 1,Féminin,15,Manque d'infrastructures,1–5 km,> 7000 MAD,7,1,1
AB401477,2022-2023,Casablanca-Settat,CAS,Settat,Rural,Collégial,Année 3,Féminin,14,Éloignement de l'établissement,1–5 km,2000-4000 MAD,2,0,0
AB401478,2016-2017,Drâa-Tafilalet,DRA,Ouarzazate,Rural,Collégial,Année 2,Féminin,14,Grossesse,1–5 km,< 2000 MAD,5,0,1
AB401479,2017-2018,Fès-Meknès,FES,Boulemane,Rural,Primaire,Année 6,Masculin,8,Difficultés économiques,5–15 km,< 2000 MAD,6,0,1
AB401480,2021-2022,Rabat-Salé-Kénitra,RAB,Salé,Rural,Qualifiant,Année 1,Féminin,17,Difficultés économiques,5–15 km,2000-4000 MAD,8,0,1
AB401481,2018-2019,Oriental,ORI,Driouch,Rural,Primaire,Année 3,Féminin,9,Travail enfant,< 1 km,2000-4000 MAD,2,0,1
AB401482,2022-2023,Souss-Massa,SOU,Agadir-Ida-Ou-Tanane,Rural,Primaire,Année 4,Féminin,7,Difficultés économiques,< 1 km,4000-7000 MAD,8,0,0
AB401483,2019-2020,Rabat-Salé-Kénitra,RAB,Rabat,Rural,Primaire,Année 5,Masculin,11,Autre,> 15 km,< 2000 MAD,4,1,0
AB401484,2021-2022,Marrakech-Safi,MAR,Chichaoua,Rural,Collégial,Année 3,Masculin,15,Mariage précoce,< 1 km,4000-7000 MAD,6,0,0
AB401485,2015-2016,Casablanca-Settat,CAS,Mohammadia,Rural,Qualifiant,Année 1,Féminin,16,Difficultés économiques,1–5 km,< 2000 MAD,5,1,1
AB401486,2022-2023,Rabat-Salé-Kénitra,RAB,Sidi Slimane,Rural,Primaire,Année 5,Masculin,12,Travail enfant,5–15 km,> 7000 MAD,5,0,0
AB401487,2019-2020,Oriental,ORI,Figuig,Urbain,Qualifiant,Année 3,Masculin,17,Mariage précoce,5–15 km,2000-4000 MAD,5,0,1
AB401488,2018-2019,Oriental,ORI,Oujda-Angad,Rural,Qualifiant,Année 1,Féminin,17,Mariage précoce,1–5 km,4000-7000 MAD,4,0,1
AB401489,2015-2016,Casablanca-Settat,CAS,Casablanca,Rural,Qualifiant,Année 2,Féminin,17,Difficultés scolaires,1–5 km,4000-7000 MAD,8,1,0
AB401490,2017-2018,Souss-Massa,SOU,Tiznit,Rural,Primaire,Année 5,Masculin,12,Difficultés économiques,1–5 km,< 2000 MAD,2,1,0
AB401491,2020-2021,Oriental,ORI,Driouch,Rural,Collégial,Année 3,Féminin,13,Travail enfant,> 15 km,> 7000 MAD,1,1,0
AB401492,2015-2016,Marrakech-Safi,MAR,Youssoufia,Rural,Primaire,Année 2,Masculin,10,Travail enfant,< 1 km,2000-4000 MAD,5,1,1
AB401493,2022-2023,Casablanca-Settat,CAS,Mohammadia,Rural,Qualifiant,Année 2,Masculin,18,Difficultés économiques,< 1 km,4000-7000 MAD,8,0,0
AB401494,2023-2024,Marrakech-Safi,MAR,El Kelaa des Sraghna,Rural,Primaire,Année 5,Féminin,11,Manque d'infrastructures,< 1 km,2000-4000 MAD,6,0,0
AB401495,2019-2020,Fès-Meknès,FES,Fès,Rural,Primaire,Année 6,Féminin,7,Handicap,> 15 km,2000-4000 MAD,6,1,0
AB401496,2016-2017,Rabat-Salé-Kénitra,RAB,Sidi Kacem,Rural,Qualifiant,Année 2,Masculin,18,Manque d'infrastructures,1–5 km,4000-7000 MAD,5,1,0
AB401497,2021-2022,Béni Mellal-Khénifra,BMK,Azilal,Urbain,Primaire,Année 4,Masculin,11,Manque d'infrastructures,> 15 km,2000-4000 MAD,8,1,1
AB401498,2022-2023,Marrakech-Safi,MAR,Safi,Urbain,Primaire,Année 2,Masculin,10,Difficultés économiques,5–15 km,> 7000 MAD,3,1,0
AB401499,2022-2023,Rabat-Salé-Kénitra,RAB,Salé,Rural,Collégial,Année 1,Masculin,14,Difficultés économiques,< 1 km,4000-7000 MAD,7,1,1
AB401500,2019-2020,Rabat-Salé-Kénitra,RAB,Salé,Rural,Collégial,Année 2,Féminin,15,Difficultés économiques,1–5 km,2000-4000 MAD,5,0,0
AB401501,2017-2018,Fès-Meknès,FES,Boulemane,Rural,Qualifiant,Année 2,Féminin,18,Mariage précoce,< 1 km,> 7000 MAD,3,1,0
AB401502,2023-2024,Fès-Meknès,FES,Séfrou,Rural,Primaire,Année 2,Masculin,12,Travail enfant,1–5 km,< 2000 MAD,5,0,1
AB401503,2020-2021,Marrakech-Safi,MAR,Safi,Rural,Collégial,Année 2,Masculin,14,Difficultés économiques,5–15 km,< 2000 MAD,3,1,0
AB401504,2017-2018,Marrakech-Safi,MAR,Youssoufia,Rural,Primaire,Année 2,Masculin,9,Difficultés économiques,1–5 km,< 2000 MAD,5,1,0
AB401505,2019-2020,Casablanca-Settat,CAS,Casablanca,Urbain,Primaire,Année 3,Masculin,10,Travail enfant,1–5 km,4000-7000 MAD,2,1,0
AB401506,2023-2024,Guelmim-Oued Noun,GUE,Sidi Ifni,Rural,Primaire,Année 3,Féminin,12,Éloignement de l'établissement,1–5 km,4000-7000 MAD,5,0,0
AB401507,2017-2018,Rabat-Salé-Kénitra,RAB,Kénitra,Urbain,Qualifiant,Année 2,Féminin,17,Difficultés scolaires,> 15 km,2000-4000 MAD,6,1,0
AB401508,2016-2017,Béni Mellal-Khénifra,BMK,El Kelaa des Sraghna,Rural,Collégial,Année 2,Masculin,15,Difficultés économiques,< 1 km,< 2000 MAD,1,0,1
AB401509,2023-2024,Souss-Massa,SOU,Taroudannt,Rural,Primaire,Année 4,Masculin,10,Travail enfant,1–5 km,2000-4000 MAD,3,1,1
AB401510,2017-2018,Souss-Massa,SOU,Chtouka-Ait Baha,Urbain,Qualifiant,Année 3,Féminin,17,Éloignement de l'établissement,< 1 km,< 2000 MAD,3,1,0
AB401511,2019-2020,Drâa-Tafilalet,DRA,Zagora,Urbain,Qualifiant,Année 1,Masculin,18,Travail enfant,< 1 km,2000-4000 MAD,4,0,0
AB401512,2022-2023,Fès-Meknès,FES,Taounate,Rural,Primaire,Année 2,Masculin,11,Difficultés économiques,< 1 km,< 2000 MAD,7,1,0
AB401513,2023-2024,Béni Mellal-Khénifra,BMK,El Kelaa des Sraghna,Urbain,Collégial,Année 2,Féminin,15,Éloignement de l'établissement,1–5 km,4000-7000 MAD,4,1,0
AB401514,2022-2023,Marrakech-Safi,MAR,Al Haouz,Rural,Primaire,Année 1,Masculin,11,Difficultés économiques,< 1 km,2000-4000 MAD,8,0,0
AB401515,2022-2023,Tanger-Tétouan-Al Hoceïma,TAN,Fahs-Anjra,Urbain,Qualifiant,Année 2,Féminin,17,Mariage précoce,1–5 km,4000-7000 MAD,2,1,0
AB401516,2017-2018,Casablanca-Settat,CAS,El Jadida,Rural,Collégial,Année 1,Masculin,14,Difficultés scolaires,> 15 km,4000-7000 MAD,5,0,0
AB401517,2016-2017,Souss-Massa,SOU,Inezgane-Ait Melloul,Rural,Collégial,Année 2,Féminin,15,Difficultés économiques,< 1 km,< 2000 MAD,7,1,1
AB401518,2017-2018,Rabat-Salé-Kénitra,RAB,Skhirate-Témara,Urbain,Collégial,Année 1,Masculin,14,Difficultés économiques,1–5 km,> 7000 MAD,8,1,1
AB401519,2016-2017,Drâa-Tafilalet,DRA,Zagora,Rural,Collégial,Année 3,Masculin,14,Difficultés économiques,1–5 km,4000-7000 MAD,3,1,0
AB401520,2020-2021,Tanger-Tétouan-Al Hoceïma,TAN,Tanger-Assilah,Rural,Collégial,Année 2,Masculin,15,Mariage précoce,1–5 km,2000-4000 MAD,7,1,1
AB401521,2022-2023,Rabat-Salé-Kénitra,RAB,Khémisset,Urbain,Primaire,Année 2,Masculin,10,Travail enfant,5–15 km,< 2000 MAD,2,1,1
AB401522,2016-2017,Guelmim-Oued Noun,GUE,Sidi Ifni,Urbain,Collégial,Année 2,Masculin,15,Difficultés économiques,1–5 km,< 2000 MAD,2,0,0
AB401523,2015-2016,Rabat-Salé-Kénitra,RAB,Salé,Urbain,Collégial,Année 1,Féminin,13,Travail enfant,> 15 km,4000-7000 MAD,7,1,0
AB401524,2023-2024,Laâyoune-Sakia El Hamra,LAA,Boujdour,Rural,Primaire,Année 5,Masculin,11,Éloignement de l'établissement,5–15 km,2000-4000 MAD,8,1,0
AB401525,2020-2021,Fès-Meknès,FES,Taounate,Rural,Qualifiant,Année 2,Masculin,16,Travail enfant,5–15 km,< 2000 MAD,6,0,0
AB401526,2019-2020,Béni Mellal-Khénifra,BMK,Fquih Ben Salah,Rural,Qualifiant,Année 1,Masculin,17,Difficultés scolaires,1–5 km,< 2000 MAD,2,1,0
AB401527,2018-2019,Rabat-Salé-Kénitra,RAB,Sidi Kacem,Urbain,Primaire,Année 3,Féminin,9,Difficultés scolaires,1–5 km,2000-4000 MAD,8,0,0
AB401528,2022-2023,Marrakech-Safi,MAR,Youssoufia,Urbain,Primaire,Année 2,Masculin,7,Éloignement de l'établissement,5–15 km,> 7000 MAD,1,0,1
AB401529,2015-2016,Marrakech-Safi,MAR,Essaouira,Rural,Collégial,Année 1,Féminin,15,Difficultés économiques,1–5 km,> 7000 MAD,3,1,1
AB401530,2021-2022,Rabat-Salé-Kénitra,RAB,Salé,Rural,Qualifiant,Année 2,Féminin,17,Éloignement de l'établissement,> 15 km,2000-4000 MAD,2,0,1
AB401531,2019-2020,Béni Mellal-Khénifra,BMK,Fquih Ben Salah,Urbain,Collégial,Année 1,Féminin,13,Éloignement de l'établissement,< 1 km,< 2000 MAD,5,1,1
AB401532,2022-2023,Rabat-Salé-Kénitra,RAB,Sidi Kacem,Urbain,Collégial,Année 1,Féminin,14,Difficultés économiques,> 15 km,< 2000 MAD,7,0,0
AB401533,2022-2023,Tanger-Tétouan-Al Hoceïma,TAN,Chefchaouen,Rural,Collégial,Année 3,Féminin,15,Autre,1–5 km,4000-7000 MAD,2,0,0
AB401534,2022-2023,Tanger-Tétouan-Al Hoceïma,TAN,Larache,Urbain,Primaire,Année 6,Masculin,8,Difficultés économiques,1–5 km,< 2000 MAD,6,1,0
AB401535,2022-2023,Rabat-Salé-Kénitra,RAB,Kénitra,Urbain,Primaire,Année 6,Féminin,9,Difficultés scolaires,5–15 km,4000-7000 MAD,8,1,0
AB401536,2020-2021,Rabat-Salé-Kénitra,RAB,Kénitra,Rural,Qualifiant,Année 3,Masculin,16,Mariage précoce,1–5 km,2000-4000 MAD,6,1,0
AB401537,2022-2023,Casablanca-Settat,CAS,Mohammadia,Rural,Collégial,Année 2,Masculin,13,Difficultés scolaires,> 15 km,4000-7000 MAD,2,0,1
AB401538,2018-2019,Casablanca-Settat,CAS,Settat,Urbain,Qualifiant,Année 1,Féminin,18,Éloignement de l'établissement,1–5 km,< 2000 MAD,7,0,1
AB401539,2021-2022,Casablanca-Settat,CAS,Mohammadia,Urbain,Collégial,Année 2,Masculin,14,Mariage précoce,< 1 km,> 7000 MAD,7,1,1
AB401540,2019-2020,Casablanca-Settat,CAS,Benslimane,Rural,Primaire,Année 1,Féminin,8,Travail enfant,> 15 km,2000-4000 MAD,1,0,0
AB401541,2016-2017,Rabat-Salé-Kénitra,RAB,Khémisset,Rural,Qualifiant,Année 2,Masculin,17,Grossesse,< 1 km,4000-7000 MAD,5,0,0
AB401542,2020-2021,Casablanca-Settat,CAS,Casablanca,Urbain,Collégial,Année 1,Masculin,13,Difficultés scolaires,< 1 km,> 7000 MAD,3,1,0
AB401543,2015-2016,Casablanca-Settat,CAS,Settat,Rural,Primaire,Année 6,Féminin,7,Éloignement de l'établissement,> 15 km,2000-4000 MAD,5,1,0
AB401544,2021-2022,Béni Mellal-Khénifra,BMK,Fquih Ben Salah,Rural,Primaire,Année 5,Féminin,12,Éloignement de l'établissement,> 15 km,2000-4000 MAD,7,1,1
AB401545,2023-2024,Marrakech-Safi,MAR,Al Haouz,Urbain,Primaire,Année 3,Féminin,7,Difficultés économiques,1–5 km,4000-7000 MAD,2,0,1
AB401546,2015-2016,Tanger-Tétouan-Al Hoceïma,TAN,Al Hoceïma,Rural,Qualifiant,Année 2,Masculin,18,Travail enfant,5–15 km,< 2000 MAD,3,0,0
AB401547,2023-2024,Rabat-Salé-Kénitra,RAB,Khémisset,Urbain,Qualifiant,Année 3,Masculin,18,Travail enfant,5–15 km,4000-7000 MAD,1,1,0
AB401548,2015-2016,Casablanca-Settat,CAS,Settat,Urbain,Primaire,Année 3,Féminin,11,Travail enfant,1–5 km,< 2000 MAD,7,1,1
AB401549,2018-2019,Marrakech-Safi,MAR,Chichaoua,Rural,Qualifiant,Année 1,Masculin,18,Mariage précoce,1–5 km,> 7000 MAD,2,1,0
AB401550,2019-2020,Fès-Meknès,FES,Moulay Yacoub,Rural,Collégial,Année 1,Féminin,14,Difficultés économiques,> 15 km,< 2000 MAD,7,1,0
AB401551,2018-2019,Tanger-Tétouan-Al Hoceïma,TAN,Fahs-Anjra,Urbain,Primaire,Année 1,Masculin,11,Difficultés scolaires,1–5 km,2000-4000 MAD,4,1,0
AB401552,2018-2019,Casablanca-Settat,CAS,Sidi Bennour,Urbain,Collégial,Année 3,Masculin,13,Éloignement de l'établissement,< 1 km,< 2000 MAD,1,1,0
AB401553,2021-2022,Béni Mellal-Khénifra,BMK,Khouribga,Urbain,Primaire,Année 4,Masculin,8,Travail enfant,5–15 km,> 7000 MAD,1,1,0
AB401554,2018-2019,Marrakech-Safi,MAR,Chichaoua,Rural,Qualifiant,Année 2,Masculin,16,Difficultés scolaires,1–5 km,2000-4000 MAD,7,1,1
AB401555,2020-2021,Tanger-Tétouan-Al Hoceïma,TAN,Fahs-Anjra,Urbain,Qualifiant,Année 3,Féminin,17,Éloignement de l'établissement,< 1 km,2000-4000 MAD,3,1,1
AB401556,2016-2017,Casablanca-Settat,CAS,El Jadida,Rural,Qualifiant,Année 2,Masculin,16,Mariage précoce,> 15 km,2000-4000 MAD,3,0,0
AB401557,2019-2020,Oriental,ORI,Taourirt,Rural,Primaire,Année 2,Féminin,10,Travail enfant,1–5 km,< 2000 MAD,6,1,1
AB401558,2018-2019,Tanger-Tétouan-Al Hoceïma,TAN,Tanger-Assilah,Urbain,Collégial,Année 3,Masculin,14,Travail enfant,5–15 km,< 2000 MAD,4,0,0
AB401559,2019-2020,Fès-Meknès,FES,Fès,Rural,Qualifiant,Année 2,Masculin,17,Éloignement de l'établissement,5–15 km,< 2000 MAD,2,1,0
AB401560,2017-2018,Fès-Meknès,FES,Séfrou,Urbain,Qualifiant,Année 3,Masculin,17,Difficultés économiques,1–5 km,4000-7000 MAD,5,1,0
AB401561,2017-2018,Drâa-Tafilalet,DRA,Ouarzazate,Rural,Qualifiant,Année 1,Masculin,17,Difficultés scolaires,> 15 km,2000-4000 MAD,6,1,0
AB401562,2015-2016,Béni Mellal-Khénifra,BMK,Azilal,Rural,Collégial,Année 3,Féminin,13,Difficultés économiques,1–5 km,> 7000 MAD,4,0,1
AB401563,2019-2020,Rabat-Salé-Kénitra,RAB,Kénitra,Rural,Qualifiant,Année 3,Masculin,18,Manque d'infrastructures,< 1 km,< 2000 MAD,6,1,0
AB401564,2018-2019,Dakhla-Oued Eddahab,DAK,Aousserd,Urbain,Qualifiant,Année 3,Masculin,17,Travail enfant,> 15 km,> 7000 MAD,8,0,0
AB401565,2022-2023,Rabat-Salé-Kénitra,RAB,Kénitra,Urbain,Collégial,Année 3,Féminin,15,Difficultés économiques,1–5 km,4000-7000 MAD,3,1,0
AB401566,2016-2017,Souss-Massa,SOU,Tiznit,Rural,Collégial,Année 3,Féminin,15,Difficultés économiques,1–5 km,4000-7000 MAD,6,0,1
AB401567,2018-2019,Fès-Meknès,FES,Séfrou,Urbain,Primaire,Année 6,Féminin,12,Éloignement de l'établissement,5–15 km,4000-7000 MAD,4,1,0
AB401568,2016-2017,Casablanca-Settat,CAS,Benslimane,Urbain,Collégial,Année 2,Féminin,13,Travail enfant,1–5 km,< 2000 MAD,3,0,1
AB401569,2018-2019,Rabat-Salé-Kénitra,RAB,Skhirate-Témara,Rural,Collégial,Année 3,Masculin,15,Difficultés économiques,1–5 km,< 2000 MAD,8,0,1
AB401570,2020-2021,Béni Mellal-Khénifra,BMK,Fquih Ben Salah,Rural,Qualifiant,Année 1,Féminin,16,Difficultés économiques,1–5 km,2000-4000 MAD,1,1,0
AB401571,2019-2020,Casablanca-Settat,CAS,Benslimane,Rural,Collégial,Année 1,Féminin,15,Difficultés économiques,1–5 km,2000-4000 MAD,5,0,0
AB401572,2022-2023,Marrakech-Safi,MAR,Essaouira,Rural,Qualifiant,Année 2,Féminin,16,Difficultés scolaires,5–15 km,< 2000 MAD,2,1,0
AB401573,2021-2022,Tanger-Tétouan-Al Hoceïma,TAN,Ouazzane,Rural,Primaire,Année 4,Masculin,10,Difficultés économiques,< 1 km,< 2000 MAD,1,0,0
AB401574,2022-2023,Casablanca-Settat,CAS,Berrechid,Urbain,Primaire,Année 2,Féminin,7,Éloignement de l'établissement,> 15 km,< 2000 MAD,8,0,0
AB401575,2018-2019,Fès-Meknès,FES,Meknès,Rural,Collégial,Année 2,Féminin,15,Éloignement de l'établissement,< 1 km,4000-7000 MAD,5,0,1
AB401576,2015-2016,Marrakech-Safi,MAR,Chichaoua,Rural,Qualifiant,Année 3,Féminin,18,Difficultés économiques,1–5 km,> 7000 MAD,3,1,0
AB401577,2023-2024,Tanger-Tétouan-Al Hoceïma,TAN,Fahs-Anjra,Urbain,Collégial,Année 3,Masculin,14,Éloignement de l'établissement,1–5 km,4000-7000 MAD,5,0,1
AB401578,2022-2023,Oriental,ORI,Driouch,Rural,Collégial,Année 1,Masculin,13,Difficultés économiques,1–5 km,2000-4000 MAD,5,1,0
AB401579,2021-2022,Souss-Massa,SOU,Agadir-Ida-Ou-Tanane,Rural,Primaire,Année 2,Masculin,12,Difficultés économiques,5–15 km,2000-4000 MAD,4,1,0
AB401580,2015-2016,Rabat-Salé-Kénitra,RAB,Salé,Rural,Primaire,Année 6,Masculin,11,Travail enfant,5–15 km,2000-4000 MAD,1,0,0
AB401581,2020-2021,Fès-Meknès,FES,Fès,Urbain,Primaire,Année 5,Masculin,7,Travail enfant,1–5 km,> 7000 MAD,4,0,0
AB401582,2018-2019,Marrakech-Safi,MAR,Chichaoua,Rural,Collégial,Année 1,Masculin,14,Éloignement de l'établissement,< 1 km,2000-4000 MAD,8,1,0
AB401583,2017-2018,Tanger-Tétouan-Al Hoceïma,TAN,Fahs-Anjra,Rural,Qualifiant,Année 3,Féminin,18,Éloignement de l'établissement,> 15 km,4000-7000 MAD,7,1,0
AB401584,2020-2021,Rabat-Salé-Kénitra,RAB,Rabat,Rural,Collégial,Année 3,Masculin,15,Difficultés économiques,< 1 km,4000-7000 MAD,5,1,0
AB401585,2023-2024,Rabat-Salé-Kénitra,RAB,Skhirate-Témara,Urbain,Collégial,Année 2,Masculin,15,Travail enfant,1–5 km,< 2000 MAD,7,1,0
AB401586,2023-2024,Fès-Meknès,FES,El Hajeb,Rural,Collégial,Année 1,Féminin,13,Difficultés économiques,> 15 km,2000-4000 MAD,6,1,1
AB401587,2015-2016,Drâa-Tafilalet,DRA,Zagora,Rural,Primaire,Année 3,Féminin,7,Difficultés scolaires,< 1 km,2000-4000 MAD,2,0,0
AB401588,2022-2023,Rabat-Salé-Kénitra,RAB,Salé,Urbain,Collégial,Année 1,Féminin,15,Manque d'infrastructures,1–5 km,> 7000 MAD,5,1,0
AB401589,2023-2024,Fès-Meknès,FES,Moulay Yacoub,Rural,Collégial,Année 1,Féminin,15,Travail enfant,5–15 km,4000-7000 MAD,8,0,1
AB401590,2023-2024,Rabat-Salé-Kénitra,RAB,Skhirate-Témara,Rural,Primaire,Année 2,Masculin,12,Travail enfant,1–5 km,4000-7000 MAD,2,0,0
AB401591,2021-2022,Fès-Meknès,FES,Taza,Urbain,Primaire,Année 5,Féminin,7,Difficultés scolaires,1–5 km,2000-4000 MAD,6,0,0
AB401592,2023-2024,Casablanca-Settat,CAS,Casablanca,Urbain,Collégial,Année 1,Masculin,13,Travail enfant,< 1 km,< 2000 MAD,5,1,0
AB401593,2022-2023,Rabat-Salé-Kénitra,RAB,Rabat,Urbain,Collégial,Année 1,Féminin,13,Difficultés économiques,1–5 km,4000-7000 MAD,8,1,0
AB401594,2020-2021,Marrakech-Safi,MAR,El Kelaa des Sraghna,Rural,Qualifiant,Année 2,Masculin,18,Grossesse,5–15 km,> 7000 MAD,5,1,0
AB401595,2016-2017,Oriental,ORI,Figuig,Urbain,Qualifiant,Année 2,Féminin,16,Éloignement de l'établissement,1–5 km,2000-4000 MAD,1,0,0
AB401596,2020-2021,Rabat-Salé-Kénitra,RAB,Sidi Kacem,Urbain,Qualifiant,Année 2,Féminin,16,Travail enfant,1–5 km,< 2000 MAD,4,1,0
AB401597,2019-2020,Casablanca-Settat,CAS,Berrechid,Rural,Qualifiant,Année 3,Masculin,17,Difficultés scolaires,> 15 km,4000-7000 MAD,7,0,0
AB401598,2022-2023,Béni Mellal-Khénifra,BMK,Béni Mellal,Rural,Qualifiant,Année 3,Masculin,16,Difficultés économiques,1–5 km,4000-7000 MAD,1,1,0
AB401599,2023-2024,Casablanca-Settat,CAS,Mohammadia,Urbain,Collégial,Année 2,Féminin,14,Grossesse,> 15 km,> 7000 MAD,7,0,0
AB401600,2017-2018,Tanger-Tétouan-Al Hoceïma,TAN,Tétouan,Urbain,Collégial,Année 1,Masculin,15,Mariage précoce,1–5 km,2000-4000 MAD,7,1,0
AB401601,2021-2022,Casablanca-Settat,CAS,Berrechid,Rural,Primaire,Année 2,Masculin,11,Éloignement de l'établissement,< 1 km,2000-4000 MAD,3,0,0
AB401602,2018-2019,Casablanca-Settat,CAS,Berrechid,Urbain,Collégial,Année 3,Masculin,14,Éloignement de l'établissement,1–5 km,4000-7000 MAD,1,1,1
AB401603,2015-2016,Rabat-Salé-Kénitra,RAB,Khémisset,Rural,Qualifiant,Année 3,Masculin,18,Difficultés économiques,1–5 km,> 7000 MAD,7,1,1
AB401604,2020-2021,Rabat-Salé-Kénitra,RAB,Rabat,Rural,Qualifiant,Année 1,Masculin,17,Difficultés scolaires,5–15 km,2000-4000 MAD,4,0,0
AB401605,2023-2024,Guelmim-Oued Noun,GUE,Tan-Tan,Rural,Collégial,Année 2,Féminin,13,Travail enfant,< 1 km,4000-7000 MAD,8,1,0
AB401606,2015-2016,Drâa-Tafilalet,DRA,Midelt,Rural,Collégial,Année 1,Féminin,15,Éloignement de l'établissement,1–5 km,4000-7000 MAD,7,1,0
AB401607,2017-2018,Fès-Meknès,FES,Ifrane,Rural,Qualifiant,Année 1,Féminin,16,Mariage précoce,> 15 km,< 2000 MAD,3,1,1
AB401608,2019-2020,Casablanca-Settat,CAS,Mohammadia,Rural,Collégial,Année 1,Masculin,13,Mariage précoce,< 1 km,> 7000 MAD,2,1,1
AB401609,2015-2016,Béni Mellal-Khénifra,BMK,Fquih Ben Salah,Rural,Primaire,Année 6,Féminin,7,Difficultés économiques,1–5 km,< 2000 MAD,6,0,0
AB401610,2016-2017,Oriental,ORI,Taourirt,Rural,Primaire,Année 3,Masculin,10,Difficultés économiques,> 15 km,4000-7000 MAD,7,1,1
AB401611,2020-2021,Casablanca-Settat,CAS,Benslimane,Urbain,Collégial,Année 1,Masculin,15,Difficultés économiques,> 15 km,< 2000 MAD,5,0,0
AB401612,2019-2020,Fès-Meknès,FES,Meknès,Urbain,Collégial,Année 2,Masculin,15,Éloignement de l'établissement,> 15 km,2000-4000 MAD,8,1,0
AB401613,2018-2019,Tanger-Tétouan-Al Hoceïma,TAN,Tétouan,Rural,Primaire,Année 1,Masculin,7,Difficultés scolaires,1–5 km,< 2000 MAD,3,1,0
AB401614,2019-2020,Rabat-Salé-Kénitra,RAB,Skhirate-Témara,Urbain,Qualifiant,Année 3,Féminin,18,Manque d'infrastructures,5–15 km,> 7000 MAD,5,0,0
AB401615,2017-2018,Tanger-Tétouan-Al Hoceïma,TAN,Mdiq-Fnideq,Urbain,Qualifiant,Année 2,Masculin,18,Autre,< 1 km,4000-7000 MAD,7,0,1
AB401616,2019-2020,Casablanca-Settat,CAS,Mohammadia,Urbain,Collégial,Année 3,Masculin,13,Grossesse,5–15 km,> 7000 MAD,2,1,0
AB401617,2017-2018,Rabat-Salé-Kénitra,RAB,Rabat,Urbain,Collégial,Année 1,Masculin,13,Mariage précoce,< 1 km,< 2000 MAD,3,1,1
AB401618,2021-2022,Souss-Massa,SOU,Chtouka-Ait Baha,Urbain,Qualifiant,Année 3,Masculin,16,Mariage précoce,5–15 km,4000-7000 MAD,8,0,1
AB401619,2021-2022,Marrakech-Safi,MAR,Chichaoua,Urbain,Qualifiant,Année 3,Masculin,16,Éloignement de l'établissement,> 15 km,2000-4000 MAD,1,1,0
AB401620,2017-2018,Drâa-Tafilalet,DRA,Errachidia,Urbain,Primaire,Année 3,Masculin,9,Éloignement de l'établissement,> 15 km,< 2000 MAD,4,0,1
AB401621,2018-2019,Rabat-Salé-Kénitra,RAB,Khémisset,Rural,Collégial,Année 2,Masculin,13,Difficultés scolaires,5–15 km,< 2000 MAD,1,0,0
AB401622,2021-2022,Tanger-Tétouan-Al Hoceïma,TAN,Fahs-Anjra,Urbain,Collégial,Année 1,Masculin,14,Difficultés scolaires,1–5 km,2000-4000 MAD,4,0,1
AB401623,2020-2021,Tanger-Tétouan-Al Hoceïma,TAN,Mdiq-Fnideq,Rural,Collégial,Année 3,Féminin,14,Travail enfant,5–15 km,> 7000 MAD,6,1,0
AB401624,2016-2017,Marrakech-Safi,MAR,Marrakech,Rural,Collégial,Année 1,Masculin,14,Difficultés scolaires,5–15 km,< 2000 MAD,8,1,0
AB401625,2017-2018,Béni Mellal-Khénifra,BMK,Béni Mellal,Rural,Qualifiant,Année 2,Féminin,16,Mariage précoce,> 15 km,> 7000 MAD,5,0,1
AB401626,2020-2021,Marrakech-Safi,MAR,Al Haouz,Urbain,Qualifiant,Année 3,Masculin,17,Difficultés économiques,< 1 km,< 2000 MAD,2,0,0
AB401627,2015-2016,Casablanca-Settat,CAS,El Jadida,Rural,Primaire,Année 5,Féminin,11,Travail enfant,< 1 km,2000-4000 MAD,6,1,0
AB401628,2019-2020,Rabat-Salé-Kénitra,RAB,Skhirate-Témara,Rural,Primaire,Année 2,Féminin,8,Travail enfant,< 1 km,2000-4000 MAD,1,0,0
AB401629,2019-2020,Fès-Meknès,FES,Fès,Rural,Primaire,Année 6,Masculin,12,Difficultés économiques,< 1 km,4000-7000 MAD,5,0,0
AB401630,2021-2022,Tanger-Tétouan-Al Hoceïma,TAN,Chefchaouen,Urbain,Collégial,Année 1,Masculin,15,Difficultés économiques,5–15 km,2000-4000 MAD,5,1,1
AB401631,2022-2023,Tanger-Tétouan-Al Hoceïma,TAN,Chefchaouen,Rural,Qualifiant,Année 3,Masculin,16,Manque d'infrastructures,< 1 km,< 2000 MAD,2,0,0
AB401632,2017-2018,Rabat-Salé-Kénitra,RAB,Kénitra,Rural,Qualifiant,Année 2,Féminin,17,Difficultés scolaires,< 1 km,< 2000 MAD,4,1,0
AB401633,2022-2023,Marrakech-Safi,MAR,Essaouira,Urbain,Qualifiant,Année 2,Masculin,18,Difficultés scolaires,< 1 km,4000-7000 MAD,1,1,0
AB401634,2018-2019,Tanger-Tétouan-Al Hoceïma,TAN,Larache,Urbain,Collégial,Année 1,Féminin,13,Difficultés scolaires,< 1 km,> 7000 MAD,3,0,0
AB401635,2019-2020,Rabat-Salé-Kénitra,RAB,Skhirate-Témara,Urbain,Primaire,Année 3,Masculin,12,Éloignement de l'établissement,> 15 km,> 7000 MAD,2,1,0
AB401636,2021-2022,Tanger-Tétouan-Al Hoceïma,TAN,Chefchaouen,Rural,Collégial,Année 2,Féminin,13,Éloignement de l'établissement,< 1 km,2000-4000 MAD,8,1,0
AB401637,2020-2021,Tanger-Tétouan-Al Hoceïma,TAN,Larache,Urbain,Collégial,Année 2,Féminin,15,Éloignement de l'établissement,1–5 km,< 2000 MAD,2,1,0
AB401638,2022-2023,Casablanca-Settat,CAS,El Jadida,Rural,Qualifiant,Année 3,Masculin,16,Difficultés scolaires,1–5 km,2000-4000 MAD,2,1,0
AB401639,2021-2022,Casablanca-Settat,CAS,Benslimane,Urbain,Collégial,Année 1,Masculin,13,Difficultés économiques,> 15 km,< 2000 MAD,3,1,0
AB401640,2018-2019,Drâa-Tafilalet,DRA,Tinghir,Urbain,Collégial,Année 1,Masculin,14,Éloignement de l'établissement,1–5 km,2000-4000 MAD,3,1,0
AB401641,2015-2016,Oriental,ORI,Taourirt,Rural,Qualifiant,Année 2,Féminin,17,Mariage précoce,< 1 km,4000-7000 MAD,8,0,0
AB401642,2023-2024,Tanger-Tétouan-Al Hoceïma,TAN,Mdiq-Fnideq,Rural,Qualifiant,Année 2,Féminin,17,Grossesse,5–15 km,4000-7000 MAD,7,0,0
AB401643,2016-2017,Fès-Meknès,FES,Taounate,Rural,Collégial,Année 1,Féminin,14,Travail enfant,1–5 km,< 2000 MAD,3,1,0
AB401644,2015-2016,Oriental,ORI,Jerada,Rural,Collégial,Année 2,Féminin,13,Mariage précoce,< 1 km,< 2000 MAD,4,0,0
AB401645,2016-2017,Casablanca-Settat,CAS,Settat,Urbain,Primaire,Année 4,Masculin,10,Travail enfant,> 15 km,2000-4000 MAD,7,1,0
AB401646,2016-2017,Marrakech-Safi,MAR,Chichaoua,Urbain,Collégial,Année 3,Féminin,13,Difficultés économiques,< 1 km,2000-4000 MAD,6,1,0
AB401647,2020-2021,Béni Mellal-Khénifra,BMK,Azilal,Rural,Primaire,Année 4,Masculin,7,Mariage précoce,< 1 km,4000-7000 MAD,4,1,1
AB401648,2020-2021,Marrakech-Safi,MAR,Marrakech,Rural,Collégial,Année 3,Féminin,14,Travail enfant,1–5 km,< 2000 MAD,8,1,1
AB401649,2016-2017,Casablanca-Settat,CAS,Berrechid,Rural,Collégial,Année 1,Masculin,15,Difficultés économiques,1–5 km,2000-4000 MAD,8,1,0
AB401650,2015-2016,Rabat-Salé-Kénitra,RAB,Khémisset,Urbain,Collégial,Année 1,Masculin,14,Difficultés scolaires,5–15 km,< 2000 MAD,1,1,1
AB401651,2015-2016,Rabat-Salé-Kénitra,RAB,Rabat,Urbain,Primaire,Année 2,Masculin,8,Travail enfant,1–5 km,< 2000 MAD,4,0,0
AB401652,2022-2023,Casablanca-Settat,CAS,Settat,Rural,Primaire,Année 6,Féminin,7,Mariage précoce,< 1 km,< 2000 MAD,2,1,0
AB401653,2021-2022,Marrakech-Safi,MAR,El Kelaa des Sraghna,Rural,Primaire,Année 6,Masculin,8,Difficultés économiques,5–15 km,< 2000 MAD,8,1,1
AB401654,2015-2016,Casablanca-Settat,CAS,Berrechid,Rural,Qualifiant,Année 2,Féminin,16,Mariage précoce,1–5 km,< 2000 MAD,6,0,0
AB401655,2017-2018,Oriental,ORI,Figuig,Urbain,Collégial,Année 2,Masculin,13,Travail enfant,1–5 km,2000-4000 MAD,1,0,0
AB401656,2018-2019,Béni Mellal-Khénifra,BMK,Fquih Ben Salah,Rural,Primaire,Année 3,Masculin,9,Mariage précoce,< 1 km,> 7000 MAD,5,1,0
AB401657,2020-2021,Fès-Meknès,FES,El Hajeb,Rural,Primaire,Année 1,Masculin,11,Difficultés économiques,< 1 km,4000-7000 MAD,2,0,0
AB401658,2017-2018,Tanger-Tétouan-Al Hoceïma,TAN,Chefchaouen,Rural,Qualifiant,Année 1,Féminin,16,Mariage précoce,5–15 km,2000-4000 MAD,2,0,1
AB401659,2021-2022,Marrakech-Safi,MAR,Essaouira,Urbain,Primaire,Année 3,Féminin,12,Difficultés scolaires,1–5 km,2000-4000 MAD,2,1,0
AB401660,2020-2021,Marrakech-Safi,MAR,Chichaoua,Rural,Collégial,Année 1,Masculin,13,Grossesse,< 1 km,< 2000 MAD,7,1,1
AB401661,2023-2024,Casablanca-Settat,CAS,Benslimane,Rural,Primaire,Année 2,Féminin,11,Mariage précoce,1–5 km,4000-7000 MAD,4,0,0
AB401662,2015-2016,Drâa-Tafilalet,DRA,Errachidia,Rural,Collégial,Année 1,Masculin,14,Difficultés économiques,1–5 km,4000-7000 MAD,5,1,0
AB401663,2018-2019,Marrakech-Safi,MAR,Marrakech,Urbain,Primaire,Année 2,Masculin,7,Difficultés économiques,< 1 km,4000-7000 MAD,6,1,0
AB401664,2015-2016,Rabat-Salé-Kénitra,RAB,Salé,Rural,Collégial,Année 3,Féminin,15,Éloignement de l'établissement,5–15 km,< 2000 MAD,4,1,0
AB401665,2020-2021,Casablanca-Settat,CAS,Casablanca,Rural,Primaire,Année 3,Féminin,11,Difficultés économiques,> 15 km,2000-4000 MAD,2,1,0
AB401666,2020-2021,Drâa-Tafilalet,DRA,Errachidia,Urbain,Collégial,Année 2,Féminin,14,Difficultés économiques,5–15 km,4000-7000 MAD,8,0,0
AB401667,2019-2020,Marrakech-Safi,MAR,Marrakech,Urbain,Collégial,Année 2,Féminin,13,Travail enfant,1–5 km,< 2000 MAD,4,1,1
AB401668,2021-2022,Rabat-Salé-Kénitra,RAB,Sidi Kacem,Urbain,Collégial,Année 3,Masculin,15,Manque d'infrastructures,5–15 km,> 7000 MAD,2,0,1
AB401669,2016-2017,Casablanca-Settat,CAS,Benslimane,Rural,Collégial,Année 1,Féminin,15,Mariage précoce,1–5 km,4000-7000 MAD,5,1,0
AB401670,2023-2024,Fès-Meknès,FES,Ifrane,Urbain,Qualifiant,Année 3,Masculin,16,Éloignement de l'établissement,5–15 km,2000-4000 MAD,3,1,1
AB401671,2022-2023,Souss-Massa,SOU,Inezgane-Ait Melloul,Rural,Qualifiant,Année 1,Féminin,18,Autre,> 15 km,2000-4000 MAD,8,1,1
AB401672,2021-2022,Rabat-Salé-Kénitra,RAB,Skhirate-Témara,Rural,Qualifiant,Année 3,Masculin,16,Difficultés économiques,5–15 km,4000-7000 MAD,8,1,0
AB401673,2023-2024,Casablanca-Settat,CAS,El Jadida,Urbain,Collégial,Année 1,Féminin,14,Difficultés économiques,< 1 km,> 7000 MAD,7,0,0
AB401674,2021-2022,Fès-Meknès,FES,Boulemane,Urbain,Qualifiant,Année 2,Masculin,18,Difficultés scolaires,1–5 km,2000-4000 MAD,6,0,0
AB401675,2015-2016,Rabat-Salé-Kénitra,RAB,Sidi Kacem,Rural,Collégial,Année 2,Masculin,15,Grossesse,< 1 km,4000-7000 MAD,8,0,0
AB401676,2019-2020,Rabat-Salé-Kénitra,RAB,Skhirate-Témara,Urbain,Qualifiant,Année 1,Féminin,17,Difficultés scolaires,< 1 km,2000-4000 MAD,1,1,0
AB401677,2015-2016,Drâa-Tafilalet,DRA,Tinghir,Rural,Collégial,Année 1,Masculin,15,Éloignement de l'établissement,< 1 km,< 2000 MAD,7,0,0
AB401678,2017-2018,Casablanca-Settat,CAS,Sidi Bennour,Rural,Qualifiant,Année 1,Masculin,17,Mariage précoce,5–15 km,4000-7000 MAD,6,0,0
AB401679,2019-2020,Fès-Meknès,FES,Séfrou,Urbain,Collégial,Année 3,Féminin,15,Difficultés économiques,< 1 km,< 2000 MAD,1,1,0
AB401680,2023-2024,Casablanca-Settat,CAS,El Jadida,Rural,Qualifiant,Année 3,Masculin,16,Éloignement de l'établissement,< 1 km,> 7000 MAD,6,0,1
AB401681,2018-2019,Drâa-Tafilalet,DRA,Errachidia,Urbain,Collégial,Année 3,Masculin,13,Éloignement de l'établissement,< 1 km,2000-4000 MAD,7,0,0
AB401682,2021-2022,Casablanca-Settat,CAS,Sidi Bennour,Urbain,Collégial,Année 1,Féminin,15,Éloignement de l'établissement,5–15 km,< 2000 MAD,7,1,0
AB401683,2016-2017,Casablanca-Settat,CAS,Settat,Urbain,Collégial,Année 1,Masculin,13,Mariage précoce,5–15 km,2000-4000 MAD,2,1,0
AB401684,2020-2021,Drâa-Tafilalet,DRA,Midelt,Urbain,Collégial,Année 3,Féminin,15,Difficultés économiques,< 1 km,4000-7000 MAD,7,1,0
AB401685,2015-2016,Rabat-Salé-Kénitra,RAB,Khémisset,Urbain,Primaire,Année 1,Féminin,9,Difficultés économiques,> 15 km,4000-7000 MAD,8,0,0
AB401686,2020-2021,Rabat-Salé-Kénitra,RAB,Sidi Kacem,Rural,Qualifiant,Année 3,Féminin,17,Éloignement de l'établissement,1–5 km,< 2000 MAD,2,1,0
AB401687,2022-2023,Fès-Meknès,FES,Boulemane,Urbain,Primaire,Année 5,Féminin,10,Travail enfant,5–15 km,4000-7000 MAD,5,1,1
AB401688,2017-2018,Drâa-Tafilalet,DRA,Tinghir,Rural,Collégial,Année 1,Masculin,15,Difficultés économiques,> 15 km,2000-4000 MAD,2,1,1
AB401689,2015-2016,Marrakech-Safi,MAR,El Kelaa des Sraghna,Rural,Qualifiant,Année 3,Masculin,17,Mariage précoce,1–5 km,2000-4000 MAD,7,0,0
AB401690,2020-2021,Béni Mellal-Khénifra,BMK,Béni Mellal,Urbain,Primaire,Année 5,Masculin,7,Difficultés scolaires,1–5 km,< 2000 MAD,4,0,1
AB401691,2021-2022,Fès-Meknès,FES,El Hajeb,Rural,Qualifiant,Année 1,Féminin,18,Difficultés scolaires,< 1 km,4000-7000 MAD,6,0,0
AB401692,2019-2020,Souss-Massa,SOU,Tata,Rural,Primaire,Année 5,Féminin,9,Difficultés économiques,< 1 km,2000-4000 MAD,4,1,0
AB401693,2019-2020,Souss-Massa,SOU,Tata,Urbain,Primaire,Année 6,Féminin,8,Travail enfant,> 15 km,2000-4000 MAD,5,1,0
AB401694,2019-2020,Tanger-Tétouan-Al Hoceïma,TAN,Ouazzane,Rural,Collégial,Année 1,Masculin,13,Éloignement de l'établissement,> 15 km,< 2000 MAD,8,1,0
AB401695,2017-2018,Rabat-Salé-Kénitra,RAB,Rabat,Rural,Primaire,Année 6,Masculin,11,Éloignement de l'établissement,< 1 km,< 2000 MAD,8,0,0
AB401696,2023-2024,Rabat-Salé-Kénitra,RAB,Khémisset,Rural,Collégial,Année 3,Masculin,13,Difficultés économiques,5–15 km,2000-4000 MAD,3,0,0
AB401697,2020-2021,Oriental,ORI,Taourirt,Rural,Collégial,Année 2,Féminin,15,Travail enfant,1–5 km,4000-7000 MAD,7,1,1
AB401698,2023-2024,Casablanca-Settat,CAS,Berrechid,Urbain,Collégial,Année 1,Féminin,14,Autre,< 1 km,< 2000 MAD,8,1,1
AB401699,2022-2023,Béni Mellal-Khénifra,BMK,Béni Mellal,Rural,Collégial,Année 1,Féminin,14,Difficultés scolaires,5–15 km,2000-4000 MAD,3,1,1
AB401700,2018-2019,Marrakech-Safi,MAR,Youssoufia,Urbain,Collégial,Année 2,Féminin,14,Difficultés économiques,> 15 km,2000-4000 MAD,2,1,0
AB401701,2022-2023,Tanger-Tétouan-Al Hoceïma,TAN,Tétouan,Urbain,Collégial,Année 3,Masculin,13,Grossesse,< 1 km,< 2000 MAD,1,1,0
AB401702,2017-2018,Oriental,ORI,Guercif,Urbain,Qualifiant,Année 3,Féminin,17,Éloignement de l'établissement,5–15 km,> 7000 MAD,3,0,0
AB401703,2021-2022,Béni Mellal-Khénifra,BMK,Fquih Ben Salah,Rural,Collégial,Année 2,Féminin,14,Difficultés économiques,5–15 km,2000-4000 MAD,8,0,1
AB401704,2021-2022,Rabat-Salé-Kénitra,RAB,Rabat,Urbain,Collégial,Année 3,Masculin,15,Éloignement de l'établissement,5–15 km,2000-4000 MAD,3,1,1
AB401705,2019-2020,Béni Mellal-Khénifra,BMK,El Kelaa des Sraghna,Urbain,Collégial,Année 1,Féminin,13,Éloignement de l'établissement,< 1 km,2000-4000 MAD,6,0,1
AB401706,2019-2020,Casablanca-Settat,CAS,Mohammadia,Rural,Primaire,Année 6,Masculin,7,Travail enfant,< 1 km,2000-4000 MAD,7,1,0
AB401707,2016-2017,Casablanca-Settat,CAS,Mohammadia,Rural,Collégial,Année 1,Féminin,14,Travail enfant,< 1 km,2000-4000 MAD,3,0,0
AB401708,2020-2021,Rabat-Salé-Kénitra,RAB,Salé,Rural,Qualifiant,Année 2,Féminin,17,Travail enfant,< 1 km,< 2000 MAD,6,0,0
AB401709,2019-2020,Rabat-Salé-Kénitra,RAB,Skhirate-Témara,Rural,Qualifiant,Année 2,Féminin,18,Handicap,1–5 km,2000-4000 MAD,4,0,0
AB401710,2020-2021,Souss-Massa,SOU,Tata,Rural,Primaire,Année 1,Masculin,7,Grossesse,1–5 km,< 2000 MAD,2,0,1
AB401711,2019-2020,Béni Mellal-Khénifra,BMK,Fquih Ben Salah,Urbain,Collégial,Année 3,Masculin,15,Difficultés économiques,< 1 km,2000-4000 MAD,4,0,0
AB401712,2021-2022,Drâa-Tafilalet,DRA,Errachidia,Rural,Qualifiant,Année 1,Masculin,16,Travail enfant,> 15 km,2000-4000 MAD,7,1,0
AB401713,2022-2023,Marrakech-Safi,MAR,Safi,Urbain,Qualifiant,Année 3,Féminin,17,Manque d'infrastructures,1–5 km,4000-7000 MAD,5,1,0
AB401714,2017-2018,Casablanca-Settat,CAS,Berrechid,Urbain,Collégial,Année 2,Masculin,13,Difficultés économiques,< 1 km,2000-4000 MAD,4,1,1
AB401715,2018-2019,Fès-Meknès,FES,Taounate,Rural,Qualifiant,Année 3,Féminin,18,Difficultés économiques,1–5 km,< 2000 MAD,6,0,0
AB401716,2021-2022,Souss-Massa,SOU,Tata,Urbain,Primaire,Année 3,Masculin,12,Travail enfant,1–5 km,< 2000 MAD,8,1,0
AB401717,2022-2023,Béni Mellal-Khénifra,BMK,Fquih Ben Salah,Urbain,Collégial,Année 3,Féminin,14,Mariage précoce,< 1 km,> 7000 MAD,2,1,0
AB401718,2019-2020,Marrakech-Safi,MAR,Al Haouz,Rural,Qualifiant,Année 1,Féminin,18,Difficultés scolaires,1–5 km,< 2000 MAD,3,1,0
AB401719,2022-2023,Tanger-Tétouan-Al Hoceïma,TAN,Larache,Rural,Collégial,Année 2,Masculin,15,Travail enfant,< 1 km,< 2000 MAD,2,1,0
AB401720,2019-2020,Tanger-Tétouan-Al Hoceïma,TAN,Fahs-Anjra,Urbain,Primaire,Année 4,Féminin,10,Mariage précoce,< 1 km,> 7000 MAD,4,0,0
AB401721,2018-2019,Marrakech-Safi,MAR,Youssoufia,Urbain,Qualifiant,Année 3,Féminin,18,Éloignement de l'établissement,< 1 km,< 2000 MAD,4,1,0
AB401722,2017-2018,Oriental,ORI,Driouch,Urbain,Primaire,Année 5,Masculin,8,Manque d'infrastructures,1–5 km,< 2000 MAD,1,1,0
AB401723,2019-2020,Souss-Massa,SOU,Taroudannt,Urbain,Qualifiant,Année 1,Féminin,18,Difficultés scolaires,1–5 km,2000-4000 MAD,6,1,0
AB401724,2018-2019,Fès-Meknès,FES,Fès,Rural,Qualifiant,Année 2,Féminin,18,Travail enfant,< 1 km,2000-4000 MAD,2,0,1
AB401725,2022-2023,Rabat-Salé-Kénitra,RAB,Rabat,Urbain,Primaire,Année 2,Masculin,7,Difficultés économiques,> 15 km,4000-7000 MAD,8,1,0
AB401726,2021-2022,Casablanca-Settat,CAS,Benslimane,Rural,Primaire,Année 6,Féminin,7,Handicap,1–5 km,< 2000 MAD,8,1,0
AB401727,2016-2017,Casablanca-Settat,CAS,El Jadida,Rural,Collégial,Année 3,Masculin,14,Difficultés scolaires,< 1 km,2000-4000 MAD,5,0,0
AB401728,2017-2018,Marrakech-Safi,MAR,Youssoufia,Rural,Qualifiant,Année 3,Masculin,18,Difficultés scolaires,5–15 km,2000-4000 MAD,6,1,0
AB401729,2020-2021,Casablanca-Settat,CAS,Sidi Bennour,Rural,Primaire,Année 3,Féminin,7,Handicap,5–15 km,< 2000 MAD,1,0,0
AB401730,2017-2018,Marrakech-Safi,MAR,Al Haouz,Rural,Collégial,Année 1,Masculin,15,Difficultés économiques,1–5 km,< 2000 MAD,1,1,0
AB401731,2022-2023,Rabat-Salé-Kénitra,RAB,Kénitra,Rural,Qualifiant,Année 2,Masculin,16,Difficultés scolaires,1–5 km,> 7000 MAD,2,0,0
AB401732,2020-2021,Casablanca-Settat,CAS,Khouribga,Rural,Qualifiant,Année 3,Féminin,17,Mariage précoce,1–5 km,4000-7000 MAD,7,1,0
AB401733,2017-2018,Béni Mellal-Khénifra,BMK,Béni Mellal,Urbain,Primaire,Année 3,Masculin,12,Difficultés économiques,1–5 km,< 2000 MAD,5,1,0
AB401734,2022-2023,Casablanca-Settat,CAS,Berrechid,Rural,Collégial,Année 2,Masculin,15,Éloignement de l'établissement,5–15 km,2000-4000 MAD,1,1,0
AB401735,2020-2021,Marrakech-Safi,MAR,Youssoufia,Urbain,Collégial,Année 1,Masculin,14,Difficultés économiques,5–15 km,< 2000 MAD,5,1,1
AB401736,2020-2021,Casablanca-Settat,CAS,El Jadida,Urbain,Primaire,Année 3,Féminin,9,Difficultés économiques,1–5 km,< 2000 MAD,2,0,0
AB401737,2015-2016,Rabat-Salé-Kénitra,RAB,Sidi Kacem,Urbain,Collégial,Année 1,Masculin,13,Grossesse,< 1 km,4000-7000 MAD,1,0,0
AB401738,2021-2022,Drâa-Tafilalet,DRA,Zagora,Rural,Primaire,Année 3,Masculin,12,Difficultés économiques,1–5 km,4000-7000 MAD,8,1,0
AB401739,2016-2017,Casablanca-Settat,CAS,Berrechid,Rural,Collégial,Année 2,Féminin,13,Difficultés scolaires,1–5 km,2000-4000 MAD,3,1,0
AB401740,2015-2016,Casablanca-Settat,CAS,Berrechid,Rural,Collégial,Année 2,Masculin,14,Travail enfant,< 1 km,2000-4000 MAD,4,0,0
AB401741,2023-2024,Rabat-Salé-Kénitra,RAB,Sidi Kacem,Rural,Collégial,Année 3,Féminin,15,Travail enfant,5–15 km,< 2000 MAD,7,1,0
AB401742,2015-2016,Souss-Massa,SOU,Tata,Rural,Collégial,Année 2,Féminin,13,Difficultés économiques,5–15 km,4000-7000 MAD,6,1,0
AB401743,2019-2020,Béni Mellal-Khénifra,BMK,Azilal,Rural,Qualifiant,Année 2,Masculin,18,Mariage précoce,1–5 km,4000-7000 MAD,5,1,0
AB401744,2021-2022,Fès-Meknès,FES,Taza,Rural,Collégial,Année 2,Masculin,13,Difficultés économiques,> 15 km,< 2000 MAD,2,1,0
AB401745,2023-2024,Béni Mellal-Khénifra,BMK,El Kelaa des Sraghna,Urbain,Primaire,Année 6,Masculin,10,Difficultés économiques,< 1 km,2000-4000 MAD,2,1,0
AB401746,2021-2022,Tanger-Tétouan-Al Hoceïma,TAN,Chefchaouen,Urbain,Primaire,Année 3,Masculin,12,Travail enfant,< 1 km,2000-4000 MAD,5,1,0
AB401747,2016-2017,Fès-Meknès,FES,Séfrou,Rural,Primaire,Année 6,Féminin,9,Travail enfant,< 1 km,< 2000 MAD,4,1,1
AB401748,2023-2024,Rabat-Salé-Kénitra,RAB,Salé,Rural,Collégial,Année 1,Féminin,14,Difficultés économiques,1–5 km,< 2000 MAD,8,1,0
AB401749,2023-2024,Oriental,ORI,Berkane,Rural,Primaire,Année 1,Masculin,10,Travail enfant,5–15 km,4000-7000 MAD,1,1,0
AB401750,2023-2024,Marrakech-Safi,MAR,Essaouira,Urbain,Primaire,Année 2,Masculin,7,Mariage précoce,> 15 km,< 2000 MAD,1,0,0
AB401751,2017-2018,Tanger-Tétouan-Al Hoceïma,TAN,Ouazzane,Rural,Primaire,Année 6,Masculin,8,Travail enfant,> 15 km,4000-7000 MAD,8,0,0
AB401752,2018-2019,Drâa-Tafilalet,DRA,Zagora,Urbain,Collégial,Année 3,Féminin,15,Autre,< 1 km,2000-4000 MAD,1,0,0
AB401753,2018-2019,Béni Mellal-Khénifra,BMK,Azilal,Urbain,Primaire,Année 6,Féminin,9,Mariage précoce,1–5 km,4000-7000 MAD,1,0,0
AB401754,2015-2016,Oriental,ORI,Nador,Rural,Collégial,Année 1,Féminin,14,Difficultés économiques,> 15 km,2000-4000 MAD,3,1,0
AB401755,2015-2016,Rabat-Salé-Kénitra,RAB,Skhirate-Témara,Urbain,Collégial,Année 1,Masculin,13,Difficultés scolaires,< 1 km,< 2000 MAD,7,0,0
AB401756,2017-2018,Tanger-Tétouan-Al Hoceïma,TAN,Chefchaouen,Rural,Collégial,Année 1,Masculin,14,Éloignement de l'établissement,5–15 km,4000-7000 MAD,5,1,1
AB401757,2016-2017,Oriental,ORI,Nador,Urbain,Collégial,Année 1,Masculin,13,Mariage précoce,5–15 km,2000-4000 MAD,6,0,0
AB401758,2020-2021,Fès-Meknès,FES,Taounate,Rural,Qualifiant,Année 2,Féminin,16,Difficultés scolaires,< 1 km,2000-4000 MAD,3,1,0
AB401759,2023-2024,Rabat-Salé-Kénitra,RAB,Rabat,Urbain,Qualifiant,Année 3,Féminin,17,Manque d'infrastructures,1–5 km,4000-7000 MAD,3,1,0
AB401760,2015-2016,Fès-Meknès,FES,Fès,Urbain,Primaire,Année 3,Masculin,9,Difficultés scolaires,< 1 km,2000-4000 MAD,6,1,0
AB401761,2021-2022,Casablanca-Settat,CAS,Mohammadia,Rural,Primaire,Année 5,Masculin,8,Travail enfant,< 1 km,2000-4000 MAD,2,1,1
AB401762,2016-2017,Marrakech-Safi,MAR,Chichaoua,Rural,Collégial,Année 1,Féminin,13,Difficultés scolaires,1–5 km,< 2000 MAD,7,1,0
AB401763,2019-2020,Rabat-Salé-Kénitra,RAB,Sidi Slimane,Urbain,Qualifiant,Année 1,Masculin,16,Mariage précoce,1–5 km,< 2000 MAD,6,1,0
AB401764,2019-2020,Fès-Meknès,FES,Meknès,Rural,Collégial,Année 1,Féminin,14,Éloignement de l'établissement,1–5 km,> 7000 MAD,7,1,0
AB401765,2023-2024,Fès-Meknès,FES,Moulay Yacoub,Urbain,Collégial,Année 3,Masculin,15,Travail enfant,5–15 km,2000-4000 MAD,8,1,1
AB401766,2017-2018,Fès-Meknès,FES,Boulemane,Rural,Collégial,Année 1,Féminin,15,Travail enfant,< 1 km,2000-4000 MAD,7,0,1
AB401767,2019-2020,Oriental,ORI,Jerada,Rural,Qualifiant,Année 3,Féminin,17,Difficultés économiques,1–5 km,< 2000 MAD,8,1,0
AB401768,2015-2016,Fès-Meknès,FES,Séfrou,Urbain,Qualifiant,Année 2,Masculin,17,Difficultés économiques,< 1 km,< 2000 MAD,8,1,0
AB401769,2019-2020,Fès-Meknès,FES,Moulay Yacoub,Rural,Qualifiant,Année 2,Féminin,17,Grossesse,< 1 km,4000-7000 MAD,3,0,1
AB401770,2015-2016,Rabat-Salé-Kénitra,RAB,Sidi Kacem,Urbain,Qualifiant,Année 3,Masculin,16,Difficultés économiques,< 1 km,< 2000 MAD,3,1,0
AB401771,2017-2018,Béni Mellal-Khénifra,BMK,Fquih Ben Salah,Rural,Collégial,Année 1,Féminin,14,Difficultés économiques,5–15 km,< 2000 MAD,3,0,0
AB401772,2019-2020,Tanger-Tétouan-Al Hoceïma,TAN,Chefchaouen,Rural,Primaire,Année 6,Féminin,7,Éloignement de l'établissement,> 15 km,2000-4000 MAD,1,1,0
AB401773,2020-2021,Oriental,ORI,Nador,Rural,Qualifiant,Année 1,Masculin,16,Grossesse,5–15 km,2000-4000 MAD,8,1,0
AB401774,2020-2021,Fès-Meknès,FES,Boulemane,Rural,Primaire,Année 3,Masculin,8,Difficultés scolaires,1–5 km,2000-4000 MAD,5,1,1
AB401775,2022-2023,Tanger-Tétouan-Al Hoceïma,TAN,Chefchaouen,Urbain,Primaire,Année 4,Masculin,8,Autre,> 15 km,2000-4000 MAD,1,0,0
AB401776,2020-2021,Marrakech-Safi,MAR,Essaouira,Urbain,Qualifiant,Année 3,Féminin,17,Mariage précoce,< 1 km,> 7000 MAD,4,0,0
AB401777,2023-2024,Tanger-Tétouan-Al Hoceïma,TAN,Tétouan,Urbain,Qualifiant,Année 2,Masculin,18,Difficultés scolaires,5–15 km,4000-7000 MAD,3,0,0
AB401778,2021-2022,Tanger-Tétouan-Al Hoceïma,TAN,Mdiq-Fnideq,Rural,Qualifiant,Année 3,Masculin,17,Travail enfant,< 1 km,2000-4000 MAD,7,0,0
AB401779,2023-2024,Casablanca-Settat,CAS,Settat,Rural,Qualifiant,Année 1,Masculin,17,Travail enfant,< 1 km,4000-7000 MAD,5,1,0
AB401780,2023-2024,Marrakech-Safi,MAR,Al Haouz,Urbain,Qualifiant,Année 2,Masculin,18,Difficultés économiques,< 1 km,< 2000 MAD,4,1,1
AB401781,2022-2023,Fès-Meknès,FES,Boulemane,Rural,Primaire,Année 1,Féminin,8,Handicap,1–5 km,2000-4000 MAD,4,0,1
AB401782,2023-2024,Fès-Meknès,FES,Ifrane,Urbain,Collégial,Année 1,Masculin,15,Handicap,< 1 km,2000-4000 MAD,3,1,1
AB401783,2018-2019,Fès-Meknès,FES,Taza,Rural,Primaire,Année 3,Masculin,12,Mariage précoce,5–15 km,4000-7000 MAD,2,0,0
AB401784,2016-2017,Tanger-Tétouan-Al Hoceïma,TAN,Larache,Rural,Collégial,Année 1,Masculin,15,Mariage précoce,< 1 km,4000-7000 MAD,2,0,1
AB401785,2015-2016,Marrakech-Safi,MAR,Essaouira,Rural,Primaire,Année 5,Féminin,10,Travail enfant,1–5 km,4000-7000 MAD,1,1,1
AB401786,2017-2018,Casablanca-Settat,CAS,Sidi Bennour,Rural,Collégial,Année 2,Féminin,14,Travail enfant,< 1 km,< 2000 MAD,8,1,1
AB401787,2017-2018,Tanger-Tétouan-Al Hoceïma,TAN,Tétouan,Rural,Primaire,Année 5,Féminin,8,Handicap,< 1 km,2000-4000 MAD,7,0,1
AB401788,2017-2018,Drâa-Tafilalet,DRA,Errachidia,Urbain,Qualifiant,Année 2,Féminin,17,Difficultés scolaires,< 1 km,4000-7000 MAD,4,1,1
AB401789,2015-2016,Souss-Massa,SOU,Agadir-Ida-Ou-Tanane,Rural,Primaire,Année 1,Masculin,12,Mariage précoce,5–15 km,4000-7000 MAD,7,1,0
AB401790,2019-2020,Souss-Massa,SOU,Agadir-Ida-Ou-Tanane,Rural,Qualifiant,Année 2,Masculin,17,Éloignement de l'établissement,1–5 km,4000-7000 MAD,6,1,0
AB401791,2023-2024,Marrakech-Safi,MAR,Chichaoua,Rural,Qualifiant,Année 3,Masculin,18,Autre,1–5 km,2000-4000 MAD,7,0,0
AB401792,2022-2023,Oriental,ORI,Oujda-Angad,Rural,Primaire,Année 4,Masculin,10,Difficultés économiques,> 15 km,2000-4000 MAD,7,0,0
AB401793,2019-2020,Casablanca-Settat,CAS,Sidi Bennour,Rural,Qualifiant,Année 1,Masculin,16,Difficultés économiques,< 1 km,< 2000 MAD,8,1,0
AB401794,2017-2018,Casablanca-Settat,CAS,Mohammadia,Rural,Qualifiant,Année 3,Féminin,17,Travail enfant,1–5 km,2000-4000 MAD,2,0,0
AB401795,2018-2019,Casablanca-Settat,CAS,El Jadida,Rural,Primaire,Année 3,Masculin,9,Autre,1–5 km,< 2000 MAD,1,0,1
AB401796,2023-2024,Casablanca-Settat,CAS,Berrechid,Rural,Collégial,Année 2,Masculin,13,Éloignement de l'établissement,1–5 km,< 2000 MAD,6,0,0
AB401797,2022-2023,Casablanca-Settat,CAS,Khouribga,Urbain,Qualifiant,Année 1,Masculin,17,Mariage précoce,1–5 km,2000-4000 MAD,3,1,0
AB401798,2018-2019,Rabat-Salé-Kénitra,RAB,Skhirate-Témara,Urbain,Collégial,Année 2,Féminin,14,Difficultés scolaires,5–15 km,< 2000 MAD,7,1,0
AB401799,2016-2017,Drâa-Tafilalet,DRA,Midelt,Rural,Collégial,Année 1,Féminin,14,Difficultés scolaires,1–5 km,2000-4000 MAD,2,0,1
AB401800,2017-2018,Rabat-Salé-Kénitra,RAB,Rabat,Rural,Qualifiant,Année 2,Féminin,18,Difficultés scolaires,1–5 km,2000-4000 MAD,1,1,0
AB401801,2019-2020,Fès-Meknès,FES,Boulemane,Rural,Primaire,Année 2,Masculin,10,Difficultés économiques,5–15 km,2000-4000 MAD,2,1,0
AB401802,2022-2023,Souss-Massa,SOU,Agadir-Ida-Ou-Tanane,Urbain,Collégial,Année 3,Masculin,14,Travail enfant,< 1 km,2000-4000 MAD,8,1,0
AB401803,2015-2016,Rabat-Salé-Kénitra,RAB,Khémisset,Rural,Qualifiant,Année 1,Féminin,17,Difficultés scolaires,1–5 km,2000-4000 MAD,1,0,0
AB401804,2022-2023,Casablanca-Settat,CAS,Berrechid,Rural,Collégial,Année 1,Masculin,13,Difficultés économiques,1–5 km,2000-4000 MAD,8,1,1
AB401805,2020-2021,Casablanca-Settat,CAS,Berrechid,Urbain,Qualifiant,Année 2,Masculin,17,Handicap,< 1 km,4000-7000 MAD,5,0,1
AB401806,2016-2017,Oriental,ORI,Jerada,Urbain,Collégial,Année 3,Féminin,14,Mariage précoce,1–5 km,4000-7000 MAD,1,1,0
AB401807,2021-2022,Marrakech-Safi,MAR,Marrakech,Rural,Collégial,Année 3,Féminin,13,Difficultés économiques,1–5 km,< 2000 MAD,1,1,0
AB401808,2016-2017,Casablanca-Settat,CAS,Berrechid,Rural,Qualifiant,Année 2,Masculin,17,Grossesse,> 15 km,4000-7000 MAD,2,1,0
AB401809,2021-2022,Fès-Meknès,FES,Ifrane,Rural,Qualifiant,Année 2,Masculin,18,Éloignement de l'établissement,5–15 km,4000-7000 MAD,1,0,0
AB401810,2020-2021,Casablanca-Settat,CAS,Settat,Rural,Collégial,Année 1,Masculin,14,Manque d'infrastructures,> 15 km,4000-7000 MAD,6,0,0
AB401811,2018-2019,Fès-Meknès,FES,El Hajeb,Rural,Qualifiant,Année 3,Masculin,18,Difficultés scolaires,> 15 km,< 2000 MAD,5,0,1
AB401812,2021-2022,Marrakech-Safi,MAR,Essaouira,Rural,Collégial,Année 1,Féminin,13,Travail enfant,< 1 km,< 2000 MAD,2,1,0
AB401813,2015-2016,Marrakech-Safi,MAR,El Kelaa des Sraghna,Rural,Collégial,Année 1,Féminin,14,Manque d'infrastructures,> 15 km,4000-7000 MAD,7,1,0
AB401814,2022-2023,Marrakech-Safi,MAR,Youssoufia,Rural,Collégial,Année 3,Masculin,15,Difficultés économiques,1–5 km,2000-4000 MAD,5,1,0
AB401815,2016-2017,Casablanca-Settat,CAS,El Jadida,Rural,Collégial,Année 1,Masculin,13,Travail enfant,> 15 km,2000-4000 MAD,7,0,0
AB401816,2019-2020,Béni Mellal-Khénifra,BMK,El Kelaa des Sraghna,Rural,Collégial,Année 2,Masculin,14,Handicap,< 1 km,< 2000 MAD,5,0,0
AB401817,2021-2022,Rabat-Salé-Kénitra,RAB,Salé,Rural,Collégial,Année 2,Masculin,14,Travail enfant,< 1 km,2000-4000 MAD,5,0,0
AB401818,2015-2016,Fès-Meknès,FES,Boulemane,Urbain,Collégial,Année 1,Féminin,14,Difficultés économiques,1–5 km,4000-7000 MAD,2,1,0
AB401819,2019-2020,Rabat-Salé-Kénitra,RAB,Skhirate-Témara,Urbain,Qualifiant,Année 2,Masculin,18,Éloignement de l'établissement,1–5 km,> 7000 MAD,5,0,0
AB401820,2017-2018,Marrakech-Safi,MAR,Safi,Rural,Primaire,Année 2,Masculin,9,Difficultés scolaires,1–5 km,> 7000 MAD,1,1,0
AB401821,2023-2024,Drâa-Tafilalet,DRA,Tinghir,Rural,Collégial,Année 2,Féminin,13,Mariage précoce,1–5 km,< 2000 MAD,1,1,1
AB401822,2018-2019,Rabat-Salé-Kénitra,RAB,Khémisset,Urbain,Primaire,Année 3,Féminin,8,Mariage précoce,> 15 km,4000-7000 MAD,3,1,0
AB401823,2022-2023,Casablanca-Settat,CAS,Sidi Bennour,Rural,Collégial,Année 3,Féminin,15,Mariage précoce,1–5 km,2000-4000 MAD,6,1,0
AB401824,2017-2018,Oriental,ORI,Figuig,Urbain,Collégial,Année 3,Masculin,15,Difficultés économiques,> 15 km,> 7000 MAD,8,1,1
AB401825,2022-2023,Casablanca-Settat,CAS,Benslimane,Rural,Collégial,Année 3,Masculin,15,Travail enfant,5–15 km,2000-4000 MAD,3,1,0
AB401826,2017-2018,Drâa-Tafilalet,DRA,Midelt,Rural,Collégial,Année 1,Masculin,13,Difficultés économiques,< 1 km,2000-4000 MAD,2,0,0
AB401827,2022-2023,Fès-Meknès,FES,Taounate,Urbain,Qualifiant,Année 3,Féminin,18,Mariage précoce,1–5 km,4000-7000 MAD,1,0,1
AB401828,2017-2018,Souss-Massa,SOU,Agadir-Ida-Ou-Tanane,Rural,Collégial,Année 3,Masculin,13,Difficultés scolaires,1–5 km,4000-7000 MAD,5,0,0
AB401829,2015-2016,Souss-Massa,SOU,Tata,Rural,Collégial,Année 3,Masculin,14,Travail enfant,< 1 km,2000-4000 MAD,7,0,1
AB401830,2021-2022,Fès-Meknès,FES,Boulemane,Urbain,Collégial,Année 3,Masculin,13,Mariage précoce,< 1 km,2000-4000 MAD,5,0,0
AB401831,2015-2016,Oriental,ORI,Oujda-Angad,Urbain,Qualifiant,Année 1,Masculin,16,Difficultés économiques,1–5 km,< 2000 MAD,3,0,0
AB401832,2019-2020,Rabat-Salé-Kénitra,RAB,Salé,Rural,Qualifiant,Année 1,Masculin,16,Grossesse,> 15 km,< 2000 MAD,8,0,0
AB401833,2016-2017,Rabat-Salé-Kénitra,RAB,Skhirate-Témara,Rural,Collégial,Année 1,Masculin,15,Difficultés économiques,< 1 km,> 7000 MAD,4,1,0
AB401834,2022-2023,Marrakech-Safi,MAR,El Kelaa des Sraghna,Rural,Collégial,Année 1,Féminin,15,Travail enfant,> 15 km,2000-4000 MAD,3,0,1
AB401835,2015-2016,Oriental,ORI,Guercif,Urbain,Qualifiant,Année 3,Féminin,17,Travail enfant,< 1 km,2000-4000 MAD,2,1,0
AB401836,2022-2023,Marrakech-Safi,MAR,El Kelaa des Sraghna,Rural,Collégial,Année 3,Féminin,14,Éloignement de l'établissement,1–5 km,< 2000 MAD,2,0,0
AB401837,2019-2020,Casablanca-Settat,CAS,Sidi Bennour,Rural,Primaire,Année 3,Masculin,10,Difficultés économiques,1–5 km,4000-7000 MAD,8,0,1
AB401838,2020-2021,Casablanca-Settat,CAS,Sidi Bennour,Urbain,Collégial,Année 1,Masculin,13,Manque d'infrastructures,< 1 km,< 2000 MAD,6,1,0
AB401839,2021-2022,Guelmim-Oued Noun,GUE,Guelmim,Rural,Collégial,Année 3,Masculin,14,Éloignement de l'établissement,5–15 km,2000-4000 MAD,4,1,0
AB401840,2021-2022,Fès-Meknès,FES,Meknès,Rural,Collégial,Année 2,Féminin,13,Travail enfant,5–15 km,4000-7000 MAD,3,0,0
AB401841,2020-2021,Fès-Meknès,FES,El Hajeb,Rural,Qualifiant,Année 2,Masculin,17,Difficultés économiques,> 15 km,2000-4000 MAD,3,1,0
AB401842,2022-2023,Rabat-Salé-Kénitra,RAB,Sidi Kacem,Urbain,Collégial,Année 1,Masculin,15,Mariage précoce,> 15 km,4000-7000 MAD,6,0,1
AB401843,2016-2017,Souss-Massa,SOU,Tiznit,Rural,Collégial,Année 2,Féminin,13,Difficultés économiques,1–5 km,4000-7000 MAD,2,0,1
AB401844,2023-2024,Rabat-Salé-Kénitra,RAB,Salé,Urbain,Primaire,Année 2,Féminin,8,Éloignement de l'établissement,5–15 km,< 2000 MAD,2,0,0
AB401845,2023-2024,Tanger-Tétouan-Al Hoceïma,TAN,Tétouan,Rural,Collégial,Année 1,Féminin,13,Éloignement de l'établissement,5–15 km,< 2000 MAD,1,1,0
AB401846,2018-2019,Casablanca-Settat,CAS,Sidi Bennour,Urbain,Collégial,Année 1,Masculin,13,Mariage précoce,< 1 km,2000-4000 MAD,8,0,1
AB401847,2019-2020,Casablanca-Settat,CAS,Casablanca,Urbain,Qualifiant,Année 2,Féminin,18,Mariage précoce,5–15 km,< 2000 MAD,8,0,1
AB401848,2020-2021,Rabat-Salé-Kénitra,RAB,Sidi Slimane,Urbain,Primaire,Année 4,Féminin,12,Éloignement de l'établissement,1–5 km,2000-4000 MAD,7,1,1
AB401849,2016-2017,Casablanca-Settat,CAS,Berrechid,Rural,Primaire,Année 3,Féminin,10,Travail enfant,< 1 km,< 2000 MAD,6,0,1
AB401850,2017-2018,Laâyoune-Sakia El Hamra,LAA,Laâyoune,Rural,Qualifiant,Année 3,Féminin,16,Handicap,1–5 km,< 2000 MAD,1,0,1
AB401851,2020-2021,Casablanca-Settat,CAS,Casablanca,Urbain,Collégial,Année 3,Masculin,13,Difficultés scolaires,1–5 km,< 2000 MAD,8,0,0
AB401852,2018-2019,Rabat-Salé-Kénitra,RAB,Skhirate-Témara,Urbain,Collégial,Année 2,Masculin,14,Difficultés économiques,1–5 km,< 2000 MAD,1,0,0
AB401853,2019-2020,Fès-Meknès,FES,Meknès,Rural,Primaire,Année 3,Masculin,9,Travail enfant,5–15 km,> 7000 MAD,8,1,1
AB401854,2019-2020,Rabat-Salé-Kénitra,RAB,Rabat,Urbain,Qualifiant,Année 3,Masculin,16,Travail enfant,1–5 km,2000-4000 MAD,5,0,0
AB401855,2023-2024,Tanger-Tétouan-Al Hoceïma,TAN,Mdiq-Fnideq,Rural,Qualifiant,Année 3,Féminin,17,Difficultés scolaires,> 15 km,< 2000 MAD,5,1,0
AB401856,2019-2020,Casablanca-Settat,CAS,Mohammadia,Urbain,Collégial,Année 1,Masculin,13,Difficultés économiques,< 1 km,2000-4000 MAD,6,0,0
AB401857,2019-2020,Tanger-Tétouan-Al Hoceïma,TAN,Tétouan,Urbain,Primaire,Année 4,Féminin,10,Travail enfant,> 15 km,< 2000 MAD,5,0,0
AB401858,2021-2022,Marrakech-Safi,MAR,El Kelaa des Sraghna,Urbain,Primaire,Année 4,Féminin,9,Éloignement de l'établissement,< 1 km,4000-7000 MAD,8,1,0
AB401859,2023-2024,Rabat-Salé-Kénitra,RAB,Skhirate-Témara,Urbain,Primaire,Année 6,Masculin,7,Difficultés scolaires,1–5 km,4000-7000 MAD,1,0,0
AB401860,2020-2021,Casablanca-Settat,CAS,Berrechid,Rural,Collégial,Année 1,Masculin,14,Travail enfant,5–15 km,2000-4000 MAD,3,0,0
AB401861,2021-2022,Souss-Massa,SOU,Chtouka-Ait Baha,Rural,Primaire,Année 3,Féminin,12,Difficultés économiques,> 15 km,4000-7000 MAD,7,0,0
AB401862,2018-2019,Béni Mellal-Khénifra,BMK,Azilal,Rural,Qualifiant,Année 2,Masculin,16,Handicap,> 15 km,< 2000 MAD,2,1,0
AB401863,2019-2020,Tanger-Tétouan-Al Hoceïma,TAN,Tétouan,Rural,Collégial,Année 3,Masculin,14,Difficultés scolaires,< 1 km,2000-4000 MAD,1,0,0
AB401864,2023-2024,Rabat-Salé-Kénitra,RAB,Rabat,Urbain,Collégial,Année 1,Masculin,13,Manque d'infrastructures,1–5 km,< 2000 MAD,5,1,0
AB401865,2017-2018,Casablanca-Settat,CAS,Settat,Rural,Collégial,Année 1,Masculin,13,Difficultés économiques,< 1 km,4000-7000 MAD,8,1,1
AB401866,2020-2021,Tanger-Tétouan-Al Hoceïma,TAN,Tanger-Assilah,Rural,Collégial,Année 2,Masculin,15,Difficultés scolaires,> 15 km,2000-4000 MAD,8,0,1
AB401867,2016-2017,Marrakech-Safi,MAR,Youssoufia,Urbain,Primaire,Année 4,Féminin,8,Difficultés économiques,1–5 km,< 2000 MAD,1,0,1
AB401868,2017-2018,Rabat-Salé-Kénitra,RAB,Sidi Kacem,Rural,Primaire,Année 6,Masculin,12,Travail enfant,< 1 km,4000-7000 MAD,1,1,0
AB401869,2015-2016,Fès-Meknès,FES,Moulay Yacoub,Urbain,Primaire,Année 2,Féminin,7,Difficultés scolaires,> 15 km,2000-4000 MAD,4,0,1
AB401870,2016-2017,Casablanca-Settat,CAS,Khouribga,Urbain,Collégial,Année 2,Féminin,14,Éloignement de l'établissement,1–5 km,2000-4000 MAD,2,0,0
AB401871,2016-2017,Béni Mellal-Khénifra,BMK,Fquih Ben Salah,Urbain,Collégial,Année 1,Masculin,15,Manque d'infrastructures,< 1 km,2000-4000 MAD,2,1,1
AB401872,2016-2017,Marrakech-Safi,MAR,Safi,Urbain,Collégial,Année 3,Masculin,14,Difficultés économiques,> 15 km,< 2000 MAD,1,1,0
AB401873,2016-2017,Drâa-Tafilalet,DRA,Zagora,Rural,Primaire,Année 2,Masculin,11,Difficultés scolaires,1–5 km,< 2000 MAD,3,1,0
AB401874,2015-2016,Casablanca-Settat,CAS,Sidi Bennour,Rural,Primaire,Année 1,Masculin,7,Autre,< 1 km,2000-4000 MAD,2,1,0
AB401875,2021-2022,Béni Mellal-Khénifra,BMK,Khouribga,Urbain,Collégial,Année 2,Masculin,14,Handicap,1–5 km,2000-4000 MAD,5,1,0
AB401876,2017-2018,Fès-Meknès,FES,Taounate,Rural,Qualifiant,Année 1,Masculin,17,Éloignement de l'établissement,< 1 km,4000-7000 MAD,4,1,0
AB401877,2020-2021,Fès-Meknès,FES,Taounate,Urbain,Collégial,Année 2,Masculin,15,Mariage précoce,5–15 km,> 7000 MAD,1,1,1
AB401878,2016-2017,Fès-Meknès,FES,El Hajeb,Urbain,Qualifiant,Année 1,Féminin,18,Mariage précoce,< 1 km,4000-7000 MAD,7,1,0
AB401879,2018-2019,Casablanca-Settat,CAS,El Jadida,Rural,Collégial,Année 1,Masculin,15,Difficultés économiques,> 15 km,< 2000 MAD,8,0,0
AB401880,2015-2016,Rabat-Salé-Kénitra,RAB,Salé,Urbain,Qualifiant,Année 2,Féminin,16,Handicap,5–15 km,2000-4000 MAD,4,0,0
AB401881,2016-2017,Béni Mellal-Khénifra,BMK,Azilal,Urbain,Primaire,Année 3,Masculin,9,Difficultés scolaires,< 1 km,2000-4000 MAD,6,0,1
AB401882,2016-2017,Fès-Meknès,FES,Moulay Yacoub,Urbain,Primaire,Année 6,Masculin,10,Autre,< 1 km,< 2000 MAD,2,0,0
AB401883,2021-2022,Rabat-Salé-Kénitra,RAB,Kénitra,Urbain,Collégial,Année 2,Masculin,14,Difficultés scolaires,> 15 km,4000-7000 MAD,6,1,0
AB401884,2019-2020,Béni Mellal-Khénifra,BMK,El Kelaa des Sraghna,Urbain,Qualifiant,Année 3,Féminin,18,Mariage précoce,1–5 km,2000-4000 MAD,3,1,1
AB401885,2018-2019,Tanger-Tétouan-Al Hoceïma,TAN,Ouazzane,Rural,Primaire,Année 5,Féminin,7,Difficultés économiques,< 1 km,2000-4000 MAD,1,0,1
AB401886,2020-2021,Oriental,ORI,Driouch,Rural,Qualifiant,Année 1,Masculin,18,Difficultés scolaires,1–5 km,2000-4000 MAD,1,0,0
AB401887,2017-2018,Casablanca-Settat,CAS,Casablanca,Urbain,Collégial,Année 2,Masculin,13,Éloignement de l'établissement,1–5 km,2000-4000 MAD,8,1,0
AB401888,2019-2020,Casablanca-Settat,CAS,Casablanca,Rural,Collégial,Année 3,Féminin,15,Travail enfant,1–5 km,< 2000 MAD,8,1,1
AB401889,2016-2017,Casablanca-Settat,CAS,Sidi Bennour,Urbain,Collégial,Année 1,Masculin,14,Éloignement de l'établissement,1–5 km,2000-4000 MAD,1,1,0
AB401890,2018-2019,Rabat-Salé-Kénitra,RAB,Sidi Kacem,Urbain,Qualifiant,Année 2,Féminin,16,Éloignement de l'établissement,5–15 km,> 7000 MAD,5,1,1
AB401891,2022-2023,Casablanca-Settat,CAS,Mohammadia,Rural,Collégial,Année 2,Féminin,15,Difficultés scolaires,< 1 km,4000-7000 MAD,8,1,1
AB401892,2023-2024,Souss-Massa,SOU,Tata,Rural,Primaire,Année 3,Masculin,7,Difficultés scolaires,1–5 km,2000-4000 MAD,4,0,0
AB401893,2022-2023,Fès-Meknès,FES,Ifrane,Rural,Collégial,Année 2,Féminin,15,Travail enfant,1–5 km,2000-4000 MAD,8,1,1
AB401894,2023-2024,Oriental,ORI,Figuig,Rural,Collégial,Année 2,Féminin,15,Éloignement de l'établissement,< 1 km,2000-4000 MAD,3,0,0
AB401895,2015-2016,Fès-Meknès,FES,Boulemane,Rural,Collégial,Année 1,Féminin,13,Difficultés économiques,1–5 km,4000-7000 MAD,2,0,0
AB401896,2020-2021,Casablanca-Settat,CAS,El Jadida,Urbain,Collégial,Année 3,Féminin,15,Éloignement de l'établissement,< 1 km,> 7000 MAD,5,1,0
AB401897,2022-2023,Béni Mellal-Khénifra,BMK,Fquih Ben Salah,Rural,Primaire,Année 3,Féminin,12,Difficultés scolaires,< 1 km,2000-4000 MAD,6,1,0
AB401898,2022-2023,Rabat-Salé-Kénitra,RAB,Rabat,Urbain,Collégial,Année 1,Féminin,14,Travail enfant,< 1 km,2000-4000 MAD,8,0,0
AB401899,2021-2022,Fès-Meknès,FES,Ifrane,Urbain,Collégial,Année 1,Féminin,14,Difficultés économiques,5–15 km,2000-4000 MAD,7,1,0
AB401900,2015-2016,Casablanca-Settat,CAS,Mohammadia,Urbain,Primaire,Année 6,Féminin,9,Difficultés scolaires,1–5 km,< 2000 MAD,5,1,0
AB401901,2016-2017,Oriental,ORI,Oujda-Angad,Rural,Primaire,Année 5,Masculin,10,Travail enfant,< 1 km,4000-7000 MAD,4,1,1
AB401902,2023-2024,Casablanca-Settat,CAS,El Jadida,Rural,Collégial,Année 3,Féminin,14,Éloignement de l'établissement,> 15 km,< 2000 MAD,5,1,1
AB401903,2016-2017,Casablanca-Settat,CAS,El Jadida,Rural,Collégial,Année 3,Masculin,15,Travail enfant,< 1 km,4000-7000 MAD,4,1,1
AB401904,2021-2022,Rabat-Salé-Kénitra,RAB,Skhirate-Témara,Urbain,Primaire,Année 6,Féminin,8,Éloignement de l'établissement,1–5 km,4000-7000 MAD,2,1,0
AB401905,2016-2017,Fès-Meknès,FES,Moulay Yacoub,Rural,Collégial,Année 1,Masculin,14,Handicap,< 1 km,4000-7000 MAD,7,1,0
AB401906,2018-2019,Casablanca-Settat,CAS,Casablanca,Urbain,Qualifiant,Année 3,Masculin,17,Difficultés économiques,1–5 km,> 7000 MAD,6,0,0
AB401907,2015-2016,Casablanca-Settat,CAS,Benslimane,Urbain,Collégial,Année 3,Masculin,13,Travail enfant,1–5 km,2000-4000 MAD,2,1,0
AB401908,2015-2016,Rabat-Salé-Kénitra,RAB,Sidi Slimane,Rural,Primaire,Année 4,Masculin,11,Travail enfant,1–5 km,> 7000 MAD,3,1,0
AB401909,2018-2019,Marrakech-Safi,MAR,Chichaoua,Rural,Primaire,Année 1,Féminin,12,Éloignement de l'établissement,5–15 km,2000-4000 MAD,1,1,0
AB401910,2020-2021,Oriental,ORI,Guercif,Rural,Collégial,Année 3,Masculin,15,Manque d'infrastructures,1–5 km,2000-4000 MAD,4,1,1
AB401911,2021-2022,Tanger-Tétouan-Al Hoceïma,TAN,Tanger-Assilah,Rural,Collégial,Année 1,Féminin,14,Travail enfant,1–5 km,2000-4000 MAD,2,1,1
AB401912,2015-2016,Casablanca-Settat,CAS,El Jadida,Rural,Primaire,Année 3,Féminin,10,Travail enfant,< 1 km,< 2000 MAD,7,1,0
AB401913,2015-2016,Tanger-Tétouan-Al Hoceïma,TAN,Mdiq-Fnideq,Rural,Primaire,Année 1,Masculin,7,Travail enfant,5–15 km,> 7000 MAD,5,0,1
AB401914,2019-2020,Rabat-Salé-Kénitra,RAB,Kénitra,Rural,Collégial,Année 1,Féminin,14,Grossesse,< 1 km,> 7000 MAD,5,0,0
AB401915,2021-2022,Casablanca-Settat,CAS,Settat,Urbain,Primaire,Année 3,Masculin,12,Difficultés économiques,< 1 km,< 2000 MAD,7,0,0
AB401916,2015-2016,Fès-Meknès,FES,Taounate,Rural,Primaire,Année 4,Féminin,11,Autre,< 1 km,2000-4000 MAD,3,1,0
AB401917,2022-2023,Souss-Massa,SOU,Inezgane-Ait Melloul,Rural,Primaire,Année 3,Féminin,8,Travail enfant,< 1 km,4000-7000 MAD,2,1,0
AB401918,2023-2024,Rabat-Salé-Kénitra,RAB,Khémisset,Urbain,Primaire,Année 5,Masculin,9,Manque d'infrastructures,> 15 km,2000-4000 MAD,8,0,0
AB401919,2021-2022,Béni Mellal-Khénifra,BMK,El Kelaa des Sraghna,Urbain,Primaire,Année 4,Masculin,9,Difficultés scolaires,> 15 km,< 2000 MAD,8,0,0
AB401920,2021-2022,Béni Mellal-Khénifra,BMK,Fquih Ben Salah,Rural,Collégial,Année 1,Féminin,14,Mariage précoce,< 1 km,< 2000 MAD,2,1,0
AB401921,2022-2023,Souss-Massa,SOU,Taroudannt,Urbain,Collégial,Année 1,Féminin,15,Travail enfant,< 1 km,4000-7000 MAD,3,0,0
AB401922,2018-2019,Marrakech-Safi,MAR,Marrakech,Urbain,Collégial,Année 3,Masculin,15,Manque d'infrastructures,< 1 km,> 7000 MAD,6,0,1
AB401923,2023-2024,Béni Mellal-Khénifra,BMK,Azilal,Rural,Primaire,Année 3,Masculin,10,Éloignement de l'établissement,1–5 km,< 2000 MAD,7,0,0
AB401924,2020-2021,Tanger-Tétouan-Al Hoceïma,TAN,Larache,Rural,Qualifiant,Année 1,Féminin,17,Autre,1–5 km,2000-4000 MAD,1,0,0
AB401925,2018-2019,Souss-Massa,SOU,Taroudannt,Urbain,Qualifiant,Année 3,Masculin,17,Handicap,1–5 km,2000-4000 MAD,4,0,1
AB401926,2022-2023,Casablanca-Settat,CAS,El Jadida,Rural,Qualifiant,Année 2,Féminin,17,Mariage précoce,> 15 km,2000-4000 MAD,3,0,0
AB401927,2018-2019,Rabat-Salé-Kénitra,RAB,Rabat,Rural,Collégial,Année 1,Masculin,15,Mariage précoce,1–5 km,2000-4000 MAD,3,0,1
AB401928,2018-2019,Béni Mellal-Khénifra,BMK,Béni Mellal,Rural,Collégial,Année 2,Masculin,14,Difficultés économiques,5–15 km,2000-4000 MAD,4,0,1
AB401929,2015-2016,Fès-Meknès,FES,Fès,Rural,Collégial,Année 3,Masculin,13,Difficultés économiques,5–15 km,2000-4000 MAD,8,0,0
AB401930,2021-2022,Rabat-Salé-Kénitra,RAB,Salé,Rural,Primaire,Année 3,Masculin,8,Handicap,< 1 km,< 2000 MAD,2,0,0
AB401931,2018-2019,Rabat-Salé-Kénitra,RAB,Sidi Slimane,Rural,Qualifiant,Année 3,Féminin,17,Mariage précoce,< 1 km,4000-7000 MAD,1,1,0
AB401932,2022-2023,Rabat-Salé-Kénitra,RAB,Sidi Slimane,Rural,Qualifiant,Année 3,Féminin,17,Handicap,1–5 km,2000-4000 MAD,4,0,0
AB401933,2017-2018,Souss-Massa,SOU,Taroudannt,Rural,Collégial,Année 1,Masculin,15,Mariage précoce,1–5 km,4000-7000 MAD,5,1,0
AB401934,2023-2024,Béni Mellal-Khénifra,BMK,Béni Mellal,Rural,Primaire,Année 3,Masculin,8,Travail enfant,> 15 km,2000-4000 MAD,4,1,0
AB401935,2021-2022,Tanger-Tétouan-Al Hoceïma,TAN,Tanger-Assilah,Urbain,Primaire,Année 1,Féminin,7,Difficultés économiques,5–15 km,< 2000 MAD,7,0,1
AB401936,2020-2021,Béni Mellal-Khénifra,BMK,Azilal,Rural,Primaire,Année 3,Féminin,12,Travail enfant,< 1 km,> 7000 MAD,5,1,0
AB401937,2017-2018,Fès-Meknès,FES,Fès,Urbain,Collégial,Année 1,Masculin,14,Difficultés économiques,> 15 km,4000-7000 MAD,3,1,0
AB401938,2019-2020,Marrakech-Safi,MAR,Youssoufia,Urbain,Primaire,Année 6,Féminin,9,Éloignement de l'établissement,< 1 km,2000-4000 MAD,6,1,0
AB401939,2016-2017,Fès-Meknès,FES,Boulemane,Rural,Collégial,Année 3,Féminin,15,Difficultés économiques,< 1 km,> 7000 MAD,4,0,0
AB401940,2021-2022,Tanger-Tétouan-Al Hoceïma,TAN,Ouazzane,Rural,Collégial,Année 1,Masculin,13,Grossesse,1–5 km,2000-4000 MAD,2,1,0
AB401941,2019-2020,Rabat-Salé-Kénitra,RAB,Sidi Kacem,Urbain,Primaire,Année 3,Masculin,12,Éloignement de l'établissement,< 1 km,2000-4000 MAD,1,1,0
AB401942,2019-2020,Casablanca-Settat,CAS,Casablanca,Rural,Primaire,Année 4,Masculin,9,Travail enfant,5–15 km,2000-4000 MAD,7,0,1
AB401943,2015-2016,Casablanca-Settat,CAS,Benslimane,Urbain,Qualifiant,Année 2,Masculin,18,Difficultés scolaires,5–15 km,2000-4000 MAD,8,0,1
AB401944,2019-2020,Marrakech-Safi,MAR,Essaouira,Rural,Primaire,Année 4,Masculin,11,Difficultés scolaires,5–15 km,< 2000 MAD,5,1,1
AB401945,2017-2018,Casablanca-Settat,CAS,Benslimane,Rural,Primaire,Année 5,Masculin,8,Handicap,1–5 km,2000-4000 MAD,1,0,0
AB401946,2017-2018,Rabat-Salé-Kénitra,RAB,Khémisset,Urbain,Primaire,Année 3,Masculin,12,Difficultés économiques,5–15 km,2000-4000 MAD,5,1,0
AB401947,2018-2019,Fès-Meknès,FES,Boulemane,Urbain,Qualifiant,Année 3,Masculin,18,Difficultés scolaires,5–15 km,> 7000 MAD,2,0,0
AB401948,2015-2016,Fès-Meknès,FES,Ifrane,Urbain,Primaire,Année 4,Masculin,8,Manque d'infrastructures,1–5 km,< 2000 MAD,8,1,0
AB401949,2019-2020,Marrakech-Safi,MAR,Marrakech,Urbain,Qualifiant,Année 2,Masculin,16,Grossesse,1–5 km,2000-4000 MAD,3,0,0
AB401950,2023-2024,Oriental,ORI,Driouch,Rural,Primaire,Année 2,Masculin,10,Éloignement de l'établissement,> 15 km,4000-7000 MAD,2,0,0
AB401951,2018-2019,Casablanca-Settat,CAS,Casablanca,Urbain,Qualifiant,Année 2,Féminin,18,Manque d'infrastructures,1–5 km,2000-4000 MAD,5,1,0
AB401952,2022-2023,Fès-Meknès,FES,Taounate,Urbain,Primaire,Année 2,Féminin,9,Mariage précoce,< 1 km,2000-4000 MAD,4,1,0
AB401953,2018-2019,Rabat-Salé-Kénitra,RAB,Salé,Rural,Primaire,Année 6,Féminin,9,Manque d'infrastructures,1–5 km,2000-4000 MAD,1,1,1
AB401954,2018-2019,Casablanca-Settat,CAS,Berrechid,Rural,Collégial,Année 3,Masculin,13,Difficultés économiques,< 1 km,< 2000 MAD,1,0,1
AB401955,2023-2024,Marrakech-Safi,MAR,Al Haouz,Rural,Qualifiant,Année 3,Masculin,17,Éloignement de l'établissement,< 1 km,4000-7000 MAD,2,1,0
AB401956,2020-2021,Casablanca-Settat,CAS,Berrechid,Urbain,Collégial,Année 1,Masculin,13,Éloignement de l'établissement,1–5 km,2000-4000 MAD,2,0,0
AB401957,2019-2020,Fès-Meknès,FES,Ifrane,Rural,Collégial,Année 2,Féminin,13,Grossesse,< 1 km,2000-4000 MAD,7,1,0
AB401958,2018-2019,Béni Mellal-Khénifra,BMK,Azilal,Rural,Qualifiant,Année 1,Masculin,17,Difficultés économiques,> 15 km,2000-4000 MAD,2,1,0
AB401959,2022-2023,Marrakech-Safi,MAR,Chichaoua,Rural,Qualifiant,Année 1,Féminin,17,Travail enfant,> 15 km,2000-4000 MAD,8,0,0
AB401960,2019-2020,Casablanca-Settat,CAS,Berrechid,Urbain,Collégial,Année 3,Masculin,14,Travail enfant,1–5 km,> 7000 MAD,1,0,1
AB401961,2020-2021,Souss-Massa,SOU,Tiznit,Rural,Collégial,Année 3,Féminin,15,Éloignement de l'établissement,1–5 km,< 2000 MAD,7,1,0
AB401962,2023-2024,Tanger-Tétouan-Al Hoceïma,TAN,Ouazzane,Rural,Primaire,Année 4,Masculin,7,Éloignement de l'établissement,> 15 km,< 2000 MAD,5,0,0
AB401963,2023-2024,Souss-Massa,SOU,Taroudannt,Urbain,Collégial,Année 3,Masculin,14,Éloignement de l'établissement,5–15 km,2000-4000 MAD,2,1,0
AB401964,2021-2022,Marrakech-Safi,MAR,Essaouira,Rural,Primaire,Année 3,Masculin,9,Autre,> 15 km,4000-7000 MAD,3,1,0
AB401965,2021-2022,Marrakech-Safi,MAR,Safi,Rural,Collégial,Année 1,Féminin,15,Manque d'infrastructures,< 1 km,2000-4000 MAD,6,1,0
AB401966,2023-2024,Fès-Meknès,FES,Taza,Rural,Collégial,Année 2,Féminin,14,Éloignement de l'établissement,< 1 km,> 7000 MAD,1,1,0
AB401967,2016-2017,Rabat-Salé-Kénitra,RAB,Kénitra,Rural,Primaire,Année 1,Masculin,12,Travail enfant,< 1 km,< 2000 MAD,6,0,0
AB401968,2023-2024,Casablanca-Settat,CAS,Casablanca,Urbain,Primaire,Année 6,Féminin,9,Travail enfant,> 15 km,4000-7000 MAD,1,1,0
AB401969,2023-2024,Casablanca-Settat,CAS,Sidi Bennour,Rural,Collégial,Année 1,Féminin,15,Difficultés économiques,5–15 km,4000-7000 MAD,1,0,0
AB401970,2019-2020,Marrakech-Safi,MAR,Youssoufia,Rural,Collégial,Année 2,Féminin,13,Éloignement de l'établissement,1–5 km,4000-7000 MAD,2,0,0
AB401971,2016-2017,Marrakech-Safi,MAR,El Kelaa des Sraghna,Urbain,Qualifiant,Année 2,Féminin,16,Manque d'infrastructures,1–5 km,4000-7000 MAD,3,1,0
AB401972,2019-2020,Tanger-Tétouan-Al Hoceïma,TAN,Larache,Rural,Qualifiant,Année 1,Féminin,18,Difficultés scolaires,1–5 km,2000-4000 MAD,2,0,1
AB401973,2022-2023,Marrakech-Safi,MAR,Youssoufia,Rural,Primaire,Année 1,Masculin,8,Difficultés économiques,5–15 km,< 2000 MAD,4,1,0
AB401974,2017-2018,Drâa-Tafilalet,DRA,Zagora,Rural,Collégial,Année 2,Féminin,14,Travail enfant,> 15 km,2000-4000 MAD,1,1,1
AB401975,2015-2016,Marrakech-Safi,MAR,Chichaoua,Rural,Collégial,Année 1,Masculin,15,Mariage précoce,5–15 km,< 2000 MAD,8,0,0
AB401976,2020-2021,Casablanca-Settat,CAS,Khouribga,Urbain,Collégial,Année 3,Masculin,15,Éloignement de l'établissement,1–5 km,4000-7000 MAD,7,0,0
AB401977,2018-2019,Rabat-Salé-Kénitra,RAB,Skhirate-Témara,Rural,Qualifiant,Année 2,Masculin,17,Grossesse,5–15 km,> 7000 MAD,2,1,1
AB401978,2023-2024,Tanger-Tétouan-Al Hoceïma,TAN,Al Hoceïma,Rural,Qualifiant,Année 3,Féminin,16,Difficultés économiques,< 1 km,< 2000 MAD,4,0,0
AB401979,2020-2021,Oriental,ORI,Guercif,Rural,Qualifiant,Année 3,Masculin,17,Difficultés scolaires,1–5 km,> 7000 MAD,3,0,0
AB401980,2022-2023,Casablanca-Settat,CAS,Sidi Bennour,Urbain,Primaire,Année 3,Féminin,8,Travail enfant,1–5 km,2000-4000 MAD,1,1,0
AB401981,2019-2020,Casablanca-Settat,CAS,Benslimane,Rural,Primaire,Année 1,Masculin,8,Travail enfant,1–5 km,2000-4000 MAD,7,1,0
AB401982,2019-2020,Souss-Massa,SOU,Chtouka-Ait Baha,Rural,Primaire,Année 5,Féminin,11,Autre,1–5 km,< 2000 MAD,3,1,0
AB401983,2021-2022,Tanger-Tétouan-Al Hoceïma,TAN,Larache,Rural,Qualifiant,Année 2,Féminin,17,Mariage précoce,< 1 km,> 7000 MAD,5,0,1
AB401984,2018-2019,Souss-Massa,SOU,Agadir-Ida-Ou-Tanane,Rural,Collégial,Année 3,Masculin,14,Éloignement de l'établissement,1–5 km,4000-7000 MAD,3,1,0
AB401985,2020-2021,Tanger-Tétouan-Al Hoceïma,TAN,Al Hoceïma,Urbain,Qualifiant,Année 2,Masculin,16,Difficultés scolaires,1–5 km,2000-4000 MAD,3,0,0
AB401986,2021-2022,Oriental,ORI,Berkane,Urbain,Qualifiant,Année 3,Masculin,16,Travail enfant,5–15 km,4000-7000 MAD,1,1,0
AB401987,2019-2020,Oriental,ORI,Driouch,Rural,Qualifiant,Année 3,Féminin,18,Difficultés économiques,< 1 km,< 2000 MAD,3,1,0
AB401988,2015-2016,Casablanca-Settat,CAS,Berrechid,Urbain,Collégial,Année 2,Masculin,14,Mariage précoce,< 1 km,2000-4000 MAD,7,1,0
AB401989,2021-2022,Casablanca-Settat,CAS,Sidi Bennour,Urbain,Collégial,Année 2,Masculin,14,Difficultés économiques,< 1 km,> 7000 MAD,7,1,1
AB401990,2022-2023,Marrakech-Safi,MAR,Chichaoua,Urbain,Collégial,Année 1,Féminin,14,Travail enfant,< 1 km,< 2000 MAD,4,0,1
AB401991,2020-2021,Casablanca-Settat,CAS,Khouribga,Rural,Collégial,Année 2,Féminin,15,Difficultés scolaires,1–5 km,4000-7000 MAD,1,1,1
AB401992,2016-2017,Béni Mellal-Khénifra,BMK,Béni Mellal,Urbain,Qualifiant,Année 2,Masculin,17,Grossesse,5–15 km,< 2000 MAD,2,1,1
AB401993,2019-2020,Marrakech-Safi,MAR,Youssoufia,Rural,Primaire,Année 3,Masculin,9,Travail enfant,< 1 km,2000-4000 MAD,6,0,0
AB401994,2016-2017,Casablanca-Settat,CAS,Casablanca,Rural,Primaire,Année 3,Féminin,9,Éloignement de l'établissement,1–5 km,2000-4000 MAD,7,1,1
AB401995,2023-2024,Casablanca-Settat,CAS,Settat,Urbain,Primaire,Année 3,Masculin,11,Difficultés scolaires,1–5 km,< 2000 MAD,8,1,0
AB401996,2023-2024,Casablanca-Settat,CAS,Berrechid,Urbain,Collégial,Année 2,Masculin,14,Difficultés économiques,< 1 km,< 2000 MAD,1,1,1
AB401997,2021-2022,Béni Mellal-Khénifra,BMK,Fquih Ben Salah,Rural,Qualifiant,Année 1,Féminin,17,Grossesse,< 1 km,> 7000 MAD,8,0,0
AB401998,2022-2023,Casablanca-Settat,CAS,El Jadida,Rural,Collégial,Année 1,Masculin,13,Autre,< 1 km,2000-4000 MAD,8,1,1
AB401999,2022-2023,Casablanca-Settat,CAS,El Jadida,Rural,Qualifiant,Année 3,Féminin,17,Difficultés scolaires,< 1 km,2000-4000 MAD,5,1,1
AB402000,2023-2024,Laâyoune-Sakia El Hamra,LAA,Laâyoune,Rural,Collégial,Année 3,Féminin,14,Travail enfant,5–15 km,2000-4000 MAD,8,1,0
AB402001,2020-2021,Souss-Massa,SOU,Inezgane-Ait Melloul,Urbain,Collégial,Année 3,Masculin,14,Mariage précoce,5–15 km,4000-7000 MAD,7,1,1
AB402002,2019-2020,Casablanca-Settat,CAS,Benslimane,Urbain,Qualifiant,Année 1,Masculin,18,Grossesse,< 1 km,< 2000 MAD,6,1,1
AB402003,2019-2020,Fès-Meknès,FES,Ifrane,Rural,Qualifiant,Année 3,Masculin,16,Mariage précoce,1–5 km,2000-4000 MAD,1,1,0
AB402004,2021-2022,Rabat-Salé-Kénitra,RAB,Skhirate-Témara,Rural,Primaire,Année 3,Masculin,11,Difficultés économiques,< 1 km,4000-7000 MAD,7,1,1
AB402005,2018-2019,Souss-Massa,SOU,Tiznit,Rural,Qualifiant,Année 3,Féminin,18,Handicap,1–5 km,4000-7000 MAD,7,0,0
AB402006,2023-2024,Tanger-Tétouan-Al Hoceïma,TAN,Fahs-Anjra,Rural,Qualifiant,Année 3,Masculin,16,Manque d'infrastructures,> 15 km,> 7000 MAD,4,0,0
AB402007,2015-2016,Marrakech-Safi,MAR,Marrakech,Rural,Primaire,Année 3,Masculin,9,Difficultés économiques,1–5 km,4000-7000 MAD,3,0,1
AB402008,2023-2024,Rabat-Salé-Kénitra,RAB,Salé,Urbain,Primaire,Année 2,Masculin,8,Difficultés économiques,< 1 km,2000-4000 MAD,1,1,0
AB402009,2015-2016,Oriental,ORI,Nador,Rural,Primaire,Année 2,Féminin,9,Éloignement de l'établissement,5–15 km,4000-7000 MAD,6,1,0
AB402010,2015-2016,Fès-Meknès,FES,Taza,Urbain,Primaire,Année 3,Masculin,7,Travail enfant,> 15 km,> 7000 MAD,4,1,0
AB402011,2017-2018,Rabat-Salé-Kénitra,RAB,Sidi Slimane,Rural,Collégial,Année 2,Masculin,14,Difficultés économiques,1–5 km,2000-4000 MAD,8,1,1
AB402012,2023-2024,Béni Mellal-Khénifra,BMK,Fquih Ben Salah,Rural,Primaire,Année 5,Masculin,11,Travail enfant,1–5 km,2000-4000 MAD,2,0,1
AB402013,2023-2024,Souss-Massa,SOU,Chtouka-Ait Baha,Rural,Collégial,Année 3,Masculin,14,Autre,5–15 km,2000-4000 MAD,3,0,1
AB402014,2018-2019,Dakhla-Oued Eddahab,DAK,Dakhla,Rural,Primaire,Année 5,Masculin,12,Difficultés économiques,1–5 km,2000-4000 MAD,2,1,0
AB402015,2022-2023,Béni Mellal-Khénifra,BMK,Fquih Ben Salah,Urbain,Qualifiant,Année 2,Masculin,17,Autre,5–15 km,> 7000 MAD,6,1,0
AB402016,2015-2016,Souss-Massa,SOU,Taroudannt,Urbain,Primaire,Année 4,Féminin,9,Éloignement de l'établissement,1–5 km,< 2000 MAD,3,1,0
AB402017,2019-2020,Rabat-Salé-Kénitra,RAB,Salé,Urbain,Collégial,Année 2,Masculin,14,Éloignement de l'établissement,1–5 km,> 7000 MAD,5,0,1
AB402018,2019-2020,Casablanca-Settat,CAS,Settat,Rural,Primaire,Année 1,Masculin,11,Éloignement de l'établissement,> 15 km,< 2000 MAD,2,0,0
AB402019,2015-2016,Fès-Meknès,FES,Fès,Rural,Collégial,Année 1,Féminin,13,Travail enfant,> 15 km,< 2000 MAD,1,1,0
AB402020,2022-2023,Dakhla-Oued Eddahab,DAK,Dakhla,Urbain,Collégial,Année 3,Féminin,14,Grossesse,< 1 km,2000-4000 MAD,5,1,1
AB402021,2020-2021,Marrakech-Safi,MAR,Chichaoua,Rural,Collégial,Année 3,Féminin,14,Mariage précoce,1–5 km,2000-4000 MAD,5,1,0
AB402022,2018-2019,Tanger-Tétouan-Al Hoceïma,TAN,Larache,Rural,Primaire,Année 4,Masculin,8,Difficultés économiques,1–5 km,< 2000 MAD,3,0,0
AB402023,2016-2017,Drâa-Tafilalet,DRA,Errachidia,Rural,Collégial,Année 3,Masculin,13,Difficultés économiques,1–5 km,< 2000 MAD,5,0,0
AB402024,2018-2019,Guelmim-Oued Noun,GUE,Sidi Ifni,Urbain,Primaire,Année 3,Masculin,8,Éloignement de l'établissement,5–15 km,< 2000 MAD,6,1,0
AB402025,2021-2022,Rabat-Salé-Kénitra,RAB,Salé,Rural,Collégial,Année 2,Féminin,15,Difficultés économiques,5–15 km,4000-7000 MAD,4,1,0
AB402026,2016-2017,Casablanca-Settat,CAS,Khouribga,Urbain,Primaire,Année 4,Féminin,11,Éloignement de l'établissement,< 1 km,> 7000 MAD,6,0,1
AB402027,2016-2017,Rabat-Salé-Kénitra,RAB,Rabat,Rural,Collégial,Année 3,Féminin,14,Travail enfant,5–15 km,< 2000 MAD,1,0,0
AB402028,2021-2022,Souss-Massa,SOU,Taroudannt,Rural,Collégial,Année 1,Féminin,15,Difficultés économiques,5–15 km,2000-4000 MAD,1,1,0
AB402029,2017-2018,Casablanca-Settat,CAS,Khouribga,Rural,Collégial,Année 3,Féminin,14,Difficultés économiques,1–5 km,2000-4000 MAD,5,0,0
AB402030,2018-2019,Casablanca-Settat,CAS,El Jadida,Urbain,Qualifiant,Année 2,Féminin,18,Grossesse,1–5 km,2000-4000 MAD,5,1,0
AB402031,2022-2023,Tanger-Tétouan-Al Hoceïma,TAN,Al Hoceïma,Urbain,Qualifiant,Année 1,Féminin,17,Manque d'infrastructures,1–5 km,< 2000 MAD,1,1,1
AB402032,2019-2020,Casablanca-Settat,CAS,Berrechid,Rural,Primaire,Année 6,Féminin,10,Difficultés économiques,< 1 km,< 2000 MAD,5,0,1
AB402033,2016-2017,Casablanca-Settat,CAS,Sidi Bennour,Rural,Collégial,Année 3,Masculin,14,Travail enfant,1–5 km,2000-4000 MAD,3,1,0
AB402034,2019-2020,Marrakech-Safi,MAR,Chichaoua,Rural,Primaire,Année 3,Masculin,11,Difficultés scolaires,1–5 km,2000-4000 MAD,1,1,0
AB402035,2015-2016,Casablanca-Settat,CAS,Sidi Bennour,Urbain,Primaire,Année 5,Masculin,11,Difficultés scolaires,> 15 km,2000-4000 MAD,8,1,0
AB402036,2017-2018,Béni Mellal-Khénifra,BMK,Fquih Ben Salah,Urbain,Collégial,Année 1,Féminin,15,Difficultés scolaires,< 1 km,< 2000 MAD,2,1,0
AB402037,2018-2019,Guelmim-Oued Noun,GUE,Guelmim,Urbain,Primaire,Année 3,Masculin,9,Éloignement de l'établissement,> 15 km,< 2000 MAD,8,1,0
AB402038,2022-2023,Casablanca-Settat,CAS,El Jadida,Rural,Qualifiant,Année 1,Masculin,18,Éloignement de l'établissement,1–5 km,4000-7000 MAD,2,1,1
AB402039,2023-2024,Casablanca-Settat,CAS,Khouribga,Rural,Collégial,Année 3,Masculin,15,Travail enfant,5–15 km,> 7000 MAD,7,1,1
AB402040,2021-2022,Souss-Massa,SOU,Tata,Urbain,Qualifiant,Année 2,Masculin,17,Difficultés économiques,1–5 km,< 2000 MAD,4,0,0
AB402041,2022-2023,Marrakech-Safi,MAR,Al Haouz,Rural,Qualifiant,Année 1,Féminin,18,Difficultés économiques,< 1 km,2000-4000 MAD,4,1,1
AB402042,2021-2022,Oriental,ORI,Taourirt,Rural,Primaire,Année 5,Féminin,11,Mariage précoce,5–15 km,2000-4000 MAD,3,1,1
AB402043,2018-2019,Drâa-Tafilalet,DRA,Midelt,Rural,Primaire,Année 5,Masculin,11,Difficultés économiques,1–5 km,4000-7000 MAD,3,1,0
AB402044,2021-2022,Rabat-Salé-Kénitra,RAB,Khémisset,Rural,Collégial,Année 2,Masculin,13,Difficultés scolaires,< 1 km,2000-4000 MAD,1,1,0
AB402045,2016-2017,Fès-Meknès,FES,Fès,Rural,Qualifiant,Année 3,Féminin,18,Éloignement de l'établissement,< 1 km,2000-4000 MAD,1,0,1
AB402046,2022-2023,Casablanca-Settat,CAS,Casablanca,Urbain,Collégial,Année 2,Féminin,13,Difficultés économiques,1–5 km,> 7000 MAD,4,1,0
AB402047,2021-2022,Béni Mellal-Khénifra,BMK,Fquih Ben Salah,Rural,Collégial,Année 2,Féminin,14,Difficultés scolaires,< 1 km,4000-7000 MAD,6,0,0
AB402048,2021-2022,Tanger-Tétouan-Al Hoceïma,TAN,Fahs-Anjra,Rural,Qualifiant,Année 3,Masculin,18,Difficultés scolaires,5–15 km,< 2000 MAD,1,1,1
AB402049,2022-2023,Fès-Meknès,FES,Taza,Rural,Qualifiant,Année 3,Féminin,16,Travail enfant,1–5 km,4000-7000 MAD,7,0,1
AB402050,2021-2022,Fès-Meknès,FES,Taza,Urbain,Qualifiant,Année 1,Masculin,18,Éloignement de l'établissement,> 15 km,4000-7000 MAD,2,0,0
AB402051,2019-2020,Casablanca-Settat,CAS,Settat,Urbain,Collégial,Année 3,Féminin,14,Difficultés économiques,5–15 km,4000-7000 MAD,7,0,0
AB402052,2022-2023,Béni Mellal-Khénifra,BMK,Khouribga,Rural,Collégial,Année 3,Féminin,14,Difficultés économiques,< 1 km,2000-4000 MAD,5,0,0
AB402053,2018-2019,Casablanca-Settat,CAS,El Jadida,Urbain,Primaire,Année 2,Féminin,9,Éloignement de l'établissement,< 1 km,2000-4000 MAD,6,1,0
AB402054,2022-2023,Marrakech-Safi,MAR,Chichaoua,Rural,Qualifiant,Année 1,Féminin,16,Handicap,> 15 km,4000-7000 MAD,7,1,0
AB402055,2022-2023,Casablanca-Settat,CAS,Benslimane,Rural,Collégial,Année 1,Féminin,14,Difficultés scolaires,< 1 km,< 2000 MAD,4,0,0
AB402056,2019-2020,Souss-Massa,SOU,Inezgane-Ait Melloul,Rural,Collégial,Année 1,Masculin,13,Éloignement de l'établissement,5–15 km,2000-4000 MAD,5,0,0
AB402057,2017-2018,Casablanca-Settat,CAS,Settat,Urbain,Collégial,Année 2,Masculin,13,Grossesse,> 15 km,2000-4000 MAD,3,1,0
AB402058,2017-2018,Souss-Massa,SOU,Chtouka-Ait Baha,Rural,Primaire,Année 4,Féminin,11,Éloignement de l'établissement,< 1 km,2000-4000 MAD,7,0,0
AB402059,2015-2016,Fès-Meknès,FES,Ifrane,Urbain,Collégial,Année 1,Masculin,14,Difficultés économiques,> 15 km,4000-7000 MAD,1,1,1
AB402060,2022-2023,Casablanca-Settat,CAS,El Jadida,Urbain,Primaire,Année 1,Féminin,8,Mariage précoce,5–15 km,< 2000 MAD,6,0,0
AB402061,2023-2024,Tanger-Tétouan-Al Hoceïma,TAN,Chefchaouen,Rural,Collégial,Année 1,Masculin,14,Difficultés scolaires,1–5 km,< 2000 MAD,5,1,0
AB402062,2022-2023,Tanger-Tétouan-Al Hoceïma,TAN,Mdiq-Fnideq,Urbain,Collégial,Année 3,Féminin,13,Difficultés scolaires,< 1 km,> 7000 MAD,1,0,0
AB402063,2019-2020,Rabat-Salé-Kénitra,RAB,Salé,Rural,Qualifiant,Année 3,Féminin,17,Difficultés économiques,5–15 km,< 2000 MAD,6,0,0
AB402064,2018-2019,Casablanca-Settat,CAS,Settat,Rural,Primaire,Année 6,Féminin,11,Éloignement de l'établissement,1–5 km,4000-7000 MAD,6,1,1
AB402065,2021-2022,Fès-Meknès,FES,Moulay Yacoub,Rural,Primaire,Année 6,Féminin,9,Travail enfant,5–15 km,2000-4000 MAD,8,1,0
AB402066,2019-2020,Rabat-Salé-Kénitra,RAB,Salé,Rural,Qualifiant,Année 3,Féminin,18,Mariage précoce,< 1 km,2000-4000 MAD,6,1,1
AB402067,2022-2023,Casablanca-Settat,CAS,Settat,Urbain,Qualifiant,Année 3,Féminin,16,Difficultés scolaires,1–5 km,4000-7000 MAD,5,0,0
AB402068,2015-2016,Souss-Massa,SOU,Taroudannt,Rural,Qualifiant,Année 2,Masculin,17,Difficultés économiques,1–5 km,> 7000 MAD,1,0,0
AB402069,2018-2019,Guelmim-Oued Noun,GUE,Assa-Zag,Rural,Primaire,Année 4,Féminin,9,Éloignement de l'établissement,5–15 km,2000-4000 MAD,5,1,0
AB402070,2018-2019,Oriental,ORI,Nador,Rural,Primaire,Année 4,Féminin,12,Difficultés économiques,< 1 km,4000-7000 MAD,7,1,1
AB402071,2015-2016,Rabat-Salé-Kénitra,RAB,Kénitra,Rural,Primaire,Année 4,Masculin,7,Éloignement de l'établissement,5–15 km,2000-4000 MAD,6,0,0
AB402072,2021-2022,Tanger-Tétouan-Al Hoceïma,TAN,Fahs-Anjra,Rural,Qualifiant,Année 2,Masculin,17,Mariage précoce,< 1 km,< 2000 MAD,1,0,0
AB402073,2018-2019,Rabat-Salé-Kénitra,RAB,Rabat,Urbain,Collégial,Année 3,Masculin,13,Difficultés scolaires,< 1 km,4000-7000 MAD,1,1,1
AB402074,2015-2016,Casablanca-Settat,CAS,Casablanca,Rural,Primaire,Année 3,Masculin,9,Travail enfant,1–5 km,2000-4000 MAD,4,0,0
AB402075,2023-2024,Oriental,ORI,Taourirt,Urbain,Qualifiant,Année 1,Masculin,17,Mariage précoce,< 1 km,2000-4000 MAD,4,1,0
AB402076,2017-2018,Casablanca-Settat,CAS,Settat,Rural,Primaire,Année 2,Féminin,12,Autre,1–5 km,< 2000 MAD,6,0,0
AB402077,2018-2019,Dakhla-Oued Eddahab,DAK,Aousserd,Urbain,Collégial,Année 3,Féminin,14,Manque d'infrastructures,5–15 km,2000-4000 MAD,8,1,1
AB402078,2018-2019,Rabat-Salé-Kénitra,RAB,Khémisset,Rural,Primaire,Année 6,Féminin,7,Travail enfant,1–5 km,2000-4000 MAD,7,0,1
AB402079,2017-2018,Rabat-Salé-Kénitra,RAB,Khémisset,Urbain,Collégial,Année 1,Masculin,14,Grossesse,< 1 km,2000-4000 MAD,2,0,0
AB402080,2020-2021,Tanger-Tétouan-Al Hoceïma,TAN,Tanger-Assilah,Rural,Primaire,Année 3,Masculin,9,Difficultés scolaires,< 1 km,2000-4000 MAD,5,1,0
AB402081,2023-2024,Tanger-Tétouan-Al Hoceïma,TAN,Tanger-Assilah,Urbain,Collégial,Année 3,Féminin,13,Autre,< 1 km,4000-7000 MAD,5,1,0
AB402082,2018-2019,Fès-Meknès,FES,Taounate,Urbain,Primaire,Année 2,Masculin,9,Travail enfant,5–15 km,2000-4000 MAD,5,1,0
AB402083,2021-2022,Fès-Meknès,FES,Séfrou,Rural,Primaire,Année 4,Masculin,12,Manque d'infrastructures,> 15 km,< 2000 MAD,3,1,0
AB402084,2017-2018,Fès-Meknès,FES,Ifrane,Rural,Collégial,Année 2,Masculin,13,Grossesse,1–5 km,> 7000 MAD,7,1,0
AB402085,2016-2017,Rabat-Salé-Kénitra,RAB,Sidi Slimane,Rural,Qualifiant,Année 3,Masculin,17,Grossesse,5–15 km,2000-4000 MAD,1,1,1
AB402086,2021-2022,Oriental,ORI,Taourirt,Rural,Collégial,Année 1,Féminin,14,Manque d'infrastructures,< 1 km,> 7000 MAD,8,0,1
AB402087,2016-2017,Marrakech-Safi,MAR,El Kelaa des Sraghna,Rural,Collégial,Année 1,Féminin,13,Difficultés économiques,> 15 km,< 2000 MAD,6,1,0
AB402088,2015-2016,Fès-Meknès,FES,Fès,Rural,Qualifiant,Année 2,Féminin,18,Mariage précoce,> 15 km,2000-4000 MAD,1,1,1
AB402089,2019-2020,Marrakech-Safi,MAR,Safi,Urbain,Qualifiant,Année 1,Masculin,16,Handicap,< 1 km,< 2000 MAD,8,0,0
AB402090,2017-2018,Fès-Meknès,FES,Moulay Yacoub,Urbain,Collégial,Année 1,Masculin,14,Manque d'infrastructures,5–15 km,2000-4000 MAD,1,0,1
AB402091,2021-2022,Souss-Massa,SOU,Agadir-Ida-Ou-Tanane,Rural,Primaire,Année 3,Féminin,12,Mariage précoce,5–15 km,> 7000 MAD,2,0,0
AB402092,2023-2024,Rabat-Salé-Kénitra,RAB,Kénitra,Rural,Qualifiant,Année 2,Masculin,18,Mariage précoce,1–5 km,< 2000 MAD,2,0,0
AB402093,2015-2016,Fès-Meknès,FES,Boulemane,Rural,Primaire,Année 1,Masculin,9,Éloignement de l'établissement,1–5 km,2000-4000 MAD,7,0,1
AB402094,2020-2021,Guelmim-Oued Noun,GUE,Assa-Zag,Rural,Primaire,Année 4,Féminin,9,Difficultés économiques,< 1 km,> 7000 MAD,1,1,0
AB402095,2019-2020,Tanger-Tétouan-Al Hoceïma,TAN,Fahs-Anjra,Rural,Primaire,Année 2,Masculin,8,Manque d'infrastructures,1–5 km,2000-4000 MAD,2,0,1
AB402096,2021-2022,Marrakech-Safi,MAR,Youssoufia,Urbain,Qualifiant,Année 1,Masculin,16,Mariage précoce,> 15 km,> 7000 MAD,2,1,0
AB402097,2020-2021,Fès-Meknès,FES,Boulemane,Urbain,Qualifiant,Année 2,Masculin,16,Difficultés économiques,1–5 km,2000-4000 MAD,1,1,0
AB402098,2021-2022,Fès-Meknès,FES,Meknès,Urbain,Primaire,Année 6,Masculin,7,Travail enfant,1–5 km,> 7000 MAD,8,1,1
AB402099,2015-2016,Béni Mellal-Khénifra,BMK,El Kelaa des Sraghna,Rural,Qualifiant,Année 1,Féminin,16,Manque d'infrastructures,< 1 km,2000-4000 MAD,2,1,0
AB402100,2017-2018,Oriental,ORI,Taourirt,Rural,Qualifiant,Année 1,Féminin,17,Travail enfant,< 1 km,2000-4000 MAD,3,1,0
AB402101,2019-2020,Souss-Massa,SOU,Tiznit,Rural,Collégial,Année 3,Féminin,15,Difficultés économiques,< 1 km,4000-7000 MAD,2,0,1
AB402102,2019-2020,Casablanca-Settat,CAS,Berrechid,Rural,Collégial,Année 2,Masculin,13,Difficultés scolaires,< 1 km,2000-4000 MAD,4,0,0
AB402103,2023-2024,Rabat-Salé-Kénitra,RAB,Kénitra,Rural,Qualifiant,Année 3,Féminin,16,Manque d'infrastructures,> 15 km,> 7000 MAD,7,0,0
AB402104,2015-2016,Casablanca-Settat,CAS,Benslimane,Rural,Collégial,Année 3,Masculin,14,Éloignement de l'établissement,1–5 km,> 7000 MAD,8,1,1
AB402105,2022-2023,Béni Mellal-Khénifra,BMK,Béni Mellal,Rural,Qualifiant,Année 1,Masculin,17,Difficultés économiques,5–15 km,2000-4000 MAD,7,1,0
AB402106,2017-2018,Fès-Meknès,FES,Ifrane,Urbain,Primaire,Année 4,Féminin,8,Travail enfant,1–5 km,> 7000 MAD,1,1,0
AB402107,2020-2021,Fès-Meknès,FES,El Hajeb,Rural,Primaire,Année 4,Féminin,9,Travail enfant,1–5 km,2000-4000 MAD,5,0,1
AB402108,2015-2016,Rabat-Salé-Kénitra,RAB,Sidi Slimane,Urbain,Collégial,Année 3,Féminin,15,Grossesse,5–15 km,2000-4000 MAD,1,0,1
AB402109,2017-2018,Marrakech-Safi,MAR,Chichaoua,Rural,Qualifiant,Année 2,Masculin,16,Autre,1–5 km,< 2000 MAD,2,0,0
AB402110,2022-2023,Souss-Massa,SOU,Tiznit,Rural,Collégial,Année 1,Masculin,14,Difficultés scolaires,1–5 km,2000-4000 MAD,1,0,0
AB402111,2017-2018,Marrakech-Safi,MAR,Essaouira,Urbain,Primaire,Année 5,Féminin,11,Travail enfant,< 1 km,4000-7000 MAD,6,1,0
AB402112,2019-2020,Fès-Meknès,FES,Fès,Rural,Qualifiant,Année 3,Masculin,17,Mariage précoce,< 1 km,2000-4000 MAD,6,1,1
AB402113,2018-2019,Marrakech-Safi,MAR,El Kelaa des Sraghna,Rural,Collégial,Année 1,Féminin,15,Éloignement de l'établissement,< 1 km,< 2000 MAD,5,1,1
AB402114,2017-2018,Casablanca-Settat,CAS,Sidi Bennour,Rural,Collégial,Année 3,Féminin,13,Handicap,5–15 km,< 2000 MAD,1,1,0
AB402115,2020-2021,Souss-Massa,SOU,Inezgane-Ait Melloul,Urbain,Qualifiant,Année 1,Masculin,17,Mariage précoce,1–5 km,2000-4000 MAD,4,0,1
AB402116,2016-2017,Tanger-Tétouan-Al Hoceïma,TAN,Ouazzane,Urbain,Collégial,Année 3,Féminin,14,Travail enfant,< 1 km,> 7000 MAD,7,0,0
AB402117,2017-2018,Tanger-Tétouan-Al Hoceïma,TAN,Tétouan,Urbain,Primaire,Année 5,Féminin,12,Travail enfant,1–5 km,4000-7000 MAD,3,1,0
AB402118,2015-2016,Casablanca-Settat,CAS,Khouribga,Rural,Qualifiant,Année 2,Masculin,18,Éloignement de l'établissement,1–5 km,2000-4000 MAD,4,0,1
AB402119,2016-2017,Rabat-Salé-Kénitra,RAB,Khémisset,Urbain,Qualifiant,Année 1,Masculin,17,Difficultés économiques,> 15 km,2000-4000 MAD,8,1,0
AB402120,2018-2019,Drâa-Tafilalet,DRA,Errachidia,Rural,Collégial,Année 1,Féminin,13,Difficultés scolaires,< 1 km,2000-4000 MAD,3,0,0
AB402121,2022-2023,Casablanca-Settat,CAS,Sidi Bennour,Urbain,Primaire,Année 6,Masculin,7,Travail enfant,1–5 km,4000-7000 MAD,2,1,0
AB402122,2018-2019,Fès-Meknès,FES,Taza,Urbain,Collégial,Année 3,Masculin,15,Manque d'infrastructures,< 1 km,4000-7000 MAD,6,1,1
AB402123,2017-2018,Casablanca-Settat,CAS,Benslimane,Rural,Primaire,Année 4,Féminin,7,Travail enfant,5–15 km,2000-4000 MAD,1,0,0
AB402124,2021-2022,Rabat-Salé-Kénitra,RAB,Sidi Kacem,Urbain,Collégial,Année 3,Masculin,14,Manque d'infrastructures,1–5 km,2000-4000 MAD,6,0,0
AB402125,2019-2020,Fès-Meknès,FES,Fès,Urbain,Collégial,Année 2,Féminin,13,Manque d'infrastructures,1–5 km,2000-4000 MAD,1,1,0
AB402126,2016-2017,Fès-Meknès,FES,Taza,Urbain,Collégial,Année 2,Féminin,13,Mariage précoce,< 1 km,2000-4000 MAD,5,1,0
AB402127,2020-2021,Fès-Meknès,FES,Séfrou,Urbain,Primaire,Année 3,Féminin,10,Difficultés économiques,< 1 km,< 2000 MAD,3,1,1
AB402128,2018-2019,Tanger-Tétouan-Al Hoceïma,TAN,Chefchaouen,Urbain,Qualifiant,Année 2,Féminin,18,Grossesse,1–5 km,2000-4000 MAD,5,0,0
AB402129,2023-2024,Rabat-Salé-Kénitra,RAB,Khémisset,Rural,Collégial,Année 3,Féminin,15,Travail enfant,< 1 km,4000-7000 MAD,1,1,0
AB402130,2018-2019,Rabat-Salé-Kénitra,RAB,Sidi Slimane,Rural,Collégial,Année 3,Masculin,14,Grossesse,< 1 km,< 2000 MAD,2,1,1
AB402131,2022-2023,Casablanca-Settat,CAS,Khouribga,Rural,Collégial,Année 3,Féminin,14,Difficultés économiques,1–5 km,4000-7000 MAD,5,0,0
AB402132,2015-2016,Casablanca-Settat,CAS,Berrechid,Urbain,Collégial,Année 2,Masculin,13,Handicap,5–15 km,< 2000 MAD,1,1,0
AB402133,2015-2016,Oriental,ORI,Jerada,Urbain,Collégial,Année 3,Masculin,14,Difficultés économiques,> 15 km,< 2000 MAD,2,0,0
AB402134,2021-2022,Rabat-Salé-Kénitra,RAB,Sidi Slimane,Urbain,Qualifiant,Année 2,Masculin,16,Travail enfant,5–15 km,2000-4000 MAD,4,0,1
AB402135,2020-2021,Oriental,ORI,Nador,Rural,Primaire,Année 2,Féminin,12,Difficultés scolaires,> 15 km,2000-4000 MAD,8,0,0
AB402136,2021-2022,Laâyoune-Sakia El Hamra,LAA,Laâyoune,Urbain,Qualifiant,Année 1,Masculin,16,Autre,1–5 km,< 2000 MAD,6,1,1
AB402137,2017-2018,Béni Mellal-Khénifra,BMK,Fquih Ben Salah,Rural,Qualifiant,Année 3,Féminin,18,Handicap,1–5 km,< 2000 MAD,1,0,0
AB402138,2022-2023,Marrakech-Safi,MAR,Chichaoua,Rural,Qualifiant,Année 2,Masculin,18,Mariage précoce,< 1 km,< 2000 MAD,7,0,1
AB402139,2022-2023,Fès-Meknès,FES,Taounate,Rural,Collégial,Année 3,Masculin,13,Éloignement de l'établissement,1–5 km,4000-7000 MAD,6,1,0
AB402140,2020-2021,Rabat-Salé-Kénitra,RAB,Khémisset,Rural,Collégial,Année 3,Masculin,13,Mariage précoce,1–5 km,> 7000 MAD,5,1,0
AB402141,2017-2018,Drâa-Tafilalet,DRA,Ouarzazate,Rural,Qualifiant,Année 3,Féminin,18,Mariage précoce,1–5 km,< 2000 MAD,1,1,0
AB402142,2016-2017,Tanger-Tétouan-Al Hoceïma,TAN,Ouazzane,Urbain,Primaire,Année 1,Féminin,7,Mariage précoce,1–5 km,< 2000 MAD,2,0,0
AB402143,2021-2022,Casablanca-Settat,CAS,El Jadida,Rural,Primaire,Année 3,Féminin,10,Éloignement de l'établissement,< 1 km,2000-4000 MAD,4,0,1
AB402144,2017-2018,Casablanca-Settat,CAS,Benslimane,Rural,Primaire,Année 2,Masculin,7,Travail enfant,5–15 km,2000-4000 MAD,4,1,0
AB402145,2020-2021,Tanger-Tétouan-Al Hoceïma,TAN,Larache,Rural,Collégial,Année 1,Masculin,14,Difficultés économiques,1–5 km,< 2000 MAD,8,1,1
AB402146,2017-2018,Tanger-Tétouan-Al Hoceïma,TAN,Tanger-Assilah,Rural,Collégial,Année 3,Féminin,13,Difficultés scolaires,1–5 km,4000-7000 MAD,6,1,1
AB402147,2021-2022,Souss-Massa,SOU,Chtouka-Ait Baha,Rural,Qualifiant,Année 3,Féminin,17,Mariage précoce,1–5 km,< 2000 MAD,8,0,0
AB402148,2019-2020,Marrakech-Safi,MAR,Safi,Rural,Qualifiant,Année 1,Masculin,18,Difficultés économiques,< 1 km,< 2000 MAD,6,0,1
AB402149,2015-2016,Souss-Massa,SOU,Tata,Rural,Collégial,Année 2,Masculin,13,Difficultés économiques,> 15 km,4000-7000 MAD,8,0,0
AB402150,2015-2016,Rabat-Salé-Kénitra,RAB,Salé,Rural,Primaire,Année 4,Féminin,8,Travail enfant,5–15 km,< 2000 MAD,8,1,0
AB402151,2022-2023,Rabat-Salé-Kénitra,RAB,Sidi Slimane,Rural,Qualifiant,Année 3,Féminin,16,Éloignement de l'établissement,1–5 km,2000-4000 MAD,8,0,1
AB402152,2017-2018,Oriental,ORI,Driouch,Rural,Primaire,Année 4,Masculin,12,Travail enfant,5–15 km,4000-7000 MAD,4,0,0
AB402153,2023-2024,Rabat-Salé-Kénitra,RAB,Salé,Rural,Collégial,Année 3,Féminin,13,Difficultés scolaires,1–5 km,< 2000 MAD,2,0,0
AB402154,2023-2024,Rabat-Salé-Kénitra,RAB,Sidi Slimane,Urbain,Primaire,Année 6,Masculin,10,Difficultés économiques,1–5 km,4000-7000 MAD,5,1,0
AB402155,2022-2023,Oriental,ORI,Guercif,Urbain,Collégial,Année 3,Féminin,13,Éloignement de l'établissement,< 1 km,> 7000 MAD,1,1,1
AB402156,2023-2024,Casablanca-Settat,CAS,Khouribga,Urbain,Primaire,Année 4,Féminin,12,Difficultés économiques,5–15 km,< 2000 MAD,5,1,1
AB402157,2021-2022,Oriental,ORI,Taourirt,Rural,Primaire,Année 1,Féminin,9,Handicap,5–15 km,< 2000 MAD,5,1,0
AB402158,2022-2023,Laâyoune-Sakia El Hamra,LAA,Es-Semara,Urbain,Qualifiant,Année 3,Masculin,17,Difficultés scolaires,> 15 km,2000-4000 MAD,1,0,0
AB402159,2019-2020,Casablanca-Settat,CAS,El Jadida,Rural,Qualifiant,Année 2,Masculin,17,Difficultés scolaires,1–5 km,4000-7000 MAD,1,1,0
AB402160,2023-2024,Casablanca-Settat,CAS,Settat,Urbain,Primaire,Année 4,Féminin,8,Mariage précoce,< 1 km,< 2000 MAD,5,0,0
AB402161,2015-2016,Béni Mellal-Khénifra,BMK,El Kelaa des Sraghna,Urbain,Primaire,Année 3,Féminin,9,Travail enfant,1–5 km,2000-4000 MAD,4,1,1
AB402162,2018-2019,Rabat-Salé-Kénitra,RAB,Rabat,Urbain,Collégial,Année 3,Masculin,14,Difficultés économiques,< 1 km,> 7000 MAD,2,1,1
AB402163,2020-2021,Casablanca-Settat,CAS,Settat,Rural,Collégial,Année 3,Masculin,14,Autre,1–5 km,2000-4000 MAD,1,0,0
AB402164,2020-2021,Souss-Massa,SOU,Tiznit,Urbain,Collégial,Année 2,Féminin,13,Grossesse,1–5 km,< 2000 MAD,7,0,0
AB402165,2023-2024,Tanger-Tétouan-Al Hoceïma,TAN,Ouazzane,Urbain,Collégial,Année 1,Féminin,15,Éloignement de l'établissement,5–15 km,< 2000 MAD,4,1,0
AB402166,2018-2019,Tanger-Tétouan-Al Hoceïma,TAN,Ouazzane,Urbain,Primaire,Année 3,Féminin,8,Manque d'infrastructures,< 1 km,2000-4000 MAD,6,0,1
AB402167,2023-2024,Rabat-Salé-Kénitra,RAB,Sidi Slimane,Urbain,Primaire,Année 1,Féminin,10,Travail enfant,5–15 km,> 7000 MAD,7,0,0
AB402168,2017-2018,Rabat-Salé-Kénitra,RAB,Sidi Slimane,Rural,Primaire,Année 2,Masculin,9,Difficultés scolaires,< 1 km,< 2000 MAD,5,0,1
AB402169,2017-2018,Rabat-Salé-Kénitra,RAB,Sidi Kacem,Rural,Qualifiant,Année 3,Féminin,17,Mariage précoce,5–15 km,< 2000 MAD,8,1,0
AB402170,2021-2022,Casablanca-Settat,CAS,Settat,Urbain,Collégial,Année 2,Féminin,13,Difficultés scolaires,< 1 km,2000-4000 MAD,5,0,0
AB402171,2023-2024,Casablanca-Settat,CAS,Settat,Rural,Collégial,Année 3,Masculin,15,Difficultés scolaires,5–15 km,< 2000 MAD,6,0,1
AB402172,2022-2023,Tanger-Tétouan-Al Hoceïma,TAN,Tétouan,Rural,Qualifiant,Année 1,Féminin,18,Éloignement de l'établissement,< 1 km,< 2000 MAD,1,1,1
AB402173,2015-2016,Tanger-Tétouan-Al Hoceïma,TAN,Chefchaouen,Rural,Qualifiant,Année 3,Masculin,18,Mariage précoce,> 15 km,2000-4000 MAD,3,1,1
AB402174,2016-2017,Rabat-Salé-Kénitra,RAB,Rabat,Rural,Primaire,Année 1,Féminin,12,Difficultés économiques,1–5 km,> 7000 MAD,1,0,0
AB402175,2022-2023,Marrakech-Safi,MAR,Safi,Urbain,Qualifiant,Année 1,Masculin,18,Grossesse,5–15 km,4000-7000 MAD,8,1,0
AB402176,2017-2018,Marrakech-Safi,MAR,Safi,Rural,Qualifiant,Année 3,Masculin,16,Difficultés scolaires,< 1 km,< 2000 MAD,8,0,0
AB402177,2023-2024,Casablanca-Settat,CAS,Mohammadia,Urbain,Primaire,Année 6,Féminin,9,Éloignement de l'établissement,1–5 km,2000-4000 MAD,5,1,1
AB402178,2021-2022,Casablanca-Settat,CAS,Khouribga,Rural,Primaire,Année 1,Masculin,8,Difficultés économiques,> 15 km,4000-7000 MAD,3,1,1
AB402179,2023-2024,Casablanca-Settat,CAS,Benslimane,Rural,Qualifiant,Année 2,Féminin,18,Travail enfant,> 15 km,4000-7000 MAD,4,1,0
AB402180,2016-2017,Tanger-Tétouan-Al Hoceïma,TAN,Chefchaouen,Urbain,Primaire,Année 4,Féminin,10,Difficultés économiques,< 1 km,4000-7000 MAD,1,1,0
AB402181,2021-2022,Drâa-Tafilalet,DRA,Zagora,Urbain,Primaire,Année 4,Féminin,9,Difficultés scolaires,5–15 km,2000-4000 MAD,6,1,0
AB402182,2019-2020,Casablanca-Settat,CAS,Mohammadia,Rural,Qualifiant,Année 1,Masculin,16,Travail enfant,5–15 km,2000-4000 MAD,8,1,0
AB402183,2022-2023,Tanger-Tétouan-Al Hoceïma,TAN,Tanger-Assilah,Rural,Collégial,Année 1,Masculin,13,Difficultés économiques,1–5 km,2000-4000 MAD,1,0,0
AB402184,2020-2021,Tanger-Tétouan-Al Hoceïma,TAN,Al Hoceïma,Rural,Qualifiant,Année 1,Féminin,18,Mariage précoce,> 15 km,2000-4000 MAD,8,1,1
AB402185,2019-2020,Rabat-Salé-Kénitra,RAB,Kénitra,Urbain,Collégial,Année 3,Féminin,13,Mariage précoce,5–15 km,4000-7000 MAD,5,1,0
AB402186,2020-2021,Rabat-Salé-Kénitra,RAB,Rabat,Urbain,Qualifiant,Année 3,Féminin,16,Éloignement de l'établissement,< 1 km,2000-4000 MAD,3,0,1
AB402187,2018-2019,Fès-Meknès,FES,Taza,Rural,Collégial,Année 1,Féminin,13,Difficultés économiques,< 1 km,> 7000 MAD,5,0,0
AB402188,2017-2018,Marrakech-Safi,MAR,Chichaoua,Urbain,Qualifiant,Année 1,Masculin,18,Difficultés économiques,1–5 km,2000-4000 MAD,1,0,0
AB402189,2018-2019,Rabat-Salé-Kénitra,RAB,Skhirate-Témara,Urbain,Primaire,Année 4,Masculin,8,Difficultés économiques,< 1 km,4000-7000 MAD,7,1,0
AB402190,2018-2019,Fès-Meknès,FES,Taounate,Rural,Collégial,Année 2,Féminin,15,Manque d'infrastructures,5–15 km,2000-4000 MAD,6,0,0
AB402191,2023-2024,Oriental,ORI,Guercif,Urbain,Primaire,Année 1,Masculin,11,Manque d'infrastructures,< 1 km,2000-4000 MAD,4,1,0
AB402192,2020-2021,Casablanca-Settat,CAS,Casablanca,Rural,Collégial,Année 3,Féminin,15,Travail enfant,< 1 km,2000-4000 MAD,7,1,0
AB402193,2016-2017,Marrakech-Safi,MAR,Chichaoua,Rural,Collégial,Année 2,Masculin,14,Manque d'infrastructures,< 1 km,2000-4000 MAD,6,1,1
AB402194,2021-2022,Fès-Meknès,FES,Moulay Yacoub,Urbain,Primaire,Année 3,Masculin,7,Autre,> 15 km,2000-4000 MAD,6,1,0
AB402195,2017-2018,Casablanca-Settat,CAS,Settat,Rural,Qualifiant,Année 1,Féminin,18,Mariage précoce,> 15 km,< 2000 MAD,4,1,0
AB402196,2022-2023,Fès-Meknès,FES,Séfrou,Rural,Primaire,Année 2,Masculin,7,Difficultés économiques,< 1 km,< 2000 MAD,5,0,0
AB402197,2023-2024,Rabat-Salé-Kénitra,RAB,Skhirate-Témara,Urbain,Collégial,Année 3,Féminin,14,Éloignement de l'établissement,> 15 km,2000-4000 MAD,3,0,0
AB402198,2019-2020,Casablanca-Settat,CAS,Benslimane,Urbain,Collégial,Année 3,Féminin,15,Difficultés scolaires,< 1 km,> 7000 MAD,2,0,1
AB402199,2016-2017,Casablanca-Settat,CAS,Sidi Bennour,Rural,Primaire,Année 5,Féminin,7,Travail enfant,5–15 km,4000-7000 MAD,8,1,0
AB402200,2020-2021,Casablanca-Settat,CAS,Mohammadia,Rural,Qualifiant,Année 2,Masculin,17,Manque d'infrastructures,< 1 km,4000-7000 MAD,5,0,0
AB402201,2020-2021,Casablanca-Settat,CAS,Berrechid,Rural,Primaire,Année 5,Féminin,9,Travail enfant,1–5 km,2000-4000 MAD,1,1,0
AB402202,2023-2024,Casablanca-Settat,CAS,Benslimane,Rural,Collégial,Année 2,Féminin,14,Difficultés scolaires,1–5 km,4000-7000 MAD,8,0,0
AB402203,2017-2018,Tanger-Tétouan-Al Hoceïma,TAN,Fahs-Anjra,Rural,Primaire,Année 6,Féminin,12,Éloignement de l'établissement,1–5 km,< 2000 MAD,2,1,0
AB402204,2018-2019,Casablanca-Settat,CAS,El Jadida,Rural,Collégial,Année 2,Masculin,13,Travail enfant,5–15 km,2000-4000 MAD,6,0,1
AB402205,2019-2020,Souss-Massa,SOU,Tiznit,Urbain,Collégial,Année 2,Masculin,15,Travail enfant,1–5 km,< 2000 MAD,4,1,0
AB402206,2018-2019,Laâyoune-Sakia El Hamra,LAA,Es-Semara,Urbain,Primaire,Année 2,Féminin,10,Difficultés scolaires,< 1 km,2000-4000 MAD,6,1,0
AB402207,2018-2019,Tanger-Tétouan-Al Hoceïma,TAN,Tétouan,Urbain,Qualifiant,Année 1,Masculin,18,Mariage précoce,1–5 km,< 2000 MAD,2,0,0
AB402208,2022-2023,Souss-Massa,SOU,Tata,Rural,Collégial,Année 2,Masculin,14,Travail enfant,5–15 km,2000-4000 MAD,7,1,0
AB402209,2023-2024,Rabat-Salé-Kénitra,RAB,Rabat,Rural,Primaire,Année 3,Masculin,10,Difficultés économiques,1–5 km,< 2000 MAD,1,0,0
AB402210,2017-2018,Fès-Meknès,FES,Boulemane,Rural,Collégial,Année 3,Masculin,15,Éloignement de l'établissement,1–5 km,4000-7000 MAD,6,1,0
AB402211,2021-2022,Casablanca-Settat,CAS,Khouribga,Rural,Collégial,Année 3,Masculin,15,Éloignement de l'établissement,1–5 km,2000-4000 MAD,3,1,0
AB402212,2016-2017,Casablanca-Settat,CAS,El Jadida,Rural,Primaire,Année 4,Féminin,12,Éloignement de l'établissement,> 15 km,< 2000 MAD,3,0,1
AB402213,2015-2016,Drâa-Tafilalet,DRA,Zagora,Rural,Qualifiant,Année 2,Masculin,17,Difficultés économiques,1–5 km,< 2000 MAD,4,1,0
AB402214,2015-2016,Tanger-Tétouan-Al Hoceïma,TAN,Al Hoceïma,Rural,Primaire,Année 2,Masculin,8,Difficultés scolaires,< 1 km,2000-4000 MAD,7,1,0
AB402215,2022-2023,Béni Mellal-Khénifra,BMK,Azilal,Urbain,Primaire,Année 5,Masculin,8,Difficultés économiques,1–5 km,> 7000 MAD,6,0,1
AB402216,2022-2023,Souss-Massa,SOU,Taroudannt,Urbain,Qualifiant,Année 1,Masculin,17,Difficultés économiques,1–5 km,2000-4000 MAD,4,1,0
AB402217,2018-2019,Rabat-Salé-Kénitra,RAB,Salé,Rural,Primaire,Année 2,Féminin,11,Difficultés scolaires,5–15 km,< 2000 MAD,6,0,0
AB402218,2022-2023,Marrakech-Safi,MAR,Safi,Rural,Qualifiant,Année 2,Féminin,17,Mariage précoce,< 1 km,2000-4000 MAD,6,1,1
AB402219,2021-2022,Fès-Meknès,FES,Meknès,Urbain,Qualifiant,Année 2,Féminin,18,Travail enfant,1–5 km,4000-7000 MAD,8,0,0
AB402220,2021-2022,Casablanca-Settat,CAS,Khouribga,Rural,Primaire,Année 4,Féminin,10,Travail enfant,< 1 km,2000-4000 MAD,1,0,1
AB402221,2019-2020,Béni Mellal-Khénifra,BMK,Fquih Ben Salah,Rural,Qualifiant,Année 2,Féminin,18,Difficultés économiques,< 1 km,> 7000 MAD,4,1,0
AB402222,2017-2018,Rabat-Salé-Kénitra,RAB,Sidi Kacem,Urbain,Primaire,Année 1,Féminin,11,Difficultés scolaires,< 1 km,4000-7000 MAD,4,1,0
AB402223,2019-2020,Rabat-Salé-Kénitra,RAB,Khémisset,Rural,Primaire,Année 6,Féminin,9,Travail enfant,1–5 km,4000-7000 MAD,3,1,0
AB402224,2019-2020,Tanger-Tétouan-Al Hoceïma,TAN,Mdiq-Fnideq,Rural,Qualifiant,Année 1,Masculin,16,Difficultés économiques,1–5 km,< 2000 MAD,5,0,0
AB402225,2019-2020,Marrakech-Safi,MAR,Safi,Urbain,Primaire,Année 2,Féminin,9,Éloignement de l'établissement,1–5 km,2000-4000 MAD,3,0,1
AB402226,2015-2016,Casablanca-Settat,CAS,Sidi Bennour,Urbain,Collégial,Année 3,Masculin,13,Grossesse,1–5 km,2000-4000 MAD,1,0,0
AB402227,2023-2024,Casablanca-Settat,CAS,Berrechid,Rural,Collégial,Année 3,Masculin,13,Manque d'infrastructures,5–15 km,4000-7000 MAD,3,0,0
AB402228,2023-2024,Casablanca-Settat,CAS,Settat,Rural,Qualifiant,Année 2,Féminin,18,Difficultés économiques,< 1 km,2000-4000 MAD,3,1,0
AB402229,2018-2019,Fès-Meknès,FES,Taza,Urbain,Primaire,Année 2,Masculin,7,Manque d'infrastructures,< 1 km,> 7000 MAD,5,1,0
AB402230,2019-2020,Rabat-Salé-Kénitra,RAB,Salé,Urbain,Collégial,Année 1,Masculin,13,Difficultés scolaires,1–5 km,> 7000 MAD,3,0,0
AB402231,2023-2024,Marrakech-Safi,MAR,Al Haouz,Rural,Collégial,Année 2,Féminin,13,Mariage précoce,1–5 km,4000-7000 MAD,1,1,0
AB402232,2018-2019,Casablanca-Settat,CAS,Berrechid,Urbain,Collégial,Année 2,Masculin,15,Travail enfant,1–5 km,2000-4000 MAD,4,1,0
AB402233,2018-2019,Oriental,ORI,Figuig,Rural,Collégial,Année 3,Féminin,15,Difficultés scolaires,> 15 km,2000-4000 MAD,4,0,1
AB402234,2018-2019,Béni Mellal-Khénifra,BMK,El Kelaa des Sraghna,Rural,Qualifiant,Année 2,Masculin,17,Difficultés économiques,> 15 km,< 2000 MAD,3,0,0
AB402235,2021-2022,Fès-Meknès,FES,Séfrou,Rural,Collégial,Année 3,Masculin,14,Difficultés économiques,5–15 km,2000-4000 MAD,2,1,1
AB402236,2015-2016,Marrakech-Safi,MAR,Marrakech,Rural,Collégial,Année 1,Féminin,13,Éloignement de l'établissement,< 1 km,< 2000 MAD,6,1,0
AB402237,2018-2019,Tanger-Tétouan-Al Hoceïma,TAN,Fahs-Anjra,Urbain,Collégial,Année 3,Féminin,14,Difficultés économiques,1–5 km,< 2000 MAD,1,1,0
AB402238,2017-2018,Fès-Meknès,FES,Taounate,Rural,Qualifiant,Année 1,Féminin,16,Autre,< 1 km,< 2000 MAD,5,1,0
AB402239,2018-2019,Casablanca-Settat,CAS,Khouribga,Rural,Collégial,Année 1,Masculin,13,Difficultés scolaires,1–5 km,4000-7000 MAD,3,0,0
AB402240,2016-2017,Casablanca-Settat,CAS,Khouribga,Rural,Collégial,Année 1,Masculin,14,Difficultés économiques,1–5 km,2000-4000 MAD,2,0,0
AB402241,2021-2022,Drâa-Tafilalet,DRA,Zagora,Rural,Collégial,Année 1,Féminin,13,Éloignement de l'établissement,1–5 km,> 7000 MAD,5,1,1
AB402242,2015-2016,Casablanca-Settat,CAS,Benslimane,Rural,Collégial,Année 2,Masculin,14,Éloignement de l'établissement,< 1 km,2000-4000 MAD,8,1,1
AB402243,2015-2016,Guelmim-Oued Noun,GUE,Tan-Tan,Rural,Primaire,Année 3,Masculin,11,Travail enfant,1–5 km,2000-4000 MAD,3,1,0
AB402244,2019-2020,Rabat-Salé-Kénitra,RAB,Skhirate-Témara,Rural,Collégial,Année 1,Masculin,14,Éloignement de l'établissement,1–5 km,2000-4000 MAD,5,1,0
AB402245,2022-2023,Tanger-Tétouan-Al Hoceïma,TAN,Chefchaouen,Rural,Collégial,Année 1,Masculin,13,Mariage précoce,1–5 km,2000-4000 MAD,7,0,0
AB402246,2015-2016,Fès-Meknès,FES,Boulemane,Urbain,Collégial,Année 3,Masculin,15,Travail enfant,< 1 km,2000-4000 MAD,4,0,0
AB402247,2022-2023,Casablanca-Settat,CAS,Mohammadia,Rural,Collégial,Année 3,Masculin,14,Difficultés scolaires,5–15 km,2000-4000 MAD,8,0,1
AB402248,2015-2016,Oriental,ORI,Driouch,Rural,Collégial,Année 3,Masculin,15,Difficultés scolaires,< 1 km,4000-7000 MAD,8,0,1
AB402249,2020-2021,Fès-Meknès,FES,Fès,Rural,Collégial,Année 2,Masculin,13,Difficultés économiques,1–5 km,4000-7000 MAD,2,1,0
AB402250,2021-2022,Casablanca-Settat,CAS,Sidi Bennour,Rural,Qualifiant,Année 1,Masculin,16,Travail enfant,> 15 km,2000-4000 MAD,1,1,1
AB402251,2019-2020,Fès-Meknès,FES,Boulemane,Urbain,Primaire,Année 3,Féminin,10,Travail enfant,5–15 km,2000-4000 MAD,5,0,0
AB402252,2019-2020,Souss-Massa,SOU,Agadir-Ida-Ou-Tanane,Rural,Collégial,Année 3,Masculin,15,Difficultés économiques,5–15 km,2000-4000 MAD,6,0,0
AB402253,2022-2023,Rabat-Salé-Kénitra,RAB,Rabat,Urbain,Qualifiant,Année 1,Féminin,18,Éloignement de l'établissement,< 1 km,2000-4000 MAD,2,1,0
AB402254,2015-2016,Béni Mellal-Khénifra,BMK,Khouribga,Rural,Qualifiant,Année 2,Masculin,18,Mariage précoce,1–5 km,2000-4000 MAD,2,1,0
AB402255,2017-2018,Rabat-Salé-Kénitra,RAB,Sidi Slimane,Urbain,Collégial,Année 1,Féminin,14,Mariage précoce,> 15 km,< 2000 MAD,3,1,1
AB402256,2018-2019,Rabat-Salé-Kénitra,RAB,Khémisset,Rural,Collégial,Année 2,Masculin,13,Mariage précoce,< 1 km,2000-4000 MAD,3,0,0
AB402257,2015-2016,Souss-Massa,SOU,Agadir-Ida-Ou-Tanane,Rural,Qualifiant,Année 1,Féminin,16,Grossesse,< 1 km,2000-4000 MAD,8,0,0
AB402258,2019-2020,Casablanca-Settat,CAS,Casablanca,Urbain,Primaire,Année 4,Féminin,7,Manque d'infrastructures,1–5 km,< 2000 MAD,7,1,0
AB402259,2020-2021,Fès-Meknès,FES,Ifrane,Rural,Qualifiant,Année 1,Féminin,16,Mariage précoce,5–15 km,4000-7000 MAD,6,1,0
AB402260,2015-2016,Fès-Meknès,FES,Moulay Yacoub,Urbain,Collégial,Année 3,Féminin,15,Difficultés économiques,< 1 km,2000-4000 MAD,7,0,0
AB402261,2022-2023,Tanger-Tétouan-Al Hoceïma,TAN,Fahs-Anjra,Rural,Primaire,Année 5,Féminin,8,Difficultés économiques,> 15 km,> 7000 MAD,3,0,0
AB402262,2021-2022,Souss-Massa,SOU,Taroudannt,Rural,Collégial,Année 2,Féminin,13,Mariage précoce,1–5 km,2000-4000 MAD,7,0,1
AB402263,2020-2021,Rabat-Salé-Kénitra,RAB,Sidi Slimane,Rural,Qualifiant,Année 1,Féminin,17,Éloignement de l'établissement,1–5 km,> 7000 MAD,6,0,0
AB402264,2016-2017,Drâa-Tafilalet,DRA,Midelt,Urbain,Collégial,Année 1,Masculin,14,Éloignement de l'établissement,< 1 km,> 7000 MAD,5,1,0
AB402265,2023-2024,Fès-Meknès,FES,Boulemane,Urbain,Qualifiant,Année 1,Féminin,17,Mariage précoce,< 1 km,2000-4000 MAD,3,0,0
AB402266,2021-2022,Oriental,ORI,Nador,Rural,Primaire,Année 5,Féminin,8,Mariage précoce,< 1 km,< 2000 MAD,8,1,0
AB402267,2023-2024,Béni Mellal-Khénifra,BMK,Fquih Ben Salah,Rural,Qualifiant,Année 2,Masculin,18,Difficultés scolaires,5–15 km,2000-4000 MAD,3,1,0
AB402268,2017-2018,Marrakech-Safi,MAR,Essaouira,Urbain,Qualifiant,Année 3,Masculin,18,Grossesse,> 15 km,4000-7000 MAD,6,1,0
AB402269,2016-2017,Béni Mellal-Khénifra,BMK,Azilal,Rural,Collégial,Année 2,Féminin,14,Éloignement de l'établissement,1–5 km,< 2000 MAD,3,1,0
AB402270,2022-2023,Fès-Meknès,FES,Moulay Yacoub,Rural,Primaire,Année 2,Féminin,9,Handicap,< 1 km,4000-7000 MAD,3,1,1
AB402271,2017-2018,Marrakech-Safi,MAR,Safi,Urbain,Collégial,Année 2,Masculin,13,Mariage précoce,< 1 km,2000-4000 MAD,5,1,1
AB402272,2016-2017,Oriental,ORI,Nador,Urbain,Qualifiant,Année 2,Masculin,18,Éloignement de l'établissement,< 1 km,2000-4000 MAD,4,1,0
AB402273,2017-2018,Tanger-Tétouan-Al Hoceïma,TAN,Al Hoceïma,Rural,Qualifiant,Année 2,Féminin,17,Difficultés économiques,> 15 km,> 7000 MAD,7,0,0
AB402274,2017-2018,Oriental,ORI,Taourirt,Urbain,Primaire,Année 3,Masculin,7,Travail enfant,5–15 km,< 2000 MAD,2,1,0
AB402275,2017-2018,Marrakech-Safi,MAR,El Kelaa des Sraghna,Rural,Primaire,Année 2,Masculin,10,Manque d'infrastructures,< 1 km,2000-4000 MAD,4,0,0
AB402276,2021-2022,Fès-Meknès,FES,Taounate,Rural,Primaire,Année 2,Masculin,9,Manque d'infrastructures,1–5 km,> 7000 MAD,4,1,0
AB402277,2018-2019,Marrakech-Safi,MAR,Chichaoua,Rural,Qualifiant,Année 3,Féminin,16,Difficultés scolaires,5–15 km,4000-7000 MAD,8,1,0
AB402278,2023-2024,Casablanca-Settat,CAS,Berrechid,Urbain,Collégial,Année 1,Féminin,15,Difficultés scolaires,1–5 km,< 2000 MAD,2,1,1
AB402279,2019-2020,Souss-Massa,SOU,Tiznit,Rural,Primaire,Année 4,Féminin,8,Éloignement de l'établissement,1–5 km,2000-4000 MAD,3,0,1
AB402280,2018-2019,Oriental,ORI,Taourirt,Rural,Qualifiant,Année 3,Masculin,18,Mariage précoce,< 1 km,2000-4000 MAD,8,0,1
AB402281,2018-2019,Laâyoune-Sakia El Hamra,LAA,Laâyoune,Urbain,Collégial,Année 3,Féminin,13,Difficultés scolaires,5–15 km,> 7000 MAD,1,1,1
AB402282,2022-2023,Casablanca-Settat,CAS,Benslimane,Rural,Qualifiant,Année 1,Masculin,17,Mariage précoce,< 1 km,2000-4000 MAD,4,1,1
AB402283,2017-2018,Béni Mellal-Khénifra,BMK,Azilal,Rural,Qualifiant,Année 2,Masculin,16,Éloignement de l'établissement,5–15 km,< 2000 MAD,8,0,0
AB402284,2018-2019,Casablanca-Settat,CAS,Casablanca,Rural,Primaire,Année 1,Féminin,10,Éloignement de l'établissement,5–15 km,4000-7000 MAD,7,1,0
AB402285,2017-2018,Fès-Meknès,FES,Meknès,Rural,Collégial,Année 1,Féminin,15,Difficultés économiques,1–5 km,2000-4000 MAD,8,0,0
AB402286,2020-2021,Marrakech-Safi,MAR,Al Haouz,Urbain,Qualifiant,Année 3,Masculin,16,Éloignement de l'établissement,1–5 km,4000-7000 MAD,3,1,1
AB402287,2015-2016,Marrakech-Safi,MAR,Marrakech,Rural,Primaire,Année 4,Féminin,10,Travail enfant,< 1 km,2000-4000 MAD,7,1,1
AB402288,2017-2018,Fès-Meknès,FES,Fès,Rural,Collégial,Année 2,Masculin,14,Éloignement de l'établissement,1–5 km,2000-4000 MAD,8,0,0
AB402289,2022-2023,Fès-Meknès,FES,Fès,Rural,Qualifiant,Année 3,Féminin,18,Travail enfant,> 15 km,2000-4000 MAD,1,0,0
AB402290,2016-2017,Casablanca-Settat,CAS,Berrechid,Rural,Collégial,Année 2,Féminin,14,Manque d'infrastructures,< 1 km,4000-7000 MAD,3,0,0
AB402291,2016-2017,Rabat-Salé-Kénitra,RAB,Sidi Kacem,Rural,Primaire,Année 1,Féminin,10,Mariage précoce,5–15 km,4000-7000 MAD,6,1,0
AB402292,2016-2017,Marrakech-Safi,MAR,Al Haouz,Rural,Primaire,Année 4,Masculin,7,Travail enfant,> 15 km,> 7000 MAD,3,1,0
AB402293,2021-2022,Tanger-Tétouan-Al Hoceïma,TAN,Mdiq-Fnideq,Rural,Qualifiant,Année 3,Masculin,18,Éloignement de l'établissement,< 1 km,2000-4000 MAD,4,1,1
AB402294,2017-2018,Tanger-Tétouan-Al Hoceïma,TAN,Mdiq-Fnideq,Urbain,Primaire,Année 1,Masculin,8,Difficultés scolaires,1–5 km,4000-7000 MAD,6,0,0
AB402295,2021-2022,Marrakech-Safi,MAR,Essaouira,Urbain,Primaire,Année 1,Féminin,11,Difficultés économiques,> 15 km,< 2000 MAD,2,0,1
AB402296,2020-2021,Laâyoune-Sakia El Hamra,LAA,Laâyoune,Rural,Primaire,Année 4,Féminin,12,Difficultés scolaires,< 1 km,> 7000 MAD,6,0,0
AB402297,2016-2017,Marrakech-Safi,MAR,Essaouira,Rural,Primaire,Année 4,Masculin,11,Éloignement de l'établissement,1–5 km,< 2000 MAD,3,1,0
AB402298,2020-2021,Rabat-Salé-Kénitra,RAB,Skhirate-Témara,Urbain,Collégial,Année 3,Masculin,15,Éloignement de l'établissement,< 1 km,4000-7000 MAD,4,1,0
AB402299,2021-2022,Casablanca-Settat,CAS,Settat,Rural,Qualifiant,Année 2,Masculin,16,Mariage précoce,< 1 km,2000-4000 MAD,5,0,0
AB402300,2017-2018,Casablanca-Settat,CAS,El Jadida,Rural,Qualifiant,Année 2,Féminin,18,Mariage précoce,< 1 km,2000-4000 MAD,7,1,0
AB402301,2015-2016,Oriental,ORI,Guercif,Urbain,Collégial,Année 3,Masculin,13,Difficultés économiques,5–15 km,4000-7000 MAD,7,0,0
AB402302,2019-2020,Fès-Meknès,FES,Séfrou,Urbain,Collégial,Année 1,Féminin,15,Manque d'infrastructures,< 1 km,> 7000 MAD,3,0,1
AB402303,2019-2020,Casablanca-Settat,CAS,Berrechid,Urbain,Collégial,Année 2,Féminin,15,Difficultés économiques,1–5 km,2000-4000 MAD,5,1,1
AB402304,2021-2022,Oriental,ORI,Driouch,Urbain,Collégial,Année 1,Masculin,15,Manque d'infrastructures,< 1 km,2000-4000 MAD,3,1,0
AB402305,2018-2019,Rabat-Salé-Kénitra,RAB,Khémisset,Rural,Collégial,Année 2,Masculin,15,Mariage précoce,5–15 km,4000-7000 MAD,3,0,1
AB402306,2017-2018,Rabat-Salé-Kénitra,RAB,Khémisset,Rural,Collégial,Année 2,Masculin,14,Éloignement de l'établissement,< 1 km,2000-4000 MAD,1,0,0
AB402307,2020-2021,Casablanca-Settat,CAS,Settat,Urbain,Qualifiant,Année 1,Masculin,17,Éloignement de l'établissement,5–15 km,4000-7000 MAD,5,0,0
AB402308,2018-2019,Marrakech-Safi,MAR,Essaouira,Rural,Collégial,Année 2,Masculin,15,Mariage précoce,< 1 km,> 7000 MAD,5,1,0
AB402309,2018-2019,Drâa-Tafilalet,DRA,Midelt,Urbain,Qualifiant,Année 3,Masculin,17,Difficultés économiques,< 1 km,2000-4000 MAD,3,1,0
AB402310,2015-2016,Marrakech-Safi,MAR,Al Haouz,Urbain,Collégial,Année 2,Masculin,15,Difficultés économiques,5–15 km,< 2000 MAD,6,1,1
AB402311,2022-2023,Béni Mellal-Khénifra,BMK,Fquih Ben Salah,Rural,Collégial,Année 1,Féminin,15,Éloignement de l'établissement,> 15 km,> 7000 MAD,4,1,0
AB402312,2016-2017,Fès-Meknès,FES,El Hajeb,Urbain,Collégial,Année 1,Masculin,15,Mariage précoce,< 1 km,4000-7000 MAD,7,0,1
AB402313,2018-2019,Casablanca-Settat,CAS,Berrechid,Rural,Primaire,Année 6,Féminin,7,Difficultés économiques,< 1 km,< 2000 MAD,4,1,0
AB402314,2018-2019,Tanger-Tétouan-Al Hoceïma,TAN,Tétouan,Rural,Primaire,Année 4,Féminin,12,Difficultés scolaires,5–15 km,> 7000 MAD,7,0,0
AB402315,2023-2024,Rabat-Salé-Kénitra,RAB,Skhirate-Témara,Rural,Collégial,Année 3,Féminin,15,Difficultés économiques,1–5 km,2000-4000 MAD,2,1,0
AB402316,2017-2018,Casablanca-Settat,CAS,Benslimane,Rural,Collégial,Année 3,Féminin,15,Travail enfant,5–15 km,4000-7000 MAD,7,0,0
AB402317,2020-2021,Casablanca-Settat,CAS,Casablanca,Rural,Collégial,Année 1,Féminin,14,Difficultés scolaires,< 1 km,2000-4000 MAD,7,1,1
AB402318,2017-2018,Béni Mellal-Khénifra,BMK,El Kelaa des Sraghna,Rural,Collégial,Année 3,Masculin,14,Travail enfant,< 1 km,< 2000 MAD,5,0,0
AB402319,2022-2023,Casablanca-Settat,CAS,Casablanca,Urbain,Primaire,Année 4,Féminin,7,Difficultés économiques,> 15 km,< 2000 MAD,2,1,0
AB402320,2022-2023,Marrakech-Safi,MAR,Al Haouz,Urbain,Qualifiant,Année 2,Féminin,18,Grossesse,1–5 km,< 2000 MAD,5,1,1
AB402321,2015-2016,Drâa-Tafilalet,DRA,Ouarzazate,Rural,Primaire,Année 4,Féminin,12,Difficultés scolaires,> 15 km,4000-7000 MAD,6,1,0
AB402322,2021-2022,Rabat-Salé-Kénitra,RAB,Skhirate-Témara,Urbain,Collégial,Année 1,Féminin,15,Difficultés scolaires,< 1 km,> 7000 MAD,1,0,0
AB402323,2015-2016,Béni Mellal-Khénifra,BMK,Béni Mellal,Urbain,Qualifiant,Année 1,Masculin,16,Mariage précoce,1–5 km,2000-4000 MAD,5,0,1
AB402324,2023-2024,Marrakech-Safi,MAR,Chichaoua,Rural,Primaire,Année 4,Féminin,8,Éloignement de l'établissement,< 1 km,< 2000 MAD,2,0,1
AB402325,2021-2022,Casablanca-Settat,CAS,Berrechid,Rural,Qualifiant,Année 1,Masculin,16,Travail enfant,5–15 km,2000-4000 MAD,7,1,0
AB402326,2020-2021,Rabat-Salé-Kénitra,RAB,Khémisset,Rural,Qualifiant,Année 1,Féminin,16,Éloignement de l'établissement,< 1 km,2000-4000 MAD,1,0,0
AB402327,2016-2017,Marrakech-Safi,MAR,Essaouira,Rural,Primaire,Année 4,Masculin,12,Éloignement de l'établissement,1–5 km,< 2000 MAD,8,1,1
AB402328,2015-2016,Souss-Massa,SOU,Tata,Rural,Collégial,Année 1,Féminin,13,Éloignement de l'établissement,< 1 km,2000-4000 MAD,7,1,0
AB402329,2020-2021,Souss-Massa,SOU,Tata,Rural,Qualifiant,Année 2,Féminin,16,Éloignement de l'établissement,1–5 km,< 2000 MAD,6,1,1
AB402330,2016-2017,Rabat-Salé-Kénitra,RAB,Kénitra,Rural,Collégial,Année 2,Masculin,13,Autre,5–15 km,< 2000 MAD,8,1,0
AB402331,2016-2017,Casablanca-Settat,CAS,Mohammadia,Urbain,Collégial,Année 3,Masculin,14,Difficultés scolaires,< 1 km,2000-4000 MAD,2,1,0
AB402332,2023-2024,Rabat-Salé-Kénitra,RAB,Rabat,Urbain,Collégial,Année 2,Masculin,14,Travail enfant,< 1 km,4000-7000 MAD,6,1,0
AB402333,2017-2018,Rabat-Salé-Kénitra,RAB,Kénitra,Rural,Primaire,Année 5,Féminin,9,Mariage précoce,< 1 km,4000-7000 MAD,6,0,1
AB402334,2019-2020,Fès-Meknès,FES,El Hajeb,Rural,Primaire,Année 1,Féminin,9,Éloignement de l'établissement,1–5 km,< 2000 MAD,5,1,1
AB402335,2018-2019,Fès-Meknès,FES,Moulay Yacoub,Rural,Primaire,Année 5,Masculin,10,Handicap,1–5 km,2000-4000 MAD,8,1,0
AB402336,2015-2016,Rabat-Salé-Kénitra,RAB,Khémisset,Rural,Qualifiant,Année 3,Féminin,17,Handicap,1–5 km,4000-7000 MAD,2,0,0
AB402337,2020-2021,Casablanca-Settat,CAS,Settat,Rural,Collégial,Année 2,Féminin,13,Manque d'infrastructures,< 1 km,4000-7000 MAD,5,1,1
AB402338,2019-2020,Casablanca-Settat,CAS,Berrechid,Rural,Collégial,Année 2,Masculin,13,Difficultés économiques,< 1 km,> 7000 MAD,6,0,0
AB402339,2015-2016,Rabat-Salé-Kénitra,RAB,Skhirate-Témara,Urbain,Primaire,Année 5,Masculin,8,Mariage précoce,5–15 km,4000-7000 MAD,5,1,1
AB402340,2022-2023,Casablanca-Settat,CAS,Benslimane,Urbain,Collégial,Année 2,Masculin,15,Autre,< 1 km,> 7000 MAD,8,0,0
AB402341,2022-2023,Oriental,ORI,Jerada,Rural,Qualifiant,Année 2,Masculin,17,Difficultés scolaires,< 1 km,< 2000 MAD,1,0,0
AB402342,2019-2020,Tanger-Tétouan-Al Hoceïma,TAN,Larache,Rural,Collégial,Année 2,Masculin,14,Grossesse,5–15 km,2000-4000 MAD,4,1,0
AB402343,2020-2021,Béni Mellal-Khénifra,BMK,Azilal,Rural,Primaire,Année 2,Féminin,8,Travail enfant,< 1 km,2000-4000 MAD,4,1,0
AB402344,2015-2016,Casablanca-Settat,CAS,Settat,Rural,Qualifiant,Année 3,Féminin,18,Difficultés économiques,1–5 km,4000-7000 MAD,3,1,1
AB402345,2017-2018,Tanger-Tétouan-Al Hoceïma,TAN,Fahs-Anjra,Urbain,Primaire,Année 4,Féminin,11,Handicap,< 1 km,< 2000 MAD,5,0,0
AB402346,2018-2019,Tanger-Tétouan-Al Hoceïma,TAN,Ouazzane,Urbain,Collégial,Année 1,Féminin,13,Éloignement de l'établissement,< 1 km,4000-7000 MAD,2,1,1
AB402347,2021-2022,Marrakech-Safi,MAR,Youssoufia,Rural,Primaire,Année 5,Féminin,9,Difficultés économiques,5–15 km,4000-7000 MAD,3,0,0
AB402348,2018-2019,Rabat-Salé-Kénitra,RAB,Sidi Kacem,Urbain,Collégial,Année 2,Masculin,14,Autre,> 15 km,< 2000 MAD,2,0,1
AB402349,2018-2019,Rabat-Salé-Kénitra,RAB,Rabat,Urbain,Qualifiant,Année 1,Féminin,16,Difficultés scolaires,> 15 km,2000-4000 MAD,3,1,1
AB402350,2017-2018,Rabat-Salé-Kénitra,RAB,Sidi Slimane,Urbain,Collégial,Année 3,Masculin,13,Difficultés économiques,< 1 km,4000-7000 MAD,6,1,0
AB402351,2023-2024,Fès-Meknès,FES,El Hajeb,Rural,Collégial,Année 2,Féminin,14,Difficultés scolaires,5–15 km,< 2000 MAD,2,0,1
AB402352,2021-2022,Béni Mellal-Khénifra,BMK,Khouribga,Urbain,Primaire,Année 1,Féminin,7,Difficultés scolaires,< 1 km,< 2000 MAD,5,0,0
AB402353,2019-2020,Casablanca-Settat,CAS,Casablanca,Urbain,Qualifiant,Année 1,Féminin,16,Travail enfant,1–5 km,> 7000 MAD,6,1,0
AB402354,2017-2018,Drâa-Tafilalet,DRA,Zagora,Urbain,Collégial,Année 3,Masculin,13,Difficultés scolaires,1–5 km,> 7000 MAD,5,0,1
AB402355,2022-2023,Casablanca-Settat,CAS,Benslimane,Rural,Collégial,Année 3,Féminin,13,Éloignement de l'établissement,< 1 km,4000-7000 MAD,5,1,0
AB402356,2019-2020,Casablanca-Settat,CAS,Benslimane,Rural,Primaire,Année 3,Masculin,9,Mariage précoce,1–5 km,2000-4000 MAD,3,0,0
AB402357,2018-2019,Fès-Meknès,FES,El Hajeb,Urbain,Qualifiant,Année 3,Féminin,16,Difficultés économiques,> 15 km,> 7000 MAD,8,0,1
AB402358,2020-2021,Rabat-Salé-Kénitra,RAB,Rabat,Rural,Collégial,Année 3,Masculin,14,Travail enfant,< 1 km,4000-7000 MAD,7,1,0
AB402359,2020-2021,Souss-Massa,SOU,Tiznit,Urbain,Collégial,Année 2,Masculin,13,Travail enfant,5–15 km,< 2000 MAD,8,0,1
AB402360,2016-2017,Béni Mellal-Khénifra,BMK,Khouribga,Urbain,Qualifiant,Année 3,Masculin,18,Travail enfant,5–15 km,< 2000 MAD,1,0,1
AB402361,2023-2024,Casablanca-Settat,CAS,Sidi Bennour,Rural,Primaire,Année 3,Masculin,11,Difficultés scolaires,5–15 km,> 7000 MAD,6,1,0
AB402362,2018-2019,Rabat-Salé-Kénitra,RAB,Sidi Kacem,Urbain,Collégial,Année 3,Féminin,13,Difficultés scolaires,5–15 km,2000-4000 MAD,7,0,0
AB402363,2017-2018,Marrakech-Safi,MAR,Youssoufia,Rural,Collégial,Année 3,Féminin,15,Autre,> 15 km,< 2000 MAD,3,0,0
AB402364,2017-2018,Béni Mellal-Khénifra,BMK,Fquih Ben Salah,Rural,Primaire,Année 1,Masculin,7,Difficultés économiques,1–5 km,< 2000 MAD,4,1,0
AB402365,2020-2021,Tanger-Tétouan-Al Hoceïma,TAN,Ouazzane,Rural,Collégial,Année 2,Féminin,15,Difficultés économiques,5–15 km,4000-7000 MAD,8,1,0
AB402366,2018-2019,Béni Mellal-Khénifra,BMK,Azilal,Rural,Qualifiant,Année 1,Féminin,18,Grossesse,1–5 km,2000-4000 MAD,8,0,0
AB402367,2016-2017,Marrakech-Safi,MAR,Marrakech,Rural,Collégial,Année 2,Féminin,13,Mariage précoce,< 1 km,2000-4000 MAD,8,1,0
AB402368,2016-2017,Marrakech-Safi,MAR,Al Haouz,Rural,Collégial,Année 2,Masculin,14,Difficultés scolaires,1–5 km,< 2000 MAD,4,1,0
AB402369,2016-2017,Rabat-Salé-Kénitra,RAB,Sidi Kacem,Urbain,Collégial,Année 3,Masculin,13,Mariage précoce,1–5 km,> 7000 MAD,5,1,0
AB402370,2015-2016,Casablanca-Settat,CAS,Settat,Rural,Qualifiant,Année 2,Masculin,18,Handicap,5–15 km,> 7000 MAD,3,1,0
AB402371,2016-2017,Marrakech-Safi,MAR,Chichaoua,Rural,Primaire,Année 6,Féminin,7,Mariage précoce,1–5 km,4000-7000 MAD,8,0,0
AB402372,2022-2023,Rabat-Salé-Kénitra,RAB,Kénitra,Rural,Collégial,Année 3,Masculin,15,Difficultés économiques,5–15 km,2000-4000 MAD,8,1,0
AB402373,2019-2020,Tanger-Tétouan-Al Hoceïma,TAN,Fahs-Anjra,Urbain,Collégial,Année 3,Masculin,15,Difficultés scolaires,1–5 km,4000-7000 MAD,7,0,0
AB402374,2020-2021,Tanger-Tétouan-Al Hoceïma,TAN,Larache,Urbain,Collégial,Année 2,Masculin,15,Mariage précoce,1–5 km,< 2000 MAD,7,1,0
AB402375,2016-2017,Casablanca-Settat,CAS,Khouribga,Urbain,Qualifiant,Année 3,Féminin,17,Mariage précoce,5–15 km,2000-4000 MAD,5,0,0
AB402376,2022-2023,Marrakech-Safi,MAR,Marrakech,Urbain,Primaire,Année 6,Masculin,9,Difficultés économiques,1–5 km,2000-4000 MAD,8,1,0
AB402377,2016-2017,Fès-Meknès,FES,Taza,Rural,Qualifiant,Année 3,Masculin,17,Difficultés scolaires,1–5 km,2000-4000 MAD,4,1,0
AB402378,2022-2023,Fès-Meknès,FES,Taounate,Urbain,Collégial,Année 1,Féminin,13,Travail enfant,1–5 km,2000-4000 MAD,6,1,0
AB402379,2022-2023,Casablanca-Settat,CAS,Khouribga,Urbain,Collégial,Année 1,Masculin,13,Mariage précoce,< 1 km,4000-7000 MAD,2,1,0
AB402380,2021-2022,Marrakech-Safi,MAR,Al Haouz,Rural,Primaire,Année 1,Féminin,7,Travail enfant,1–5 km,> 7000 MAD,5,1,0
AB402381,2015-2016,Casablanca-Settat,CAS,Settat,Rural,Qualifiant,Année 2,Masculin,18,Éloignement de l'établissement,> 15 km,2000-4000 MAD,8,1,1
AB402382,2018-2019,Drâa-Tafilalet,DRA,Tinghir,Rural,Qualifiant,Année 1,Masculin,16,Mariage précoce,5–15 km,> 7000 MAD,2,1,0
AB402383,2017-2018,Rabat-Salé-Kénitra,RAB,Rabat,Rural,Primaire,Année 1,Masculin,12,Travail enfant,> 15 km,4000-7000 MAD,5,0,1
AB402384,2021-2022,Tanger-Tétouan-Al Hoceïma,TAN,Mdiq-Fnideq,Rural,Collégial,Année 2,Féminin,14,Éloignement de l'établissement,1–5 km,4000-7000 MAD,1,0,1
AB402385,2019-2020,Casablanca-Settat,CAS,El Jadida,Rural,Collégial,Année 3,Masculin,13,Travail enfant,5–15 km,4000-7000 MAD,1,0,0
AB402386,2015-2016,Laâyoune-Sakia El Hamra,LAA,Es-Semara,Urbain,Collégial,Année 2,Masculin,13,Difficultés scolaires,1–5 km,2000-4000 MAD,1,0,0
AB402387,2015-2016,Marrakech-Safi,MAR,Marrakech,Urbain,Qualifiant,Année 3,Féminin,18,Mariage précoce,1–5 km,4000-7000 MAD,6,1,0
AB402388,2016-2017,Rabat-Salé-Kénitra,RAB,Salé,Rural,Collégial,Année 1,Masculin,15,Manque d'infrastructures,5–15 km,> 7000 MAD,8,1,0
AB402389,2016-2017,Fès-Meknès,FES,Boulemane,Rural,Qualifiant,Année 1,Masculin,18,Difficultés scolaires,> 15 km,2000-4000 MAD,6,1,0
AB402390,2015-2016,Souss-Massa,SOU,Agadir-Ida-Ou-Tanane,Urbain,Collégial,Année 2,Masculin,13,Difficultés économiques,1–5 km,2000-4000 MAD,7,0,0
AB402391,2015-2016,Casablanca-Settat,CAS,Benslimane,Rural,Collégial,Année 1,Féminin,13,Éloignement de l'établissement,< 1 km,4000-7000 MAD,2,1,1
AB402392,2020-2021,Casablanca-Settat,CAS,Berrechid,Urbain,Collégial,Année 3,Masculin,13,Difficultés économiques,1–5 km,< 2000 MAD,1,0,1
AB402393,2020-2021,Casablanca-Settat,CAS,Benslimane,Rural,Primaire,Année 5,Masculin,8,Mariage précoce,1–5 km,< 2000 MAD,5,0,0
AB402394,2023-2024,Rabat-Salé-Kénitra,RAB,Khémisset,Rural,Collégial,Année 3,Masculin,14,Autre,< 1 km,> 7000 MAD,2,1,0
AB402395,2020-2021,Marrakech-Safi,MAR,Al Haouz,Urbain,Collégial,Année 1,Masculin,14,Travail enfant,5–15 km,2000-4000 MAD,5,0,1
AB402396,2016-2017,Drâa-Tafilalet,DRA,Ouarzazate,Urbain,Collégial,Année 2,Féminin,14,Difficultés économiques,> 15 km,< 2000 MAD,6,0,1
AB402397,2023-2024,Rabat-Salé-Kénitra,RAB,Kénitra,Urbain,Collégial,Année 2,Masculin,13,Travail enfant,> 15 km,< 2000 MAD,4,0,0
AB402398,2015-2016,Oriental,ORI,Taourirt,Rural,Primaire,Année 2,Féminin,8,Difficultés économiques,< 1 km,4000-7000 MAD,4,0,0
AB402399,2021-2022,Rabat-Salé-Kénitra,RAB,Kénitra,Rural,Collégial,Année 3,Féminin,13,Difficultés scolaires,5–15 km,2000-4000 MAD,7,0,0
AB402400,2020-2021,Rabat-Salé-Kénitra,RAB,Khémisset,Rural,Collégial,Année 3,Féminin,15,Difficultés scolaires,5–15 km,2000-4000 MAD,1,0,0
AB402401,2023-2024,Tanger-Tétouan-Al Hoceïma,TAN,Fahs-Anjra,Rural,Primaire,Année 5,Masculin,11,Travail enfant,5–15 km,2000-4000 MAD,8,1,0
AB402402,2017-2018,Oriental,ORI,Figuig,Urbain,Primaire,Année 4,Masculin,9,Difficultés économiques,< 1 km,> 7000 MAD,2,0,1
AB402403,2023-2024,Souss-Massa,SOU,Chtouka-Ait Baha,Rural,Collégial,Année 3,Féminin,13,Difficultés économiques,< 1 km,2000-4000 MAD,6,0,0
AB402404,2020-2021,Rabat-Salé-Kénitra,RAB,Sidi Kacem,Rural,Qualifiant,Année 1,Masculin,18,Difficultés scolaires,5–15 km,4000-7000 MAD,3,1,0
AB402405,2021-2022,Casablanca-Settat,CAS,Benslimane,Urbain,Qualifiant,Année 3,Féminin,17,Mariage précoce,5–15 km,< 2000 MAD,8,0,1
AB402406,2023-2024,Oriental,ORI,Figuig,Rural,Qualifiant,Année 3,Masculin,16,Handicap,1–5 km,< 2000 MAD,5,1,1
AB402407,2022-2023,Drâa-Tafilalet,DRA,Ouarzazate,Urbain,Primaire,Année 5,Féminin,9,Manque d'infrastructures,< 1 km,2000-4000 MAD,8,1,0
AB402408,2019-2020,Drâa-Tafilalet,DRA,Errachidia,Rural,Primaire,Année 6,Masculin,12,Éloignement de l'établissement,> 15 km,4000-7000 MAD,4,1,1
AB402409,2019-2020,Fès-Meknès,FES,Ifrane,Urbain,Collégial,Année 1,Féminin,15,Difficultés scolaires,> 15 km,2000-4000 MAD,1,1,0
AB402410,2022-2023,Guelmim-Oued Noun,GUE,Guelmim,Urbain,Qualifiant,Année 1,Féminin,16,Difficultés scolaires,< 1 km,2000-4000 MAD,6,1,0
AB402411,2020-2021,Fès-Meknès,FES,El Hajeb,Rural,Primaire,Année 1,Féminin,7,Travail enfant,< 1 km,4000-7000 MAD,5,0,0
AB402412,2018-2019,Laâyoune-Sakia El Hamra,LAA,Tarfaya,Rural,Collégial,Année 2,Masculin,15,Mariage précoce,> 15 km,> 7000 MAD,1,1,0
AB402413,2016-2017,Tanger-Tétouan-Al Hoceïma,TAN,Tanger-Assilah,Rural,Collégial,Année 2,Féminin,14,Grossesse,5–15 km,> 7000 MAD,6,1,0
AB402414,2018-2019,Casablanca-Settat,CAS,Settat,Rural,Qualifiant,Année 3,Masculin,18,Difficultés économiques,1–5 km,< 2000 MAD,4,1,0
AB402415,2021-2022,Marrakech-Safi,MAR,Al Haouz,Rural,Qualifiant,Année 2,Féminin,18,Difficultés économiques,1–5 km,> 7000 MAD,2,1,0
AB402416,2018-2019,Casablanca-Settat,CAS,Sidi Bennour,Urbain,Collégial,Année 3,Féminin,14,Difficultés économiques,5–15 km,< 2000 MAD,8,1,0
AB402417,2015-2016,Drâa-Tafilalet,DRA,Errachidia,Rural,Primaire,Année 1,Féminin,8,Manque d'infrastructures,1–5 km,< 2000 MAD,2,0,0
AB402418,2017-2018,Casablanca-Settat,CAS,Casablanca,Rural,Qualifiant,Année 1,Masculin,17,Travail enfant,1–5 km,> 7000 MAD,2,1,1
AB402419,2016-2017,Casablanca-Settat,CAS,Casablanca,Urbain,Qualifiant,Année 3,Masculin,16,Mariage précoce,< 1 km,< 2000 MAD,3,0,1
AB402420,2023-2024,Dakhla-Oued Eddahab,DAK,Dakhla,Rural,Primaire,Année 5,Masculin,11,Éloignement de l'établissement,1–5 km,2000-4000 MAD,3,0,0
AB402421,2019-2020,Béni Mellal-Khénifra,BMK,Fquih Ben Salah,Rural,Primaire,Année 4,Féminin,12,Éloignement de l'établissement,1–5 km,< 2000 MAD,8,0,0
AB402422,2022-2023,Casablanca-Settat,CAS,Berrechid,Urbain,Collégial,Année 1,Masculin,13,Manque d'infrastructures,< 1 km,2000-4000 MAD,7,1,0
AB402423,2017-2018,Drâa-Tafilalet,DRA,Midelt,Urbain,Collégial,Année 2,Féminin,15,Difficultés économiques,> 15 km,4000-7000 MAD,1,1,1
AB402424,2015-2016,Fès-Meknès,FES,Séfrou,Rural,Qualifiant,Année 2,Masculin,18,Travail enfant,1–5 km,4000-7000 MAD,5,1,0
AB402425,2016-2017,Rabat-Salé-Kénitra,RAB,Skhirate-Témara,Rural,Collégial,Année 1,Masculin,13,Difficultés économiques,< 1 km,< 2000 MAD,4,1,1
AB402426,2020-2021,Souss-Massa,SOU,Taroudannt,Urbain,Collégial,Année 1,Féminin,15,Mariage précoce,> 15 km,4000-7000 MAD,5,0,0
AB402427,2023-2024,Casablanca-Settat,CAS,Casablanca,Rural,Primaire,Année 2,Masculin,12,Difficultés scolaires,5–15 km,4000-7000 MAD,5,0,0
AB402428,2018-2019,Souss-Massa,SOU,Chtouka-Ait Baha,Urbain,Qualifiant,Année 2,Masculin,16,Mariage précoce,5–15 km,2000-4000 MAD,6,0,0
AB402429,2017-2018,Tanger-Tétouan-Al Hoceïma,TAN,Tanger-Assilah,Rural,Collégial,Année 1,Féminin,14,Éloignement de l'établissement,1–5 km,4000-7000 MAD,4,1,0
AB402430,2022-2023,Casablanca-Settat,CAS,Settat,Rural,Primaire,Année 3,Masculin,7,Éloignement de l'établissement,> 15 km,2000-4000 MAD,1,1,0
AB402431,2017-2018,Rabat-Salé-Kénitra,RAB,Skhirate-Témara,Rural,Primaire,Année 5,Masculin,11,Éloignement de l'établissement,1–5 km,< 2000 MAD,5,1,0
AB402432,2017-2018,Oriental,ORI,Guercif,Rural,Collégial,Année 1,Masculin,13,Difficultés économiques,> 15 km,4000-7000 MAD,3,1,0
AB402433,2019-2020,Rabat-Salé-Kénitra,RAB,Kénitra,Rural,Qualifiant,Année 1,Féminin,16,Difficultés économiques,5–15 km,4000-7000 MAD,3,1,0
AB402434,2021-2022,Béni Mellal-Khénifra,BMK,Azilal,Rural,Primaire,Année 6,Masculin,12,Travail enfant,1–5 km,< 2000 MAD,8,0,0
AB402435,2022-2023,Souss-Massa,SOU,Chtouka-Ait Baha,Rural,Primaire,Année 2,Masculin,11,Éloignement de l'établissement,1–5 km,2000-4000 MAD,8,0,0
AB402436,2023-2024,Fès-Meknès,FES,Moulay Yacoub,Urbain,Collégial,Année 3,Féminin,14,Difficultés économiques,5–15 km,< 2000 MAD,4,1,1
AB402437,2020-2021,Souss-Massa,SOU,Taroudannt,Urbain,Collégial,Année 3,Masculin,15,Manque d'infrastructures,1–5 km,2000-4000 MAD,6,1,0
AB402438,2021-2022,Marrakech-Safi,MAR,Essaouira,Rural,Qualifiant,Année 3,Féminin,17,Grossesse,5–15 km,< 2000 MAD,8,1,0
AB402439,2015-2016,Fès-Meknès,FES,Meknès,Urbain,Primaire,Année 4,Masculin,11,Difficultés économiques,1–5 km,< 2000 MAD,2,1,0
AB402440,2021-2022,Fès-Meknès,FES,Meknès,Rural,Collégial,Année 1,Masculin,13,Difficultés scolaires,> 15 km,< 2000 MAD,5,0,0
AB402441,2023-2024,Souss-Massa,SOU,Taroudannt,Rural,Collégial,Année 2,Féminin,13,Difficultés scolaires,1–5 km,4000-7000 MAD,4,1,0
AB402442,2022-2023,Souss-Massa,SOU,Agadir-Ida-Ou-Tanane,Urbain,Qualifiant,Année 1,Masculin,16,Mariage précoce,< 1 km,4000-7000 MAD,7,0,0
AB402443,2017-2018,Casablanca-Settat,CAS,El Jadida,Urbain,Qualifiant,Année 3,Féminin,16,Éloignement de l'établissement,< 1 km,4000-7000 MAD,2,0,0
AB402444,2020-2021,Casablanca-Settat,CAS,El Jadida,Urbain,Qualifiant,Année 1,Masculin,17,Mariage précoce,< 1 km,> 7000 MAD,6,1,1
AB402445,2021-2022,Souss-Massa,SOU,Agadir-Ida-Ou-Tanane,Rural,Qualifiant,Année 2,Féminin,16,Difficultés économiques,1–5 km,2000-4000 MAD,5,0,0
AB402446,2018-2019,Rabat-Salé-Kénitra,RAB,Khémisset,Rural,Primaire,Année 4,Masculin,7,Manque d'infrastructures,1–5 km,< 2000 MAD,5,0,1
AB402447,2017-2018,Fès-Meknès,FES,El Hajeb,Urbain,Collégial,Année 3,Féminin,14,Travail enfant,1–5 km,> 7000 MAD,7,1,1
AB402448,2015-2016,Rabat-Salé-Kénitra,RAB,Rabat,Rural,Collégial,Année 1,Féminin,13,Difficultés scolaires,> 15 km,< 2000 MAD,6,1,1
AB402449,2022-2023,Casablanca-Settat,CAS,Settat,Urbain,Collégial,Année 2,Féminin,13,Mariage précoce,5–15 km,2000-4000 MAD,2,1,1
AB402450,2015-2016,Marrakech-Safi,MAR,Essaouira,Rural,Primaire,Année 2,Masculin,10,Éloignement de l'établissement,< 1 km,2000-4000 MAD,2,1,0
AB402451,2015-2016,Marrakech-Safi,MAR,Al Haouz,Rural,Qualifiant,Année 2,Masculin,16,Grossesse,1–5 km,< 2000 MAD,4,1,0
AB402452,2016-2017,Rabat-Salé-Kénitra,RAB,Khémisset,Rural,Collégial,Année 3,Féminin,15,Mariage précoce,< 1 km,2000-4000 MAD,7,0,0
AB402453,2023-2024,Marrakech-Safi,MAR,Essaouira,Rural,Primaire,Année 2,Masculin,7,Éloignement de l'établissement,> 15 km,2000-4000 MAD,6,1,0
AB402454,2020-2021,Drâa-Tafilalet,DRA,Midelt,Urbain,Collégial,Année 1,Masculin,15,Difficultés économiques,1–5 km,< 2000 MAD,2,1,1
AB402455,2023-2024,Casablanca-Settat,CAS,Khouribga,Rural,Primaire,Année 2,Masculin,9,Handicap,1–5 km,2000-4000 MAD,6,1,0
AB402456,2022-2023,Casablanca-Settat,CAS,Khouribga,Urbain,Qualifiant,Année 2,Féminin,16,Handicap,< 1 km,4000-7000 MAD,8,0,1
AB402457,2018-2019,Béni Mellal-Khénifra,BMK,El Kelaa des Sraghna,Urbain,Collégial,Année 2,Féminin,14,Difficultés économiques,1–5 km,< 2000 MAD,3,0,0
AB402458,2023-2024,Casablanca-Settat,CAS,Benslimane,Rural,Collégial,Année 2,Féminin,14,Travail enfant,1–5 km,4000-7000 MAD,2,0,0
AB402459,2018-2019,Tanger-Tétouan-Al Hoceïma,TAN,Tétouan,Urbain,Collégial,Année 3,Masculin,14,Difficultés économiques,1–5 km,2000-4000 MAD,2,1,0
AB402460,2018-2019,Tanger-Tétouan-Al Hoceïma,TAN,Tanger-Assilah,Rural,Qualifiant,Année 1,Féminin,18,Mariage précoce,< 1 km,< 2000 MAD,8,1,1
AB402461,2019-2020,Souss-Massa,SOU,Agadir-Ida-Ou-Tanane,Rural,Qualifiant,Année 3,Masculin,18,Mariage précoce,< 1 km,< 2000 MAD,6,0,0
AB402462,2017-2018,Casablanca-Settat,CAS,Berrechid,Urbain,Collégial,Année 2,Masculin,15,Éloignement de l'établissement,> 15 km,4000-7000 MAD,3,0,0
AB402463,2019-2020,Béni Mellal-Khénifra,BMK,Béni Mellal,Rural,Collégial,Année 2,Masculin,14,Handicap,> 15 km,2000-4000 MAD,8,1,0
AB402464,2019-2020,Marrakech-Safi,MAR,El Kelaa des Sraghna,Rural,Qualifiant,Année 3,Féminin,16,Mariage précoce,1–5 km,4000-7000 MAD,5,0,0
AB402465,2019-2020,Fès-Meknès,FES,Taounate,Urbain,Qualifiant,Année 1,Féminin,16,Éloignement de l'établissement,> 15 km,< 2000 MAD,4,0,0
AB402466,2015-2016,Casablanca-Settat,CAS,Settat,Urbain,Primaire,Année 2,Masculin,12,Difficultés scolaires,> 15 km,2000-4000 MAD,8,0,0
AB402467,2017-2018,Marrakech-Safi,MAR,Safi,Urbain,Collégial,Année 1,Masculin,15,Éloignement de l'établissement,1–5 km,2000-4000 MAD,5,1,0
AB402468,2020-2021,Marrakech-Safi,MAR,Safi,Rural,Qualifiant,Année 2,Féminin,17,Autre,> 15 km,4000-7000 MAD,4,0,0
AB402469,2022-2023,Marrakech-Safi,MAR,El Kelaa des Sraghna,Rural,Qualifiant,Année 1,Masculin,17,Handicap,1–5 km,2000-4000 MAD,1,0,0
AB402470,2019-2020,Fès-Meknès,FES,Ifrane,Urbain,Qualifiant,Année 1,Masculin,18,Manque d'infrastructures,< 1 km,> 7000 MAD,2,1,0
AB402471,2017-2018,Marrakech-Safi,MAR,Youssoufia,Rural,Qualifiant,Année 3,Masculin,18,Mariage précoce,5–15 km,4000-7000 MAD,7,1,0
AB402472,2021-2022,Marrakech-Safi,MAR,Al Haouz,Rural,Collégial,Année 2,Masculin,14,Difficultés économiques,1–5 km,2000-4000 MAD,1,1,1
AB402473,2017-2018,Casablanca-Settat,CAS,Benslimane,Urbain,Qualifiant,Année 2,Féminin,17,Difficultés économiques,< 1 km,2000-4000 MAD,6,1,0
AB402474,2022-2023,Oriental,ORI,Guercif,Rural,Primaire,Année 3,Féminin,12,Travail enfant,1–5 km,4000-7000 MAD,1,1,0
AB402475,2020-2021,Guelmim-Oued Noun,GUE,Guelmim,Rural,Primaire,Année 1,Féminin,12,Éloignement de l'établissement,< 1 km,< 2000 MAD,6,1,1
AB402476,2015-2016,Marrakech-Safi,MAR,Marrakech,Rural,Qualifiant,Année 2,Masculin,18,Grossesse,5–15 km,< 2000 MAD,4,0,1
AB402477,2021-2022,Rabat-Salé-Kénitra,RAB,Khémisset,Urbain,Collégial,Année 3,Masculin,13,Difficultés scolaires,5–15 km,< 2000 MAD,5,1,0
AB402478,2021-2022,Casablanca-Settat,CAS,Settat,Rural,Collégial,Année 2,Féminin,15,Difficultés économiques,1–5 km,2000-4000 MAD,3,0,0
AB402479,2023-2024,Tanger-Tétouan-Al Hoceïma,TAN,Chefchaouen,Rural,Primaire,Année 3,Masculin,11,Travail enfant,5–15 km,4000-7000 MAD,4,0,0
AB402480,2016-2017,Rabat-Salé-Kénitra,RAB,Kénitra,Rural,Qualifiant,Année 3,Féminin,18,Éloignement de l'établissement,> 15 km,4000-7000 MAD,6,1,0
AB402481,2018-2019,Marrakech-Safi,MAR,Essaouira,Urbain,Primaire,Année 4,Masculin,11,Manque d'infrastructures,< 1 km,4000-7000 MAD,6,1,0
AB402482,2020-2021,Tanger-Tétouan-Al Hoceïma,TAN,Tanger-Assilah,Urbain,Collégial,Année 3,Masculin,13,Difficultés scolaires,5–15 km,2000-4000 MAD,2,1,0
AB402483,2016-2017,Souss-Massa,SOU,Agadir-Ida-Ou-Tanane,Urbain,Collégial,Année 3,Féminin,14,Difficultés économiques,< 1 km,2000-4000 MAD,2,0,0
AB402484,2020-2021,Tanger-Tétouan-Al Hoceïma,TAN,Al Hoceïma,Urbain,Collégial,Année 1,Féminin,15,Difficultés économiques,5–15 km,4000-7000 MAD,7,1,1
AB402485,2021-2022,Fès-Meknès,FES,El Hajeb,Urbain,Collégial,Année 2,Masculin,13,Autre,5–15 km,< 2000 MAD,6,0,0
AB402486,2023-2024,Fès-Meknès,FES,Moulay Yacoub,Urbain,Collégial,Année 1,Féminin,13,Autre,1–5 km,< 2000 MAD,4,1,1
AB402487,2015-2016,Oriental,ORI,Taourirt,Urbain,Collégial,Année 3,Masculin,15,Éloignement de l'établissement,5–15 km,4000-7000 MAD,8,0,0
AB402488,2023-2024,Drâa-Tafilalet,DRA,Tinghir,Rural,Qualifiant,Année 2,Masculin,17,Manque d'infrastructures,< 1 km,2000-4000 MAD,5,0,0
AB402489,2017-2018,Béni Mellal-Khénifra,BMK,Béni Mellal,Urbain,Collégial,Année 1,Masculin,13,Difficultés scolaires,1–5 km,< 2000 MAD,6,1,0
AB402490,2019-2020,Casablanca-Settat,CAS,Mohammadia,Urbain,Collégial,Année 2,Féminin,13,Autre,1–5 km,> 7000 MAD,4,0,0
AB402491,2021-2022,Rabat-Salé-Kénitra,RAB,Rabat,Rural,Collégial,Année 2,Féminin,14,Difficultés économiques,5–15 km,2000-4000 MAD,1,0,0
AB402492,2018-2019,Casablanca-Settat,CAS,Mohammadia,Rural,Qualifiant,Année 1,Masculin,16,Mariage précoce,< 1 km,< 2000 MAD,7,1,0
AB402493,2015-2016,Rabat-Salé-Kénitra,RAB,Salé,Urbain,Collégial,Année 1,Féminin,15,Difficultés scolaires,1–5 km,2000-4000 MAD,1,0,0
AB402494,2020-2021,Oriental,ORI,Jerada,Urbain,Collégial,Année 2,Masculin,15,Difficultés économiques,1–5 km,4000-7000 MAD,5,1,0
AB402495,2020-2021,Marrakech-Safi,MAR,Youssoufia,Urbain,Primaire,Année 3,Féminin,10,Travail enfant,< 1 km,< 2000 MAD,5,1,0
AB402496,2015-2016,Casablanca-Settat,CAS,Khouribga,Rural,Qualifiant,Année 3,Masculin,16,Autre,> 15 km,2000-4000 MAD,5,1,0
AB402497,2020-2021,Casablanca-Settat,CAS,Sidi Bennour,Urbain,Primaire,Année 4,Masculin,7,Difficultés économiques,1–5 km,2000-4000 MAD,3,1,0
AB402498,2021-2022,Fès-Meknès,FES,Meknès,Urbain,Collégial,Année 1,Féminin,14,Difficultés économiques,1–5 km,2000-4000 MAD,8,1,0
AB402499,2020-2021,Casablanca-Settat,CAS,Mohammadia,Urbain,Primaire,Année 6,Féminin,12,Travail enfant,1–5 km,2000-4000 MAD,2,1,0
AB402500,2015-2016,Marrakech-Safi,MAR,El Kelaa des Sraghna,Urbain,Qualifiant,Année 1,Féminin,16,Autre,> 15 km,2000-4000 MAD,4,1,0
AB402501,2017-2018,Marrakech-Safi,MAR,Al Haouz,Urbain,Collégial,Année 2,Masculin,13,Difficultés économiques,1–5 km,2000-4000 MAD,5,0,0
AB402502,2021-2022,Fès-Meknès,FES,Fès,Urbain,Primaire,Année 3,Masculin,7,Manque d'infrastructures,< 1 km,2000-4000 MAD,6,1,0
AB402503,2019-2020,Casablanca-Settat,CAS,Benslimane,Urbain,Qualifiant,Année 1,Masculin,16,Difficultés scolaires,1–5 km,4000-7000 MAD,7,0,0
AB402504,2019-2020,Casablanca-Settat,CAS,Mohammadia,Urbain,Qualifiant,Année 2,Masculin,18,Difficultés scolaires,1–5 km,> 7000 MAD,3,1,0
AB402505,2022-2023,Souss-Massa,SOU,Tiznit,Rural,Primaire,Année 3,Masculin,9,Autre,5–15 km,> 7000 MAD,3,0,0
AB402506,2017-2018,Tanger-Tétouan-Al Hoceïma,TAN,Larache,Urbain,Primaire,Année 3,Masculin,8,Handicap,< 1 km,2000-4000 MAD,6,0,0
AB402507,2016-2017,Béni Mellal-Khénifra,BMK,El Kelaa des Sraghna,Rural,Collégial,Année 2,Masculin,13,Difficultés économiques,> 15 km,> 7000 MAD,4,0,1
AB402508,2017-2018,Souss-Massa,SOU,Tiznit,Urbain,Qualifiant,Année 2,Masculin,18,Éloignement de l'établissement,1–5 km,4000-7000 MAD,5,1,1
AB402509,2016-2017,Rabat-Salé-Kénitra,RAB,Khémisset,Urbain,Qualifiant,Année 1,Féminin,17,Mariage précoce,< 1 km,< 2000 MAD,3,1,0
AB402510,2017-2018,Tanger-Tétouan-Al Hoceïma,TAN,Tétouan,Rural,Primaire,Année 2,Masculin,8,Éloignement de l'établissement,< 1 km,2000-4000 MAD,4,1,0
AB402511,2017-2018,Tanger-Tétouan-Al Hoceïma,TAN,Fahs-Anjra,Rural,Primaire,Année 2,Féminin,10,Difficultés scolaires,1–5 km,> 7000 MAD,4,1,0
AB402512,2019-2020,Casablanca-Settat,CAS,Benslimane,Rural,Qualifiant,Année 1,Féminin,18,Autre,> 15 km,< 2000 MAD,4,1,0
AB402513,2020-2021,Marrakech-Safi,MAR,Essaouira,Urbain,Primaire,Année 2,Masculin,11,Difficultés économiques,5–15 km,> 7000 MAD,8,0,1
AB402514,2017-2018,Oriental,ORI,Figuig,Urbain,Collégial,Année 1,Féminin,14,Grossesse,5–15 km,2000-4000 MAD,4,1,0
AB402515,2018-2019,Fès-Meknès,FES,Fès,Rural,Collégial,Année 1,Masculin,15,Difficultés économiques,1–5 km,< 2000 MAD,8,0,0
AB402516,2020-2021,Souss-Massa,SOU,Chtouka-Ait Baha,Rural,Qualifiant,Année 3,Masculin,17,Difficultés scolaires,1–5 km,2000-4000 MAD,5,1,0
AB402517,2020-2021,Souss-Massa,SOU,Chtouka-Ait Baha,Urbain,Collégial,Année 3,Masculin,15,Éloignement de l'établissement,< 1 km,2000-4000 MAD,2,0,0
AB402518,2015-2016,Casablanca-Settat,CAS,Mohammadia,Rural,Primaire,Année 1,Féminin,9,Travail enfant,> 15 km,2000-4000 MAD,2,1,0
AB402519,2021-2022,Guelmim-Oued Noun,GUE,Guelmim,Rural,Qualifiant,Année 1,Masculin,17,Grossesse,1–5 km,> 7000 MAD,8,0,0
AB402520,2015-2016,Rabat-Salé-Kénitra,RAB,Sidi Slimane,Rural,Qualifiant,Année 2,Masculin,16,Autre,1–5 km,4000-7000 MAD,4,1,0
AB402521,2015-2016,Marrakech-Safi,MAR,Youssoufia,Rural,Primaire,Année 6,Masculin,9,Manque d'infrastructures,< 1 km,2000-4000 MAD,2,1,0
AB402522,2015-2016,Rabat-Salé-Kénitra,RAB,Sidi Slimane,Rural,Qualifiant,Année 2,Féminin,18,Grossesse,1–5 km,2000-4000 MAD,4,1,0
AB402523,2016-2017,Souss-Massa,SOU,Tiznit,Rural,Primaire,Année 3,Masculin,9,Difficultés scolaires,1–5 km,2000-4000 MAD,7,0,1
AB402524,2019-2020,Fès-Meknès,FES,Boulemane,Urbain,Primaire,Année 4,Masculin,8,Difficultés économiques,1–5 km,2000-4000 MAD,7,1,1
AB402525,2021-2022,Casablanca-Settat,CAS,Benslimane,Urbain,Qualifiant,Année 2,Féminin,16,Difficultés économiques,5–15 km,2000-4000 MAD,6,1,0
AB402526,2018-2019,Marrakech-Safi,MAR,Al Haouz,Urbain,Collégial,Année 3,Masculin,15,Éloignement de l'établissement,> 15 km,4000-7000 MAD,2,0,0
AB402527,2018-2019,Marrakech-Safi,MAR,Chichaoua,Urbain,Qualifiant,Année 1,Masculin,18,Mariage précoce,1–5 km,> 7000 MAD,1,1,1
AB402528,2018-2019,Marrakech-Safi,MAR,Marrakech,Rural,Primaire,Année 4,Masculin,10,Difficultés économiques,1–5 km,< 2000 MAD,6,0,1
AB402529,2021-2022,Casablanca-Settat,CAS,Benslimane,Rural,Primaire,Année 1,Féminin,12,Difficultés économiques,5–15 km,> 7000 MAD,8,1,1
AB402530,2018-2019,Casablanca-Settat,CAS,Sidi Bennour,Urbain,Primaire,Année 6,Masculin,11,Difficultés économiques,5–15 km,4000-7000 MAD,3,1,0
AB402531,2023-2024,Casablanca-Settat,CAS,Mohammadia,Rural,Collégial,Année 3,Masculin,14,Difficultés scolaires,1–5 km,< 2000 MAD,8,0,0
AB402532,2022-2023,Rabat-Salé-Kénitra,RAB,Skhirate-Témara,Urbain,Collégial,Année 3,Masculin,15,Difficultés économiques,< 1 km,> 7000 MAD,6,0,1
AB402533,2022-2023,Tanger-Tétouan-Al Hoceïma,TAN,Tanger-Assilah,Rural,Primaire,Année 5,Masculin,7,Éloignement de l'établissement,1–5 km,2000-4000 MAD,5,1,0
AB402534,2017-2018,Marrakech-Safi,MAR,Al Haouz,Urbain,Collégial,Année 2,Masculin,15,Éloignement de l'établissement,1–5 km,2000-4000 MAD,7,0,0
AB402535,2020-2021,Souss-Massa,SOU,Agadir-Ida-Ou-Tanane,Urbain,Collégial,Année 2,Masculin,14,Travail enfant,1–5 km,4000-7000 MAD,1,1,1
AB402536,2015-2016,Béni Mellal-Khénifra,BMK,Fquih Ben Salah,Rural,Primaire,Année 2,Masculin,8,Éloignement de l'établissement,1–5 km,2000-4000 MAD,2,1,0
AB402537,2019-2020,Oriental,ORI,Nador,Urbain,Primaire,Année 6,Masculin,9,Manque d'infrastructures,1–5 km,4000-7000 MAD,1,1,0
AB402538,2019-2020,Souss-Massa,SOU,Tiznit,Rural,Collégial,Année 2,Féminin,14,Handicap,1–5 km,2000-4000 MAD,7,1,0
AB402539,2018-2019,Drâa-Tafilalet,DRA,Ouarzazate,Rural,Primaire,Année 3,Masculin,12,Éloignement de l'établissement,1–5 km,2000-4000 MAD,5,0,1
AB402540,2022-2023,Oriental,ORI,Nador,Rural,Primaire,Année 1,Masculin,11,Difficultés économiques,1–5 km,4000-7000 MAD,3,0,1
AB402541,2017-2018,Casablanca-Settat,CAS,Khouribga,Rural,Qualifiant,Année 1,Masculin,16,Difficultés économiques,1–5 km,> 7000 MAD,8,1,0
AB402542,2015-2016,Tanger-Tétouan-Al Hoceïma,TAN,Tanger-Assilah,Rural,Collégial,Année 2,Masculin,15,Éloignement de l'établissement,1–5 km,4000-7000 MAD,5,0,0
AB402543,2019-2020,Rabat-Salé-Kénitra,RAB,Skhirate-Témara,Rural,Collégial,Année 2,Féminin,15,Difficultés économiques,1–5 km,< 2000 MAD,8,1,0
AB402544,2018-2019,Casablanca-Settat,CAS,Mohammadia,Rural,Qualifiant,Année 3,Féminin,16,Mariage précoce,5–15 km,< 2000 MAD,7,1,1
AB402545,2017-2018,Souss-Massa,SOU,Tiznit,Rural,Qualifiant,Année 2,Masculin,16,Difficultés économiques,1–5 km,4000-7000 MAD,8,1,0
AB402546,2020-2021,Fès-Meknès,FES,Taza,Urbain,Qualifiant,Année 2,Masculin,16,Difficultés scolaires,1–5 km,4000-7000 MAD,5,1,0
AB402547,2017-2018,Oriental,ORI,Berkane,Rural,Primaire,Année 4,Masculin,12,Manque d'infrastructures,1–5 km,2000-4000 MAD,3,1,0
AB402548,2020-2021,Casablanca-Settat,CAS,El Jadida,Urbain,Collégial,Année 2,Masculin,13,Travail enfant,5–15 km,4000-7000 MAD,5,0,0
AB402549,2023-2024,Fès-Meknès,FES,Boulemane,Urbain,Collégial,Année 1,Masculin,13,Manque d'infrastructures,1–5 km,2000-4000 MAD,6,0,0
AB402550,2018-2019,Marrakech-Safi,MAR,Safi,Rural,Primaire,Année 6,Masculin,9,Mariage précoce,> 15 km,2000-4000 MAD,8,1,0
AB402551,2018-2019,Marrakech-Safi,MAR,Youssoufia,Rural,Collégial,Année 2,Masculin,14,Travail enfant,< 1 km,2000-4000 MAD,7,1,0
AB402552,2020-2021,Béni Mellal-Khénifra,BMK,Khouribga,Rural,Primaire,Année 4,Masculin,11,Éloignement de l'établissement,5–15 km,> 7000 MAD,2,1,0
AB402553,2021-2022,Fès-Meknès,FES,Meknès,Rural,Collégial,Année 1,Féminin,14,Difficultés scolaires,< 1 km,4000-7000 MAD,4,1,1
AB402554,2022-2023,Souss-Massa,SOU,Inezgane-Ait Melloul,Urbain,Collégial,Année 3,Masculin,13,Éloignement de l'établissement,1–5 km,< 2000 MAD,8,1,1
AB402555,2018-2019,Casablanca-Settat,CAS,Berrechid,Rural,Primaire,Année 6,Féminin,10,Mariage précoce,5–15 km,4000-7000 MAD,7,0,1
AB402556,2022-2023,Béni Mellal-Khénifra,BMK,El Kelaa des Sraghna,Rural,Collégial,Année 1,Masculin,13,Difficultés scolaires,1–5 km,< 2000 MAD,7,1,0
AB402557,2022-2023,Fès-Meknès,FES,El Hajeb,Rural,Collégial,Année 1,Masculin,13,Mariage précoce,> 15 km,4000-7000 MAD,6,1,0
AB402558,2015-2016,Fès-Meknès,FES,Ifrane,Urbain,Qualifiant,Année 2,Féminin,18,Difficultés scolaires,5–15 km,< 2000 MAD,5,1,1
AB402559,2018-2019,Marrakech-Safi,MAR,Safi,Urbain,Collégial,Année 3,Féminin,15,Éloignement de l'établissement,1–5 km,< 2000 MAD,5,0,0
AB402560,2015-2016,Béni Mellal-Khénifra,BMK,Béni Mellal,Urbain,Collégial,Année 1,Féminin,15,Autre,1–5 km,4000-7000 MAD,3,1,0
AB402561,2022-2023,Casablanca-Settat,CAS,Berrechid,Urbain,Qualifiant,Année 3,Féminin,18,Éloignement de l'établissement,1–5 km,< 2000 MAD,5,1,0
AB402562,2015-2016,Tanger-Tétouan-Al Hoceïma,TAN,Tanger-Assilah,Urbain,Qualifiant,Année 2,Masculin,17,Manque d'infrastructures,1–5 km,< 2000 MAD,8,0,0
AB402563,2016-2017,Casablanca-Settat,CAS,Casablanca,Rural,Primaire,Année 3,Féminin,12,Difficultés scolaires,1–5 km,> 7000 MAD,5,0,1
AB402564,2021-2022,Tanger-Tétouan-Al Hoceïma,TAN,Fahs-Anjra,Rural,Collégial,Année 2,Masculin,15,Difficultés économiques,1–5 km,4000-7000 MAD,4,1,0
AB402565,2015-2016,Fès-Meknès,FES,Moulay Yacoub,Rural,Collégial,Année 2,Masculin,13,Travail enfant,> 15 km,< 2000 MAD,3,0,1
AB402566,2015-2016,Casablanca-Settat,CAS,Mohammadia,Urbain,Primaire,Année 6,Masculin,7,Difficultés économiques,< 1 km,< 2000 MAD,8,1,0
AB402567,2022-2023,Casablanca-Settat,CAS,Sidi Bennour,Rural,Primaire,Année 3,Féminin,7,Grossesse,< 1 km,4000-7000 MAD,8,1,0
AB402568,2019-2020,Casablanca-Settat,CAS,Sidi Bennour,Rural,Primaire,Année 5,Masculin,12,Manque d'infrastructures,< 1 km,4000-7000 MAD,1,0,0
AB402569,2022-2023,Béni Mellal-Khénifra,BMK,Fquih Ben Salah,Urbain,Collégial,Année 2,Masculin,15,Travail enfant,> 15 km,< 2000 MAD,5,0,0
AB402570,2020-2021,Marrakech-Safi,MAR,Al Haouz,Rural,Primaire,Année 6,Masculin,11,Éloignement de l'établissement,< 1 km,< 2000 MAD,4,1,0
AB402571,2023-2024,Souss-Massa,SOU,Tiznit,Urbain,Collégial,Année 3,Féminin,15,Difficultés économiques,< 1 km,< 2000 MAD,1,0,1
AB402572,2017-2018,Dakhla-Oued Eddahab,DAK,Aousserd,Urbain,Qualifiant,Année 1,Féminin,18,Éloignement de l'établissement,1–5 km,> 7000 MAD,6,1,0
AB402573,2018-2019,Souss-Massa,SOU,Taroudannt,Rural,Collégial,Année 1,Féminin,13,Difficultés économiques,> 15 km,4000-7000 MAD,8,0,1
AB402574,2017-2018,Tanger-Tétouan-Al Hoceïma,TAN,Al Hoceïma,Rural,Collégial,Année 3,Masculin,15,Travail enfant,1–5 km,< 2000 MAD,1,0,0
AB402575,2015-2016,Rabat-Salé-Kénitra,RAB,Sidi Slimane,Rural,Primaire,Année 6,Féminin,9,Difficultés scolaires,1–5 km,2000-4000 MAD,1,0,0
AB402576,2016-2017,Casablanca-Settat,CAS,Sidi Bennour,Rural,Primaire,Année 3,Masculin,7,Difficultés économiques,1–5 km,2000-4000 MAD,4,0,0
AB402577,2020-2021,Rabat-Salé-Kénitra,RAB,Kénitra,Rural,Primaire,Année 1,Masculin,10,Mariage précoce,< 1 km,2000-4000 MAD,1,1,0
AB402578,2019-2020,Fès-Meknès,FES,Taounate,Rural,Collégial,Année 2,Masculin,13,Difficultés économiques,1–5 km,< 2000 MAD,4,0,0
AB402579,2021-2022,Rabat-Salé-Kénitra,RAB,Rabat,Rural,Qualifiant,Année 2,Féminin,18,Difficultés scolaires,< 1 km,< 2000 MAD,4,0,1
AB402580,2018-2019,Rabat-Salé-Kénitra,RAB,Skhirate-Témara,Rural,Qualifiant,Année 3,Masculin,17,Mariage précoce,5–15 km,< 2000 MAD,4,1,0
AB402581,2020-2021,Tanger-Tétouan-Al Hoceïma,TAN,Mdiq-Fnideq,Rural,Qualifiant,Année 2,Féminin,17,Difficultés scolaires,1–5 km,4000-7000 MAD,5,1,0
AB402582,2020-2021,Fès-Meknès,FES,Meknès,Rural,Qualifiant,Année 1,Masculin,16,Difficultés scolaires,> 15 km,< 2000 MAD,2,1,0
AB402583,2019-2020,Rabat-Salé-Kénitra,RAB,Rabat,Urbain,Collégial,Année 2,Féminin,14,Difficultés économiques,1–5 km,2000-4000 MAD,5,0,1
AB402584,2015-2016,Tanger-Tétouan-Al Hoceïma,TAN,Al Hoceïma,Rural,Qualifiant,Année 1,Masculin,18,Difficultés économiques,> 15 km,2000-4000 MAD,4,0,0
AB402585,2019-2020,Tanger-Tétouan-Al Hoceïma,TAN,Mdiq-Fnideq,Urbain,Collégial,Année 2,Masculin,13,Difficultés scolaires,< 1 km,2000-4000 MAD,7,0,0
AB402586,2016-2017,Casablanca-Settat,CAS,El Jadida,Rural,Primaire,Année 5,Féminin,10,Manque d'infrastructures,1–5 km,2000-4000 MAD,3,1,0
AB402587,2017-2018,Fès-Meknès,FES,Fès,Rural,Collégial,Année 1,Féminin,14,Difficultés scolaires,1–5 km,4000-7000 MAD,8,0,0
AB402588,2017-2018,Tanger-Tétouan-Al Hoceïma,TAN,Fahs-Anjra,Urbain,Primaire,Année 3,Masculin,9,Travail enfant,5–15 km,2000-4000 MAD,3,0,0
AB402589,2020-2021,Fès-Meknès,FES,Fès,Rural,Collégial,Année 3,Féminin,14,Difficultés économiques,1–5 km,< 2000 MAD,6,1,1
AB402590,2020-2021,Marrakech-Safi,MAR,Chichaoua,Urbain,Primaire,Année 6,Féminin,10,Travail enfant,< 1 km,2000-4000 MAD,2,1,0
AB402591,2018-2019,Oriental,ORI,Figuig,Rural,Primaire,Année 6,Féminin,8,Difficultés économiques,> 15 km,4000-7000 MAD,4,1,0
AB402592,2023-2024,Casablanca-Settat,CAS,Mohammadia,Rural,Collégial,Année 3,Féminin,15,Difficultés scolaires,5–15 km,2000-4000 MAD,6,1,0
AB402593,2020-2021,Souss-Massa,SOU,Taroudannt,Urbain,Qualifiant,Année 2,Féminin,17,Mariage précoce,< 1 km,2000-4000 MAD,2,0,1
AB402594,2022-2023,Oriental,ORI,Figuig,Urbain,Qualifiant,Année 3,Masculin,16,Difficultés économiques,1–5 km,2000-4000 MAD,7,0,0
AB402595,2022-2023,Oriental,ORI,Driouch,Urbain,Primaire,Année 6,Masculin,8,Difficultés scolaires,< 1 km,2000-4000 MAD,4,1,1
AB402596,2019-2020,Marrakech-Safi,MAR,Essaouira,Rural,Qualifiant,Année 2,Féminin,17,Handicap,< 1 km,2000-4000 MAD,7,1,0
AB402597,2019-2020,Fès-Meknès,FES,Meknès,Urbain,Primaire,Année 6,Masculin,9,Difficultés économiques,5–15 km,2000-4000 MAD,8,1,0
AB402598,2022-2023,Rabat-Salé-Kénitra,RAB,Salé,Urbain,Collégial,Année 1,Masculin,15,Difficultés économiques,> 15 km,2000-4000 MAD,4,1,1
AB402599,2019-2020,Béni Mellal-Khénifra,BMK,Béni Mellal,Urbain,Collégial,Année 2,Féminin,13,Difficultés scolaires,1–5 km,< 2000 MAD,4,1,0
AB402600,2022-2023,Marrakech-Safi,MAR,Marrakech,Urbain,Primaire,Année 6,Féminin,8,Éloignement de l'établissement,5–15 km,< 2000 MAD,1,1,0
AB402601,2023-2024,Tanger-Tétouan-Al Hoceïma,TAN,Mdiq-Fnideq,Rural,Primaire,Année 4,Masculin,10,Travail enfant,5–15 km,> 7000 MAD,3,0,0
AB402602,2015-2016,Casablanca-Settat,CAS,Casablanca,Rural,Collégial,Année 3,Masculin,13,Difficultés économiques,< 1 km,2000-4000 MAD,7,0,1
AB402603,2019-2020,Marrakech-Safi,MAR,Youssoufia,Urbain,Primaire,Année 5,Masculin,11,Difficultés scolaires,1–5 km,2000-4000 MAD,3,1,0
AB402604,2016-2017,Fès-Meknès,FES,Meknès,Urbain,Qualifiant,Année 2,Masculin,16,Grossesse,< 1 km,< 2000 MAD,5,1,1
AB402605,2022-2023,Casablanca-Settat,CAS,Mohammadia,Rural,Collégial,Année 1,Féminin,15,Travail enfant,5–15 km,< 2000 MAD,3,1,1
AB402606,2020-2021,Tanger-Tétouan-Al Hoceïma,TAN,Tétouan,Urbain,Collégial,Année 1,Féminin,13,Éloignement de l'établissement,< 1 km,2000-4000 MAD,2,0,0
AB402607,2022-2023,Rabat-Salé-Kénitra,RAB,Sidi Slimane,Rural,Qualifiant,Année 1,Féminin,16,Difficultés économiques,1–5 km,2000-4000 MAD,4,0,1
AB402608,2019-2020,Fès-Meknès,FES,Ifrane,Rural,Qualifiant,Année 3,Féminin,18,Travail enfant,1–5 km,2000-4000 MAD,8,1,0
AB402609,2017-2018,Souss-Massa,SOU,Tata,Urbain,Collégial,Année 2,Féminin,13,Travail enfant,> 15 km,> 7000 MAD,5,1,0
AB402610,2016-2017,Oriental,ORI,Taourirt,Urbain,Collégial,Année 2,Masculin,13,Mariage précoce,> 15 km,> 7000 MAD,5,1,1
AB402611,2020-2021,Souss-Massa,SOU,Tata,Rural,Collégial,Année 1,Féminin,14,Difficultés scolaires,5–15 km,< 2000 MAD,5,1,0
AB402612,2021-2022,Marrakech-Safi,MAR,Al Haouz,Rural,Qualifiant,Année 1,Féminin,16,Difficultés scolaires,5–15 km,> 7000 MAD,5,1,0
AB402613,2022-2023,Casablanca-Settat,CAS,Settat,Rural,Collégial,Année 1,Féminin,13,Difficultés scolaires,1–5 km,< 2000 MAD,7,1,0
AB402614,2016-2017,Marrakech-Safi,MAR,Safi,Rural,Primaire,Année 5,Féminin,10,Difficultés économiques,1–5 km,4000-7000 MAD,3,1,0
AB402615,2016-2017,Marrakech-Safi,MAR,Marrakech,Rural,Primaire,Année 3,Féminin,10,Travail enfant,< 1 km,2000-4000 MAD,4,1,0
AB402616,2020-2021,Souss-Massa,SOU,Inezgane-Ait Melloul,Rural,Collégial,Année 2,Masculin,13,Difficultés économiques,< 1 km,2000-4000 MAD,5,1,0
AB402617,2016-2017,Souss-Massa,SOU,Chtouka-Ait Baha,Urbain,Collégial,Année 1,Masculin,14,Difficultés scolaires,5–15 km,2000-4000 MAD,2,0,0
AB402618,2019-2020,Fès-Meknès,FES,El Hajeb,Rural,Primaire,Année 4,Féminin,8,Travail enfant,5–15 km,2000-4000 MAD,5,1,0
AB402619,2020-2021,Béni Mellal-Khénifra,BMK,El Kelaa des Sraghna,Rural,Collégial,Année 1,Féminin,13,Grossesse,< 1 km,2000-4000 MAD,3,0,0
AB402620,2018-2019,Rabat-Salé-Kénitra,RAB,Khémisset,Urbain,Collégial,Année 2,Féminin,13,Travail enfant,5–15 km,< 2000 MAD,3,1,0
AB402621,2021-2022,Marrakech-Safi,MAR,Essaouira,Rural,Collégial,Année 1,Féminin,13,Mariage précoce,1–5 km,2000-4000 MAD,8,0,0
AB402622,2022-2023,Laâyoune-Sakia El Hamra,LAA,Tarfaya,Rural,Primaire,Année 1,Masculin,7,Difficultés scolaires,> 15 km,4000-7000 MAD,1,0,0
AB402623,2020-2021,Fès-Meknès,FES,Ifrane,Rural,Collégial,Année 2,Masculin,13,Travail enfant,< 1 km,2000-4000 MAD,5,1,0
AB402624,2022-2023,Béni Mellal-Khénifra,BMK,Béni Mellal,Rural,Collégial,Année 2,Masculin,14,Mariage précoce,< 1 km,2000-4000 MAD,2,0,0
AB402625,2023-2024,Fès-Meknès,FES,Taza,Rural,Collégial,Année 2,Féminin,15,Difficultés scolaires,5–15 km,4000-7000 MAD,3,1,0
AB402626,2017-2018,Oriental,ORI,Nador,Rural,Primaire,Année 6,Féminin,7,Difficultés économiques,1–5 km,2000-4000 MAD,7,1,0
AB402627,2017-2018,Laâyoune-Sakia El Hamra,LAA,Boujdour,Rural,Collégial,Année 1,Masculin,13,Difficultés économiques,5–15 km,2000-4000 MAD,4,1,1
AB402628,2023-2024,Casablanca-Settat,CAS,Mohammadia,Urbain,Qualifiant,Année 1,Masculin,17,Autre,1–5 km,< 2000 MAD,6,0,0
AB402629,2015-2016,Casablanca-Settat,CAS,Berrechid,Rural,Primaire,Année 6,Masculin,10,Travail enfant,> 15 km,2000-4000 MAD,2,0,0
AB402630,2022-2023,Casablanca-Settat,CAS,Khouribga,Rural,Collégial,Année 3,Féminin,14,Grossesse,5–15 km,< 2000 MAD,4,0,0
AB402631,2018-2019,Fès-Meknès,FES,Taza,Urbain,Qualifiant,Année 2,Féminin,17,Éloignement de l'établissement,1–5 km,< 2000 MAD,7,0,0
AB402632,2015-2016,Fès-Meknès,FES,Taounate,Rural,Collégial,Année 2,Masculin,13,Éloignement de l'établissement,> 15 km,2000-4000 MAD,5,1,0
AB402633,2015-2016,Tanger-Tétouan-Al Hoceïma,TAN,Tétouan,Urbain,Collégial,Année 2,Masculin,15,Mariage précoce,< 1 km,2000-4000 MAD,2,0,0
AB402634,2021-2022,Tanger-Tétouan-Al Hoceïma,TAN,Tanger-Assilah,Urbain,Primaire,Année 2,Féminin,8,Difficultés économiques,< 1 km,2000-4000 MAD,8,1,0
AB402635,2020-2021,Fès-Meknès,FES,Taza,Urbain,Collégial,Année 3,Féminin,15,Difficultés scolaires,< 1 km,< 2000 MAD,2,1,0
AB402636,2023-2024,Souss-Massa,SOU,Tata,Rural,Qualifiant,Année 3,Masculin,17,Travail enfant,< 1 km,> 7000 MAD,5,1,0
AB402637,2020-2021,Drâa-Tafilalet,DRA,Errachidia,Rural,Primaire,Année 3,Masculin,11,Grossesse,5–15 km,< 2000 MAD,8,0,0
AB402638,2016-2017,Rabat-Salé-Kénitra,RAB,Sidi Kacem,Rural,Primaire,Année 4,Masculin,8,Difficultés économiques,< 1 km,> 7000 MAD,2,0,0
AB402639,2016-2017,Casablanca-Settat,CAS,Benslimane,Urbain,Collégial,Année 3,Masculin,13,Éloignement de l'établissement,> 15 km,2000-4000 MAD,6,1,1
AB402640,2021-2022,Béni Mellal-Khénifra,BMK,El Kelaa des Sraghna,Urbain,Collégial,Année 1,Masculin,13,Éloignement de l'établissement,1–5 km,4000-7000 MAD,2,0,1
AB402641,2022-2023,Oriental,ORI,Oujda-Angad,Urbain,Qualifiant,Année 1,Masculin,16,Difficultés économiques,< 1 km,< 2000 MAD,4,1,0
AB402642,2020-2021,Casablanca-Settat,CAS,Berrechid,Rural,Collégial,Année 2,Féminin,13,Difficultés scolaires,< 1 km,< 2000 MAD,8,1,1
AB402643,2017-2018,Oriental,ORI,Figuig,Rural,Collégial,Année 3,Féminin,13,Difficultés économiques,1–5 km,4000-7000 MAD,4,0,1
AB402644,2022-2023,Casablanca-Settat,CAS,Casablanca,Urbain,Primaire,Année 1,Féminin,12,Travail enfant,5–15 km,4000-7000 MAD,2,1,0
AB402645,2019-2020,Casablanca-Settat,CAS,Khouribga,Rural,Qualifiant,Année 3,Féminin,17,Travail enfant,5–15 km,> 7000 MAD,2,1,0
AB402646,2021-2022,Fès-Meknès,FES,Ifrane,Rural,Primaire,Année 5,Féminin,9,Grossesse,1–5 km,4000-7000 MAD,5,0,0
AB402647,2016-2017,Fès-Meknès,FES,Meknès,Rural,Collégial,Année 2,Féminin,14,Travail enfant,1–5 km,2000-4000 MAD,1,1,1
AB402648,2023-2024,Marrakech-Safi,MAR,Marrakech,Rural,Collégial,Année 2,Masculin,15,Difficultés scolaires,> 15 km,4000-7000 MAD,8,0,0
AB402649,2019-2020,Casablanca-Settat,CAS,El Jadida,Rural,Collégial,Année 1,Féminin,14,Difficultés économiques,5–15 km,> 7000 MAD,8,1,1
AB402650,2016-2017,Casablanca-Settat,CAS,Casablanca,Rural,Collégial,Année 1,Féminin,13,Travail enfant,5–15 km,< 2000 MAD,8,0,0
AB402651,2020-2021,Tanger-Tétouan-Al Hoceïma,TAN,Fahs-Anjra,Rural,Qualifiant,Année 2,Masculin,17,Travail enfant,1–5 km,2000-4000 MAD,5,1,1
AB402652,2018-2019,Béni Mellal-Khénifra,BMK,Azilal,Rural,Qualifiant,Année 1,Masculin,17,Difficultés économiques,1–5 km,> 7000 MAD,8,1,0
AB402653,2021-2022,Rabat-Salé-Kénitra,RAB,Rabat,Rural,Qualifiant,Année 3,Féminin,16,Mariage précoce,< 1 km,2000-4000 MAD,4,1,1
AB402654,2016-2017,Marrakech-Safi,MAR,Al Haouz,Rural,Collégial,Année 1,Féminin,13,Éloignement de l'établissement,> 15 km,< 2000 MAD,1,1,0
AB402655,2023-2024,Drâa-Tafilalet,DRA,Errachidia,Rural,Collégial,Année 2,Féminin,15,Difficultés économiques,5–15 km,2000-4000 MAD,5,1,1
AB402656,2016-2017,Marrakech-Safi,MAR,Chichaoua,Rural,Collégial,Année 2,Masculin,14,Difficultés scolaires,1–5 km,< 2000 MAD,7,1,0
AB402657,2017-2018,Rabat-Salé-Kénitra,RAB,Khémisset,Rural,Primaire,Année 4,Masculin,11,Difficultés scolaires,1–5 km,2000-4000 MAD,8,0,0
AB402658,2023-2024,Marrakech-Safi,MAR,El Kelaa des Sraghna,Rural,Collégial,Année 2,Masculin,14,Éloignement de l'établissement,< 1 km,4000-7000 MAD,3,1,0
AB402659,2018-2019,Souss-Massa,SOU,Agadir-Ida-Ou-Tanane,Rural,Primaire,Année 6,Masculin,12,Mariage précoce,< 1 km,4000-7000 MAD,3,1,1
AB402660,2017-2018,Béni Mellal-Khénifra,BMK,El Kelaa des Sraghna,Rural,Primaire,Année 5,Masculin,10,Éloignement de l'établissement,> 15 km,< 2000 MAD,1,1,0
AB402661,2020-2021,Casablanca-Settat,CAS,Casablanca,Rural,Primaire,Année 3,Masculin,10,Éloignement de l'établissement,< 1 km,< 2000 MAD,1,1,1
AB402662,2020-2021,Casablanca-Settat,CAS,Berrechid,Urbain,Collégial,Année 2,Féminin,13,Mariage précoce,1–5 km,2000-4000 MAD,1,0,1
AB402663,2023-2024,Casablanca-Settat,CAS,Berrechid,Urbain,Primaire,Année 1,Féminin,10,Travail enfant,< 1 km,< 2000 MAD,7,1,0
AB402664,2017-2018,Oriental,ORI,Guercif,Rural,Primaire,Année 5,Féminin,8,Difficultés scolaires,1–5 km,2000-4000 MAD,8,0,0
AB402665,2022-2023,Béni Mellal-Khénifra,BMK,Béni Mellal,Urbain,Collégial,Année 2,Féminin,13,Travail enfant,1–5 km,2000-4000 MAD,8,0,0
AB402666,2015-2016,Casablanca-Settat,CAS,Mohammadia,Urbain,Qualifiant,Année 3,Féminin,17,Difficultés scolaires,1–5 km,< 2000 MAD,7,0,0
AB402667,2020-2021,Rabat-Salé-Kénitra,RAB,Sidi Slimane,Urbain,Qualifiant,Année 3,Féminin,18,Mariage précoce,5–15 km,< 2000 MAD,5,0,1
AB402668,2020-2021,Tanger-Tétouan-Al Hoceïma,TAN,Ouazzane,Urbain,Primaire,Année 6,Féminin,10,Difficultés scolaires,> 15 km,2000-4000 MAD,1,1,1
AB402669,2020-2021,Guelmim-Oued Noun,GUE,Guelmim,Urbain,Collégial,Année 2,Masculin,13,Difficultés économiques,1–5 km,> 7000 MAD,3,0,0
AB402670,2015-2016,Casablanca-Settat,CAS,Berrechid,Urbain,Qualifiant,Année 1,Masculin,16,Grossesse,< 1 km,4000-7000 MAD,5,0,0
AB402671,2023-2024,Béni Mellal-Khénifra,BMK,Béni Mellal,Rural,Primaire,Année 1,Masculin,8,Travail enfant,< 1 km,< 2000 MAD,2,1,0
AB402672,2021-2022,Marrakech-Safi,MAR,Youssoufia,Rural,Collégial,Année 3,Masculin,13,Autre,1–5 km,2000-4000 MAD,5,0,1
AB402673,2020-2021,Casablanca-Settat,CAS,Settat,Urbain,Primaire,Année 4,Masculin,12,Travail enfant,5–15 km,2000-4000 MAD,5,1,0
AB402674,2023-2024,Rabat-Salé-Kénitra,RAB,Kénitra,Urbain,Collégial,Année 3,Masculin,15,Éloignement de l'établissement,< 1 km,> 7000 MAD,5,0,1
AB402675,2021-2022,Rabat-Salé-Kénitra,RAB,Skhirate-Témara,Rural,Qualifiant,Année 1,Masculin,16,Mariage précoce,< 1 km,< 2000 MAD,2,0,0
AB402676,2017-2018,Tanger-Tétouan-Al Hoceïma,TAN,Chefchaouen,Rural,Primaire,Année 3,Féminin,7,Travail enfant,1–5 km,< 2000 MAD,1,1,1
AB402677,2015-2016,Béni Mellal-Khénifra,BMK,Fquih Ben Salah,Urbain,Primaire,Année 5,Masculin,11,Difficultés économiques,5–15 km,4000-7000 MAD,6,1,0
AB402678,2017-2018,Fès-Meknès,FES,Séfrou,Rural,Primaire,Année 2,Masculin,11,Difficultés économiques,1–5 km,2000-4000 MAD,8,1,1
AB402679,2015-2016,Casablanca-Settat,CAS,Khouribga,Urbain,Collégial,Année 1,Masculin,13,Éloignement de l'établissement,1–5 km,2000-4000 MAD,5,0,0
AB402680,2018-2019,Drâa-Tafilalet,DRA,Errachidia,Rural,Collégial,Année 2,Masculin,13,Travail enfant,< 1 km,< 2000 MAD,5,1,0
AB402681,2017-2018,Marrakech-Safi,MAR,Youssoufia,Urbain,Qualifiant,Année 3,Masculin,18,Mariage précoce,> 15 km,< 2000 MAD,5,0,0
AB402682,2022-2023,Casablanca-Settat,CAS,Benslimane,Urbain,Collégial,Année 2,Masculin,15,Difficultés scolaires,1–5 km,2000-4000 MAD,1,0,0
AB402683,2019-2020,Rabat-Salé-Kénitra,RAB,Rabat,Rural,Primaire,Année 5,Féminin,9,Éloignement de l'établissement,1–5 km,< 2000 MAD,1,1,0
AB402684,2020-2021,Marrakech-Safi,MAR,Al Haouz,Urbain,Primaire,Année 3,Masculin,11,Travail enfant,< 1 km,2000-4000 MAD,4,1,0
AB402685,2018-2019,Oriental,ORI,Figuig,Urbain,Collégial,Année 2,Féminin,15,Travail enfant,1–5 km,< 2000 MAD,7,1,0
AB402686,2016-2017,Marrakech-Safi,MAR,Youssoufia,Rural,Collégial,Année 2,Féminin,13,Grossesse,1–5 km,2000-4000 MAD,8,0,0
AB402687,2022-2023,Marrakech-Safi,MAR,Al Haouz,Urbain,Collégial,Année 1,Féminin,13,Mariage précoce,1–5 km,< 2000 MAD,3,0,0
AB402688,2023-2024,Rabat-Salé-Kénitra,RAB,Rabat,Rural,Collégial,Année 1,Féminin,13,Manque d'infrastructures,1–5 km,2000-4000 MAD,1,0,1
AB402689,2018-2019,Guelmim-Oued Noun,GUE,Sidi Ifni,Rural,Collégial,Année 1,Masculin,15,Éloignement de l'établissement,1–5 km,2000-4000 MAD,8,1,1
AB402690,2019-2020,Marrakech-Safi,MAR,Youssoufia,Rural,Collégial,Année 3,Masculin,15,Travail enfant,1–5 km,2000-4000 MAD,6,1,1
AB402691,2023-2024,Tanger-Tétouan-Al Hoceïma,TAN,Al Hoceïma,Rural,Qualifiant,Année 2,Masculin,17,Handicap,< 1 km,< 2000 MAD,2,0,0
AB402692,2016-2017,Casablanca-Settat,CAS,Sidi Bennour,Rural,Primaire,Année 4,Masculin,7,Travail enfant,1–5 km,2000-4000 MAD,1,1,0
AB402693,2017-2018,Marrakech-Safi,MAR,El Kelaa des Sraghna,Urbain,Primaire,Année 3,Féminin,9,Difficultés scolaires,< 1 km,4000-7000 MAD,5,0,0
AB402694,2021-2022,Souss-Massa,SOU,Chtouka-Ait Baha,Rural,Collégial,Année 2,Féminin,15,Difficultés économiques,1–5 km,< 2000 MAD,5,1,1
AB402695,2022-2023,Fès-Meknès,FES,Taza,Rural,Primaire,Année 4,Féminin,11,Éloignement de l'établissement,< 1 km,4000-7000 MAD,2,0,0
AB402696,2021-2022,Tanger-Tétouan-Al Hoceïma,TAN,Mdiq-Fnideq,Urbain,Qualifiant,Année 1,Masculin,17,Autre,< 1 km,< 2000 MAD,5,1,0
AB402697,2016-2017,Fès-Meknès,FES,Taounate,Rural,Primaire,Année 2,Masculin,7,Mariage précoce,5–15 km,> 7000 MAD,5,1,0
AB402698,2021-2022,Casablanca-Settat,CAS,Settat,Rural,Collégial,Année 1,Masculin,14,Difficultés économiques,5–15 km,2000-4000 MAD,7,1,1
AB402699,2018-2019,Casablanca-Settat,CAS,Khouribga,Rural,Qualifiant,Année 3,Féminin,17,Handicap,> 15 km,2000-4000 MAD,1,0,1
AB402700,2016-2017,Béni Mellal-Khénifra,BMK,El Kelaa des Sraghna,Rural,Primaire,Année 3,Féminin,8,Manque d'infrastructures,> 15 km,2000-4000 MAD,6,1,1
AB402701,2017-2018,Souss-Massa,SOU,Tata,Urbain,Collégial,Année 1,Masculin,14,Difficultés économiques,5–15 km,2000-4000 MAD,8,0,0
AB402702,2015-2016,Rabat-Salé-Kénitra,RAB,Rabat,Urbain,Collégial,Année 2,Féminin,15,Difficultés économiques,5–15 km,> 7000 MAD,2,0,1
AB402703,2016-2017,Souss-Massa,SOU,Taroudannt,Rural,Collégial,Année 2,Féminin,13,Difficultés économiques,> 15 km,2000-4000 MAD,4,1,0
AB402704,2017-2018,Souss-Massa,SOU,Chtouka-Ait Baha,Urbain,Qualifiant,Année 2,Masculin,16,Difficultés scolaires,1–5 km,4000-7000 MAD,2,1,0
AB402705,2017-2018,Rabat-Salé-Kénitra,RAB,Salé,Rural,Collégial,Année 3,Masculin,13,Difficultés économiques,1–5 km,2000-4000 MAD,8,1,0
AB402706,2022-2023,Tanger-Tétouan-Al Hoceïma,TAN,Larache,Rural,Qualifiant,Année 2,Masculin,16,Mariage précoce,1–5 km,2000-4000 MAD,7,1,0
AB402707,2019-2020,Marrakech-Safi,MAR,Marrakech,Rural,Primaire,Année 6,Féminin,11,Grossesse,< 1 km,4000-7000 MAD,6,0,0
AB402708,2017-2018,Béni Mellal-Khénifra,BMK,Fquih Ben Salah,Rural,Qualifiant,Année 3,Masculin,18,Mariage précoce,1–5 km,2000-4000 MAD,8,0,0
AB402709,2018-2019,Laâyoune-Sakia El Hamra,LAA,Boujdour,Urbain,Primaire,Année 4,Féminin,8,Travail enfant,> 15 km,4000-7000 MAD,3,1,0
AB402710,2023-2024,Casablanca-Settat,CAS,Casablanca,Urbain,Qualifiant,Année 2,Féminin,18,Difficultés scolaires,< 1 km,> 7000 MAD,3,0,1
AB402711,2018-2019,Casablanca-Settat,CAS,Berrechid,Rural,Collégial,Année 1,Féminin,13,Mariage précoce,< 1 km,2000-4000 MAD,8,0,0
AB402712,2022-2023,Casablanca-Settat,CAS,Khouribga,Rural,Collégial,Année 2,Féminin,13,Manque d'infrastructures,5–15 km,< 2000 MAD,3,1,0
AB402713,2018-2019,Casablanca-Settat,CAS,Sidi Bennour,Rural,Primaire,Année 2,Féminin,10,Difficultés scolaires,1–5 km,2000-4000 MAD,2,1,0
AB402714,2019-2020,Rabat-Salé-Kénitra,RAB,Khémisset,Rural,Primaire,Année 6,Féminin,12,Travail enfant,< 1 km,2000-4000 MAD,4,1,0
AB402715,2017-2018,Fès-Meknès,FES,Moulay Yacoub,Rural,Collégial,Année 2,Masculin,15,Difficultés économiques,< 1 km,> 7000 MAD,5,0,1
AB402716,2020-2021,Rabat-Salé-Kénitra,RAB,Skhirate-Témara,Urbain,Primaire,Année 4,Féminin,10,Difficultés économiques,> 15 km,4000-7000 MAD,5,1,1
AB402717,2015-2016,Casablanca-Settat,CAS,El Jadida,Rural,Collégial,Année 2,Masculin,14,Éloignement de l'établissement,1–5 km,4000-7000 MAD,1,1,0
AB402718,2022-2023,Fès-Meknès,FES,El Hajeb,Rural,Primaire,Année 2,Masculin,12,Difficultés scolaires,1–5 km,4000-7000 MAD,5,0,0
AB402719,2018-2019,Tanger-Tétouan-Al Hoceïma,TAN,Fahs-Anjra,Rural,Collégial,Année 2,Féminin,13,Difficultés scolaires,1–5 km,< 2000 MAD,6,1,1
AB402720,2017-2018,Drâa-Tafilalet,DRA,Tinghir,Rural,Collégial,Année 1,Féminin,13,Manque d'infrastructures,> 15 km,2000-4000 MAD,8,1,0
AB402721,2017-2018,Souss-Massa,SOU,Chtouka-Ait Baha,Rural,Primaire,Année 3,Féminin,11,Travail enfant,5–15 km,2000-4000 MAD,1,0,0
AB402722,2019-2020,Tanger-Tétouan-Al Hoceïma,TAN,Ouazzane,Urbain,Primaire,Année 2,Masculin,8,Difficultés scolaires,1–5 km,> 7000 MAD,3,0,0
AB402723,2023-2024,Drâa-Tafilalet,DRA,Midelt,Rural,Primaire,Année 3,Masculin,9,Difficultés scolaires,< 1 km,2000-4000 MAD,8,1,0
AB402724,2016-2017,Fès-Meknès,FES,Taza,Rural,Qualifiant,Année 1,Masculin,17,Difficultés scolaires,1–5 km,2000-4000 MAD,2,0,0
AB402725,2019-2020,Casablanca-Settat,CAS,Mohammadia,Rural,Primaire,Année 4,Masculin,11,Travail enfant,5–15 km,4000-7000 MAD,4,0,0
AB402726,2017-2018,Tanger-Tétouan-Al Hoceïma,TAN,Chefchaouen,Rural,Primaire,Année 1,Féminin,10,Handicap,< 1 km,2000-4000 MAD,2,0,0
AB402727,2017-2018,Casablanca-Settat,CAS,Settat,Rural,Primaire,Année 1,Féminin,7,Travail enfant,5–15 km,2000-4000 MAD,5,1,1
AB402728,2022-2023,Marrakech-Safi,MAR,Marrakech,Rural,Primaire,Année 1,Féminin,11,Éloignement de l'établissement,5–15 km,4000-7000 MAD,5,1,0
AB402729,2017-2018,Tanger-Tétouan-Al Hoceïma,TAN,Tétouan,Rural,Qualifiant,Année 1,Masculin,18,Travail enfant,< 1 km,2000-4000 MAD,5,1,0
AB402730,2017-2018,Casablanca-Settat,CAS,Benslimane,Rural,Primaire,Année 4,Masculin,10,Difficultés scolaires,5–15 km,< 2000 MAD,1,1,0
AB402731,2017-2018,Casablanca-Settat,CAS,Berrechid,Rural,Collégial,Année 1,Masculin,15,Éloignement de l'établissement,5–15 km,4000-7000 MAD,2,1,0
AB402732,2018-2019,Oriental,ORI,Driouch,Rural,Primaire,Année 3,Masculin,12,Difficultés scolaires,5–15 km,4000-7000 MAD,1,1,0
AB402733,2015-2016,Béni Mellal-Khénifra,BMK,Khouribga,Urbain,Collégial,Année 2,Masculin,14,Difficultés scolaires,5–15 km,< 2000 MAD,1,0,0
AB402734,2018-2019,Marrakech-Safi,MAR,Al Haouz,Urbain,Collégial,Année 2,Masculin,15,Handicap,5–15 km,2000-4000 MAD,3,1,0
AB402735,2022-2023,Oriental,ORI,Guercif,Rural,Qualifiant,Année 2,Féminin,17,Éloignement de l'établissement,< 1 km,4000-7000 MAD,8,0,0
AB402736,2017-2018,Marrakech-Safi,MAR,Marrakech,Rural,Primaire,Année 5,Masculin,9,Mariage précoce,1–5 km,> 7000 MAD,3,0,0
AB402737,2020-2021,Marrakech-Safi,MAR,Chichaoua,Urbain,Collégial,Année 2,Féminin,14,Travail enfant,5–15 km,2000-4000 MAD,1,1,0
AB402738,2015-2016,Casablanca-Settat,CAS,Berrechid,Rural,Primaire,Année 4,Féminin,7,Travail enfant,5–15 km,< 2000 MAD,8,1,1
AB402739,2017-2018,Rabat-Salé-Kénitra,RAB,Sidi Slimane,Urbain,Qualifiant,Année 1,Féminin,17,Grossesse,1–5 km,> 7000 MAD,5,0,1
AB402740,2023-2024,Fès-Meknès,FES,Taza,Urbain,Primaire,Année 4,Masculin,10,Handicap,5–15 km,4000-7000 MAD,5,1,0
AB402741,2022-2023,Souss-Massa,SOU,Tiznit,Rural,Qualifiant,Année 2,Masculin,16,Mariage précoce,< 1 km,< 2000 MAD,1,1,1
AB402742,2018-2019,Marrakech-Safi,MAR,El Kelaa des Sraghna,Rural,Qualifiant,Année 2,Féminin,17,Éloignement de l'établissement,< 1 km,> 7000 MAD,4,1,0
AB402743,2022-2023,Tanger-Tétouan-Al Hoceïma,TAN,Tanger-Assilah,Rural,Collégial,Année 2,Masculin,14,Difficultés économiques,1–5 km,2000-4000 MAD,1,0,1
AB402744,2022-2023,Guelmim-Oued Noun,GUE,Assa-Zag,Rural,Primaire,Année 5,Féminin,9,Travail enfant,> 15 km,> 7000 MAD,7,0,1
AB402745,2020-2021,Béni Mellal-Khénifra,BMK,Azilal,Urbain,Primaire,Année 5,Masculin,12,Difficultés scolaires,1–5 km,4000-7000 MAD,5,0,0
AB402746,2017-2018,Rabat-Salé-Kénitra,RAB,Salé,Rural,Collégial,Année 2,Masculin,13,Difficultés économiques,> 15 km,< 2000 MAD,1,0,0
AB402747,2016-2017,Casablanca-Settat,CAS,Sidi Bennour,Rural,Collégial,Année 3,Féminin,14,Difficultés scolaires,1–5 km,2000-4000 MAD,8,0,0
AB402748,2019-2020,Marrakech-Safi,MAR,Chichaoua,Rural,Primaire,Année 3,Masculin,10,Travail enfant,1–5 km,2000-4000 MAD,7,0,0
AB402749,2018-2019,Tanger-Tétouan-Al Hoceïma,TAN,Tétouan,Rural,Qualifiant,Année 3,Masculin,18,Manque d'infrastructures,1–5 km,2000-4000 MAD,2,1,0
AB402750,2016-2017,Casablanca-Settat,CAS,Mohammadia,Rural,Primaire,Année 2,Féminin,8,Éloignement de l'établissement,1–5 km,2000-4000 MAD,2,1,0
AB402751,2017-2018,Casablanca-Settat,CAS,Benslimane,Urbain,Collégial,Année 3,Féminin,14,Mariage précoce,5–15 km,4000-7000 MAD,3,0,1
AB402752,2022-2023,Oriental,ORI,Guercif,Urbain,Primaire,Année 1,Féminin,12,Travail enfant,1–5 km,2000-4000 MAD,7,0,0
AB402753,2023-2024,Rabat-Salé-Kénitra,RAB,Salé,Urbain,Primaire,Année 2,Féminin,10,Difficultés scolaires,5–15 km,2000-4000 MAD,5,0,0
AB402754,2019-2020,Marrakech-Safi,MAR,Youssoufia,Urbain,Primaire,Année 3,Féminin,8,Travail enfant,1–5 km,2000-4000 MAD,4,0,0
AB402755,2021-2022,Rabat-Salé-Kénitra,RAB,Sidi Slimane,Rural,Primaire,Année 3,Féminin,10,Difficultés scolaires,< 1 km,< 2000 MAD,4,0,0
AB402756,2020-2021,Béni Mellal-Khénifra,BMK,El Kelaa des Sraghna,Rural,Collégial,Année 1,Masculin,15,Difficultés scolaires,5–15 km,2000-4000 MAD,8,0,0
AB402757,2016-2017,Béni Mellal-Khénifra,BMK,Azilal,Rural,Collégial,Année 3,Masculin,15,Éloignement de l'établissement,< 1 km,4000-7000 MAD,6,1,1
AB402758,2016-2017,Drâa-Tafilalet,DRA,Midelt,Rural,Primaire,Année 2,Féminin,12,Travail enfant,< 1 km,< 2000 MAD,4,0,0
AB402759,2018-2019,Tanger-Tétouan-Al Hoceïma,TAN,Tanger-Assilah,Urbain,Collégial,Année 3,Masculin,13,Difficultés économiques,1–5 km,< 2000 MAD,4,0,0
AB402760,2023-2024,Casablanca-Settat,CAS,Settat,Rural,Primaire,Année 6,Masculin,10,Manque d'infrastructures,< 1 km,2000-4000 MAD,3,1,0
AB402761,2016-2017,Souss-Massa,SOU,Chtouka-Ait Baha,Urbain,Qualifiant,Année 1,Féminin,17,Mariage précoce,5–15 km,2000-4000 MAD,7,0,0
AB402762,2021-2022,Casablanca-Settat,CAS,El Jadida,Rural,Primaire,Année 4,Masculin,12,Travail enfant,> 15 km,4000-7000 MAD,4,1,0
AB402763,2020-2021,Tanger-Tétouan-Al Hoceïma,TAN,Larache,Urbain,Qualifiant,Année 1,Masculin,16,Difficultés scolaires,< 1 km,< 2000 MAD,3,0,0
AB402764,2022-2023,Fès-Meknès,FES,Taza,Urbain,Qualifiant,Année 2,Féminin,17,Difficultés scolaires,1–5 km,> 7000 MAD,6,0,1
AB402765,2023-2024,Casablanca-Settat,CAS,Benslimane,Rural,Collégial,Année 1,Masculin,15,Manque d'infrastructures,1–5 km,4000-7000 MAD,8,1,0
AB402766,2022-2023,Rabat-Salé-Kénitra,RAB,Skhirate-Témara,Rural,Qualifiant,Année 1,Masculin,17,Difficultés économiques,> 15 km,> 7000 MAD,7,1,0
AB402767,2019-2020,Rabat-Salé-Kénitra,RAB,Sidi Slimane,Rural,Collégial,Année 1,Féminin,15,Grossesse,1–5 km,4000-7000 MAD,1,0,1
AB402768,2017-2018,Oriental,ORI,Oujda-Angad,Urbain,Qualifiant,Année 1,Masculin,16,Difficultés scolaires,< 1 km,< 2000 MAD,1,0,0
AB402769,2021-2022,Souss-Massa,SOU,Agadir-Ida-Ou-Tanane,Rural,Collégial,Année 1,Masculin,14,Grossesse,< 1 km,2000-4000 MAD,4,1,1
AB402770,2017-2018,Marrakech-Safi,MAR,Chichaoua,Urbain,Qualifiant,Année 3,Masculin,18,Difficultés scolaires,< 1 km,< 2000 MAD,2,0,0
AB402771,2020-2021,Souss-Massa,SOU,Chtouka-Ait Baha,Rural,Collégial,Année 1,Masculin,15,Difficultés économiques,5–15 km,2000-4000 MAD,6,0,1
AB402772,2021-2022,Tanger-Tétouan-Al Hoceïma,TAN,Mdiq-Fnideq,Urbain,Primaire,Année 4,Féminin,12,Difficultés économiques,1–5 km,2000-4000 MAD,4,1,1
AB402773,2020-2021,Rabat-Salé-Kénitra,RAB,Salé,Rural,Collégial,Année 1,Masculin,15,Difficultés économiques,5–15 km,> 7000 MAD,1,0,1
AB402774,2018-2019,Béni Mellal-Khénifra,BMK,Azilal,Rural,Qualifiant,Année 3,Féminin,18,Éloignement de l'établissement,> 15 km,< 2000 MAD,7,1,0
AB402775,2020-2021,Fès-Meknès,FES,Moulay Yacoub,Rural,Collégial,Année 1,Féminin,15,Mariage précoce,5–15 km,2000-4000 MAD,6,0,0
AB402776,2018-2019,Fès-Meknès,FES,Séfrou,Rural,Primaire,Année 5,Masculin,8,Travail enfant,5–15 km,< 2000 MAD,2,0,0
AB402777,2016-2017,Casablanca-Settat,CAS,Casablanca,Urbain,Collégial,Année 2,Masculin,14,Éloignement de l'établissement,1–5 km,< 2000 MAD,3,1,0
AB402778,2022-2023,Tanger-Tétouan-Al Hoceïma,TAN,Al Hoceïma,Rural,Qualifiant,Année 1,Masculin,16,Travail enfant,< 1 km,4000-7000 MAD,6,0,0
AB402779,2015-2016,Tanger-Tétouan-Al Hoceïma,TAN,Tétouan,Rural,Primaire,Année 5,Féminin,7,Éloignement de l'établissement,< 1 km,< 2000 MAD,3,1,0
AB402780,2020-2021,Souss-Massa,SOU,Chtouka-Ait Baha,Urbain,Collégial,Année 1,Masculin,15,Handicap,< 1 km,> 7000 MAD,4,0,0
AB402781,2021-2022,Casablanca-Settat,CAS,Sidi Bennour,Rural,Collégial,Année 3,Féminin,13,Mariage précoce,< 1 km,< 2000 MAD,8,0,0
AB402782,2022-2023,Fès-Meknès,FES,Ifrane,Urbain,Primaire,Année 4,Féminin,10,Manque d'infrastructures,1–5 km,4000-7000 MAD,6,1,1
AB402783,2021-2022,Tanger-Tétouan-Al Hoceïma,TAN,Fahs-Anjra,Rural,Collégial,Année 1,Masculin,15,Travail enfant,5–15 km,> 7000 MAD,1,1,0
AB402784,2021-2022,Casablanca-Settat,CAS,Mohammadia,Urbain,Collégial,Année 2,Féminin,14,Mariage précoce,1–5 km,2000-4000 MAD,8,1,0
AB402785,2017-2018,Béni Mellal-Khénifra,BMK,Khouribga,Rural,Collégial,Année 3,Féminin,14,Travail enfant,5–15 km,> 7000 MAD,7,1,0
AB402786,2017-2018,Marrakech-Safi,MAR,El Kelaa des Sraghna,Rural,Qualifiant,Année 2,Féminin,16,Mariage précoce,< 1 km,2000-4000 MAD,6,0,0
AB402787,2019-2020,Rabat-Salé-Kénitra,RAB,Salé,Rural,Collégial,Année 3,Féminin,13,Éloignement de l'établissement,1–5 km,< 2000 MAD,3,1,0
AB402788,2017-2018,Oriental,ORI,Jerada,Urbain,Qualifiant,Année 2,Féminin,18,Travail enfant,< 1 km,2000-4000 MAD,5,0,0
AB402789,2019-2020,Marrakech-Safi,MAR,Safi,Rural,Collégial,Année 1,Masculin,14,Mariage précoce,< 1 km,2000-4000 MAD,6,0,0
AB402790,2019-2020,Casablanca-Settat,CAS,Settat,Rural,Primaire,Année 3,Féminin,9,Éloignement de l'établissement,< 1 km,4000-7000 MAD,8,0,0
AB402791,2023-2024,Béni Mellal-Khénifra,BMK,Fquih Ben Salah,Urbain,Primaire,Année 6,Masculin,9,Éloignement de l'établissement,< 1 km,< 2000 MAD,6,1,0
AB402792,2018-2019,Souss-Massa,SOU,Inezgane-Ait Melloul,Urbain,Qualifiant,Année 1,Masculin,18,Mariage précoce,1–5 km,2000-4000 MAD,4,0,0
AB402793,2023-2024,Rabat-Salé-Kénitra,RAB,Kénitra,Rural,Collégial,Année 2,Féminin,14,Travail enfant,> 15 km,< 2000 MAD,2,0,0
AB402794,2023-2024,Souss-Massa,SOU,Tata,Urbain,Collégial,Année 3,Féminin,15,Éloignement de l'établissement,1–5 km,2000-4000 MAD,1,1,0
AB402795,2017-2018,Béni Mellal-Khénifra,BMK,Azilal,Urbain,Collégial,Année 2,Masculin,15,Difficultés économiques,1–5 km,< 2000 MAD,1,0,1
AB402796,2020-2021,Tanger-Tétouan-Al Hoceïma,TAN,Tanger-Assilah,Urbain,Primaire,Année 2,Masculin,10,Éloignement de l'établissement,1–5 km,< 2000 MAD,3,1,0
AB402797,2022-2023,Oriental,ORI,Oujda-Angad,Rural,Primaire,Année 3,Masculin,11,Difficultés économiques,1–5 km,2000-4000 MAD,8,1,0
AB402798,2019-2020,Rabat-Salé-Kénitra,RAB,Sidi Kacem,Urbain,Primaire,Année 3,Féminin,10,Grossesse,> 15 km,< 2000 MAD,2,1,0
AB402799,2023-2024,Drâa-Tafilalet,DRA,Zagora,Rural,Qualifiant,Année 2,Masculin,18,Mariage précoce,> 15 km,2000-4000 MAD,5,1,1
AB402800,2015-2016,Marrakech-Safi,MAR,Essaouira,Rural,Qualifiant,Année 3,Masculin,17,Mariage précoce,> 15 km,4000-7000 MAD,2,1,0
AB402801,2022-2023,Casablanca-Settat,CAS,Berrechid,Rural,Collégial,Année 2,Masculin,15,Difficultés scolaires,1–5 km,< 2000 MAD,4,0,0
AB402802,2018-2019,Marrakech-Safi,MAR,Al Haouz,Rural,Collégial,Année 1,Masculin,15,Éloignement de l'établissement,5–15 km,4000-7000 MAD,7,0,0
AB402803,2022-2023,Béni Mellal-Khénifra,BMK,Azilal,Rural,Primaire,Année 4,Féminin,9,Travail enfant,1–5 km,2000-4000 MAD,7,1,0
AB402804,2019-2020,Fès-Meknès,FES,Meknès,Rural,Primaire,Année 3,Masculin,9,Grossesse,> 15 km,4000-7000 MAD,2,1,1
AB402805,2022-2023,Fès-Meknès,FES,Moulay Yacoub,Urbain,Qualifiant,Année 3,Masculin,17,Difficultés scolaires,1–5 km,< 2000 MAD,2,0,0
AB402806,2018-2019,Marrakech-Safi,MAR,Safi,Rural,Collégial,Année 2,Masculin,14,Mariage précoce,5–15 km,4000-7000 MAD,3,0,0
AB402807,2017-2018,Casablanca-Settat,CAS,Mohammadia,Rural,Primaire,Année 2,Féminin,8,Travail enfant,1–5 km,4000-7000 MAD,8,1,1
AB402808,2022-2023,Rabat-Salé-Kénitra,RAB,Kénitra,Rural,Collégial,Année 3,Masculin,15,Mariage précoce,< 1 km,2000-4000 MAD,7,0,0
AB402809,2018-2019,Drâa-Tafilalet,DRA,Errachidia,Urbain,Qualifiant,Année 3,Féminin,17,Éloignement de l'établissement,1–5 km,2000-4000 MAD,5,0,1
AB402810,2022-2023,Laâyoune-Sakia El Hamra,LAA,Es-Semara,Rural,Qualifiant,Année 1,Féminin,17,Autre,< 1 km,2000-4000 MAD,3,1,0
AB402811,2020-2021,Rabat-Salé-Kénitra,RAB,Khémisset,Urbain,Qualifiant,Année 2,Féminin,16,Difficultés économiques,< 1 km,< 2000 MAD,3,1,0
AB402812,2019-2020,Drâa-Tafilalet,DRA,Ouarzazate,Rural,Primaire,Année 4,Féminin,9,Travail enfant,> 15 km,4000-7000 MAD,2,1,1
AB402813,2015-2016,Béni Mellal-Khénifra,BMK,Béni Mellal,Rural,Qualifiant,Année 3,Masculin,17,Autre,1–5 km,< 2000 MAD,4,1,1
AB402814,2019-2020,Fès-Meknès,FES,El Hajeb,Rural,Collégial,Année 1,Masculin,15,Éloignement de l'établissement,1–5 km,< 2000 MAD,2,1,0
AB402815,2021-2022,Béni Mellal-Khénifra,BMK,Khouribga,Rural,Primaire,Année 2,Féminin,10,Manque d'infrastructures,< 1 km,4000-7000 MAD,6,1,0
AB402816,2019-2020,Casablanca-Settat,CAS,Khouribga,Urbain,Primaire,Année 1,Masculin,7,Grossesse,1–5 km,> 7000 MAD,2,0,0
AB402817,2020-2021,Casablanca-Settat,CAS,Settat,Urbain,Collégial,Année 3,Masculin,15,Mariage précoce,< 1 km,< 2000 MAD,7,1,0
AB402818,2021-2022,Rabat-Salé-Kénitra,RAB,Khémisset,Urbain,Qualifiant,Année 2,Masculin,17,Mariage précoce,1–5 km,2000-4000 MAD,1,1,0
AB402819,2019-2020,Rabat-Salé-Kénitra,RAB,Rabat,Urbain,Collégial,Année 3,Masculin,15,Difficultés économiques,> 15 km,2000-4000 MAD,5,1,1
AB402820,2015-2016,Tanger-Tétouan-Al Hoceïma,TAN,Fahs-Anjra,Rural,Primaire,Année 2,Féminin,10,Difficultés scolaires,< 1 km,2000-4000 MAD,4,1,1
AB402821,2015-2016,Drâa-Tafilalet,DRA,Errachidia,Rural,Qualifiant,Année 2,Féminin,16,Difficultés économiques,5–15 km,4000-7000 MAD,6,0,0
AB402822,2018-2019,Marrakech-Safi,MAR,Al Haouz,Rural,Qualifiant,Année 2,Féminin,18,Difficultés scolaires,< 1 km,> 7000 MAD,1,1,0
AB402823,2018-2019,Souss-Massa,SOU,Chtouka-Ait Baha,Urbain,Primaire,Année 6,Masculin,9,Travail enfant,1–5 km,< 2000 MAD,8,0,0
AB402824,2018-2019,Rabat-Salé-Kénitra,RAB,Kénitra,Urbain,Collégial,Année 3,Masculin,14,Éloignement de l'établissement,1–5 km,2000-4000 MAD,5,1,0
AB402825,2019-2020,Rabat-Salé-Kénitra,RAB,Skhirate-Témara,Rural,Qualifiant,Année 1,Féminin,18,Éloignement de l'établissement,1–5 km,> 7000 MAD,2,1,0
AB402826,2016-2017,Casablanca-Settat,CAS,Casablanca,Rural,Qualifiant,Année 2,Féminin,17,Difficultés scolaires,> 15 km,2000-4000 MAD,5,0,0
AB402827,2022-2023,Casablanca-Settat,CAS,Khouribga,Urbain,Collégial,Année 2,Féminin,14,Éloignement de l'établissement,5–15 km,< 2000 MAD,8,0,0
AB402828,2019-2020,Casablanca-Settat,CAS,Settat,Rural,Collégial,Année 3,Masculin,13,Éloignement de l'établissement,> 15 km,< 2000 MAD,1,0,0
AB402829,2019-2020,Tanger-Tétouan-Al Hoceïma,TAN,Larache,Urbain,Collégial,Année 3,Masculin,13,Difficultés scolaires,< 1 km,2000-4000 MAD,7,0,1
AB402830,2015-2016,Béni Mellal-Khénifra,BMK,Khouribga,Urbain,Qualifiant,Année 2,Féminin,17,Manque d'infrastructures,< 1 km,2000-4000 MAD,2,0,0
AB402831,2019-2020,Oriental,ORI,Taourirt,Urbain,Primaire,Année 4,Féminin,7,Mariage précoce,1–5 km,< 2000 MAD,7,1,0
AB402832,2016-2017,Drâa-Tafilalet,DRA,Ouarzazate,Urbain,Qualifiant,Année 2,Féminin,16,Grossesse,< 1 km,4000-7000 MAD,2,0,0
AB402833,2023-2024,Tanger-Tétouan-Al Hoceïma,TAN,Al Hoceïma,Rural,Collégial,Année 2,Féminin,14,Travail enfant,1–5 km,< 2000 MAD,4,1,1
AB402834,2015-2016,Fès-Meknès,FES,Meknès,Rural,Qualifiant,Année 1,Masculin,16,Mariage précoce,1–5 km,< 2000 MAD,5,0,0
AB402835,2023-2024,Fès-Meknès,FES,Fès,Rural,Qualifiant,Année 3,Féminin,18,Travail enfant,1–5 km,4000-7000 MAD,7,0,0
AB402836,2019-2020,Oriental,ORI,Berkane,Rural,Qualifiant,Année 3,Féminin,18,Éloignement de l'établissement,> 15 km,4000-7000 MAD,1,1,0
AB402837,2015-2016,Fès-Meknès,FES,Ifrane,Rural,Primaire,Année 1,Masculin,7,Difficultés scolaires,< 1 km,4000-7000 MAD,3,1,0
AB402838,2017-2018,Casablanca-Settat,CAS,Berrechid,Rural,Collégial,Année 2,Féminin,13,Grossesse,5–15 km,< 2000 MAD,3,0,0
AB402839,2016-2017,Fès-Meknès,FES,Séfrou,Rural,Collégial,Année 2,Féminin,14,Difficultés économiques,1–5 km,4000-7000 MAD,3,0,1
AB402840,2023-2024,Rabat-Salé-Kénitra,RAB,Sidi Slimane,Urbain,Collégial,Année 1,Masculin,14,Handicap,< 1 km,2000-4000 MAD,4,0,0
AB402841,2023-2024,Fès-Meknès,FES,Boulemane,Rural,Collégial,Année 1,Féminin,13,Éloignement de l'établissement,> 15 km,< 2000 MAD,7,0,1
AB402842,2015-2016,Fès-Meknès,FES,Meknès,Rural,Primaire,Année 1,Féminin,12,Travail enfant,< 1 km,> 7000 MAD,5,0,0
AB402843,2020-2021,Rabat-Salé-Kénitra,RAB,Khémisset,Rural,Qualifiant,Année 3,Féminin,16,Difficultés économiques,< 1 km,2000-4000 MAD,4,1,0
AB402844,2018-2019,Guelmim-Oued Noun,GUE,Tan-Tan,Rural,Qualifiant,Année 1,Féminin,16,Grossesse,1–5 km,< 2000 MAD,4,1,0
AB402845,2019-2020,Tanger-Tétouan-Al Hoceïma,TAN,Tétouan,Rural,Collégial,Année 1,Féminin,14,Éloignement de l'établissement,> 15 km,< 2000 MAD,8,0,1
AB402846,2018-2019,Fès-Meknès,FES,Séfrou,Rural,Qualifiant,Année 2,Féminin,17,Difficultés économiques,5–15 km,4000-7000 MAD,7,0,0
AB402847,2017-2018,Tanger-Tétouan-Al Hoceïma,TAN,Tanger-Assilah,Rural,Primaire,Année 4,Féminin,12,Difficultés économiques,< 1 km,2000-4000 MAD,2,1,0
AB402848,2021-2022,Marrakech-Safi,MAR,Youssoufia,Urbain,Collégial,Année 2,Féminin,14,Difficultés scolaires,5–15 km,2000-4000 MAD,3,0,0
AB402849,2017-2018,Souss-Massa,SOU,Tiznit,Urbain,Qualifiant,Année 3,Masculin,16,Mariage précoce,5–15 km,4000-7000 MAD,6,0,1
AB402850,2017-2018,Tanger-Tétouan-Al Hoceïma,TAN,Ouazzane,Urbain,Collégial,Année 3,Masculin,13,Mariage précoce,1–5 km,2000-4000 MAD,6,0,0
AB402851,2017-2018,Marrakech-Safi,MAR,Al Haouz,Urbain,Collégial,Année 2,Masculin,14,Travail enfant,5–15 km,4000-7000 MAD,7,1,0
AB402852,2015-2016,Casablanca-Settat,CAS,Settat,Rural,Collégial,Année 3,Masculin,14,Difficultés économiques,< 1 km,2000-4000 MAD,2,0,0
AB402853,2016-2017,Casablanca-Settat,CAS,Berrechid,Rural,Collégial,Année 1,Féminin,15,Éloignement de l'établissement,1–5 km,2000-4000 MAD,8,0,0
AB402854,2021-2022,Drâa-Tafilalet,DRA,Ouarzazate,Rural,Collégial,Année 2,Masculin,14,Difficultés économiques,1–5 km,2000-4000 MAD,8,0,1
AB402855,2019-2020,Marrakech-Safi,MAR,Essaouira,Rural,Qualifiant,Année 2,Masculin,16,Éloignement de l'établissement,1–5 km,< 2000 MAD,5,1,0
AB402856,2018-2019,Tanger-Tétouan-Al Hoceïma,TAN,Ouazzane,Rural,Primaire,Année 1,Masculin,8,Travail enfant,> 15 km,2000-4000 MAD,7,1,0
AB402857,2023-2024,Casablanca-Settat,CAS,Sidi Bennour,Rural,Collégial,Année 1,Féminin,13,Difficultés scolaires,< 1 km,< 2000 MAD,5,1,0
AB402858,2020-2021,Fès-Meknès,FES,Taounate,Rural,Collégial,Année 1,Masculin,13,Éloignement de l'établissement,< 1 km,4000-7000 MAD,3,0,0
AB402859,2017-2018,Souss-Massa,SOU,Inezgane-Ait Melloul,Rural,Collégial,Année 2,Féminin,14,Travail enfant,1–5 km,< 2000 MAD,2,0,1
AB402860,2023-2024,Marrakech-Safi,MAR,Essaouira,Rural,Collégial,Année 2,Masculin,14,Difficultés économiques,< 1 km,< 2000 MAD,6,0,0
AB402861,2018-2019,Tanger-Tétouan-Al Hoceïma,TAN,Larache,Rural,Qualifiant,Année 1,Masculin,16,Mariage précoce,< 1 km,< 2000 MAD,7,1,0
AB402862,2023-2024,Oriental,ORI,Oujda-Angad,Urbain,Primaire,Année 2,Féminin,9,Travail enfant,1–5 km,< 2000 MAD,7,0,1
AB402863,2020-2021,Casablanca-Settat,CAS,El Jadida,Urbain,Qualifiant,Année 3,Féminin,17,Travail enfant,1–5 km,2000-4000 MAD,7,1,1
AB402864,2015-2016,Fès-Meknès,FES,Meknès,Urbain,Collégial,Année 2,Masculin,15,Mariage précoce,1–5 km,< 2000 MAD,4,0,1
AB402865,2016-2017,Tanger-Tétouan-Al Hoceïma,TAN,Tétouan,Rural,Collégial,Année 2,Masculin,14,Éloignement de l'établissement,< 1 km,< 2000 MAD,4,0,1
AB402866,2017-2018,Rabat-Salé-Kénitra,RAB,Skhirate-Témara,Urbain,Qualifiant,Année 1,Masculin,17,Difficultés scolaires,1–5 km,4000-7000 MAD,7,1,0
AB402867,2015-2016,Marrakech-Safi,MAR,Al Haouz,Rural,Qualifiant,Année 2,Masculin,16,Difficultés économiques,< 1 km,> 7000 MAD,6,1,1
AB402868,2017-2018,Casablanca-Settat,CAS,El Jadida,Urbain,Qualifiant,Année 3,Masculin,16,Difficultés économiques,< 1 km,2000-4000 MAD,6,0,1
AB402869,2022-2023,Tanger-Tétouan-Al Hoceïma,TAN,Fahs-Anjra,Urbain,Qualifiant,Année 3,Féminin,18,Difficultés scolaires,< 1 km,2000-4000 MAD,7,0,0
AB402870,2023-2024,Drâa-Tafilalet,DRA,Errachidia,Rural,Collégial,Année 2,Féminin,15,Mariage précoce,< 1 km,4000-7000 MAD,5,1,0
AB402871,2022-2023,Oriental,ORI,Taourirt,Urbain,Qualifiant,Année 3,Féminin,16,Difficultés économiques,1–5 km,2000-4000 MAD,8,1,0
AB402872,2019-2020,Oriental,ORI,Driouch,Urbain,Qualifiant,Année 2,Féminin,17,Difficultés économiques,1–5 km,2000-4000 MAD,4,1,0
AB402873,2017-2018,Casablanca-Settat,CAS,Mohammadia,Urbain,Collégial,Année 1,Masculin,15,Difficultés économiques,5–15 km,< 2000 MAD,7,1,0
AB402874,2019-2020,Rabat-Salé-Kénitra,RAB,Sidi Kacem,Rural,Primaire,Année 2,Masculin,9,Manque d'infrastructures,< 1 km,2000-4000 MAD,4,0,0
AB402875,2023-2024,Rabat-Salé-Kénitra,RAB,Rabat,Rural,Collégial,Année 2,Masculin,15,Travail enfant,< 1 km,< 2000 MAD,7,1,0
AB402876,2022-2023,Souss-Massa,SOU,Tata,Urbain,Collégial,Année 3,Féminin,13,Difficultés économiques,< 1 km,< 2000 MAD,8,1,0
AB402877,2020-2021,Marrakech-Safi,MAR,Marrakech,Rural,Collégial,Année 1,Féminin,14,Manque d'infrastructures,1–5 km,2000-4000 MAD,2,1,1
AB402878,2020-2021,Casablanca-Settat,CAS,Casablanca,Urbain,Qualifiant,Année 1,Féminin,17,Grossesse,< 1 km,< 2000 MAD,8,0,0
AB402879,2018-2019,Casablanca-Settat,CAS,Benslimane,Rural,Primaire,Année 1,Féminin,8,Mariage précoce,> 15 km,4000-7000 MAD,8,1,0
AB402880,2018-2019,Souss-Massa,SOU,Inezgane-Ait Melloul,Rural,Collégial,Année 2,Masculin,13,Difficultés économiques,1–5 km,2000-4000 MAD,4,1,0
AB402881,2022-2023,Tanger-Tétouan-Al Hoceïma,TAN,Larache,Urbain,Primaire,Année 1,Masculin,8,Difficultés scolaires,> 15 km,< 2000 MAD,1,1,0
AB402882,2021-2022,Béni Mellal-Khénifra,BMK,Khouribga,Urbain,Collégial,Année 2,Masculin,13,Travail enfant,< 1 km,2000-4000 MAD,6,1,0
AB402883,2022-2023,Fès-Meknès,FES,Taza,Rural,Primaire,Année 3,Féminin,9,Mariage précoce,1–5 km,4000-7000 MAD,8,0,1
AB402884,2018-2019,Marrakech-Safi,MAR,El Kelaa des Sraghna,Rural,Collégial,Année 2,Féminin,15,Difficultés scolaires,1–5 km,4000-7000 MAD,5,1,0
AB402885,2016-2017,Tanger-Tétouan-Al Hoceïma,TAN,Ouazzane,Urbain,Primaire,Année 1,Féminin,10,Difficultés économiques,> 15 km,< 2000 MAD,6,1,0
AB402886,2021-2022,Tanger-Tétouan-Al Hoceïma,TAN,Mdiq-Fnideq,Rural,Primaire,Année 2,Féminin,7,Éloignement de l'établissement,1–5 km,< 2000 MAD,6,0,0
AB402887,2020-2021,Rabat-Salé-Kénitra,RAB,Khémisset,Urbain,Qualifiant,Année 2,Masculin,16,Éloignement de l'établissement,< 1 km,> 7000 MAD,7,1,0
AB402888,2015-2016,Rabat-Salé-Kénitra,RAB,Salé,Rural,Collégial,Année 2,Féminin,13,Mariage précoce,< 1 km,4000-7000 MAD,5,0,0
AB402889,2020-2021,Souss-Massa,SOU,Tata,Rural,Primaire,Année 4,Masculin,7,Difficultés économiques,5–15 km,2000-4000 MAD,8,1,0
AB402890,2023-2024,Béni Mellal-Khénifra,BMK,Fquih Ben Salah,Rural,Collégial,Année 3,Masculin,15,Difficultés économiques,1–5 km,< 2000 MAD,8,1,0
AB402891,2021-2022,Rabat-Salé-Kénitra,RAB,Kénitra,Rural,Primaire,Année 6,Féminin,8,Difficultés économiques,< 1 km,2000-4000 MAD,5,0,1
AB402892,2015-2016,Laâyoune-Sakia El Hamra,LAA,Tarfaya,Rural,Collégial,Année 2,Masculin,13,Éloignement de l'établissement,1–5 km,2000-4000 MAD,4,1,0
AB402893,2021-2022,Fès-Meknès,FES,Moulay Yacoub,Urbain,Primaire,Année 3,Féminin,8,Travail enfant,< 1 km,2000-4000 MAD,8,1,1
AB402894,2016-2017,Fès-Meknès,FES,Séfrou,Urbain,Collégial,Année 2,Féminin,14,Mariage précoce,> 15 km,2000-4000 MAD,2,0,0
AB402895,2022-2023,Casablanca-Settat,CAS,Khouribga,Rural,Collégial,Année 2,Masculin,15,Manque d'infrastructures,1–5 km,2000-4000 MAD,4,1,0
AB402896,2018-2019,Rabat-Salé-Kénitra,RAB,Khémisset,Rural,Primaire,Année 6,Masculin,7,Grossesse,1–5 km,< 2000 MAD,7,1,1
AB402897,2021-2022,Marrakech-Safi,MAR,Safi,Rural,Qualifiant,Année 2,Masculin,16,Grossesse,1–5 km,< 2000 MAD,8,1,0
AB402898,2017-2018,Casablanca-Settat,CAS,Benslimane,Rural,Primaire,Année 1,Féminin,8,Mariage précoce,1–5 km,2000-4000 MAD,3,0,0
AB402899,2019-2020,Tanger-Tétouan-Al Hoceïma,TAN,Fahs-Anjra,Urbain,Collégial,Année 1,Féminin,15,Difficultés scolaires,< 1 km,2000-4000 MAD,1,0,0
AB402900,2019-2020,Guelmim-Oued Noun,GUE,Tan-Tan,Urbain,Primaire,Année 4,Féminin,10,Travail enfant,> 15 km,2000-4000 MAD,6,0,1
AB402901,2018-2019,Béni Mellal-Khénifra,BMK,El Kelaa des Sraghna,Rural,Qualifiant,Année 3,Masculin,16,Difficultés économiques,1–5 km,> 7000 MAD,4,0,0
AB402902,2022-2023,Drâa-Tafilalet,DRA,Tinghir,Rural,Qualifiant,Année 3,Masculin,16,Mariage précoce,1–5 km,< 2000 MAD,8,1,1
AB402903,2016-2017,Tanger-Tétouan-Al Hoceïma,TAN,Al Hoceïma,Rural,Collégial,Année 1,Masculin,13,Difficultés économiques,5–15 km,> 7000 MAD,5,0,0
AB402904,2016-2017,Tanger-Tétouan-Al Hoceïma,TAN,Fahs-Anjra,Rural,Primaire,Année 2,Féminin,8,Grossesse,< 1 km,> 7000 MAD,5,1,0
AB402905,2021-2022,Drâa-Tafilalet,DRA,Midelt,Urbain,Qualifiant,Année 2,Masculin,18,Grossesse,5–15 km,2000-4000 MAD,1,0,0
AB402906,2023-2024,Oriental,ORI,Nador,Rural,Primaire,Année 1,Féminin,12,Éloignement de l'établissement,1–5 km,4000-7000 MAD,8,0,0
AB402907,2018-2019,Rabat-Salé-Kénitra,RAB,Kénitra,Urbain,Qualifiant,Année 3,Masculin,18,Travail enfant,< 1 km,2000-4000 MAD,6,1,0
AB402908,2021-2022,Souss-Massa,SOU,Chtouka-Ait Baha,Urbain,Qualifiant,Année 3,Masculin,18,Difficultés économiques,5–15 km,< 2000 MAD,6,0,0
AB402909,2019-2020,Casablanca-Settat,CAS,Berrechid,Rural,Qualifiant,Année 1,Masculin,16,Difficultés scolaires,1–5 km,2000-4000 MAD,2,1,1
AB402910,2021-2022,Marrakech-Safi,MAR,Essaouira,Rural,Primaire,Année 1,Masculin,11,Difficultés scolaires,> 15 km,2000-4000 MAD,1,0,0
AB402911,2016-2017,Casablanca-Settat,CAS,El Jadida,Rural,Qualifiant,Année 3,Féminin,18,Grossesse,1–5 km,4000-7000 MAD,1,0,0
AB402912,2015-2016,Casablanca-Settat,CAS,El Jadida,Rural,Collégial,Année 2,Féminin,14,Éloignement de l'établissement,1–5 km,< 2000 MAD,6,1,0
AB402913,2016-2017,Souss-Massa,SOU,Tata,Urbain,Qualifiant,Année 2,Masculin,16,Mariage précoce,< 1 km,2000-4000 MAD,4,1,0
AB402914,2016-2017,Souss-Massa,SOU,Chtouka-Ait Baha,Urbain,Qualifiant,Année 2,Féminin,16,Difficultés scolaires,5–15 km,2000-4000 MAD,1,0,0
AB402915,2022-2023,Marrakech-Safi,MAR,Safi,Urbain,Collégial,Année 2,Féminin,14,Travail enfant,< 1 km,4000-7000 MAD,6,1,0
AB402916,2022-2023,Béni Mellal-Khénifra,BMK,Fquih Ben Salah,Urbain,Collégial,Année 3,Masculin,13,Difficultés scolaires,1–5 km,2000-4000 MAD,2,1,0
AB402917,2016-2017,Oriental,ORI,Berkane,Rural,Collégial,Année 2,Masculin,15,Éloignement de l'établissement,5–15 km,2000-4000 MAD,8,1,1
AB402918,2019-2020,Tanger-Tétouan-Al Hoceïma,TAN,Tétouan,Urbain,Qualifiant,Année 2,Féminin,17,Difficultés économiques,5–15 km,2000-4000 MAD,2,0,0
AB402919,2023-2024,Béni Mellal-Khénifra,BMK,Azilal,Rural,Qualifiant,Année 3,Masculin,16,Autre,5–15 km,> 7000 MAD,2,0,1
AB402920,2020-2021,Marrakech-Safi,MAR,Al Haouz,Rural,Qualifiant,Année 2,Féminin,17,Grossesse,1–5 km,2000-4000 MAD,5,1,0
AB402921,2023-2024,Marrakech-Safi,MAR,Essaouira,Rural,Primaire,Année 6,Masculin,7,Handicap,> 15 km,> 7000 MAD,8,0,1
AB402922,2018-2019,Marrakech-Safi,MAR,Al Haouz,Urbain,Qualifiant,Année 2,Masculin,18,Autre,1–5 km,> 7000 MAD,1,1,0
AB402923,2019-2020,Drâa-Tafilalet,DRA,Ouarzazate,Rural,Primaire,Année 2,Masculin,11,Difficultés scolaires,> 15 km,> 7000 MAD,4,1,1
AB402924,2015-2016,Marrakech-Safi,MAR,Al Haouz,Rural,Collégial,Année 1,Masculin,15,Manque d'infrastructures,1–5 km,< 2000 MAD,2,0,0
AB402925,2019-2020,Guelmim-Oued Noun,GUE,Guelmim,Urbain,Qualifiant,Année 2,Féminin,17,Difficultés scolaires,< 1 km,< 2000 MAD,3,0,0
AB402926,2021-2022,Oriental,ORI,Figuig,Rural,Qualifiant,Année 1,Féminin,17,Difficultés scolaires,< 1 km,< 2000 MAD,8,1,0
AB402927,2020-2021,Fès-Meknès,FES,Fès,Rural,Qualifiant,Année 1,Masculin,16,Travail enfant,1–5 km,2000-4000 MAD,7,1,0
AB402928,2017-2018,Béni Mellal-Khénifra,BMK,Khouribga,Urbain,Primaire,Année 6,Masculin,11,Manque d'infrastructures,< 1 km,4000-7000 MAD,7,0,0
AB402929,2016-2017,Béni Mellal-Khénifra,BMK,Fquih Ben Salah,Urbain,Primaire,Année 6,Féminin,12,Travail enfant,< 1 km,< 2000 MAD,5,1,1
AB402930,2018-2019,Drâa-Tafilalet,DRA,Zagora,Rural,Collégial,Année 1,Féminin,13,Mariage précoce,> 15 km,2000-4000 MAD,4,0,0
AB402931,2018-2019,Fès-Meknès,FES,El Hajeb,Rural,Qualifiant,Année 3,Masculin,17,Grossesse,< 1 km,4000-7000 MAD,5,1,1
AB402932,2017-2018,Béni Mellal-Khénifra,BMK,Khouribga,Urbain,Collégial,Année 3,Masculin,13,Travail enfant,5–15 km,< 2000 MAD,6,1,0
AB402933,2020-2021,Rabat-Salé-Kénitra,RAB,Sidi Kacem,Urbain,Collégial,Année 1,Masculin,15,Difficultés économiques,1–5 km,2000-4000 MAD,2,1,0
AB402934,2017-2018,Casablanca-Settat,CAS,El Jadida,Rural,Qualifiant,Année 1,Féminin,18,Difficultés économiques,< 1 km,< 2000 MAD,3,0,0
AB402935,2017-2018,Casablanca-Settat,CAS,Sidi Bennour,Rural,Primaire,Année 5,Masculin,12,Difficultés économiques,< 1 km,4000-7000 MAD,3,0,1
AB402936,2020-2021,Fès-Meknès,FES,Ifrane,Rural,Collégial,Année 1,Masculin,13,Éloignement de l'établissement,5–15 km,< 2000 MAD,7,1,1
AB402937,2023-2024,Drâa-Tafilalet,DRA,Errachidia,Rural,Collégial,Année 2,Féminin,14,Handicap,1–5 km,> 7000 MAD,4,1,0
AB402938,2023-2024,Souss-Massa,SOU,Chtouka-Ait Baha,Urbain,Collégial,Année 3,Masculin,14,Éloignement de l'établissement,5–15 km,2000-4000 MAD,6,1,0
AB402939,2017-2018,Drâa-Tafilalet,DRA,Midelt,Rural,Primaire,Année 1,Féminin,10,Travail enfant,5–15 km,2000-4000 MAD,3,1,1
AB402940,2019-2020,Rabat-Salé-Kénitra,RAB,Skhirate-Témara,Urbain,Collégial,Année 3,Féminin,13,Mariage précoce,5–15 km,4000-7000 MAD,1,0,0
AB402941,2019-2020,Marrakech-Safi,MAR,Chichaoua,Rural,Qualifiant,Année 2,Masculin,18,Éloignement de l'établissement,< 1 km,4000-7000 MAD,3,1,0
AB402942,2022-2023,Rabat-Salé-Kénitra,RAB,Skhirate-Témara,Rural,Primaire,Année 3,Masculin,11,Éloignement de l'établissement,< 1 km,4000-7000 MAD,8,1,0
AB402943,2020-2021,Marrakech-Safi,MAR,Chichaoua,Rural,Collégial,Année 1,Masculin,15,Mariage précoce,< 1 km,4000-7000 MAD,7,0,1
AB402944,2019-2020,Oriental,ORI,Guercif,Rural,Collégial,Année 3,Féminin,14,Travail enfant,< 1 km,> 7000 MAD,4,0,0
AB402945,2020-2021,Rabat-Salé-Kénitra,RAB,Sidi Slimane,Urbain,Collégial,Année 3,Masculin,13,Difficultés scolaires,5–15 km,4000-7000 MAD,2,1,0
AB402946,2020-2021,Casablanca-Settat,CAS,Casablanca,Rural,Collégial,Année 1,Féminin,13,Difficultés scolaires,< 1 km,2000-4000 MAD,2,0,0
AB402947,2019-2020,Tanger-Tétouan-Al Hoceïma,TAN,Al Hoceïma,Urbain,Primaire,Année 4,Masculin,12,Difficultés scolaires,5–15 km,2000-4000 MAD,3,1,0
AB402948,2017-2018,Oriental,ORI,Driouch,Rural,Collégial,Année 2,Masculin,14,Difficultés économiques,> 15 km,< 2000 MAD,8,1,0
AB402949,2022-2023,Casablanca-Settat,CAS,Berrechid,Rural,Qualifiant,Année 1,Féminin,17,Manque d'infrastructures,< 1 km,> 7000 MAD,3,1,0
AB402950,2020-2021,Drâa-Tafilalet,DRA,Zagora,Rural,Collégial,Année 3,Masculin,13,Travail enfant,1–5 km,2000-4000 MAD,1,1,1
AB402951,2015-2016,Rabat-Salé-Kénitra,RAB,Sidi Slimane,Rural,Qualifiant,Année 1,Féminin,16,Travail enfant,5–15 km,< 2000 MAD,2,0,0
AB402952,2016-2017,Marrakech-Safi,MAR,Essaouira,Urbain,Collégial,Année 2,Masculin,15,Difficultés économiques,> 15 km,4000-7000 MAD,2,1,1
AB402953,2016-2017,Tanger-Tétouan-Al Hoceïma,TAN,Ouazzane,Urbain,Collégial,Année 1,Masculin,13,Mariage précoce,> 15 km,< 2000 MAD,8,0,1
AB402954,2018-2019,Fès-Meknès,FES,Meknès,Rural,Collégial,Année 2,Masculin,15,Mariage précoce,1–5 km,2000-4000 MAD,6,0,0
AB402955,2015-2016,Oriental,ORI,Nador,Rural,Qualifiant,Année 3,Féminin,17,Mariage précoce,< 1 km,2000-4000 MAD,3,1,1
AB402956,2019-2020,Souss-Massa,SOU,Agadir-Ida-Ou-Tanane,Rural,Collégial,Année 3,Masculin,14,Difficultés économiques,< 1 km,4000-7000 MAD,2,0,0
AB402957,2015-2016,Casablanca-Settat,CAS,Sidi Bennour,Rural,Primaire,Année 1,Féminin,11,Travail enfant,> 15 km,2000-4000 MAD,1,0,1
AB402958,2016-2017,Rabat-Salé-Kénitra,RAB,Kénitra,Urbain,Primaire,Année 2,Masculin,11,Travail enfant,5–15 km,< 2000 MAD,7,0,0
AB402959,2023-2024,Tanger-Tétouan-Al Hoceïma,TAN,Fahs-Anjra,Rural,Primaire,Année 4,Féminin,8,Éloignement de l'établissement,5–15 km,4000-7000 MAD,2,0,1
AB402960,2018-2019,Rabat-Salé-Kénitra,RAB,Rabat,Rural,Qualifiant,Année 1,Féminin,16,Manque d'infrastructures,1–5 km,2000-4000 MAD,6,0,0
AB402961,2020-2021,Tanger-Tétouan-Al Hoceïma,TAN,Fahs-Anjra,Rural,Primaire,Année 2,Féminin,9,Travail enfant,> 15 km,< 2000 MAD,6,1,0
AB402962,2021-2022,Rabat-Salé-Kénitra,RAB,Sidi Slimane,Rural,Collégial,Année 2,Féminin,14,Difficultés économiques,< 1 km,2000-4000 MAD,2,1,0
AB402963,2020-2021,Casablanca-Settat,CAS,Benslimane,Urbain,Collégial,Année 3,Masculin,13,Difficultés économiques,5–15 km,2000-4000 MAD,6,1,0
AB402964,2020-2021,Fès-Meknès,FES,Taounate,Rural,Collégial,Année 2,Masculin,15,Difficultés économiques,5–15 km,4000-7000 MAD,6,1,0
AB402965,2016-2017,Rabat-Salé-Kénitra,RAB,Kénitra,Urbain,Collégial,Année 2,Féminin,13,Grossesse,5–15 km,2000-4000 MAD,3,1,1
AB402966,2020-2021,Béni Mellal-Khénifra,BMK,El Kelaa des Sraghna,Urbain,Qualifiant,Année 2,Féminin,17,Difficultés scolaires,1–5 km,4000-7000 MAD,5,1,0
AB402967,2022-2023,Souss-Massa,SOU,Inezgane-Ait Melloul,Urbain,Collégial,Année 1,Masculin,13,Difficultés économiques,5–15 km,4000-7000 MAD,6,0,1
AB402968,2017-2018,Tanger-Tétouan-Al Hoceïma,TAN,Tétouan,Rural,Collégial,Année 3,Masculin,15,Difficultés scolaires,1–5 km,< 2000 MAD,3,1,0
AB402969,2017-2018,Rabat-Salé-Kénitra,RAB,Kénitra,Urbain,Collégial,Année 1,Masculin,13,Difficultés scolaires,1–5 km,> 7000 MAD,3,0,0
AB402970,2023-2024,Fès-Meknès,FES,Ifrane,Urbain,Primaire,Année 1,Féminin,12,Travail enfant,< 1 km,< 2000 MAD,5,1,0
AB402971,2021-2022,Rabat-Salé-Kénitra,RAB,Skhirate-Témara,Urbain,Collégial,Année 2,Féminin,14,Travail enfant,1–5 km,4000-7000 MAD,5,0,1
AB402972,2019-2020,Oriental,ORI,Nador,Rural,Qualifiant,Année 2,Masculin,17,Difficultés scolaires,< 1 km,> 7000 MAD,1,1,0
AB402973,2022-2023,Oriental,ORI,Berkane,Urbain,Collégial,Année 2,Masculin,13,Mariage précoce,> 15 km,2000-4000 MAD,3,1,0
AB402974,2022-2023,Marrakech-Safi,MAR,Essaouira,Urbain,Qualifiant,Année 3,Féminin,16,Mariage précoce,5–15 km,2000-4000 MAD,1,1,0
AB402975,2018-2019,Casablanca-Settat,CAS,Casablanca,Rural,Primaire,Année 5,Masculin,10,Mariage précoce,1–5 km,< 2000 MAD,7,1,0
AB402976,2023-2024,Fès-Meknès,FES,Moulay Yacoub,Rural,Collégial,Année 1,Masculin,13,Éloignement de l'établissement,5–15 km,< 2000 MAD,5,0,0
AB402977,2019-2020,Marrakech-Safi,MAR,Youssoufia,Urbain,Collégial,Année 2,Masculin,15,Éloignement de l'établissement,1–5 km,2000-4000 MAD,3,0,0
AB402978,2022-2023,Marrakech-Safi,MAR,El Kelaa des Sraghna,Rural,Qualifiant,Année 2,Féminin,16,Grossesse,1–5 km,4000-7000 MAD,1,1,1
AB402979,2015-2016,Souss-Massa,SOU,Tata,Urbain,Collégial,Année 3,Féminin,14,Mariage précoce,1–5 km,2000-4000 MAD,7,0,0
AB402980,2023-2024,Marrakech-Safi,MAR,Marrakech,Rural,Primaire,Année 3,Féminin,11,Éloignement de l'établissement,< 1 km,2000-4000 MAD,5,0,0
AB402981,2021-2022,Fès-Meknès,FES,Séfrou,Rural,Collégial,Année 3,Masculin,14,Éloignement de l'établissement,1–5 km,4000-7000 MAD,7,1,1
AB402982,2022-2023,Drâa-Tafilalet,DRA,Zagora,Urbain,Primaire,Année 2,Masculin,12,Travail enfant,< 1 km,2000-4000 MAD,6,0,0
AB402983,2022-2023,Béni Mellal-Khénifra,BMK,Khouribga,Urbain,Qualifiant,Année 3,Masculin,17,Difficultés scolaires,1–5 km,2000-4000 MAD,1,1,1
AB402984,2017-2018,Casablanca-Settat,CAS,Casablanca,Rural,Primaire,Année 5,Masculin,12,Difficultés scolaires,1–5 km,< 2000 MAD,1,0,0
AB402985,2016-2017,Marrakech-Safi,MAR,Essaouira,Urbain,Primaire,Année 5,Féminin,9,Travail enfant,< 1 km,2000-4000 MAD,6,0,1
AB402986,2021-2022,Béni Mellal-Khénifra,BMK,Béni Mellal,Rural,Primaire,Année 6,Masculin,8,Éloignement de l'établissement,5–15 km,> 7000 MAD,5,1,1
AB402987,2023-2024,Souss-Massa,SOU,Agadir-Ida-Ou-Tanane,Urbain,Collégial,Année 3,Féminin,13,Autre,1–5 km,2000-4000 MAD,3,1,0
AB402988,2018-2019,Rabat-Salé-Kénitra,RAB,Khémisset,Rural,Collégial,Année 1,Masculin,13,Mariage précoce,5–15 km,2000-4000 MAD,8,0,0
AB402989,2021-2022,Rabat-Salé-Kénitra,RAB,Skhirate-Témara,Rural,Collégial,Année 3,Féminin,13,Mariage précoce,5–15 km,4000-7000 MAD,6,1,0
AB402990,2020-2021,Béni Mellal-Khénifra,BMK,Béni Mellal,Rural,Collégial,Année 2,Féminin,15,Mariage précoce,5–15 km,2000-4000 MAD,8,1,0
AB402991,2015-2016,Casablanca-Settat,CAS,Berrechid,Rural,Primaire,Année 6,Masculin,7,Éloignement de l'établissement,< 1 km,2000-4000 MAD,1,1,0
AB402992,2019-2020,Rabat-Salé-Kénitra,RAB,Kénitra,Rural,Qualifiant,Année 2,Féminin,16,Mariage précoce,< 1 km,< 2000 MAD,8,1,1
AB402993,2017-2018,Souss-Massa,SOU,Chtouka-Ait Baha,Rural,Qualifiant,Année 3,Féminin,17,Travail enfant,> 15 km,4000-7000 MAD,1,0,0
AB402994,2021-2022,Marrakech-Safi,MAR,Safi,Rural,Qualifiant,Année 1,Masculin,16,Autre,< 1 km,> 7000 MAD,8,0,0
AB402995,2016-2017,Souss-Massa,SOU,Tiznit,Rural,Qualifiant,Année 1,Féminin,16,Difficultés scolaires,< 1 km,2000-4000 MAD,7,1,0
AB402996,2020-2021,Rabat-Salé-Kénitra,RAB,Khémisset,Urbain,Primaire,Année 2,Masculin,9,Difficultés scolaires,5–15 km,2000-4000 MAD,7,0,1
AB402997,2018-2019,Souss-Massa,SOU,Tiznit,Rural,Collégial,Année 3,Masculin,13,Éloignement de l'établissement,1–5 km,< 2000 MAD,7,1,0
AB402998,2015-2016,Fès-Meknès,FES,Taza,Rural,Collégial,Année 1,Masculin,14,Travail enfant,5–15 km,< 2000 MAD,7,1,1
AB402999,2020-2021,Casablanca-Settat,CAS,Berrechid,Urbain,Collégial,Année 3,Masculin,13,Manque d'infrastructures,5–15 km,4000-7000 MAD,8,1,0
AB403000,2019-2020,Oriental,ORI,Figuig,Rural,Qualifiant,Année 3,Féminin,18,Mariage précoce,1–5 km,4000-7000 MAD,7,0,0
AB403001,2016-2017,Fès-Meknès,FES,Moulay Yacoub,Rural,Collégial,Année 2,Féminin,13,Handicap,< 1 km,2000-4000 MAD,4,0,1
AB403002,2015-2016,Casablanca-Settat,CAS,Berrechid,Urbain,Qualifiant,Année 2,Masculin,16,Difficultés scolaires,> 15 km,< 2000 MAD,1,1,0
AB403003,2015-2016,Souss-Massa,SOU,Chtouka-Ait Baha,Urbain,Collégial,Année 3,Féminin,15,Éloignement de l'établissement,< 1 km,< 2000 MAD,6,1,0
AB403004,2016-2017,Rabat-Salé-Kénitra,RAB,Salé,Urbain,Collégial,Année 2,Masculin,14,Difficultés économiques,5–15 km,< 2000 MAD,8,1,0
AB403005,2017-2018,Casablanca-Settat,CAS,Settat,Rural,Qualifiant,Année 2,Féminin,18,Éloignement de l'établissement,1–5 km,2000-4000 MAD,4,0,1
AB403006,2020-2021,Rabat-Salé-Kénitra,RAB,Rabat,Urbain,Collégial,Année 2,Masculin,15,Travail enfant,1–5 km,2000-4000 MAD,3,0,0
AB403007,2015-2016,Marrakech-Safi,MAR,Al Haouz,Rural,Primaire,Année 1,Masculin,10,Travail enfant,< 1 km,2000-4000 MAD,6,0,0
AB403008,2015-2016,Casablanca-Settat,CAS,Sidi Bennour,Urbain,Qualifiant,Année 3,Féminin,18,Autre,1–5 km,< 2000 MAD,7,1,1
AB403009,2019-2020,Marrakech-Safi,MAR,Marrakech,Rural,Collégial,Année 2,Masculin,14,Travail enfant,< 1 km,2000-4000 MAD,2,0,0
AB403010,2020-2021,Fès-Meknès,FES,Meknès,Rural,Primaire,Année 1,Masculin,7,Difficultés économiques,< 1 km,2000-4000 MAD,5,0,0
AB403011,2018-2019,Marrakech-Safi,MAR,Essaouira,Rural,Primaire,Année 4,Féminin,7,Handicap,1–5 km,> 7000 MAD,3,1,0
AB403012,2023-2024,Fès-Meknès,FES,El Hajeb,Urbain,Primaire,Année 2,Féminin,8,Travail enfant,< 1 km,4000-7000 MAD,1,1,0
AB403013,2021-2022,Fès-Meknès,FES,Boulemane,Urbain,Primaire,Année 2,Féminin,9,Travail enfant,1–5 km,2000-4000 MAD,8,0,0
AB403014,2018-2019,Fès-Meknès,FES,Boulemane,Rural,Collégial,Année 2,Féminin,14,Manque d'infrastructures,5–15 km,> 7000 MAD,5,0,1
AB403015,2017-2018,Souss-Massa,SOU,Inezgane-Ait Melloul,Rural,Qualifiant,Année 1,Masculin,18,Difficultés scolaires,1–5 km,< 2000 MAD,7,0,1
AB403016,2019-2020,Souss-Massa,SOU,Chtouka-Ait Baha,Rural,Primaire,Année 3,Masculin,7,Travail enfant,> 15 km,< 2000 MAD,3,0,1
AB403017,2015-2016,Souss-Massa,SOU,Tiznit,Rural,Collégial,Année 2,Masculin,14,Éloignement de l'établissement,5–15 km,2000-4000 MAD,8,1,0
AB403018,2022-2023,Souss-Massa,SOU,Taroudannt,Rural,Collégial,Année 3,Masculin,13,Travail enfant,1–5 km,< 2000 MAD,3,1,1
AB403019,2019-2020,Tanger-Tétouan-Al Hoceïma,TAN,Al Hoceïma,Rural,Collégial,Année 2,Féminin,15,Difficultés scolaires,5–15 km,2000-4000 MAD,6,1,0
AB403020,2021-2022,Marrakech-Safi,MAR,Al Haouz,Rural,Qualifiant,Année 1,Féminin,17,Difficultés scolaires,5–15 km,< 2000 MAD,1,1,0
AB403021,2020-2021,Marrakech-Safi,MAR,Chichaoua,Urbain,Collégial,Année 3,Masculin,15,Travail enfant,> 15 km,< 2000 MAD,7,1,0
AB403022,2022-2023,Laâyoune-Sakia El Hamra,LAA,Tarfaya,Urbain,Collégial,Année 2,Masculin,15,Mariage précoce,5–15 km,4000-7000 MAD,3,0,0
AB403023,2019-2020,Casablanca-Settat,CAS,Casablanca,Rural,Primaire,Année 1,Féminin,8,Difficultés économiques,< 1 km,> 7000 MAD,1,0,0
AB403024,2018-2019,Marrakech-Safi,MAR,Marrakech,Rural,Qualifiant,Année 1,Masculin,16,Autre,> 15 km,4000-7000 MAD,7,0,0
AB403025,2019-2020,Fès-Meknès,FES,Fès,Rural,Collégial,Année 2,Féminin,15,Mariage précoce,1–5 km,2000-4000 MAD,2,1,0
AB403026,2017-2018,Oriental,ORI,Oujda-Angad,Urbain,Primaire,Année 3,Masculin,8,Travail enfant,1–5 km,> 7000 MAD,5,1,0
AB403027,2023-2024,Tanger-Tétouan-Al Hoceïma,TAN,Fahs-Anjra,Urbain,Collégial,Année 3,Féminin,14,Mariage précoce,> 15 km,< 2000 MAD,2,0,1
AB403028,2021-2022,Souss-Massa,SOU,Tata,Rural,Collégial,Année 2,Féminin,14,Difficultés économiques,1–5 km,< 2000 MAD,6,1,0
AB403029,2020-2021,Fès-Meknès,FES,Séfrou,Rural,Qualifiant,Année 2,Masculin,16,Mariage précoce,> 15 km,2000-4000 MAD,6,0,0
AB403030,2019-2020,Fès-Meknès,FES,Boulemane,Rural,Qualifiant,Année 1,Masculin,18,Difficultés scolaires,1–5 km,< 2000 MAD,4,1,0
AB403031,2021-2022,Souss-Massa,SOU,Chtouka-Ait Baha,Rural,Primaire,Année 6,Masculin,9,Difficultés scolaires,1–5 km,2000-4000 MAD,1,0,0
AB403032,2015-2016,Rabat-Salé-Kénitra,RAB,Kénitra,Rural,Collégial,Année 3,Féminin,15,Mariage précoce,> 15 km,4000-7000 MAD,7,1,0
AB403033,2021-2022,Casablanca-Settat,CAS,Sidi Bennour,Rural,Qualifiant,Année 3,Masculin,17,Difficultés économiques,1–5 km,< 2000 MAD,3,0,0
AB403034,2019-2020,Tanger-Tétouan-Al Hoceïma,TAN,Chefchaouen,Rural,Primaire,Année 3,Masculin,12,Travail enfant,> 15 km,< 2000 MAD,1,1,1
AB403035,2016-2017,Fès-Meknès,FES,Taounate,Urbain,Collégial,Année 2,Masculin,14,Manque d'infrastructures,< 1 km,2000-4000 MAD,2,1,0
AB403036,2020-2021,Tanger-Tétouan-Al Hoceïma,TAN,Chefchaouen,Rural,Qualifiant,Année 3,Masculin,18,Mariage précoce,1–5 km,< 2000 MAD,4,1,0
AB403037,2015-2016,Oriental,ORI,Guercif,Rural,Primaire,Année 6,Féminin,8,Difficultés économiques,5–15 km,> 7000 MAD,6,0,0
AB403038,2015-2016,Fès-Meknès,FES,Meknès,Rural,Primaire,Année 3,Féminin,12,Travail enfant,5–15 km,2000-4000 MAD,2,1,1
AB403039,2015-2016,Marrakech-Safi,MAR,Essaouira,Rural,Collégial,Année 2,Masculin,13,Difficultés économiques,> 15 km,4000-7000 MAD,7,0,1
AB403040,2018-2019,Dakhla-Oued Eddahab,DAK,Dakhla,Urbain,Collégial,Année 2,Féminin,15,Manque d'infrastructures,5–15 km,> 7000 MAD,3,0,0
AB403041,2023-2024,Casablanca-Settat,CAS,Sidi Bennour,Urbain,Primaire,Année 6,Féminin,11,Travail enfant,5–15 km,4000-7000 MAD,4,1,0
AB403042,2021-2022,Tanger-Tétouan-Al Hoceïma,TAN,Mdiq-Fnideq,Rural,Primaire,Année 5,Féminin,7,Handicap,< 1 km,< 2000 MAD,6,1,1
AB403043,2018-2019,Tanger-Tétouan-Al Hoceïma,TAN,Tanger-Assilah,Urbain,Qualifiant,Année 3,Féminin,16,Mariage précoce,< 1 km,< 2000 MAD,5,1,1
AB403044,2023-2024,Oriental,ORI,Nador,Urbain,Primaire,Année 4,Masculin,9,Difficultés économiques,5–15 km,< 2000 MAD,7,0,0
AB403045,2019-2020,Laâyoune-Sakia El Hamra,LAA,Laâyoune,Urbain,Collégial,Année 2,Masculin,13,Difficultés scolaires,1–5 km,4000-7000 MAD,7,1,1
AB403046,2022-2023,Casablanca-Settat,CAS,Khouribga,Rural,Qualifiant,Année 1,Féminin,16,Difficultés scolaires,< 1 km,4000-7000 MAD,7,1,0
AB403047,2019-2020,Guelmim-Oued Noun,GUE,Assa-Zag,Urbain,Qualifiant,Année 2,Masculin,18,Manque d'infrastructures,< 1 km,2000-4000 MAD,8,1,0
AB403048,2015-2016,Rabat-Salé-Kénitra,RAB,Skhirate-Témara,Rural,Qualifiant,Année 3,Féminin,18,Grossesse,< 1 km,2000-4000 MAD,3,1,1
AB403049,2018-2019,Marrakech-Safi,MAR,Al Haouz,Urbain,Primaire,Année 1,Féminin,12,Travail enfant,1–5 km,2000-4000 MAD,2,1,0
AB403050,2019-2020,Marrakech-Safi,MAR,El Kelaa des Sraghna,Rural,Primaire,Année 3,Féminin,8,Travail enfant,< 1 km,2000-4000 MAD,1,1,1
AB403051,2023-2024,Casablanca-Settat,CAS,Settat,Urbain,Primaire,Année 6,Féminin,10,Difficultés scolaires,> 15 km,< 2000 MAD,3,1,0
AB403052,2017-2018,Tanger-Tétouan-Al Hoceïma,TAN,Ouazzane,Urbain,Primaire,Année 1,Féminin,11,Éloignement de l'établissement,< 1 km,> 7000 MAD,6,1,0
AB403053,2020-2021,Marrakech-Safi,MAR,Chichaoua,Urbain,Qualifiant,Année 2,Masculin,16,Travail enfant,> 15 km,> 7000 MAD,3,0,1
AB403054,2021-2022,Souss-Massa,SOU,Inezgane-Ait Melloul,Rural,Qualifiant,Année 1,Masculin,16,Difficultés scolaires,< 1 km,2000-4000 MAD,7,0,0
AB403055,2016-2017,Laâyoune-Sakia El Hamra,LAA,Boujdour,Rural,Qualifiant,Année 3,Masculin,16,Mariage précoce,5–15 km,2000-4000 MAD,2,1,0
AB403056,2023-2024,Casablanca-Settat,CAS,Sidi Bennour,Urbain,Primaire,Année 1,Féminin,12,Difficultés économiques,1–5 km,< 2000 MAD,2,0,0
AB403057,2021-2022,Tanger-Tétouan-Al Hoceïma,TAN,Larache,Rural,Collégial,Année 1,Masculin,15,Manque d'infrastructures,> 15 km,4000-7000 MAD,2,0,1
AB403058,2015-2016,Rabat-Salé-Kénitra,RAB,Sidi Kacem,Rural,Qualifiant,Année 2,Masculin,18,Travail enfant,< 1 km,< 2000 MAD,4,0,1
AB403059,2019-2020,Drâa-Tafilalet,DRA,Errachidia,Rural,Primaire,Année 2,Féminin,9,Manque d'infrastructures,5–15 km,4000-7000 MAD,6,0,0
AB403060,2018-2019,Casablanca-Settat,CAS,Settat,Rural,Primaire,Année 1,Masculin,10,Travail enfant,< 1 km,< 2000 MAD,5,1,0
AB403061,2018-2019,Marrakech-Safi,MAR,Safi,Urbain,Primaire,Année 3,Féminin,12,Difficultés économiques,1–5 km,< 2000 MAD,1,0,0
AB403062,2018-2019,Casablanca-Settat,CAS,Mohammadia,Urbain,Collégial,Année 2,Masculin,15,Difficultés économiques,1–5 km,4000-7000 MAD,4,0,0
AB403063,2020-2021,Oriental,ORI,Nador,Urbain,Collégial,Année 3,Féminin,13,Difficultés économiques,5–15 km,2000-4000 MAD,5,1,0
AB403064,2015-2016,Béni Mellal-Khénifra,BMK,Khouribga,Urbain,Collégial,Année 3,Féminin,15,Difficultés économiques,< 1 km,< 2000 MAD,8,0,0
AB403065,2023-2024,Fès-Meknès,FES,Ifrane,Rural,Qualifiant,Année 2,Masculin,17,Difficultés scolaires,> 15 km,2000-4000 MAD,4,0,0
AB403066,2019-2020,Casablanca-Settat,CAS,Settat,Urbain,Qualifiant,Année 3,Masculin,18,Manque d'infrastructures,< 1 km,4000-7000 MAD,2,0,0
AB403067,2020-2021,Oriental,ORI,Figuig,Rural,Primaire,Année 4,Féminin,10,Travail enfant,1–5 km,4000-7000 MAD,1,1,0
AB403068,2017-2018,Marrakech-Safi,MAR,El Kelaa des Sraghna,Rural,Qualifiant,Année 3,Masculin,17,Mariage précoce,5–15 km,2000-4000 MAD,2,0,0
AB403069,2022-2023,Béni Mellal-Khénifra,BMK,El Kelaa des Sraghna,Rural,Primaire,Année 1,Féminin,12,Éloignement de l'établissement,> 15 km,4000-7000 MAD,2,0,0
AB403070,2019-2020,Oriental,ORI,Oujda-Angad,Urbain,Collégial,Année 2,Féminin,14,Mariage précoce,< 1 km,< 2000 MAD,3,0,0
AB403071,2022-2023,Casablanca-Settat,CAS,Sidi Bennour,Urbain,Collégial,Année 3,Féminin,15,Éloignement de l'établissement,1–5 km,4000-7000 MAD,4,1,1
AB403072,2016-2017,Rabat-Salé-Kénitra,RAB,Rabat,Rural,Qualifiant,Année 2,Féminin,18,Manque d'infrastructures,1–5 km,< 2000 MAD,4,0,0
AB403073,2015-2016,Casablanca-Settat,CAS,Berrechid,Rural,Primaire,Année 1,Masculin,12,Autre,1–5 km,2000-4000 MAD,3,0,1
AB403074,2016-2017,Drâa-Tafilalet,DRA,Midelt,Rural,Qualifiant,Année 2,Masculin,17,Mariage précoce,< 1 km,> 7000 MAD,2,0,0
AB403075,2019-2020,Oriental,ORI,Taourirt,Rural,Qualifiant,Année 1,Masculin,17,Difficultés scolaires,1–5 km,2000-4000 MAD,6,0,0
AB403076,2016-2017,Souss-Massa,SOU,Tata,Urbain,Collégial,Année 1,Masculin,13,Éloignement de l'établissement,> 15 km,< 2000 MAD,8,1,0
AB403077,2021-2022,Casablanca-Settat,CAS,Mohammadia,Urbain,Collégial,Année 1,Féminin,14,Autre,5–15 km,2000-4000 MAD,3,0,0
AB403078,2021-2022,Rabat-Salé-Kénitra,RAB,Kénitra,Urbain,Collégial,Année 2,Masculin,15,Travail enfant,< 1 km,< 2000 MAD,3,0,0
AB403079,2017-2018,Souss-Massa,SOU,Tata,Urbain,Qualifiant,Année 3,Masculin,16,Mariage précoce,< 1 km,4000-7000 MAD,2,1,0
AB403080,2016-2017,Casablanca-Settat,CAS,Settat,Urbain,Primaire,Année 3,Masculin,9,Difficultés scolaires,1–5 km,2000-4000 MAD,3,1,0
AB403081,2017-2018,Béni Mellal-Khénifra,BMK,Azilal,Urbain,Qualifiant,Année 2,Masculin,18,Grossesse,5–15 km,2000-4000 MAD,7,1,0
AB403082,2018-2019,Rabat-Salé-Kénitra,RAB,Sidi Kacem,Urbain,Collégial,Année 1,Féminin,13,Difficultés économiques,< 1 km,> 7000 MAD,3,1,1
AB403083,2019-2020,Rabat-Salé-Kénitra,RAB,Skhirate-Témara,Urbain,Collégial,Année 2,Féminin,15,Éloignement de l'établissement,1–5 km,< 2000 MAD,6,1,0
AB403084,2019-2020,Béni Mellal-Khénifra,BMK,Fquih Ben Salah,Urbain,Qualifiant,Année 1,Masculin,18,Travail enfant,5–15 km,4000-7000 MAD,8,1,1
AB403085,2016-2017,Rabat-Salé-Kénitra,RAB,Skhirate-Témara,Urbain,Collégial,Année 2,Masculin,15,Difficultés scolaires,5–15 km,< 2000 MAD,8,0,0
AB403086,2019-2020,Rabat-Salé-Kénitra,RAB,Skhirate-Témara,Rural,Collégial,Année 2,Masculin,15,Travail enfant,1–5 km,2000-4000 MAD,2,1,0
AB403087,2017-2018,Fès-Meknès,FES,Moulay Yacoub,Rural,Qualifiant,Année 1,Masculin,17,Autre,< 1 km,2000-4000 MAD,6,0,0
AB403088,2017-2018,Fès-Meknès,FES,Séfrou,Urbain,Collégial,Année 2,Féminin,13,Mariage précoce,> 15 km,> 7000 MAD,3,1,1
AB403089,2022-2023,Rabat-Salé-Kénitra,RAB,Rabat,Rural,Collégial,Année 1,Masculin,15,Difficultés économiques,5–15 km,> 7000 MAD,3,1,0
AB403090,2018-2019,Casablanca-Settat,CAS,Sidi Bennour,Rural,Collégial,Année 3,Masculin,15,Grossesse,1–5 km,4000-7000 MAD,8,1,0
AB403091,2022-2023,Rabat-Salé-Kénitra,RAB,Rabat,Urbain,Primaire,Année 1,Féminin,10,Éloignement de l'établissement,1–5 km,4000-7000 MAD,5,1,1
AB403092,2021-2022,Casablanca-Settat,CAS,Settat,Urbain,Primaire,Année 2,Masculin,7,Difficultés scolaires,> 15 km,> 7000 MAD,3,0,1
AB403093,2022-2023,Marrakech-Safi,MAR,Chichaoua,Rural,Collégial,Année 3,Féminin,14,Difficultés économiques,< 1 km,< 2000 MAD,7,1,1
AB403094,2018-2019,Fès-Meknès,FES,Taza,Rural,Collégial,Année 2,Masculin,15,Mariage précoce,1–5 km,2000-4000 MAD,3,1,0
AB403095,2017-2018,Marrakech-Safi,MAR,Chichaoua,Rural,Primaire,Année 5,Masculin,9,Difficultés économiques,1–5 km,> 7000 MAD,8,1,0
AB403096,2020-2021,Casablanca-Settat,CAS,Khouribga,Urbain,Primaire,Année 5,Féminin,7,Difficultés scolaires,< 1 km,4000-7000 MAD,8,1,1
AB403097,2021-2022,Fès-Meknès,FES,Taza,Rural,Primaire,Année 1,Masculin,8,Difficultés économiques,5–15 km,2000-4000 MAD,7,0,1
AB403098,2016-2017,Tanger-Tétouan-Al Hoceïma,TAN,Tanger-Assilah,Rural,Qualifiant,Année 2,Féminin,16,Difficultés économiques,< 1 km,< 2000 MAD,6,1,0
AB403099,2019-2020,Souss-Massa,SOU,Agadir-Ida-Ou-Tanane,Rural,Collégial,Année 2,Féminin,15,Éloignement de l'établissement,1–5 km,< 2000 MAD,1,0,0
AB403100,2019-2020,Tanger-Tétouan-Al Hoceïma,TAN,Ouazzane,Rural,Collégial,Année 1,Masculin,13,Travail enfant,5–15 km,> 7000 MAD,5,0,0
AB403101,2016-2017,Casablanca-Settat,CAS,Benslimane,Rural,Collégial,Année 3,Féminin,15,Travail enfant,5–15 km,> 7000 MAD,2,1,1
AB403102,2023-2024,Marrakech-Safi,MAR,Essaouira,Urbain,Collégial,Année 2,Masculin,15,Difficultés économiques,1–5 km,< 2000 MAD,2,0,0
AB403103,2021-2022,Fès-Meknès,FES,Ifrane,Rural,Primaire,Année 3,Masculin,11,Difficultés économiques,1–5 km,> 7000 MAD,5,0,0
AB403104,2019-2020,Rabat-Salé-Kénitra,RAB,Salé,Urbain,Collégial,Année 1,Féminin,14,Difficultés scolaires,< 1 km,> 7000 MAD,4,1,1
AB403105,2022-2023,Casablanca-Settat,CAS,El Jadida,Rural,Primaire,Année 2,Masculin,11,Handicap,1–5 km,> 7000 MAD,4,1,1
AB403106,2016-2017,Tanger-Tétouan-Al Hoceïma,TAN,Tétouan,Rural,Collégial,Année 3,Féminin,15,Mariage précoce,1–5 km,> 7000 MAD,7,1,0
AB403107,2020-2021,Souss-Massa,SOU,Inezgane-Ait Melloul,Urbain,Primaire,Année 3,Masculin,8,Difficultés scolaires,5–15 km,2000-4000 MAD,6,0,0
AB403108,2021-2022,Fès-Meknès,FES,Taounate,Urbain,Qualifiant,Année 1,Féminin,17,Éloignement de l'établissement,< 1 km,2000-4000 MAD,1,0,1
AB403109,2015-2016,Béni Mellal-Khénifra,BMK,Khouribga,Urbain,Collégial,Année 3,Féminin,14,Difficultés économiques,< 1 km,2000-4000 MAD,6,1,1
AB403110,2020-2021,Rabat-Salé-Kénitra,RAB,Rabat,Urbain,Collégial,Année 2,Masculin,13,Travail enfant,< 1 km,> 7000 MAD,1,0,0
AB403111,2017-2018,Casablanca-Settat,CAS,Settat,Rural,Collégial,Année 3,Masculin,13,Difficultés scolaires,> 15 km,> 7000 MAD,3,1,0
AB403112,2016-2017,Marrakech-Safi,MAR,Youssoufia,Urbain,Primaire,Année 5,Masculin,7,Difficultés économiques,< 1 km,4000-7000 MAD,8,0,0
AB403113,2021-2022,Casablanca-Settat,CAS,Benslimane,Urbain,Collégial,Année 3,Masculin,13,Travail enfant,1–5 km,< 2000 MAD,4,1,1
AB403114,2023-2024,Fès-Meknès,FES,Taounate,Rural,Collégial,Année 2,Féminin,14,Éloignement de l'établissement,5–15 km,< 2000 MAD,7,1,1
AB403115,2016-2017,Fès-Meknès,FES,Ifrane,Rural,Primaire,Année 3,Féminin,12,Difficultés économiques,< 1 km,4000-7000 MAD,2,0,0
AB403116,2021-2022,Casablanca-Settat,CAS,Sidi Bennour,Rural,Qualifiant,Année 3,Masculin,18,Handicap,< 1 km,> 7000 MAD,6,1,1
AB403117,2015-2016,Fès-Meknès,FES,Taounate,Urbain,Collégial,Année 1,Masculin,14,Difficultés économiques,5–15 km,2000-4000 MAD,7,0,0
AB403118,2018-2019,Oriental,ORI,Jerada,Rural,Primaire,Année 2,Féminin,8,Difficultés scolaires,< 1 km,2000-4000 MAD,2,0,0
AB403119,2020-2021,Drâa-Tafilalet,DRA,Midelt,Rural,Qualifiant,Année 1,Féminin,17,Mariage précoce,> 15 km,2000-4000 MAD,3,0,0
AB403120,2017-2018,Fès-Meknès,FES,Ifrane,Rural,Qualifiant,Année 3,Féminin,16,Manque d'infrastructures,< 1 km,< 2000 MAD,3,0,0
AB403121,2022-2023,Oriental,ORI,Guercif,Urbain,Collégial,Année 1,Masculin,13,Difficultés économiques,1–5 km,< 2000 MAD,4,1,1
AB403122,2018-2019,Fès-Meknès,FES,Séfrou,Urbain,Primaire,Année 6,Masculin,12,Travail enfant,< 1 km,4000-7000 MAD,3,0,1
AB403123,2021-2022,Tanger-Tétouan-Al Hoceïma,TAN,Fahs-Anjra,Rural,Collégial,Année 2,Masculin,15,Difficultés scolaires,< 1 km,> 7000 MAD,2,1,0
AB403124,2019-2020,Tanger-Tétouan-Al Hoceïma,TAN,Fahs-Anjra,Rural,Collégial,Année 2,Féminin,13,Travail enfant,> 15 km,< 2000 MAD,3,0,0
AB403125,2015-2016,Casablanca-Settat,CAS,Settat,Urbain,Qualifiant,Année 3,Féminin,17,Mariage précoce,< 1 km,2000-4000 MAD,5,0,1
AB403126,2015-2016,Marrakech-Safi,MAR,Youssoufia,Rural,Primaire,Année 5,Masculin,9,Travail enfant,> 15 km,< 2000 MAD,1,1,0
AB403127,2021-2022,Casablanca-Settat,CAS,Casablanca,Urbain,Primaire,Année 3,Masculin,9,Éloignement de l'établissement,5–15 km,< 2000 MAD,4,1,1
AB403128,2022-2023,Casablanca-Settat,CAS,Berrechid,Urbain,Primaire,Année 6,Masculin,9,Difficultés économiques,< 1 km,< 2000 MAD,4,1,0
AB403129,2020-2021,Béni Mellal-Khénifra,BMK,Fquih Ben Salah,Rural,Collégial,Année 2,Masculin,15,Mariage précoce,1–5 km,< 2000 MAD,4,0,1
AB403130,2017-2018,Tanger-Tétouan-Al Hoceïma,TAN,Mdiq-Fnideq,Urbain,Qualifiant,Année 3,Féminin,18,Autre,< 1 km,< 2000 MAD,6,0,0
AB403131,2022-2023,Casablanca-Settat,CAS,El Jadida,Rural,Primaire,Année 2,Masculin,8,Éloignement de l'établissement,1–5 km,< 2000 MAD,1,1,0
AB403132,2019-2020,Casablanca-Settat,CAS,Casablanca,Rural,Collégial,Année 2,Féminin,15,Travail enfant,< 1 km,4000-7000 MAD,8,1,0
AB403133,2020-2021,Fès-Meknès,FES,Taza,Rural,Collégial,Année 1,Masculin,15,Éloignement de l'établissement,> 15 km,> 7000 MAD,3,1,0
AB403134,2020-2021,Fès-Meknès,FES,Taza,Rural,Collégial,Année 2,Féminin,15,Travail enfant,1–5 km,4000-7000 MAD,3,0,0
AB403135,2023-2024,Tanger-Tétouan-Al Hoceïma,TAN,Mdiq-Fnideq,Urbain,Qualifiant,Année 2,Féminin,18,Mariage précoce,< 1 km,2000-4000 MAD,2,1,0
AB403136,2017-2018,Marrakech-Safi,MAR,Marrakech,Urbain,Collégial,Année 2,Masculin,13,Mariage précoce,> 15 km,< 2000 MAD,6,0,0
AB403137,2018-2019,Tanger-Tétouan-Al Hoceïma,TAN,Larache,Rural,Qualifiant,Année 3,Masculin,18,Mariage précoce,< 1 km,2000-4000 MAD,6,0,0
AB403138,2018-2019,Tanger-Tétouan-Al Hoceïma,TAN,Chefchaouen,Rural,Qualifiant,Année 2,Masculin,18,Difficultés économiques,< 1 km,2000-4000 MAD,4,0,1
AB403139,2023-2024,Tanger-Tétouan-Al Hoceïma,TAN,Fahs-Anjra,Rural,Primaire,Année 2,Masculin,12,Travail enfant,< 1 km,2000-4000 MAD,2,1,0
AB403140,2022-2023,Souss-Massa,SOU,Agadir-Ida-Ou-Tanane,Rural,Primaire,Année 5,Féminin,7,Éloignement de l'établissement,> 15 km,2000-4000 MAD,7,1,1
AB403141,2020-2021,Souss-Massa,SOU,Inezgane-Ait Melloul,Urbain,Qualifiant,Année 2,Masculin,17,Difficultés économiques,5–15 km,2000-4000 MAD,1,0,0
AB403142,2015-2016,Fès-Meknès,FES,Boulemane,Urbain,Collégial,Année 3,Masculin,15,Difficultés économiques,> 15 km,2000-4000 MAD,4,1,1
AB403143,2023-2024,Rabat-Salé-Kénitra,RAB,Kénitra,Rural,Qualifiant,Année 2,Féminin,16,Manque d'infrastructures,1–5 km,2000-4000 MAD,5,0,1
AB403144,2015-2016,Casablanca-Settat,CAS,Berrechid,Rural,Collégial,Année 2,Masculin,13,Difficultés scolaires,5–15 km,2000-4000 MAD,7,1,0
AB403145,2023-2024,Tanger-Tétouan-Al Hoceïma,TAN,Fahs-Anjra,Rural,Qualifiant,Année 1,Masculin,16,Difficultés scolaires,< 1 km,< 2000 MAD,6,1,1
AB403146,2023-2024,Marrakech-Safi,MAR,El Kelaa des Sraghna,Urbain,Qualifiant,Année 1,Masculin,17,Difficultés scolaires,< 1 km,2000-4000 MAD,6,1,0
AB403147,2022-2023,Casablanca-Settat,CAS,Berrechid,Urbain,Collégial,Année 1,Masculin,14,Difficultés économiques,< 1 km,4000-7000 MAD,2,1,1
AB403148,2018-2019,Casablanca-Settat,CAS,Mohammadia,Urbain,Collégial,Année 3,Masculin,13,Difficultés économiques,< 1 km,< 2000 MAD,5,0,0
AB403149,2018-2019,Oriental,ORI,Berkane,Rural,Qualifiant,Année 3,Masculin,16,Difficultés scolaires,< 1 km,2000-4000 MAD,2,1,0
AB403150,2018-2019,Tanger-Tétouan-Al Hoceïma,TAN,Larache,Rural,Qualifiant,Année 2,Féminin,17,Handicap,< 1 km,< 2000 MAD,8,0,1
AB403151,2015-2016,Béni Mellal-Khénifra,BMK,Azilal,Rural,Primaire,Année 3,Féminin,11,Éloignement de l'établissement,> 15 km,2000-4000 MAD,3,1,1
AB403152,2017-2018,Marrakech-Safi,MAR,El Kelaa des Sraghna,Rural,Collégial,Année 3,Masculin,14,Mariage précoce,< 1 km,< 2000 MAD,5,1,0
AB403153,2020-2021,Marrakech-Safi,MAR,Marrakech,Rural,Collégial,Année 1,Masculin,13,Éloignement de l'établissement,< 1 km,2000-4000 MAD,2,1,0
AB403154,2015-2016,Rabat-Salé-Kénitra,RAB,Salé,Rural,Primaire,Année 3,Féminin,9,Travail enfant,< 1 km,2000-4000 MAD,5,0,0
AB403155,2017-2018,Marrakech-Safi,MAR,El Kelaa des Sraghna,Urbain,Collégial,Année 2,Masculin,15,Mariage précoce,< 1 km,> 7000 MAD,4,0,0
AB403156,2018-2019,Casablanca-Settat,CAS,El Jadida,Rural,Collégial,Année 2,Féminin,15,Manque d'infrastructures,< 1 km,< 2000 MAD,1,1,1
AB403157,2017-2018,Marrakech-Safi,MAR,Marrakech,Rural,Primaire,Année 3,Masculin,8,Grossesse,5–15 km,2000-4000 MAD,6,0,0
AB403158,2020-2021,Rabat-Salé-Kénitra,RAB,Rabat,Rural,Collégial,Année 1,Féminin,15,Éloignement de l'établissement,5–15 km,2000-4000 MAD,1,1,0
AB403159,2017-2018,Casablanca-Settat,CAS,Benslimane,Rural,Qualifiant,Année 3,Féminin,16,Difficultés scolaires,> 15 km,2000-4000 MAD,1,1,0
AB403160,2021-2022,Fès-Meknès,FES,Boulemane,Rural,Collégial,Année 1,Féminin,13,Difficultés scolaires,1–5 km,< 2000 MAD,7,0,0
AB403161,2021-2022,Tanger-Tétouan-Al Hoceïma,TAN,Ouazzane,Rural,Primaire,Année 6,Féminin,11,Mariage précoce,5–15 km,2000-4000 MAD,1,0,0
AB403162,2017-2018,Béni Mellal-Khénifra,BMK,El Kelaa des Sraghna,Rural,Primaire,Année 1,Féminin,10,Difficultés scolaires,< 1 km,4000-7000 MAD,5,0,1
AB403163,2018-2019,Marrakech-Safi,MAR,Essaouira,Rural,Collégial,Année 1,Féminin,13,Manque d'infrastructures,< 1 km,> 7000 MAD,4,0,1
AB403164,2018-2019,Casablanca-Settat,CAS,Mohammadia,Rural,Primaire,Année 5,Masculin,7,Handicap,5–15 km,2000-4000 MAD,5,0,0
AB403165,2022-2023,Marrakech-Safi,MAR,Chichaoua,Rural,Collégial,Année 1,Masculin,14,Éloignement de l'établissement,> 15 km,4000-7000 MAD,4,1,0
AB403166,2018-2019,Marrakech-Safi,MAR,Youssoufia,Urbain,Collégial,Année 3,Féminin,13,Handicap,< 1 km,< 2000 MAD,7,0,0
AB403167,2020-2021,Fès-Meknès,FES,Fès,Rural,Qualifiant,Année 2,Féminin,17,Difficultés économiques,1–5 km,> 7000 MAD,7,1,0
AB403168,2020-2021,Souss-Massa,SOU,Chtouka-Ait Baha,Rural,Collégial,Année 1,Féminin,14,Difficultés scolaires,5–15 km,4000-7000 MAD,1,1,0
AB403169,2016-2017,Tanger-Tétouan-Al Hoceïma,TAN,Fahs-Anjra,Rural,Collégial,Année 2,Féminin,14,Autre,> 15 km,4000-7000 MAD,8,1,0
AB403170,2020-2021,Fès-Meknès,FES,Taza,Urbain,Collégial,Année 1,Masculin,15,Travail enfant,5–15 km,< 2000 MAD,1,1,0
AB403171,2015-2016,Rabat-Salé-Kénitra,RAB,Kénitra,Urbain,Qualifiant,Année 3,Féminin,18,Difficultés scolaires,1–5 km,> 7000 MAD,7,1,0
AB403172,2017-2018,Fès-Meknès,FES,Taounate,Urbain,Collégial,Année 2,Féminin,13,Grossesse,< 1 km,< 2000 MAD,7,0,0
AB403173,2017-2018,Tanger-Tétouan-Al Hoceïma,TAN,Tétouan,Rural,Collégial,Année 1,Masculin,14,Travail enfant,< 1 km,> 7000 MAD,7,1,1
AB403174,2020-2021,Souss-Massa,SOU,Agadir-Ida-Ou-Tanane,Rural,Qualifiant,Année 2,Féminin,17,Éloignement de l'établissement,< 1 km,2000-4000 MAD,7,0,1
AB403175,2018-2019,Drâa-Tafilalet,DRA,Midelt,Rural,Qualifiant,Année 2,Masculin,16,Mariage précoce,< 1 km,< 2000 MAD,7,1,0
AB403176,2019-2020,Rabat-Salé-Kénitra,RAB,Sidi Slimane,Urbain,Primaire,Année 6,Féminin,7,Travail enfant,5–15 km,2000-4000 MAD,7,1,0
AB403177,2021-2022,Oriental,ORI,Figuig,Rural,Primaire,Année 6,Féminin,7,Manque d'infrastructures,< 1 km,2000-4000 MAD,6,1,0
AB403178,2020-2021,Laâyoune-Sakia El Hamra,LAA,Es-Semara,Urbain,Qualifiant,Année 1,Féminin,17,Travail enfant,1–5 km,> 7000 MAD,6,0,0
AB403179,2016-2017,Casablanca-Settat,CAS,Khouribga,Urbain,Collégial,Année 3,Féminin,13,Difficultés économiques,1–5 km,> 7000 MAD,3,1,0
AB403180,2017-2018,Rabat-Salé-Kénitra,RAB,Sidi Slimane,Rural,Collégial,Année 3,Masculin,15,Difficultés scolaires,< 1 km,< 2000 MAD,7,1,0
AB403181,2015-2016,Rabat-Salé-Kénitra,RAB,Khémisset,Rural,Qualifiant,Année 2,Masculin,18,Travail enfant,< 1 km,> 7000 MAD,4,1,0
AB403182,2017-2018,Rabat-Salé-Kénitra,RAB,Sidi Kacem,Urbain,Collégial,Année 1,Féminin,15,Autre,> 15 km,> 7000 MAD,8,0,0
AB403183,2021-2022,Casablanca-Settat,CAS,Khouribga,Rural,Qualifiant,Année 3,Masculin,17,Mariage précoce,1–5 km,2000-4000 MAD,1,1,1
AB403184,2016-2017,Souss-Massa,SOU,Tiznit,Rural,Collégial,Année 2,Masculin,14,Handicap,1–5 km,< 2000 MAD,5,0,0
AB403185,2019-2020,Drâa-Tafilalet,DRA,Zagora,Urbain,Collégial,Année 1,Féminin,14,Travail enfant,< 1 km,2000-4000 MAD,2,1,1
AB403186,2018-2019,Souss-Massa,SOU,Inezgane-Ait Melloul,Urbain,Primaire,Année 3,Masculin,9,Éloignement de l'établissement,< 1 km,4000-7000 MAD,6,1,0
AB403187,2020-2021,Rabat-Salé-Kénitra,RAB,Rabat,Rural,Primaire,Année 2,Masculin,10,Difficultés scolaires,1–5 km,2000-4000 MAD,1,0,0
AB403188,2021-2022,Drâa-Tafilalet,DRA,Tinghir,Rural,Collégial,Année 1,Masculin,14,Difficultés scolaires,> 15 km,2000-4000 MAD,7,0,0
AB403189,2019-2020,Tanger-Tétouan-Al Hoceïma,TAN,Fahs-Anjra,Rural,Collégial,Année 3,Masculin,15,Handicap,< 1 km,< 2000 MAD,5,0,0
AB403190,2021-2022,Casablanca-Settat,CAS,Sidi Bennour,Urbain,Primaire,Année 3,Masculin,11,Difficultés scolaires,< 1 km,4000-7000 MAD,8,1,0
AB403191,2017-2018,Casablanca-Settat,CAS,Settat,Urbain,Primaire,Année 2,Féminin,7,Difficultés scolaires,5–15 km,2000-4000 MAD,4,1,1
AB403192,2021-2022,Tanger-Tétouan-Al Hoceïma,TAN,Tétouan,Urbain,Primaire,Année 4,Féminin,11,Difficultés économiques,1–5 km,4000-7000 MAD,2,1,0
AB403193,2016-2017,Béni Mellal-Khénifra,BMK,Khouribga,Rural,Primaire,Année 5,Féminin,12,Travail enfant,> 15 km,2000-4000 MAD,3,1,1
AB403194,2023-2024,Guelmim-Oued Noun,GUE,Sidi Ifni,Rural,Primaire,Année 3,Masculin,12,Difficultés scolaires,1–5 km,> 7000 MAD,2,1,1
AB403195,2021-2022,Guelmim-Oued Noun,GUE,Assa-Zag,Urbain,Collégial,Année 3,Masculin,13,Éloignement de l'établissement,< 1 km,< 2000 MAD,8,0,0
AB403196,2019-2020,Oriental,ORI,Guercif,Rural,Primaire,Année 6,Masculin,9,Grossesse,1–5 km,< 2000 MAD,2,1,0
AB403197,2015-2016,Marrakech-Safi,MAR,El Kelaa des Sraghna,Rural,Primaire,Année 1,Féminin,7,Difficultés économiques,1–5 km,< 2000 MAD,4,1,0
AB403198,2021-2022,Oriental,ORI,Driouch,Urbain,Qualifiant,Année 1,Féminin,16,Manque d'infrastructures,> 15 km,4000-7000 MAD,6,0,0
AB403199,2015-2016,Fès-Meknès,FES,Ifrane,Rural,Primaire,Année 6,Masculin,8,Travail enfant,1–5 km,< 2000 MAD,7,1,1
AB403200,2015-2016,Marrakech-Safi,MAR,Chichaoua,Rural,Primaire,Année 2,Masculin,12,Handicap,> 15 km,< 2000 MAD,1,0,0
AB403201,2016-2017,Marrakech-Safi,MAR,Chichaoua,Rural,Collégial,Année 3,Féminin,14,Difficultés scolaires,1–5 km,< 2000 MAD,6,0,0
AB403202,2016-2017,Fès-Meknès,FES,Moulay Yacoub,Urbain,Qualifiant,Année 2,Masculin,18,Difficultés économiques,1–5 km,4000-7000 MAD,2,0,0
AB403203,2015-2016,Tanger-Tétouan-Al Hoceïma,TAN,Mdiq-Fnideq,Rural,Collégial,Année 2,Féminin,14,Éloignement de l'établissement,< 1 km,2000-4000 MAD,6,0,1
AB403204,2017-2018,Rabat-Salé-Kénitra,RAB,Sidi Kacem,Urbain,Primaire,Année 5,Féminin,9,Travail enfant,5–15 km,2000-4000 MAD,8,1,0
AB403205,2020-2021,Rabat-Salé-Kénitra,RAB,Skhirate-Témara,Urbain,Primaire,Année 3,Masculin,11,Éloignement de l'établissement,1–5 km,2000-4000 MAD,8,1,1
AB403206,2015-2016,Rabat-Salé-Kénitra,RAB,Skhirate-Témara,Rural,Collégial,Année 1,Féminin,15,Difficultés économiques,> 15 km,> 7000 MAD,2,1,0
AB403207,2015-2016,Souss-Massa,SOU,Taroudannt,Rural,Collégial,Année 3,Masculin,15,Éloignement de l'établissement,< 1 km,4000-7000 MAD,6,1,0
AB403208,2021-2022,Rabat-Salé-Kénitra,RAB,Kénitra,Rural,Qualifiant,Année 2,Féminin,17,Handicap,1–5 km,2000-4000 MAD,3,0,0
AB403209,2019-2020,Casablanca-Settat,CAS,Settat,Rural,Qualifiant,Année 3,Masculin,17,Travail enfant,< 1 km,2000-4000 MAD,4,0,0
AB403210,2023-2024,Casablanca-Settat,CAS,Khouribga,Urbain,Collégial,Année 2,Masculin,15,Difficultés scolaires,1–5 km,< 2000 MAD,8,1,0
AB403211,2018-2019,Marrakech-Safi,MAR,Youssoufia,Urbain,Collégial,Année 2,Féminin,14,Travail enfant,< 1 km,4000-7000 MAD,2,1,0
AB403212,2018-2019,Casablanca-Settat,CAS,Benslimane,Urbain,Collégial,Année 1,Féminin,13,Difficultés scolaires,> 15 km,< 2000 MAD,4,0,0
AB403213,2019-2020,Rabat-Salé-Kénitra,RAB,Rabat,Rural,Collégial,Année 2,Masculin,14,Difficultés économiques,< 1 km,2000-4000 MAD,8,1,1
AB403214,2020-2021,Tanger-Tétouan-Al Hoceïma,TAN,Fahs-Anjra,Rural,Qualifiant,Année 2,Féminin,18,Mariage précoce,1–5 km,2000-4000 MAD,3,1,1
AB403215,2022-2023,Rabat-Salé-Kénitra,RAB,Khémisset,Urbain,Qualifiant,Année 3,Masculin,16,Difficultés scolaires,1–5 km,< 2000 MAD,4,1,0
AB403216,2020-2021,Casablanca-Settat,CAS,Berrechid,Urbain,Collégial,Année 2,Masculin,15,Éloignement de l'établissement,1–5 km,2000-4000 MAD,8,1,0
AB403217,2017-2018,Béni Mellal-Khénifra,BMK,Béni Mellal,Rural,Primaire,Année 5,Masculin,8,Autre,1–5 km,4000-7000 MAD,8,1,0
AB403218,2016-2017,Souss-Massa,SOU,Taroudannt,Rural,Collégial,Année 1,Masculin,15,Difficultés scolaires,1–5 km,2000-4000 MAD,4,1,0
AB403219,2020-2021,Souss-Massa,SOU,Chtouka-Ait Baha,Urbain,Primaire,Année 5,Féminin,11,Travail enfant,5–15 km,> 7000 MAD,1,1,1
AB403220,2021-2022,Béni Mellal-Khénifra,BMK,El Kelaa des Sraghna,Urbain,Qualifiant,Année 1,Masculin,16,Éloignement de l'établissement,< 1 km,> 7000 MAD,3,0,1
AB403221,2018-2019,Tanger-Tétouan-Al Hoceïma,TAN,Tétouan,Rural,Collégial,Année 1,Féminin,15,Travail enfant,5–15 km,> 7000 MAD,7,1,0
AB403222,2016-2017,Casablanca-Settat,CAS,Khouribga,Rural,Qualifiant,Année 2,Féminin,16,Mariage précoce,5–15 km,2000-4000 MAD,4,0,1
AB403223,2021-2022,Casablanca-Settat,CAS,Settat,Urbain,Qualifiant,Année 2,Masculin,16,Mariage précoce,> 15 km,2000-4000 MAD,2,0,1
AB403224,2022-2023,Rabat-Salé-Kénitra,RAB,Khémisset,Rural,Collégial,Année 3,Masculin,14,Difficultés économiques,< 1 km,2000-4000 MAD,7,0,0
AB403225,2022-2023,Drâa-Tafilalet,DRA,Tinghir,Rural,Collégial,Année 2,Féminin,15,Éloignement de l'établissement,5–15 km,> 7000 MAD,6,0,0
AB403226,2023-2024,Souss-Massa,SOU,Agadir-Ida-Ou-Tanane,Urbain,Collégial,Année 2,Féminin,13,Difficultés scolaires,> 15 km,4000-7000 MAD,2,0,0
AB403227,2022-2023,Marrakech-Safi,MAR,Al Haouz,Urbain,Primaire,Année 2,Masculin,11,Éloignement de l'établissement,> 15 km,2000-4000 MAD,5,1,0
AB403228,2019-2020,Rabat-Salé-Kénitra,RAB,Sidi Slimane,Urbain,Primaire,Année 4,Féminin,7,Grossesse,> 15 km,< 2000 MAD,1,1,1
AB403229,2016-2017,Casablanca-Settat,CAS,Berrechid,Rural,Qualifiant,Année 1,Masculin,16,Difficultés économiques,1–5 km,< 2000 MAD,6,0,0
AB403230,2020-2021,Souss-Massa,SOU,Inezgane-Ait Melloul,Rural,Qualifiant,Année 1,Masculin,17,Difficultés économiques,> 15 km,4000-7000 MAD,2,0,1
AB403231,2021-2022,Casablanca-Settat,CAS,Benslimane,Urbain,Collégial,Année 1,Féminin,13,Difficultés scolaires,< 1 km,4000-7000 MAD,5,1,0
AB403232,2023-2024,Fès-Meknès,FES,Moulay Yacoub,Urbain,Collégial,Année 2,Masculin,14,Travail enfant,> 15 km,4000-7000 MAD,5,0,1
AB403233,2022-2023,Fès-Meknès,FES,Ifrane,Urbain,Collégial,Année 1,Masculin,15,Manque d'infrastructures,1–5 km,4000-7000 MAD,7,0,0
AB403234,2017-2018,Casablanca-Settat,CAS,Settat,Urbain,Qualifiant,Année 2,Masculin,17,Handicap,> 15 km,< 2000 MAD,4,1,0
AB403235,2018-2019,Drâa-Tafilalet,DRA,Ouarzazate,Rural,Primaire,Année 6,Masculin,9,Éloignement de l'établissement,5–15 km,2000-4000 MAD,2,1,1
AB403236,2020-2021,Casablanca-Settat,CAS,Casablanca,Rural,Primaire,Année 5,Masculin,7,Difficultés économiques,< 1 km,4000-7000 MAD,3,1,0
AB403237,2018-2019,Béni Mellal-Khénifra,BMK,Azilal,Rural,Collégial,Année 2,Masculin,13,Grossesse,< 1 km,4000-7000 MAD,6,1,0
AB403238,2017-2018,Oriental,ORI,Guercif,Rural,Qualifiant,Année 3,Masculin,17,Difficultés économiques,< 1 km,< 2000 MAD,6,0,0
AB403239,2019-2020,Casablanca-Settat,CAS,Mohammadia,Urbain,Collégial,Année 2,Féminin,14,Handicap,< 1 km,< 2000 MAD,7,0,1
AB403240,2017-2018,Marrakech-Safi,MAR,El Kelaa des Sraghna,Urbain,Qualifiant,Année 2,Féminin,18,Difficultés scolaires,1–5 km,4000-7000 MAD,4,1,1
AB403241,2023-2024,Oriental,ORI,Oujda-Angad,Urbain,Collégial,Année 2,Masculin,14,Difficultés économiques,> 15 km,< 2000 MAD,5,1,0
AB403242,2020-2021,Casablanca-Settat,CAS,Casablanca,Rural,Qualifiant,Année 2,Masculin,18,Éloignement de l'établissement,1–5 km,> 7000 MAD,3,0,1
AB403243,2018-2019,Rabat-Salé-Kénitra,RAB,Rabat,Urbain,Collégial,Année 1,Masculin,13,Difficultés scolaires,< 1 km,4000-7000 MAD,7,1,0
AB403244,2023-2024,Fès-Meknès,FES,Meknès,Urbain,Collégial,Année 3,Masculin,13,Travail enfant,1–5 km,> 7000 MAD,1,1,0
AB403245,2017-2018,Casablanca-Settat,CAS,Mohammadia,Urbain,Collégial,Année 2,Féminin,15,Difficultés économiques,5–15 km,> 7000 MAD,1,0,0
AB403246,2018-2019,Tanger-Tétouan-Al Hoceïma,TAN,Fahs-Anjra,Urbain,Collégial,Année 2,Masculin,15,Travail enfant,> 15 km,> 7000 MAD,6,1,1
AB403247,2016-2017,Rabat-Salé-Kénitra,RAB,Sidi Kacem,Urbain,Qualifiant,Année 2,Masculin,18,Mariage précoce,1–5 km,< 2000 MAD,8,1,1
AB403248,2017-2018,Souss-Massa,SOU,Agadir-Ida-Ou-Tanane,Urbain,Qualifiant,Année 2,Masculin,18,Autre,> 15 km,2000-4000 MAD,4,0,0
AB403249,2023-2024,Fès-Meknès,FES,El Hajeb,Urbain,Collégial,Année 2,Masculin,14,Mariage précoce,< 1 km,< 2000 MAD,7,1,0
AB403250,2021-2022,Béni Mellal-Khénifra,BMK,Fquih Ben Salah,Rural,Qualifiant,Année 3,Féminin,18,Éloignement de l'établissement,5–15 km,4000-7000 MAD,3,1,0
AB403251,2016-2017,Laâyoune-Sakia El Hamra,LAA,Laâyoune,Rural,Collégial,Année 3,Masculin,13,Difficultés économiques,5–15 km,4000-7000 MAD,4,1,0
AB403252,2019-2020,Fès-Meknès,FES,Séfrou,Rural,Qualifiant,Année 1,Masculin,16,Manque d'infrastructures,5–15 km,< 2000 MAD,4,0,1
AB403253,2019-2020,Tanger-Tétouan-Al Hoceïma,TAN,Larache,Rural,Primaire,Année 1,Masculin,10,Éloignement de l'établissement,< 1 km,2000-4000 MAD,8,1,0
AB403254,2018-2019,Marrakech-Safi,MAR,Safi,Rural,Collégial,Année 2,Féminin,14,Mariage précoce,5–15 km,4000-7000 MAD,5,1,1
AB403255,2015-2016,Tanger-Tétouan-Al Hoceïma,TAN,Fahs-Anjra,Rural,Collégial,Année 3,Masculin,14,Difficultés économiques,1–5 km,2000-4000 MAD,1,0,0
AB403256,2018-2019,Marrakech-Safi,MAR,Chichaoua,Rural,Collégial,Année 2,Masculin,15,Éloignement de l'établissement,< 1 km,4000-7000 MAD,7,1,0
AB403257,2022-2023,Souss-Massa,SOU,Chtouka-Ait Baha,Urbain,Collégial,Année 1,Masculin,14,Difficultés économiques,1–5 km,< 2000 MAD,3,0,1
AB403258,2020-2021,Béni Mellal-Khénifra,BMK,Azilal,Rural,Collégial,Année 3,Masculin,13,Difficultés économiques,1–5 km,> 7000 MAD,6,0,0
AB403259,2015-2016,Casablanca-Settat,CAS,El Jadida,Rural,Collégial,Année 2,Féminin,14,Difficultés économiques,< 1 km,> 7000 MAD,7,1,0
AB403260,2019-2020,Fès-Meknès,FES,Meknès,Rural,Primaire,Année 4,Masculin,9,Travail enfant,5–15 km,2000-4000 MAD,4,0,0
AB403261,2021-2022,Rabat-Salé-Kénitra,RAB,Kénitra,Rural,Primaire,Année 5,Féminin,10,Éloignement de l'établissement,5–15 km,< 2000 MAD,3,1,0
AB403262,2023-2024,Marrakech-Safi,MAR,Al Haouz,Urbain,Primaire,Année 1,Masculin,7,Éloignement de l'établissement,1–5 km,< 2000 MAD,8,1,0
AB403263,2017-2018,Rabat-Salé-Kénitra,RAB,Sidi Kacem,Rural,Collégial,Année 3,Féminin,15,Éloignement de l'établissement,< 1 km,< 2000 MAD,8,0,0
AB403264,2022-2023,Drâa-Tafilalet,DRA,Errachidia,Rural,Qualifiant,Année 1,Féminin,18,Difficultés économiques,< 1 km,< 2000 MAD,8,0,0
AB403265,2019-2020,Rabat-Salé-Kénitra,RAB,Rabat,Urbain,Primaire,Année 2,Masculin,11,Difficultés économiques,1–5 km,2000-4000 MAD,7,1,1
AB403266,2021-2022,Oriental,ORI,Oujda-Angad,Urbain,Collégial,Année 3,Masculin,13,Difficultés économiques,< 1 km,4000-7000 MAD,7,1,0
AB403267,2016-2017,Tanger-Tétouan-Al Hoceïma,TAN,Mdiq-Fnideq,Rural,Collégial,Année 3,Féminin,15,Difficultés économiques,< 1 km,2000-4000 MAD,5,0,0
AB403268,2018-2019,Rabat-Salé-Kénitra,RAB,Rabat,Urbain,Qualifiant,Année 1,Féminin,18,Éloignement de l'établissement,< 1 km,4000-7000 MAD,5,1,1
AB403269,2020-2021,Guelmim-Oued Noun,GUE,Sidi Ifni,Urbain,Primaire,Année 2,Féminin,7,Éloignement de l'établissement,> 15 km,2000-4000 MAD,1,0,0
AB403270,2020-2021,Rabat-Salé-Kénitra,RAB,Khémisset,Rural,Qualifiant,Année 2,Masculin,18,Difficultés économiques,> 15 km,4000-7000 MAD,3,1,1
AB403271,2019-2020,Marrakech-Safi,MAR,Youssoufia,Rural,Qualifiant,Année 1,Masculin,17,Travail enfant,1–5 km,2000-4000 MAD,5,0,1
AB403272,2018-2019,Guelmim-Oued Noun,GUE,Tan-Tan,Rural,Primaire,Année 5,Féminin,8,Manque d'infrastructures,1–5 km,< 2000 MAD,4,1,0
AB403273,2023-2024,Oriental,ORI,Driouch,Rural,Qualifiant,Année 2,Masculin,17,Mariage précoce,1–5 km,4000-7000 MAD,4,0,1
AB403274,2016-2017,Rabat-Salé-Kénitra,RAB,Sidi Slimane,Rural,Collégial,Année 3,Féminin,14,Éloignement de l'établissement,> 15 km,4000-7000 MAD,5,0,1
AB403275,2023-2024,Marrakech-Safi,MAR,Al Haouz,Rural,Qualifiant,Année 1,Féminin,18,Handicap,< 1 km,< 2000 MAD,1,0,0
AB403276,2015-2016,Casablanca-Settat,CAS,Casablanca,Rural,Qualifiant,Année 3,Masculin,17,Difficultés économiques,< 1 km,> 7000 MAD,6,0,1
AB403277,2021-2022,Drâa-Tafilalet,DRA,Zagora,Urbain,Primaire,Année 4,Masculin,7,Travail enfant,< 1 km,< 2000 MAD,7,1,1
AB403278,2022-2023,Tanger-Tétouan-Al Hoceïma,TAN,Tétouan,Rural,Primaire,Année 6,Masculin,11,Autre,> 15 km,2000-4000 MAD,7,1,0
AB403279,2019-2020,Fès-Meknès,FES,El Hajeb,Rural,Collégial,Année 1,Féminin,14,Travail enfant,5–15 km,2000-4000 MAD,3,0,0
AB403280,2021-2022,Drâa-Tafilalet,DRA,Midelt,Rural,Primaire,Année 3,Féminin,10,Travail enfant,< 1 km,< 2000 MAD,8,0,0
AB403281,2018-2019,Béni Mellal-Khénifra,BMK,Khouribga,Rural,Collégial,Année 1,Masculin,15,Difficultés économiques,5–15 km,2000-4000 MAD,4,0,0
AB403282,2016-2017,Marrakech-Safi,MAR,Al Haouz,Rural,Collégial,Année 1,Féminin,14,Travail enfant,5–15 km,4000-7000 MAD,6,1,1
AB403283,2022-2023,Souss-Massa,SOU,Tata,Rural,Primaire,Année 2,Masculin,12,Difficultés scolaires,< 1 km,< 2000 MAD,4,1,0
AB403284,2019-2020,Casablanca-Settat,CAS,Casablanca,Rural,Collégial,Année 1,Féminin,14,Éloignement de l'établissement,> 15 km,< 2000 MAD,8,1,0
AB403285,2018-2019,Rabat-Salé-Kénitra,RAB,Skhirate-Témara,Rural,Qualifiant,Année 2,Masculin,18,Difficultés scolaires,> 15 km,< 2000 MAD,3,1,0
AB403286,2015-2016,Casablanca-Settat,CAS,Sidi Bennour,Rural,Collégial,Année 2,Féminin,14,Éloignement de l'établissement,1–5 km,> 7000 MAD,8,1,0
AB403287,2020-2021,Casablanca-Settat,CAS,Benslimane,Rural,Primaire,Année 2,Féminin,7,Travail enfant,1–5 km,> 7000 MAD,3,1,0
AB403288,2020-2021,Béni Mellal-Khénifra,BMK,Azilal,Urbain,Primaire,Année 6,Féminin,9,Travail enfant,1–5 km,4000-7000 MAD,2,0,1
AB403289,2021-2022,Drâa-Tafilalet,DRA,Ouarzazate,Urbain,Primaire,Année 3,Féminin,11,Travail enfant,1–5 km,2000-4000 MAD,4,0,1
AB403290,2017-2018,Fès-Meknès,FES,Taza,Rural,Qualifiant,Année 2,Féminin,16,Difficultés économiques,< 1 km,> 7000 MAD,8,1,0
AB403291,2022-2023,Fès-Meknès,FES,Moulay Yacoub,Rural,Primaire,Année 3,Féminin,8,Mariage précoce,1–5 km,< 2000 MAD,7,1,1
AB403292,2015-2016,Casablanca-Settat,CAS,El Jadida,Rural,Collégial,Année 2,Féminin,15,Handicap,1–5 km,> 7000 MAD,7,0,0
AB403293,2020-2021,Casablanca-Settat,CAS,Casablanca,Urbain,Collégial,Année 1,Masculin,14,Mariage précoce,5–15 km,< 2000 MAD,8,1,0
AB403294,2021-2022,Souss-Massa,SOU,Tiznit,Rural,Collégial,Année 2,Féminin,14,Difficultés économiques,1–5 km,4000-7000 MAD,4,1,0
AB403295,2019-2020,Rabat-Salé-Kénitra,RAB,Sidi Slimane,Rural,Collégial,Année 1,Féminin,15,Travail enfant,5–15 km,2000-4000 MAD,3,0,0
AB403296,2015-2016,Drâa-Tafilalet,DRA,Midelt,Rural,Primaire,Année 4,Féminin,11,Manque d'infrastructures,5–15 km,2000-4000 MAD,6,0,0
AB403297,2015-2016,Rabat-Salé-Kénitra,RAB,Rabat,Rural,Collégial,Année 3,Féminin,14,Éloignement de l'établissement,1–5 km,4000-7000 MAD,6,0,1
AB403298,2019-2020,Casablanca-Settat,CAS,Casablanca,Rural,Collégial,Année 1,Masculin,14,Difficultés économiques,1–5 km,> 7000 MAD,2,0,1
AB403299,2015-2016,Fès-Meknès,FES,Ifrane,Rural,Qualifiant,Année 3,Féminin,17,Éloignement de l'établissement,5–15 km,< 2000 MAD,6,0,0
AB403300,2020-2021,Rabat-Salé-Kénitra,RAB,Khémisset,Rural,Collégial,Année 3,Féminin,14,Mariage précoce,> 15 km,2000-4000 MAD,7,0,1
AB403301,2022-2023,Casablanca-Settat,CAS,Settat,Rural,Collégial,Année 3,Féminin,14,Difficultés scolaires,< 1 km,< 2000 MAD,7,0,0
AB403302,2018-2019,Fès-Meknès,FES,Moulay Yacoub,Rural,Collégial,Année 1,Masculin,13,Difficultés économiques,1–5 km,< 2000 MAD,2,1,0
AB403303,2017-2018,Béni Mellal-Khénifra,BMK,Khouribga,Urbain,Qualifiant,Année 1,Masculin,17,Éloignement de l'établissement,< 1 km,4000-7000 MAD,6,1,1
AB403304,2022-2023,Marrakech-Safi,MAR,Chichaoua,Urbain,Qualifiant,Année 1,Masculin,18,Grossesse,1–5 km,> 7000 MAD,4,0,1
AB403305,2016-2017,Fès-Meknès,FES,Séfrou,Urbain,Primaire,Année 2,Masculin,8,Difficultés économiques,1–5 km,2000-4000 MAD,2,1,0
AB403306,2017-2018,Fès-Meknès,FES,Boulemane,Urbain,Collégial,Année 3,Masculin,14,Manque d'infrastructures,1–5 km,2000-4000 MAD,7,1,0
AB403307,2023-2024,Fès-Meknès,FES,Ifrane,Urbain,Primaire,Année 5,Masculin,7,Travail enfant,5–15 km,< 2000 MAD,8,0,1
AB403308,2015-2016,Marrakech-Safi,MAR,Marrakech,Urbain,Primaire,Année 3,Féminin,9,Difficultés scolaires,5–15 km,> 7000 MAD,8,1,0
AB403309,2020-2021,Casablanca-Settat,CAS,Khouribga,Rural,Collégial,Année 3,Masculin,15,Éloignement de l'établissement,> 15 km,> 7000 MAD,8,1,0
AB403310,2018-2019,Rabat-Salé-Kénitra,RAB,Sidi Kacem,Urbain,Qualifiant,Année 2,Féminin,18,Mariage précoce,1–5 km,4000-7000 MAD,8,1,0
AB403311,2023-2024,Souss-Massa,SOU,Taroudannt,Rural,Primaire,Année 1,Masculin,11,Éloignement de l'établissement,> 15 km,> 7000 MAD,7,1,0
AB403312,2021-2022,Marrakech-Safi,MAR,Al Haouz,Urbain,Qualifiant,Année 1,Féminin,17,Travail enfant,5–15 km,< 2000 MAD,4,0,0
AB403313,2020-2021,Rabat-Salé-Kénitra,RAB,Sidi Kacem,Urbain,Qualifiant,Année 1,Masculin,18,Difficultés économiques,< 1 km,4000-7000 MAD,1,1,0
AB403314,2020-2021,Fès-Meknès,FES,Moulay Yacoub,Rural,Qualifiant,Année 1,Féminin,18,Difficultés économiques,< 1 km,< 2000 MAD,8,0,1
AB403315,2022-2023,Oriental,ORI,Nador,Urbain,Qualifiant,Année 1,Féminin,17,Difficultés scolaires,< 1 km,< 2000 MAD,3,1,0
AB403316,2022-2023,Casablanca-Settat,CAS,Berrechid,Urbain,Collégial,Année 1,Masculin,14,Travail enfant,> 15 km,> 7000 MAD,5,0,0
AB403317,2017-2018,Casablanca-Settat,CAS,Khouribga,Rural,Primaire,Année 6,Féminin,7,Éloignement de l'établissement,1–5 km,4000-7000 MAD,4,1,1
AB403318,2022-2023,Casablanca-Settat,CAS,Sidi Bennour,Urbain,Qualifiant,Année 1,Masculin,18,Difficultés scolaires,5–15 km,< 2000 MAD,3,0,0
AB403319,2017-2018,Oriental,ORI,Berkane,Rural,Collégial,Année 3,Masculin,13,Éloignement de l'établissement,1–5 km,4000-7000 MAD,8,1,0
AB403320,2019-2020,Marrakech-Safi,MAR,Essaouira,Rural,Primaire,Année 3,Féminin,12,Manque d'infrastructures,1–5 km,2000-4000 MAD,5,0,0
AB403321,2021-2022,Marrakech-Safi,MAR,Youssoufia,Rural,Qualifiant,Année 2,Masculin,16,Manque d'infrastructures,5–15 km,4000-7000 MAD,1,1,0
AB403322,2023-2024,Marrakech-Safi,MAR,Youssoufia,Urbain,Primaire,Année 3,Masculin,12,Travail enfant,< 1 km,2000-4000 MAD,7,0,1
AB403323,2019-2020,Drâa-Tafilalet,DRA,Zagora,Rural,Collégial,Année 2,Masculin,13,Handicap,< 1 km,2000-4000 MAD,4,1,1
AB403324,2015-2016,Fès-Meknès,FES,El Hajeb,Urbain,Collégial,Année 1,Masculin,13,Difficultés scolaires,< 1 km,4000-7000 MAD,3,0,0
AB403325,2017-2018,Rabat-Salé-Kénitra,RAB,Sidi Slimane,Rural,Qualifiant,Année 1,Masculin,18,Difficultés scolaires,5–15 km,4000-7000 MAD,7,0,1
AB403326,2023-2024,Souss-Massa,SOU,Taroudannt,Rural,Collégial,Année 2,Masculin,15,Travail enfant,5–15 km,2000-4000 MAD,8,0,0
AB403327,2018-2019,Marrakech-Safi,MAR,Al Haouz,Urbain,Collégial,Année 3,Féminin,15,Difficultés économiques,5–15 km,< 2000 MAD,3,0,0
AB403328,2017-2018,Tanger-Tétouan-Al Hoceïma,TAN,Fahs-Anjra,Rural,Collégial,Année 1,Féminin,13,Difficultés économiques,5–15 km,2000-4000 MAD,3,0,0
AB403329,2017-2018,Casablanca-Settat,CAS,El Jadida,Urbain,Collégial,Année 3,Féminin,15,Difficultés scolaires,1–5 km,< 2000 MAD,1,0,1
AB403330,2020-2021,Dakhla-Oued Eddahab,DAK,Aousserd,Rural,Collégial,Année 1,Masculin,14,Autre,1–5 km,2000-4000 MAD,4,1,0
AB403331,2023-2024,Casablanca-Settat,CAS,Sidi Bennour,Urbain,Qualifiant,Année 3,Féminin,17,Difficultés scolaires,5–15 km,4000-7000 MAD,8,0,0
AB403332,2020-2021,Souss-Massa,SOU,Agadir-Ida-Ou-Tanane,Rural,Primaire,Année 2,Féminin,12,Travail enfant,> 15 km,> 7000 MAD,4,0,0
AB403333,2018-2019,Casablanca-Settat,CAS,Mohammadia,Rural,Primaire,Année 3,Féminin,12,Travail enfant,> 15 km,2000-4000 MAD,3,1,1
AB403334,2020-2021,Rabat-Salé-Kénitra,RAB,Rabat,Urbain,Qualifiant,Année 1,Masculin,16,Difficultés économiques,5–15 km,2000-4000 MAD,5,1,0
AB403335,2018-2019,Rabat-Salé-Kénitra,RAB,Sidi Slimane,Rural,Qualifiant,Année 3,Féminin,18,Difficultés économiques,5–15 km,< 2000 MAD,5,1,1
AB403336,2015-2016,Oriental,ORI,Figuig,Rural,Collégial,Année 2,Masculin,14,Manque d'infrastructures,1–5 km,2000-4000 MAD,7,1,1
AB403337,2019-2020,Rabat-Salé-Kénitra,RAB,Kénitra,Rural,Collégial,Année 3,Féminin,15,Travail enfant,1–5 km,< 2000 MAD,8,1,0
AB403338,2021-2022,Oriental,ORI,Berkane,Rural,Primaire,Année 6,Masculin,8,Difficultés économiques,> 15 km,> 7000 MAD,1,1,1
AB403339,2023-2024,Marrakech-Safi,MAR,Youssoufia,Urbain,Primaire,Année 1,Féminin,11,Éloignement de l'établissement,1–5 km,< 2000 MAD,1,0,0
AB403340,2017-2018,Laâyoune-Sakia El Hamra,LAA,Tarfaya,Urbain,Primaire,Année 2,Masculin,12,Travail enfant,< 1 km,2000-4000 MAD,7,0,0
AB403341,2015-2016,Tanger-Tétouan-Al Hoceïma,TAN,Ouazzane,Rural,Qualifiant,Année 3,Féminin,16,Travail enfant,> 15 km,< 2000 MAD,1,1,0
AB403342,2018-2019,Fès-Meknès,FES,Boulemane,Rural,Collégial,Année 2,Masculin,15,Mariage précoce,1–5 km,2000-4000 MAD,4,1,0
AB403343,2015-2016,Marrakech-Safi,MAR,Essaouira,Rural,Qualifiant,Année 3,Masculin,18,Difficultés économiques,1–5 km,> 7000 MAD,3,0,0
AB403344,2019-2020,Casablanca-Settat,CAS,El Jadida,Rural,Collégial,Année 1,Féminin,14,Éloignement de l'établissement,1–5 km,4000-7000 MAD,7,0,1
AB403345,2020-2021,Laâyoune-Sakia El Hamra,LAA,Tarfaya,Rural,Qualifiant,Année 2,Féminin,16,Difficultés économiques,1–5 km,4000-7000 MAD,2,0,0
AB403346,2020-2021,Casablanca-Settat,CAS,Casablanca,Rural,Collégial,Année 1,Masculin,13,Éloignement de l'établissement,< 1 km,2000-4000 MAD,4,0,0
AB403347,2023-2024,Casablanca-Settat,CAS,Benslimane,Rural,Primaire,Année 6,Féminin,8,Éloignement de l'établissement,< 1 km,2000-4000 MAD,5,1,0
AB403348,2020-2021,Fès-Meknès,FES,Taounate,Urbain,Collégial,Année 1,Féminin,14,Travail enfant,> 15 km,2000-4000 MAD,5,0,0
AB403349,2020-2021,Tanger-Tétouan-Al Hoceïma,TAN,Chefchaouen,Rural,Qualifiant,Année 1,Masculin,18,Difficultés scolaires,1–5 km,2000-4000 MAD,1,0,1
AB403350,2017-2018,Oriental,ORI,Guercif,Rural,Qualifiant,Année 1,Masculin,17,Mariage précoce,< 1 km,4000-7000 MAD,8,1,1
AB403351,2022-2023,Casablanca-Settat,CAS,Benslimane,Rural,Collégial,Année 3,Féminin,13,Difficultés économiques,< 1 km,< 2000 MAD,2,0,0
AB403352,2021-2022,Drâa-Tafilalet,DRA,Errachidia,Rural,Collégial,Année 1,Féminin,15,Manque d'infrastructures,5–15 km,< 2000 MAD,4,1,0
AB403353,2021-2022,Souss-Massa,SOU,Agadir-Ida-Ou-Tanane,Urbain,Collégial,Année 3,Masculin,13,Handicap,1–5 km,< 2000 MAD,7,1,0
AB403354,2021-2022,Tanger-Tétouan-Al Hoceïma,TAN,Chefchaouen,Rural,Qualifiant,Année 3,Masculin,16,Mariage précoce,1–5 km,4000-7000 MAD,8,0,0
AB403355,2020-2021,Casablanca-Settat,CAS,Sidi Bennour,Rural,Collégial,Année 3,Masculin,15,Difficultés économiques,1–5 km,< 2000 MAD,6,1,1
AB403356,2021-2022,Guelmim-Oued Noun,GUE,Assa-Zag,Rural,Primaire,Année 5,Féminin,12,Difficultés économiques,5–15 km,4000-7000 MAD,3,0,0
AB403357,2015-2016,Oriental,ORI,Figuig,Urbain,Qualifiant,Année 3,Féminin,18,Mariage précoce,5–15 km,< 2000 MAD,8,1,0
AB403358,2020-2021,Rabat-Salé-Kénitra,RAB,Sidi Kacem,Rural,Collégial,Année 2,Masculin,15,Difficultés scolaires,< 1 km,2000-4000 MAD,2,0,1
AB403359,2016-2017,Casablanca-Settat,CAS,Benslimane,Urbain,Collégial,Année 1,Féminin,15,Difficultés scolaires,5–15 km,< 2000 MAD,8,0,0
AB403360,2016-2017,Souss-Massa,SOU,Taroudannt,Urbain,Primaire,Année 5,Féminin,12,Travail enfant,5–15 km,2000-4000 MAD,3,0,0
AB403361,2019-2020,Drâa-Tafilalet,DRA,Tinghir,Rural,Qualifiant,Année 2,Féminin,17,Travail enfant,1–5 km,4000-7000 MAD,1,1,0
AB403362,2018-2019,Fès-Meknès,FES,Séfrou,Urbain,Collégial,Année 1,Féminin,15,Éloignement de l'établissement,1–5 km,2000-4000 MAD,2,1,0
AB403363,2019-2020,Tanger-Tétouan-Al Hoceïma,TAN,Fahs-Anjra,Rural,Primaire,Année 5,Masculin,8,Éloignement de l'établissement,5–15 km,2000-4000 MAD,2,0,0
AB403364,2022-2023,Drâa-Tafilalet,DRA,Ouarzazate,Urbain,Qualifiant,Année 1,Féminin,16,Difficultés économiques,1–5 km,> 7000 MAD,5,0,1
AB403365,2020-2021,Marrakech-Safi,MAR,Youssoufia,Rural,Qualifiant,Année 1,Féminin,18,Grossesse,> 15 km,< 2000 MAD,7,0,0
AB403366,2016-2017,Rabat-Salé-Kénitra,RAB,Skhirate-Témara,Rural,Primaire,Année 1,Masculin,7,Grossesse,> 15 km,> 7000 MAD,8,0,1
AB403367,2022-2023,Rabat-Salé-Kénitra,RAB,Kénitra,Rural,Primaire,Année 2,Féminin,11,Éloignement de l'établissement,5–15 km,2000-4000 MAD,8,1,1
AB403368,2016-2017,Casablanca-Settat,CAS,Berrechid,Urbain,Qualifiant,Année 2,Masculin,17,Manque d'infrastructures,< 1 km,4000-7000 MAD,6,0,1
AB403369,2020-2021,Rabat-Salé-Kénitra,RAB,Skhirate-Témara,Urbain,Primaire,Année 4,Féminin,11,Éloignement de l'établissement,1–5 km,< 2000 MAD,4,0,0
AB403370,2019-2020,Oriental,ORI,Oujda-Angad,Rural,Qualifiant,Année 3,Masculin,17,Éloignement de l'établissement,1–5 km,2000-4000 MAD,5,0,0
AB403371,2019-2020,Casablanca-Settat,CAS,El Jadida,Urbain,Qualifiant,Année 1,Féminin,18,Travail enfant,> 15 km,4000-7000 MAD,7,0,0
AB403372,2017-2018,Rabat-Salé-Kénitra,RAB,Skhirate-Témara,Rural,Collégial,Année 3,Féminin,15,Éloignement de l'établissement,1–5 km,2000-4000 MAD,6,1,0
AB403373,2021-2022,Fès-Meknès,FES,Boulemane,Urbain,Primaire,Année 3,Masculin,9,Travail enfant,1–5 km,< 2000 MAD,7,1,1
AB403374,2016-2017,Casablanca-Settat,CAS,El Jadida,Rural,Collégial,Année 2,Masculin,15,Travail enfant,> 15 km,4000-7000 MAD,6,1,0
AB403375,2015-2016,Marrakech-Safi,MAR,Chichaoua,Urbain,Qualifiant,Année 2,Masculin,17,Difficultés économiques,1–5 km,2000-4000 MAD,6,0,1
AB403376,2017-2018,Casablanca-Settat,CAS,Benslimane,Urbain,Collégial,Année 3,Féminin,13,Mariage précoce,> 15 km,< 2000 MAD,2,1,0
AB403377,2017-2018,Fès-Meknès,FES,Moulay Yacoub,Rural,Primaire,Année 4,Masculin,7,Mariage précoce,5–15 km,4000-7000 MAD,2,1,0
AB403378,2015-2016,Laâyoune-Sakia El Hamra,LAA,Tarfaya,Urbain,Qualifiant,Année 2,Féminin,17,Grossesse,< 1 km,< 2000 MAD,3,0,0
AB403379,2017-2018,Casablanca-Settat,CAS,Khouribga,Rural,Collégial,Année 2,Féminin,13,Éloignement de l'établissement,1–5 km,2000-4000 MAD,6,1,0
AB403380,2021-2022,Marrakech-Safi,MAR,Al Haouz,Rural,Qualifiant,Année 3,Masculin,16,Difficultés économiques,5–15 km,< 2000 MAD,8,1,0
AB403381,2016-2017,Oriental,ORI,Guercif,Urbain,Collégial,Année 1,Masculin,13,Éloignement de l'établissement,< 1 km,< 2000 MAD,3,0,1
AB403382,2021-2022,Marrakech-Safi,MAR,Youssoufia,Rural,Qualifiant,Année 2,Féminin,18,Handicap,< 1 km,4000-7000 MAD,7,0,1
AB403383,2019-2020,Tanger-Tétouan-Al Hoceïma,TAN,Larache,Urbain,Qualifiant,Année 1,Féminin,16,Mariage précoce,5–15 km,> 7000 MAD,4,1,0
AB403384,2019-2020,Marrakech-Safi,MAR,Essaouira,Urbain,Collégial,Année 2,Féminin,14,Difficultés économiques,1–5 km,4000-7000 MAD,7,0,1
AB403385,2017-2018,Casablanca-Settat,CAS,Khouribga,Rural,Collégial,Année 2,Masculin,15,Travail enfant,< 1 km,< 2000 MAD,8,0,1
AB403386,2019-2020,Casablanca-Settat,CAS,Sidi Bennour,Rural,Primaire,Année 4,Masculin,11,Éloignement de l'établissement,< 1 km,2000-4000 MAD,3,0,0
AB403387,2019-2020,Fès-Meknès,FES,Taza,Rural,Qualifiant,Année 2,Masculin,18,Difficultés économiques,< 1 km,> 7000 MAD,6,1,0
AB403388,2021-2022,Drâa-Tafilalet,DRA,Midelt,Urbain,Primaire,Année 3,Masculin,11,Difficultés économiques,1–5 km,2000-4000 MAD,8,1,0
AB403389,2022-2023,Casablanca-Settat,CAS,Berrechid,Rural,Collégial,Année 2,Masculin,13,Difficultés économiques,5–15 km,2000-4000 MAD,2,1,0
AB403390,2015-2016,Souss-Massa,SOU,Tiznit,Rural,Qualifiant,Année 2,Masculin,18,Difficultés économiques,< 1 km,< 2000 MAD,1,0,1
AB403391,2021-2022,Souss-Massa,SOU,Tata,Rural,Collégial,Année 1,Féminin,13,Difficultés scolaires,< 1 km,2000-4000 MAD,1,0,0
AB403392,2019-2020,Marrakech-Safi,MAR,El Kelaa des Sraghna,Urbain,Primaire,Année 2,Féminin,11,Difficultés économiques,5–15 km,2000-4000 MAD,4,0,0
AB403393,2020-2021,Casablanca-Settat,CAS,Sidi Bennour,Rural,Collégial,Année 3,Masculin,15,Grossesse,5–15 km,4000-7000 MAD,6,0,0
AB403394,2018-2019,Casablanca-Settat,CAS,Mohammadia,Rural,Qualifiant,Année 1,Masculin,17,Éloignement de l'établissement,< 1 km,< 2000 MAD,1,1,1
AB403395,2016-2017,Fès-Meknès,FES,El Hajeb,Urbain,Primaire,Année 1,Masculin,9,Difficultés économiques,1–5 km,4000-7000 MAD,3,0,0
AB403396,2017-2018,Marrakech-Safi,MAR,El Kelaa des Sraghna,Rural,Collégial,Année 2,Masculin,15,Éloignement de l'établissement,> 15 km,2000-4000 MAD,7,0,1
AB403397,2017-2018,Casablanca-Settat,CAS,Settat,Rural,Primaire,Année 5,Féminin,12,Travail enfant,< 1 km,< 2000 MAD,5,0,1
AB403398,2020-2021,Laâyoune-Sakia El Hamra,LAA,Es-Semara,Rural,Qualifiant,Année 1,Féminin,16,Difficultés scolaires,1–5 km,4000-7000 MAD,5,0,0
AB403399,2017-2018,Casablanca-Settat,CAS,Sidi Bennour,Rural,Collégial,Année 1,Féminin,13,Difficultés scolaires,1–5 km,4000-7000 MAD,1,1,0
AB403400,2022-2023,Marrakech-Safi,MAR,El Kelaa des Sraghna,Rural,Qualifiant,Année 3,Masculin,16,Travail enfant,5–15 km,2000-4000 MAD,2,1,0
AB403401,2015-2016,Souss-Massa,SOU,Chtouka-Ait Baha,Urbain,Collégial,Année 1,Féminin,15,Difficultés économiques,> 15 km,4000-7000 MAD,1,1,0
AB403402,2021-2022,Tanger-Tétouan-Al Hoceïma,TAN,Tanger-Assilah,Rural,Qualifiant,Année 1,Masculin,16,Éloignement de l'établissement,5–15 km,2000-4000 MAD,4,1,0
AB403403,2016-2017,Marrakech-Safi,MAR,Essaouira,Urbain,Collégial,Année 1,Masculin,15,Difficultés scolaires,< 1 km,4000-7000 MAD,4,1,1
AB403404,2018-2019,Marrakech-Safi,MAR,Essaouira,Rural,Primaire,Année 4,Féminin,7,Manque d'infrastructures,1–5 km,2000-4000 MAD,7,1,0
AB403405,2023-2024,Guelmim-Oued Noun,GUE,Assa-Zag,Rural,Collégial,Année 2,Masculin,14,Mariage précoce,1–5 km,< 2000 MAD,6,1,0
AB403406,2018-2019,Fès-Meknès,FES,Séfrou,Rural,Collégial,Année 1,Masculin,13,Mariage précoce,< 1 km,< 2000 MAD,5,0,0
AB403407,2022-2023,Casablanca-Settat,CAS,Casablanca,Rural,Collégial,Année 3,Féminin,14,Mariage précoce,1–5 km,2000-4000 MAD,4,1,1
AB403408,2021-2022,Oriental,ORI,Figuig,Rural,Qualifiant,Année 1,Masculin,18,Grossesse,1–5 km,4000-7000 MAD,8,1,0
AB403409,2017-2018,Béni Mellal-Khénifra,BMK,Khouribga,Urbain,Qualifiant,Année 2,Féminin,18,Difficultés scolaires,1–5 km,< 2000 MAD,6,0,0
AB403410,2021-2022,Marrakech-Safi,MAR,Chichaoua,Rural,Primaire,Année 6,Masculin,9,Difficultés économiques,> 15 km,2000-4000 MAD,2,1,0
AB403411,2020-2021,Fès-Meknès,FES,Moulay Yacoub,Urbain,Qualifiant,Année 3,Féminin,16,Mariage précoce,1–5 km,> 7000 MAD,8,1,0
AB403412,2021-2022,Souss-Massa,SOU,Inezgane-Ait Melloul,Urbain,Qualifiant,Année 2,Féminin,17,Travail enfant,< 1 km,2000-4000 MAD,1,0,0
AB403413,2020-2021,Drâa-Tafilalet,DRA,Tinghir,Rural,Qualifiant,Année 1,Féminin,16,Handicap,1–5 km,> 7000 MAD,5,0,0
AB403414,2015-2016,Rabat-Salé-Kénitra,RAB,Sidi Slimane,Rural,Collégial,Année 3,Féminin,15,Manque d'infrastructures,> 15 km,2000-4000 MAD,7,1,1
AB403415,2023-2024,Béni Mellal-Khénifra,BMK,Béni Mellal,Rural,Qualifiant,Année 1,Masculin,16,Éloignement de l'établissement,5–15 km,2000-4000 MAD,4,1,1
AB403416,2015-2016,Oriental,ORI,Jerada,Urbain,Qualifiant,Année 1,Féminin,16,Difficultés économiques,5–15 km,4000-7000 MAD,7,1,0
AB403417,2019-2020,Béni Mellal-Khénifra,BMK,El Kelaa des Sraghna,Rural,Collégial,Année 2,Masculin,15,Grossesse,> 15 km,< 2000 MAD,2,0,0
AB403418,2018-2019,Casablanca-Settat,CAS,Benslimane,Rural,Primaire,Année 5,Féminin,11,Travail enfant,> 15 km,2000-4000 MAD,5,1,0
AB403419,2022-2023,Rabat-Salé-Kénitra,RAB,Kénitra,Rural,Primaire,Année 4,Masculin,8,Difficultés économiques,1–5 km,< 2000 MAD,2,1,0
AB403420,2021-2022,Souss-Massa,SOU,Inezgane-Ait Melloul,Rural,Primaire,Année 2,Masculin,11,Difficultés économiques,1–5 km,4000-7000 MAD,6,1,0
AB403421,2016-2017,Rabat-Salé-Kénitra,RAB,Sidi Slimane,Urbain,Collégial,Année 3,Féminin,13,Éloignement de l'établissement,< 1 km,< 2000 MAD,5,0,0
AB403422,2018-2019,Casablanca-Settat,CAS,Berrechid,Rural,Primaire,Année 5,Masculin,10,Travail enfant,5–15 km,4000-7000 MAD,8,1,0
AB403423,2022-2023,Casablanca-Settat,CAS,Khouribga,Urbain,Collégial,Année 1,Masculin,15,Difficultés économiques,1–5 km,4000-7000 MAD,8,1,0
AB403424,2020-2021,Béni Mellal-Khénifra,BMK,Béni Mellal,Rural,Collégial,Année 3,Féminin,14,Travail enfant,< 1 km,2000-4000 MAD,7,0,0
AB403425,2023-2024,Fès-Meknès,FES,Boulemane,Rural,Collégial,Année 2,Masculin,15,Travail enfant,1–5 km,4000-7000 MAD,7,1,0
AB403426,2016-2017,Casablanca-Settat,CAS,Sidi Bennour,Rural,Primaire,Année 5,Féminin,7,Éloignement de l'établissement,1–5 km,2000-4000 MAD,4,1,0
AB403427,2016-2017,Marrakech-Safi,MAR,Youssoufia,Urbain,Qualifiant,Année 3,Masculin,17,Éloignement de l'établissement,< 1 km,< 2000 MAD,1,1,0
AB403428,2019-2020,Drâa-Tafilalet,DRA,Zagora,Rural,Primaire,Année 2,Féminin,9,Éloignement de l'établissement,1–5 km,> 7000 MAD,7,0,0
AB403429,2016-2017,Fès-Meknès,FES,Séfrou,Rural,Qualifiant,Année 1,Masculin,17,Éloignement de l'établissement,1–5 km,4000-7000 MAD,4,0,1
AB403430,2018-2019,Tanger-Tétouan-Al Hoceïma,TAN,Tanger-Assilah,Rural,Qualifiant,Année 2,Féminin,16,Difficultés scolaires,< 1 km,< 2000 MAD,7,0,1
AB403431,2015-2016,Marrakech-Safi,MAR,Youssoufia,Urbain,Collégial,Année 2,Masculin,13,Mariage précoce,1–5 km,2000-4000 MAD,8,1,0
AB403432,2019-2020,Fès-Meknès,FES,Moulay Yacoub,Urbain,Collégial,Année 2,Masculin,13,Difficultés scolaires,> 15 km,4000-7000 MAD,3,1,0
AB403433,2019-2020,Casablanca-Settat,CAS,Casablanca,Urbain,Qualifiant,Année 3,Masculin,18,Mariage précoce,1–5 km,2000-4000 MAD,7,0,0
AB403434,2018-2019,Marrakech-Safi,MAR,El Kelaa des Sraghna,Rural,Collégial,Année 1,Masculin,15,Manque d'infrastructures,1–5 km,< 2000 MAD,1,1,1
AB403435,2016-2017,Rabat-Salé-Kénitra,RAB,Salé,Rural,Qualifiant,Année 2,Masculin,16,Mariage précoce,< 1 km,< 2000 MAD,7,1,0
AB403436,2021-2022,Drâa-Tafilalet,DRA,Tinghir,Urbain,Primaire,Année 2,Masculin,9,Difficultés économiques,< 1 km,4000-7000 MAD,2,1,0
AB403437,2016-2017,Casablanca-Settat,CAS,Settat,Rural,Collégial,Année 3,Masculin,13,Éloignement de l'établissement,5–15 km,2000-4000 MAD,3,0,1
AB403438,2019-2020,Souss-Massa,SOU,Inezgane-Ait Melloul,Rural,Collégial,Année 2,Féminin,15,Difficultés économiques,< 1 km,< 2000 MAD,1,1,0
AB403439,2020-2021,Oriental,ORI,Figuig,Rural,Collégial,Année 3,Masculin,13,Éloignement de l'établissement,< 1 km,> 7000 MAD,8,1,0
AB403440,2015-2016,Rabat-Salé-Kénitra,RAB,Skhirate-Témara,Rural,Qualifiant,Année 2,Féminin,17,Autre,1–5 km,4000-7000 MAD,2,1,0
AB403441,2022-2023,Marrakech-Safi,MAR,Al Haouz,Rural,Primaire,Année 5,Masculin,10,Manque d'infrastructures,1–5 km,< 2000 MAD,5,0,0
AB403442,2016-2017,Casablanca-Settat,CAS,Settat,Rural,Collégial,Année 1,Féminin,15,Grossesse,< 1 km,< 2000 MAD,3,0,1
AB403443,2022-2023,Rabat-Salé-Kénitra,RAB,Salé,Urbain,Qualifiant,Année 3,Masculin,18,Manque d'infrastructures,> 15 km,< 2000 MAD,5,1,0
AB403444,2021-2022,Béni Mellal-Khénifra,BMK,El Kelaa des Sraghna,Rural,Qualifiant,Année 2,Féminin,18,Mariage précoce,1–5 km,< 2000 MAD,1,1,0
AB403445,2021-2022,Béni Mellal-Khénifra,BMK,Béni Mellal,Rural,Collégial,Année 2,Masculin,14,Travail enfant,1–5 km,< 2000 MAD,7,1,0
AB403446,2017-2018,Fès-Meknès,FES,Boulemane,Rural,Primaire,Année 6,Féminin,7,Manque d'infrastructures,> 15 km,2000-4000 MAD,7,1,0
AB403447,2015-2016,Tanger-Tétouan-Al Hoceïma,TAN,Mdiq-Fnideq,Rural,Qualifiant,Année 3,Féminin,17,Grossesse,5–15 km,< 2000 MAD,3,1,0
AB403448,2022-2023,Tanger-Tétouan-Al Hoceïma,TAN,Mdiq-Fnideq,Urbain,Primaire,Année 1,Masculin,11,Travail enfant,1–5 km,< 2000 MAD,1,0,0
AB403449,2022-2023,Marrakech-Safi,MAR,El Kelaa des Sraghna,Rural,Qualifiant,Année 1,Masculin,16,Mariage précoce,< 1 km,4000-7000 MAD,4,0,0
AB403450,2016-2017,Béni Mellal-Khénifra,BMK,El Kelaa des Sraghna,Rural,Collégial,Année 2,Féminin,15,Difficultés économiques,1–5 km,< 2000 MAD,6,1,0
AB403451,2015-2016,Casablanca-Settat,CAS,Casablanca,Rural,Primaire,Année 4,Masculin,11,Éloignement de l'établissement,5–15 km,< 2000 MAD,7,1,0
AB403452,2018-2019,Marrakech-Safi,MAR,Essaouira,Urbain,Primaire,Année 6,Masculin,12,Difficultés économiques,< 1 km,< 2000 MAD,5,0,0
AB403453,2020-2021,Oriental,ORI,Jerada,Urbain,Collégial,Année 2,Masculin,15,Travail enfant,> 15 km,> 7000 MAD,2,1,0
AB403454,2018-2019,Rabat-Salé-Kénitra,RAB,Khémisset,Rural,Collégial,Année 3,Masculin,14,Mariage précoce,< 1 km,2000-4000 MAD,6,1,0
AB403455,2021-2022,Béni Mellal-Khénifra,BMK,Béni Mellal,Urbain,Primaire,Année 4,Féminin,10,Difficultés scolaires,> 15 km,2000-4000 MAD,4,0,0
AB403456,2016-2017,Fès-Meknès,FES,Moulay Yacoub,Rural,Collégial,Année 3,Féminin,13,Difficultés scolaires,1–5 km,> 7000 MAD,8,1,0
AB403457,2017-2018,Rabat-Salé-Kénitra,RAB,Salé,Rural,Collégial,Année 2,Féminin,15,Éloignement de l'établissement,< 1 km,2000-4000 MAD,7,1,1
AB403458,2018-2019,Casablanca-Settat,CAS,Sidi Bennour,Rural,Collégial,Année 1,Féminin,15,Difficultés scolaires,< 1 km,> 7000 MAD,8,1,1
AB403459,2018-2019,Drâa-Tafilalet,DRA,Ouarzazate,Rural,Collégial,Année 1,Masculin,14,Mariage précoce,> 15 km,4000-7000 MAD,8,1,1
AB403460,2015-2016,Guelmim-Oued Noun,GUE,Guelmim,Urbain,Primaire,Année 5,Féminin,7,Autre,5–15 km,< 2000 MAD,6,1,1
AB403461,2022-2023,Béni Mellal-Khénifra,BMK,Fquih Ben Salah,Urbain,Collégial,Année 1,Masculin,13,Autre,> 15 km,4000-7000 MAD,5,0,0
AB403462,2017-2018,Marrakech-Safi,MAR,Marrakech,Urbain,Collégial,Année 2,Féminin,14,Éloignement de l'établissement,1–5 km,> 7000 MAD,3,1,0
AB403463,2020-2021,Casablanca-Settat,CAS,Khouribga,Urbain,Qualifiant,Année 2,Masculin,18,Manque d'infrastructures,1–5 km,4000-7000 MAD,5,1,0
AB403464,2022-2023,Drâa-Tafilalet,DRA,Errachidia,Urbain,Primaire,Année 5,Masculin,8,Éloignement de l'établissement,> 15 km,4000-7000 MAD,6,1,0
AB403465,2020-2021,Marrakech-Safi,MAR,Essaouira,Urbain,Collégial,Année 2,Féminin,14,Éloignement de l'établissement,> 15 km,> 7000 MAD,6,0,0
AB403466,2015-2016,Rabat-Salé-Kénitra,RAB,Skhirate-Témara,Urbain,Primaire,Année 4,Masculin,12,Travail enfant,< 1 km,> 7000 MAD,2,1,0
AB403467,2023-2024,Rabat-Salé-Kénitra,RAB,Salé,Rural,Collégial,Année 2,Masculin,13,Difficultés économiques,5–15 km,> 7000 MAD,3,1,0
AB403468,2015-2016,Fès-Meknès,FES,Ifrane,Rural,Qualifiant,Année 2,Masculin,17,Éloignement de l'établissement,< 1 km,4000-7000 MAD,7,1,1
AB403469,2023-2024,Souss-Massa,SOU,Tata,Urbain,Collégial,Année 1,Féminin,15,Manque d'infrastructures,< 1 km,< 2000 MAD,1,0,0
AB403470,2017-2018,Rabat-Salé-Kénitra,RAB,Kénitra,Urbain,Collégial,Année 2,Féminin,13,Mariage précoce,1–5 km,2000-4000 MAD,1,0,0
AB403471,2015-2016,Casablanca-Settat,CAS,Casablanca,Rural,Qualifiant,Année 1,Féminin,17,Manque d'infrastructures,1–5 km,2000-4000 MAD,4,1,0
AB403472,2019-2020,Casablanca-Settat,CAS,Khouribga,Rural,Collégial,Année 2,Masculin,13,Manque d'infrastructures,5–15 km,4000-7000 MAD,7,0,1
AB403473,2023-2024,Rabat-Salé-Kénitra,RAB,Rabat,Rural,Collégial,Année 3,Masculin,13,Travail enfant,1–5 km,< 2000 MAD,6,0,1
AB403474,2023-2024,Drâa-Tafilalet,DRA,Errachidia,Urbain,Qualifiant,Année 2,Masculin,18,Autre,< 1 km,2000-4000 MAD,8,1,0
AB403475,2016-2017,Marrakech-Safi,MAR,Youssoufia,Rural,Collégial,Année 3,Masculin,14,Éloignement de l'établissement,5–15 km,> 7000 MAD,5,1,0
AB403476,2021-2022,Souss-Massa,SOU,Tata,Urbain,Primaire,Année 6,Masculin,10,Manque d'infrastructures,5–15 km,2000-4000 MAD,2,1,0
AB403477,2018-2019,Rabat-Salé-Kénitra,RAB,Salé,Urbain,Primaire,Année 3,Féminin,7,Manque d'infrastructures,< 1 km,< 2000 MAD,4,1,0
AB403478,2022-2023,Rabat-Salé-Kénitra,RAB,Skhirate-Témara,Rural,Primaire,Année 1,Féminin,11,Difficultés économiques,5–15 km,< 2000 MAD,1,0,0
AB403479,2021-2022,Rabat-Salé-Kénitra,RAB,Kénitra,Urbain,Primaire,Année 6,Féminin,10,Difficultés économiques,< 1 km,> 7000 MAD,6,1,0
AB403480,2022-2023,Rabat-Salé-Kénitra,RAB,Sidi Kacem,Urbain,Qualifiant,Année 1,Masculin,16,Travail enfant,1–5 km,4000-7000 MAD,2,1,1
AB403481,2021-2022,Casablanca-Settat,CAS,Settat,Rural,Collégial,Année 3,Féminin,15,Manque d'infrastructures,< 1 km,2000-4000 MAD,3,0,0
AB403482,2019-2020,Rabat-Salé-Kénitra,RAB,Khémisset,Urbain,Collégial,Année 1,Féminin,13,Manque d'infrastructures,5–15 km,2000-4000 MAD,4,1,0
AB403483,2015-2016,Tanger-Tétouan-Al Hoceïma,TAN,Ouazzane,Rural,Qualifiant,Année 3,Masculin,18,Mariage précoce,> 15 km,< 2000 MAD,6,1,1
AB403484,2017-2018,Casablanca-Settat,CAS,Benslimane,Rural,Primaire,Année 1,Masculin,9,Travail enfant,1–5 km,2000-4000 MAD,3,1,0
AB403485,2022-2023,Rabat-Salé-Kénitra,RAB,Salé,Urbain,Qualifiant,Année 3,Féminin,17,Grossesse,< 1 km,< 2000 MAD,2,0,1
AB403486,2018-2019,Laâyoune-Sakia El Hamra,LAA,Boujdour,Rural,Qualifiant,Année 1,Masculin,18,Manque d'infrastructures,5–15 km,2000-4000 MAD,8,1,0
AB403487,2019-2020,Casablanca-Settat,CAS,Berrechid,Urbain,Qualifiant,Année 2,Féminin,17,Mariage précoce,1–5 km,< 2000 MAD,5,1,1
AB403488,2022-2023,Tanger-Tétouan-Al Hoceïma,TAN,Mdiq-Fnideq,Rural,Primaire,Année 5,Masculin,10,Difficultés économiques,< 1 km,< 2000 MAD,1,1,0
AB403489,2023-2024,Béni Mellal-Khénifra,BMK,Azilal,Rural,Primaire,Année 2,Masculin,12,Difficultés économiques,< 1 km,> 7000 MAD,5,0,0
AB403490,2021-2022,Oriental,ORI,Jerada,Rural,Collégial,Année 2,Féminin,14,Mariage précoce,1–5 km,< 2000 MAD,5,0,0
AB403491,2019-2020,Casablanca-Settat,CAS,Benslimane,Urbain,Primaire,Année 5,Masculin,7,Autre,< 1 km,2000-4000 MAD,3,0,0
AB403492,2015-2016,Fès-Meknès,FES,Séfrou,Urbain,Collégial,Année 2,Masculin,15,Mariage précoce,< 1 km,2000-4000 MAD,4,0,0
AB403493,2020-2021,Casablanca-Settat,CAS,Benslimane,Urbain,Collégial,Année 3,Masculin,14,Éloignement de l'établissement,1–5 km,< 2000 MAD,6,1,0
AB403494,2016-2017,Fès-Meknès,FES,Taza,Rural,Collégial,Année 3,Masculin,15,Mariage précoce,5–15 km,2000-4000 MAD,7,1,1
AB403495,2015-2016,Rabat-Salé-Kénitra,RAB,Sidi Slimane,Rural,Qualifiant,Année 1,Féminin,17,Éloignement de l'établissement,1–5 km,4000-7000 MAD,3,1,0
AB403496,2020-2021,Fès-Meknès,FES,Fès,Rural,Collégial,Année 3,Féminin,15,Difficultés scolaires,< 1 km,> 7000 MAD,5,1,0
AB403497,2015-2016,Casablanca-Settat,CAS,Settat,Rural,Qualifiant,Année 1,Masculin,18,Mariage précoce,< 1 km,< 2000 MAD,3,0,1
AB403498,2022-2023,Rabat-Salé-Kénitra,RAB,Salé,Rural,Primaire,Année 6,Masculin,11,Travail enfant,5–15 km,< 2000 MAD,4,1,1
AB403499,2021-2022,Casablanca-Settat,CAS,El Jadida,Rural,Collégial,Année 3,Masculin,13,Mariage précoce,1–5 km,2000-4000 MAD,3,1,0
AB403500,2018-2019,Casablanca-Settat,CAS,Sidi Bennour,Urbain,Qualifiant,Année 3,Féminin,17,Manque d'infrastructures,1–5 km,2000-4000 MAD,3,1,1
AB403501,2017-2018,Casablanca-Settat,CAS,Settat,Urbain,Collégial,Année 3,Féminin,13,Difficultés économiques,< 1 km,< 2000 MAD,7,0,0
AB403502,2019-2020,Marrakech-Safi,MAR,Youssoufia,Urbain,Collégial,Année 2,Féminin,14,Éloignement de l'établissement,1–5 km,< 2000 MAD,1,1,0
AB403503,2015-2016,Marrakech-Safi,MAR,Youssoufia,Rural,Qualifiant,Année 2,Masculin,17,Travail enfant,> 15 km,< 2000 MAD,3,1,0
AB403504,2016-2017,Souss-Massa,SOU,Tiznit,Rural,Primaire,Année 5,Féminin,9,Éloignement de l'établissement,5–15 km,< 2000 MAD,1,0,1
AB403505,2020-2021,Fès-Meknès,FES,Moulay Yacoub,Rural,Collégial,Année 2,Féminin,15,Éloignement de l'établissement,5–15 km,2000-4000 MAD,6,0,1
AB403506,2022-2023,Marrakech-Safi,MAR,El Kelaa des Sraghna,Urbain,Primaire,Année 3,Féminin,7,Handicap,> 15 km,4000-7000 MAD,6,1,1
AB403507,2023-2024,Casablanca-Settat,CAS,Mohammadia,Urbain,Qualifiant,Année 2,Masculin,18,Difficultés scolaires,1–5 km,> 7000 MAD,8,1,0
AB403508,2019-2020,Oriental,ORI,Figuig,Rural,Qualifiant,Année 2,Féminin,16,Difficultés scolaires,5–15 km,> 7000 MAD,4,0,0
AB403509,2019-2020,Béni Mellal-Khénifra,BMK,El Kelaa des Sraghna,Urbain,Collégial,Année 3,Féminin,14,Travail enfant,1–5 km,> 7000 MAD,8,0,0
AB403510,2019-2020,Casablanca-Settat,CAS,El Jadida,Urbain,Collégial,Année 3,Féminin,13,Travail enfant,1–5 km,4000-7000 MAD,6,0,0
AB403511,2016-2017,Rabat-Salé-Kénitra,RAB,Khémisset,Urbain,Collégial,Année 3,Féminin,13,Éloignement de l'établissement,< 1 km,> 7000 MAD,6,1,1
AB403512,2023-2024,Souss-Massa,SOU,Agadir-Ida-Ou-Tanane,Rural,Primaire,Année 5,Féminin,8,Travail enfant,5–15 km,> 7000 MAD,4,1,0
AB403513,2021-2022,Casablanca-Settat,CAS,Berrechid,Rural,Primaire,Année 3,Masculin,10,Travail enfant,1–5 km,> 7000 MAD,3,0,0
AB403514,2022-2023,Fès-Meknès,FES,Meknès,Rural,Collégial,Année 2,Féminin,14,Éloignement de l'établissement,1–5 km,< 2000 MAD,5,1,0
AB403515,2018-2019,Casablanca-Settat,CAS,Casablanca,Rural,Collégial,Année 2,Féminin,14,Mariage précoce,5–15 km,< 2000 MAD,3,0,0
AB403516,2022-2023,Fès-Meknès,FES,Meknès,Rural,Primaire,Année 2,Masculin,11,Manque d'infrastructures,< 1 km,> 7000 MAD,5,0,0
AB403517,2019-2020,Casablanca-Settat,CAS,Casablanca,Rural,Collégial,Année 1,Masculin,14,Éloignement de l'établissement,5–15 km,4000-7000 MAD,8,0,0
AB403518,2018-2019,Casablanca-Settat,CAS,El Jadida,Urbain,Primaire,Année 2,Masculin,12,Travail enfant,< 1 km,2000-4000 MAD,4,0,0
AB403519,2019-2020,Tanger-Tétouan-Al Hoceïma,TAN,Ouazzane,Urbain,Collégial,Année 1,Féminin,15,Travail enfant,1–5 km,4000-7000 MAD,8,1,1
AB403520,2021-2022,Casablanca-Settat,CAS,Benslimane,Urbain,Collégial,Année 1,Féminin,15,Grossesse,1–5 km,2000-4000 MAD,8,1,0
AB403521,2016-2017,Marrakech-Safi,MAR,Marrakech,Urbain,Primaire,Année 1,Masculin,11,Handicap,5–15 km,4000-7000 MAD,2,0,0
AB403522,2023-2024,Béni Mellal-Khénifra,BMK,Azilal,Rural,Qualifiant,Année 1,Féminin,17,Difficultés scolaires,< 1 km,> 7000 MAD,1,1,1
AB403523,2019-2020,Béni Mellal-Khénifra,BMK,El Kelaa des Sraghna,Rural,Primaire,Année 4,Masculin,11,Mariage précoce,1–5 km,< 2000 MAD,2,0,0
AB403524,2017-2018,Tanger-Tétouan-Al Hoceïma,TAN,Tétouan,Rural,Qualifiant,Année 3,Masculin,17,Éloignement de l'établissement,1–5 km,2000-4000 MAD,8,0,0
AB403525,2017-2018,Fès-Meknès,FES,El Hajeb,Rural,Collégial,Année 3,Masculin,15,Difficultés économiques,< 1 km,> 7000 MAD,6,1,0
AB403526,2023-2024,Tanger-Tétouan-Al Hoceïma,TAN,Tétouan,Rural,Collégial,Année 1,Féminin,15,Mariage précoce,< 1 km,4000-7000 MAD,1,1,0
AB403527,2019-2020,Tanger-Tétouan-Al Hoceïma,TAN,Mdiq-Fnideq,Rural,Qualifiant,Année 3,Masculin,17,Travail enfant,> 15 km,> 7000 MAD,6,1,1
AB403528,2021-2022,Fès-Meknès,FES,Séfrou,Urbain,Collégial,Année 3,Féminin,14,Difficultés économiques,5–15 km,< 2000 MAD,6,1,1
AB403529,2016-2017,Casablanca-Settat,CAS,Berrechid,Rural,Qualifiant,Année 1,Masculin,16,Difficultés scolaires,> 15 km,2000-4000 MAD,3,0,0
AB403530,2015-2016,Marrakech-Safi,MAR,Al Haouz,Rural,Collégial,Année 2,Masculin,14,Mariage précoce,1–5 km,> 7000 MAD,5,1,0
AB403531,2023-2024,Tanger-Tétouan-Al Hoceïma,TAN,Ouazzane,Rural,Primaire,Année 3,Masculin,9,Mariage précoce,< 1 km,4000-7000 MAD,2,0,0
AB403532,2017-2018,Casablanca-Settat,CAS,Sidi Bennour,Urbain,Qualifiant,Année 2,Masculin,18,Mariage précoce,1–5 km,2000-4000 MAD,2,1,0
AB403533,2020-2021,Casablanca-Settat,CAS,Sidi Bennour,Rural,Collégial,Année 3,Masculin,14,Travail enfant,< 1 km,2000-4000 MAD,5,1,0
AB403534,2018-2019,Casablanca-Settat,CAS,Settat,Rural,Collégial,Année 1,Féminin,15,Mariage précoce,< 1 km,2000-4000 MAD,1,0,0
AB403535,2019-2020,Rabat-Salé-Kénitra,RAB,Sidi Kacem,Urbain,Primaire,Année 5,Féminin,7,Difficultés scolaires,> 15 km,< 2000 MAD,6,1,0
AB403536,2015-2016,Marrakech-Safi,MAR,Safi,Rural,Primaire,Année 4,Masculin,9,Difficultés économiques,1–5 km,< 2000 MAD,7,1,1
AB403537,2019-2020,Rabat-Salé-Kénitra,RAB,Salé,Rural,Collégial,Année 3,Féminin,15,Travail enfant,< 1 km,< 2000 MAD,7,1,0
AB403538,2020-2021,Drâa-Tafilalet,DRA,Errachidia,Rural,Collégial,Année 2,Féminin,14,Difficultés scolaires,< 1 km,2000-4000 MAD,2,1,1
AB403539,2015-2016,Casablanca-Settat,CAS,Benslimane,Rural,Collégial,Année 2,Masculin,14,Difficultés économiques,5–15 km,2000-4000 MAD,8,1,0
AB403540,2019-2020,Souss-Massa,SOU,Agadir-Ida-Ou-Tanane,Urbain,Primaire,Année 3,Masculin,7,Éloignement de l'établissement,> 15 km,< 2000 MAD,7,1,0
AB403541,2020-2021,Marrakech-Safi,MAR,El Kelaa des Sraghna,Urbain,Qualifiant,Année 1,Masculin,17,Mariage précoce,5–15 km,2000-4000 MAD,3,0,0
AB403542,2018-2019,Casablanca-Settat,CAS,Berrechid,Rural,Primaire,Année 3,Masculin,11,Difficultés économiques,1–5 km,2000-4000 MAD,4,1,0
AB403543,2017-2018,Casablanca-Settat,CAS,Settat,Urbain,Collégial,Année 2,Féminin,15,Difficultés scolaires,1–5 km,2000-4000 MAD,5,1,0
AB403544,2017-2018,Rabat-Salé-Kénitra,RAB,Kénitra,Urbain,Primaire,Année 6,Masculin,7,Difficultés scolaires,1–5 km,4000-7000 MAD,2,0,1
AB403545,2022-2023,Tanger-Tétouan-Al Hoceïma,TAN,Ouazzane,Rural,Qualifiant,Année 1,Féminin,17,Mariage précoce,< 1 km,> 7000 MAD,8,0,0
AB403546,2018-2019,Béni Mellal-Khénifra,BMK,Fquih Ben Salah,Rural,Collégial,Année 3,Féminin,13,Travail enfant,1–5 km,< 2000 MAD,4,1,0
AB403547,2019-2020,Marrakech-Safi,MAR,El Kelaa des Sraghna,Urbain,Primaire,Année 5,Masculin,10,Difficultés économiques,< 1 km,2000-4000 MAD,2,1,1
AB403548,2022-2023,Oriental,ORI,Driouch,Rural,Qualifiant,Année 1,Masculin,17,Autre,5–15 km,< 2000 MAD,7,1,0
AB403549,2021-2022,Marrakech-Safi,MAR,Al Haouz,Urbain,Qualifiant,Année 3,Masculin,18,Difficultés scolaires,5–15 km,2000-4000 MAD,5,1,0
AB403550,2022-2023,Casablanca-Settat,CAS,Settat,Urbain,Collégial,Année 3,Masculin,15,Autre,< 1 km,2000-4000 MAD,2,0,0
AB403551,2021-2022,Tanger-Tétouan-Al Hoceïma,TAN,Chefchaouen,Rural,Qualifiant,Année 3,Masculin,18,Difficultés économiques,1–5 km,< 2000 MAD,2,1,0
AB403552,2019-2020,Casablanca-Settat,CAS,Casablanca,Urbain,Collégial,Année 2,Masculin,13,Travail enfant,1–5 km,2000-4000 MAD,2,1,0
AB403553,2015-2016,Marrakech-Safi,MAR,Youssoufia,Rural,Collégial,Année 2,Féminin,14,Mariage précoce,< 1 km,4000-7000 MAD,4,1,0
AB403554,2020-2021,Drâa-Tafilalet,DRA,Zagora,Rural,Qualifiant,Année 2,Féminin,17,Difficultés économiques,< 1 km,4000-7000 MAD,1,1,0
AB403555,2020-2021,Fès-Meknès,FES,Ifrane,Rural,Qualifiant,Année 3,Masculin,17,Manque d'infrastructures,< 1 km,2000-4000 MAD,4,1,1
AB403556,2021-2022,Marrakech-Safi,MAR,Chichaoua,Urbain,Primaire,Année 6,Masculin,9,Mariage précoce,< 1 km,> 7000 MAD,6,0,0
AB403557,2019-2020,Fès-Meknès,FES,Fès,Urbain,Qualifiant,Année 2,Féminin,18,Autre,> 15 km,2000-4000 MAD,4,0,1
AB403558,2017-2018,Fès-Meknès,FES,Ifrane,Rural,Qualifiant,Année 2,Féminin,17,Difficultés scolaires,5–15 km,2000-4000 MAD,4,0,0
AB403559,2017-2018,Souss-Massa,SOU,Taroudannt,Rural,Qualifiant,Année 2,Féminin,18,Difficultés économiques,> 15 km,< 2000 MAD,6,0,0
AB403560,2022-2023,Marrakech-Safi,MAR,Marrakech,Urbain,Qualifiant,Année 2,Masculin,18,Éloignement de l'établissement,1–5 km,2000-4000 MAD,8,1,0
AB403561,2021-2022,Fès-Meknès,FES,Taza,Rural,Qualifiant,Année 3,Masculin,18,Éloignement de l'établissement,< 1 km,2000-4000 MAD,7,1,0
AB403562,2023-2024,Casablanca-Settat,CAS,Sidi Bennour,Rural,Collégial,Année 2,Masculin,14,Travail enfant,< 1 km,> 7000 MAD,3,1,1
AB403563,2021-2022,Fès-Meknès,FES,El Hajeb,Rural,Qualifiant,Année 2,Masculin,16,Manque d'infrastructures,< 1 km,< 2000 MAD,2,1,0
AB403564,2022-2023,Tanger-Tétouan-Al Hoceïma,TAN,Mdiq-Fnideq,Rural,Primaire,Année 3,Féminin,11,Difficultés économiques,1–5 km,4000-7000 MAD,8,0,1
AB403565,2018-2019,Casablanca-Settat,CAS,Sidi Bennour,Urbain,Collégial,Année 2,Féminin,15,Difficultés économiques,1–5 km,2000-4000 MAD,7,0,0
AB403566,2020-2021,Béni Mellal-Khénifra,BMK,Béni Mellal,Urbain,Collégial,Année 1,Féminin,14,Travail enfant,5–15 km,2000-4000 MAD,8,1,0
AB403567,2018-2019,Rabat-Salé-Kénitra,RAB,Skhirate-Témara,Urbain,Collégial,Année 3,Masculin,15,Grossesse,< 1 km,> 7000 MAD,1,0,0
AB403568,2017-2018,Fès-Meknès,FES,Meknès,Urbain,Collégial,Année 3,Féminin,15,Éloignement de l'établissement,< 1 km,< 2000 MAD,5,0,0
AB403569,2019-2020,Rabat-Salé-Kénitra,RAB,Sidi Slimane,Urbain,Primaire,Année 2,Féminin,10,Éloignement de l'établissement,< 1 km,4000-7000 MAD,4,0,0
AB403570,2023-2024,Casablanca-Settat,CAS,Mohammadia,Rural,Qualifiant,Année 3,Masculin,18,Manque d'infrastructures,> 15 km,2000-4000 MAD,2,0,0
AB403571,2020-2021,Drâa-Tafilalet,DRA,Ouarzazate,Rural,Primaire,Année 3,Féminin,10,Difficultés scolaires,> 15 km,4000-7000 MAD,1,1,0
AB403572,2018-2019,Fès-Meknès,FES,Ifrane,Urbain,Collégial,Année 2,Masculin,13,Manque d'infrastructures,> 15 km,< 2000 MAD,6,1,0
AB403573,2019-2020,Béni Mellal-Khénifra,BMK,Khouribga,Rural,Primaire,Année 1,Masculin,11,Difficultés scolaires,1–5 km,2000-4000 MAD,8,1,0
AB403574,2016-2017,Souss-Massa,SOU,Tata,Rural,Primaire,Année 2,Masculin,10,Handicap,1–5 km,4000-7000 MAD,7,0,0
AB403575,2017-2018,Rabat-Salé-Kénitra,RAB,Skhirate-Témara,Urbain,Primaire,Année 5,Masculin,7,Éloignement de l'établissement,1–5 km,< 2000 MAD,4,1,0
AB403576,2023-2024,Tanger-Tétouan-Al Hoceïma,TAN,Tétouan,Rural,Collégial,Année 2,Féminin,15,Autre,1–5 km,< 2000 MAD,4,1,0
AB403577,2020-2021,Marrakech-Safi,MAR,Youssoufia,Urbain,Collégial,Année 2,Masculin,15,Éloignement de l'établissement,1–5 km,4000-7000 MAD,3,1,0
AB403578,2016-2017,Fès-Meknès,FES,Boulemane,Urbain,Primaire,Année 5,Masculin,11,Éloignement de l'établissement,> 15 km,2000-4000 MAD,8,1,0
AB403579,2015-2016,Marrakech-Safi,MAR,Al Haouz,Rural,Qualifiant,Année 3,Masculin,18,Handicap,> 15 km,2000-4000 MAD,8,1,1
AB403580,2016-2017,Casablanca-Settat,CAS,Mohammadia,Rural,Collégial,Année 1,Masculin,13,Éloignement de l'établissement,< 1 km,2000-4000 MAD,7,1,0
AB403581,2016-2017,Casablanca-Settat,CAS,El Jadida,Rural,Qualifiant,Année 1,Masculin,18,Mariage précoce,< 1 km,2000-4000 MAD,8,1,1
AB403582,2019-2020,Tanger-Tétouan-Al Hoceïma,TAN,Fahs-Anjra,Urbain,Qualifiant,Année 1,Masculin,16,Difficultés économiques,1–5 km,2000-4000 MAD,5,0,0
AB403583,2023-2024,Casablanca-Settat,CAS,Sidi Bennour,Rural,Collégial,Année 3,Masculin,15,Éloignement de l'établissement,1–5 km,2000-4000 MAD,2,1,0
AB403584,2017-2018,Souss-Massa,SOU,Taroudannt,Rural,Collégial,Année 1,Masculin,15,Travail enfant,> 15 km,2000-4000 MAD,5,1,0
AB403585,2016-2017,Rabat-Salé-Kénitra,RAB,Kénitra,Urbain,Primaire,Année 4,Féminin,12,Éloignement de l'établissement,5–15 km,< 2000 MAD,8,1,0
AB403586,2021-2022,Casablanca-Settat,CAS,Khouribga,Urbain,Collégial,Année 2,Féminin,14,Difficultés scolaires,< 1 km,< 2000 MAD,5,1,1
AB403587,2023-2024,Fès-Meknès,FES,Taounate,Rural,Qualifiant,Année 3,Masculin,16,Travail enfant,5–15 km,2000-4000 MAD,4,1,1
AB403588,2019-2020,Tanger-Tétouan-Al Hoceïma,TAN,Larache,Rural,Primaire,Année 3,Féminin,7,Difficultés économiques,< 1 km,4000-7000 MAD,3,0,0
AB403589,2022-2023,Rabat-Salé-Kénitra,RAB,Sidi Slimane,Urbain,Primaire,Année 5,Féminin,9,Travail enfant,1–5 km,2000-4000 MAD,4,1,1
AB403590,2017-2018,Casablanca-Settat,CAS,Mohammadia,Urbain,Collégial,Année 2,Féminin,15,Difficultés économiques,1–5 km,4000-7000 MAD,7,1,0
AB403591,2019-2020,Béni Mellal-Khénifra,BMK,Khouribga,Urbain,Collégial,Année 3,Féminin,13,Difficultés scolaires,> 15 km,< 2000 MAD,3,0,1
AB403592,2019-2020,Béni Mellal-Khénifra,BMK,Khouribga,Rural,Collégial,Année 2,Féminin,15,Difficultés économiques,1–5 km,< 2000 MAD,6,0,0
AB403593,2020-2021,Casablanca-Settat,CAS,Sidi Bennour,Rural,Collégial,Année 1,Féminin,14,Difficultés scolaires,5–15 km,> 7000 MAD,2,1,0
AB403594,2018-2019,Casablanca-Settat,CAS,Benslimane,Rural,Collégial,Année 1,Masculin,15,Manque d'infrastructures,< 1 km,4000-7000 MAD,1,0,0
AB403595,2022-2023,Tanger-Tétouan-Al Hoceïma,TAN,Ouazzane,Rural,Primaire,Année 3,Masculin,8,Éloignement de l'établissement,5–15 km,2000-4000 MAD,6,1,1
AB403596,2020-2021,Casablanca-Settat,CAS,Casablanca,Rural,Qualifiant,Année 2,Féminin,18,Travail enfant,1–5 km,2000-4000 MAD,1,1,1
AB403597,2017-2018,Rabat-Salé-Kénitra,RAB,Kénitra,Urbain,Qualifiant,Année 3,Masculin,17,Grossesse,1–5 km,4000-7000 MAD,6,0,1
AB403598,2021-2022,Rabat-Salé-Kénitra,RAB,Sidi Slimane,Urbain,Primaire,Année 2,Féminin,9,Éloignement de l'établissement,1–5 km,> 7000 MAD,5,1,0
AB403599,2023-2024,Casablanca-Settat,CAS,Casablanca,Rural,Collégial,Année 1,Féminin,13,Travail enfant,< 1 km,2000-4000 MAD,5,1,0
AB403600,2021-2022,Rabat-Salé-Kénitra,RAB,Skhirate-Témara,Rural,Collégial,Année 2,Masculin,15,Difficultés scolaires,1–5 km,2000-4000 MAD,5,0,1
AB403601,2020-2021,Fès-Meknès,FES,Meknès,Urbain,Primaire,Année 1,Masculin,7,Éloignement de l'établissement,< 1 km,< 2000 MAD,3,1,0
AB403602,2017-2018,Rabat-Salé-Kénitra,RAB,Khémisset,Urbain,Qualifiant,Année 1,Masculin,18,Difficultés économiques,1–5 km,< 2000 MAD,8,0,1
AB403603,2019-2020,Casablanca-Settat,CAS,Casablanca,Urbain,Primaire,Année 5,Masculin,8,Handicap,< 1 km,< 2000 MAD,4,1,0
AB403604,2022-2023,Béni Mellal-Khénifra,BMK,Azilal,Rural,Collégial,Année 1,Féminin,15,Travail enfant,5–15 km,2000-4000 MAD,3,1,1
AB403605,2017-2018,Béni Mellal-Khénifra,BMK,Fquih Ben Salah,Rural,Qualifiant,Année 3,Féminin,18,Difficultés scolaires,1–5 km,2000-4000 MAD,7,0,1
AB403606,2023-2024,Souss-Massa,SOU,Agadir-Ida-Ou-Tanane,Urbain,Primaire,Année 6,Féminin,10,Travail enfant,1–5 km,2000-4000 MAD,6,0,0
AB403607,2018-2019,Fès-Meknès,FES,Fès,Urbain,Qualifiant,Année 1,Masculin,16,Difficultés économiques,> 15 km,2000-4000 MAD,4,0,0
AB403608,2020-2021,Rabat-Salé-Kénitra,RAB,Khémisset,Rural,Qualifiant,Année 3,Masculin,16,Difficultés économiques,< 1 km,2000-4000 MAD,7,0,1
AB403609,2019-2020,Marrakech-Safi,MAR,Chichaoua,Rural,Collégial,Année 1,Masculin,15,Éloignement de l'établissement,> 15 km,4000-7000 MAD,5,1,0
AB403610,2022-2023,Oriental,ORI,Jerada,Rural,Primaire,Année 2,Masculin,10,Éloignement de l'établissement,> 15 km,< 2000 MAD,3,1,0
AB403611,2019-2020,Oriental,ORI,Oujda-Angad,Urbain,Qualifiant,Année 2,Masculin,16,Difficultés économiques,< 1 km,2000-4000 MAD,6,1,1
AB403612,2023-2024,Oriental,ORI,Driouch,Rural,Primaire,Année 4,Masculin,12,Difficultés scolaires,1–5 km,< 2000 MAD,4,0,1
AB403613,2017-2018,Souss-Massa,SOU,Agadir-Ida-Ou-Tanane,Rural,Primaire,Année 6,Masculin,7,Éloignement de l'établissement,1–5 km,2000-4000 MAD,5,1,0
AB403614,2023-2024,Rabat-Salé-Kénitra,RAB,Skhirate-Témara,Urbain,Qualifiant,Année 2,Féminin,17,Autre,5–15 km,< 2000 MAD,6,1,0
AB403615,2023-2024,Casablanca-Settat,CAS,Settat,Urbain,Qualifiant,Année 2,Masculin,17,Mariage précoce,< 1 km,2000-4000 MAD,6,0,1
AB403616,2015-2016,Casablanca-Settat,CAS,Berrechid,Urbain,Collégial,Année 3,Masculin,15,Autre,> 15 km,< 2000 MAD,4,1,0
AB403617,2022-2023,Béni Mellal-Khénifra,BMK,Azilal,Urbain,Qualifiant,Année 3,Masculin,18,Autre,> 15 km,4000-7000 MAD,8,0,0
AB403618,2021-2022,Rabat-Salé-Kénitra,RAB,Sidi Kacem,Rural,Qualifiant,Année 1,Masculin,16,Mariage précoce,1–5 km,4000-7000 MAD,6,0,0
AB403619,2015-2016,Oriental,ORI,Jerada,Urbain,Primaire,Année 6,Masculin,12,Difficultés scolaires,< 1 km,< 2000 MAD,7,0,0
AB403620,2023-2024,Drâa-Tafilalet,DRA,Tinghir,Rural,Collégial,Année 3,Masculin,14,Mariage précoce,< 1 km,< 2000 MAD,4,1,0
AB403621,2015-2016,Fès-Meknès,FES,Boulemane,Urbain,Collégial,Année 1,Masculin,13,Manque d'infrastructures,1–5 km,4000-7000 MAD,2,1,0
AB403622,2016-2017,Souss-Massa,SOU,Agadir-Ida-Ou-Tanane,Urbain,Collégial,Année 3,Féminin,15,Handicap,1–5 km,> 7000 MAD,3,1,0
AB403623,2019-2020,Béni Mellal-Khénifra,BMK,Khouribga,Urbain,Collégial,Année 1,Masculin,14,Travail enfant,< 1 km,< 2000 MAD,6,0,0
AB403624,2017-2018,Casablanca-Settat,CAS,Berrechid,Rural,Primaire,Année 6,Masculin,12,Travail enfant,5–15 km,> 7000 MAD,8,0,1
AB403625,2022-2023,Drâa-Tafilalet,DRA,Tinghir,Rural,Qualifiant,Année 1,Féminin,18,Mariage précoce,1–5 km,4000-7000 MAD,4,0,1
AB403626,2015-2016,Rabat-Salé-Kénitra,RAB,Khémisset,Urbain,Primaire,Année 1,Féminin,8,Éloignement de l'établissement,1–5 km,< 2000 MAD,4,1,0
AB403627,2016-2017,Oriental,ORI,Figuig,Urbain,Collégial,Année 2,Masculin,15,Travail enfant,5–15 km,< 2000 MAD,7,1,0
AB403628,2015-2016,Casablanca-Settat,CAS,Sidi Bennour,Urbain,Qualifiant,Année 2,Féminin,17,Difficultés économiques,< 1 km,< 2000 MAD,5,1,1
AB403629,2020-2021,Casablanca-Settat,CAS,Settat,Rural,Primaire,Année 6,Féminin,8,Difficultés scolaires,1–5 km,4000-7000 MAD,1,0,0
AB403630,2019-2020,Rabat-Salé-Kénitra,RAB,Skhirate-Témara,Urbain,Primaire,Année 4,Féminin,10,Handicap,1–5 km,2000-4000 MAD,5,0,0
AB403631,2017-2018,Fès-Meknès,FES,El Hajeb,Urbain,Qualifiant,Année 1,Féminin,18,Difficultés économiques,5–15 km,2000-4000 MAD,1,0,1
AB403632,2021-2022,Casablanca-Settat,CAS,Berrechid,Urbain,Collégial,Année 2,Masculin,15,Difficultés économiques,< 1 km,< 2000 MAD,7,0,0
AB403633,2022-2023,Oriental,ORI,Oujda-Angad,Urbain,Qualifiant,Année 3,Féminin,16,Difficultés économiques,< 1 km,< 2000 MAD,7,0,0
AB403634,2020-2021,Fès-Meknès,FES,Séfrou,Rural,Collégial,Année 3,Féminin,15,Mariage précoce,5–15 km,2000-4000 MAD,2,1,1
AB403635,2015-2016,Fès-Meknès,FES,Séfrou,Urbain,Collégial,Année 2,Masculin,14,Grossesse,1–5 km,2000-4000 MAD,3,0,0
AB403636,2019-2020,Tanger-Tétouan-Al Hoceïma,TAN,Al Hoceïma,Urbain,Collégial,Année 2,Masculin,14,Difficultés économiques,1–5 km,4000-7000 MAD,7,0,0
AB403637,2017-2018,Fès-Meknès,FES,Moulay Yacoub,Urbain,Qualifiant,Année 3,Masculin,17,Autre,< 1 km,< 2000 MAD,1,0,1
AB403638,2022-2023,Casablanca-Settat,CAS,El Jadida,Rural,Collégial,Année 1,Masculin,14,Grossesse,< 1 km,2000-4000 MAD,4,0,0
AB403639,2023-2024,Tanger-Tétouan-Al Hoceïma,TAN,Tanger-Assilah,Rural,Collégial,Année 1,Masculin,14,Travail enfant,1–5 km,2000-4000 MAD,6,0,0
AB403640,2018-2019,Souss-Massa,SOU,Tiznit,Urbain,Primaire,Année 4,Masculin,11,Handicap,< 1 km,< 2000 MAD,8,0,0
AB403641,2015-2016,Casablanca-Settat,CAS,Casablanca,Rural,Primaire,Année 3,Masculin,7,Grossesse,< 1 km,4000-7000 MAD,2,1,1
AB403642,2022-2023,Souss-Massa,SOU,Inezgane-Ait Melloul,Rural,Qualifiant,Année 1,Masculin,18,Autre,1–5 km,< 2000 MAD,4,0,0
AB403643,2023-2024,Marrakech-Safi,MAR,Marrakech,Rural,Collégial,Année 3,Féminin,13,Difficultés scolaires,1–5 km,< 2000 MAD,6,1,0
AB403644,2018-2019,Drâa-Tafilalet,DRA,Midelt,Rural,Qualifiant,Année 3,Masculin,18,Difficultés scolaires,5–15 km,< 2000 MAD,8,0,0
AB403645,2015-2016,Oriental,ORI,Taourirt,Rural,Qualifiant,Année 3,Féminin,18,Travail enfant,1–5 km,4000-7000 MAD,8,1,0
AB403646,2017-2018,Marrakech-Safi,MAR,Youssoufia,Rural,Collégial,Année 2,Masculin,13,Mariage précoce,< 1 km,< 2000 MAD,5,0,0
AB403647,2015-2016,Marrakech-Safi,MAR,Essaouira,Rural,Collégial,Année 1,Masculin,14,Travail enfant,1–5 km,< 2000 MAD,6,1,0
AB403648,2023-2024,Souss-Massa,SOU,Taroudannt,Urbain,Collégial,Année 1,Féminin,15,Mariage précoce,1–5 km,> 7000 MAD,7,1,1
AB403649,2020-2021,Tanger-Tétouan-Al Hoceïma,TAN,Larache,Rural,Collégial,Année 2,Masculin,13,Grossesse,5–15 km,4000-7000 MAD,4,1,0
AB403650,2019-2020,Drâa-Tafilalet,DRA,Ouarzazate,Rural,Collégial,Année 2,Masculin,14,Mariage précoce,5–15 km,4000-7000 MAD,6,0,0
AB403651,2019-2020,Casablanca-Settat,CAS,Mohammadia,Urbain,Collégial,Année 3,Féminin,14,Difficultés économiques,< 1 km,2000-4000 MAD,4,1,1
AB403652,2022-2023,Béni Mellal-Khénifra,BMK,Azilal,Rural,Primaire,Année 5,Masculin,8,Difficultés scolaires,< 1 km,4000-7000 MAD,4,1,0
AB403653,2019-2020,Rabat-Salé-Kénitra,RAB,Skhirate-Témara,Urbain,Collégial,Année 3,Masculin,14,Difficultés économiques,> 15 km,< 2000 MAD,3,0,0
AB403654,2021-2022,Béni Mellal-Khénifra,BMK,El Kelaa des Sraghna,Rural,Qualifiant,Année 2,Féminin,16,Manque d'infrastructures,1–5 km,4000-7000 MAD,4,1,0
AB403655,2018-2019,Marrakech-Safi,MAR,El Kelaa des Sraghna,Rural,Collégial,Année 3,Féminin,14,Difficultés scolaires,1–5 km,< 2000 MAD,4,1,0
AB403656,2019-2020,Rabat-Salé-Kénitra,RAB,Sidi Slimane,Rural,Collégial,Année 3,Féminin,13,Travail enfant,< 1 km,4000-7000 MAD,3,0,0
AB403657,2023-2024,Drâa-Tafilalet,DRA,Tinghir,Rural,Collégial,Année 1,Féminin,13,Difficultés scolaires,1–5 km,> 7000 MAD,3,0,0
AB403658,2017-2018,Drâa-Tafilalet,DRA,Tinghir,Rural,Qualifiant,Année 3,Féminin,17,Difficultés économiques,> 15 km,> 7000 MAD,5,1,1
AB403659,2019-2020,Rabat-Salé-Kénitra,RAB,Khémisset,Urbain,Primaire,Année 1,Masculin,8,Difficultés scolaires,> 15 km,4000-7000 MAD,7,1,0
AB403660,2016-2017,Marrakech-Safi,MAR,El Kelaa des Sraghna,Urbain,Collégial,Année 2,Masculin,13,Mariage précoce,1–5 km,4000-7000 MAD,6,0,0
AB403661,2020-2021,Casablanca-Settat,CAS,Berrechid,Rural,Qualifiant,Année 2,Féminin,17,Difficultés scolaires,< 1 km,2000-4000 MAD,4,1,1
AB403662,2017-2018,Béni Mellal-Khénifra,BMK,Fquih Ben Salah,Rural,Qualifiant,Année 1,Féminin,18,Mariage précoce,1–5 km,< 2000 MAD,2,1,0
AB403663,2017-2018,Béni Mellal-Khénifra,BMK,Béni Mellal,Rural,Qualifiant,Année 3,Féminin,17,Éloignement de l'établissement,5–15 km,4000-7000 MAD,6,0,0
AB403664,2017-2018,Marrakech-Safi,MAR,Al Haouz,Urbain,Qualifiant,Année 2,Féminin,18,Mariage précoce,> 15 km,4000-7000 MAD,2,1,0
AB403665,2015-2016,Marrakech-Safi,MAR,Al Haouz,Rural,Collégial,Année 2,Féminin,15,Difficultés économiques,1–5 km,2000-4000 MAD,5,1,1
AB403666,2018-2019,Fès-Meknès,FES,El Hajeb,Rural,Collégial,Année 1,Masculin,14,Difficultés scolaires,1–5 km,4000-7000 MAD,3,1,1
AB403667,2023-2024,Marrakech-Safi,MAR,Essaouira,Urbain,Qualifiant,Année 3,Féminin,17,Travail enfant,< 1 km,2000-4000 MAD,4,1,0
AB403668,2020-2021,Fès-Meknès,FES,Boulemane,Urbain,Qualifiant,Année 1,Féminin,16,Travail enfant,5–15 km,4000-7000 MAD,6,1,0
AB403669,2023-2024,Souss-Massa,SOU,Agadir-Ida-Ou-Tanane,Rural,Qualifiant,Année 3,Masculin,16,Mariage précoce,< 1 km,< 2000 MAD,1,1,0
AB403670,2015-2016,Casablanca-Settat,CAS,Settat,Rural,Collégial,Année 2,Masculin,14,Difficultés économiques,1–5 km,< 2000 MAD,1,1,1
AB403671,2019-2020,Oriental,ORI,Nador,Rural,Qualifiant,Année 3,Masculin,17,Difficultés économiques,> 15 km,> 7000 MAD,3,1,0
AB403672,2016-2017,Rabat-Salé-Kénitra,RAB,Sidi Slimane,Rural,Primaire,Année 6,Masculin,8,Difficultés économiques,1–5 km,2000-4000 MAD,8,1,1
AB403673,2019-2020,Rabat-Salé-Kénitra,RAB,Rabat,Rural,Qualifiant,Année 3,Féminin,16,Travail enfant,> 15 km,< 2000 MAD,3,0,1
AB403674,2018-2019,Marrakech-Safi,MAR,Chichaoua,Rural,Collégial,Année 2,Féminin,13,Éloignement de l'établissement,< 1 km,< 2000 MAD,7,1,0
AB403675,2022-2023,Béni Mellal-Khénifra,BMK,Fquih Ben Salah,Urbain,Primaire,Année 4,Féminin,9,Travail enfant,> 15 km,2000-4000 MAD,7,1,0
AB403676,2023-2024,Casablanca-Settat,CAS,Benslimane,Urbain,Collégial,Année 3,Féminin,13,Difficultés économiques,> 15 km,< 2000 MAD,3,0,0
AB403677,2023-2024,Casablanca-Settat,CAS,Casablanca,Rural,Collégial,Année 1,Féminin,14,Difficultés économiques,> 15 km,4000-7000 MAD,7,1,0
AB403678,2022-2023,Marrakech-Safi,MAR,Youssoufia,Rural,Primaire,Année 1,Masculin,7,Travail enfant,< 1 km,4000-7000 MAD,8,0,0
AB403679,2015-2016,Drâa-Tafilalet,DRA,Zagora,Rural,Collégial,Année 3,Masculin,15,Difficultés scolaires,1–5 km,< 2000 MAD,4,0,0
AB403680,2021-2022,Marrakech-Safi,MAR,Safi,Urbain,Collégial,Année 2,Masculin,15,Travail enfant,1–5 km,2000-4000 MAD,6,1,0
AB403681,2015-2016,Casablanca-Settat,CAS,Benslimane,Urbain,Primaire,Année 3,Masculin,10,Difficultés économiques,< 1 km,< 2000 MAD,3,1,0
AB403682,2021-2022,Casablanca-Settat,CAS,Casablanca,Rural,Collégial,Année 2,Féminin,15,Difficultés scolaires,1–5 km,< 2000 MAD,6,0,0
AB403683,2020-2021,Casablanca-Settat,CAS,Mohammadia,Urbain,Collégial,Année 3,Masculin,15,Mariage précoce,1–5 km,4000-7000 MAD,3,1,0
AB403684,2018-2019,Béni Mellal-Khénifra,BMK,Fquih Ben Salah,Urbain,Qualifiant,Année 2,Masculin,17,Éloignement de l'établissement,> 15 km,2000-4000 MAD,7,1,0
AB403685,2023-2024,Béni Mellal-Khénifra,BMK,Khouribga,Urbain,Primaire,Année 4,Féminin,8,Handicap,< 1 km,4000-7000 MAD,4,0,0
AB403686,2023-2024,Tanger-Tétouan-Al Hoceïma,TAN,Fahs-Anjra,Rural,Primaire,Année 3,Masculin,12,Difficultés économiques,1–5 km,2000-4000 MAD,4,1,0
AB403687,2023-2024,Oriental,ORI,Oujda-Angad,Urbain,Qualifiant,Année 1,Féminin,16,Éloignement de l'établissement,5–15 km,2000-4000 MAD,8,1,0
AB403688,2016-2017,Rabat-Salé-Kénitra,RAB,Salé,Rural,Qualifiant,Année 3,Masculin,18,Mariage précoce,1–5 km,> 7000 MAD,2,0,1
AB403689,2017-2018,Marrakech-Safi,MAR,Al Haouz,Urbain,Collégial,Année 3,Masculin,13,Difficultés économiques,< 1 km,< 2000 MAD,4,0,0
AB403690,2022-2023,Béni Mellal-Khénifra,BMK,El Kelaa des Sraghna,Urbain,Primaire,Année 2,Féminin,12,Manque d'infrastructures,1–5 km,< 2000 MAD,7,0,0
AB403691,2017-2018,Souss-Massa,SOU,Tata,Urbain,Primaire,Année 1,Masculin,10,Difficultés économiques,< 1 km,> 7000 MAD,3,1,1
AB403692,2021-2022,Fès-Meknès,FES,Taza,Rural,Primaire,Année 3,Féminin,9,Manque d'infrastructures,1–5 km,4000-7000 MAD,8,1,0
AB403693,2021-2022,Rabat-Salé-Kénitra,RAB,Skhirate-Témara,Rural,Qualifiant,Année 1,Masculin,18,Éloignement de l'établissement,> 15 km,> 7000 MAD,3,0,0
AB403694,2023-2024,Casablanca-Settat,CAS,Settat,Rural,Collégial,Année 3,Masculin,13,Mariage précoce,1–5 km,< 2000 MAD,3,1,0
AB403695,2020-2021,Tanger-Tétouan-Al Hoceïma,TAN,Fahs-Anjra,Urbain,Primaire,Année 6,Féminin,10,Manque d'infrastructures,< 1 km,> 7000 MAD,8,0,0
AB403696,2021-2022,Casablanca-Settat,CAS,Casablanca,Urbain,Collégial,Année 3,Féminin,13,Éloignement de l'établissement,5–15 km,< 2000 MAD,5,1,0
AB403697,2016-2017,Casablanca-Settat,CAS,El Jadida,Rural,Qualifiant,Année 3,Masculin,17,Difficultés scolaires,1–5 km,2000-4000 MAD,1,1,0
AB403698,2018-2019,Casablanca-Settat,CAS,Settat,Rural,Qualifiant,Année 1,Féminin,17,Manque d'infrastructures,< 1 km,4000-7000 MAD,5,0,0
AB403699,2020-2021,Rabat-Salé-Kénitra,RAB,Kénitra,Rural,Primaire,Année 2,Féminin,7,Éloignement de l'établissement,< 1 km,4000-7000 MAD,6,1,0
AB403700,2016-2017,Marrakech-Safi,MAR,Youssoufia,Rural,Primaire,Année 5,Masculin,7,Mariage précoce,1–5 km,< 2000 MAD,7,0,0
AB403701,2022-2023,Rabat-Salé-Kénitra,RAB,Skhirate-Témara,Urbain,Collégial,Année 1,Masculin,14,Travail enfant,1–5 km,< 2000 MAD,8,1,1
AB403702,2018-2019,Casablanca-Settat,CAS,Khouribga,Rural,Primaire,Année 4,Masculin,8,Mariage précoce,1–5 km,2000-4000 MAD,6,0,0
AB403703,2018-2019,Béni Mellal-Khénifra,BMK,Fquih Ben Salah,Rural,Collégial,Année 3,Féminin,13,Éloignement de l'établissement,< 1 km,2000-4000 MAD,5,0,0
AB403704,2023-2024,Fès-Meknès,FES,Fès,Urbain,Collégial,Année 2,Masculin,14,Difficultés scolaires,1–5 km,< 2000 MAD,7,1,0
AB403705,2019-2020,Tanger-Tétouan-Al Hoceïma,TAN,Fahs-Anjra,Rural,Collégial,Année 2,Féminin,14,Difficultés économiques,1–5 km,2000-4000 MAD,5,1,0
AB403706,2017-2018,Casablanca-Settat,CAS,Casablanca,Rural,Qualifiant,Année 2,Féminin,16,Difficultés scolaires,1–5 km,2000-4000 MAD,7,0,0
AB403707,2023-2024,Rabat-Salé-Kénitra,RAB,Skhirate-Témara,Urbain,Qualifiant,Année 2,Masculin,17,Difficultés économiques,1–5 km,2000-4000 MAD,4,0,0
AB403708,2018-2019,Casablanca-Settat,CAS,Mohammadia,Rural,Collégial,Année 1,Féminin,15,Travail enfant,5–15 km,4000-7000 MAD,4,0,0
AB403709,2023-2024,Marrakech-Safi,MAR,Youssoufia,Rural,Collégial,Année 3,Masculin,14,Difficultés scolaires,< 1 km,< 2000 MAD,8,1,0
AB403710,2020-2021,Casablanca-Settat,CAS,Khouribga,Rural,Primaire,Année 1,Féminin,10,Éloignement de l'établissement,< 1 km,2000-4000 MAD,8,1,1
AB403711,2018-2019,Marrakech-Safi,MAR,El Kelaa des Sraghna,Rural,Primaire,Année 6,Masculin,7,Travail enfant,< 1 km,4000-7000 MAD,8,0,1
AB403712,2020-2021,Casablanca-Settat,CAS,Casablanca,Rural,Collégial,Année 1,Féminin,14,Grossesse,5–15 km,< 2000 MAD,7,0,1
AB403713,2015-2016,Fès-Meknès,FES,Ifrane,Rural,Primaire,Année 6,Masculin,7,Difficultés économiques,> 15 km,2000-4000 MAD,4,1,0
AB403714,2020-2021,Casablanca-Settat,CAS,Sidi Bennour,Urbain,Primaire,Année 3,Féminin,12,Difficultés économiques,> 15 km,> 7000 MAD,5,0,0
AB403715,2023-2024,Béni Mellal-Khénifra,BMK,Khouribga,Rural,Primaire,Année 1,Masculin,9,Handicap,1–5 km,4000-7000 MAD,8,1,0
AB403716,2016-2017,Rabat-Salé-Kénitra,RAB,Salé,Rural,Qualifiant,Année 3,Masculin,17,Travail enfant,5–15 km,2000-4000 MAD,5,1,0
AB403717,2021-2022,Tanger-Tétouan-Al Hoceïma,TAN,Tanger-Assilah,Rural,Primaire,Année 1,Féminin,8,Travail enfant,1–5 km,2000-4000 MAD,6,0,0
AB403718,2018-2019,Fès-Meknès,FES,Meknès,Urbain,Primaire,Année 6,Féminin,7,Manque d'infrastructures,1–5 km,< 2000 MAD,6,0,0
AB403719,2018-2019,Casablanca-Settat,CAS,El Jadida,Rural,Collégial,Année 1,Féminin,15,Travail enfant,1–5 km,< 2000 MAD,8,0,0
AB403720,2017-2018,Fès-Meknès,FES,El Hajeb,Rural,Collégial,Année 3,Masculin,14,Difficultés économiques,< 1 km,2000-4000 MAD,7,0,0
AB403721,2019-2020,Casablanca-Settat,CAS,Settat,Rural,Qualifiant,Année 1,Féminin,18,Travail enfant,< 1 km,> 7000 MAD,6,0,1
AB403722,2022-2023,Rabat-Salé-Kénitra,RAB,Rabat,Rural,Primaire,Année 4,Féminin,12,Travail enfant,< 1 km,4000-7000 MAD,7,0,0
AB403723,2017-2018,Tanger-Tétouan-Al Hoceïma,TAN,Chefchaouen,Rural,Qualifiant,Année 1,Masculin,17,Mariage précoce,> 15 km,4000-7000 MAD,1,0,0
AB403724,2015-2016,Rabat-Salé-Kénitra,RAB,Rabat,Rural,Qualifiant,Année 2,Masculin,17,Manque d'infrastructures,< 1 km,< 2000 MAD,7,1,0
AB403725,2023-2024,Casablanca-Settat,CAS,Casablanca,Urbain,Qualifiant,Année 3,Masculin,16,Grossesse,1–5 km,4000-7000 MAD,2,1,0
AB403726,2019-2020,Laâyoune-Sakia El Hamra,LAA,Es-Semara,Rural,Collégial,Année 2,Féminin,14,Éloignement de l'établissement,> 15 km,4000-7000 MAD,8,0,1
AB403727,2015-2016,Casablanca-Settat,CAS,El Jadida,Rural,Primaire,Année 1,Féminin,8,Autre,> 15 km,2000-4000 MAD,1,1,0
AB403728,2018-2019,Oriental,ORI,Taourirt,Rural,Primaire,Année 1,Masculin,9,Difficultés économiques,1–5 km,2000-4000 MAD,6,1,0
AB403729,2021-2022,Oriental,ORI,Berkane,Rural,Qualifiant,Année 3,Masculin,18,Difficultés économiques,< 1 km,2000-4000 MAD,6,0,0
AB403730,2023-2024,Casablanca-Settat,CAS,El Jadida,Rural,Collégial,Année 1,Féminin,14,Mariage précoce,1–5 km,2000-4000 MAD,1,1,0
AB403731,2022-2023,Rabat-Salé-Kénitra,RAB,Sidi Slimane,Urbain,Qualifiant,Année 3,Féminin,18,Éloignement de l'établissement,< 1 km,4000-7000 MAD,5,0,1
AB403732,2021-2022,Drâa-Tafilalet,DRA,Errachidia,Urbain,Qualifiant,Année 1,Féminin,17,Difficultés scolaires,5–15 km,2000-4000 MAD,5,1,0
AB403733,2018-2019,Casablanca-Settat,CAS,Benslimane,Rural,Collégial,Année 1,Masculin,15,Éloignement de l'établissement,< 1 km,2000-4000 MAD,3,0,0
AB403734,2022-2023,Fès-Meknès,FES,Taounate,Urbain,Primaire,Année 5,Masculin,9,Difficultés scolaires,> 15 km,2000-4000 MAD,4,1,0
AB403735,2018-2019,Rabat-Salé-Kénitra,RAB,Salé,Rural,Qualifiant,Année 1,Masculin,17,Difficultés scolaires,< 1 km,2000-4000 MAD,4,1,0
AB403736,2022-2023,Marrakech-Safi,MAR,Youssoufia,Rural,Qualifiant,Année 3,Masculin,18,Mariage précoce,1–5 km,< 2000 MAD,7,1,0
AB403737,2023-2024,Rabat-Salé-Kénitra,RAB,Rabat,Urbain,Qualifiant,Année 3,Féminin,16,Difficultés économiques,1–5 km,4000-7000 MAD,2,1,0
AB403738,2023-2024,Fès-Meknès,FES,Séfrou,Rural,Qualifiant,Année 1,Féminin,17,Difficultés économiques,1–5 km,< 2000 MAD,2,0,0
AB403739,2018-2019,Fès-Meknès,FES,Taounate,Rural,Collégial,Année 2,Féminin,13,Difficultés économiques,1–5 km,4000-7000 MAD,3,1,1
AB403740,2015-2016,Souss-Massa,SOU,Agadir-Ida-Ou-Tanane,Urbain,Collégial,Année 1,Masculin,13,Mariage précoce,5–15 km,4000-7000 MAD,3,0,0
AB403741,2017-2018,Drâa-Tafilalet,DRA,Errachidia,Urbain,Primaire,Année 6,Féminin,12,Travail enfant,5–15 km,4000-7000 MAD,6,1,0
AB403742,2020-2021,Casablanca-Settat,CAS,Settat,Rural,Primaire,Année 3,Masculin,11,Manque d'infrastructures,1–5 km,4000-7000 MAD,4,1,1
AB403743,2016-2017,Marrakech-Safi,MAR,Marrakech,Rural,Primaire,Année 3,Masculin,12,Travail enfant,1–5 km,> 7000 MAD,3,0,0
AB403744,2016-2017,Tanger-Tétouan-Al Hoceïma,TAN,Chefchaouen,Urbain,Collégial,Année 1,Masculin,15,Difficultés économiques,< 1 km,< 2000 MAD,4,1,0
AB403745,2020-2021,Marrakech-Safi,MAR,El Kelaa des Sraghna,Rural,Primaire,Année 4,Féminin,9,Travail enfant,1–5 km,4000-7000 MAD,8,1,0
AB403746,2017-2018,Oriental,ORI,Jerada,Rural,Collégial,Année 1,Féminin,14,Éloignement de l'établissement,1–5 km,2000-4000 MAD,4,0,0
AB403747,2020-2021,Casablanca-Settat,CAS,Sidi Bennour,Rural,Qualifiant,Année 3,Masculin,18,Travail enfant,> 15 km,2000-4000 MAD,5,1,1
AB403748,2015-2016,Rabat-Salé-Kénitra,RAB,Salé,Rural,Primaire,Année 1,Féminin,12,Difficultés économiques,1–5 km,< 2000 MAD,2,0,0
AB403749,2017-2018,Marrakech-Safi,MAR,Al Haouz,Rural,Collégial,Année 2,Féminin,13,Manque d'infrastructures,< 1 km,< 2000 MAD,5,0,0
AB403750,2015-2016,Fès-Meknès,FES,El Hajeb,Urbain,Qualifiant,Année 3,Féminin,16,Difficultés économiques,> 15 km,< 2000 MAD,1,0,0
AB403751,2019-2020,Rabat-Salé-Kénitra,RAB,Skhirate-Témara,Rural,Qualifiant,Année 2,Féminin,17,Difficultés scolaires,1–5 km,2000-4000 MAD,6,0,0
AB403752,2018-2019,Souss-Massa,SOU,Taroudannt,Rural,Collégial,Année 2,Masculin,14,Éloignement de l'établissement,< 1 km,< 2000 MAD,8,0,1
AB403753,2021-2022,Béni Mellal-Khénifra,BMK,El Kelaa des Sraghna,Rural,Qualifiant,Année 3,Masculin,17,Éloignement de l'établissement,< 1 km,2000-4000 MAD,8,0,0
AB403754,2015-2016,Casablanca-Settat,CAS,Sidi Bennour,Rural,Primaire,Année 6,Masculin,12,Difficultés scolaires,1–5 km,4000-7000 MAD,7,1,0
AB403755,2018-2019,Marrakech-Safi,MAR,Safi,Urbain,Collégial,Année 2,Féminin,14,Handicap,1–5 km,4000-7000 MAD,7,0,0
AB403756,2016-2017,Oriental,ORI,Nador,Rural,Collégial,Année 3,Masculin,15,Mariage précoce,5–15 km,< 2000 MAD,6,0,0
AB403757,2023-2024,Casablanca-Settat,CAS,Berrechid,Urbain,Qualifiant,Année 3,Féminin,16,Difficultés économiques,1–5 km,> 7000 MAD,7,1,1
AB403758,2016-2017,Marrakech-Safi,MAR,Youssoufia,Rural,Primaire,Année 6,Masculin,7,Éloignement de l'établissement,1–5 km,2000-4000 MAD,1,1,0
AB403759,2020-2021,Rabat-Salé-Kénitra,RAB,Sidi Slimane,Rural,Collégial,Année 3,Masculin,15,Travail enfant,< 1 km,2000-4000 MAD,3,1,0
AB403760,2017-2018,Fès-Meknès,FES,El Hajeb,Urbain,Primaire,Année 4,Féminin,9,Difficultés économiques,> 15 km,2000-4000 MAD,6,0,0
AB403761,2018-2019,Guelmim-Oued Noun,GUE,Tan-Tan,Urbain,Primaire,Année 2,Féminin,12,Travail enfant,< 1 km,2000-4000 MAD,7,0,0
AB403762,2023-2024,Marrakech-Safi,MAR,Safi,Rural,Primaire,Année 2,Masculin,8,Éloignement de l'établissement,< 1 km,< 2000 MAD,4,1,0
AB403763,2020-2021,Drâa-Tafilalet,DRA,Tinghir,Urbain,Qualifiant,Année 2,Masculin,16,Difficultés économiques,1–5 km,4000-7000 MAD,5,0,0
AB403764,2023-2024,Souss-Massa,SOU,Agadir-Ida-Ou-Tanane,Rural,Qualifiant,Année 1,Féminin,17,Handicap,1–5 km,< 2000 MAD,6,0,1
AB403765,2021-2022,Marrakech-Safi,MAR,El Kelaa des Sraghna,Urbain,Qualifiant,Année 1,Féminin,17,Mariage précoce,< 1 km,< 2000 MAD,6,0,1
AB403766,2020-2021,Rabat-Salé-Kénitra,RAB,Khémisset,Rural,Primaire,Année 5,Féminin,10,Handicap,< 1 km,4000-7000 MAD,3,0,0
AB403767,2023-2024,Souss-Massa,SOU,Agadir-Ida-Ou-Tanane,Rural,Primaire,Année 6,Féminin,7,Travail enfant,< 1 km,4000-7000 MAD,3,0,0
AB403768,2019-2020,Casablanca-Settat,CAS,El Jadida,Urbain,Primaire,Année 2,Masculin,10,Éloignement de l'établissement,1–5 km,< 2000 MAD,7,0,0
AB403769,2023-2024,Rabat-Salé-Kénitra,RAB,Skhirate-Témara,Rural,Collégial,Année 2,Masculin,14,Éloignement de l'établissement,< 1 km,> 7000 MAD,1,1,1
AB403770,2021-2022,Casablanca-Settat,CAS,El Jadida,Rural,Qualifiant,Année 2,Féminin,18,Difficultés économiques,> 15 km,2000-4000 MAD,7,0,1
AB403771,2017-2018,Tanger-Tétouan-Al Hoceïma,TAN,Fahs-Anjra,Urbain,Collégial,Année 2,Masculin,14,Mariage précoce,1–5 km,< 2000 MAD,5,0,1
AB403772,2020-2021,Fès-Meknès,FES,Taounate,Urbain,Primaire,Année 2,Masculin,8,Difficultés économiques,5–15 km,4000-7000 MAD,8,1,0
AB403773,2015-2016,Marrakech-Safi,MAR,Youssoufia,Rural,Primaire,Année 3,Féminin,7,Travail enfant,1–5 km,2000-4000 MAD,1,0,0
AB403774,2021-2022,Marrakech-Safi,MAR,Safi,Urbain,Qualifiant,Année 2,Féminin,18,Mariage précoce,5–15 km,< 2000 MAD,7,1,1
AB403775,2020-2021,Fès-Meknès,FES,Taza,Urbain,Collégial,Année 3,Masculin,14,Éloignement de l'établissement,1–5 km,< 2000 MAD,5,1,1
AB403776,2018-2019,Béni Mellal-Khénifra,BMK,Fquih Ben Salah,Rural,Collégial,Année 1,Féminin,14,Difficultés économiques,< 1 km,2000-4000 MAD,8,0,0
AB403777,2015-2016,Casablanca-Settat,CAS,El Jadida,Urbain,Primaire,Année 2,Féminin,8,Difficultés économiques,> 15 km,< 2000 MAD,6,1,0
AB403778,2016-2017,Drâa-Tafilalet,DRA,Tinghir,Rural,Qualifiant,Année 1,Masculin,16,Manque d'infrastructures,5–15 km,< 2000 MAD,2,1,0
AB403779,2016-2017,Casablanca-Settat,CAS,Khouribga,Rural,Primaire,Année 5,Masculin,11,Éloignement de l'établissement,< 1 km,< 2000 MAD,2,1,1
AB403780,2021-2022,Oriental,ORI,Berkane,Rural,Collégial,Année 2,Féminin,14,Grossesse,< 1 km,< 2000 MAD,5,1,0
AB403781,2015-2016,Rabat-Salé-Kénitra,RAB,Sidi Kacem,Rural,Qualifiant,Année 2,Féminin,18,Éloignement de l'établissement,1–5 km,2000-4000 MAD,2,1,1
AB403782,2019-2020,Rabat-Salé-Kénitra,RAB,Kénitra,Rural,Collégial,Année 2,Masculin,15,Manque d'infrastructures,< 1 km,< 2000 MAD,6,1,0
AB403783,2023-2024,Marrakech-Safi,MAR,Safi,Rural,Qualifiant,Année 2,Masculin,18,Autre,< 1 km,< 2000 MAD,2,1,0
AB403784,2015-2016,Guelmim-Oued Noun,GUE,Tan-Tan,Rural,Primaire,Année 3,Masculin,9,Handicap,< 1 km,< 2000 MAD,1,0,0
AB403785,2022-2023,Souss-Massa,SOU,Chtouka-Ait Baha,Urbain,Qualifiant,Année 3,Féminin,18,Handicap,< 1 km,2000-4000 MAD,5,0,0
AB403786,2020-2021,Tanger-Tétouan-Al Hoceïma,TAN,Ouazzane,Rural,Collégial,Année 2,Masculin,14,Éloignement de l'établissement,< 1 km,> 7000 MAD,8,1,0
AB403787,2022-2023,Béni Mellal-Khénifra,BMK,Azilal,Urbain,Primaire,Année 5,Féminin,8,Difficultés scolaires,1–5 km,< 2000 MAD,4,0,0
AB403788,2017-2018,Casablanca-Settat,CAS,Mohammadia,Rural,Qualifiant,Année 1,Masculin,16,Grossesse,1–5 km,2000-4000 MAD,7,0,0
AB403789,2020-2021,Souss-Massa,SOU,Chtouka-Ait Baha,Urbain,Primaire,Année 1,Féminin,8,Travail enfant,1–5 km,2000-4000 MAD,8,0,1
AB403790,2016-2017,Casablanca-Settat,CAS,Khouribga,Rural,Primaire,Année 2,Féminin,9,Difficultés économiques,5–15 km,4000-7000 MAD,7,1,1
AB403791,2019-2020,Oriental,ORI,Oujda-Angad,Urbain,Primaire,Année 4,Masculin,12,Difficultés économiques,< 1 km,4000-7000 MAD,3,0,0
AB403792,2023-2024,Casablanca-Settat,CAS,Settat,Urbain,Collégial,Année 2,Masculin,13,Travail enfant,1–5 km,> 7000 MAD,2,1,0
AB403793,2022-2023,Marrakech-Safi,MAR,Marrakech,Urbain,Primaire,Année 3,Masculin,11,Travail enfant,1–5 km,< 2000 MAD,4,1,0
AB403794,2015-2016,Fès-Meknès,FES,Taounate,Rural,Collégial,Année 1,Féminin,13,Travail enfant,1–5 km,4000-7000 MAD,7,1,1
AB403795,2021-2022,Fès-Meknès,FES,Meknès,Urbain,Primaire,Année 5,Féminin,8,Travail enfant,1–5 km,> 7000 MAD,7,0,0
AB403796,2023-2024,Marrakech-Safi,MAR,Al Haouz,Urbain,Collégial,Année 3,Féminin,13,Difficultés économiques,1–5 km,> 7000 MAD,4,1,0
AB403797,2019-2020,Drâa-Tafilalet,DRA,Midelt,Rural,Collégial,Année 2,Masculin,14,Travail enfant,< 1 km,2000-4000 MAD,3,0,0
AB403798,2019-2020,Fès-Meknès,FES,El Hajeb,Rural,Primaire,Année 4,Masculin,11,Handicap,< 1 km,2000-4000 MAD,6,0,0
AB403799,2018-2019,Casablanca-Settat,CAS,Berrechid,Urbain,Primaire,Année 2,Masculin,8,Handicap,< 1 km,< 2000 MAD,7,0,0
AB403800,2015-2016,Drâa-Tafilalet,DRA,Zagora,Rural,Primaire,Année 1,Masculin,7,Manque d'infrastructures,5–15 km,2000-4000 MAD,2,1,0
AB403801,2019-2020,Marrakech-Safi,MAR,Essaouira,Rural,Collégial,Année 1,Féminin,14,Difficultés scolaires,5–15 km,< 2000 MAD,6,1,0
AB403802,2021-2022,Fès-Meknès,FES,Taounate,Rural,Collégial,Année 1,Masculin,14,Difficultés économiques,5–15 km,> 7000 MAD,5,0,0
AB403803,2020-2021,Tanger-Tétouan-Al Hoceïma,TAN,Ouazzane,Urbain,Collégial,Année 1,Masculin,14,Grossesse,5–15 km,4000-7000 MAD,8,1,0
AB403804,2015-2016,Fès-Meknès,FES,Taza,Urbain,Qualifiant,Année 3,Féminin,17,Mariage précoce,< 1 km,4000-7000 MAD,2,0,0
AB403805,2022-2023,Rabat-Salé-Kénitra,RAB,Rabat,Urbain,Primaire,Année 1,Masculin,8,Difficultés scolaires,1–5 km,4000-7000 MAD,3,0,0
AB403806,2017-2018,Fès-Meknès,FES,El Hajeb,Rural,Primaire,Année 4,Masculin,10,Travail enfant,5–15 km,< 2000 MAD,2,0,1
AB403807,2019-2020,Béni Mellal-Khénifra,BMK,Béni Mellal,Rural,Collégial,Année 2,Masculin,14,Manque d'infrastructures,1–5 km,2000-4000 MAD,1,0,0
AB403808,2018-2019,Oriental,ORI,Jerada,Urbain,Primaire,Année 1,Masculin,7,Éloignement de l'établissement,1–5 km,> 7000 MAD,7,1,0
AB403809,2017-2018,Fès-Meknès,FES,Taounate,Rural,Primaire,Année 5,Masculin,12,Difficultés économiques,1–5 km,> 7000 MAD,3,0,0
AB403810,2022-2023,Tanger-Tétouan-Al Hoceïma,TAN,Larache,Urbain,Primaire,Année 1,Féminin,11,Éloignement de l'établissement,> 15 km,> 7000 MAD,5,1,1
AB403811,2016-2017,Marrakech-Safi,MAR,Al Haouz,Rural,Qualifiant,Année 1,Masculin,16,Difficultés scolaires,< 1 km,< 2000 MAD,3,0,0
AB403812,2022-2023,Marrakech-Safi,MAR,Essaouira,Urbain,Qualifiant,Année 2,Féminin,17,Mariage précoce,1–5 km,2000-4000 MAD,2,1,0
AB403813,2016-2017,Fès-Meknès,FES,Meknès,Urbain,Qualifiant,Année 3,Masculin,17,Éloignement de l'établissement,> 15 km,> 7000 MAD,2,0,0
AB403814,2016-2017,Fès-Meknès,FES,El Hajeb,Rural,Collégial,Année 1,Masculin,15,Manque d'infrastructures,1–5 km,4000-7000 MAD,5,0,0
AB403815,2016-2017,Marrakech-Safi,MAR,Essaouira,Rural,Primaire,Année 1,Masculin,10,Travail enfant,< 1 km,< 2000 MAD,1,1,0
AB403816,2018-2019,Rabat-Salé-Kénitra,RAB,Rabat,Rural,Collégial,Année 2,Masculin,15,Difficultés économiques,> 15 km,2000-4000 MAD,5,0,1
AB403817,2015-2016,Oriental,ORI,Nador,Urbain,Primaire,Année 2,Masculin,9,Autre,1–5 km,< 2000 MAD,6,0,1
AB403818,2019-2020,Casablanca-Settat,CAS,Berrechid,Urbain,Qualifiant,Année 1,Masculin,16,Mariage précoce,> 15 km,< 2000 MAD,8,1,1
AB403819,2015-2016,Rabat-Salé-Kénitra,RAB,Kénitra,Urbain,Collégial,Année 3,Féminin,14,Mariage précoce,1–5 km,< 2000 MAD,2,1,0
AB403820,2021-2022,Rabat-Salé-Kénitra,RAB,Skhirate-Témara,Rural,Primaire,Année 2,Féminin,10,Éloignement de l'établissement,5–15 km,2000-4000 MAD,2,1,1
AB403821,2016-2017,Marrakech-Safi,MAR,Essaouira,Rural,Collégial,Année 2,Masculin,15,Mariage précoce,1–5 km,4000-7000 MAD,1,1,0
AB403822,2017-2018,Casablanca-Settat,CAS,Berrechid,Rural,Collégial,Année 1,Féminin,14,Difficultés scolaires,1–5 km,2000-4000 MAD,8,0,0
AB403823,2023-2024,Laâyoune-Sakia El Hamra,LAA,Laâyoune,Rural,Primaire,Année 4,Masculin,11,Éloignement de l'établissement,< 1 km,< 2000 MAD,4,1,1
AB403824,2019-2020,Rabat-Salé-Kénitra,RAB,Salé,Rural,Collégial,Année 2,Féminin,15,Manque d'infrastructures,< 1 km,2000-4000 MAD,5,0,0
AB403825,2017-2018,Marrakech-Safi,MAR,El Kelaa des Sraghna,Rural,Qualifiant,Année 3,Masculin,18,Grossesse,1–5 km,2000-4000 MAD,6,1,1
AB403826,2015-2016,Rabat-Salé-Kénitra,RAB,Rabat,Rural,Collégial,Année 2,Masculin,15,Travail enfant,1–5 km,4000-7000 MAD,5,1,0
AB403827,2015-2016,Casablanca-Settat,CAS,Sidi Bennour,Urbain,Primaire,Année 6,Masculin,9,Difficultés scolaires,1–5 km,4000-7000 MAD,4,1,1
AB403828,2023-2024,Tanger-Tétouan-Al Hoceïma,TAN,Mdiq-Fnideq,Rural,Primaire,Année 3,Féminin,11,Travail enfant,1–5 km,> 7000 MAD,2,1,0
AB403829,2016-2017,Oriental,ORI,Figuig,Urbain,Collégial,Année 1,Masculin,14,Travail enfant,> 15 km,< 2000 MAD,4,0,0
AB403830,2015-2016,Rabat-Salé-Kénitra,RAB,Kénitra,Rural,Collégial,Année 3,Féminin,15,Difficultés scolaires,< 1 km,< 2000 MAD,3,1,0
AB403831,2018-2019,Tanger-Tétouan-Al Hoceïma,TAN,Chefchaouen,Urbain,Collégial,Année 2,Féminin,15,Difficultés économiques,1–5 km,4000-7000 MAD,6,1,0
AB403832,2020-2021,Rabat-Salé-Kénitra,RAB,Sidi Kacem,Urbain,Collégial,Année 1,Féminin,15,Grossesse,> 15 km,> 7000 MAD,7,1,0
AB403833,2023-2024,Casablanca-Settat,CAS,Settat,Rural,Collégial,Année 3,Masculin,13,Travail enfant,< 1 km,4000-7000 MAD,8,0,0
AB403834,2016-2017,Casablanca-Settat,CAS,Khouribga,Rural,Qualifiant,Année 2,Féminin,16,Difficultés scolaires,1–5 km,2000-4000 MAD,5,0,1
AB403835,2023-2024,Laâyoune-Sakia El Hamra,LAA,Es-Semara,Urbain,Qualifiant,Année 1,Masculin,17,Difficultés économiques,1–5 km,< 2000 MAD,1,0,1
AB403836,2015-2016,Rabat-Salé-Kénitra,RAB,Sidi Kacem,Urbain,Collégial,Année 2,Masculin,14,Mariage précoce,1–5 km,4000-7000 MAD,8,0,0
AB403837,2023-2024,Oriental,ORI,Berkane,Rural,Collégial,Année 3,Masculin,14,Manque d'infrastructures,< 1 km,4000-7000 MAD,4,1,0
AB403838,2021-2022,Rabat-Salé-Kénitra,RAB,Khémisset,Urbain,Collégial,Année 3,Masculin,13,Handicap,1–5 km,4000-7000 MAD,7,0,0
AB403839,2018-2019,Fès-Meknès,FES,Fès,Urbain,Collégial,Année 1,Masculin,15,Travail enfant,< 1 km,2000-4000 MAD,7,1,1
AB403840,2019-2020,Rabat-Salé-Kénitra,RAB,Sidi Kacem,Urbain,Primaire,Année 1,Masculin,7,Difficultés scolaires,< 1 km,2000-4000 MAD,8,1,0
AB403841,2019-2020,Rabat-Salé-Kénitra,RAB,Khémisset,Rural,Primaire,Année 6,Féminin,7,Travail enfant,< 1 km,< 2000 MAD,2,0,1
AB403842,2017-2018,Marrakech-Safi,MAR,Essaouira,Rural,Collégial,Année 2,Féminin,14,Difficultés économiques,5–15 km,2000-4000 MAD,8,1,1
AB403843,2016-2017,Rabat-Salé-Kénitra,RAB,Salé,Rural,Collégial,Année 3,Masculin,14,Difficultés économiques,1–5 km,2000-4000 MAD,8,0,0
AB403844,2019-2020,Casablanca-Settat,CAS,El Jadida,Rural,Qualifiant,Année 2,Masculin,17,Difficultés scolaires,< 1 km,< 2000 MAD,8,0,1
AB403845,2020-2021,Oriental,ORI,Driouch,Urbain,Primaire,Année 1,Féminin,10,Travail enfant,5–15 km,> 7000 MAD,8,0,0
AB403846,2021-2022,Casablanca-Settat,CAS,Sidi Bennour,Urbain,Primaire,Année 5,Masculin,9,Travail enfant,< 1 km,2000-4000 MAD,1,1,0
AB403847,2023-2024,Oriental,ORI,Figuig,Rural,Primaire,Année 1,Féminin,8,Difficultés économiques,< 1 km,> 7000 MAD,8,1,0
AB403848,2022-2023,Tanger-Tétouan-Al Hoceïma,TAN,Larache,Urbain,Primaire,Année 2,Féminin,9,Manque d'infrastructures,1–5 km,4000-7000 MAD,4,0,0
AB403849,2018-2019,Souss-Massa,SOU,Taroudannt,Rural,Collégial,Année 2,Masculin,15,Mariage précoce,< 1 km,2000-4000 MAD,1,0,1
AB403850,2018-2019,Casablanca-Settat,CAS,Sidi Bennour,Rural,Collégial,Année 3,Masculin,14,Travail enfant,5–15 km,< 2000 MAD,2,0,1
AB403851,2018-2019,Souss-Massa,SOU,Tata,Rural,Qualifiant,Année 3,Féminin,18,Autre,5–15 km,> 7000 MAD,6,1,0
AB403852,2020-2021,Oriental,ORI,Driouch,Rural,Collégial,Année 1,Féminin,13,Difficultés scolaires,< 1 km,4000-7000 MAD,6,1,0
AB403853,2021-2022,Souss-Massa,SOU,Taroudannt,Rural,Primaire,Année 3,Masculin,10,Difficultés économiques,< 1 km,2000-4000 MAD,3,1,0
AB403854,2021-2022,Rabat-Salé-Kénitra,RAB,Kénitra,Urbain,Primaire,Année 5,Masculin,12,Éloignement de l'établissement,< 1 km,> 7000 MAD,3,0,1
AB403855,2015-2016,Casablanca-Settat,CAS,Khouribga,Urbain,Collégial,Année 2,Masculin,14,Difficultés économiques,1–5 km,2000-4000 MAD,2,0,1
AB403856,2022-2023,Casablanca-Settat,CAS,El Jadida,Rural,Qualifiant,Année 1,Masculin,18,Difficultés économiques,> 15 km,2000-4000 MAD,6,1,1
AB403857,2019-2020,Oriental,ORI,Figuig,Rural,Primaire,Année 5,Féminin,10,Mariage précoce,5–15 km,2000-4000 MAD,4,0,0
AB403858,2018-2019,Casablanca-Settat,CAS,Berrechid,Urbain,Collégial,Année 3,Masculin,13,Travail enfant,1–5 km,4000-7000 MAD,8,0,0
AB403859,2021-2022,Fès-Meknès,FES,Meknès,Rural,Qualifiant,Année 1,Féminin,17,Difficultés économiques,1–5 km,> 7000 MAD,2,1,0
AB403860,2016-2017,Oriental,ORI,Nador,Rural,Collégial,Année 1,Féminin,14,Difficultés scolaires,< 1 km,4000-7000 MAD,5,1,0
AB403861,2016-2017,Oriental,ORI,Taourirt,Urbain,Collégial,Année 1,Féminin,13,Difficultés scolaires,< 1 km,< 2000 MAD,5,1,0
AB403862,2020-2021,Rabat-Salé-Kénitra,RAB,Sidi Kacem,Urbain,Primaire,Année 4,Masculin,8,Éloignement de l'établissement,5–15 km,4000-7000 MAD,1,1,1
AB403863,2023-2024,Rabat-Salé-Kénitra,RAB,Skhirate-Témara,Rural,Primaire,Année 6,Masculin,8,Difficultés scolaires,> 15 km,< 2000 MAD,6,0,0
AB403864,2020-2021,Fès-Meknès,FES,Ifrane,Rural,Collégial,Année 3,Féminin,14,Autre,> 15 km,4000-7000 MAD,7,1,1
AB403865,2022-2023,Tanger-Tétouan-Al Hoceïma,TAN,Larache,Urbain,Qualifiant,Année 3,Féminin,17,Handicap,1–5 km,< 2000 MAD,3,1,0
AB403866,2019-2020,Marrakech-Safi,MAR,Essaouira,Urbain,Primaire,Année 6,Féminin,12,Travail enfant,1–5 km,< 2000 MAD,7,0,0
AB403867,2017-2018,Dakhla-Oued Eddahab,DAK,Dakhla,Urbain,Collégial,Année 2,Féminin,14,Difficultés économiques,1–5 km,4000-7000 MAD,1,1,0
AB403868,2018-2019,Rabat-Salé-Kénitra,RAB,Skhirate-Témara,Urbain,Primaire,Année 5,Masculin,7,Éloignement de l'établissement,1–5 km,4000-7000 MAD,3,0,0
AB403869,2022-2023,Tanger-Tétouan-Al Hoceïma,TAN,Ouazzane,Rural,Primaire,Année 3,Féminin,11,Handicap,1–5 km,2000-4000 MAD,5,1,0
AB403870,2021-2022,Rabat-Salé-Kénitra,RAB,Sidi Kacem,Urbain,Collégial,Année 2,Féminin,15,Difficultés économiques,< 1 km,2000-4000 MAD,7,1,0
AB403871,2017-2018,Casablanca-Settat,CAS,Casablanca,Urbain,Collégial,Année 3,Masculin,13,Mariage précoce,1–5 km,2000-4000 MAD,2,0,0
AB403872,2015-2016,Drâa-Tafilalet,DRA,Errachidia,Urbain,Qualifiant,Année 2,Féminin,16,Manque d'infrastructures,1–5 km,< 2000 MAD,5,1,0
AB403873,2015-2016,Marrakech-Safi,MAR,Chichaoua,Rural,Primaire,Année 5,Féminin,11,Éloignement de l'établissement,> 15 km,< 2000 MAD,8,1,0
AB403874,2018-2019,Oriental,ORI,Oujda-Angad,Rural,Collégial,Année 1,Féminin,14,Grossesse,5–15 km,2000-4000 MAD,6,1,0
AB403875,2021-2022,Casablanca-Settat,CAS,Berrechid,Rural,Collégial,Année 3,Masculin,13,Éloignement de l'établissement,> 15 km,< 2000 MAD,7,0,0
AB403876,2019-2020,Fès-Meknès,FES,El Hajeb,Urbain,Qualifiant,Année 2,Masculin,18,Autre,< 1 km,> 7000 MAD,5,1,1
AB403877,2021-2022,Béni Mellal-Khénifra,BMK,Fquih Ben Salah,Urbain,Qualifiant,Année 3,Masculin,18,Mariage précoce,< 1 km,4000-7000 MAD,5,1,0
AB403878,2016-2017,Oriental,ORI,Jerada,Rural,Primaire,Année 5,Masculin,12,Travail enfant,< 1 km,< 2000 MAD,3,0,0
AB403879,2016-2017,Casablanca-Settat,CAS,Berrechid,Rural,Qualifiant,Année 2,Masculin,18,Manque d'infrastructures,< 1 km,< 2000 MAD,1,1,1
AB403880,2016-2017,Marrakech-Safi,MAR,Al Haouz,Rural,Collégial,Année 2,Féminin,13,Manque d'infrastructures,1–5 km,2000-4000 MAD,4,0,1
AB403881,2021-2022,Souss-Massa,SOU,Tata,Rural,Collégial,Année 2,Féminin,15,Travail enfant,1–5 km,< 2000 MAD,8,0,0
AB403882,2015-2016,Fès-Meknès,FES,Taza,Urbain,Collégial,Année 3,Féminin,15,Travail enfant,1–5 km,4000-7000 MAD,4,1,1
AB403883,2016-2017,Drâa-Tafilalet,DRA,Midelt,Urbain,Collégial,Année 2,Féminin,15,Difficultés économiques,1–5 km,2000-4000 MAD,5,1,0
AB403884,2022-2023,Oriental,ORI,Jerada,Urbain,Collégial,Année 2,Masculin,15,Travail enfant,1–5 km,4000-7000 MAD,6,0,0
AB403885,2018-2019,Rabat-Salé-Kénitra,RAB,Sidi Slimane,Urbain,Primaire,Année 6,Masculin,12,Éloignement de l'établissement,1–5 km,4000-7000 MAD,2,1,0
AB403886,2023-2024,Rabat-Salé-Kénitra,RAB,Khémisset,Rural,Collégial,Année 3,Masculin,15,Autre,1–5 km,< 2000 MAD,2,1,0
AB403887,2016-2017,Souss-Massa,SOU,Agadir-Ida-Ou-Tanane,Rural,Qualifiant,Année 3,Masculin,18,Difficultés scolaires,1–5 km,4000-7000 MAD,1,1,0
AB403888,2017-2018,Rabat-Salé-Kénitra,RAB,Skhirate-Témara,Rural,Primaire,Année 2,Féminin,12,Autre,> 15 km,4000-7000 MAD,5,1,0
AB403889,2023-2024,Fès-Meknès,FES,Taza,Urbain,Qualifiant,Année 1,Féminin,17,Éloignement de l'établissement,> 15 km,4000-7000 MAD,5,1,0
AB403890,2023-2024,Fès-Meknès,FES,Ifrane,Rural,Collégial,Année 2,Masculin,14,Difficultés scolaires,1–5 km,4000-7000 MAD,7,0,0
AB403891,2021-2022,Souss-Massa,SOU,Inezgane-Ait Melloul,Urbain,Primaire,Année 2,Féminin,7,Difficultés économiques,1–5 km,2000-4000 MAD,8,1,0
AB403892,2022-2023,Rabat-Salé-Kénitra,RAB,Sidi Slimane,Urbain,Collégial,Année 1,Féminin,14,Travail enfant,> 15 km,4000-7000 MAD,3,0,0
AB403893,2017-2018,Casablanca-Settat,CAS,Khouribga,Rural,Primaire,Année 3,Féminin,11,Travail enfant,< 1 km,4000-7000 MAD,3,0,1
AB403894,2015-2016,Casablanca-Settat,CAS,Benslimane,Rural,Qualifiant,Année 3,Masculin,18,Grossesse,> 15 km,< 2000 MAD,1,1,1
AB403895,2015-2016,Fès-Meknès,FES,Moulay Yacoub,Rural,Primaire,Année 4,Féminin,10,Handicap,1–5 km,> 7000 MAD,4,0,0
AB403896,2023-2024,Souss-Massa,SOU,Agadir-Ida-Ou-Tanane,Rural,Primaire,Année 2,Masculin,10,Travail enfant,> 15 km,2000-4000 MAD,5,0,0
AB403897,2023-2024,Rabat-Salé-Kénitra,RAB,Salé,Urbain,Primaire,Année 5,Féminin,7,Éloignement de l'établissement,1–5 km,2000-4000 MAD,5,1,0
AB403898,2019-2020,Béni Mellal-Khénifra,BMK,Fquih Ben Salah,Urbain,Qualifiant,Année 3,Masculin,16,Mariage précoce,5–15 km,< 2000 MAD,6,0,0
AB403899,2023-2024,Béni Mellal-Khénifra,BMK,Fquih Ben Salah,Urbain,Collégial,Année 2,Féminin,13,Mariage précoce,5–15 km,4000-7000 MAD,8,1,0
AB403900,2021-2022,Rabat-Salé-Kénitra,RAB,Sidi Kacem,Urbain,Primaire,Année 5,Masculin,10,Travail enfant,> 15 km,2000-4000 MAD,5,0,1
AB403901,2021-2022,Casablanca-Settat,CAS,Settat,Rural,Collégial,Année 2,Masculin,13,Difficultés scolaires,5–15 km,> 7000 MAD,7,1,0
AB403902,2015-2016,Casablanca-Settat,CAS,Khouribga,Rural,Primaire,Année 2,Féminin,12,Difficultés scolaires,1–5 km,4000-7000 MAD,5,1,0
AB403903,2022-2023,Oriental,ORI,Oujda-Angad,Urbain,Collégial,Année 2,Féminin,15,Difficultés économiques,1–5 km,< 2000 MAD,3,0,1
AB403904,2022-2023,Tanger-Tétouan-Al Hoceïma,TAN,Al Hoceïma,Urbain,Collégial,Année 1,Féminin,14,Éloignement de l'établissement,> 15 km,2000-4000 MAD,1,1,0
AB403905,2020-2021,Oriental,ORI,Driouch,Rural,Primaire,Année 4,Masculin,9,Manque d'infrastructures,< 1 km,2000-4000 MAD,2,1,0
AB403906,2015-2016,Béni Mellal-Khénifra,BMK,Azilal,Urbain,Collégial,Année 2,Masculin,13,Difficultés économiques,5–15 km,< 2000 MAD,3,1,0
AB403907,2015-2016,Rabat-Salé-Kénitra,RAB,Skhirate-Témara,Urbain,Collégial,Année 1,Masculin,15,Difficultés économiques,< 1 km,4000-7000 MAD,4,1,1
AB403908,2022-2023,Souss-Massa,SOU,Chtouka-Ait Baha,Urbain,Collégial,Année 3,Féminin,15,Mariage précoce,1–5 km,> 7000 MAD,4,0,1
AB403909,2018-2019,Casablanca-Settat,CAS,Casablanca,Rural,Qualifiant,Année 2,Féminin,17,Handicap,< 1 km,2000-4000 MAD,2,1,1
AB403910,2023-2024,Rabat-Salé-Kénitra,RAB,Skhirate-Témara,Urbain,Collégial,Année 2,Féminin,13,Difficultés scolaires,< 1 km,2000-4000 MAD,5,1,0
AB403911,2020-2021,Souss-Massa,SOU,Chtouka-Ait Baha,Urbain,Primaire,Année 5,Féminin,7,Travail enfant,1–5 km,< 2000 MAD,6,1,0
AB403912,2023-2024,Tanger-Tétouan-Al Hoceïma,TAN,Tétouan,Urbain,Qualifiant,Année 3,Masculin,16,Manque d'infrastructures,1–5 km,2000-4000 MAD,8,1,0
AB403913,2015-2016,Souss-Massa,SOU,Inezgane-Ait Melloul,Urbain,Qualifiant,Année 3,Masculin,18,Mariage précoce,1–5 km,2000-4000 MAD,1,0,1
AB403914,2023-2024,Béni Mellal-Khénifra,BMK,Khouribga,Rural,Primaire,Année 2,Masculin,11,Difficultés économiques,< 1 km,> 7000 MAD,2,1,1
AB403915,2018-2019,Tanger-Tétouan-Al Hoceïma,TAN,Ouazzane,Rural,Qualifiant,Année 2,Masculin,17,Difficultés scolaires,> 15 km,4000-7000 MAD,3,1,0
AB403916,2016-2017,Laâyoune-Sakia El Hamra,LAA,Boujdour,Rural,Collégial,Année 1,Féminin,13,Difficultés économiques,> 15 km,2000-4000 MAD,4,0,1
AB403917,2016-2017,Souss-Massa,SOU,Tata,Rural,Qualifiant,Année 2,Masculin,18,Travail enfant,1–5 km,< 2000 MAD,6,0,0
AB403918,2021-2022,Fès-Meknès,FES,Moulay Yacoub,Rural,Primaire,Année 6,Masculin,10,Travail enfant,1–5 km,4000-7000 MAD,2,1,0
AB403919,2022-2023,Rabat-Salé-Kénitra,RAB,Skhirate-Témara,Urbain,Qualifiant,Année 2,Féminin,18,Difficultés scolaires,5–15 km,2000-4000 MAD,7,1,1
AB403920,2016-2017,Souss-Massa,SOU,Chtouka-Ait Baha,Rural,Primaire,Année 6,Féminin,9,Travail enfant,5–15 km,> 7000 MAD,2,1,0
AB403921,2016-2017,Béni Mellal-Khénifra,BMK,Khouribga,Rural,Primaire,Année 2,Masculin,11,Mariage précoce,1–5 km,2000-4000 MAD,8,1,0
AB403922,2023-2024,Rabat-Salé-Kénitra,RAB,Khémisset,Urbain,Qualifiant,Année 3,Féminin,18,Grossesse,1–5 km,2000-4000 MAD,7,1,0
AB403923,2020-2021,Fès-Meknès,FES,Meknès,Rural,Qualifiant,Année 2,Féminin,18,Mariage précoce,< 1 km,> 7000 MAD,2,0,0
AB403924,2022-2023,Oriental,ORI,Jerada,Rural,Primaire,Année 4,Masculin,12,Manque d'infrastructures,1–5 km,2000-4000 MAD,2,1,0
AB403925,2023-2024,Casablanca-Settat,CAS,Khouribga,Urbain,Collégial,Année 3,Féminin,14,Travail enfant,< 1 km,2000-4000 MAD,8,0,1
AB403926,2023-2024,Souss-Massa,SOU,Agadir-Ida-Ou-Tanane,Rural,Collégial,Année 3,Masculin,14,Éloignement de l'établissement,1–5 km,< 2000 MAD,4,1,1
AB403927,2023-2024,Tanger-Tétouan-Al Hoceïma,TAN,Fahs-Anjra,Rural,Collégial,Année 3,Masculin,13,Mariage précoce,5–15 km,< 2000 MAD,7,1,0
AB403928,2023-2024,Fès-Meknès,FES,Séfrou,Rural,Collégial,Année 3,Masculin,13,Mariage précoce,5–15 km,> 7000 MAD,2,1,1
AB403929,2015-2016,Fès-Meknès,FES,Meknès,Urbain,Collégial,Année 1,Masculin,15,Manque d'infrastructures,< 1 km,> 7000 MAD,5,1,0
AB403930,2020-2021,Guelmim-Oued Noun,GUE,Sidi Ifni,Rural,Collégial,Année 3,Masculin,14,Difficultés scolaires,< 1 km,< 2000 MAD,7,1,0
AB403931,2015-2016,Souss-Massa,SOU,Tata,Rural,Collégial,Année 3,Féminin,13,Éloignement de l'établissement,5–15 km,4000-7000 MAD,3,1,0
AB403932,2019-2020,Oriental,ORI,Oujda-Angad,Rural,Qualifiant,Année 2,Masculin,16,Difficultés scolaires,5–15 km,4000-7000 MAD,3,1,1
AB403933,2018-2019,Souss-Massa,SOU,Agadir-Ida-Ou-Tanane,Rural,Qualifiant,Année 2,Masculin,16,Difficultés économiques,< 1 km,< 2000 MAD,6,1,0
AB403934,2019-2020,Souss-Massa,SOU,Chtouka-Ait Baha,Rural,Qualifiant,Année 2,Masculin,18,Handicap,< 1 km,< 2000 MAD,3,0,0
AB403935,2022-2023,Tanger-Tétouan-Al Hoceïma,TAN,Larache,Rural,Primaire,Année 4,Masculin,9,Difficultés économiques,1–5 km,4000-7000 MAD,5,1,1
AB403936,2022-2023,Rabat-Salé-Kénitra,RAB,Kénitra,Rural,Collégial,Année 3,Féminin,13,Difficultés économiques,1–5 km,< 2000 MAD,7,1,1
AB403937,2022-2023,Tanger-Tétouan-Al Hoceïma,TAN,Chefchaouen,Rural,Qualifiant,Année 2,Féminin,16,Mariage précoce,< 1 km,4000-7000 MAD,4,1,0
AB403938,2017-2018,Casablanca-Settat,CAS,Settat,Rural,Qualifiant,Année 3,Féminin,18,Mariage précoce,< 1 km,4000-7000 MAD,2,1,1
AB403939,2023-2024,Laâyoune-Sakia El Hamra,LAA,Es-Semara,Rural,Primaire,Année 3,Féminin,8,Difficultés économiques,5–15 km,> 7000 MAD,5,1,0
AB403940,2018-2019,Tanger-Tétouan-Al Hoceïma,TAN,Chefchaouen,Rural,Primaire,Année 6,Masculin,11,Difficultés scolaires,5–15 km,> 7000 MAD,8,1,1
AB403941,2019-2020,Souss-Massa,SOU,Chtouka-Ait Baha,Rural,Collégial,Année 1,Féminin,13,Difficultés économiques,1–5 km,2000-4000 MAD,2,1,1
AB403942,2023-2024,Laâyoune-Sakia El Hamra,LAA,Es-Semara,Rural,Qualifiant,Année 2,Masculin,18,Mariage précoce,5–15 km,< 2000 MAD,8,1,0
AB403943,2015-2016,Tanger-Tétouan-Al Hoceïma,TAN,Chefchaouen,Rural,Primaire,Année 2,Masculin,10,Handicap,1–5 km,2000-4000 MAD,6,1,0
AB403944,2023-2024,Marrakech-Safi,MAR,Chichaoua,Urbain,Collégial,Année 1,Féminin,15,Difficultés scolaires,1–5 km,2000-4000 MAD,3,1,1
AB403945,2017-2018,Casablanca-Settat,CAS,El Jadida,Urbain,Primaire,Année 4,Féminin,7,Éloignement de l'établissement,1–5 km,2000-4000 MAD,5,0,1
AB403946,2020-2021,Casablanca-Settat,CAS,Mohammadia,Rural,Collégial,Année 1,Masculin,15,Travail enfant,> 15 km,> 7000 MAD,4,0,1
AB403947,2015-2016,Souss-Massa,SOU,Taroudannt,Urbain,Collégial,Année 2,Féminin,15,Travail enfant,< 1 km,2000-4000 MAD,5,0,0
AB403948,2018-2019,Marrakech-Safi,MAR,Al Haouz,Rural,Collégial,Année 2,Masculin,13,Éloignement de l'établissement,5–15 km,2000-4000 MAD,1,0,0
AB403949,2017-2018,Casablanca-Settat,CAS,Settat,Rural,Primaire,Année 5,Masculin,10,Éloignement de l'établissement,< 1 km,4000-7000 MAD,2,1,1
AB403950,2016-2017,Laâyoune-Sakia El Hamra,LAA,Boujdour,Urbain,Primaire,Année 3,Féminin,11,Travail enfant,1–5 km,> 7000 MAD,1,0,1
AB403951,2016-2017,Rabat-Salé-Kénitra,RAB,Kénitra,Urbain,Primaire,Année 1,Féminin,8,Travail enfant,< 1 km,< 2000 MAD,1,1,1
AB403952,2019-2020,Béni Mellal-Khénifra,BMK,Azilal,Rural,Collégial,Année 3,Féminin,15,Éloignement de l'établissement,5–15 km,4000-7000 MAD,1,0,1
AB403953,2021-2022,Rabat-Salé-Kénitra,RAB,Sidi Slimane,Rural,Collégial,Année 2,Masculin,15,Manque d'infrastructures,5–15 km,> 7000 MAD,8,1,0
AB403954,2023-2024,Tanger-Tétouan-Al Hoceïma,TAN,Mdiq-Fnideq,Urbain,Primaire,Année 5,Masculin,9,Difficultés scolaires,< 1 km,4000-7000 MAD,8,1,0
AB403955,2015-2016,Marrakech-Safi,MAR,Chichaoua,Rural,Collégial,Année 1,Masculin,14,Travail enfant,< 1 km,< 2000 MAD,3,0,0
AB403956,2023-2024,Oriental,ORI,Oujda-Angad,Rural,Qualifiant,Année 3,Féminin,17,Grossesse,5–15 km,4000-7000 MAD,3,1,1
AB403957,2015-2016,Rabat-Salé-Kénitra,RAB,Sidi Kacem,Urbain,Primaire,Année 6,Féminin,11,Difficultés scolaires,1–5 km,4000-7000 MAD,1,0,1
AB403958,2017-2018,Souss-Massa,SOU,Tiznit,Urbain,Primaire,Année 4,Masculin,11,Travail enfant,1–5 km,2000-4000 MAD,8,0,0
AB403959,2022-2023,Marrakech-Safi,MAR,El Kelaa des Sraghna,Urbain,Primaire,Année 2,Masculin,9,Difficultés économiques,> 15 km,4000-7000 MAD,5,0,0
AB403960,2018-2019,Casablanca-Settat,CAS,Casablanca,Rural,Collégial,Année 2,Masculin,14,Mariage précoce,1–5 km,2000-4000 MAD,8,1,0
AB403961,2020-2021,Marrakech-Safi,MAR,El Kelaa des Sraghna,Rural,Qualifiant,Année 3,Féminin,16,Difficultés scolaires,< 1 km,2000-4000 MAD,4,0,1
AB403962,2023-2024,Tanger-Tétouan-Al Hoceïma,TAN,Tétouan,Rural,Primaire,Année 1,Masculin,8,Éloignement de l'établissement,< 1 km,2000-4000 MAD,4,1,0
AB403963,2021-2022,Casablanca-Settat,CAS,Casablanca,Rural,Collégial,Année 2,Masculin,14,Difficultés économiques,1–5 km,2000-4000 MAD,6,1,1
AB403964,2021-2022,Béni Mellal-Khénifra,BMK,El Kelaa des Sraghna,Rural,Collégial,Année 3,Féminin,13,Difficultés scolaires,1–5 km,2000-4000 MAD,7,0,0
AB403965,2017-2018,Marrakech-Safi,MAR,Chichaoua,Urbain,Qualifiant,Année 1,Masculin,18,Grossesse,< 1 km,2000-4000 MAD,6,0,0
AB403966,2021-2022,Casablanca-Settat,CAS,Casablanca,Urbain,Collégial,Année 2,Féminin,15,Difficultés économiques,1–5 km,2000-4000 MAD,5,1,1
AB403967,2017-2018,Béni Mellal-Khénifra,BMK,Fquih Ben Salah,Urbain,Qualifiant,Année 3,Masculin,17,Éloignement de l'établissement,< 1 km,< 2000 MAD,4,1,1
AB403968,2021-2022,Tanger-Tétouan-Al Hoceïma,TAN,Fahs-Anjra,Rural,Collégial,Année 2,Féminin,13,Difficultés économiques,> 15 km,4000-7000 MAD,2,1,0
AB403969,2019-2020,Tanger-Tétouan-Al Hoceïma,TAN,Tétouan,Urbain,Qualifiant,Année 3,Féminin,18,Mariage précoce,< 1 km,< 2000 MAD,4,0,0
AB403970,2015-2016,Casablanca-Settat,CAS,Sidi Bennour,Rural,Collégial,Année 3,Féminin,14,Éloignement de l'établissement,1–5 km,2000-4000 MAD,3,1,1
AB403971,2022-2023,Fès-Meknès,FES,Meknès,Rural,Qualifiant,Année 1,Féminin,18,Éloignement de l'établissement,> 15 km,> 7000 MAD,4,0,0
AB403972,2020-2021,Casablanca-Settat,CAS,Khouribga,Rural,Primaire,Année 4,Féminin,11,Manque d'infrastructures,5–15 km,> 7000 MAD,1,0,0
AB403973,2020-2021,Casablanca-Settat,CAS,Khouribga,Rural,Qualifiant,Année 3,Féminin,17,Difficultés scolaires,1–5 km,2000-4000 MAD,1,0,0
AB403974,2020-2021,Tanger-Tétouan-Al Hoceïma,TAN,Ouazzane,Rural,Qualifiant,Année 2,Féminin,17,Difficultés économiques,5–15 km,2000-4000 MAD,4,1,1
AB403975,2021-2022,Béni Mellal-Khénifra,BMK,El Kelaa des Sraghna,Urbain,Qualifiant,Année 2,Féminin,16,Autre,< 1 km,2000-4000 MAD,6,0,0
AB403976,2020-2021,Béni Mellal-Khénifra,BMK,Fquih Ben Salah,Rural,Collégial,Année 3,Féminin,13,Mariage précoce,< 1 km,2000-4000 MAD,7,0,0
AB403977,2017-2018,Oriental,ORI,Nador,Rural,Collégial,Année 2,Masculin,13,Difficultés économiques,> 15 km,< 2000 MAD,2,0,0
AB403978,2019-2020,Casablanca-Settat,CAS,Mohammadia,Urbain,Collégial,Année 1,Féminin,14,Difficultés économiques,5–15 km,> 7000 MAD,2,1,0
AB403979,2022-2023,Souss-Massa,SOU,Tata,Rural,Qualifiant,Année 3,Féminin,17,Éloignement de l'établissement,< 1 km,2000-4000 MAD,6,1,0
AB403980,2020-2021,Fès-Meknès,FES,Moulay Yacoub,Urbain,Primaire,Année 4,Masculin,12,Travail enfant,< 1 km,2000-4000 MAD,3,0,0
AB403981,2015-2016,Béni Mellal-Khénifra,BMK,El Kelaa des Sraghna,Rural,Collégial,Année 2,Masculin,13,Éloignement de l'établissement,5–15 km,< 2000 MAD,4,1,0
AB403982,2019-2020,Tanger-Tétouan-Al Hoceïma,TAN,Fahs-Anjra,Rural,Primaire,Année 3,Masculin,11,Travail enfant,1–5 km,4000-7000 MAD,2,1,0
AB403983,2015-2016,Casablanca-Settat,CAS,Settat,Urbain,Qualifiant,Année 1,Féminin,18,Travail enfant,< 1 km,4000-7000 MAD,7,0,0
AB403984,2023-2024,Souss-Massa,SOU,Taroudannt,Urbain,Primaire,Année 3,Masculin,11,Difficultés économiques,5–15 km,4000-7000 MAD,7,1,0
AB403985,2018-2019,Marrakech-Safi,MAR,Al Haouz,Urbain,Qualifiant,Année 1,Masculin,17,Manque d'infrastructures,1–5 km,> 7000 MAD,5,1,0
AB403986,2020-2021,Souss-Massa,SOU,Taroudannt,Rural,Qualifiant,Année 3,Féminin,16,Difficultés économiques,> 15 km,< 2000 MAD,1,1,1
AB403987,2017-2018,Fès-Meknès,FES,Fès,Rural,Collégial,Année 2,Féminin,13,Difficultés économiques,< 1 km,4000-7000 MAD,7,1,0
AB403988,2023-2024,Casablanca-Settat,CAS,Settat,Rural,Collégial,Année 3,Masculin,13,Éloignement de l'établissement,1–5 km,2000-4000 MAD,3,1,0
AB403989,2015-2016,Tanger-Tétouan-Al Hoceïma,TAN,Tétouan,Rural,Qualifiant,Année 1,Masculin,16,Mariage précoce,1–5 km,< 2000 MAD,8,0,0
AB403990,2015-2016,Tanger-Tétouan-Al Hoceïma,TAN,Mdiq-Fnideq,Urbain,Qualifiant,Année 2,Féminin,18,Difficultés économiques,< 1 km,> 7000 MAD,4,0,0
AB403991,2023-2024,Rabat-Salé-Kénitra,RAB,Rabat,Urbain,Qualifiant,Année 2,Masculin,18,Difficultés économiques,5–15 km,2000-4000 MAD,5,1,1
AB403992,2015-2016,Casablanca-Settat,CAS,Khouribga,Urbain,Primaire,Année 1,Féminin,12,Éloignement de l'établissement,< 1 km,< 2000 MAD,2,0,0
AB403993,2018-2019,Souss-Massa,SOU,Tata,Urbain,Qualifiant,Année 3,Masculin,17,Difficultés économiques,5–15 km,4000-7000 MAD,6,0,0
AB403994,2015-2016,Rabat-Salé-Kénitra,RAB,Sidi Slimane,Rural,Collégial,Année 1,Féminin,13,Difficultés économiques,< 1 km,> 7000 MAD,2,0,1
AB403995,2020-2021,Fès-Meknès,FES,Fès,Rural,Qualifiant,Année 1,Féminin,18,Difficultés économiques,< 1 km,2000-4000 MAD,7,0,0
AB403996,2020-2021,Fès-Meknès,FES,Meknès,Urbain,Primaire,Année 6,Féminin,9,Difficultés scolaires,5–15 km,4000-7000 MAD,4,0,0
AB403997,2017-2018,Fès-Meknès,FES,Fès,Urbain,Primaire,Année 5,Féminin,7,Éloignement de l'établissement,1–5 km,< 2000 MAD,7,0,0
AB403998,2019-2020,Casablanca-Settat,CAS,Khouribga,Rural,Qualifiant,Année 1,Féminin,16,Mariage précoce,< 1 km,2000-4000 MAD,7,0,1
AB403999,2021-2022,Fès-Meknès,FES,El Hajeb,Rural,Collégial,Année 3,Féminin,13,Travail enfant,5–15 km,< 2000 MAD,5,1,0
AB404000,2021-2022,Béni Mellal-Khénifra,BMK,El Kelaa des Sraghna,Urbain,Primaire,Année 1,Féminin,8,Travail enfant,5–15 km,< 2000 MAD,6,1,1
AB404001,2021-2022,Souss-Massa,SOU,Inezgane-Ait Melloul,Rural,Collégial,Année 3,Féminin,14,Difficultés scolaires,< 1 km,2000-4000 MAD,1,1,0
AB404002,2021-2022,Casablanca-Settat,CAS,Mohammadia,Rural,Collégial,Année 3,Masculin,14,Handicap,> 15 km,< 2000 MAD,1,0,0
AB404003,2016-2017,Rabat-Salé-Kénitra,RAB,Rabat,Rural,Qualifiant,Année 2,Masculin,18,Éloignement de l'établissement,1–5 km,> 7000 MAD,5,1,0
AB404004,2018-2019,Béni Mellal-Khénifra,BMK,Béni Mellal,Rural,Qualifiant,Année 2,Féminin,16,Autre,1–5 km,2000-4000 MAD,2,0,0
AB404005,2022-2023,Fès-Meknès,FES,El Hajeb,Rural,Collégial,Année 2,Masculin,15,Difficultés économiques,1–5 km,< 2000 MAD,6,1,0
AB404006,2015-2016,Marrakech-Safi,MAR,Youssoufia,Urbain,Primaire,Année 5,Féminin,7,Difficultés économiques,5–15 km,> 7000 MAD,1,1,1
AB404007,2019-2020,Fès-Meknès,FES,Boulemane,Urbain,Collégial,Année 1,Féminin,13,Manque d'infrastructures,5–15 km,2000-4000 MAD,6,1,0
AB404008,2017-2018,Rabat-Salé-Kénitra,RAB,Salé,Urbain,Primaire,Année 1,Féminin,10,Difficultés scolaires,1–5 km,< 2000 MAD,4,0,0
AB404009,2022-2023,Casablanca-Settat,CAS,Casablanca,Urbain,Primaire,Année 1,Masculin,7,Travail enfant,> 15 km,< 2000 MAD,1,0,0
AB404010,2015-2016,Casablanca-Settat,CAS,El Jadida,Urbain,Collégial,Année 1,Masculin,14,Handicap,5–15 km,< 2000 MAD,2,1,1
AB404011,2020-2021,Tanger-Tétouan-Al Hoceïma,TAN,Mdiq-Fnideq,Rural,Collégial,Année 2,Féminin,15,Éloignement de l'établissement,< 1 km,2000-4000 MAD,2,1,0
AB404012,2023-2024,Fès-Meknès,FES,Séfrou,Rural,Collégial,Année 3,Féminin,14,Difficultés économiques,5–15 km,< 2000 MAD,8,1,0
AB404013,2019-2020,Rabat-Salé-Kénitra,RAB,Rabat,Rural,Primaire,Année 5,Féminin,9,Travail enfant,< 1 km,4000-7000 MAD,1,1,0
AB404014,2020-2021,Fès-Meknès,FES,Fès,Rural,Qualifiant,Année 2,Masculin,18,Difficultés économiques,< 1 km,2000-4000 MAD,2,1,0
AB404015,2018-2019,Marrakech-Safi,MAR,Al Haouz,Rural,Collégial,Année 1,Masculin,14,Difficultés scolaires,5–15 km,2000-4000 MAD,1,0,0
AB404016,2018-2019,Fès-Meknès,FES,Boulemane,Rural,Collégial,Année 3,Féminin,15,Manque d'infrastructures,5–15 km,< 2000 MAD,1,1,0
AB404017,2016-2017,Casablanca-Settat,CAS,Settat,Urbain,Collégial,Année 3,Féminin,15,Difficultés économiques,< 1 km,> 7000 MAD,3,0,0
AB404018,2016-2017,Béni Mellal-Khénifra,BMK,Khouribga,Rural,Primaire,Année 6,Féminin,11,Éloignement de l'établissement,5–15 km,> 7000 MAD,1,0,0
AB404019,2023-2024,Marrakech-Safi,MAR,Al Haouz,Rural,Qualifiant,Année 1,Féminin,17,Manque d'infrastructures,1–5 km,2000-4000 MAD,7,0,1
AB404020,2019-2020,Casablanca-Settat,CAS,Benslimane,Rural,Collégial,Année 1,Masculin,13,Difficultés économiques,> 15 km,> 7000 MAD,4,0,0
AB404021,2015-2016,Casablanca-Settat,CAS,Settat,Urbain,Primaire,Année 1,Masculin,10,Travail enfant,1–5 km,4000-7000 MAD,1,1,0
AB404022,2019-2020,Fès-Meknès,FES,Moulay Yacoub,Rural,Collégial,Année 3,Masculin,14,Mariage précoce,< 1 km,4000-7000 MAD,4,1,0
AB404023,2018-2019,Rabat-Salé-Kénitra,RAB,Sidi Kacem,Urbain,Collégial,Année 2,Féminin,14,Travail enfant,< 1 km,< 2000 MAD,6,0,1
AB404024,2017-2018,Souss-Massa,SOU,Agadir-Ida-Ou-Tanane,Rural,Primaire,Année 6,Masculin,12,Manque d'infrastructures,< 1 km,> 7000 MAD,3,1,0
AB404025,2021-2022,Casablanca-Settat,CAS,El Jadida,Rural,Collégial,Année 3,Masculin,15,Difficultés scolaires,1–5 km,< 2000 MAD,6,1,0
AB404026,2018-2019,Fès-Meknès,FES,Fès,Rural,Qualifiant,Année 1,Masculin,18,Difficultés scolaires,5–15 km,4000-7000 MAD,3,0,0
AB404027,2022-2023,Casablanca-Settat,CAS,Settat,Urbain,Collégial,Année 2,Féminin,15,Manque d'infrastructures,5–15 km,4000-7000 MAD,3,1,1
AB404028,2020-2021,Béni Mellal-Khénifra,BMK,El Kelaa des Sraghna,Urbain,Qualifiant,Année 2,Masculin,16,Handicap,5–15 km,> 7000 MAD,3,1,0
AB404029,2023-2024,Oriental,ORI,Driouch,Urbain,Collégial,Année 3,Féminin,14,Éloignement de l'établissement,1–5 km,2000-4000 MAD,5,1,0
AB404030,2021-2022,Fès-Meknès,FES,Taounate,Urbain,Collégial,Année 1,Masculin,14,Difficultés scolaires,5–15 km,2000-4000 MAD,6,1,0
AB404031,2023-2024,Souss-Massa,SOU,Inezgane-Ait Melloul,Rural,Qualifiant,Année 2,Masculin,18,Difficultés scolaires,> 15 km,4000-7000 MAD,7,0,1
AB404032,2023-2024,Oriental,ORI,Berkane,Rural,Collégial,Année 2,Féminin,14,Éloignement de l'établissement,1–5 km,2000-4000 MAD,5,1,0
AB404033,2015-2016,Fès-Meknès,FES,Taounate,Urbain,Qualifiant,Année 2,Masculin,16,Autre,5–15 km,< 2000 MAD,5,0,0
AB404034,2018-2019,Béni Mellal-Khénifra,BMK,El Kelaa des Sraghna,Rural,Primaire,Année 6,Masculin,8,Grossesse,< 1 km,2000-4000 MAD,8,1,0
AB404035,2022-2023,Fès-Meknès,FES,Boulemane,Urbain,Qualifiant,Année 3,Masculin,17,Autre,1–5 km,2000-4000 MAD,7,0,0
AB404036,2017-2018,Tanger-Tétouan-Al Hoceïma,TAN,Larache,Rural,Qualifiant,Année 2,Féminin,16,Difficultés scolaires,< 1 km,2000-4000 MAD,3,0,0
AB404037,2022-2023,Oriental,ORI,Jerada,Rural,Primaire,Année 3,Masculin,12,Manque d'infrastructures,5–15 km,2000-4000 MAD,7,1,1
AB404038,2016-2017,Fès-Meknès,FES,Moulay Yacoub,Urbain,Qualifiant,Année 1,Féminin,16,Difficultés économiques,1–5 km,> 7000 MAD,1,0,1
AB404039,2015-2016,Fès-Meknès,FES,Taounate,Rural,Primaire,Année 2,Masculin,9,Travail enfant,5–15 km,2000-4000 MAD,7,1,0
AB404040,2021-2022,Casablanca-Settat,CAS,Mohammadia,Rural,Collégial,Année 3,Féminin,14,Manque d'infrastructures,1–5 km,4000-7000 MAD,5,1,0
AB404041,2021-2022,Casablanca-Settat,CAS,Benslimane,Rural,Collégial,Année 1,Féminin,14,Éloignement de l'établissement,5–15 km,< 2000 MAD,3,1,1
AB404042,2016-2017,Rabat-Salé-Kénitra,RAB,Khémisset,Rural,Collégial,Année 2,Féminin,14,Mariage précoce,> 15 km,2000-4000 MAD,8,0,0
AB404043,2018-2019,Guelmim-Oued Noun,GUE,Sidi Ifni,Rural,Primaire,Année 4,Masculin,12,Difficultés économiques,1–5 km,< 2000 MAD,8,0,0
AB404044,2019-2020,Rabat-Salé-Kénitra,RAB,Skhirate-Témara,Rural,Collégial,Année 1,Féminin,13,Grossesse,< 1 km,< 2000 MAD,2,0,0
AB404045,2017-2018,Fès-Meknès,FES,Taza,Rural,Collégial,Année 3,Féminin,14,Mariage précoce,1–5 km,4000-7000 MAD,6,1,0
AB404046,2015-2016,Fès-Meknès,FES,Boulemane,Urbain,Collégial,Année 1,Masculin,14,Difficultés économiques,5–15 km,< 2000 MAD,3,1,1
AB404047,2023-2024,Rabat-Salé-Kénitra,RAB,Sidi Slimane,Urbain,Collégial,Année 2,Féminin,14,Handicap,5–15 km,4000-7000 MAD,1,0,1
AB404048,2015-2016,Casablanca-Settat,CAS,Berrechid,Rural,Qualifiant,Année 2,Masculin,17,Difficultés scolaires,1–5 km,2000-4000 MAD,6,0,0
AB404049,2020-2021,Rabat-Salé-Kénitra,RAB,Khémisset,Urbain,Primaire,Année 3,Masculin,10,Difficultés économiques,> 15 km,> 7000 MAD,3,1,1
AB404050,2018-2019,Tanger-Tétouan-Al Hoceïma,TAN,Al Hoceïma,Rural,Qualifiant,Année 2,Masculin,18,Éloignement de l'établissement,< 1 km,< 2000 MAD,4,1,0
AB404051,2016-2017,Rabat-Salé-Kénitra,RAB,Sidi Slimane,Urbain,Qualifiant,Année 1,Féminin,18,Éloignement de l'établissement,< 1 km,2000-4000 MAD,2,0,1
AB404052,2017-2018,Drâa-Tafilalet,DRA,Errachidia,Rural,Collégial,Année 3,Masculin,14,Difficultés scolaires,> 15 km,2000-4000 MAD,6,0,0
AB404053,2017-2018,Béni Mellal-Khénifra,BMK,El Kelaa des Sraghna,Urbain,Primaire,Année 1,Masculin,10,Mariage précoce,5–15 km,2000-4000 MAD,1,0,0
AB404054,2022-2023,Tanger-Tétouan-Al Hoceïma,TAN,Fahs-Anjra,Urbain,Collégial,Année 1,Féminin,15,Difficultés scolaires,1–5 km,> 7000 MAD,8,1,0
AB404055,2015-2016,Fès-Meknès,FES,Séfrou,Urbain,Qualifiant,Année 2,Féminin,16,Difficultés économiques,> 15 km,2000-4000 MAD,5,0,1
AB404056,2023-2024,Casablanca-Settat,CAS,Mohammadia,Rural,Primaire,Année 3,Masculin,9,Manque d'infrastructures,1–5 km,< 2000 MAD,8,1,0
AB404057,2021-2022,Tanger-Tétouan-Al Hoceïma,TAN,Al Hoceïma,Urbain,Qualifiant,Année 3,Masculin,17,Difficultés scolaires,> 15 km,< 2000 MAD,6,0,1
AB404058,2015-2016,Tanger-Tétouan-Al Hoceïma,TAN,Larache,Rural,Qualifiant,Année 3,Masculin,18,Grossesse,1–5 km,< 2000 MAD,4,1,0
AB404059,2017-2018,Casablanca-Settat,CAS,El Jadida,Urbain,Primaire,Année 1,Masculin,8,Travail enfant,< 1 km,> 7000 MAD,7,1,0
AB404060,2016-2017,Fès-Meknès,FES,Taza,Urbain,Primaire,Année 1,Masculin,12,Manque d'infrastructures,5–15 km,> 7000 MAD,2,0,0
AB404061,2021-2022,Casablanca-Settat,CAS,Benslimane,Rural,Collégial,Année 1,Féminin,14,Difficultés scolaires,> 15 km,< 2000 MAD,3,0,0
AB404062,2023-2024,Marrakech-Safi,MAR,El Kelaa des Sraghna,Rural,Collégial,Année 3,Masculin,15,Difficultés économiques,< 1 km,< 2000 MAD,1,0,0
AB404063,2017-2018,Guelmim-Oued Noun,GUE,Sidi Ifni,Urbain,Collégial,Année 2,Féminin,13,Difficultés économiques,> 15 km,< 2000 MAD,2,0,0
AB404064,2017-2018,Casablanca-Settat,CAS,Berrechid,Urbain,Primaire,Année 6,Masculin,9,Manque d'infrastructures,> 15 km,2000-4000 MAD,3,1,0
AB404065,2017-2018,Fès-Meknès,FES,Ifrane,Urbain,Collégial,Année 2,Masculin,13,Difficultés économiques,1–5 km,< 2000 MAD,7,1,0
AB404066,2020-2021,Marrakech-Safi,MAR,Essaouira,Rural,Collégial,Année 3,Féminin,13,Mariage précoce,1–5 km,4000-7000 MAD,5,1,0
AB404067,2015-2016,Tanger-Tétouan-Al Hoceïma,TAN,Mdiq-Fnideq,Urbain,Collégial,Année 1,Féminin,15,Difficultés économiques,1–5 km,< 2000 MAD,4,1,1
AB404068,2019-2020,Guelmim-Oued Noun,GUE,Tan-Tan,Urbain,Primaire,Année 5,Masculin,7,Difficultés économiques,5–15 km,4000-7000 MAD,2,0,1
AB404069,2015-2016,Rabat-Salé-Kénitra,RAB,Kénitra,Urbain,Collégial,Année 1,Féminin,14,Difficultés économiques,< 1 km,4000-7000 MAD,7,1,0
AB404070,2015-2016,Marrakech-Safi,MAR,Youssoufia,Rural,Qualifiant,Année 3,Masculin,18,Éloignement de l'établissement,5–15 km,4000-7000 MAD,4,0,1
AB404071,2017-2018,Souss-Massa,SOU,Agadir-Ida-Ou-Tanane,Rural,Primaire,Année 3,Masculin,10,Travail enfant,5–15 km,> 7000 MAD,5,1,0
AB404072,2022-2023,Casablanca-Settat,CAS,Berrechid,Rural,Primaire,Année 3,Féminin,10,Éloignement de l'établissement,5–15 km,2000-4000 MAD,7,0,0
AB404073,2023-2024,Casablanca-Settat,CAS,Sidi Bennour,Urbain,Qualifiant,Année 1,Masculin,16,Manque d'infrastructures,1–5 km,< 2000 MAD,6,0,0
AB404074,2015-2016,Casablanca-Settat,CAS,Settat,Rural,Qualifiant,Année 3,Masculin,17,Difficultés scolaires,1–5 km,4000-7000 MAD,2,0,1
AB404075,2019-2020,Souss-Massa,SOU,Tata,Urbain,Collégial,Année 3,Masculin,14,Mariage précoce,< 1 km,< 2000 MAD,1,1,0
AB404076,2019-2020,Fès-Meknès,FES,Ifrane,Urbain,Primaire,Année 6,Féminin,9,Mariage précoce,< 1 km,2000-4000 MAD,6,0,1
AB404077,2017-2018,Souss-Massa,SOU,Taroudannt,Urbain,Collégial,Année 2,Masculin,13,Manque d'infrastructures,< 1 km,> 7000 MAD,8,0,1
AB404078,2022-2023,Oriental,ORI,Guercif,Rural,Primaire,Année 4,Féminin,11,Éloignement de l'établissement,< 1 km,2000-4000 MAD,6,1,0
AB404079,2023-2024,Marrakech-Safi,MAR,Chichaoua,Rural,Primaire,Année 5,Masculin,8,Travail enfant,1–5 km,< 2000 MAD,1,0,0
AB404080,2021-2022,Laâyoune-Sakia El Hamra,LAA,Boujdour,Rural,Primaire,Année 2,Masculin,7,Travail enfant,1–5 km,2000-4000 MAD,8,1,0
AB404081,2018-2019,Marrakech-Safi,MAR,Chichaoua,Urbain,Primaire,Année 4,Féminin,9,Mariage précoce,1–5 km,> 7000 MAD,3,1,1
AB404082,2023-2024,Casablanca-Settat,CAS,Khouribga,Urbain,Collégial,Année 2,Masculin,15,Grossesse,< 1 km,2000-4000 MAD,5,0,0
AB404083,2023-2024,Oriental,ORI,Berkane,Urbain,Qualifiant,Année 3,Masculin,16,Travail enfant,1–5 km,4000-7000 MAD,2,0,0
AB404084,2021-2022,Rabat-Salé-Kénitra,RAB,Sidi Slimane,Rural,Primaire,Année 3,Masculin,8,Difficultés scolaires,1–5 km,2000-4000 MAD,3,1,0
AB404085,2022-2023,Fès-Meknès,FES,Taounate,Rural,Collégial,Année 3,Masculin,13,Travail enfant,5–15 km,> 7000 MAD,7,0,0
AB404086,2020-2021,Casablanca-Settat,CAS,Sidi Bennour,Rural,Qualifiant,Année 2,Masculin,16,Difficultés économiques,5–15 km,> 7000 MAD,7,0,0
AB404087,2021-2022,Fès-Meknès,FES,Moulay Yacoub,Rural,Qualifiant,Année 3,Masculin,18,Difficultés économiques,1–5 km,< 2000 MAD,8,1,0
AB404088,2019-2020,Rabat-Salé-Kénitra,RAB,Khémisset,Urbain,Primaire,Année 3,Féminin,10,Éloignement de l'établissement,< 1 km,< 2000 MAD,4,1,0
AB404089,2019-2020,Tanger-Tétouan-Al Hoceïma,TAN,Larache,Urbain,Collégial,Année 2,Masculin,14,Difficultés scolaires,5–15 km,< 2000 MAD,3,0,0
AB404090,2018-2019,Casablanca-Settat,CAS,Berrechid,Urbain,Collégial,Année 1,Féminin,15,Difficultés scolaires,5–15 km,< 2000 MAD,6,0,0
AB404091,2015-2016,Tanger-Tétouan-Al Hoceïma,TAN,Al Hoceïma,Urbain,Qualifiant,Année 1,Masculin,18,Grossesse,1–5 km,> 7000 MAD,2,0,0
AB404092,2018-2019,Casablanca-Settat,CAS,Berrechid,Urbain,Collégial,Année 1,Masculin,15,Difficultés scolaires,1–5 km,< 2000 MAD,5,0,0
AB404093,2017-2018,Tanger-Tétouan-Al Hoceïma,TAN,Mdiq-Fnideq,Urbain,Qualifiant,Année 1,Masculin,17,Travail enfant,1–5 km,< 2000 MAD,5,0,1
AB404094,2015-2016,Oriental,ORI,Driouch,Urbain,Qualifiant,Année 1,Masculin,18,Mariage précoce,< 1 km,2000-4000 MAD,5,0,0
AB404095,2022-2023,Tanger-Tétouan-Al Hoceïma,TAN,Tétouan,Urbain,Collégial,Année 2,Masculin,13,Mariage précoce,1–5 km,< 2000 MAD,6,1,0
AB404096,2023-2024,Oriental,ORI,Jerada,Rural,Primaire,Année 2,Masculin,9,Travail enfant,1–5 km,4000-7000 MAD,8,0,0
AB404097,2015-2016,Souss-Massa,SOU,Chtouka-Ait Baha,Urbain,Collégial,Année 3,Féminin,14,Difficultés économiques,< 1 km,4000-7000 MAD,1,1,0
AB404098,2020-2021,Marrakech-Safi,MAR,Chichaoua,Urbain,Collégial,Année 2,Féminin,14,Travail enfant,< 1 km,2000-4000 MAD,5,0,0
AB404099,2015-2016,Fès-Meknès,FES,Boulemane,Rural,Qualifiant,Année 1,Féminin,17,Difficultés économiques,1–5 km,< 2000 MAD,1,0,0
AB404100,2023-2024,Marrakech-Safi,MAR,Youssoufia,Urbain,Collégial,Année 2,Féminin,13,Difficultés scolaires,< 1 km,2000-4000 MAD,4,0,1
AB404101,2017-2018,Fès-Meknès,FES,El Hajeb,Urbain,Qualifiant,Année 2,Féminin,16,Grossesse,> 15 km,< 2000 MAD,6,0,0
AB404102,2019-2020,Oriental,ORI,Taourirt,Urbain,Collégial,Année 2,Féminin,15,Travail enfant,< 1 km,2000-4000 MAD,8,0,0
AB404103,2015-2016,Casablanca-Settat,CAS,Mohammadia,Rural,Collégial,Année 1,Masculin,14,Éloignement de l'établissement,> 15 km,< 2000 MAD,2,0,1
AB404104,2022-2023,Drâa-Tafilalet,DRA,Zagora,Rural,Primaire,Année 6,Féminin,11,Éloignement de l'établissement,1–5 km,2000-4000 MAD,2,1,0
AB404105,2019-2020,Casablanca-Settat,CAS,Khouribga,Urbain,Primaire,Année 2,Masculin,8,Travail enfant,< 1 km,< 2000 MAD,3,1,0
AB404106,2021-2022,Béni Mellal-Khénifra,BMK,Azilal,Rural,Collégial,Année 2,Féminin,14,Mariage précoce,1–5 km,> 7000 MAD,7,1,0
AB404107,2020-2021,Casablanca-Settat,CAS,Benslimane,Urbain,Collégial,Année 2,Féminin,15,Mariage précoce,1–5 km,< 2000 MAD,8,0,0
AB404108,2022-2023,Béni Mellal-Khénifra,BMK,Fquih Ben Salah,Urbain,Primaire,Année 2,Féminin,8,Difficultés scolaires,5–15 km,4000-7000 MAD,3,1,1
AB404109,2018-2019,Drâa-Tafilalet,DRA,Ouarzazate,Urbain,Collégial,Année 2,Masculin,14,Difficultés scolaires,< 1 km,> 7000 MAD,4,1,0
AB404110,2018-2019,Fès-Meknès,FES,Boulemane,Urbain,Qualifiant,Année 3,Masculin,17,Difficultés économiques,1–5 km,2000-4000 MAD,5,1,0
AB404111,2021-2022,Fès-Meknès,FES,Séfrou,Rural,Primaire,Année 5,Masculin,11,Difficultés scolaires,1–5 km,2000-4000 MAD,6,1,1
AB404112,2015-2016,Rabat-Salé-Kénitra,RAB,Rabat,Rural,Qualifiant,Année 2,Masculin,16,Mariage précoce,> 15 km,< 2000 MAD,4,0,0
AB404113,2023-2024,Marrakech-Safi,MAR,Safi,Urbain,Primaire,Année 1,Masculin,12,Mariage précoce,5–15 km,4000-7000 MAD,7,0,0
AB404114,2023-2024,Tanger-Tétouan-Al Hoceïma,TAN,Mdiq-Fnideq,Rural,Qualifiant,Année 3,Féminin,16,Travail enfant,1–5 km,> 7000 MAD,4,1,0
AB404115,2022-2023,Marrakech-Safi,MAR,Youssoufia,Rural,Qualifiant,Année 2,Féminin,16,Autre,< 1 km,2000-4000 MAD,2,1,0
AB404116,2019-2020,Marrakech-Safi,MAR,Youssoufia,Rural,Primaire,Année 6,Masculin,9,Travail enfant,< 1 km,> 7000 MAD,8,1,0
AB404117,2017-2018,Tanger-Tétouan-Al Hoceïma,TAN,Tanger-Assilah,Rural,Primaire,Année 6,Masculin,12,Travail enfant,< 1 km,< 2000 MAD,2,0,0
AB404118,2022-2023,Souss-Massa,SOU,Tiznit,Urbain,Collégial,Année 3,Féminin,14,Éloignement de l'établissement,> 15 km,2000-4000 MAD,4,1,0
AB404119,2016-2017,Béni Mellal-Khénifra,BMK,El Kelaa des Sraghna,Urbain,Collégial,Année 2,Féminin,15,Autre,> 15 km,4000-7000 MAD,2,1,1
AB404120,2015-2016,Marrakech-Safi,MAR,Youssoufia,Rural,Primaire,Année 6,Masculin,12,Difficultés scolaires,> 15 km,2000-4000 MAD,7,1,0
AB404121,2019-2020,Tanger-Tétouan-Al Hoceïma,TAN,Mdiq-Fnideq,Urbain,Collégial,Année 1,Féminin,13,Travail enfant,< 1 km,4000-7000 MAD,8,1,0
AB404122,2019-2020,Fès-Meknès,FES,Séfrou,Urbain,Primaire,Année 6,Masculin,10,Difficultés économiques,1–5 km,2000-4000 MAD,1,1,0
AB404123,2015-2016,Béni Mellal-Khénifra,BMK,El Kelaa des Sraghna,Urbain,Qualifiant,Année 3,Masculin,17,Mariage précoce,< 1 km,< 2000 MAD,6,0,0
AB404124,2016-2017,Rabat-Salé-Kénitra,RAB,Skhirate-Témara,Urbain,Collégial,Année 2,Masculin,14,Travail enfant,1–5 km,4000-7000 MAD,3,1,0
AB404125,2016-2017,Guelmim-Oued Noun,GUE,Sidi Ifni,Rural,Collégial,Année 2,Féminin,15,Difficultés économiques,< 1 km,4000-7000 MAD,8,0,0
AB404126,2017-2018,Fès-Meknès,FES,Taza,Urbain,Primaire,Année 5,Masculin,8,Handicap,< 1 km,2000-4000 MAD,7,1,1
AB404127,2020-2021,Tanger-Tétouan-Al Hoceïma,TAN,Tétouan,Urbain,Primaire,Année 1,Masculin,8,Difficultés scolaires,1–5 km,< 2000 MAD,7,1,0
AB404128,2022-2023,Oriental,ORI,Berkane,Urbain,Collégial,Année 1,Féminin,13,Difficultés économiques,5–15 km,> 7000 MAD,7,1,0
AB404129,2016-2017,Fès-Meknès,FES,Taounate,Rural,Collégial,Année 3,Masculin,14,Difficultés économiques,< 1 km,> 7000 MAD,5,1,0
AB404130,2018-2019,Fès-Meknès,FES,Ifrane,Rural,Collégial,Année 2,Masculin,13,Travail enfant,1–5 km,2000-4000 MAD,8,1,1
AB404131,2018-2019,Fès-Meknès,FES,Ifrane,Rural,Primaire,Année 5,Féminin,7,Travail enfant,1–5 km,> 7000 MAD,4,1,0
AB404132,2023-2024,Marrakech-Safi,MAR,Al Haouz,Rural,Qualifiant,Année 3,Masculin,16,Difficultés scolaires,> 15 km,2000-4000 MAD,8,1,0
AB404133,2016-2017,Marrakech-Safi,MAR,Youssoufia,Urbain,Primaire,Année 4,Féminin,8,Handicap,1–5 km,< 2000 MAD,8,0,0
AB404134,2015-2016,Tanger-Tétouan-Al Hoceïma,TAN,Al Hoceïma,Rural,Qualifiant,Année 3,Féminin,16,Éloignement de l'établissement,1–5 km,2000-4000 MAD,1,1,0
AB404135,2020-2021,Marrakech-Safi,MAR,Safi,Rural,Collégial,Année 2,Féminin,15,Difficultés économiques,1–5 km,4000-7000 MAD,7,1,0
AB404136,2022-2023,Marrakech-Safi,MAR,Essaouira,Urbain,Qualifiant,Année 2,Masculin,18,Difficultés économiques,1–5 km,2000-4000 MAD,4,0,0
AB404137,2023-2024,Marrakech-Safi,MAR,Youssoufia,Urbain,Qualifiant,Année 1,Masculin,16,Éloignement de l'établissement,> 15 km,4000-7000 MAD,5,0,0
AB404138,2018-2019,Marrakech-Safi,MAR,Essaouira,Rural,Collégial,Année 2,Masculin,13,Mariage précoce,> 15 km,> 7000 MAD,1,1,0
AB404139,2023-2024,Tanger-Tétouan-Al Hoceïma,TAN,Al Hoceïma,Rural,Qualifiant,Année 3,Féminin,16,Difficultés économiques,> 15 km,< 2000 MAD,6,0,0
AB404140,2023-2024,Béni Mellal-Khénifra,BMK,Fquih Ben Salah,Rural,Collégial,Année 2,Masculin,14,Mariage précoce,> 15 km,4000-7000 MAD,7,0,0
AB404141,2019-2020,Oriental,ORI,Guercif,Urbain,Primaire,Année 1,Masculin,9,Difficultés scolaires,5–15 km,2000-4000 MAD,5,1,0
AB404142,2018-2019,Marrakech-Safi,MAR,Al Haouz,Rural,Collégial,Année 2,Masculin,15,Difficultés scolaires,< 1 km,2000-4000 MAD,2,1,1
AB404143,2017-2018,Rabat-Salé-Kénitra,RAB,Skhirate-Témara,Rural,Primaire,Année 6,Féminin,7,Difficultés économiques,5–15 km,4000-7000 MAD,7,1,0
AB404144,2018-2019,Casablanca-Settat,CAS,El Jadida,Urbain,Primaire,Année 3,Féminin,8,Travail enfant,< 1 km,> 7000 MAD,8,0,0
AB404145,2017-2018,Rabat-Salé-Kénitra,RAB,Salé,Rural,Qualifiant,Année 2,Féminin,18,Difficultés économiques,< 1 km,2000-4000 MAD,7,1,0
AB404146,2018-2019,Casablanca-Settat,CAS,Casablanca,Urbain,Collégial,Année 3,Féminin,14,Mariage précoce,< 1 km,2000-4000 MAD,8,1,1
AB404147,2015-2016,Tanger-Tétouan-Al Hoceïma,TAN,Fahs-Anjra,Rural,Collégial,Année 3,Féminin,13,Mariage précoce,1–5 km,4000-7000 MAD,3,0,0
AB404148,2019-2020,Marrakech-Safi,MAR,Chichaoua,Rural,Collégial,Année 1,Masculin,15,Manque d'infrastructures,1–5 km,< 2000 MAD,1,1,1
AB404149,2021-2022,Rabat-Salé-Kénitra,RAB,Salé,Urbain,Collégial,Année 1,Masculin,13,Difficultés scolaires,< 1 km,4000-7000 MAD,2,1,0
AB404150,2020-2021,Béni Mellal-Khénifra,BMK,Khouribga,Rural,Collégial,Année 3,Féminin,15,Travail enfant,1–5 km,4000-7000 MAD,3,1,0
AB404151,2021-2022,Béni Mellal-Khénifra,BMK,Azilal,Rural,Qualifiant,Année 2,Féminin,17,Autre,5–15 km,< 2000 MAD,6,1,0
AB404152,2020-2021,Rabat-Salé-Kénitra,RAB,Sidi Slimane,Rural,Collégial,Année 2,Féminin,15,Éloignement de l'établissement,1–5 km,4000-7000 MAD,5,1,0
AB404153,2020-2021,Marrakech-Safi,MAR,Al Haouz,Rural,Collégial,Année 3,Féminin,13,Travail enfant,5–15 km,< 2000 MAD,4,0,0
AB404154,2023-2024,Rabat-Salé-Kénitra,RAB,Khémisset,Urbain,Qualifiant,Année 1,Masculin,16,Mariage précoce,1–5 km,4000-7000 MAD,6,1,0
AB404155,2020-2021,Casablanca-Settat,CAS,Berrechid,Urbain,Qualifiant,Année 3,Féminin,17,Éloignement de l'établissement,1–5 km,4000-7000 MAD,2,0,0
AB404156,2017-2018,Drâa-Tafilalet,DRA,Errachidia,Rural,Qualifiant,Année 2,Féminin,17,Travail enfant,5–15 km,< 2000 MAD,1,0,0
AB404157,2021-2022,Fès-Meknès,FES,Taza,Rural,Qualifiant,Année 3,Féminin,18,Mariage précoce,5–15 km,> 7000 MAD,4,0,0
AB404158,2017-2018,Casablanca-Settat,CAS,Mohammadia,Urbain,Primaire,Année 6,Masculin,9,Manque d'infrastructures,< 1 km,4000-7000 MAD,3,1,0
AB404159,2021-2022,Casablanca-Settat,CAS,Settat,Rural,Collégial,Année 2,Féminin,15,Éloignement de l'établissement,5–15 km,2000-4000 MAD,8,1,0
AB404160,2022-2023,Rabat-Salé-Kénitra,RAB,Sidi Kacem,Rural,Primaire,Année 4,Masculin,10,Travail enfant,> 15 km,< 2000 MAD,8,1,0
AB404161,2018-2019,Oriental,ORI,Guercif,Urbain,Qualifiant,Année 3,Masculin,18,Travail enfant,5–15 km,2000-4000 MAD,6,0,0
AB404162,2019-2020,Rabat-Salé-Kénitra,RAB,Skhirate-Témara,Rural,Qualifiant,Année 2,Masculin,16,Autre,> 15 km,> 7000 MAD,3,0,0
AB404163,2018-2019,Rabat-Salé-Kénitra,RAB,Kénitra,Urbain,Qualifiant,Année 3,Masculin,17,Mariage précoce,1–5 km,4000-7000 MAD,1,0,0
AB404164,2015-2016,Drâa-Tafilalet,DRA,Tinghir,Rural,Qualifiant,Année 1,Féminin,16,Travail enfant,< 1 km,2000-4000 MAD,4,1,0
AB404165,2022-2023,Casablanca-Settat,CAS,Khouribga,Urbain,Primaire,Année 1,Masculin,9,Mariage précoce,1–5 km,< 2000 MAD,1,0,0
AB404166,2019-2020,Drâa-Tafilalet,DRA,Midelt,Rural,Primaire,Année 4,Féminin,10,Éloignement de l'établissement,1–5 km,2000-4000 MAD,7,0,0
AB404167,2017-2018,Marrakech-Safi,MAR,Al Haouz,Rural,Collégial,Année 3,Féminin,13,Manque d'infrastructures,< 1 km,2000-4000 MAD,7,1,0
AB404168,2019-2020,Tanger-Tétouan-Al Hoceïma,TAN,Fahs-Anjra,Rural,Collégial,Année 2,Féminin,13,Éloignement de l'établissement,< 1 km,4000-7000 MAD,1,0,0
AB404169,2016-2017,Rabat-Salé-Kénitra,RAB,Rabat,Rural,Primaire,Année 5,Masculin,8,Travail enfant,5–15 km,2000-4000 MAD,8,1,0
AB404170,2016-2017,Casablanca-Settat,CAS,Berrechid,Rural,Qualifiant,Année 2,Féminin,18,Difficultés économiques,< 1 km,2000-4000 MAD,4,0,1
AB404171,2017-2018,Béni Mellal-Khénifra,BMK,Fquih Ben Salah,Rural,Collégial,Année 3,Masculin,14,Mariage précoce,1–5 km,2000-4000 MAD,2,0,1
AB404172,2023-2024,Casablanca-Settat,CAS,Khouribga,Urbain,Collégial,Année 3,Féminin,13,Éloignement de l'établissement,5–15 km,2000-4000 MAD,8,0,0
AB404173,2018-2019,Oriental,ORI,Guercif,Rural,Collégial,Année 3,Féminin,14,Difficultés économiques,< 1 km,2000-4000 MAD,8,1,0
AB404174,2021-2022,Rabat-Salé-Kénitra,RAB,Sidi Slimane,Rural,Primaire,Année 1,Féminin,10,Travail enfant,1–5 km,4000-7000 MAD,1,0,0
AB404175,2015-2016,Fès-Meknès,FES,El Hajeb,Rural,Collégial,Année 1,Féminin,13,Difficultés scolaires,5–15 km,2000-4000 MAD,6,1,0
AB404176,2016-2017,Tanger-Tétouan-Al Hoceïma,TAN,Ouazzane,Rural,Primaire,Année 5,Féminin,11,Difficultés scolaires,5–15 km,< 2000 MAD,5,0,0
AB404177,2017-2018,Rabat-Salé-Kénitra,RAB,Sidi Slimane,Urbain,Primaire,Année 4,Masculin,11,Difficultés économiques,< 1 km,< 2000 MAD,8,0,0
AB404178,2017-2018,Rabat-Salé-Kénitra,RAB,Skhirate-Témara,Urbain,Primaire,Année 6,Féminin,7,Éloignement de l'établissement,1–5 km,< 2000 MAD,1,0,0
AB404179,2015-2016,Tanger-Tétouan-Al Hoceïma,TAN,Chefchaouen,Rural,Primaire,Année 6,Féminin,7,Grossesse,5–15 km,2000-4000 MAD,5,1,0
AB404180,2019-2020,Guelmim-Oued Noun,GUE,Sidi Ifni,Urbain,Primaire,Année 5,Masculin,7,Difficultés économiques,1–5 km,4000-7000 MAD,2,1,0
AB404181,2018-2019,Marrakech-Safi,MAR,Al Haouz,Rural,Collégial,Année 1,Masculin,13,Difficultés économiques,5–15 km,< 2000 MAD,5,0,0
AB404182,2017-2018,Fès-Meknès,FES,Taza,Urbain,Collégial,Année 2,Masculin,14,Travail enfant,> 15 km,4000-7000 MAD,4,0,0
AB404183,2023-2024,Casablanca-Settat,CAS,Casablanca,Rural,Collégial,Année 1,Masculin,13,Mariage précoce,5–15 km,2000-4000 MAD,1,1,1
AB404184,2015-2016,Rabat-Salé-Kénitra,RAB,Rabat,Rural,Primaire,Année 4,Masculin,11,Travail enfant,< 1 km,4000-7000 MAD,6,0,1
AB404185,2023-2024,Fès-Meknès,FES,El Hajeb,Rural,Primaire,Année 5,Masculin,12,Difficultés économiques,< 1 km,< 2000 MAD,2,0,0
AB404186,2016-2017,Marrakech-Safi,MAR,El Kelaa des Sraghna,Urbain,Collégial,Année 3,Masculin,13,Difficultés scolaires,> 15 km,> 7000 MAD,4,1,0
AB404187,2020-2021,Casablanca-Settat,CAS,Mohammadia,Rural,Primaire,Année 1,Masculin,8,Difficultés économiques,1–5 km,< 2000 MAD,5,1,1
AB404188,2019-2020,Béni Mellal-Khénifra,BMK,Khouribga,Rural,Collégial,Année 2,Masculin,13,Travail enfant,1–5 km,< 2000 MAD,2,0,0
AB404189,2017-2018,Béni Mellal-Khénifra,BMK,Azilal,Rural,Qualifiant,Année 2,Masculin,18,Autre,1–5 km,2000-4000 MAD,5,0,0
AB404190,2018-2019,Marrakech-Safi,MAR,Essaouira,Urbain,Collégial,Année 3,Masculin,13,Mariage précoce,< 1 km,2000-4000 MAD,7,0,0
AB404191,2021-2022,Rabat-Salé-Kénitra,RAB,Sidi Slimane,Urbain,Primaire,Année 4,Masculin,8,Difficultés scolaires,5–15 km,2000-4000 MAD,1,1,0
AB404192,2015-2016,Oriental,ORI,Driouch,Rural,Qualifiant,Année 3,Masculin,17,Éloignement de l'établissement,> 15 km,< 2000 MAD,6,1,0
AB404193,2019-2020,Béni Mellal-Khénifra,BMK,Azilal,Rural,Primaire,Année 3,Masculin,10,Difficultés scolaires,> 15 km,> 7000 MAD,5,0,0
AB404194,2020-2021,Rabat-Salé-Kénitra,RAB,Kénitra,Rural,Qualifiant,Année 2,Masculin,17,Difficultés scolaires,5–15 km,< 2000 MAD,8,0,0
AB404195,2023-2024,Fès-Meknès,FES,Séfrou,Urbain,Collégial,Année 1,Masculin,13,Mariage précoce,5–15 km,> 7000 MAD,8,1,0
AB404196,2017-2018,Marrakech-Safi,MAR,Al Haouz,Rural,Collégial,Année 2,Féminin,13,Difficultés économiques,5–15 km,< 2000 MAD,1,1,0
AB404197,2016-2017,Rabat-Salé-Kénitra,RAB,Kénitra,Rural,Qualifiant,Année 3,Masculin,18,Difficultés scolaires,1–5 km,2000-4000 MAD,3,1,1
AB404198,2020-2021,Tanger-Tétouan-Al Hoceïma,TAN,Fahs-Anjra,Rural,Primaire,Année 6,Masculin,8,Difficultés économiques,1–5 km,< 2000 MAD,1,1,1
AB404199,2023-2024,Fès-Meknès,FES,Taza,Urbain,Primaire,Année 6,Masculin,7,Travail enfant,< 1 km,< 2000 MAD,5,0,0
AB404200,2020-2021,Rabat-Salé-Kénitra,RAB,Salé,Rural,Primaire,Année 6,Masculin,10,Travail enfant,5–15 km,2000-4000 MAD,4,0,0
AB404201,2019-2020,Casablanca-Settat,CAS,El Jadida,Rural,Qualifiant,Année 3,Masculin,17,Difficultés économiques,5–15 km,< 2000 MAD,2,0,1
AB404202,2019-2020,Tanger-Tétouan-Al Hoceïma,TAN,Ouazzane,Urbain,Qualifiant,Année 3,Féminin,16,Manque d'infrastructures,5–15 km,2000-4000 MAD,7,1,0
AB404203,2019-2020,Souss-Massa,SOU,Agadir-Ida-Ou-Tanane,Urbain,Qualifiant,Année 2,Féminin,18,Grossesse,1–5 km,2000-4000 MAD,7,1,0
AB404204,2023-2024,Drâa-Tafilalet,DRA,Zagora,Rural,Primaire,Année 2,Féminin,8,Difficultés économiques,> 15 km,2000-4000 MAD,4,0,0
AB404205,2018-2019,Rabat-Salé-Kénitra,RAB,Skhirate-Témara,Urbain,Collégial,Année 1,Féminin,14,Éloignement de l'établissement,1–5 km,4000-7000 MAD,3,0,0
AB404206,2017-2018,Casablanca-Settat,CAS,Mohammadia,Urbain,Qualifiant,Année 2,Masculin,18,Mariage précoce,< 1 km,> 7000 MAD,2,0,0
AB404207,2019-2020,Béni Mellal-Khénifra,BMK,Fquih Ben Salah,Urbain,Collégial,Année 1,Masculin,14,Difficultés économiques,1–5 km,2000-4000 MAD,1,0,0
AB404208,2021-2022,Marrakech-Safi,MAR,Chichaoua,Urbain,Qualifiant,Année 2,Masculin,16,Grossesse,5–15 km,4000-7000 MAD,1,0,0
AB404209,2016-2017,Drâa-Tafilalet,DRA,Zagora,Rural,Collégial,Année 3,Masculin,14,Difficultés économiques,1–5 km,2000-4000 MAD,8,0,0
AB404210,2018-2019,Tanger-Tétouan-Al Hoceïma,TAN,Fahs-Anjra,Urbain,Collégial,Année 1,Féminin,15,Travail enfant,1–5 km,2000-4000 MAD,3,1,0
AB404211,2018-2019,Souss-Massa,SOU,Chtouka-Ait Baha,Rural,Collégial,Année 2,Féminin,15,Difficultés économiques,< 1 km,4000-7000 MAD,8,1,0
AB404212,2015-2016,Béni Mellal-Khénifra,BMK,Fquih Ben Salah,Rural,Primaire,Année 6,Féminin,10,Éloignement de l'établissement,< 1 km,2000-4000 MAD,2,0,0
AB404213,2019-2020,Béni Mellal-Khénifra,BMK,Khouribga,Urbain,Collégial,Année 2,Féminin,15,Difficultés scolaires,1–5 km,< 2000 MAD,5,1,0
AB404214,2020-2021,Casablanca-Settat,CAS,Casablanca,Rural,Collégial,Année 3,Masculin,14,Éloignement de l'établissement,5–15 km,4000-7000 MAD,6,1,0
AB404215,2015-2016,Oriental,ORI,Oujda-Angad,Rural,Qualifiant,Année 1,Masculin,16,Difficultés économiques,1–5 km,< 2000 MAD,7,0,1
AB404216,2019-2020,Souss-Massa,SOU,Chtouka-Ait Baha,Rural,Primaire,Année 3,Masculin,12,Difficultés économiques,< 1 km,2000-4000 MAD,6,0,0
AB404217,2017-2018,Souss-Massa,SOU,Inezgane-Ait Melloul,Rural,Primaire,Année 6,Masculin,8,Éloignement de l'établissement,5–15 km,4000-7000 MAD,2,0,1
AB404218,2022-2023,Tanger-Tétouan-Al Hoceïma,TAN,Tétouan,Urbain,Primaire,Année 6,Masculin,11,Travail enfant,< 1 km,4000-7000 MAD,5,1,0
AB404219,2021-2022,Béni Mellal-Khénifra,BMK,El Kelaa des Sraghna,Urbain,Primaire,Année 1,Masculin,7,Difficultés économiques,5–15 km,2000-4000 MAD,6,0,1
AB404220,2019-2020,Souss-Massa,SOU,Taroudannt,Rural,Collégial,Année 2,Féminin,15,Autre,1–5 km,2000-4000 MAD,8,0,1
AB404221,2019-2020,Casablanca-Settat,CAS,Sidi Bennour,Urbain,Collégial,Année 1,Masculin,14,Difficultés scolaires,5–15 km,< 2000 MAD,8,0,0
AB404222,2021-2022,Rabat-Salé-Kénitra,RAB,Kénitra,Rural,Primaire,Année 1,Féminin,12,Travail enfant,> 15 km,< 2000 MAD,7,0,0
AB404223,2016-2017,Oriental,ORI,Driouch,Rural,Collégial,Année 2,Masculin,14,Travail enfant,< 1 km,2000-4000 MAD,7,1,0
AB404224,2015-2016,Marrakech-Safi,MAR,Essaouira,Urbain,Collégial,Année 1,Féminin,14,Travail enfant,< 1 km,4000-7000 MAD,5,0,1
AB404225,2022-2023,Souss-Massa,SOU,Agadir-Ida-Ou-Tanane,Rural,Collégial,Année 2,Féminin,14,Difficultés économiques,1–5 km,4000-7000 MAD,1,1,0
AB404226,2021-2022,Tanger-Tétouan-Al Hoceïma,TAN,Chefchaouen,Rural,Primaire,Année 6,Féminin,8,Manque d'infrastructures,< 1 km,> 7000 MAD,6,0,0
AB404227,2022-2023,Marrakech-Safi,MAR,Safi,Rural,Primaire,Année 5,Féminin,11,Mariage précoce,< 1 km,4000-7000 MAD,5,1,1
AB404228,2021-2022,Rabat-Salé-Kénitra,RAB,Rabat,Rural,Qualifiant,Année 2,Masculin,18,Mariage précoce,5–15 km,> 7000 MAD,6,1,1
AB404229,2016-2017,Oriental,ORI,Taourirt,Rural,Collégial,Année 2,Féminin,14,Travail enfant,1–5 km,< 2000 MAD,2,1,1
AB404230,2017-2018,Laâyoune-Sakia El Hamra,LAA,Es-Semara,Rural,Primaire,Année 1,Masculin,9,Travail enfant,1–5 km,4000-7000 MAD,3,1,1
AB404231,2018-2019,Rabat-Salé-Kénitra,RAB,Rabat,Urbain,Collégial,Année 2,Masculin,14,Éloignement de l'établissement,< 1 km,4000-7000 MAD,2,0,0
AB404232,2017-2018,Laâyoune-Sakia El Hamra,LAA,Laâyoune,Urbain,Primaire,Année 3,Masculin,12,Difficultés économiques,5–15 km,< 2000 MAD,4,1,0
AB404233,2019-2020,Fès-Meknès,FES,Taounate,Urbain,Collégial,Année 3,Masculin,13,Difficultés économiques,1–5 km,4000-7000 MAD,4,1,1
AB404234,2022-2023,Tanger-Tétouan-Al Hoceïma,TAN,Chefchaouen,Rural,Collégial,Année 2,Masculin,15,Difficultés économiques,> 15 km,2000-4000 MAD,5,0,0
AB404235,2020-2021,Marrakech-Safi,MAR,Essaouira,Urbain,Qualifiant,Année 1,Masculin,16,Manque d'infrastructures,< 1 km,2000-4000 MAD,5,1,0
AB404236,2021-2022,Drâa-Tafilalet,DRA,Errachidia,Urbain,Qualifiant,Année 2,Féminin,18,Éloignement de l'établissement,5–15 km,2000-4000 MAD,3,0,1
AB404237,2022-2023,Rabat-Salé-Kénitra,RAB,Khémisset,Urbain,Primaire,Année 5,Masculin,12,Travail enfant,5–15 km,2000-4000 MAD,6,1,0
AB404238,2019-2020,Casablanca-Settat,CAS,Khouribga,Rural,Primaire,Année 5,Masculin,11,Difficultés scolaires,5–15 km,4000-7000 MAD,8,1,1
AB404239,2016-2017,Rabat-Salé-Kénitra,RAB,Skhirate-Témara,Rural,Qualifiant,Année 2,Masculin,17,Difficultés économiques,> 15 km,< 2000 MAD,2,1,0
AB404240,2016-2017,Souss-Massa,SOU,Chtouka-Ait Baha,Rural,Collégial,Année 2,Masculin,15,Difficultés économiques,5–15 km,4000-7000 MAD,1,0,1
AB404241,2018-2019,Rabat-Salé-Kénitra,RAB,Sidi Slimane,Rural,Qualifiant,Année 3,Féminin,18,Difficultés économiques,1–5 km,4000-7000 MAD,7,0,0
AB404242,2015-2016,Oriental,ORI,Berkane,Rural,Primaire,Année 5,Masculin,7,Éloignement de l'établissement,5–15 km,2000-4000 MAD,8,1,0
AB404243,2018-2019,Souss-Massa,SOU,Inezgane-Ait Melloul,Rural,Collégial,Année 1,Masculin,15,Difficultés économiques,1–5 km,< 2000 MAD,6,1,0
AB404244,2020-2021,Marrakech-Safi,MAR,Safi,Urbain,Primaire,Année 4,Féminin,12,Éloignement de l'établissement,1–5 km,4000-7000 MAD,4,0,0
AB404245,2022-2023,Tanger-Tétouan-Al Hoceïma,TAN,Chefchaouen,Rural,Qualifiant,Année 3,Féminin,18,Handicap,1–5 km,< 2000 MAD,3,1,0
AB404246,2015-2016,Rabat-Salé-Kénitra,RAB,Khémisset,Urbain,Qualifiant,Année 3,Masculin,16,Autre,1–5 km,< 2000 MAD,8,1,0
AB404247,2022-2023,Rabat-Salé-Kénitra,RAB,Sidi Kacem,Urbain,Primaire,Année 6,Masculin,8,Travail enfant,1–5 km,4000-7000 MAD,3,0,0
AB404248,2016-2017,Casablanca-Settat,CAS,Khouribga,Rural,Collégial,Année 2,Féminin,14,Autre,5–15 km,4000-7000 MAD,4,0,0
AB404249,2023-2024,Marrakech-Safi,MAR,Marrakech,Rural,Primaire,Année 6,Féminin,11,Éloignement de l'établissement,5–15 km,4000-7000 MAD,4,1,0
AB404250,2016-2017,Casablanca-Settat,CAS,Mohammadia,Urbain,Qualifiant,Année 1,Masculin,18,Mariage précoce,1–5 km,2000-4000 MAD,3,1,1
AB404251,2017-2018,Casablanca-Settat,CAS,Berrechid,Rural,Qualifiant,Année 1,Féminin,18,Travail enfant,5–15 km,4000-7000 MAD,4,0,0
AB404252,2017-2018,Souss-Massa,SOU,Inezgane-Ait Melloul,Urbain,Qualifiant,Année 1,Masculin,16,Autre,1–5 km,< 2000 MAD,2,0,0
AB404253,2019-2020,Marrakech-Safi,MAR,Safi,Urbain,Collégial,Année 3,Féminin,15,Mariage précoce,5–15 km,2000-4000 MAD,2,1,0
AB404254,2017-2018,Rabat-Salé-Kénitra,RAB,Khémisset,Rural,Primaire,Année 1,Masculin,12,Autre,1–5 km,4000-7000 MAD,3,1,0
AB404255,2023-2024,Fès-Meknès,FES,Ifrane,Rural,Collégial,Année 3,Féminin,14,Mariage précoce,1–5 km,4000-7000 MAD,1,1,1
AB404256,2018-2019,Oriental,ORI,Driouch,Rural,Qualifiant,Année 2,Masculin,16,Mariage précoce,< 1 km,< 2000 MAD,7,0,0
AB404257,2021-2022,Marrakech-Safi,MAR,Chichaoua,Urbain,Collégial,Année 1,Masculin,14,Mariage précoce,5–15 km,< 2000 MAD,4,0,0
AB404258,2023-2024,Tanger-Tétouan-Al Hoceïma,TAN,Mdiq-Fnideq,Rural,Collégial,Année 2,Masculin,15,Mariage précoce,> 15 km,< 2000 MAD,3,1,0
AB404259,2023-2024,Oriental,ORI,Taourirt,Urbain,Primaire,Année 1,Féminin,8,Difficultés économiques,5–15 km,> 7000 MAD,4,1,0
AB404260,2018-2019,Casablanca-Settat,CAS,El Jadida,Rural,Primaire,Année 1,Féminin,8,Difficultés économiques,5–15 km,< 2000 MAD,8,1,1
AB404261,2016-2017,Béni Mellal-Khénifra,BMK,Azilal,Urbain,Primaire,Année 3,Masculin,12,Travail enfant,> 15 km,2000-4000 MAD,1,1,0
AB404262,2019-2020,Oriental,ORI,Oujda-Angad,Rural,Qualifiant,Année 2,Masculin,16,Mariage précoce,< 1 km,2000-4000 MAD,6,1,0
AB404263,2021-2022,Fès-Meknès,FES,Séfrou,Urbain,Qualifiant,Année 2,Masculin,18,Difficultés économiques,< 1 km,4000-7000 MAD,8,1,0
AB404264,2022-2023,Béni Mellal-Khénifra,BMK,Khouribga,Rural,Collégial,Année 3,Masculin,13,Difficultés économiques,< 1 km,< 2000 MAD,3,0,1
AB404265,2020-2021,Fès-Meknès,FES,Boulemane,Urbain,Collégial,Année 3,Féminin,14,Difficultés scolaires,1–5 km,> 7000 MAD,1,1,0
AB404266,2015-2016,Rabat-Salé-Kénitra,RAB,Salé,Urbain,Collégial,Année 3,Masculin,14,Travail enfant,> 15 km,4000-7000 MAD,6,0,0
AB404267,2017-2018,Marrakech-Safi,MAR,Al Haouz,Urbain,Primaire,Année 1,Féminin,9,Difficultés économiques,1–5 km,2000-4000 MAD,7,0,1
AB404268,2023-2024,Marrakech-Safi,MAR,Marrakech,Rural,Collégial,Année 1,Féminin,13,Difficultés économiques,< 1 km,4000-7000 MAD,2,1,0
AB404269,2016-2017,Rabat-Salé-Kénitra,RAB,Rabat,Urbain,Collégial,Année 2,Masculin,13,Difficultés économiques,1–5 km,> 7000 MAD,8,1,1
AB404270,2021-2022,Rabat-Salé-Kénitra,RAB,Skhirate-Témara,Rural,Collégial,Année 2,Féminin,13,Difficultés économiques,1–5 km,2000-4000 MAD,7,0,0
AB404271,2021-2022,Fès-Meknès,FES,Fès,Rural,Collégial,Année 2,Masculin,14,Manque d'infrastructures,5–15 km,2000-4000 MAD,1,0,1
AB404272,2015-2016,Casablanca-Settat,CAS,Mohammadia,Rural,Qualifiant,Année 3,Masculin,16,Éloignement de l'établissement,1–5 km,< 2000 MAD,8,1,1
AB404273,2023-2024,Fès-Meknès,FES,Moulay Yacoub,Urbain,Collégial,Année 1,Masculin,15,Éloignement de l'établissement,5–15 km,4000-7000 MAD,2,1,0
AB404274,2021-2022,Marrakech-Safi,MAR,Marrakech,Urbain,Collégial,Année 1,Masculin,13,Difficultés scolaires,< 1 km,< 2000 MAD,7,1,0
AB404275,2021-2022,Fès-Meknès,FES,Fès,Urbain,Primaire,Année 6,Masculin,11,Travail enfant,5–15 km,2000-4000 MAD,4,1,0
AB404276,2020-2021,Marrakech-Safi,MAR,El Kelaa des Sraghna,Urbain,Collégial,Année 3,Masculin,13,Manque d'infrastructures,< 1 km,4000-7000 MAD,3,1,0
AB404277,2018-2019,Marrakech-Safi,MAR,Safi,Rural,Collégial,Année 2,Féminin,15,Handicap,< 1 km,4000-7000 MAD,1,1,1
AB404278,2023-2024,Fès-Meknès,FES,Ifrane,Rural,Qualifiant,Année 1,Féminin,18,Difficultés économiques,> 15 km,2000-4000 MAD,2,0,0
AB404279,2022-2023,Oriental,ORI,Berkane,Rural,Collégial,Année 3,Féminin,13,Difficultés économiques,< 1 km,> 7000 MAD,3,1,0
AB404280,2017-2018,Rabat-Salé-Kénitra,RAB,Sidi Kacem,Urbain,Collégial,Année 1,Masculin,15,Éloignement de l'établissement,< 1 km,2000-4000 MAD,6,1,0
AB404281,2023-2024,Casablanca-Settat,CAS,Berrechid,Rural,Primaire,Année 2,Féminin,10,Travail enfant,< 1 km,> 7000 MAD,1,0,0
AB404282,2015-2016,Casablanca-Settat,CAS,Khouribga,Rural,Qualifiant,Année 3,Masculin,16,Difficultés économiques,5–15 km,4000-7000 MAD,8,0,0
AB404283,2021-2022,Rabat-Salé-Kénitra,RAB,Skhirate-Témara,Rural,Collégial,Année 3,Masculin,13,Éloignement de l'établissement,< 1 km,2000-4000 MAD,4,1,0
AB404284,2016-2017,Oriental,ORI,Jerada,Urbain,Qualifiant,Année 3,Masculin,17,Handicap,5–15 km,4000-7000 MAD,6,0,0
AB404285,2021-2022,Souss-Massa,SOU,Tiznit,Rural,Qualifiant,Année 3,Masculin,16,Grossesse,1–5 km,4000-7000 MAD,8,1,0
AB404286,2015-2016,Béni Mellal-Khénifra,BMK,Azilal,Rural,Collégial,Année 3,Masculin,13,Difficultés économiques,< 1 km,2000-4000 MAD,3,1,0
AB404287,2019-2020,Oriental,ORI,Figuig,Rural,Qualifiant,Année 1,Féminin,17,Grossesse,< 1 km,< 2000 MAD,6,0,0
AB404288,2021-2022,Oriental,ORI,Oujda-Angad,Rural,Collégial,Année 3,Masculin,14,Manque d'infrastructures,5–15 km,4000-7000 MAD,7,1,0
AB404289,2015-2016,Fès-Meknès,FES,El Hajeb,Rural,Collégial,Année 2,Féminin,15,Difficultés économiques,1–5 km,< 2000 MAD,3,0,0
AB404290,2018-2019,Rabat-Salé-Kénitra,RAB,Khémisset,Urbain,Primaire,Année 6,Masculin,9,Difficultés économiques,> 15 km,2000-4000 MAD,4,1,0
AB404291,2018-2019,Drâa-Tafilalet,DRA,Ouarzazate,Urbain,Primaire,Année 2,Féminin,12,Mariage précoce,1–5 km,< 2000 MAD,6,0,0
AB404292,2015-2016,Drâa-Tafilalet,DRA,Midelt,Rural,Collégial,Année 3,Féminin,13,Difficultés économiques,< 1 km,2000-4000 MAD,2,0,1
AB404293,2022-2023,Tanger-Tétouan-Al Hoceïma,TAN,Tanger-Assilah,Rural,Primaire,Année 1,Féminin,10,Travail enfant,1–5 km,2000-4000 MAD,6,1,1
AB404294,2017-2018,Guelmim-Oued Noun,GUE,Assa-Zag,Urbain,Primaire,Année 1,Masculin,11,Difficultés économiques,< 1 km,2000-4000 MAD,8,1,0
AB404295,2022-2023,Tanger-Tétouan-Al Hoceïma,TAN,Chefchaouen,Urbain,Primaire,Année 4,Féminin,7,Difficultés économiques,1–5 km,2000-4000 MAD,4,0,0
AB404296,2018-2019,Casablanca-Settat,CAS,Benslimane,Rural,Primaire,Année 3,Féminin,8,Travail enfant,> 15 km,2000-4000 MAD,8,1,0
AB404297,2019-2020,Béni Mellal-Khénifra,BMK,Béni Mellal,Rural,Qualifiant,Année 3,Masculin,16,Mariage précoce,5–15 km,< 2000 MAD,1,0,0
AB404298,2016-2017,Rabat-Salé-Kénitra,RAB,Rabat,Urbain,Primaire,Année 1,Féminin,9,Travail enfant,> 15 km,> 7000 MAD,3,1,0
AB404299,2020-2021,Casablanca-Settat,CAS,Berrechid,Rural,Collégial,Année 2,Masculin,13,Difficultés scolaires,1–5 km,4000-7000 MAD,6,0,0
AB404300,2021-2022,Fès-Meknès,FES,Boulemane,Urbain,Primaire,Année 3,Masculin,11,Travail enfant,1–5 km,2000-4000 MAD,7,1,1
AB404301,2017-2018,Oriental,ORI,Figuig,Rural,Collégial,Année 3,Masculin,13,Travail enfant,5–15 km,< 2000 MAD,1,1,1
AB404302,2021-2022,Casablanca-Settat,CAS,Settat,Urbain,Qualifiant,Année 1,Masculin,16,Travail enfant,< 1 km,< 2000 MAD,2,0,0
AB404303,2022-2023,Casablanca-Settat,CAS,Casablanca,Rural,Primaire,Année 5,Masculin,12,Éloignement de l'établissement,1–5 km,2000-4000 MAD,3,1,1
AB404304,2021-2022,Tanger-Tétouan-Al Hoceïma,TAN,Larache,Rural,Qualifiant,Année 1,Masculin,16,Difficultés économiques,1–5 km,4000-7000 MAD,4,1,0
AB404305,2016-2017,Fès-Meknès,FES,Fès,Urbain,Collégial,Année 2,Féminin,14,Difficultés économiques,< 1 km,< 2000 MAD,5,0,0
AB404306,2021-2022,Rabat-Salé-Kénitra,RAB,Sidi Slimane,Urbain,Collégial,Année 2,Masculin,13,Difficultés économiques,1–5 km,2000-4000 MAD,1,1,1
AB404307,2016-2017,Marrakech-Safi,MAR,Chichaoua,Urbain,Primaire,Année 5,Féminin,7,Éloignement de l'établissement,< 1 km,< 2000 MAD,8,1,1
AB404308,2019-2020,Rabat-Salé-Kénitra,RAB,Skhirate-Témara,Urbain,Primaire,Année 3,Féminin,8,Éloignement de l'établissement,> 15 km,> 7000 MAD,2,0,1
AB404309,2017-2018,Marrakech-Safi,MAR,Essaouira,Urbain,Collégial,Année 2,Féminin,15,Travail enfant,> 15 km,2000-4000 MAD,5,1,0
AB404310,2018-2019,Fès-Meknès,FES,El Hajeb,Urbain,Primaire,Année 6,Féminin,8,Difficultés scolaires,1–5 km,2000-4000 MAD,7,1,0
AB404311,2020-2021,Rabat-Salé-Kénitra,RAB,Rabat,Urbain,Qualifiant,Année 3,Masculin,16,Grossesse,1–5 km,< 2000 MAD,7,0,0
AB404312,2022-2023,Casablanca-Settat,CAS,Settat,Urbain,Qualifiant,Année 1,Masculin,16,Éloignement de l'établissement,> 15 km,< 2000 MAD,5,1,0
AB404313,2020-2021,Rabat-Salé-Kénitra,RAB,Rabat,Urbain,Collégial,Année 3,Masculin,13,Difficultés économiques,< 1 km,> 7000 MAD,1,0,0
AB404314,2023-2024,Marrakech-Safi,MAR,Chichaoua,Rural,Collégial,Année 1,Féminin,15,Difficultés économiques,1–5 km,< 2000 MAD,8,0,1
AB404315,2022-2023,Fès-Meknès,FES,Meknès,Urbain,Qualifiant,Année 3,Masculin,17,Manque d'infrastructures,1–5 km,2000-4000 MAD,6,0,0
AB404316,2018-2019,Tanger-Tétouan-Al Hoceïma,TAN,Tanger-Assilah,Urbain,Primaire,Année 2,Masculin,12,Éloignement de l'établissement,1–5 km,< 2000 MAD,8,1,0
AB404317,2022-2023,Marrakech-Safi,MAR,Al Haouz,Urbain,Primaire,Année 3,Féminin,7,Travail enfant,5–15 km,2000-4000 MAD,8,1,0
AB404318,2023-2024,Casablanca-Settat,CAS,El Jadida,Urbain,Collégial,Année 3,Masculin,13,Éloignement de l'établissement,< 1 km,4000-7000 MAD,6,0,1
AB404319,2018-2019,Marrakech-Safi,MAR,Safi,Rural,Collégial,Année 1,Féminin,13,Travail enfant,5–15 km,4000-7000 MAD,6,1,0
AB404320,2015-2016,Marrakech-Safi,MAR,Marrakech,Urbain,Collégial,Année 1,Masculin,13,Éloignement de l'établissement,1–5 km,2000-4000 MAD,5,1,1
AB404321,2020-2021,Tanger-Tétouan-Al Hoceïma,TAN,Mdiq-Fnideq,Rural,Collégial,Année 2,Masculin,15,Difficultés scolaires,< 1 km,< 2000 MAD,1,0,0
AB404322,2018-2019,Marrakech-Safi,MAR,Al Haouz,Urbain,Collégial,Année 2,Féminin,14,Difficultés économiques,< 1 km,2000-4000 MAD,1,1,0
AB404323,2023-2024,Tanger-Tétouan-Al Hoceïma,TAN,Ouazzane,Rural,Qualifiant,Année 1,Masculin,16,Mariage précoce,< 1 km,2000-4000 MAD,2,0,1
AB404324,2016-2017,Guelmim-Oued Noun,GUE,Tan-Tan,Urbain,Qualifiant,Année 3,Féminin,16,Mariage précoce,> 15 km,2000-4000 MAD,2,1,0
AB404325,2016-2017,Casablanca-Settat,CAS,Khouribga,Urbain,Qualifiant,Année 2,Féminin,16,Éloignement de l'établissement,< 1 km,2000-4000 MAD,3,0,0
AB404326,2019-2020,Oriental,ORI,Taourirt,Urbain,Qualifiant,Année 2,Masculin,18,Difficultés économiques,5–15 km,4000-7000 MAD,4,1,1
AB404327,2023-2024,Casablanca-Settat,CAS,Sidi Bennour,Urbain,Qualifiant,Année 2,Féminin,16,Autre,< 1 km,2000-4000 MAD,7,1,0
AB404328,2018-2019,Oriental,ORI,Berkane,Rural,Collégial,Année 2,Féminin,15,Difficultés scolaires,< 1 km,2000-4000 MAD,5,0,0
AB404329,2016-2017,Marrakech-Safi,MAR,El Kelaa des Sraghna,Urbain,Primaire,Année 3,Masculin,12,Manque d'infrastructures,> 15 km,4000-7000 MAD,5,0,0
AB404330,2015-2016,Fès-Meknès,FES,Moulay Yacoub,Urbain,Qualifiant,Année 1,Masculin,17,Handicap,< 1 km,4000-7000 MAD,1,1,0
AB404331,2020-2021,Fès-Meknès,FES,Boulemane,Urbain,Primaire,Année 3,Féminin,8,Difficultés économiques,1–5 km,2000-4000 MAD,1,0,0
AB404332,2017-2018,Souss-Massa,SOU,Inezgane-Ait Melloul,Rural,Qualifiant,Année 1,Masculin,17,Difficultés économiques,1–5 km,< 2000 MAD,5,0,1
AB404333,2017-2018,Laâyoune-Sakia El Hamra,LAA,Laâyoune,Rural,Qualifiant,Année 1,Masculin,17,Difficultés scolaires,5–15 km,4000-7000 MAD,7,1,0
AB404334,2020-2021,Tanger-Tétouan-Al Hoceïma,TAN,Larache,Urbain,Collégial,Année 2,Masculin,15,Travail enfant,5–15 km,< 2000 MAD,4,0,1
AB404335,2020-2021,Casablanca-Settat,CAS,Settat,Rural,Collégial,Année 3,Masculin,15,Difficultés scolaires,> 15 km,2000-4000 MAD,4,1,1
AB404336,2018-2019,Fès-Meknès,FES,Meknès,Urbain,Collégial,Année 1,Féminin,14,Grossesse,5–15 km,< 2000 MAD,5,0,0
AB404337,2016-2017,Béni Mellal-Khénifra,BMK,El Kelaa des Sraghna,Rural,Collégial,Année 3,Féminin,15,Difficultés scolaires,5–15 km,2000-4000 MAD,4,0,0
AB404338,2017-2018,Drâa-Tafilalet,DRA,Ouarzazate,Rural,Collégial,Année 2,Masculin,13,Travail enfant,5–15 km,2000-4000 MAD,7,1,0
AB404339,2020-2021,Marrakech-Safi,MAR,Chichaoua,Urbain,Collégial,Année 1,Masculin,15,Difficultés économiques,< 1 km,2000-4000 MAD,8,0,0
AB404340,2020-2021,Rabat-Salé-Kénitra,RAB,Kénitra,Urbain,Qualifiant,Année 3,Masculin,17,Travail enfant,5–15 km,4000-7000 MAD,8,0,0
AB404341,2018-2019,Casablanca-Settat,CAS,Settat,Rural,Qualifiant,Année 3,Féminin,18,Difficultés économiques,1–5 km,> 7000 MAD,8,1,0
AB404342,2021-2022,Tanger-Tétouan-Al Hoceïma,TAN,Tétouan,Rural,Collégial,Année 1,Masculin,14,Difficultés économiques,1–5 km,4000-7000 MAD,4,1,0
AB404343,2016-2017,Casablanca-Settat,CAS,El Jadida,Urbain,Collégial,Année 3,Masculin,14,Éloignement de l'établissement,> 15 km,< 2000 MAD,3,1,0
AB404344,2022-2023,Drâa-Tafilalet,DRA,Midelt,Urbain,Collégial,Année 2,Féminin,14,Grossesse,1–5 km,2000-4000 MAD,1,0,0
AB404345,2019-2020,Tanger-Tétouan-Al Hoceïma,TAN,Mdiq-Fnideq,Rural,Qualifiant,Année 1,Féminin,16,Manque d'infrastructures,1–5 km,2000-4000 MAD,2,0,0
AB404346,2017-2018,Casablanca-Settat,CAS,Benslimane,Urbain,Qualifiant,Année 3,Féminin,17,Grossesse,1–5 km,< 2000 MAD,5,0,0
AB404347,2015-2016,Casablanca-Settat,CAS,Khouribga,Urbain,Primaire,Année 3,Masculin,12,Travail enfant,< 1 km,< 2000 MAD,5,1,1
AB404348,2016-2017,Souss-Massa,SOU,Taroudannt,Urbain,Collégial,Année 1,Féminin,15,Difficultés scolaires,< 1 km,4000-7000 MAD,7,1,1
AB404349,2019-2020,Rabat-Salé-Kénitra,RAB,Khémisset,Rural,Qualifiant,Année 1,Masculin,18,Grossesse,< 1 km,4000-7000 MAD,7,1,1
AB404350,2016-2017,Béni Mellal-Khénifra,BMK,Béni Mellal,Rural,Qualifiant,Année 1,Féminin,18,Manque d'infrastructures,< 1 km,> 7000 MAD,2,1,0
AB404351,2016-2017,Casablanca-Settat,CAS,El Jadida,Urbain,Collégial,Année 1,Féminin,13,Difficultés scolaires,5–15 km,< 2000 MAD,4,1,0
AB404352,2021-2022,Casablanca-Settat,CAS,Settat,Urbain,Collégial,Année 2,Masculin,15,Travail enfant,< 1 km,> 7000 MAD,1,1,0
AB404353,2017-2018,Marrakech-Safi,MAR,Safi,Rural,Qualifiant,Année 1,Masculin,18,Difficultés scolaires,5–15 km,4000-7000 MAD,3,0,0
AB404354,2019-2020,Casablanca-Settat,CAS,Benslimane,Urbain,Primaire,Année 6,Féminin,11,Manque d'infrastructures,5–15 km,< 2000 MAD,4,1,0
AB404355,2018-2019,Casablanca-Settat,CAS,Mohammadia,Rural,Qualifiant,Année 1,Masculin,16,Mariage précoce,1–5 km,2000-4000 MAD,2,1,0
AB404356,2019-2020,Casablanca-Settat,CAS,Benslimane,Rural,Collégial,Année 3,Masculin,15,Travail enfant,1–5 km,2000-4000 MAD,4,1,0
AB404357,2019-2020,Fès-Meknès,FES,El Hajeb,Rural,Collégial,Année 2,Féminin,14,Travail enfant,1–5 km,2000-4000 MAD,2,0,0
AB404358,2018-2019,Marrakech-Safi,MAR,El Kelaa des Sraghna,Rural,Collégial,Année 1,Féminin,15,Manque d'infrastructures,1–5 km,> 7000 MAD,8,0,0
AB404359,2018-2019,Souss-Massa,SOU,Tiznit,Rural,Primaire,Année 6,Masculin,10,Difficultés scolaires,> 15 km,2000-4000 MAD,3,1,0
AB404360,2019-2020,Casablanca-Settat,CAS,Casablanca,Rural,Qualifiant,Année 1,Masculin,18,Mariage précoce,< 1 km,2000-4000 MAD,6,0,0
AB404361,2021-2022,Casablanca-Settat,CAS,Benslimane,Rural,Qualifiant,Année 1,Féminin,18,Travail enfant,5–15 km,< 2000 MAD,1,0,0
AB404362,2018-2019,Casablanca-Settat,CAS,El Jadida,Urbain,Primaire,Année 4,Féminin,9,Difficultés scolaires,< 1 km,< 2000 MAD,2,0,1
AB404363,2016-2017,Marrakech-Safi,MAR,El Kelaa des Sraghna,Urbain,Primaire,Année 2,Féminin,8,Éloignement de l'établissement,5–15 km,4000-7000 MAD,7,1,0
AB404364,2023-2024,Marrakech-Safi,MAR,Chichaoua,Urbain,Primaire,Année 3,Féminin,7,Handicap,5–15 km,< 2000 MAD,2,1,0
AB404365,2017-2018,Tanger-Tétouan-Al Hoceïma,TAN,Chefchaouen,Urbain,Collégial,Année 1,Masculin,13,Difficultés économiques,1–5 km,< 2000 MAD,4,1,0
AB404366,2023-2024,Souss-Massa,SOU,Chtouka-Ait Baha,Urbain,Primaire,Année 3,Masculin,7,Difficultés économiques,5–15 km,< 2000 MAD,6,0,0
AB404367,2019-2020,Marrakech-Safi,MAR,El Kelaa des Sraghna,Rural,Collégial,Année 1,Masculin,13,Difficultés économiques,< 1 km,< 2000 MAD,1,1,0
AB404368,2022-2023,Marrakech-Safi,MAR,Safi,Urbain,Primaire,Année 6,Féminin,11,Difficultés scolaires,< 1 km,< 2000 MAD,1,0,0
AB404369,2019-2020,Casablanca-Settat,CAS,Benslimane,Rural,Primaire,Année 4,Masculin,12,Travail enfant,< 1 km,2000-4000 MAD,2,1,0
AB404370,2017-2018,Drâa-Tafilalet,DRA,Midelt,Rural,Collégial,Année 2,Masculin,15,Difficultés économiques,5–15 km,< 2000 MAD,8,1,0
AB404371,2021-2022,Fès-Meknès,FES,Ifrane,Rural,Collégial,Année 3,Masculin,13,Manque d'infrastructures,< 1 km,2000-4000 MAD,8,1,1
AB404372,2015-2016,Tanger-Tétouan-Al Hoceïma,TAN,Tanger-Assilah,Urbain,Primaire,Année 1,Masculin,9,Manque d'infrastructures,> 15 km,4000-7000 MAD,7,0,0
AB404373,2022-2023,Casablanca-Settat,CAS,Settat,Urbain,Qualifiant,Année 1,Masculin,16,Difficultés scolaires,1–5 km,> 7000 MAD,1,0,1
AB404374,2016-2017,Guelmim-Oued Noun,GUE,Sidi Ifni,Rural,Collégial,Année 3,Féminin,13,Éloignement de l'établissement,1–5 km,< 2000 MAD,4,0,0
AB404375,2018-2019,Casablanca-Settat,CAS,Sidi Bennour,Rural,Qualifiant,Année 2,Féminin,16,Autre,1–5 km,< 2000 MAD,3,1,0
AB404376,2017-2018,Casablanca-Settat,CAS,Casablanca,Rural,Primaire,Année 2,Féminin,12,Éloignement de l'établissement,< 1 km,4000-7000 MAD,5,0,0
AB404377,2020-2021,Tanger-Tétouan-Al Hoceïma,TAN,Al Hoceïma,Rural,Qualifiant,Année 3,Féminin,17,Difficultés économiques,> 15 km,< 2000 MAD,2,0,0
AB404378,2020-2021,Souss-Massa,SOU,Taroudannt,Urbain,Collégial,Année 3,Féminin,15,Difficultés scolaires,1–5 km,2000-4000 MAD,1,1,0
AB404379,2017-2018,Béni Mellal-Khénifra,BMK,Fquih Ben Salah,Rural,Collégial,Année 2,Féminin,13,Difficultés économiques,5–15 km,< 2000 MAD,6,0,0
AB404380,2023-2024,Souss-Massa,SOU,Agadir-Ida-Ou-Tanane,Rural,Collégial,Année 2,Masculin,14,Travail enfant,< 1 km,2000-4000 MAD,4,1,1
AB404381,2017-2018,Tanger-Tétouan-Al Hoceïma,TAN,Tanger-Assilah,Rural,Primaire,Année 4,Masculin,8,Mariage précoce,1–5 km,2000-4000 MAD,1,0,0
AB404382,2016-2017,Béni Mellal-Khénifra,BMK,Béni Mellal,Urbain,Collégial,Année 2,Féminin,13,Travail enfant,1–5 km,< 2000 MAD,5,1,0
AB404383,2017-2018,Tanger-Tétouan-Al Hoceïma,TAN,Chefchaouen,Rural,Qualifiant,Année 1,Féminin,18,Difficultés économiques,5–15 km,2000-4000 MAD,5,1,0
AB404384,2023-2024,Marrakech-Safi,MAR,Essaouira,Rural,Collégial,Année 2,Masculin,15,Éloignement de l'établissement,> 15 km,2000-4000 MAD,4,0,1
AB404385,2022-2023,Béni Mellal-Khénifra,BMK,Azilal,Urbain,Collégial,Année 1,Masculin,15,Difficultés économiques,5–15 km,2000-4000 MAD,5,1,0
AB404386,2021-2022,Casablanca-Settat,CAS,Sidi Bennour,Urbain,Primaire,Année 4,Masculin,12,Éloignement de l'établissement,1–5 km,4000-7000 MAD,2,0,0
AB404387,2022-2023,Souss-Massa,SOU,Agadir-Ida-Ou-Tanane,Urbain,Collégial,Année 2,Masculin,14,Difficultés économiques,5–15 km,2000-4000 MAD,2,0,1
AB404388,2015-2016,Casablanca-Settat,CAS,Benslimane,Rural,Collégial,Année 1,Masculin,14,Difficultés scolaires,< 1 km,2000-4000 MAD,5,1,0
AB404389,2017-2018,Oriental,ORI,Oujda-Angad,Rural,Collégial,Année 2,Féminin,13,Difficultés scolaires,5–15 km,< 2000 MAD,2,1,0
AB404390,2016-2017,Fès-Meknès,FES,El Hajeb,Urbain,Qualifiant,Année 3,Masculin,17,Manque d'infrastructures,5–15 km,< 2000 MAD,6,0,1
AB404391,2019-2020,Rabat-Salé-Kénitra,RAB,Skhirate-Témara,Rural,Primaire,Année 5,Masculin,12,Manque d'infrastructures,< 1 km,2000-4000 MAD,7,0,1
AB404392,2015-2016,Marrakech-Safi,MAR,Marrakech,Rural,Primaire,Année 1,Féminin,10,Travail enfant,> 15 km,2000-4000 MAD,6,0,0
AB404393,2019-2020,Marrakech-Safi,MAR,Youssoufia,Urbain,Collégial,Année 3,Masculin,13,Éloignement de l'établissement,> 15 km,2000-4000 MAD,1,0,0
AB404394,2021-2022,Casablanca-Settat,CAS,Mohammadia,Rural,Qualifiant,Année 3,Masculin,17,Manque d'infrastructures,< 1 km,2000-4000 MAD,1,0,1
AB404395,2019-2020,Fès-Meknès,FES,Ifrane,Rural,Primaire,Année 5,Féminin,7,Travail enfant,> 15 km,4000-7000 MAD,2,0,1
AB404396,2015-2016,Béni Mellal-Khénifra,BMK,Béni Mellal,Rural,Qualifiant,Année 3,Masculin,18,Éloignement de l'établissement,5–15 km,> 7000 MAD,8,1,0
AB404397,2017-2018,Casablanca-Settat,CAS,Mohammadia,Rural,Collégial,Année 2,Masculin,15,Difficultés économiques,< 1 km,< 2000 MAD,1,1,0
AB404398,2023-2024,Drâa-Tafilalet,DRA,Midelt,Urbain,Qualifiant,Année 3,Masculin,18,Difficultés économiques,5–15 km,2000-4000 MAD,4,0,0
AB404399,2022-2023,Rabat-Salé-Kénitra,RAB,Skhirate-Témara,Rural,Collégial,Année 1,Masculin,14,Difficultés scolaires,1–5 km,< 2000 MAD,6,1,0
AB404400,2015-2016,Casablanca-Settat,CAS,Settat,Rural,Primaire,Année 6,Féminin,9,Éloignement de l'établissement,1–5 km,2000-4000 MAD,3,0,0
AB404401,2021-2022,Marrakech-Safi,MAR,Youssoufia,Urbain,Collégial,Année 2,Féminin,14,Grossesse,> 15 km,2000-4000 MAD,8,1,0
AB404402,2019-2020,Béni Mellal-Khénifra,BMK,Khouribga,Rural,Qualifiant,Année 2,Féminin,17,Éloignement de l'établissement,> 15 km,2000-4000 MAD,7,1,1
AB404403,2022-2023,Tanger-Tétouan-Al Hoceïma,TAN,Fahs-Anjra,Rural,Primaire,Année 3,Masculin,9,Travail enfant,1–5 km,< 2000 MAD,3,1,0
AB404404,2016-2017,Casablanca-Settat,CAS,Khouribga,Rural,Primaire,Année 1,Féminin,8,Handicap,1–5 km,2000-4000 MAD,8,0,0
AB404405,2020-2021,Rabat-Salé-Kénitra,RAB,Khémisset,Rural,Primaire,Année 1,Masculin,9,Difficultés économiques,1–5 km,2000-4000 MAD,7,0,0
AB404406,2019-2020,Casablanca-Settat,CAS,Settat,Urbain,Qualifiant,Année 2,Masculin,16,Mariage précoce,< 1 km,< 2000 MAD,1,1,0
AB404407,2021-2022,Tanger-Tétouan-Al Hoceïma,TAN,Fahs-Anjra,Rural,Collégial,Année 2,Masculin,13,Autre,5–15 km,> 7000 MAD,2,1,0
AB404408,2022-2023,Fès-Meknès,FES,Boulemane,Rural,Qualifiant,Année 2,Féminin,18,Travail enfant,1–5 km,4000-7000 MAD,5,0,0
AB404409,2018-2019,Casablanca-Settat,CAS,Casablanca,Rural,Primaire,Année 2,Masculin,9,Difficultés scolaires,< 1 km,4000-7000 MAD,4,1,0
AB404410,2017-2018,Oriental,ORI,Figuig,Rural,Primaire,Année 6,Féminin,7,Travail enfant,< 1 km,> 7000 MAD,3,1,0
AB404411,2022-2023,Fès-Meknès,FES,Séfrou,Urbain,Collégial,Année 1,Féminin,13,Éloignement de l'établissement,5–15 km,> 7000 MAD,1,0,0
AB404412,2022-2023,Béni Mellal-Khénifra,BMK,El Kelaa des Sraghna,Rural,Collégial,Année 1,Masculin,14,Difficultés économiques,1–5 km,4000-7000 MAD,6,0,0
AB404413,2020-2021,Marrakech-Safi,MAR,El Kelaa des Sraghna,Urbain,Qualifiant,Année 2,Masculin,18,Grossesse,5–15 km,< 2000 MAD,1,0,0
AB404414,2019-2020,Casablanca-Settat,CAS,Khouribga,Urbain,Collégial,Année 1,Masculin,15,Grossesse,5–15 km,4000-7000 MAD,8,1,0
AB404415,2018-2019,Fès-Meknès,FES,Meknès,Rural,Collégial,Année 3,Masculin,13,Éloignement de l'établissement,1–5 km,4000-7000 MAD,8,0,0
AB404416,2018-2019,Fès-Meknès,FES,Taza,Urbain,Primaire,Année 2,Masculin,9,Travail enfant,< 1 km,2000-4000 MAD,8,0,0
AB404417,2022-2023,Souss-Massa,SOU,Chtouka-Ait Baha,Urbain,Qualifiant,Année 2,Féminin,16,Travail enfant,< 1 km,2000-4000 MAD,1,1,0
AB404418,2022-2023,Tanger-Tétouan-Al Hoceïma,TAN,Ouazzane,Urbain,Collégial,Année 2,Féminin,13,Grossesse,< 1 km,4000-7000 MAD,2,0,0
AB404419,2019-2020,Casablanca-Settat,CAS,Casablanca,Rural,Primaire,Année 5,Féminin,10,Travail enfant,< 1 km,4000-7000 MAD,2,1,0
AB404420,2023-2024,Fès-Meknès,FES,Moulay Yacoub,Rural,Primaire,Année 1,Masculin,10,Difficultés économiques,5–15 km,2000-4000 MAD,4,1,1
AB404421,2023-2024,Casablanca-Settat,CAS,Berrechid,Urbain,Primaire,Année 2,Féminin,10,Handicap,> 15 km,> 7000 MAD,8,0,0
AB404422,2022-2023,Fès-Meknès,FES,Boulemane,Rural,Qualifiant,Année 3,Masculin,16,Éloignement de l'établissement,1–5 km,< 2000 MAD,1,0,1
AB404423,2021-2022,Casablanca-Settat,CAS,El Jadida,Urbain,Collégial,Année 3,Masculin,15,Difficultés économiques,1–5 km,< 2000 MAD,7,0,1
AB404424,2016-2017,Fès-Meknès,FES,Meknès,Urbain,Primaire,Année 2,Féminin,8,Éloignement de l'établissement,5–15 km,4000-7000 MAD,6,0,0
AB404425,2022-2023,Oriental,ORI,Taourirt,Rural,Collégial,Année 2,Masculin,15,Difficultés scolaires,< 1 km,2000-4000 MAD,4,0,1
AB404426,2019-2020,Rabat-Salé-Kénitra,RAB,Rabat,Rural,Qualifiant,Année 1,Masculin,16,Autre,1–5 km,> 7000 MAD,2,1,0
AB404427,2022-2023,Rabat-Salé-Kénitra,RAB,Salé,Rural,Collégial,Année 1,Masculin,14,Éloignement de l'établissement,1–5 km,< 2000 MAD,2,0,0
AB404428,2018-2019,Béni Mellal-Khénifra,BMK,Fquih Ben Salah,Urbain,Collégial,Année 3,Féminin,13,Difficultés économiques,1–5 km,4000-7000 MAD,7,0,0
AB404429,2019-2020,Marrakech-Safi,MAR,Safi,Urbain,Qualifiant,Année 1,Féminin,17,Difficultés scolaires,> 15 km,2000-4000 MAD,2,0,0
AB404430,2017-2018,Marrakech-Safi,MAR,Chichaoua,Urbain,Collégial,Année 2,Masculin,14,Handicap,> 15 km,< 2000 MAD,8,0,0
AB404431,2018-2019,Rabat-Salé-Kénitra,RAB,Sidi Slimane,Urbain,Qualifiant,Année 1,Masculin,16,Difficultés économiques,> 15 km,< 2000 MAD,1,1,1
AB404432,2018-2019,Oriental,ORI,Jerada,Rural,Collégial,Année 2,Masculin,14,Difficultés scolaires,1–5 km,> 7000 MAD,6,1,1
AB404433,2018-2019,Fès-Meknès,FES,Taza,Rural,Collégial,Année 1,Masculin,13,Difficultés économiques,1–5 km,2000-4000 MAD,7,1,0
AB404434,2021-2022,Casablanca-Settat,CAS,Khouribga,Rural,Primaire,Année 2,Masculin,8,Difficultés économiques,1–5 km,2000-4000 MAD,4,1,0
AB404435,2020-2021,Souss-Massa,SOU,Tata,Rural,Collégial,Année 1,Féminin,14,Difficultés scolaires,1–5 km,4000-7000 MAD,2,1,0
AB404436,2016-2017,Marrakech-Safi,MAR,Essaouira,Rural,Primaire,Année 2,Féminin,11,Travail enfant,> 15 km,4000-7000 MAD,1,1,1
AB404437,2015-2016,Fès-Meknès,FES,El Hajeb,Rural,Primaire,Année 3,Féminin,10,Éloignement de l'établissement,< 1 km,< 2000 MAD,1,1,1
AB404438,2016-2017,Casablanca-Settat,CAS,Mohammadia,Urbain,Qualifiant,Année 1,Masculin,16,Difficultés économiques,1–5 km,> 7000 MAD,6,1,1
AB404439,2023-2024,Casablanca-Settat,CAS,Casablanca,Rural,Collégial,Année 2,Féminin,15,Travail enfant,5–15 km,< 2000 MAD,2,1,0
AB404440,2023-2024,Marrakech-Safi,MAR,Safi,Rural,Collégial,Année 2,Féminin,14,Difficultés économiques,5–15 km,< 2000 MAD,4,1,1
AB404441,2022-2023,Casablanca-Settat,CAS,Casablanca,Urbain,Qualifiant,Année 3,Féminin,17,Mariage précoce,1–5 km,4000-7000 MAD,3,0,0
AB404442,2019-2020,Marrakech-Safi,MAR,El Kelaa des Sraghna,Rural,Qualifiant,Année 3,Féminin,18,Autre,1–5 km,< 2000 MAD,4,1,0
AB404443,2023-2024,Fès-Meknès,FES,Meknès,Rural,Collégial,Année 1,Masculin,13,Difficultés économiques,> 15 km,4000-7000 MAD,7,0,0
AB404444,2018-2019,Oriental,ORI,Berkane,Rural,Collégial,Année 1,Féminin,13,Travail enfant,5–15 km,4000-7000 MAD,3,0,1
AB404445,2022-2023,Marrakech-Safi,MAR,El Kelaa des Sraghna,Rural,Collégial,Année 2,Féminin,15,Difficultés économiques,< 1 km,4000-7000 MAD,4,1,0
AB404446,2023-2024,Rabat-Salé-Kénitra,RAB,Sidi Slimane,Urbain,Primaire,Année 3,Masculin,12,Difficultés économiques,< 1 km,2000-4000 MAD,1,0,0
AB404447,2019-2020,Laâyoune-Sakia El Hamra,LAA,Es-Semara,Rural,Qualifiant,Année 3,Masculin,16,Travail enfant,< 1 km,< 2000 MAD,6,1,0
AB404448,2019-2020,Tanger-Tétouan-Al Hoceïma,TAN,Tanger-Assilah,Urbain,Qualifiant,Année 2,Masculin,18,Mariage précoce,1–5 km,2000-4000 MAD,5,1,0
AB404449,2020-2021,Casablanca-Settat,CAS,Khouribga,Urbain,Primaire,Année 4,Masculin,11,Éloignement de l'établissement,5–15 km,< 2000 MAD,1,1,0
AB404450,2019-2020,Marrakech-Safi,MAR,Marrakech,Urbain,Collégial,Année 1,Masculin,14,Mariage précoce,< 1 km,2000-4000 MAD,2,0,1
AB404451,2018-2019,Marrakech-Safi,MAR,Marrakech,Rural,Qualifiant,Année 1,Masculin,16,Difficultés économiques,5–15 km,2000-4000 MAD,6,1,1
AB404452,2017-2018,Guelmim-Oued Noun,GUE,Assa-Zag,Rural,Collégial,Année 3,Féminin,14,Éloignement de l'établissement,5–15 km,2000-4000 MAD,8,1,0
AB404453,2015-2016,Béni Mellal-Khénifra,BMK,Khouribga,Urbain,Primaire,Année 4,Féminin,8,Éloignement de l'établissement,< 1 km,2000-4000 MAD,6,0,0
AB404454,2020-2021,Casablanca-Settat,CAS,Berrechid,Rural,Collégial,Année 1,Masculin,14,Éloignement de l'établissement,1–5 km,4000-7000 MAD,5,0,0
AB404455,2019-2020,Marrakech-Safi,MAR,Chichaoua,Urbain,Qualifiant,Année 3,Féminin,17,Éloignement de l'établissement,1–5 km,< 2000 MAD,4,1,0
AB404456,2015-2016,Rabat-Salé-Kénitra,RAB,Khémisset,Urbain,Collégial,Année 2,Masculin,15,Difficultés économiques,1–5 km,> 7000 MAD,7,0,0
AB404457,2023-2024,Souss-Massa,SOU,Chtouka-Ait Baha,Urbain,Collégial,Année 1,Féminin,13,Mariage précoce,< 1 km,2000-4000 MAD,8,1,1
AB404458,2016-2017,Casablanca-Settat,CAS,Settat,Rural,Primaire,Année 6,Féminin,12,Handicap,5–15 km,2000-4000 MAD,5,1,0
AB404459,2016-2017,Casablanca-Settat,CAS,Settat,Rural,Collégial,Année 2,Masculin,14,Mariage précoce,1–5 km,2000-4000 MAD,7,0,1
AB404460,2022-2023,Marrakech-Safi,MAR,Chichaoua,Urbain,Collégial,Année 1,Masculin,14,Travail enfant,1–5 km,4000-7000 MAD,4,1,1
AB404461,2020-2021,Souss-Massa,SOU,Inezgane-Ait Melloul,Rural,Collégial,Année 1,Féminin,15,Manque d'infrastructures,< 1 km,> 7000 MAD,3,1,1
AB404462,2017-2018,Souss-Massa,SOU,Inezgane-Ait Melloul,Rural,Collégial,Année 3,Féminin,13,Éloignement de l'établissement,1–5 km,> 7000 MAD,7,0,1
AB404463,2018-2019,Rabat-Salé-Kénitra,RAB,Rabat,Rural,Collégial,Année 2,Féminin,14,Travail enfant,> 15 km,> 7000 MAD,8,1,0
AB404464,2022-2023,Souss-Massa,SOU,Chtouka-Ait Baha,Rural,Primaire,Année 4,Masculin,7,Travail enfant,< 1 km,4000-7000 MAD,1,1,0
AB404465,2022-2023,Casablanca-Settat,CAS,Sidi Bennour,Urbain,Collégial,Année 2,Féminin,13,Mariage précoce,< 1 km,2000-4000 MAD,6,1,0
AB404466,2017-2018,Marrakech-Safi,MAR,Essaouira,Urbain,Primaire,Année 5,Féminin,9,Éloignement de l'établissement,1–5 km,2000-4000 MAD,6,1,1
AB404467,2018-2019,Casablanca-Settat,CAS,Khouribga,Rural,Qualifiant,Année 1,Féminin,18,Éloignement de l'établissement,5–15 km,< 2000 MAD,5,1,0
AB404468,2015-2016,Oriental,ORI,Jerada,Rural,Primaire,Année 3,Masculin,7,Difficultés économiques,1–5 km,< 2000 MAD,6,1,0
AB404469,2023-2024,Rabat-Salé-Kénitra,RAB,Salé,Rural,Collégial,Année 3,Masculin,13,Difficultés économiques,< 1 km,4000-7000 MAD,6,1,0
AB404470,2021-2022,Oriental,ORI,Driouch,Urbain,Collégial,Année 2,Masculin,15,Travail enfant,1–5 km,2000-4000 MAD,3,1,0
AB404471,2022-2023,Béni Mellal-Khénifra,BMK,Béni Mellal,Rural,Collégial,Année 2,Féminin,15,Mariage précoce,5–15 km,< 2000 MAD,8,1,0
AB404472,2021-2022,Souss-Massa,SOU,Agadir-Ida-Ou-Tanane,Urbain,Collégial,Année 3,Féminin,14,Difficultés économiques,5–15 km,2000-4000 MAD,3,1,0
AB404473,2021-2022,Oriental,ORI,Jerada,Urbain,Collégial,Année 2,Masculin,15,Autre,> 15 km,2000-4000 MAD,7,1,0
AB404474,2018-2019,Béni Mellal-Khénifra,BMK,Béni Mellal,Rural,Qualifiant,Année 3,Féminin,18,Handicap,< 1 km,2000-4000 MAD,7,1,0
AB404475,2017-2018,Drâa-Tafilalet,DRA,Midelt,Urbain,Collégial,Année 2,Masculin,14,Mariage précoce,1–5 km,< 2000 MAD,7,1,0
AB404476,2016-2017,Oriental,ORI,Jerada,Urbain,Primaire,Année 6,Masculin,9,Travail enfant,1–5 km,2000-4000 MAD,8,1,0
AB404477,2019-2020,Casablanca-Settat,CAS,Settat,Rural,Primaire,Année 2,Masculin,7,Difficultés scolaires,1–5 km,2000-4000 MAD,7,1,1
AB404478,2016-2017,Casablanca-Settat,CAS,Sidi Bennour,Urbain,Collégial,Année 2,Masculin,14,Mariage précoce,1–5 km,< 2000 MAD,5,1,0
AB404479,2016-2017,Souss-Massa,SOU,Taroudannt,Rural,Qualifiant,Année 1,Féminin,18,Autre,5–15 km,> 7000 MAD,6,1,0
AB404480,2016-2017,Casablanca-Settat,CAS,Casablanca,Rural,Primaire,Année 5,Masculin,12,Difficultés scolaires,1–5 km,2000-4000 MAD,4,0,0
AB404481,2023-2024,Tanger-Tétouan-Al Hoceïma,TAN,Al Hoceïma,Urbain,Qualifiant,Année 3,Masculin,18,Éloignement de l'établissement,1–5 km,2000-4000 MAD,8,0,0
AB404482,2021-2022,Casablanca-Settat,CAS,Mohammadia,Rural,Collégial,Année 1,Féminin,15,Mariage précoce,< 1 km,< 2000 MAD,2,1,0
AB404483,2015-2016,Rabat-Salé-Kénitra,RAB,Khémisset,Rural,Collégial,Année 1,Féminin,13,Travail enfant,< 1 km,4000-7000 MAD,1,1,1
AB404484,2021-2022,Casablanca-Settat,CAS,Sidi Bennour,Urbain,Qualifiant,Année 3,Masculin,16,Éloignement de l'établissement,1–5 km,2000-4000 MAD,2,0,0
AB404485,2019-2020,Béni Mellal-Khénifra,BMK,Béni Mellal,Rural,Qualifiant,Année 2,Féminin,16,Difficultés économiques,1–5 km,2000-4000 MAD,2,1,0
AB404486,2015-2016,Oriental,ORI,Jerada,Rural,Collégial,Année 2,Féminin,13,Difficultés économiques,1–5 km,2000-4000 MAD,4,1,0
AB404487,2020-2021,Marrakech-Safi,MAR,Chichaoua,Urbain,Primaire,Année 3,Féminin,7,Autre,1–5 km,4000-7000 MAD,6,0,1
AB404488,2018-2019,Rabat-Salé-Kénitra,RAB,Rabat,Urbain,Primaire,Année 6,Féminin,7,Difficultés économiques,5–15 km,< 2000 MAD,8,0,1
AB404489,2023-2024,Marrakech-Safi,MAR,Marrakech,Rural,Primaire,Année 5,Masculin,7,Travail enfant,5–15 km,< 2000 MAD,8,1,0
AB404490,2021-2022,Rabat-Salé-Kénitra,RAB,Khémisset,Urbain,Collégial,Année 1,Féminin,15,Difficultés économiques,5–15 km,< 2000 MAD,3,1,1
AB404491,2017-2018,Casablanca-Settat,CAS,El Jadida,Urbain,Primaire,Année 2,Masculin,9,Manque d'infrastructures,5–15 km,4000-7000 MAD,4,0,1
AB404492,2021-2022,Rabat-Salé-Kénitra,RAB,Kénitra,Rural,Qualifiant,Année 1,Masculin,16,Mariage précoce,1–5 km,2000-4000 MAD,5,0,0
AB404493,2021-2022,Casablanca-Settat,CAS,El Jadida,Urbain,Collégial,Année 3,Féminin,13,Travail enfant,< 1 km,< 2000 MAD,4,0,0
AB404494,2019-2020,Fès-Meknès,FES,Taounate,Rural,Collégial,Année 3,Masculin,15,Difficultés scolaires,< 1 km,< 2000 MAD,5,0,1
AB404495,2021-2022,Marrakech-Safi,MAR,Essaouira,Urbain,Qualifiant,Année 3,Féminin,17,Grossesse,> 15 km,2000-4000 MAD,3,1,0
AB404496,2022-2023,Marrakech-Safi,MAR,Youssoufia,Urbain,Qualifiant,Année 2,Masculin,16,Autre,> 15 km,2000-4000 MAD,6,0,1
AB404497,2023-2024,Fès-Meknès,FES,Boulemane,Rural,Collégial,Année 3,Féminin,14,Éloignement de l'établissement,< 1 km,2000-4000 MAD,6,0,0
AB404498,2017-2018,Casablanca-Settat,CAS,Settat,Rural,Collégial,Année 2,Masculin,15,Difficultés économiques,1–5 km,2000-4000 MAD,2,0,1
AB404499,2023-2024,Béni Mellal-Khénifra,BMK,El Kelaa des Sraghna,Urbain,Qualifiant,Année 2,Masculin,16,Handicap,< 1 km,> 7000 MAD,5,1,1
AB404500,2015-2016,Drâa-Tafilalet,DRA,Midelt,Rural,Qualifiant,Année 2,Masculin,18,Éloignement de l'établissement,1–5 km,< 2000 MAD,3,0,0
AB404501,2023-2024,Rabat-Salé-Kénitra,RAB,Rabat,Urbain,Collégial,Année 1,Masculin,15,Éloignement de l'établissement,< 1 km,2000-4000 MAD,6,0,0
AB404502,2016-2017,Fès-Meknès,FES,Moulay Yacoub,Rural,Collégial,Année 2,Féminin,13,Handicap,> 15 km,2000-4000 MAD,1,0,0
AB404503,2022-2023,Rabat-Salé-Kénitra,RAB,Sidi Slimane,Urbain,Collégial,Année 2,Féminin,14,Difficultés scolaires,> 15 km,2000-4000 MAD,5,0,0
AB404504,2016-2017,Béni Mellal-Khénifra,BMK,El Kelaa des Sraghna,Rural,Collégial,Année 1,Masculin,15,Éloignement de l'établissement,1–5 km,> 7000 MAD,6,0,0
AB404505,2015-2016,Marrakech-Safi,MAR,El Kelaa des Sraghna,Rural,Collégial,Année 2,Masculin,14,Travail enfant,1–5 km,< 2000 MAD,4,1,0
AB404506,2017-2018,Fès-Meknès,FES,Taza,Rural,Qualifiant,Année 2,Féminin,17,Mariage précoce,5–15 km,2000-4000 MAD,4,0,1
AB404507,2023-2024,Casablanca-Settat,CAS,Mohammadia,Rural,Collégial,Année 2,Masculin,14,Difficultés économiques,1–5 km,4000-7000 MAD,6,0,1
AB404508,2023-2024,Marrakech-Safi,MAR,Chichaoua,Rural,Collégial,Année 2,Féminin,13,Difficultés économiques,5–15 km,< 2000 MAD,4,0,0
AB404509,2019-2020,Fès-Meknès,FES,Taza,Urbain,Collégial,Année 1,Féminin,13,Travail enfant,< 1 km,> 7000 MAD,1,0,0
AB404510,2021-2022,Casablanca-Settat,CAS,Sidi Bennour,Urbain,Collégial,Année 3,Masculin,13,Éloignement de l'établissement,< 1 km,2000-4000 MAD,8,0,1
AB404511,2018-2019,Fès-Meknès,FES,El Hajeb,Rural,Qualifiant,Année 1,Féminin,18,Travail enfant,5–15 km,< 2000 MAD,1,1,1
AB404512,2019-2020,Drâa-Tafilalet,DRA,Errachidia,Rural,Qualifiant,Année 3,Féminin,16,Mariage précoce,1–5 km,2000-4000 MAD,5,1,1
AB404513,2015-2016,Rabat-Salé-Kénitra,RAB,Kénitra,Rural,Primaire,Année 4,Féminin,7,Difficultés scolaires,5–15 km,4000-7000 MAD,1,0,0
AB404514,2015-2016,Béni Mellal-Khénifra,BMK,El Kelaa des Sraghna,Rural,Qualifiant,Année 3,Féminin,18,Mariage précoce,5–15 km,> 7000 MAD,2,1,0
AB404515,2015-2016,Casablanca-Settat,CAS,Mohammadia,Rural,Qualifiant,Année 1,Masculin,17,Autre,1–5 km,< 2000 MAD,4,1,1
AB404516,2018-2019,Fès-Meknès,FES,Moulay Yacoub,Urbain,Primaire,Année 2,Féminin,8,Éloignement de l'établissement,< 1 km,2000-4000 MAD,8,1,0
AB404517,2021-2022,Marrakech-Safi,MAR,Essaouira,Rural,Qualifiant,Année 3,Féminin,18,Autre,5–15 km,4000-7000 MAD,3,1,0
AB404518,2020-2021,Marrakech-Safi,MAR,Safi,Urbain,Qualifiant,Année 2,Féminin,17,Mariage précoce,> 15 km,< 2000 MAD,8,0,0
AB404519,2015-2016,Marrakech-Safi,MAR,Essaouira,Rural,Collégial,Année 1,Féminin,14,Travail enfant,5–15 km,4000-7000 MAD,6,1,1
AB404520,2022-2023,Rabat-Salé-Kénitra,RAB,Khémisset,Rural,Collégial,Année 2,Masculin,15,Difficultés scolaires,> 15 km,2000-4000 MAD,5,1,0
AB404521,2017-2018,Casablanca-Settat,CAS,Settat,Rural,Collégial,Année 2,Masculin,15,Difficultés scolaires,1–5 km,4000-7000 MAD,6,0,1
AB404522,2021-2022,Marrakech-Safi,MAR,Marrakech,Urbain,Collégial,Année 3,Masculin,13,Éloignement de l'établissement,1–5 km,4000-7000 MAD,6,0,0
AB404523,2021-2022,Drâa-Tafilalet,DRA,Errachidia,Rural,Collégial,Année 2,Masculin,14,Grossesse,5–15 km,4000-7000 MAD,1,1,0
AB404524,2019-2020,Drâa-Tafilalet,DRA,Errachidia,Urbain,Collégial,Année 3,Féminin,13,Manque d'infrastructures,< 1 km,2000-4000 MAD,7,0,0
AB404525,2022-2023,Fès-Meknès,FES,El Hajeb,Urbain,Primaire,Année 2,Féminin,9,Difficultés scolaires,1–5 km,> 7000 MAD,2,1,0
AB404526,2018-2019,Fès-Meknès,FES,El Hajeb,Urbain,Collégial,Année 2,Féminin,13,Éloignement de l'établissement,1–5 km,> 7000 MAD,6,0,0
AB404527,2020-2021,Marrakech-Safi,MAR,Youssoufia,Rural,Qualifiant,Année 3,Masculin,18,Difficultés scolaires,> 15 km,4000-7000 MAD,6,1,0
AB404528,2016-2017,Laâyoune-Sakia El Hamra,LAA,Laâyoune,Urbain,Primaire,Année 3,Masculin,11,Travail enfant,5–15 km,4000-7000 MAD,4,0,1
AB404529,2016-2017,Fès-Meknès,FES,Taza,Urbain,Qualifiant,Année 1,Féminin,16,Difficultés économiques,5–15 km,< 2000 MAD,5,0,1
AB404530,2018-2019,Rabat-Salé-Kénitra,RAB,Sidi Kacem,Rural,Qualifiant,Année 2,Masculin,17,Difficultés scolaires,< 1 km,2000-4000 MAD,1,0,0
AB404531,2022-2023,Béni Mellal-Khénifra,BMK,El Kelaa des Sraghna,Rural,Collégial,Année 2,Féminin,13,Autre,> 15 km,> 7000 MAD,5,1,0
AB404532,2017-2018,Oriental,ORI,Taourirt,Urbain,Collégial,Année 1,Masculin,14,Difficultés économiques,1–5 km,2000-4000 MAD,7,1,0
AB404533,2023-2024,Marrakech-Safi,MAR,Safi,Urbain,Primaire,Année 4,Masculin,8,Éloignement de l'établissement,< 1 km,> 7000 MAD,2,0,0
AB404534,2017-2018,Casablanca-Settat,CAS,Mohammadia,Urbain,Primaire,Année 4,Masculin,7,Difficultés économiques,< 1 km,< 2000 MAD,7,1,0
AB404535,2019-2020,Tanger-Tétouan-Al Hoceïma,TAN,Ouazzane,Rural,Primaire,Année 6,Féminin,11,Difficultés scolaires,1–5 km,2000-4000 MAD,8,0,0
AB404536,2019-2020,Tanger-Tétouan-Al Hoceïma,TAN,Fahs-Anjra,Rural,Primaire,Année 6,Féminin,11,Travail enfant,1–5 km,> 7000 MAD,5,0,0
AB404537,2023-2024,Souss-Massa,SOU,Taroudannt,Urbain,Primaire,Année 4,Masculin,8,Difficultés scolaires,1–5 km,2000-4000 MAD,2,0,0
AB404538,2015-2016,Fès-Meknès,FES,Séfrou,Urbain,Collégial,Année 2,Masculin,14,Difficultés économiques,5–15 km,4000-7000 MAD,3,1,0
AB404539,2021-2022,Rabat-Salé-Kénitra,RAB,Sidi Slimane,Urbain,Qualifiant,Année 3,Féminin,16,Autre,< 1 km,2000-4000 MAD,5,1,0
AB404540,2023-2024,Rabat-Salé-Kénitra,RAB,Skhirate-Témara,Rural,Collégial,Année 3,Féminin,13,Difficultés économiques,< 1 km,< 2000 MAD,4,1,0
AB404541,2017-2018,Fès-Meknès,FES,Fès,Urbain,Collégial,Année 1,Masculin,13,Travail enfant,1–5 km,2000-4000 MAD,8,1,0
AB404542,2022-2023,Tanger-Tétouan-Al Hoceïma,TAN,Larache,Rural,Qualifiant,Année 1,Masculin,16,Éloignement de l'établissement,1–5 km,> 7000 MAD,2,0,1
AB404543,2021-2022,Souss-Massa,SOU,Tata,Urbain,Primaire,Année 6,Féminin,8,Mariage précoce,1–5 km,2000-4000 MAD,6,0,0
AB404544,2017-2018,Marrakech-Safi,MAR,El Kelaa des Sraghna,Urbain,Primaire,Année 2,Masculin,9,Manque d'infrastructures,1–5 km,2000-4000 MAD,5,1,1
AB404545,2020-2021,Souss-Massa,SOU,Agadir-Ida-Ou-Tanane,Rural,Primaire,Année 5,Masculin,11,Éloignement de l'établissement,5–15 km,2000-4000 MAD,8,1,0
AB404546,2017-2018,Marrakech-Safi,MAR,Chichaoua,Rural,Collégial,Année 3,Féminin,15,Mariage précoce,> 15 km,4000-7000 MAD,2,0,0
AB404547,2021-2022,Tanger-Tétouan-Al Hoceïma,TAN,Chefchaouen,Rural,Collégial,Année 3,Masculin,14,Difficultés scolaires,> 15 km,2000-4000 MAD,2,0,0
AB404548,2021-2022,Rabat-Salé-Kénitra,RAB,Sidi Slimane,Rural,Primaire,Année 5,Féminin,9,Grossesse,5–15 km,> 7000 MAD,1,0,0
AB404549,2015-2016,Casablanca-Settat,CAS,Berrechid,Urbain,Collégial,Année 2,Masculin,14,Difficultés économiques,5–15 km,4000-7000 MAD,8,1,0
AB404550,2019-2020,Marrakech-Safi,MAR,Youssoufia,Rural,Primaire,Année 5,Féminin,8,Difficultés scolaires,> 15 km,2000-4000 MAD,6,1,0
AB404551,2018-2019,Guelmim-Oued Noun,GUE,Tan-Tan,Rural,Collégial,Année 2,Féminin,13,Travail enfant,1–5 km,4000-7000 MAD,5,0,0
AB404552,2020-2021,Fès-Meknès,FES,Ifrane,Rural,Primaire,Année 6,Masculin,12,Éloignement de l'établissement,1–5 km,< 2000 MAD,5,1,1
AB404553,2016-2017,Tanger-Tétouan-Al Hoceïma,TAN,Chefchaouen,Rural,Collégial,Année 1,Masculin,14,Travail enfant,> 15 km,2000-4000 MAD,2,1,0
AB404554,2018-2019,Drâa-Tafilalet,DRA,Tinghir,Rural,Qualifiant,Année 1,Féminin,16,Grossesse,> 15 km,< 2000 MAD,8,0,0
AB404555,2021-2022,Casablanca-Settat,CAS,Settat,Rural,Collégial,Année 1,Masculin,13,Handicap,< 1 km,< 2000 MAD,7,1,1
AB404556,2018-2019,Souss-Massa,SOU,Chtouka-Ait Baha,Rural,Collégial,Année 1,Masculin,13,Difficultés économiques,< 1 km,2000-4000 MAD,2,0,0
AB404557,2018-2019,Béni Mellal-Khénifra,BMK,Azilal,Rural,Primaire,Année 4,Féminin,11,Travail enfant,< 1 km,2000-4000 MAD,3,0,1
AB404558,2018-2019,Béni Mellal-Khénifra,BMK,Béni Mellal,Rural,Qualifiant,Année 3,Féminin,18,Grossesse,1–5 km,2000-4000 MAD,2,0,0
AB404559,2015-2016,Marrakech-Safi,MAR,Essaouira,Rural,Collégial,Année 1,Féminin,14,Travail enfant,< 1 km,2000-4000 MAD,4,0,1
AB404560,2019-2020,Casablanca-Settat,CAS,Sidi Bennour,Rural,Collégial,Année 3,Féminin,13,Éloignement de l'établissement,1–5 km,< 2000 MAD,4,1,0
AB404561,2023-2024,Marrakech-Safi,MAR,Youssoufia,Rural,Collégial,Année 1,Masculin,14,Mariage précoce,1–5 km,> 7000 MAD,6,1,0
AB404562,2023-2024,Béni Mellal-Khénifra,BMK,Azilal,Urbain,Collégial,Année 1,Masculin,14,Difficultés économiques,1–5 km,< 2000 MAD,8,1,1
AB404563,2017-2018,Oriental,ORI,Figuig,Urbain,Collégial,Année 1,Féminin,15,Difficultés scolaires,1–5 km,< 2000 MAD,1,0,1
AB404564,2020-2021,Tanger-Tétouan-Al Hoceïma,TAN,Tanger-Assilah,Rural,Qualifiant,Année 1,Féminin,18,Autre,5–15 km,< 2000 MAD,3,1,1
AB404565,2018-2019,Rabat-Salé-Kénitra,RAB,Sidi Kacem,Urbain,Primaire,Année 6,Féminin,12,Handicap,< 1 km,4000-7000 MAD,3,1,0
AB404566,2021-2022,Laâyoune-Sakia El Hamra,LAA,Es-Semara,Rural,Collégial,Année 1,Féminin,15,Éloignement de l'établissement,1–5 km,< 2000 MAD,4,1,0
AB404567,2021-2022,Rabat-Salé-Kénitra,RAB,Skhirate-Témara,Rural,Qualifiant,Année 3,Féminin,17,Éloignement de l'établissement,5–15 km,2000-4000 MAD,8,1,0
AB404568,2019-2020,Rabat-Salé-Kénitra,RAB,Salé,Urbain,Qualifiant,Année 2,Masculin,17,Difficultés économiques,1–5 km,> 7000 MAD,6,0,0
AB404569,2021-2022,Tanger-Tétouan-Al Hoceïma,TAN,Tanger-Assilah,Rural,Primaire,Année 1,Masculin,9,Difficultés scolaires,1–5 km,< 2000 MAD,6,0,0
AB404570,2020-2021,Drâa-Tafilalet,DRA,Midelt,Rural,Primaire,Année 4,Masculin,9,Manque d'infrastructures,< 1 km,4000-7000 MAD,7,1,1
AB404571,2016-2017,Casablanca-Settat,CAS,Khouribga,Rural,Collégial,Année 2,Féminin,15,Éloignement de l'établissement,5–15 km,< 2000 MAD,5,1,0
AB404572,2020-2021,Souss-Massa,SOU,Taroudannt,Rural,Collégial,Année 2,Féminin,13,Grossesse,5–15 km,< 2000 MAD,6,0,0
AB404573,2020-2021,Souss-Massa,SOU,Inezgane-Ait Melloul,Rural,Collégial,Année 1,Masculin,13,Mariage précoce,< 1 km,> 7000 MAD,3,1,0
AB404574,2016-2017,Béni Mellal-Khénifra,BMK,Khouribga,Rural,Collégial,Année 2,Féminin,14,Éloignement de l'établissement,1–5 km,4000-7000 MAD,1,1,0
AB404575,2017-2018,Drâa-Tafilalet,DRA,Midelt,Urbain,Qualifiant,Année 1,Masculin,16,Travail enfant,< 1 km,> 7000 MAD,7,0,0
AB404576,2019-2020,Souss-Massa,SOU,Agadir-Ida-Ou-Tanane,Urbain,Primaire,Année 4,Féminin,11,Difficultés économiques,1–5 km,< 2000 MAD,6,0,0
AB404577,2016-2017,Rabat-Salé-Kénitra,RAB,Sidi Kacem,Urbain,Primaire,Année 6,Féminin,10,Manque d'infrastructures,1–5 km,2000-4000 MAD,1,1,0
AB404578,2021-2022,Rabat-Salé-Kénitra,RAB,Sidi Slimane,Urbain,Collégial,Année 3,Masculin,14,Difficultés scolaires,> 15 km,2000-4000 MAD,7,0,0
AB404579,2018-2019,Fès-Meknès,FES,Ifrane,Rural,Collégial,Année 3,Masculin,13,Mariage précoce,1–5 km,2000-4000 MAD,1,0,0
AB404580,2022-2023,Rabat-Salé-Kénitra,RAB,Skhirate-Témara,Rural,Collégial,Année 3,Masculin,13,Difficultés économiques,1–5 km,2000-4000 MAD,3,0,0
AB404581,2015-2016,Rabat-Salé-Kénitra,RAB,Rabat,Rural,Collégial,Année 2,Masculin,15,Manque d'infrastructures,5–15 km,4000-7000 MAD,4,0,0
AB404582,2017-2018,Marrakech-Safi,MAR,Youssoufia,Rural,Primaire,Année 5,Masculin,8,Difficultés économiques,< 1 km,2000-4000 MAD,5,1,0
AB404583,2017-2018,Tanger-Tétouan-Al Hoceïma,TAN,Al Hoceïma,Rural,Qualifiant,Année 2,Féminin,17,Difficultés économiques,< 1 km,2000-4000 MAD,4,0,0
AB404584,2016-2017,Béni Mellal-Khénifra,BMK,Azilal,Rural,Primaire,Année 4,Masculin,12,Difficultés économiques,1–5 km,> 7000 MAD,3,1,0
AB404585,2015-2016,Béni Mellal-Khénifra,BMK,Béni Mellal,Rural,Collégial,Année 3,Masculin,15,Travail enfant,< 1 km,4000-7000 MAD,7,0,1
AB404586,2019-2020,Marrakech-Safi,MAR,Marrakech,Rural,Primaire,Année 2,Masculin,10,Travail enfant,1–5 km,< 2000 MAD,5,0,1
AB404587,2023-2024,Rabat-Salé-Kénitra,RAB,Sidi Kacem,Rural,Qualifiant,Année 2,Masculin,17,Difficultés scolaires,5–15 km,4000-7000 MAD,7,0,1
AB404588,2019-2020,Casablanca-Settat,CAS,Benslimane,Rural,Collégial,Année 1,Masculin,14,Grossesse,5–15 km,< 2000 MAD,8,0,0
AB404589,2015-2016,Marrakech-Safi,MAR,Al Haouz,Rural,Primaire,Année 4,Féminin,8,Éloignement de l'établissement,< 1 km,2000-4000 MAD,7,1,0
AB404590,2017-2018,Tanger-Tétouan-Al Hoceïma,TAN,Tanger-Assilah,Rural,Qualifiant,Année 2,Masculin,17,Éloignement de l'établissement,1–5 km,< 2000 MAD,2,1,1
AB404591,2018-2019,Rabat-Salé-Kénitra,RAB,Sidi Slimane,Rural,Collégial,Année 1,Masculin,15,Éloignement de l'établissement,> 15 km,2000-4000 MAD,5,0,0
AB404592,2018-2019,Béni Mellal-Khénifra,BMK,Béni Mellal,Urbain,Qualifiant,Année 1,Féminin,18,Éloignement de l'établissement,1–5 km,4000-7000 MAD,3,1,1
AB404593,2017-2018,Casablanca-Settat,CAS,Casablanca,Urbain,Collégial,Année 1,Féminin,15,Travail enfant,5–15 km,2000-4000 MAD,8,0,0
AB404594,2019-2020,Marrakech-Safi,MAR,Al Haouz,Urbain,Primaire,Année 1,Masculin,11,Travail enfant,5–15 km,2000-4000 MAD,2,0,0
AB404595,2023-2024,Souss-Massa,SOU,Inezgane-Ait Melloul,Urbain,Primaire,Année 1,Masculin,12,Mariage précoce,5–15 km,4000-7000 MAD,4,1,1
AB404596,2023-2024,Drâa-Tafilalet,DRA,Midelt,Rural,Primaire,Année 2,Masculin,11,Difficultés économiques,5–15 km,2000-4000 MAD,2,1,0
AB404597,2022-2023,Casablanca-Settat,CAS,Casablanca,Rural,Primaire,Année 6,Masculin,11,Éloignement de l'établissement,1–5 km,< 2000 MAD,3,1,0
AB404598,2019-2020,Fès-Meknès,FES,Meknès,Urbain,Collégial,Année 3,Féminin,14,Autre,< 1 km,2000-4000 MAD,2,1,0
AB404599,2015-2016,Oriental,ORI,Jerada,Urbain,Collégial,Année 1,Féminin,15,Travail enfant,< 1 km,< 2000 MAD,7,0,0
AB404600,2017-2018,Béni Mellal-Khénifra,BMK,El Kelaa des Sraghna,Urbain,Qualifiant,Année 3,Masculin,16,Mariage précoce,1–5 km,< 2000 MAD,2,1,0
AB404601,2022-2023,Dakhla-Oued Eddahab,DAK,Dakhla,Rural,Qualifiant,Année 2,Masculin,17,Difficultés économiques,< 1 km,< 2000 MAD,5,1,0
AB404602,2016-2017,Fès-Meknès,FES,Taounate,Rural,Qualifiant,Année 2,Féminin,16,Grossesse,5–15 km,> 7000 MAD,4,1,0
AB404603,2015-2016,Tanger-Tétouan-Al Hoceïma,TAN,Tétouan,Urbain,Qualifiant,Année 1,Masculin,18,Travail enfant,< 1 km,2000-4000 MAD,7,0,1
AB404604,2020-2021,Oriental,ORI,Driouch,Urbain,Qualifiant,Année 2,Masculin,17,Éloignement de l'établissement,5–15 km,2000-4000 MAD,7,0,0
AB404605,2023-2024,Casablanca-Settat,CAS,Casablanca,Urbain,Primaire,Année 2,Féminin,7,Travail enfant,< 1 km,4000-7000 MAD,5,0,0
AB404606,2019-2020,Laâyoune-Sakia El Hamra,LAA,Laâyoune,Urbain,Collégial,Année 2,Féminin,15,Mariage précoce,5–15 km,> 7000 MAD,2,1,0
AB404607,2017-2018,Drâa-Tafilalet,DRA,Ouarzazate,Urbain,Primaire,Année 3,Masculin,12,Difficultés scolaires,1–5 km,> 7000 MAD,3,0,0
AB404608,2023-2024,Casablanca-Settat,CAS,El Jadida,Urbain,Qualifiant,Année 3,Masculin,17,Difficultés économiques,1–5 km,4000-7000 MAD,4,1,0
AB404609,2019-2020,Casablanca-Settat,CAS,Sidi Bennour,Urbain,Collégial,Année 2,Masculin,14,Travail enfant,5–15 km,4000-7000 MAD,7,1,0
AB404610,2022-2023,Laâyoune-Sakia El Hamra,LAA,Tarfaya,Rural,Collégial,Année 2,Féminin,13,Éloignement de l'établissement,> 15 km,< 2000 MAD,1,0,0
AB404611,2019-2020,Souss-Massa,SOU,Tata,Urbain,Primaire,Année 3,Féminin,11,Handicap,> 15 km,2000-4000 MAD,2,0,0
AB404612,2016-2017,Casablanca-Settat,CAS,El Jadida,Urbain,Collégial,Année 2,Féminin,13,Travail enfant,< 1 km,4000-7000 MAD,2,1,0
AB404613,2019-2020,Casablanca-Settat,CAS,Casablanca,Urbain,Qualifiant,Année 3,Masculin,17,Difficultés économiques,1–5 km,4000-7000 MAD,4,1,0
AB404614,2021-2022,Rabat-Salé-Kénitra,RAB,Kénitra,Rural,Qualifiant,Année 2,Masculin,16,Mariage précoce,1–5 km,2000-4000 MAD,3,1,0
AB404615,2022-2023,Casablanca-Settat,CAS,Sidi Bennour,Rural,Collégial,Année 2,Masculin,13,Travail enfant,5–15 km,2000-4000 MAD,1,1,1
AB404616,2022-2023,Béni Mellal-Khénifra,BMK,Azilal,Rural,Qualifiant,Année 1,Féminin,16,Grossesse,1–5 km,2000-4000 MAD,8,0,0
AB404617,2016-2017,Rabat-Salé-Kénitra,RAB,Khémisset,Rural,Qualifiant,Année 2,Féminin,18,Difficultés économiques,< 1 km,< 2000 MAD,3,0,0
AB404618,2019-2020,Tanger-Tétouan-Al Hoceïma,TAN,Ouazzane,Rural,Qualifiant,Année 3,Masculin,18,Difficultés économiques,5–15 km,< 2000 MAD,2,0,0
AB404619,2020-2021,Tanger-Tétouan-Al Hoceïma,TAN,Ouazzane,Urbain,Qualifiant,Année 3,Masculin,16,Handicap,5–15 km,2000-4000 MAD,1,1,0
AB404620,2019-2020,Rabat-Salé-Kénitra,RAB,Khémisset,Rural,Collégial,Année 2,Féminin,15,Éloignement de l'établissement,5–15 km,2000-4000 MAD,3,0,1
AB404621,2017-2018,Rabat-Salé-Kénitra,RAB,Rabat,Urbain,Primaire,Année 5,Féminin,11,Difficultés économiques,< 1 km,2000-4000 MAD,1,1,0
AB404622,2022-2023,Rabat-Salé-Kénitra,RAB,Rabat,Rural,Qualifiant,Année 3,Féminin,16,Difficultés économiques,1–5 km,< 2000 MAD,2,0,0
AB404623,2018-2019,Casablanca-Settat,CAS,Berrechid,Urbain,Primaire,Année 6,Masculin,7,Difficultés économiques,1–5 km,4000-7000 MAD,1,0,0
AB404624,2019-2020,Souss-Massa,SOU,Tata,Rural,Primaire,Année 2,Masculin,7,Handicap,< 1 km,< 2000 MAD,4,1,1
AB404625,2017-2018,Casablanca-Settat,CAS,Sidi Bennour,Urbain,Collégial,Année 1,Féminin,14,Difficultés scolaires,< 1 km,4000-7000 MAD,2,1,0
AB404626,2018-2019,Béni Mellal-Khénifra,BMK,Khouribga,Urbain,Qualifiant,Année 3,Féminin,17,Difficultés scolaires,5–15 km,2000-4000 MAD,7,1,0
AB404627,2020-2021,Marrakech-Safi,MAR,Essaouira,Urbain,Collégial,Année 3,Masculin,13,Difficultés scolaires,< 1 km,4000-7000 MAD,7,0,0
AB404628,2015-2016,Marrakech-Safi,MAR,Chichaoua,Rural,Qualifiant,Année 2,Masculin,16,Difficultés économiques,1–5 km,4000-7000 MAD,8,0,0
AB404629,2020-2021,Tanger-Tétouan-Al Hoceïma,TAN,Al Hoceïma,Urbain,Collégial,Année 1,Masculin,15,Éloignement de l'établissement,> 15 km,4000-7000 MAD,1,0,0
AB404630,2015-2016,Marrakech-Safi,MAR,Marrakech,Urbain,Collégial,Année 2,Masculin,13,Difficultés économiques,< 1 km,< 2000 MAD,3,1,0
AB404631,2019-2020,Rabat-Salé-Kénitra,RAB,Rabat,Rural,Qualifiant,Année 1,Masculin,16,Difficultés économiques,< 1 km,2000-4000 MAD,6,1,0
AB404632,2015-2016,Tanger-Tétouan-Al Hoceïma,TAN,Chefchaouen,Rural,Collégial,Année 3,Masculin,15,Travail enfant,1–5 km,< 2000 MAD,2,0,1
AB404633,2019-2020,Drâa-Tafilalet,DRA,Midelt,Urbain,Collégial,Année 2,Féminin,15,Difficultés économiques,1–5 km,< 2000 MAD,5,1,0
AB404634,2016-2017,Marrakech-Safi,MAR,Essaouira,Urbain,Collégial,Année 1,Féminin,15,Éloignement de l'établissement,1–5 km,4000-7000 MAD,2,1,0
AB404635,2016-2017,Fès-Meknès,FES,Taza,Rural,Collégial,Année 3,Féminin,15,Éloignement de l'établissement,< 1 km,2000-4000 MAD,4,1,0
AB404636,2021-2022,Drâa-Tafilalet,DRA,Zagora,Rural,Primaire,Année 6,Masculin,11,Difficultés scolaires,1–5 km,4000-7000 MAD,3,1,0
AB404637,2020-2021,Tanger-Tétouan-Al Hoceïma,TAN,Mdiq-Fnideq,Rural,Primaire,Année 3,Masculin,10,Travail enfant,1–5 km,4000-7000 MAD,7,1,0
AB404638,2019-2020,Fès-Meknès,FES,Fès,Rural,Qualifiant,Année 1,Masculin,17,Travail enfant,> 15 km,> 7000 MAD,5,0,0
AB404639,2015-2016,Souss-Massa,SOU,Taroudannt,Urbain,Qualifiant,Année 2,Masculin,16,Difficultés économiques,5–15 km,2000-4000 MAD,3,1,0
AB404640,2020-2021,Drâa-Tafilalet,DRA,Midelt,Rural,Collégial,Année 1,Masculin,13,Difficultés économiques,< 1 km,4000-7000 MAD,6,1,0
AB404641,2018-2019,Fès-Meknès,FES,Boulemane,Urbain,Primaire,Année 1,Féminin,10,Éloignement de l'établissement,> 15 km,2000-4000 MAD,1,0,1
AB404642,2021-2022,Fès-Meknès,FES,El Hajeb,Urbain,Qualifiant,Année 2,Masculin,18,Difficultés économiques,1–5 km,< 2000 MAD,2,1,1
AB404643,2021-2022,Oriental,ORI,Figuig,Rural,Collégial,Année 3,Masculin,13,Difficultés scolaires,5–15 km,4000-7000 MAD,2,1,1
AB404644,2017-2018,Fès-Meknès,FES,Taza,Urbain,Primaire,Année 2,Féminin,9,Travail enfant,< 1 km,2000-4000 MAD,5,1,1
AB404645,2021-2022,Casablanca-Settat,CAS,Mohammadia,Urbain,Qualifiant,Année 3,Féminin,17,Difficultés scolaires,1–5 km,< 2000 MAD,4,1,0
AB404646,2021-2022,Oriental,ORI,Nador,Urbain,Qualifiant,Année 1,Masculin,17,Difficultés économiques,< 1 km,< 2000 MAD,2,1,1
AB404647,2022-2023,Casablanca-Settat,CAS,El Jadida,Urbain,Primaire,Année 1,Masculin,11,Manque d'infrastructures,> 15 km,2000-4000 MAD,3,1,0
AB404648,2019-2020,Casablanca-Settat,CAS,Casablanca,Rural,Collégial,Année 2,Féminin,13,Travail enfant,< 1 km,2000-4000 MAD,6,0,0
AB404649,2017-2018,Oriental,ORI,Figuig,Rural,Primaire,Année 3,Masculin,11,Éloignement de l'établissement,1–5 km,> 7000 MAD,3,1,0
AB404650,2019-2020,Casablanca-Settat,CAS,Mohammadia,Urbain,Collégial,Année 3,Féminin,14,Travail enfant,< 1 km,< 2000 MAD,7,0,1
AB404651,2018-2019,Marrakech-Safi,MAR,Safi,Urbain,Collégial,Année 1,Masculin,14,Difficultés économiques,< 1 km,< 2000 MAD,6,0,1
AB404652,2017-2018,Marrakech-Safi,MAR,El Kelaa des Sraghna,Rural,Collégial,Année 1,Féminin,13,Travail enfant,< 1 km,2000-4000 MAD,7,0,0
AB404653,2021-2022,Casablanca-Settat,CAS,Benslimane,Rural,Collégial,Année 2,Masculin,14,Handicap,< 1 km,< 2000 MAD,8,1,0
AB404654,2016-2017,Fès-Meknès,FES,Boulemane,Rural,Qualifiant,Année 1,Masculin,16,Handicap,< 1 km,> 7000 MAD,3,1,1
AB404655,2015-2016,Fès-Meknès,FES,Moulay Yacoub,Rural,Primaire,Année 6,Masculin,10,Difficultés scolaires,1–5 km,4000-7000 MAD,8,1,1
AB404656,2018-2019,Oriental,ORI,Jerada,Rural,Primaire,Année 1,Masculin,8,Manque d'infrastructures,< 1 km,> 7000 MAD,7,1,0
AB404657,2022-2023,Oriental,ORI,Nador,Rural,Primaire,Année 5,Féminin,12,Travail enfant,5–15 km,2000-4000 MAD,8,0,0
AB404658,2021-2022,Marrakech-Safi,MAR,El Kelaa des Sraghna,Urbain,Collégial,Année 2,Masculin,15,Difficultés économiques,1–5 km,4000-7000 MAD,4,0,0
AB404659,2021-2022,Souss-Massa,SOU,Agadir-Ida-Ou-Tanane,Rural,Collégial,Année 2,Masculin,15,Grossesse,1–5 km,< 2000 MAD,2,1,0
AB404660,2016-2017,Fès-Meknès,FES,Fès,Urbain,Primaire,Année 2,Masculin,7,Difficultés économiques,> 15 km,4000-7000 MAD,3,0,0
AB404661,2021-2022,Souss-Massa,SOU,Taroudannt,Urbain,Qualifiant,Année 2,Masculin,16,Éloignement de l'établissement,< 1 km,2000-4000 MAD,5,0,0
AB404662,2020-2021,Laâyoune-Sakia El Hamra,LAA,Es-Semara,Rural,Collégial,Année 2,Masculin,15,Éloignement de l'établissement,5–15 km,2000-4000 MAD,8,0,0
AB404663,2022-2023,Casablanca-Settat,CAS,Mohammadia,Urbain,Collégial,Année 3,Féminin,15,Difficultés économiques,5–15 km,2000-4000 MAD,6,1,0
AB404664,2019-2020,Casablanca-Settat,CAS,Benslimane,Urbain,Primaire,Année 3,Féminin,7,Travail enfant,1–5 km,2000-4000 MAD,7,1,1
AB404665,2021-2022,Casablanca-Settat,CAS,Sidi Bennour,Rural,Collégial,Année 2,Féminin,13,Handicap,1–5 km,< 2000 MAD,2,1,0
AB404666,2021-2022,Souss-Massa,SOU,Tata,Rural,Qualifiant,Année 1,Masculin,18,Mariage précoce,1–5 km,2000-4000 MAD,3,1,0
AB404667,2017-2018,Oriental,ORI,Jerada,Rural,Qualifiant,Année 1,Féminin,17,Difficultés scolaires,1–5 km,2000-4000 MAD,8,0,0
AB404668,2019-2020,Drâa-Tafilalet,DRA,Tinghir,Urbain,Collégial,Année 2,Masculin,15,Travail enfant,> 15 km,< 2000 MAD,2,1,1
AB404669,2023-2024,Dakhla-Oued Eddahab,DAK,Aousserd,Rural,Qualifiant,Année 3,Masculin,16,Mariage précoce,1–5 km,< 2000 MAD,6,0,0
AB404670,2021-2022,Béni Mellal-Khénifra,BMK,Azilal,Rural,Collégial,Année 1,Féminin,13,Grossesse,> 15 km,4000-7000 MAD,3,0,1
AB404671,2015-2016,Souss-Massa,SOU,Inezgane-Ait Melloul,Urbain,Collégial,Année 2,Masculin,14,Éloignement de l'établissement,< 1 km,2000-4000 MAD,5,1,0
AB404672,2017-2018,Rabat-Salé-Kénitra,RAB,Kénitra,Urbain,Qualifiant,Année 3,Masculin,18,Éloignement de l'établissement,< 1 km,> 7000 MAD,7,1,0
AB404673,2021-2022,Casablanca-Settat,CAS,Mohammadia,Rural,Qualifiant,Année 3,Féminin,18,Mariage précoce,< 1 km,> 7000 MAD,1,1,0
AB404674,2015-2016,Drâa-Tafilalet,DRA,Tinghir,Urbain,Collégial,Année 3,Féminin,14,Travail enfant,> 15 km,2000-4000 MAD,2,1,1
AB404675,2019-2020,Guelmim-Oued Noun,GUE,Assa-Zag,Urbain,Collégial,Année 3,Masculin,14,Difficultés économiques,< 1 km,> 7000 MAD,2,0,0
AB404676,2017-2018,Casablanca-Settat,CAS,Mohammadia,Urbain,Qualifiant,Année 2,Masculin,17,Difficultés économiques,5–15 km,< 2000 MAD,7,1,1
AB404677,2022-2023,Souss-Massa,SOU,Taroudannt,Rural,Collégial,Année 2,Masculin,15,Autre,1–5 km,2000-4000 MAD,2,1,0
AB404678,2017-2018,Casablanca-Settat,CAS,Sidi Bennour,Urbain,Qualifiant,Année 2,Féminin,18,Travail enfant,1–5 km,< 2000 MAD,8,1,0
AB404679,2018-2019,Casablanca-Settat,CAS,Berrechid,Rural,Qualifiant,Année 2,Masculin,17,Grossesse,< 1 km,4000-7000 MAD,1,0,1
AB404680,2019-2020,Casablanca-Settat,CAS,Sidi Bennour,Rural,Collégial,Année 3,Masculin,13,Difficultés économiques,5–15 km,2000-4000 MAD,4,1,1
AB404681,2016-2017,Casablanca-Settat,CAS,Berrechid,Rural,Qualifiant,Année 2,Masculin,16,Éloignement de l'établissement,5–15 km,> 7000 MAD,4,1,1
AB404682,2023-2024,Béni Mellal-Khénifra,BMK,Azilal,Rural,Qualifiant,Année 1,Féminin,18,Difficultés économiques,< 1 km,2000-4000 MAD,2,0,0
AB404683,2021-2022,Oriental,ORI,Driouch,Rural,Primaire,Année 2,Féminin,11,Difficultés scolaires,< 1 km,2000-4000 MAD,6,0,0
AB404684,2017-2018,Rabat-Salé-Kénitra,RAB,Sidi Kacem,Urbain,Primaire,Année 5,Masculin,12,Éloignement de l'établissement,1–5 km,< 2000 MAD,1,0,1
AB404685,2019-2020,Fès-Meknès,FES,Boulemane,Urbain,Primaire,Année 4,Féminin,9,Éloignement de l'établissement,< 1 km,< 2000 MAD,2,0,0
AB404686,2018-2019,Fès-Meknès,FES,El Hajeb,Rural,Primaire,Année 3,Masculin,12,Travail enfant,< 1 km,< 2000 MAD,2,1,0
AB404687,2021-2022,Oriental,ORI,Figuig,Urbain,Collégial,Année 1,Masculin,14,Difficultés économiques,1–5 km,< 2000 MAD,1,1,0
AB404688,2019-2020,Marrakech-Safi,MAR,Essaouira,Urbain,Collégial,Année 3,Féminin,15,Travail enfant,< 1 km,4000-7000 MAD,8,0,1
AB404689,2019-2020,Béni Mellal-Khénifra,BMK,El Kelaa des Sraghna,Rural,Qualifiant,Année 3,Féminin,17,Autre,1–5 km,4000-7000 MAD,8,1,0
AB404690,2021-2022,Drâa-Tafilalet,DRA,Zagora,Urbain,Collégial,Année 3,Masculin,15,Difficultés économiques,5–15 km,2000-4000 MAD,1,0,0
AB404691,2017-2018,Drâa-Tafilalet,DRA,Ouarzazate,Rural,Collégial,Année 1,Féminin,15,Difficultés économiques,1–5 km,4000-7000 MAD,2,1,0
AB404692,2018-2019,Rabat-Salé-Kénitra,RAB,Sidi Kacem,Urbain,Collégial,Année 2,Féminin,14,Difficultés économiques,> 15 km,2000-4000 MAD,6,1,0
AB404693,2017-2018,Tanger-Tétouan-Al Hoceïma,TAN,Fahs-Anjra,Rural,Collégial,Année 2,Masculin,13,Éloignement de l'établissement,> 15 km,< 2000 MAD,3,1,0
AB404694,2022-2023,Rabat-Salé-Kénitra,RAB,Kénitra,Rural,Qualifiant,Année 2,Masculin,17,Difficultés économiques,1–5 km,4000-7000 MAD,3,1,0
AB404695,2020-2021,Casablanca-Settat,CAS,Benslimane,Rural,Collégial,Année 3,Féminin,15,Travail enfant,5–15 km,2000-4000 MAD,1,0,0
AB404696,2017-2018,Drâa-Tafilalet,DRA,Tinghir,Rural,Qualifiant,Année 2,Féminin,17,Difficultés scolaires,> 15 km,4000-7000 MAD,6,1,0
AB404697,2021-2022,Oriental,ORI,Driouch,Rural,Collégial,Année 3,Féminin,14,Mariage précoce,> 15 km,2000-4000 MAD,2,1,0
AB404698,2015-2016,Drâa-Tafilalet,DRA,Errachidia,Urbain,Collégial,Année 3,Féminin,15,Difficultés économiques,< 1 km,< 2000 MAD,8,0,1
AB404699,2017-2018,Casablanca-Settat,CAS,El Jadida,Urbain,Collégial,Année 2,Féminin,14,Grossesse,> 15 km,2000-4000 MAD,5,1,1
AB404700,2017-2018,Rabat-Salé-Kénitra,RAB,Kénitra,Urbain,Collégial,Année 3,Féminin,14,Travail enfant,< 1 km,2000-4000 MAD,1,0,1
AB404701,2016-2017,Casablanca-Settat,CAS,El Jadida,Urbain,Qualifiant,Année 1,Féminin,16,Difficultés économiques,5–15 km,2000-4000 MAD,7,1,0
AB404702,2019-2020,Rabat-Salé-Kénitra,RAB,Khémisset,Rural,Qualifiant,Année 3,Masculin,17,Grossesse,1–5 km,< 2000 MAD,4,0,1
AB404703,2018-2019,Casablanca-Settat,CAS,Casablanca,Urbain,Primaire,Année 4,Masculin,10,Mariage précoce,1–5 km,4000-7000 MAD,8,1,1
AB404704,2020-2021,Béni Mellal-Khénifra,BMK,Béni Mellal,Urbain,Qualifiant,Année 1,Féminin,16,Difficultés économiques,1–5 km,2000-4000 MAD,1,1,0
AB404705,2016-2017,Souss-Massa,SOU,Tiznit,Urbain,Collégial,Année 2,Masculin,13,Difficultés économiques,1–5 km,2000-4000 MAD,4,0,1
AB404706,2022-2023,Tanger-Tétouan-Al Hoceïma,TAN,Fahs-Anjra,Rural,Primaire,Année 1,Masculin,11,Éloignement de l'établissement,1–5 km,> 7000 MAD,2,0,0
AB404707,2020-2021,Fès-Meknès,FES,Fès,Rural,Collégial,Année 2,Masculin,14,Travail enfant,1–5 km,2000-4000 MAD,8,1,0
AB404708,2020-2021,Fès-Meknès,FES,Taza,Urbain,Collégial,Année 3,Masculin,15,Difficultés économiques,1–5 km,> 7000 MAD,4,1,0
AB404709,2017-2018,Marrakech-Safi,MAR,El Kelaa des Sraghna,Rural,Primaire,Année 4,Masculin,11,Travail enfant,< 1 km,< 2000 MAD,7,1,0
AB404710,2022-2023,Oriental,ORI,Guercif,Rural,Qualifiant,Année 2,Féminin,17,Éloignement de l'établissement,> 15 km,> 7000 MAD,4,0,1
AB404711,2016-2017,Souss-Massa,SOU,Tata,Urbain,Primaire,Année 2,Féminin,10,Difficultés économiques,< 1 km,> 7000 MAD,4,1,1
AB404712,2020-2021,Tanger-Tétouan-Al Hoceïma,TAN,Tétouan,Rural,Primaire,Année 2,Masculin,12,Éloignement de l'établissement,1–5 km,> 7000 MAD,3,1,0
AB404713,2015-2016,Casablanca-Settat,CAS,El Jadida,Urbain,Collégial,Année 3,Féminin,13,Difficultés scolaires,> 15 km,< 2000 MAD,4,0,0
AB404714,2023-2024,Souss-Massa,SOU,Taroudannt,Rural,Collégial,Année 2,Masculin,15,Travail enfant,< 1 km,2000-4000 MAD,6,1,0
AB404715,2017-2018,Tanger-Tétouan-Al Hoceïma,TAN,Ouazzane,Rural,Primaire,Année 1,Masculin,10,Manque d'infrastructures,1–5 km,2000-4000 MAD,1,0,0
AB404716,2021-2022,Drâa-Tafilalet,DRA,Errachidia,Urbain,Qualifiant,Année 1,Masculin,17,Difficultés scolaires,< 1 km,> 7000 MAD,3,1,0
AB404717,2018-2019,Marrakech-Safi,MAR,Al Haouz,Urbain,Collégial,Année 2,Féminin,14,Mariage précoce,1–5 km,2000-4000 MAD,3,0,1
AB404718,2019-2020,Drâa-Tafilalet,DRA,Errachidia,Rural,Collégial,Année 2,Masculin,13,Mariage précoce,5–15 km,2000-4000 MAD,6,1,0
AB404719,2023-2024,Fès-Meknès,FES,Taza,Rural,Qualifiant,Année 2,Féminin,16,Difficultés économiques,> 15 km,> 7000 MAD,5,0,0
AB404720,2019-2020,Drâa-Tafilalet,DRA,Tinghir,Rural,Qualifiant,Année 3,Féminin,18,Mariage précoce,5–15 km,< 2000 MAD,1,0,0
AB404721,2020-2021,Rabat-Salé-Kénitra,RAB,Sidi Kacem,Urbain,Primaire,Année 1,Féminin,7,Travail enfant,< 1 km,4000-7000 MAD,3,0,0
AB404722,2021-2022,Marrakech-Safi,MAR,Safi,Rural,Collégial,Année 3,Féminin,13,Mariage précoce,< 1 km,< 2000 MAD,5,1,0
AB404723,2020-2021,Drâa-Tafilalet,DRA,Ouarzazate,Urbain,Collégial,Année 3,Féminin,15,Éloignement de l'établissement,1–5 km,2000-4000 MAD,6,1,1
AB404724,2018-2019,Casablanca-Settat,CAS,Khouribga,Urbain,Qualifiant,Année 3,Féminin,16,Grossesse,5–15 km,4000-7000 MAD,2,1,1
AB404725,2018-2019,Souss-Massa,SOU,Inezgane-Ait Melloul,Rural,Collégial,Année 1,Féminin,15,Travail enfant,5–15 km,2000-4000 MAD,7,1,0
AB404726,2015-2016,Marrakech-Safi,MAR,Essaouira,Rural,Collégial,Année 3,Féminin,14,Manque d'infrastructures,< 1 km,4000-7000 MAD,2,0,0
AB404727,2016-2017,Béni Mellal-Khénifra,BMK,Béni Mellal,Rural,Primaire,Année 6,Masculin,8,Difficultés économiques,1–5 km,< 2000 MAD,5,0,1
AB404728,2020-2021,Casablanca-Settat,CAS,Settat,Rural,Collégial,Année 1,Féminin,13,Difficultés économiques,< 1 km,> 7000 MAD,2,0,0
AB404729,2020-2021,Drâa-Tafilalet,DRA,Errachidia,Rural,Collégial,Année 2,Masculin,15,Difficultés économiques,< 1 km,2000-4000 MAD,1,1,0
AB404730,2020-2021,Casablanca-Settat,CAS,Settat,Urbain,Collégial,Année 2,Masculin,15,Travail enfant,1–5 km,> 7000 MAD,1,1,0
AB404731,2022-2023,Rabat-Salé-Kénitra,RAB,Khémisset,Rural,Collégial,Année 1,Masculin,13,Difficultés scolaires,1–5 km,> 7000 MAD,4,0,0
AB404732,2021-2022,Rabat-Salé-Kénitra,RAB,Sidi Kacem,Urbain,Collégial,Année 3,Masculin,15,Éloignement de l'établissement,5–15 km,4000-7000 MAD,7,1,0
AB404733,2015-2016,Rabat-Salé-Kénitra,RAB,Skhirate-Témara,Urbain,Primaire,Année 1,Masculin,7,Travail enfant,5–15 km,> 7000 MAD,6,0,0
AB404734,2021-2022,Oriental,ORI,Taourirt,Rural,Collégial,Année 3,Féminin,15,Éloignement de l'établissement,5–15 km,> 7000 MAD,7,1,0
AB404735,2019-2020,Oriental,ORI,Oujda-Angad,Urbain,Primaire,Année 2,Féminin,8,Handicap,1–5 km,> 7000 MAD,6,1,0
AB404736,2017-2018,Souss-Massa,SOU,Chtouka-Ait Baha,Rural,Qualifiant,Année 2,Féminin,17,Manque d'infrastructures,1–5 km,4000-7000 MAD,7,0,1
AB404737,2022-2023,Rabat-Salé-Kénitra,RAB,Sidi Slimane,Urbain,Collégial,Année 1,Féminin,15,Difficultés scolaires,1–5 km,2000-4000 MAD,7,1,1
AB404738,2020-2021,Dakhla-Oued Eddahab,DAK,Aousserd,Urbain,Qualifiant,Année 1,Féminin,17,Mariage précoce,5–15 km,4000-7000 MAD,2,0,0
AB404739,2018-2019,Fès-Meknès,FES,Taounate,Rural,Qualifiant,Année 1,Masculin,18,Difficultés scolaires,< 1 km,4000-7000 MAD,5,0,0
AB404740,2016-2017,Fès-Meknès,FES,Ifrane,Urbain,Primaire,Année 6,Masculin,7,Travail enfant,1–5 km,2000-4000 MAD,5,1,0
AB404741,2015-2016,Rabat-Salé-Kénitra,RAB,Sidi Kacem,Urbain,Qualifiant,Année 2,Masculin,16,Travail enfant,< 1 km,< 2000 MAD,5,1,0
AB404742,2021-2022,Souss-Massa,SOU,Tata,Rural,Primaire,Année 1,Féminin,9,Manque d'infrastructures,1–5 km,2000-4000 MAD,1,1,0
AB404743,2018-2019,Fès-Meknès,FES,Moulay Yacoub,Rural,Collégial,Année 1,Masculin,13,Manque d'infrastructures,1–5 km,< 2000 MAD,7,0,1
AB404744,2019-2020,Drâa-Tafilalet,DRA,Zagora,Rural,Collégial,Année 3,Féminin,15,Difficultés économiques,> 15 km,4000-7000 MAD,3,0,0
AB404745,2020-2021,Rabat-Salé-Kénitra,RAB,Salé,Rural,Qualifiant,Année 1,Féminin,18,Manque d'infrastructures,1–5 km,2000-4000 MAD,8,1,1
AB404746,2017-2018,Tanger-Tétouan-Al Hoceïma,TAN,Fahs-Anjra,Rural,Primaire,Année 5,Féminin,11,Éloignement de l'établissement,5–15 km,> 7000 MAD,2,1,0
AB404747,2021-2022,Tanger-Tétouan-Al Hoceïma,TAN,Chefchaouen,Urbain,Primaire,Année 5,Féminin,10,Difficultés économiques,< 1 km,2000-4000 MAD,1,0,1
AB404748,2015-2016,Casablanca-Settat,CAS,Khouribga,Rural,Qualifiant,Année 2,Masculin,16,Éloignement de l'établissement,5–15 km,< 2000 MAD,5,1,0
AB404749,2019-2020,Marrakech-Safi,MAR,Safi,Rural,Primaire,Année 2,Féminin,11,Travail enfant,5–15 km,2000-4000 MAD,1,1,1
AB404750,2022-2023,Casablanca-Settat,CAS,Benslimane,Rural,Primaire,Année 4,Féminin,9,Travail enfant,< 1 km,< 2000 MAD,8,1,0
AB404751,2020-2021,Casablanca-Settat,CAS,El Jadida,Urbain,Primaire,Année 6,Féminin,12,Éloignement de l'établissement,1–5 km,< 2000 MAD,7,1,0
AB404752,2023-2024,Casablanca-Settat,CAS,Casablanca,Rural,Collégial,Année 1,Masculin,15,Mariage précoce,< 1 km,4000-7000 MAD,5,0,0
AB404753,2015-2016,Tanger-Tétouan-Al Hoceïma,TAN,Al Hoceïma,Urbain,Primaire,Année 5,Masculin,12,Difficultés économiques,< 1 km,2000-4000 MAD,4,0,1
AB404754,2019-2020,Tanger-Tétouan-Al Hoceïma,TAN,Larache,Rural,Collégial,Année 2,Masculin,15,Éloignement de l'établissement,< 1 km,2000-4000 MAD,1,0,0
AB404755,2020-2021,Oriental,ORI,Driouch,Urbain,Collégial,Année 1,Féminin,15,Difficultés scolaires,5–15 km,> 7000 MAD,4,0,0
AB404756,2023-2024,Fès-Meknès,FES,Séfrou,Rural,Primaire,Année 2,Masculin,8,Travail enfant,1–5 km,< 2000 MAD,4,0,0
AB404757,2022-2023,Fès-Meknès,FES,Moulay Yacoub,Rural,Primaire,Année 2,Féminin,11,Travail enfant,> 15 km,2000-4000 MAD,4,1,0
AB404758,2016-2017,Rabat-Salé-Kénitra,RAB,Sidi Kacem,Rural,Primaire,Année 3,Masculin,10,Travail enfant,1–5 km,4000-7000 MAD,1,1,0
AB404759,2021-2022,Casablanca-Settat,CAS,Mohammadia,Rural,Primaire,Année 4,Masculin,8,Difficultés scolaires,< 1 km,2000-4000 MAD,7,0,1
AB404760,2021-2022,Rabat-Salé-Kénitra,RAB,Rabat,Rural,Primaire,Année 5,Féminin,7,Manque d'infrastructures,< 1 km,< 2000 MAD,3,0,0
AB404761,2023-2024,Rabat-Salé-Kénitra,RAB,Salé,Urbain,Collégial,Année 3,Masculin,13,Travail enfant,1–5 km,< 2000 MAD,8,1,1
AB404762,2016-2017,Casablanca-Settat,CAS,El Jadida,Rural,Collégial,Année 1,Féminin,14,Difficultés économiques,1–5 km,< 2000 MAD,7,1,1
AB404763,2021-2022,Casablanca-Settat,CAS,Benslimane,Rural,Qualifiant,Année 1,Féminin,16,Mariage précoce,1–5 km,4000-7000 MAD,6,1,0
AB404764,2017-2018,Souss-Massa,SOU,Tiznit,Urbain,Qualifiant,Année 2,Féminin,17,Mariage précoce,< 1 km,2000-4000 MAD,1,0,1
AB404765,2015-2016,Casablanca-Settat,CAS,Settat,Rural,Collégial,Année 1,Féminin,15,Travail enfant,< 1 km,< 2000 MAD,8,1,1
AB404766,2018-2019,Casablanca-Settat,CAS,Berrechid,Urbain,Qualifiant,Année 1,Masculin,16,Difficultés économiques,< 1 km,> 7000 MAD,6,1,0
AB404767,2019-2020,Souss-Massa,SOU,Tata,Urbain,Collégial,Année 1,Masculin,14,Éloignement de l'établissement,> 15 km,2000-4000 MAD,7,0,1
AB404768,2022-2023,Rabat-Salé-Kénitra,RAB,Kénitra,Rural,Qualifiant,Année 1,Masculin,17,Difficultés économiques,5–15 km,2000-4000 MAD,5,0,0
AB404769,2021-2022,Rabat-Salé-Kénitra,RAB,Rabat,Urbain,Qualifiant,Année 3,Masculin,18,Difficultés économiques,5–15 km,> 7000 MAD,8,1,0
AB404770,2022-2023,Casablanca-Settat,CAS,Sidi Bennour,Urbain,Qualifiant,Année 3,Féminin,17,Difficultés scolaires,1–5 km,4000-7000 MAD,7,0,1
AB404771,2017-2018,Béni Mellal-Khénifra,BMK,Khouribga,Rural,Collégial,Année 1,Féminin,13,Éloignement de l'établissement,1–5 km,< 2000 MAD,6,0,0
AB404772,2016-2017,Marrakech-Safi,MAR,Al Haouz,Rural,Primaire,Année 4,Masculin,8,Éloignement de l'établissement,5–15 km,2000-4000 MAD,1,1,0
AB404773,2021-2022,Béni Mellal-Khénifra,BMK,Khouribga,Rural,Collégial,Année 2,Masculin,15,Difficultés économiques,1–5 km,4000-7000 MAD,4,1,0
AB404774,2023-2024,Casablanca-Settat,CAS,El Jadida,Urbain,Collégial,Année 2,Masculin,13,Difficultés économiques,> 15 km,2000-4000 MAD,5,1,0
AB404775,2017-2018,Casablanca-Settat,CAS,El Jadida,Urbain,Collégial,Année 2,Masculin,15,Mariage précoce,< 1 km,4000-7000 MAD,8,0,1
AB404776,2021-2022,Casablanca-Settat,CAS,Settat,Rural,Primaire,Année 2,Féminin,11,Manque d'infrastructures,> 15 km,4000-7000 MAD,6,0,1
AB404777,2018-2019,Fès-Meknès,FES,Meknès,Rural,Primaire,Année 5,Féminin,9,Handicap,1–5 km,2000-4000 MAD,8,0,0
AB404778,2017-2018,Souss-Massa,SOU,Taroudannt,Rural,Collégial,Année 2,Masculin,14,Éloignement de l'établissement,1–5 km,2000-4000 MAD,8,1,0
AB404779,2019-2020,Oriental,ORI,Driouch,Rural,Collégial,Année 2,Féminin,13,Difficultés économiques,> 15 km,2000-4000 MAD,7,1,0
AB404780,2019-2020,Casablanca-Settat,CAS,Benslimane,Urbain,Primaire,Année 1,Féminin,9,Difficultés économiques,1–5 km,4000-7000 MAD,7,1,0
AB404781,2022-2023,Casablanca-Settat,CAS,Khouribga,Rural,Qualifiant,Année 1,Masculin,18,Mariage précoce,< 1 km,> 7000 MAD,6,1,1
AB404782,2019-2020,Casablanca-Settat,CAS,Casablanca,Urbain,Qualifiant,Année 2,Féminin,16,Éloignement de l'établissement,1–5 km,> 7000 MAD,8,1,0
AB404783,2019-2020,Tanger-Tétouan-Al Hoceïma,TAN,Fahs-Anjra,Urbain,Qualifiant,Année 2,Masculin,18,Travail enfant,1–5 km,2000-4000 MAD,4,0,1
AB404784,2018-2019,Casablanca-Settat,CAS,Berrechid,Rural,Primaire,Année 3,Masculin,10,Difficultés économiques,< 1 km,< 2000 MAD,3,0,0
AB404785,2023-2024,Marrakech-Safi,MAR,Essaouira,Rural,Collégial,Année 3,Masculin,14,Travail enfant,5–15 km,2000-4000 MAD,1,1,1
AB404786,2023-2024,Casablanca-Settat,CAS,Sidi Bennour,Urbain,Qualifiant,Année 3,Féminin,16,Mariage précoce,1–5 km,< 2000 MAD,8,0,0
AB404787,2018-2019,Guelmim-Oued Noun,GUE,Tan-Tan,Rural,Collégial,Année 1,Masculin,14,Travail enfant,5–15 km,2000-4000 MAD,1,0,0
AB404788,2020-2021,Béni Mellal-Khénifra,BMK,Béni Mellal,Urbain,Qualifiant,Année 3,Masculin,18,Travail enfant,5–15 km,2000-4000 MAD,8,0,1
AB404789,2022-2023,Tanger-Tétouan-Al Hoceïma,TAN,Chefchaouen,Urbain,Collégial,Année 3,Masculin,15,Mariage précoce,1–5 km,4000-7000 MAD,7,0,1
AB404790,2022-2023,Casablanca-Settat,CAS,Khouribga,Urbain,Primaire,Année 6,Féminin,11,Difficultés scolaires,1–5 km,< 2000 MAD,7,1,1
AB404791,2020-2021,Oriental,ORI,Driouch,Rural,Collégial,Année 1,Féminin,14,Difficultés scolaires,< 1 km,2000-4000 MAD,7,1,1
AB404792,2020-2021,Souss-Massa,SOU,Tata,Urbain,Collégial,Année 2,Masculin,15,Autre,< 1 km,4000-7000 MAD,2,0,0
AB404793,2020-2021,Marrakech-Safi,MAR,Essaouira,Urbain,Qualifiant,Année 2,Masculin,18,Manque d'infrastructures,> 15 km,< 2000 MAD,7,0,1
AB404794,2016-2017,Béni Mellal-Khénifra,BMK,Azilal,Rural,Qualifiant,Année 2,Masculin,18,Difficultés économiques,> 15 km,2000-4000 MAD,3,0,0
AB404795,2021-2022,Tanger-Tétouan-Al Hoceïma,TAN,Ouazzane,Urbain,Collégial,Année 1,Féminin,14,Difficultés scolaires,1–5 km,2000-4000 MAD,6,1,0
AB404796,2015-2016,Marrakech-Safi,MAR,Youssoufia,Urbain,Collégial,Année 1,Féminin,14,Autre,1–5 km,2000-4000 MAD,4,0,0
AB404797,2017-2018,Souss-Massa,SOU,Tiznit,Urbain,Qualifiant,Année 2,Féminin,16,Grossesse,1–5 km,2000-4000 MAD,1,0,0
AB404798,2021-2022,Tanger-Tétouan-Al Hoceïma,TAN,Tétouan,Urbain,Primaire,Année 4,Masculin,12,Éloignement de l'établissement,< 1 km,> 7000 MAD,4,1,1
AB404799,2020-2021,Fès-Meknès,FES,Moulay Yacoub,Rural,Collégial,Année 3,Masculin,13,Éloignement de l'établissement,5–15 km,< 2000 MAD,5,0,0
AB404800,2023-2024,Casablanca-Settat,CAS,Berrechid,Urbain,Primaire,Année 2,Féminin,12,Travail enfant,5–15 km,2000-4000 MAD,4,1,0
AB404801,2019-2020,Rabat-Salé-Kénitra,RAB,Salé,Rural,Collégial,Année 1,Féminin,14,Travail enfant,> 15 km,> 7000 MAD,7,1,1
AB404802,2018-2019,Tanger-Tétouan-Al Hoceïma,TAN,Tétouan,Urbain,Primaire,Année 6,Féminin,12,Difficultés économiques,< 1 km,2000-4000 MAD,5,1,1
AB404803,2017-2018,Casablanca-Settat,CAS,El Jadida,Rural,Collégial,Année 2,Féminin,13,Difficultés scolaires,1–5 km,4000-7000 MAD,6,0,0
AB404804,2020-2021,Casablanca-Settat,CAS,Berrechid,Rural,Qualifiant,Année 3,Masculin,16,Éloignement de l'établissement,> 15 km,< 2000 MAD,3,1,1
AB404805,2019-2020,Fès-Meknès,FES,Boulemane,Rural,Collégial,Année 1,Féminin,15,Difficultés économiques,5–15 km,4000-7000 MAD,3,0,0
AB404806,2023-2024,Marrakech-Safi,MAR,El Kelaa des Sraghna,Urbain,Primaire,Année 1,Masculin,11,Difficultés économiques,1–5 km,> 7000 MAD,6,0,0
AB404807,2023-2024,Fès-Meknès,FES,El Hajeb,Urbain,Primaire,Année 3,Masculin,12,Travail enfant,< 1 km,4000-7000 MAD,2,1,0
AB404808,2020-2021,Marrakech-Safi,MAR,Safi,Rural,Qualifiant,Année 1,Féminin,18,Autre,5–15 km,4000-7000 MAD,2,1,1
AB404809,2017-2018,Fès-Meknès,FES,El Hajeb,Rural,Collégial,Année 2,Masculin,15,Handicap,5–15 km,2000-4000 MAD,3,0,1
AB404810,2018-2019,Marrakech-Safi,MAR,Safi,Urbain,Collégial,Année 1,Masculin,15,Mariage précoce,1–5 km,< 2000 MAD,8,1,1
AB404811,2023-2024,Guelmim-Oued Noun,GUE,Guelmim,Urbain,Primaire,Année 4,Féminin,8,Difficultés économiques,< 1 km,2000-4000 MAD,8,0,0
AB404812,2018-2019,Marrakech-Safi,MAR,Marrakech,Urbain,Collégial,Année 1,Masculin,15,Travail enfant,< 1 km,2000-4000 MAD,8,0,1
AB404813,2020-2021,Laâyoune-Sakia El Hamra,LAA,Es-Semara,Rural,Primaire,Année 6,Masculin,11,Difficultés économiques,> 15 km,> 7000 MAD,6,1,0
AB404814,2015-2016,Casablanca-Settat,CAS,Sidi Bennour,Rural,Qualifiant,Année 2,Masculin,16,Mariage précoce,< 1 km,4000-7000 MAD,6,1,0
AB404815,2022-2023,Casablanca-Settat,CAS,Khouribga,Urbain,Primaire,Année 3,Masculin,9,Handicap,> 15 km,> 7000 MAD,7,1,0
AB404816,2017-2018,Rabat-Salé-Kénitra,RAB,Rabat,Urbain,Collégial,Année 1,Masculin,14,Mariage précoce,< 1 km,< 2000 MAD,5,1,0
AB404817,2021-2022,Marrakech-Safi,MAR,Youssoufia,Urbain,Collégial,Année 1,Masculin,13,Mariage précoce,1–5 km,2000-4000 MAD,6,1,1
AB404818,2018-2019,Oriental,ORI,Nador,Rural,Collégial,Année 2,Masculin,13,Difficultés économiques,< 1 km,2000-4000 MAD,5,0,0
AB404819,2016-2017,Souss-Massa,SOU,Taroudannt,Urbain,Collégial,Année 3,Féminin,13,Éloignement de l'établissement,< 1 km,> 7000 MAD,7,1,1
AB404820,2021-2022,Béni Mellal-Khénifra,BMK,Khouribga,Rural,Qualifiant,Année 2,Masculin,17,Travail enfant,5–15 km,2000-4000 MAD,2,0,0
AB404821,2021-2022,Fès-Meknès,FES,Fès,Rural,Qualifiant,Année 3,Masculin,16,Difficultés scolaires,< 1 km,< 2000 MAD,7,0,0
AB404822,2023-2024,Tanger-Tétouan-Al Hoceïma,TAN,Larache,Rural,Collégial,Année 2,Féminin,13,Difficultés économiques,5–15 km,2000-4000 MAD,7,1,1
AB404823,2020-2021,Marrakech-Safi,MAR,Al Haouz,Rural,Primaire,Année 5,Féminin,8,Difficultés économiques,1–5 km,> 7000 MAD,1,1,0
AB404824,2016-2017,Tanger-Tétouan-Al Hoceïma,TAN,Tanger-Assilah,Rural,Qualifiant,Année 3,Féminin,18,Manque d'infrastructures,< 1 km,2000-4000 MAD,4,1,0
AB404825,2018-2019,Oriental,ORI,Taourirt,Urbain,Qualifiant,Année 1,Masculin,18,Travail enfant,< 1 km,4000-7000 MAD,4,1,1
AB404826,2021-2022,Casablanca-Settat,CAS,Benslimane,Rural,Primaire,Année 4,Féminin,11,Éloignement de l'établissement,< 1 km,< 2000 MAD,1,0,1
AB404827,2019-2020,Marrakech-Safi,MAR,Al Haouz,Urbain,Qualifiant,Année 1,Masculin,18,Autre,> 15 km,< 2000 MAD,2,1,0
AB404828,2020-2021,Béni Mellal-Khénifra,BMK,Fquih Ben Salah,Urbain,Qualifiant,Année 1,Féminin,17,Difficultés économiques,1–5 km,4000-7000 MAD,6,1,0
AB404829,2021-2022,Casablanca-Settat,CAS,Sidi Bennour,Rural,Collégial,Année 1,Féminin,15,Handicap,1–5 km,< 2000 MAD,2,0,1
AB404830,2015-2016,Oriental,ORI,Figuig,Urbain,Collégial,Année 3,Féminin,14,Travail enfant,> 15 km,4000-7000 MAD,7,0,0
AB404831,2021-2022,Marrakech-Safi,MAR,Chichaoua,Urbain,Collégial,Année 1,Féminin,14,Travail enfant,5–15 km,> 7000 MAD,7,1,0
AB404832,2020-2021,Souss-Massa,SOU,Inezgane-Ait Melloul,Rural,Collégial,Année 3,Masculin,14,Difficultés économiques,1–5 km,< 2000 MAD,8,0,0
AB404833,2021-2022,Fès-Meknès,FES,Séfrou,Rural,Collégial,Année 1,Féminin,14,Éloignement de l'établissement,> 15 km,< 2000 MAD,5,1,1
AB404834,2018-2019,Casablanca-Settat,CAS,Settat,Rural,Collégial,Année 1,Féminin,14,Travail enfant,> 15 km,< 2000 MAD,6,1,0
AB404835,2015-2016,Marrakech-Safi,MAR,Safi,Rural,Primaire,Année 2,Masculin,10,Difficultés économiques,> 15 km,< 2000 MAD,2,0,0
AB404836,2020-2021,Marrakech-Safi,MAR,Al Haouz,Rural,Collégial,Année 3,Masculin,14,Mariage précoce,1–5 km,2000-4000 MAD,6,0,0
AB404837,2020-2021,Béni Mellal-Khénifra,BMK,Béni Mellal,Urbain,Qualifiant,Année 2,Féminin,18,Autre,1–5 km,< 2000 MAD,6,1,0
AB404838,2018-2019,Fès-Meknès,FES,Taza,Rural,Primaire,Année 4,Masculin,11,Difficultés scolaires,1–5 km,4000-7000 MAD,3,0,0
AB404839,2021-2022,Casablanca-Settat,CAS,Benslimane,Urbain,Qualifiant,Année 2,Masculin,17,Difficultés économiques,5–15 km,4000-7000 MAD,3,1,0
AB404840,2022-2023,Oriental,ORI,Driouch,Urbain,Qualifiant,Année 2,Féminin,18,Difficultés économiques,1–5 km,> 7000 MAD,2,0,0
AB404841,2015-2016,Marrakech-Safi,MAR,Marrakech,Urbain,Primaire,Année 4,Féminin,8,Manque d'infrastructures,1–5 km,< 2000 MAD,1,1,0
AB404842,2019-2020,Rabat-Salé-Kénitra,RAB,Khémisset,Rural,Primaire,Année 6,Masculin,9,Travail enfant,1–5 km,< 2000 MAD,2,1,0
AB404843,2020-2021,Oriental,ORI,Figuig,Rural,Qualifiant,Année 3,Masculin,17,Travail enfant,> 15 km,> 7000 MAD,2,1,0
AB404844,2016-2017,Rabat-Salé-Kénitra,RAB,Kénitra,Urbain,Collégial,Année 1,Masculin,15,Difficultés économiques,> 15 km,< 2000 MAD,3,1,0
AB404845,2018-2019,Fès-Meknès,FES,Fès,Urbain,Primaire,Année 1,Masculin,7,Difficultés économiques,> 15 km,2000-4000 MAD,7,0,0
AB404846,2017-2018,Béni Mellal-Khénifra,BMK,Azilal,Urbain,Collégial,Année 1,Masculin,13,Mariage précoce,< 1 km,2000-4000 MAD,2,0,0
AB404847,2018-2019,Casablanca-Settat,CAS,Berrechid,Rural,Qualifiant,Année 1,Féminin,17,Difficultés scolaires,1–5 km,4000-7000 MAD,3,0,0
AB404848,2021-2022,Oriental,ORI,Taourirt,Urbain,Primaire,Année 5,Féminin,7,Autre,< 1 km,< 2000 MAD,1,0,0
AB404849,2018-2019,Béni Mellal-Khénifra,BMK,El Kelaa des Sraghna,Rural,Collégial,Année 1,Masculin,14,Difficultés scolaires,1–5 km,4000-7000 MAD,1,0,1
AB404850,2015-2016,Marrakech-Safi,MAR,Essaouira,Urbain,Collégial,Année 1,Féminin,15,Éloignement de l'établissement,5–15 km,4000-7000 MAD,8,0,0
AB404851,2023-2024,Fès-Meknès,FES,Séfrou,Rural,Collégial,Année 3,Masculin,15,Éloignement de l'établissement,< 1 km,4000-7000 MAD,6,0,0
AB404852,2017-2018,Fès-Meknès,FES,Séfrou,Rural,Collégial,Année 2,Féminin,14,Difficultés économiques,1–5 km,> 7000 MAD,7,0,0
AB404853,2018-2019,Casablanca-Settat,CAS,Mohammadia,Urbain,Collégial,Année 3,Féminin,13,Mariage précoce,< 1 km,< 2000 MAD,1,1,1
AB404854,2023-2024,Fès-Meknès,FES,Fès,Rural,Primaire,Année 1,Masculin,9,Difficultés économiques,> 15 km,> 7000 MAD,6,0,1
AB404855,2023-2024,Laâyoune-Sakia El Hamra,LAA,Laâyoune,Urbain,Qualifiant,Année 3,Féminin,18,Difficultés scolaires,5–15 km,< 2000 MAD,2,1,0
AB404856,2020-2021,Fès-Meknès,FES,Fès,Rural,Primaire,Année 5,Féminin,11,Manque d'infrastructures,< 1 km,4000-7000 MAD,1,0,0
AB404857,2019-2020,Souss-Massa,SOU,Chtouka-Ait Baha,Urbain,Collégial,Année 3,Masculin,14,Travail enfant,< 1 km,4000-7000 MAD,4,0,1
AB404858,2016-2017,Tanger-Tétouan-Al Hoceïma,TAN,Al Hoceïma,Urbain,Qualifiant,Année 3,Féminin,16,Difficultés économiques,< 1 km,4000-7000 MAD,3,1,0
AB404859,2016-2017,Casablanca-Settat,CAS,Sidi Bennour,Rural,Collégial,Année 1,Féminin,15,Mariage précoce,< 1 km,< 2000 MAD,3,0,0
AB404860,2023-2024,Tanger-Tétouan-Al Hoceïma,TAN,Ouazzane,Urbain,Collégial,Année 3,Féminin,14,Difficultés scolaires,5–15 km,4000-7000 MAD,8,1,1
AB404861,2017-2018,Drâa-Tafilalet,DRA,Zagora,Urbain,Primaire,Année 5,Féminin,9,Difficultés économiques,< 1 km,2000-4000 MAD,6,1,0
AB404862,2019-2020,Tanger-Tétouan-Al Hoceïma,TAN,Fahs-Anjra,Rural,Primaire,Année 2,Masculin,7,Travail enfant,> 15 km,4000-7000 MAD,7,0,0
AB404863,2023-2024,Rabat-Salé-Kénitra,RAB,Kénitra,Rural,Qualifiant,Année 3,Masculin,17,Difficultés économiques,> 15 km,2000-4000 MAD,2,1,0
AB404864,2019-2020,Marrakech-Safi,MAR,El Kelaa des Sraghna,Rural,Qualifiant,Année 2,Masculin,18,Difficultés scolaires,1–5 km,< 2000 MAD,2,1,0
AB404865,2016-2017,Rabat-Salé-Kénitra,RAB,Khémisset,Urbain,Primaire,Année 1,Masculin,7,Mariage précoce,< 1 km,> 7000 MAD,3,1,0
AB404866,2017-2018,Oriental,ORI,Nador,Rural,Primaire,Année 1,Masculin,8,Manque d'infrastructures,5–15 km,< 2000 MAD,5,0,1
AB404867,2022-2023,Drâa-Tafilalet,DRA,Errachidia,Urbain,Primaire,Année 2,Masculin,12,Travail enfant,< 1 km,4000-7000 MAD,1,0,0
AB404868,2023-2024,Fès-Meknès,FES,Fès,Urbain,Primaire,Année 5,Masculin,11,Éloignement de l'établissement,< 1 km,> 7000 MAD,7,1,1
AB404869,2017-2018,Marrakech-Safi,MAR,Marrakech,Urbain,Primaire,Année 2,Masculin,12,Difficultés économiques,> 15 km,4000-7000 MAD,4,1,0
AB404870,2020-2021,Souss-Massa,SOU,Tiznit,Urbain,Collégial,Année 3,Masculin,13,Difficultés scolaires,< 1 km,4000-7000 MAD,8,1,0
AB404871,2020-2021,Rabat-Salé-Kénitra,RAB,Khémisset,Rural,Collégial,Année 3,Féminin,15,Éloignement de l'établissement,5–15 km,< 2000 MAD,1,0,1
AB404872,2018-2019,Souss-Massa,SOU,Agadir-Ida-Ou-Tanane,Rural,Qualifiant,Année 2,Féminin,18,Mariage précoce,1–5 km,4000-7000 MAD,3,0,0
AB404873,2019-2020,Béni Mellal-Khénifra,BMK,El Kelaa des Sraghna,Rural,Collégial,Année 1,Masculin,13,Travail enfant,1–5 km,< 2000 MAD,2,0,0
AB404874,2020-2021,Casablanca-Settat,CAS,Benslimane,Rural,Collégial,Année 3,Féminin,14,Difficultés économiques,< 1 km,2000-4000 MAD,6,1,1
AB404875,2021-2022,Oriental,ORI,Berkane,Rural,Primaire,Année 1,Masculin,10,Handicap,1–5 km,2000-4000 MAD,7,1,1
AB404876,2021-2022,Rabat-Salé-Kénitra,RAB,Salé,Urbain,Collégial,Année 1,Masculin,14,Manque d'infrastructures,1–5 km,4000-7000 MAD,6,1,0
AB404877,2017-2018,Fès-Meknès,FES,Ifrane,Rural,Collégial,Année 3,Masculin,13,Difficultés économiques,< 1 km,2000-4000 MAD,5,1,0
AB404878,2021-2022,Fès-Meknès,FES,Boulemane,Rural,Primaire,Année 5,Féminin,7,Difficultés économiques,5–15 km,< 2000 MAD,4,0,0
AB404879,2023-2024,Drâa-Tafilalet,DRA,Zagora,Rural,Primaire,Année 1,Féminin,7,Éloignement de l'établissement,1–5 km,2000-4000 MAD,2,1,1
AB404880,2015-2016,Fès-Meknès,FES,Moulay Yacoub,Rural,Primaire,Année 1,Masculin,11,Travail enfant,1–5 km,< 2000 MAD,3,1,0
AB404881,2018-2019,Rabat-Salé-Kénitra,RAB,Kénitra,Rural,Primaire,Année 1,Féminin,11,Éloignement de l'établissement,1–5 km,< 2000 MAD,8,0,0
AB404882,2023-2024,Casablanca-Settat,CAS,Settat,Rural,Primaire,Année 1,Féminin,7,Difficultés économiques,< 1 km,2000-4000 MAD,1,0,0
AB404883,2021-2022,Casablanca-Settat,CAS,Berrechid,Rural,Primaire,Année 3,Féminin,7,Mariage précoce,> 15 km,4000-7000 MAD,2,1,1
AB404884,2022-2023,Rabat-Salé-Kénitra,RAB,Khémisset,Rural,Collégial,Année 3,Féminin,15,Difficultés économiques,5–15 km,> 7000 MAD,2,0,0
AB404885,2017-2018,Rabat-Salé-Kénitra,RAB,Sidi Kacem,Rural,Primaire,Année 4,Masculin,10,Travail enfant,1–5 km,2000-4000 MAD,5,1,1
AB404886,2020-2021,Marrakech-Safi,MAR,Essaouira,Urbain,Primaire,Année 4,Féminin,12,Difficultés économiques,5–15 km,4000-7000 MAD,2,0,0
AB404887,2017-2018,Béni Mellal-Khénifra,BMK,Béni Mellal,Rural,Primaire,Année 4,Masculin,12,Mariage précoce,1–5 km,< 2000 MAD,8,0,0
AB404888,2022-2023,Rabat-Salé-Kénitra,RAB,Rabat,Urbain,Collégial,Année 1,Masculin,15,Autre,1–5 km,2000-4000 MAD,2,0,0
AB404889,2016-2017,Casablanca-Settat,CAS,Mohammadia,Urbain,Collégial,Année 3,Masculin,14,Difficultés économiques,1–5 km,2000-4000 MAD,4,0,0
AB404890,2017-2018,Souss-Massa,SOU,Chtouka-Ait Baha,Urbain,Collégial,Année 3,Féminin,15,Difficultés économiques,< 1 km,> 7000 MAD,2,1,0
AB404891,2023-2024,Casablanca-Settat,CAS,Sidi Bennour,Rural,Collégial,Année 1,Masculin,14,Difficultés économiques,< 1 km,> 7000 MAD,5,1,1
AB404892,2022-2023,Tanger-Tétouan-Al Hoceïma,TAN,Tanger-Assilah,Rural,Collégial,Année 3,Féminin,15,Difficultés scolaires,1–5 km,> 7000 MAD,4,1,0
AB404893,2021-2022,Rabat-Salé-Kénitra,RAB,Khémisset,Urbain,Collégial,Année 3,Féminin,14,Travail enfant,5–15 km,> 7000 MAD,1,1,0
AB404894,2019-2020,Fès-Meknès,FES,Boulemane,Rural,Collégial,Année 3,Masculin,15,Difficultés économiques,5–15 km,< 2000 MAD,1,1,0
AB404895,2016-2017,Fès-Meknès,FES,Séfrou,Urbain,Primaire,Année 6,Féminin,7,Manque d'infrastructures,5–15 km,> 7000 MAD,8,1,0
AB404896,2015-2016,Rabat-Salé-Kénitra,RAB,Skhirate-Témara,Urbain,Qualifiant,Année 3,Féminin,17,Difficultés scolaires,5–15 km,> 7000 MAD,5,1,0
AB404897,2022-2023,Casablanca-Settat,CAS,Khouribga,Rural,Primaire,Année 6,Féminin,12,Travail enfant,5–15 km,2000-4000 MAD,1,1,0
AB404898,2018-2019,Rabat-Salé-Kénitra,RAB,Skhirate-Témara,Urbain,Qualifiant,Année 1,Masculin,18,Grossesse,< 1 km,2000-4000 MAD,2,1,0
AB404899,2018-2019,Marrakech-Safi,MAR,Marrakech,Rural,Collégial,Année 2,Masculin,15,Travail enfant,5–15 km,< 2000 MAD,3,1,0
AB404900,2019-2020,Tanger-Tétouan-Al Hoceïma,TAN,Tétouan,Rural,Primaire,Année 3,Féminin,9,Difficultés économiques,> 15 km,< 2000 MAD,1,0,0
AB404901,2020-2021,Rabat-Salé-Kénitra,RAB,Khémisset,Rural,Collégial,Année 2,Masculin,15,Mariage précoce,5–15 km,2000-4000 MAD,5,1,0
AB404902,2019-2020,Rabat-Salé-Kénitra,RAB,Khémisset,Rural,Primaire,Année 1,Masculin,8,Difficultés scolaires,1–5 km,> 7000 MAD,5,1,0
AB404903,2022-2023,Tanger-Tétouan-Al Hoceïma,TAN,Mdiq-Fnideq,Urbain,Qualifiant,Année 1,Masculin,17,Travail enfant,1–5 km,2000-4000 MAD,1,1,0
AB404904,2018-2019,Tanger-Tétouan-Al Hoceïma,TAN,Larache,Rural,Collégial,Année 3,Masculin,15,Autre,< 1 km,> 7000 MAD,3,0,1
AB404905,2022-2023,Fès-Meknès,FES,Ifrane,Urbain,Qualifiant,Année 2,Féminin,17,Difficultés scolaires,1–5 km,< 2000 MAD,5,1,0
AB404906,2016-2017,Tanger-Tétouan-Al Hoceïma,TAN,Mdiq-Fnideq,Urbain,Collégial,Année 3,Masculin,15,Difficultés économiques,5–15 km,2000-4000 MAD,6,0,1
AB404907,2016-2017,Marrakech-Safi,MAR,Safi,Urbain,Collégial,Année 2,Masculin,13,Handicap,5–15 km,4000-7000 MAD,4,1,0
AB404908,2023-2024,Rabat-Salé-Kénitra,RAB,Kénitra,Urbain,Primaire,Année 4,Masculin,11,Difficultés économiques,1–5 km,< 2000 MAD,4,1,0
AB404909,2017-2018,Rabat-Salé-Kénitra,RAB,Khémisset,Rural,Primaire,Année 5,Masculin,12,Travail enfant,1–5 km,4000-7000 MAD,3,0,0
AB404910,2020-2021,Béni Mellal-Khénifra,BMK,Fquih Ben Salah,Rural,Collégial,Année 3,Féminin,13,Manque d'infrastructures,5–15 km,< 2000 MAD,5,0,0
AB404911,2023-2024,Casablanca-Settat,CAS,Khouribga,Rural,Collégial,Année 1,Masculin,15,Difficultés scolaires,5–15 km,< 2000 MAD,3,0,1
AB404912,2020-2021,Béni Mellal-Khénifra,BMK,Fquih Ben Salah,Urbain,Qualifiant,Année 1,Féminin,17,Éloignement de l'établissement,5–15 km,4000-7000 MAD,5,1,0
AB404913,2021-2022,Béni Mellal-Khénifra,BMK,Azilal,Urbain,Collégial,Année 2,Masculin,15,Mariage précoce,1–5 km,< 2000 MAD,2,1,1
AB404914,2018-2019,Fès-Meknès,FES,Ifrane,Rural,Collégial,Année 3,Féminin,15,Manque d'infrastructures,1–5 km,4000-7000 MAD,6,1,0
AB404915,2021-2022,Souss-Massa,SOU,Agadir-Ida-Ou-Tanane,Rural,Collégial,Année 1,Féminin,15,Mariage précoce,5–15 km,< 2000 MAD,4,1,0
AB404916,2019-2020,Casablanca-Settat,CAS,El Jadida,Urbain,Qualifiant,Année 3,Féminin,18,Mariage précoce,> 15 km,2000-4000 MAD,8,0,0
AB404917,2018-2019,Rabat-Salé-Kénitra,RAB,Rabat,Rural,Collégial,Année 3,Féminin,15,Travail enfant,> 15 km,< 2000 MAD,5,1,0
AB404918,2023-2024,Tanger-Tétouan-Al Hoceïma,TAN,Fahs-Anjra,Rural,Qualifiant,Année 1,Masculin,18,Difficultés scolaires,1–5 km,> 7000 MAD,8,1,0
AB404919,2022-2023,Fès-Meknès,FES,El Hajeb,Urbain,Collégial,Année 2,Féminin,13,Éloignement de l'établissement,< 1 km,< 2000 MAD,6,0,0
AB404920,2022-2023,Casablanca-Settat,CAS,Berrechid,Urbain,Qualifiant,Année 2,Masculin,17,Éloignement de l'établissement,< 1 km,> 7000 MAD,4,1,0
AB404921,2020-2021,Oriental,ORI,Guercif,Rural,Collégial,Année 2,Féminin,14,Manque d'infrastructures,< 1 km,> 7000 MAD,3,0,0
AB404922,2022-2023,Rabat-Salé-Kénitra,RAB,Sidi Kacem,Rural,Primaire,Année 6,Masculin,7,Éloignement de l'établissement,1–5 km,4000-7000 MAD,3,0,0
AB404923,2018-2019,Casablanca-Settat,CAS,El Jadida,Urbain,Qualifiant,Année 1,Féminin,18,Éloignement de l'établissement,5–15 km,4000-7000 MAD,8,1,0
AB404924,2018-2019,Casablanca-Settat,CAS,El Jadida,Rural,Primaire,Année 4,Féminin,10,Éloignement de l'établissement,1–5 km,4000-7000 MAD,5,1,0
AB404925,2019-2020,Casablanca-Settat,CAS,Settat,Rural,Collégial,Année 3,Féminin,14,Handicap,> 15 km,4000-7000 MAD,1,1,0
AB404926,2019-2020,Marrakech-Safi,MAR,Al Haouz,Urbain,Primaire,Année 1,Féminin,11,Éloignement de l'établissement,> 15 km,2000-4000 MAD,1,0,1
AB404927,2022-2023,Casablanca-Settat,CAS,Berrechid,Rural,Qualifiant,Année 2,Masculin,18,Mariage précoce,5–15 km,2000-4000 MAD,6,0,0
AB404928,2019-2020,Fès-Meknès,FES,Fès,Rural,Collégial,Année 2,Féminin,14,Éloignement de l'établissement,5–15 km,2000-4000 MAD,4,0,1
AB404929,2022-2023,Béni Mellal-Khénifra,BMK,Azilal,Urbain,Primaire,Année 5,Masculin,11,Travail enfant,> 15 km,2000-4000 MAD,5,0,0
AB404930,2016-2017,Casablanca-Settat,CAS,Mohammadia,Rural,Qualifiant,Année 3,Féminin,18,Difficultés économiques,< 1 km,4000-7000 MAD,8,0,1
AB404931,2015-2016,Casablanca-Settat,CAS,Sidi Bennour,Urbain,Collégial,Année 3,Féminin,14,Travail enfant,< 1 km,2000-4000 MAD,6,1,0
AB404932,2016-2017,Drâa-Tafilalet,DRA,Ouarzazate,Urbain,Qualifiant,Année 2,Féminin,17,Éloignement de l'établissement,< 1 km,4000-7000 MAD,1,0,0
AB404933,2015-2016,Tanger-Tétouan-Al Hoceïma,TAN,Larache,Rural,Collégial,Année 3,Masculin,13,Difficultés scolaires,< 1 km,< 2000 MAD,7,1,1
AB404934,2017-2018,Tanger-Tétouan-Al Hoceïma,TAN,Fahs-Anjra,Urbain,Primaire,Année 2,Masculin,12,Travail enfant,1–5 km,< 2000 MAD,2,0,0
AB404935,2015-2016,Casablanca-Settat,CAS,Berrechid,Rural,Collégial,Année 3,Féminin,15,Difficultés économiques,1–5 km,> 7000 MAD,3,0,0
AB404936,2019-2020,Rabat-Salé-Kénitra,RAB,Skhirate-Témara,Urbain,Primaire,Année 2,Masculin,8,Difficultés scolaires,< 1 km,< 2000 MAD,8,0,0
AB404937,2018-2019,Marrakech-Safi,MAR,Chichaoua,Urbain,Collégial,Année 2,Masculin,13,Difficultés économiques,1–5 km,< 2000 MAD,8,0,0
AB404938,2020-2021,Laâyoune-Sakia El Hamra,LAA,Laâyoune,Rural,Collégial,Année 3,Féminin,13,Mariage précoce,< 1 km,4000-7000 MAD,7,1,1
AB404939,2022-2023,Fès-Meknès,FES,El Hajeb,Rural,Collégial,Année 1,Féminin,14,Difficultés économiques,1–5 km,4000-7000 MAD,4,0,1
AB404940,2015-2016,Fès-Meknès,FES,Séfrou,Urbain,Primaire,Année 6,Masculin,8,Handicap,> 15 km,< 2000 MAD,1,1,0
AB404941,2016-2017,Casablanca-Settat,CAS,Sidi Bennour,Rural,Qualifiant,Année 1,Masculin,16,Grossesse,> 15 km,> 7000 MAD,1,0,0
AB404942,2020-2021,Fès-Meknès,FES,Fès,Rural,Collégial,Année 1,Féminin,14,Difficultés économiques,< 1 km,< 2000 MAD,1,1,0
AB404943,2020-2021,Rabat-Salé-Kénitra,RAB,Sidi Slimane,Rural,Collégial,Année 2,Masculin,15,Difficultés économiques,5–15 km,2000-4000 MAD,2,1,0
AB404944,2023-2024,Casablanca-Settat,CAS,Casablanca,Rural,Collégial,Année 3,Masculin,14,Difficultés économiques,< 1 km,2000-4000 MAD,1,0,1
AB404945,2020-2021,Rabat-Salé-Kénitra,RAB,Skhirate-Témara,Rural,Primaire,Année 4,Féminin,8,Difficultés économiques,< 1 km,> 7000 MAD,7,1,0
AB404946,2015-2016,Souss-Massa,SOU,Agadir-Ida-Ou-Tanane,Rural,Primaire,Année 6,Féminin,7,Éloignement de l'établissement,1–5 km,< 2000 MAD,2,1,1
AB404947,2022-2023,Marrakech-Safi,MAR,Youssoufia,Rural,Collégial,Année 1,Féminin,13,Éloignement de l'établissement,> 15 km,< 2000 MAD,6,1,0
AB404948,2016-2017,Tanger-Tétouan-Al Hoceïma,TAN,Fahs-Anjra,Urbain,Primaire,Année 4,Masculin,11,Difficultés économiques,1–5 km,4000-7000 MAD,1,1,0
AB404949,2017-2018,Casablanca-Settat,CAS,Mohammadia,Rural,Collégial,Année 1,Masculin,15,Travail enfant,1–5 km,< 2000 MAD,2,0,0
AB404950,2020-2021,Fès-Meknès,FES,Fès,Urbain,Qualifiant,Année 1,Féminin,16,Manque d'infrastructures,1–5 km,< 2000 MAD,6,1,0
AB404951,2017-2018,Tanger-Tétouan-Al Hoceïma,TAN,Ouazzane,Rural,Primaire,Année 1,Féminin,10,Travail enfant,< 1 km,2000-4000 MAD,3,1,0
AB404952,2023-2024,Rabat-Salé-Kénitra,RAB,Sidi Kacem,Urbain,Collégial,Année 1,Masculin,13,Autre,> 15 km,2000-4000 MAD,5,1,1
AB404953,2015-2016,Marrakech-Safi,MAR,Youssoufia,Rural,Primaire,Année 2,Masculin,9,Mariage précoce,1–5 km,4000-7000 MAD,2,0,0
AB404954,2016-2017,Béni Mellal-Khénifra,BMK,Fquih Ben Salah,Urbain,Primaire,Année 4,Féminin,12,Difficultés scolaires,< 1 km,< 2000 MAD,1,1,0
AB404955,2015-2016,Drâa-Tafilalet,DRA,Errachidia,Urbain,Qualifiant,Année 3,Féminin,18,Manque d'infrastructures,< 1 km,2000-4000 MAD,4,1,1
AB404956,2015-2016,Souss-Massa,SOU,Taroudannt,Urbain,Qualifiant,Année 3,Féminin,16,Difficultés économiques,> 15 km,2000-4000 MAD,3,1,0
AB404957,2016-2017,Casablanca-Settat,CAS,Settat,Rural,Primaire,Année 4,Féminin,7,Difficultés scolaires,5–15 km,< 2000 MAD,5,0,0
AB404958,2016-2017,Rabat-Salé-Kénitra,RAB,Kénitra,Rural,Qualifiant,Année 3,Féminin,17,Difficultés scolaires,< 1 km,< 2000 MAD,6,0,0
AB404959,2016-2017,Rabat-Salé-Kénitra,RAB,Salé,Rural,Primaire,Année 3,Masculin,11,Éloignement de l'établissement,5–15 km,2000-4000 MAD,3,1,0
AB404960,2015-2016,Souss-Massa,SOU,Agadir-Ida-Ou-Tanane,Rural,Qualifiant,Année 2,Féminin,17,Difficultés scolaires,5–15 km,2000-4000 MAD,8,1,0
AB404961,2019-2020,Béni Mellal-Khénifra,BMK,Fquih Ben Salah,Rural,Primaire,Année 6,Masculin,7,Travail enfant,1–5 km,4000-7000 MAD,5,1,1
AB404962,2018-2019,Casablanca-Settat,CAS,Mohammadia,Rural,Collégial,Année 2,Féminin,13,Difficultés économiques,> 15 km,2000-4000 MAD,2,0,0
AB404963,2015-2016,Béni Mellal-Khénifra,BMK,Khouribga,Urbain,Primaire,Année 6,Féminin,11,Difficultés scolaires,5–15 km,< 2000 MAD,4,1,0
AB404964,2015-2016,Rabat-Salé-Kénitra,RAB,Rabat,Rural,Collégial,Année 2,Féminin,13,Travail enfant,> 15 km,2000-4000 MAD,2,0,1
AB404965,2015-2016,Béni Mellal-Khénifra,BMK,Khouribga,Rural,Qualifiant,Année 3,Masculin,18,Difficultés économiques,< 1 km,< 2000 MAD,6,1,0
AB404966,2022-2023,Casablanca-Settat,CAS,El Jadida,Rural,Qualifiant,Année 3,Masculin,16,Travail enfant,< 1 km,4000-7000 MAD,5,1,0
AB404967,2017-2018,Casablanca-Settat,CAS,Berrechid,Rural,Collégial,Année 3,Masculin,13,Travail enfant,1–5 km,2000-4000 MAD,1,0,0
AB404968,2018-2019,Souss-Massa,SOU,Tata,Rural,Primaire,Année 1,Masculin,12,Autre,> 15 km,> 7000 MAD,1,0,0
AB404969,2016-2017,Marrakech-Safi,MAR,Marrakech,Urbain,Qualifiant,Année 2,Masculin,18,Difficultés scolaires,< 1 km,< 2000 MAD,1,1,0
AB404970,2023-2024,Marrakech-Safi,MAR,Chichaoua,Urbain,Qualifiant,Année 3,Masculin,17,Difficultés scolaires,5–15 km,> 7000 MAD,7,0,1
AB404971,2019-2020,Tanger-Tétouan-Al Hoceïma,TAN,Chefchaouen,Urbain,Collégial,Année 3,Masculin,14,Difficultés économiques,> 15 km,2000-4000 MAD,6,1,0
AB404972,2020-2021,Casablanca-Settat,CAS,Benslimane,Rural,Primaire,Année 6,Féminin,9,Grossesse,1–5 km,< 2000 MAD,5,0,0
AB404973,2017-2018,Marrakech-Safi,MAR,Marrakech,Rural,Qualifiant,Année 3,Masculin,16,Difficultés scolaires,1–5 km,4000-7000 MAD,6,0,0
AB404974,2016-2017,Casablanca-Settat,CAS,Benslimane,Urbain,Qualifiant,Année 2,Féminin,18,Autre,< 1 km,< 2000 MAD,5,1,1
AB404975,2018-2019,Fès-Meknès,FES,Taounate,Rural,Collégial,Année 3,Féminin,13,Manque d'infrastructures,< 1 km,< 2000 MAD,3,0,0
AB404976,2017-2018,Rabat-Salé-Kénitra,RAB,Rabat,Rural,Primaire,Année 4,Masculin,10,Éloignement de l'établissement,1–5 km,< 2000 MAD,1,0,1
AB404977,2023-2024,Rabat-Salé-Kénitra,RAB,Sidi Kacem,Rural,Collégial,Année 2,Masculin,15,Autre,< 1 km,< 2000 MAD,1,1,0
AB404978,2023-2024,Rabat-Salé-Kénitra,RAB,Kénitra,Rural,Primaire,Année 2,Féminin,8,Difficultés économiques,> 15 km,2000-4000 MAD,4,0,1
AB404979,2018-2019,Béni Mellal-Khénifra,BMK,Azilal,Urbain,Collégial,Année 2,Féminin,15,Éloignement de l'établissement,1–5 km,> 7000 MAD,6,1,0
AB404980,2019-2020,Souss-Massa,SOU,Chtouka-Ait Baha,Rural,Collégial,Année 2,Masculin,14,Manque d'infrastructures,< 1 km,< 2000 MAD,2,1,0
AB404981,2022-2023,Tanger-Tétouan-Al Hoceïma,TAN,Tétouan,Urbain,Qualifiant,Année 3,Masculin,16,Difficultés économiques,1–5 km,4000-7000 MAD,1,1,1
AB404982,2017-2018,Rabat-Salé-Kénitra,RAB,Sidi Kacem,Rural,Collégial,Année 1,Masculin,13,Éloignement de l'établissement,5–15 km,< 2000 MAD,3,0,0
AB404983,2019-2020,Casablanca-Settat,CAS,Khouribga,Rural,Collégial,Année 3,Masculin,14,Difficultés scolaires,5–15 km,> 7000 MAD,2,1,0
AB404984,2020-2021,Rabat-Salé-Kénitra,RAB,Kénitra,Rural,Qualifiant,Année 1,Masculin,18,Difficultés économiques,5–15 km,4000-7000 MAD,8,1,0
AB404985,2018-2019,Fès-Meknès,FES,Meknès,Urbain,Collégial,Année 3,Féminin,14,Grossesse,< 1 km,2000-4000 MAD,7,1,0
AB404986,2019-2020,Casablanca-Settat,CAS,Settat,Urbain,Primaire,Année 5,Masculin,11,Difficultés scolaires,5–15 km,4000-7000 MAD,4,0,0
AB404987,2020-2021,Casablanca-Settat,CAS,Settat,Rural,Primaire,Année 6,Masculin,10,Difficultés scolaires,5–15 km,2000-4000 MAD,7,1,1
AB404988,2020-2021,Drâa-Tafilalet,DRA,Ouarzazate,Rural,Qualifiant,Année 3,Féminin,17,Éloignement de l'établissement,< 1 km,< 2000 MAD,8,0,0
AB404989,2016-2017,Rabat-Salé-Kénitra,RAB,Skhirate-Témara,Rural,Primaire,Année 5,Féminin,7,Travail enfant,< 1 km,2000-4000 MAD,1,1,1
AB404990,2023-2024,Tanger-Tétouan-Al Hoceïma,TAN,Mdiq-Fnideq,Rural,Collégial,Année 3,Féminin,15,Difficultés scolaires,> 15 km,4000-7000 MAD,3,1,0
AB404991,2023-2024,Rabat-Salé-Kénitra,RAB,Kénitra,Rural,Qualifiant,Année 1,Féminin,17,Mariage précoce,< 1 km,2000-4000 MAD,1,0,0
AB404992,2019-2020,Fès-Meknès,FES,Fès,Rural,Primaire,Année 6,Masculin,12,Difficultés scolaires,1–5 km,4000-7000 MAD,1,0,1
AB404993,2015-2016,Béni Mellal-Khénifra,BMK,Khouribga,Rural,Collégial,Année 3,Féminin,14,Travail enfant,5–15 km,2000-4000 MAD,8,1,0
AB404994,2020-2021,Fès-Meknès,FES,Taounate,Urbain,Qualifiant,Année 1,Masculin,16,Difficultés économiques,< 1 km,< 2000 MAD,8,1,1
AB404995,2023-2024,Béni Mellal-Khénifra,BMK,Fquih Ben Salah,Rural,Collégial,Année 1,Féminin,14,Difficultés économiques,1–5 km,2000-4000 MAD,7,0,0
AB404996,2020-2021,Tanger-Tétouan-Al Hoceïma,TAN,Tétouan,Urbain,Collégial,Année 1,Masculin,14,Difficultés économiques,> 15 km,2000-4000 MAD,4,0,0
AB404997,2023-2024,Fès-Meknès,FES,El Hajeb,Rural,Collégial,Année 2,Masculin,13,Mariage précoce,1–5 km,< 2000 MAD,1,1,0
AB404998,2015-2016,Drâa-Tafilalet,DRA,Midelt,Urbain,Qualifiant,Année 2,Féminin,18,Travail enfant,1–5 km,4000-7000 MAD,4,1,0
AB404999,2021-2022,Casablanca-Settat,CAS,Khouribga,Rural,Collégial,Année 1,Féminin,14,Difficultés économiques,> 15 km,< 2000 MAD,8,1,1
