id_beneficiaire,annee,region,code_region,province,milieu,genre,age,tranche_age,operateur,niveau_formation,heures_formation,formation_completee,score_evaluation_final
ALP500000,2022,Oriental,ORI,Berkane,Urbain,Féminin,62,50-64,Association partenaire,Niveau 2 (intermédiaire),168,0,66.4
ALP500001,2021,Souss-Massa,SOU,Taroudannt,Rural,Féminin,60,50-64,ANLCA,Niveau 1 (débutant),130,1,38.2
ALP500002,2015,Casablanca-Settat,CAS,Mohammadia,Urbain,Féminin,24,15-24,ANLCA,Niveau 3 (avancé),120,1,47.1
ALP500003,2019,Béni Mellal-Khénifra,BMK,Fquih Ben Salah,Rural,Féminin,52,50-64,ANLCA,Niveau 3 (avancé),175,1,74.6
ALP500004,2021,Fès-Meknès,FES,Moulay Yacoub,Rural,Féminin,21,15-24,ANLCA,Niveau 3 (avancé),158,1,93.2
ALP500005,2019,Rabat-Salé-Kénitra,RAB,Sidi Kacem,Urbain,Féminin,24,15-24,ANLCA,Niveau 3 (avancé),163,0,59.9
ALP500006,2016,Tanger-Tétouan-Al Hoceïma,TAN,Al Hoceïma,Urbain,Masculin,50,35-49,Association partenaire,Niveau 1 (débutant),92,1,79.0
ALP500007,2017,Rabat-Salé-Kénitra,RAB,Sidi Kacem,Urbain,Féminin,32,25-34,ANLCA,Niveau 1 (débutant),194,0,77.5
ALP500008,2020,Fès-Meknès,FES,Fès,Rural,Masculin,52,50-64,Association partenaire,Niveau 1 (débutant),58,1,84.2
ALP500009,2019,Casablanca-Settat,CAS,Khouribga,Rural,Féminin,21,15-24,Association partenaire,Niveau 1 (débutant),62,0,26.6
ALP500010,2021,Casablanca-Settat,CAS,El Jadida,Rural,Masculin,34,25-34,ANLCA,Niveau 1 (débutant),88,1,74.1
ALP500011,2019,Oriental,ORI,Jerada,Urbain,Féminin,37,35-49,Entreprise,Niveau 1 (débutant),125,1,32.2
ALP500012,2016,Rabat-Salé-Kénitra,RAB,Sidi Kacem,Urbain,Féminin,30,25-34,Mosquée,Niveau 3 (avancé),95,1,40.8
ALP500013,2021,Tanger-Tétouan-Al Hoceïma,TAN,Al Hoceïma,Urbain,Féminin,23,15-24,Association partenaire,Niveau 1 (débutant),158,1,53.8
ALP500014,2022,Marrakech-Safi,MAR,Safi,Rural,Masculin,28,25-34,Association partenaire,Niveau 2 (intermédiaire),167,0,53.3
ALP500015,2018,Oriental,ORI,Berkane,Urbain,Masculin,51,50-64,ANLCA,Niveau 2 (intermédiaire),146,1,63.4
ALP500016,2019,Béni Mellal-Khénifra,BMK,El Kelaa des Sraghna,Rural,Féminin,46,35-49,Entreprise,Niveau 2 (intermédiaire),98,1,80.9
ALP500017,2018,Rabat-Salé-Kénitra,RAB,Khémisset,Rural,Féminin,27,25-34,ANLCA,Niveau 1 (débutant),167,0,46.1
ALP500018,2019,Tanger-Tétouan-Al Hoceïma,TAN,Tétouan,Rural,Féminin,16,15-24,Mosquée,Niveau 1 (débutant),72,0,37.1
ALP500019,2018,Rabat-Salé-Kénitra,RAB,Sidi Slimane,Urbain,Féminin,61,50-64,Entreprise,Niveau 1 (débutant),44,0,74.2
ALP500020,2017,Casablanca-Settat,CAS,Mohammadia,Rural,Masculin,40,35-49,Entreprise,Niveau 1 (débutant),92,0,73.5
ALP500021,2019,Oriental,ORI,Jerada,Urbain,Féminin,21,15-24,Mosquée,Niveau 2 (intermédiaire),184,1,62.1
ALP500022,2016,Tanger-Tétouan-Al Hoceïma,TAN,Al Hoceïma,Urbain,Féminin,26,25-34,ANLCA,Niveau 3 (avancé),45,1,79.4
ALP500023,2017,Souss-Massa,SOU,Tiznit,Rural,Masculin,64,50-64,Association partenaire,Niveau 2 (intermédiaire),82,1,63.3
ALP500024,2021,Fès-Meknès,FES,Séfrou,Urbain,Masculin,46,35-49,Association partenaire,Niveau 2 (intermédiaire),59,1,63.3
ALP500025,2021,Casablanca-Settat,CAS,Mohammadia,Rural,Masculin,30,25-34,ANLCA,Niveau 2 (intermédiaire),122,1,56.4
ALP500026,2020,Casablanca-Settat,CAS,Berrechid,Rural,Masculin,26,25-34,Association partenaire,Niveau 2 (intermédiaire),190,1,91.0
ALP500027,2020,Marrakech-Safi,MAR,Marrakech,Rural,Féminin,59,50-64,Mosquée,Niveau 3 (avancé),197,0,100.0
ALP500028,2022,Fès-Meknès,FES,Séfrou,Urbain,Féminin,26,25-34,Association partenaire,Niveau 2 (intermédiaire),98,1,76.0
ALP500029,2022,Fès-Meknès,FES,Fès,Rural,Masculin,62,50-64,Mosquée,Niveau 1 (débutant),171,0,66.0
ALP500030,2015,Fès-Meknès,FES,Meknès,Rural,Féminin,31,25-34,Association partenaire,Niveau 2 (intermédiaire),49,1,78.5
ALP500031,2020,Casablanca-Settat,CAS,Settat,Urbain,Féminin,56,50-64,Association partenaire,Niveau 1 (débutant),71,1,34.3
ALP500032,2023,Rabat-Salé-Kénitra,RAB,Khémisset,Rural,Féminin,24,15-24,Entreprise,Niveau 1 (débutant),193,1,76.6
ALP500033,2015,Tanger-Tétouan-Al Hoceïma,TAN,Chefchaouen,Urbain,Masculin,58,50-64,ANLCA,Niveau 1 (débutant),172,0,72.4
ALP500034,2020,Béni Mellal-Khénifra,BMK,Azilal,Urbain,Féminin,58,50-64,Association partenaire,Niveau 2 (intermédiaire),193,1,85.2
ALP500035,2023,Fès-Meknès,FES,Boulemane,Urbain,Masculin,52,50-64,Entreprise,Niveau 2 (intermédiaire),40,0,58.8
ALP500036,2022,Casablanca-Settat,CAS,Mohammadia,Urbain,Féminin,64,50-64,Entreprise,Niveau 1 (débutant),47,0,53.4
ALP500037,2015,Tanger-Tétouan-Al Hoceïma,TAN,Larache,Urbain,Féminin,47,35-49,ANLCA,Niveau 3 (avancé),161,0,87.7
ALP500038,2021,Béni Mellal-Khénifra,BMK,Khouribga,Rural,Féminin,59,50-64,Association partenaire,Niveau 1 (débutant),148,1,87.0
ALP500039,2021,Rabat-Salé-Kénitra,RAB,Skhirate-Témara,Rural,Féminin,34,25-34,ANLCA,Niveau 3 (avancé),157,1,80.9
ALP500040,2018,Tanger-Tétouan-Al Hoceïma,TAN,Chefchaouen,Rural,Masculin,17,15-24,Association partenaire,Niveau 2 (intermédiaire),150,1,19.9
ALP500041,2023,Béni Mellal-Khénifra,BMK,Khouribga,Rural,Féminin,32,25-34,ONG,Niveau 3 (avancé),112,1,58.2
ALP500042,2017,Béni Mellal-Khénifra,BMK,Béni Mellal,Urbain,Féminin,30,25-34,ANLCA,Niveau 1 (débutant),157,0,75.1
ALP500043,2015,Fès-Meknès,FES,Meknès,Rural,Féminin,38,35-49,Entreprise,Niveau 1 (débutant),198,0,47.7
ALP500044,2015,Rabat-Salé-Kénitra,RAB,Khémisset,Rural,Féminin,32,25-34,Mosquée,Niveau 3 (avancé),43,1,82.1
ALP500045,2017,Casablanca-Settat,CAS,El Jadida,Rural,Masculin,28,25-34,ONG,Niveau 3 (avancé),170,1,90.1
ALP500046,2015,Fès-Meknès,FES,Fès,Rural,Masculin,16,15-24,Association partenaire,Niveau 2 (intermédiaire),77,0,80.7
ALP500047,2015,Rabat-Salé-Kénitra,RAB,Rabat,Rural,Féminin,29,25-34,Association partenaire,Niveau 1 (débutant),174,1,66.8
ALP500048,2023,Béni Mellal-Khénifra,BMK,Azilal,Rural,Féminin,17,15-24,Mosquée,Niveau 2 (intermédiaire),146,1,37.9
ALP500049,2016,Rabat-Salé-Kénitra,RAB,Kénitra,Rural,Féminin,43,35-49,ANLCA,Niveau 2 (intermédiaire),172,0,39.4
ALP500050,2020,Souss-Massa,SOU,Agadir-Ida-Ou-Tanane,Urbain,Féminin,53,50-64,ANLCA,Niveau 1 (débutant),163,1,80.8
ALP500051,2016,Rabat-Salé-Kénitra,RAB,Salé,Rural,Féminin,25,15-24,ANLCA,Niveau 2 (intermédiaire),63,1,78.9
ALP500052,2017,Fès-Meknès,FES,Fès,Rural,Masculin,35,25-34,ANLCA,Niveau 1 (débutant),177,1,47.1
ALP500053,2015,Fès-Meknès,FES,Taounate,Rural,Masculin,48,35-49,Mosquée,Niveau 1 (débutant),100,1,74.8
ALP500054,2020,Rabat-Salé-Kénitra,RAB,Sidi Slimane,Rural,Masculin,30,25-34,ANLCA,Niveau 3 (avancé),152,1,71.9
ALP500055,2019,Oriental,ORI,Jerada,Rural,Féminin,45,35-49,Entreprise,Niveau 1 (débutant),57,1,78.4
ALP500056,2018,Fès-Meknès,FES,Séfrou,Rural,Féminin,39,35-49,ONG,Niveau 1 (débutant),199,1,71.0
ALP500057,2023,Marrakech-Safi,MAR,Chichaoua,Urbain,Féminin,58,50-64,ANLCA,Niveau 2 (intermédiaire),104,1,62.7
ALP500058,2017,Rabat-Salé-Kénitra,RAB,Sidi Kacem,Urbain,Féminin,29,25-34,ANLCA,Niveau 2 (intermédiaire),84,0,100.0
ALP500059,2021,Casablanca-Settat,CAS,Benslimane,Rural,Féminin,34,25-34,ANLCA,Niveau 3 (avancé),153,1,96.3
ALP500060,2018,Oriental,ORI,Guercif,Rural,Féminin,47,35-49,ANLCA,Niveau 2 (intermédiaire),121,1,62.5
ALP500061,2022,Marrakech-Safi,MAR,El Kelaa des Sraghna,Rural,Féminin,47,35-49,Association partenaire,Niveau 2 (intermédiaire),180,1,76.3
ALP500062,2017,Drâa-Tafilalet,DRA,Tinghir,Rural,Féminin,30,25-34,Association partenaire,Niveau 1 (débutant),86,1,86.8
ALP500063,2023,Tanger-Tétouan-Al Hoceïma,TAN,Larache,Urbain,Féminin,33,25-34,Association partenaire,Niveau 2 (intermédiaire),75,1,52.2
ALP500064,2016,Marrakech-Safi,MAR,Al Haouz,Rural,Masculin,22,15-24,Association partenaire,Niveau 1 (débutant),98,1,86.6
ALP500065,2016,Casablanca-Settat,CAS,Mohammadia,Urbain,Féminin,43,35-49,ANLCA,Niveau 3 (avancé),165,1,57.4
ALP500066,2015,Drâa-Tafilalet,DRA,Tinghir,Urbain,Féminin,53,50-64,Association partenaire,Niveau 1 (débutant),101,1,64.7
ALP500067,2022,Marrakech-Safi,MAR,Safi,Rural,Féminin,63,50-64,Association partenaire,Niveau 1 (débutant),139,1,36.3
ALP500068,2022,Drâa-Tafilalet,DRA,Midelt,Rural,Féminin,20,15-24,ANLCA,Niveau 2 (intermédiaire),48,1,69.8
ALP500069,2021,Fès-Meknès,FES,Ifrane,Urbain,Masculin,60,50-64,ANLCA,Niveau 2 (intermédiaire),166,1,76.0
ALP500070,2020,Casablanca-Settat,CAS,Mohammadia,Rural,Féminin,48,35-49,ANLCA,Niveau 2 (intermédiaire),48,1,77.5
ALP500071,2021,Guelmim-Oued Noun,GUE,Assa-Zag,Rural,Féminin,43,35-49,Mosquée,Niveau 2 (intermédiaire),109,1,82.0
ALP500072,2016,Casablanca-Settat,CAS,Benslimane,Urbain,Féminin,42,35-49,ONG,Niveau 1 (débutant),151,1,71.7
ALP500073,2019,Rabat-Salé-Kénitra,RAB,Skhirate-Témara,Rural,Féminin,58,50-64,ANLCA,Niveau 1 (débutant),103,1,87.8
ALP500074,2023,Tanger-Tétouan-Al Hoceïma,TAN,Chefchaouen,Urbain,Féminin,40,35-49,Association partenaire,Niveau 1 (débutant),109,1,92.3
ALP500075,2015,Rabat-Salé-Kénitra,RAB,Sidi Kacem,Rural,Masculin,56,50-64,Entreprise,Niveau 2 (intermédiaire),64,0,83.1
ALP500076,2022,Casablanca-Settat,CAS,Mohammadia,Rural,Féminin,60,50-64,Entreprise,Niveau 1 (débutant),87,1,60.5
ALP500077,2017,Oriental,ORI,Guercif,Urbain,Masculin,46,35-49,ANLCA,Niveau 3 (avancé),132,0,77.4
ALP500078,2018,Marrakech-Safi,MAR,El Kelaa des Sraghna,Urbain,Féminin,42,35-49,Association partenaire,Niveau 1 (débutant),82,1,47.1
ALP500079,2017,Tanger-Tétouan-Al Hoceïma,TAN,Larache,Rural,Féminin,16,15-24,Association partenaire,Niveau 1 (débutant),148,0,87.4
ALP500080,2021,Fès-Meknès,FES,Meknès,Urbain,Féminin,27,25-34,Association partenaire,Niveau 2 (intermédiaire),82,1,33.3
ALP500081,2017,Fès-Meknès,FES,El Hajeb,Rural,Masculin,25,15-24,Association partenaire,Niveau 2 (intermédiaire),138,0,58.8
ALP500082,2015,Casablanca-Settat,CAS,Settat,Rural,Féminin,23,15-24,ANLCA,Niveau 2 (intermédiaire),50,1,66.2
ALP500083,2018,Rabat-Salé-Kénitra,RAB,Khémisset,Rural,Féminin,23,15-24,Mosquée,Niveau 3 (avancé),85,1,71.4
ALP500084,2023,Fès-Meknès,FES,Ifrane,Rural,Masculin,57,50-64,Association partenaire,Niveau 3 (avancé),101,0,73.4
ALP500085,2019,Casablanca-Settat,CAS,Mohammadia,Urbain,Féminin,33,25-34,ONG,Niveau 2 (intermédiaire),72,0,83.0
ALP500086,2018,Tanger-Tétouan-Al Hoceïma,TAN,Tanger-Assilah,Rural,Masculin,28,25-34,ANLCA,Niveau 1 (débutant),154,1,82.1
ALP500087,2021,Marrakech-Safi,MAR,Marrakech,Rural,Féminin,58,50-64,Association partenaire,Niveau 2 (intermédiaire),153,0,50.4
ALP500088,2016,Marrakech-Safi,MAR,Marrakech,Urbain,Féminin,46,35-49,Association partenaire,Niveau 1 (débutant),189,0,45.9
ALP500089,2021,Oriental,ORI,Taourirt,Urbain,Féminin,40,35-49,Association partenaire,Niveau 1 (débutant),69,0,63.4
ALP500090,2018,Marrakech-Safi,MAR,Marrakech,Urbain,Féminin,53,50-64,ANLCA,Niveau 1 (débutant),170,0,74.4
ALP500091,2019,Casablanca-Settat,CAS,Khouribga,Urbain,Féminin,40,35-49,Association partenaire,Niveau 1 (débutant),64,0,100.0
ALP500092,2018,Casablanca-Settat,CAS,El Jadida,Urbain,Féminin,54,50-64,Association partenaire,Niveau 1 (débutant),73,0,59.4
ALP500093,2019,Tanger-Tétouan-Al Hoceïma,TAN,Fahs-Anjra,Rural,Masculin,33,25-34,ANLCA,Niveau 2 (intermédiaire),105,1,31.5
ALP500094,2019,Fès-Meknès,FES,Meknès,Rural,Féminin,44,35-49,Mosquée,Niveau 3 (avancé),129,0,89.3
ALP500095,2016,Oriental,ORI,Figuig,Rural,Masculin,44,35-49,Association partenaire,Niveau 2 (intermédiaire),96,1,88.1
ALP500096,2022,Rabat-Salé-Kénitra,RAB,Skhirate-Témara,Rural,Féminin,32,25-34,Association partenaire,Niveau 2 (intermédiaire),163,1,54.9
ALP500097,2018,Fès-Meknès,FES,Taounate,Rural,Féminin,32,25-34,Association partenaire,Niveau 3 (avancé),123,1,78.2
ALP500098,2023,Casablanca-Settat,CAS,El Jadida,Urbain,Masculin,40,35-49,ONG,Niveau 1 (débutant),68,0,74.3
ALP500099,2020,Drâa-Tafilalet,DRA,Ouarzazate,Rural,Féminin,17,15-24,ANLCA,Niveau 3 (avancé),136,0,31.3
ALP500100,2017,Tanger-Tétouan-Al Hoceïma,TAN,Larache,Urbain,Féminin,15,,ANLCA,Niveau 2 (intermédiaire),98,1,61.5
ALP500101,2017,Souss-Massa,SOU,Inezgane-Ait Melloul,Rural,Féminin,60,50-64,ONG,Niveau 3 (avancé),129,0,61.3
ALP500102,2023,Casablanca-Settat,CAS,Berrechid,Urbain,Masculin,52,50-64,Entreprise,Niveau 3 (avancé),137,1,68.7
ALP500103,2018,Tanger-Tétouan-Al Hoceïma,TAN,Tanger-Assilah,Rural,Féminin,42,35-49,ONG,Niveau 2 (intermédiaire),183,1,29.0
ALP500104,2023,Souss-Massa,SOU,Tata,Rural,Féminin,35,25-34,Association partenaire,Niveau 1 (débutant),45,1,91.0
ALP500105,2016,Oriental,ORI,Nador,Rural,Féminin,22,15-24,Entreprise,Niveau 1 (débutant),152,1,73.2
ALP500106,2016,Oriental,ORI,Nador,Rural,Masculin,48,35-49,Entreprise,Niveau 2 (intermédiaire),50,0,93.6
ALP500107,2016,Tanger-Tétouan-Al Hoceïma,TAN,Larache,Rural,Masculin,49,35-49,ANLCA,Niveau 2 (intermédiaire),171,1,37.8
ALP500108,2019,Fès-Meknès,FES,Taza,Urbain,Féminin,20,15-24,ONG,Niveau 3 (avancé),132,1,56.9
ALP500109,2019,Drâa-Tafilalet,DRA,Ouarzazate,Rural,Féminin,42,35-49,ONG,Niveau 1 (débutant),183,1,76.2
ALP500110,2021,Fès-Meknès,FES,Taza,Rural,Masculin,51,50-64,Entreprise,Niveau 1 (débutant),77,1,39.4
ALP500111,2022,Casablanca-Settat,CAS,Sidi Bennour,Rural,Masculin,52,50-64,ANLCA,Niveau 2 (intermédiaire),128,1,77.0
ALP500112,2018,Rabat-Salé-Kénitra,RAB,Khémisset,Urbain,Féminin,42,35-49,ONG,Niveau 2 (intermédiaire),91,1,73.0
ALP500113,2017,Rabat-Salé-Kénitra,RAB,Rabat,Urbain,Féminin,61,50-64,Mosquée,Niveau 1 (débutant),121,0,67.1
ALP500114,2019,Fès-Meknès,FES,Boulemane,Rural,Féminin,17,15-24,ONG,Niveau 2 (intermédiaire),80,1,78.6
ALP500115,2015,Tanger-Tétouan-Al Hoceïma,TAN,Al Hoceïma,Rural,Féminin,15,,Mosquée,Niveau 3 (avancé),59,1,87.3
ALP500116,2019,Casablanca-Settat,CAS,Casablanca,Urbain,Féminin,57,50-64,ANLCA,Niveau 2 (intermédiaire),137,0,59.2
ALP500117,2019,Fès-Meknès,FES,Ifrane,Rural,Féminin,42,35-49,ONG,Niveau 1 (débutant),129,1,55.1
ALP500118,2015,Souss-Massa,SOU,Chtouka-Ait Baha,Urbain,Féminin,64,50-64,Association partenaire,Niveau 1 (débutant),127,1,88.5
ALP500119,2023,Casablanca-Settat,CAS,Settat,Rural,Féminin,54,50-64,ANLCA,Niveau 3 (avancé),89,0,55.5
ALP500120,2018,Tanger-Tétouan-Al Hoceïma,TAN,Larache,Rural,Masculin,57,50-64,ONG,Niveau 2 (intermédiaire),86,1,57.3
ALP500121,2021,Marrakech-Safi,MAR,Safi,Urbain,Féminin,37,35-49,Association partenaire,Niveau 3 (avancé),143,0,91.0
ALP500122,2017,Tanger-Tétouan-Al Hoceïma,TAN,Fahs-Anjra,Urbain,Féminin,18,15-24,Entreprise,Niveau 1 (débutant),142,1,75.6
ALP500123,2017,Souss-Massa,SOU,Tiznit,Rural,Masculin,54,50-64,ANLCA,Niveau 2 (intermédiaire),179,1,54.1
ALP500124,2015,Guelmim-Oued Noun,GUE,Sidi Ifni,Rural,Féminin,19,15-24,ANLCA,Niveau 2 (intermédiaire),156,0,52.0
ALP500125,2021,Laâyoune-Sakia El Hamra,LAA,Tarfaya,Rural,Féminin,18,15-24,ANLCA,Niveau 2 (intermédiaire),100,1,89.2
ALP500126,2020,Oriental,ORI,Oujda-Angad,Rural,Masculin,35,25-34,ANLCA,Niveau 1 (débutant),134,1,69.9
ALP500127,2023,Marrakech-Safi,MAR,Youssoufia,Urbain,Féminin,28,25-34,Association partenaire,Niveau 1 (débutant),180,0,57.9
ALP500128,2020,Casablanca-Settat,CAS,Sidi Bennour,Rural,Féminin,18,15-24,Association partenaire,Niveau 2 (intermédiaire),45,1,19.9
ALP500129,2016,Drâa-Tafilalet,DRA,Midelt,Rural,Féminin,28,25-34,Mosquée,Niveau 2 (intermédiaire),64,0,63.3
ALP500130,2022,Rabat-Salé-Kénitra,RAB,Skhirate-Témara,Rural,Féminin,20,15-24,Entreprise,Niveau 3 (avancé),71,1,100.0
ALP500131,2019,Fès-Meknès,FES,Fès,Rural,Masculin,17,15-24,ANLCA,Niveau 1 (débutant),78,0,65.0
ALP500132,2023,Casablanca-Settat,CAS,Berrechid,Rural,Féminin,34,25-34,ANLCA,Niveau 2 (intermédiaire),58,0,40.4
ALP500133,2017,Rabat-Salé-Kénitra,RAB,Khémisset,Urbain,Féminin,37,35-49,Association partenaire,Niveau 1 (débutant),124,1,41.5
ALP500134,2021,Casablanca-Settat,CAS,El Jadida,Rural,Masculin,53,50-64,Association partenaire,Niveau 1 (débutant),45,1,58.7
ALP500135,2019,Rabat-Salé-Kénitra,RAB,Sidi Kacem,Rural,Féminin,36,35-49,Entreprise,Niveau 2 (intermédiaire),133,0,41.8
ALP500136,2020,Fès-Meknès,FES,Boulemane,Rural,Féminin,20,15-24,ONG,Niveau 2 (intermédiaire),182,1,57.8
ALP500137,2021,Fès-Meknès,FES,Taounate,Urbain,Féminin,19,15-24,ONG,Niveau 1 (débutant),64,0,61.9
ALP500138,2018,Rabat-Salé-Kénitra,RAB,Skhirate-Témara,Urbain,Masculin,24,15-24,Mosquée,Niveau 2 (intermédiaire),155,1,62.2
ALP500139,2022,Fès-Meknès,FES,Taza,Rural,Féminin,37,35-49,ANLCA,Niveau 2 (intermédiaire),61,0,41.8
ALP500140,2021,Fès-Meknès,FES,Taza,Rural,Féminin,61,50-64,ONG,Niveau 2 (intermédiaire),50,1,61.1
ALP500141,2020,Oriental,ORI,Driouch,Urbain,Féminin,30,25-34,ANLCA,Niveau 1 (débutant),160,0,73.2
ALP500142,2016,Rabat-Salé-Kénitra,RAB,Kénitra,Rural,Féminin,18,15-24,ANLCA,Niveau 1 (débutant),164,1,48.7
ALP500143,2022,Souss-Massa,SOU,Agadir-Ida-Ou-Tanane,Rural,Féminin,47,35-49,ONG,Niveau 2 (intermédiaire),101,0,67.6
ALP500144,2017,Tanger-Tétouan-Al Hoceïma,TAN,Ouazzane,Rural,Masculin,29,25-34,Entreprise,Niveau 1 (débutant),185,1,45.1
ALP500145,2022,Casablanca-Settat,CAS,Sidi Bennour,Urbain,Féminin,53,50-64,ANLCA,Niveau 2 (intermédiaire),141,1,38.9
ALP500146,2016,Drâa-Tafilalet,DRA,Ouarzazate,Urbain,Féminin,50,35-49,ONG,Niveau 3 (avancé),100,0,63.8
ALP500147,2018,Souss-Massa,SOU,Agadir-Ida-Ou-Tanane,Rural,Masculin,54,50-64,ANLCA,Niveau 1 (débutant),105,0,95.4
ALP500148,2021,Béni Mellal-Khénifra,BMK,Béni Mellal,Rural,Féminin,25,15-24,Mosquée,Niveau 1 (débutant),125,1,99.8
ALP500149,2016,Oriental,ORI,Driouch,Urbain,Féminin,25,15-24,Association partenaire,Niveau 2 (intermédiaire),184,1,50.7
ALP500150,2016,Casablanca-Settat,CAS,Khouribga,Rural,Féminin,53,50-64,Association partenaire,Niveau 2 (intermédiaire),45,1,71.0
ALP500151,2021,Tanger-Tétouan-Al Hoceïma,TAN,Al Hoceïma,Urbain,Masculin,42,35-49,ANLCA,Niveau 3 (avancé),173,0,52.5
ALP500152,2021,Tanger-Tétouan-Al Hoceïma,TAN,Larache,Rural,Féminin,21,15-24,Association partenaire,Niveau 1 (débutant),70,1,70.9
ALP500153,2023,Casablanca-Settat,CAS,Casablanca,Urbain,Féminin,27,25-34,ANLCA,Niveau 2 (intermédiaire),194,1,70.5
ALP500154,2021,Tanger-Tétouan-Al Hoceïma,TAN,Tanger-Assilah,Rural,Féminin,15,,Association partenaire,Niveau 2 (intermédiaire),114,0,54.8
ALP500155,2020,Béni Mellal-Khénifra,BMK,Khouribga,Rural,Féminin,47,35-49,ONG,Niveau 1 (débutant),70,1,35.2
ALP500156,2017,Casablanca-Settat,CAS,Settat,Rural,Féminin,52,50-64,Mosquée,Niveau 2 (intermédiaire),97,1,50.2
ALP500157,2019,Casablanca-Settat,CAS,Casablanca,Rural,Masculin,60,50-64,Mosquée,Niveau 1 (débutant),53,1,71.7
ALP500158,2021,Casablanca-Settat,CAS,Khouribga,Urbain,Féminin,47,35-49,ANLCA,Niveau 1 (débutant),135,1,50.9
ALP500159,2016,Tanger-Tétouan-Al Hoceïma,TAN,Tétouan,Urbain,Féminin,28,25-34,ANLCA,Niveau 2 (intermédiaire),62,1,90.8
ALP500160,2023,Oriental,ORI,Oujda-Angad,Urbain,Masculin,24,15-24,Mosquée,Niveau 3 (avancé),127,1,34.7
ALP500161,2019,Souss-Massa,SOU,Tata,Rural,Masculin,61,50-64,ANLCA,Niveau 1 (débutant),175,0,61.1
ALP500162,2019,Marrakech-Safi,MAR,Essaouira,Urbain,Féminin,42,35-49,ONG,Niveau 2 (intermédiaire),112,1,81.4
ALP500163,2018,Marrakech-Safi,MAR,Youssoufia,Urbain,Féminin,59,50-64,ONG,Niveau 2 (intermédiaire),113,0,0.0
ALP500164,2017,Tanger-Tétouan-Al Hoceïma,TAN,Ouazzane,Rural,Féminin,32,25-34,Entreprise,Niveau 2 (intermédiaire),141,1,82.9
ALP500165,2017,Rabat-Salé-Kénitra,RAB,Salé,Urbain,Masculin,37,35-49,Association partenaire,Niveau 2 (intermédiaire),115,1,64.9
ALP500166,2015,Souss-Massa,SOU,Chtouka-Ait Baha,Rural,Féminin,53,50-64,Association partenaire,Niveau 2 (intermédiaire),193,1,65.4
ALP500167,2015,Marrakech-Safi,MAR,Youssoufia,Urbain,Féminin,48,35-49,Mosquée,Niveau 2 (intermédiaire),98,0,59.3
ALP500168,2020,Marrakech-Safi,MAR,Chichaoua,Urbain,Masculin,34,25-34,ONG,Niveau 1 (débutant),75,0,85.8
ALP500169,2022,Tanger-Tétouan-Al Hoceïma,TAN,Al Hoceïma,Urbain,Féminin,44,35-49,Association partenaire,Niveau 1 (débutant),157,1,58.8
ALP500170,2022,Rabat-Salé-Kénitra,RAB,Kénitra,Urbain,Féminin,50,35-49,Entreprise,Niveau 1 (débutant),60,1,89.8
ALP500171,2016,Oriental,ORI,Jerada,Rural,Masculin,54,50-64,ANLCA,Niveau 1 (débutant),85,1,68.8
ALP500172,2023,Casablanca-Settat,CAS,El Jadida,Urbain,Féminin,25,15-24,Association partenaire,Niveau 1 (débutant),83,1,72.3
ALP500173,2018,Souss-Massa,SOU,Taroudannt,Urbain,Féminin,56,50-64,Association partenaire,Niveau 1 (débutant),143,1,87.1
ALP500174,2020,Drâa-Tafilalet,DRA,Zagora,Urbain,Féminin,49,35-49,ANLCA,Niveau 3 (avancé),152,0,52.5
ALP500175,2021,Rabat-Salé-Kénitra,RAB,Kénitra,Rural,Féminin,58,50-64,ONG,Niveau 2 (intermédiaire),77,1,48.5
ALP500176,2017,Tanger-Tétouan-Al Hoceïma,TAN,Tétouan,Rural,Féminin,42,35-49,Association partenaire,Niveau 2 (intermédiaire),185,1,67.7
ALP500177,2017,Drâa-Tafilalet,DRA,Midelt,Urbain,Féminin,51,50-64,Association partenaire,Niveau 2 (intermédiaire),164,1,32.1
ALP500178,2016,Casablanca-Settat,CAS,Settat,Rural,Féminin,50,35-49,Mosquée,Niveau 1 (débutant),77,1,35.9
ALP500179,2015,Casablanca-Settat,CAS,El Jadida,Urbain,Féminin,18,15-24,Association partenaire,Niveau 1 (débutant),148,0,78.4
ALP500180,2017,Béni Mellal-Khénifra,BMK,Azilal,Rural,Masculin,46,35-49,Entreprise,Niveau 1 (débutant),151,1,55.4
ALP500181,2023,Marrakech-Safi,MAR,Youssoufia,Rural,Féminin,59,50-64,ANLCA,Niveau 2 (intermédiaire),168,1,87.2
ALP500182,2018,Fès-Meknès,FES,Taza,Urbain,Féminin,60,50-64,ANLCA,Niveau 3 (avancé),146,1,76.5
ALP500183,2021,Casablanca-Settat,CAS,Settat,Urbain,Féminin,33,25-34,ANLCA,Niveau 1 (débutant),78,1,47.7
ALP500184,2021,Béni Mellal-Khénifra,BMK,El Kelaa des Sraghna,Urbain,Masculin,41,35-49,Association partenaire,Niveau 3 (avancé),185,0,63.3
ALP500185,2017,Marrakech-Safi,MAR,Al Haouz,Urbain,Féminin,20,15-24,ONG,Niveau 3 (avancé),123,1,56.7
ALP500186,2023,Souss-Massa,SOU,Chtouka-Ait Baha,Rural,Féminin,60,50-64,Association partenaire,Niveau 1 (débutant),62,0,67.2
ALP500187,2018,Souss-Massa,SOU,Tata,Urbain,Masculin,40,35-49,ANLCA,Niveau 2 (intermédiaire),74,0,68.2
ALP500188,2017,Drâa-Tafilalet,DRA,Ouarzazate,Rural,Masculin,56,50-64,Mosquée,Niveau 1 (débutant),178,1,97.1
ALP500189,2018,Fès-Meknès,FES,Boulemane,Urbain,Féminin,21,15-24,Association partenaire,Niveau 2 (intermédiaire),124,1,60.3
ALP500190,2021,Tanger-Tétouan-Al Hoceïma,TAN,Tétouan,Urbain,Masculin,20,15-24,ANLCA,Niveau 1 (débutant),178,1,65.2
ALP500191,2019,Béni Mellal-Khénifra,BMK,El Kelaa des Sraghna,Rural,Féminin,33,25-34,ANLCA,Niveau 1 (débutant),145,1,100.0
ALP500192,2017,Marrakech-Safi,MAR,Safi,Rural,Féminin,51,50-64,ANLCA,Niveau 1 (débutant),98,0,100.0
ALP500193,2023,Casablanca-Settat,CAS,Settat,Rural,Féminin,61,50-64,ANLCA,Niveau 1 (débutant),174,0,92.4
ALP500194,2015,Rabat-Salé-Kénitra,RAB,Skhirate-Témara,Urbain,Féminin,34,25-34,ONG,Niveau 3 (avancé),41,1,80.6
ALP500195,2021,Casablanca-Settat,CAS,Settat,Rural,Masculin,53,50-64,Entreprise,Niveau 2 (intermédiaire),116,1,58.4
ALP500196,2017,Rabat-Salé-Kénitra,RAB,Sidi Slimane,Urbain,Féminin,33,25-34,Association partenaire,Niveau 1 (débutant),171,1,79.7
ALP500197,2019,Béni Mellal-Khénifra,BMK,Khouribga,Rural,Féminin,28,25-34,Association partenaire,Niveau 1 (débutant),137,1,73.3
ALP500198,2015,Marrakech-Safi,MAR,Youssoufia,Urbain,Féminin,28,25-34,ONG,Niveau 2 (intermédiaire),145,0,82.9
ALP500199,2016,Casablanca-Settat,CAS,Sidi Bennour,Urbain,Féminin,45,35-49,Association partenaire,Niveau 2 (intermédiaire),40,1,97.4
ALP500200,2018,Tanger-Tétouan-Al Hoceïma,TAN,Mdiq-Fnideq,Urbain,Masculin,64,50-64,Association partenaire,Niveau 1 (débutant),82,0,73.3
ALP500201,2023,Fès-Meknès,FES,Taounate,Rural,Masculin,19,15-24,ANLCA,Niveau 1 (débutant),46,1,94.4
ALP500202,2019,Marrakech-Safi,MAR,Marrakech,Urbain,Masculin,36,35-49,Association partenaire,Niveau 2 (intermédiaire),42,1,58.9
ALP500203,2018,Marrakech-Safi,MAR,Chichaoua,Urbain,Féminin,28,25-34,Association partenaire,Niveau 2 (intermédiaire),193,1,48.6
ALP500204,2022,Rabat-Salé-Kénitra,RAB,Sidi Slimane,Rural,Féminin,54,50-64,ANLCA,Niveau 2 (intermédiaire),180,1,41.5
ALP500205,2020,Guelmim-Oued Noun,GUE,Guelmim,Rural,Féminin,55,50-64,ANLCA,Niveau 1 (débutant),165,1,83.1
ALP500206,2022,Tanger-Tétouan-Al Hoceïma,TAN,Larache,Rural,Masculin,25,15-24,Association partenaire,Niveau 2 (intermédiaire),117,1,68.7
ALP500207,2016,Béni Mellal-Khénifra,BMK,Khouribga,Rural,Féminin,59,50-64,ANLCA,Niveau 1 (débutant),148,1,64.2
ALP500208,2021,Casablanca-Settat,CAS,Settat,Urbain,Féminin,25,15-24,Association partenaire,Niveau 1 (débutant),169,1,59.8
ALP500209,2019,Casablanca-Settat,CAS,Khouribga,Urbain,Féminin,60,50-64,ANLCA,Niveau 3 (avancé),45,1,51.6
ALP500210,2021,Fès-Meknès,FES,Moulay Yacoub,Rural,Féminin,61,50-64,Mosquée,Niveau 1 (débutant),117,0,77.7
ALP500211,2015,Tanger-Tétouan-Al Hoceïma,TAN,Fahs-Anjra,Rural,Féminin,51,50-64,Association partenaire,Niveau 1 (débutant),40,1,47.0
ALP500212,2021,Casablanca-Settat,CAS,Mohammadia,Rural,Féminin,46,35-49,ANLCA,Niveau 3 (avancé),76,0,63.8
ALP500213,2015,Tanger-Tétouan-Al Hoceïma,TAN,Chefchaouen,Rural,Masculin,54,50-64,ANLCA,Niveau 3 (avancé),96,0,86.0
ALP500214,2023,Souss-Massa,SOU,Tiznit,Rural,Masculin,38,35-49,Association partenaire,Niveau 1 (débutant),198,0,78.8
ALP500215,2018,Rabat-Salé-Kénitra,RAB,Salé,Rural,Féminin,45,35-49,Association partenaire,Niveau 2 (intermédiaire),64,1,95.2
ALP500216,2020,Oriental,ORI,Berkane,Rural,Féminin,23,15-24,ONG,Niveau 1 (débutant),165,1,37.0
ALP500217,2019,Marrakech-Safi,MAR,Youssoufia,Urbain,Masculin,47,35-49,ANLCA,Niveau 2 (intermédiaire),184,1,72.9
ALP500218,2023,Casablanca-Settat,CAS,Mohammadia,Urbain,Féminin,45,35-49,Association partenaire,Niveau 2 (intermédiaire),169,1,59.6
ALP500219,2019,Fès-Meknès,FES,Taza,Rural,Féminin,64,50-64,Mosquée,Niveau 1 (débutant),165,0,72.5
ALP500220,2015,Tanger-Tétouan-Al Hoceïma,TAN,Al Hoceïma,Rural,Masculin,20,15-24,Mosquée,Niveau 1 (débutant),58,1,62.8
ALP500221,2020,Fès-Meknès,FES,Meknès,Urbain,Féminin,23,15-24,ANLCA,Niveau 2 (intermédiaire),116,1,60.2
ALP500222,2021,Tanger-Tétouan-Al Hoceïma,TAN,Fahs-Anjra,Urbain,Féminin,35,25-34,Association partenaire,Niveau 1 (débutant),54,1,84.3
ALP500223,2023,Fès-Meknès,FES,El Hajeb,Rural,Féminin,37,35-49,ANLCA,Niveau 2 (intermédiaire),120,0,45.1
ALP500224,2020,Rabat-Salé-Kénitra,RAB,Salé,Urbain,Masculin,26,25-34,ANLCA,Niveau 1 (débutant),112,1,34.3
ALP500225,2022,Souss-Massa,SOU,Chtouka-Ait Baha,Urbain,Féminin,55,50-64,Association partenaire,Niveau 2 (intermédiaire),134,0,69.2
ALP500226,2022,Casablanca-Settat,CAS,Sidi Bennour,Rural,Féminin,27,25-34,Mosquée,Niveau 1 (débutant),184,0,71.7
ALP500227,2016,Béni Mellal-Khénifra,BMK,Béni Mellal,Urbain,Féminin,33,25-34,Association partenaire,Niveau 3 (avancé),156,1,74.6
ALP500228,2023,Casablanca-Settat,CAS,Khouribga,Urbain,Féminin,32,25-34,Association partenaire,Niveau 3 (avancé),151,1,63.1
ALP500229,2019,Fès-Meknès,FES,Fès,Rural,Masculin,53,50-64,Mosquée,Niveau 2 (intermédiaire),72,1,58.5
ALP500230,2020,Casablanca-Settat,CAS,Sidi Bennour,Rural,Masculin,54,50-64,Association partenaire,Niveau 1 (débutant),63,1,87.1
ALP500231,2020,Casablanca-Settat,CAS,Casablanca,Rural,Féminin,20,15-24,ANLCA,Niveau 1 (débutant),152,1,49.6
ALP500232,2022,Casablanca-Settat,CAS,Sidi Bennour,Rural,Féminin,43,35-49,ANLCA,Niveau 1 (débutant),191,0,74.0
ALP500233,2018,Béni Mellal-Khénifra,BMK,Azilal,Rural,Féminin,41,35-49,Association partenaire,Niveau 3 (avancé),77,0,95.2
ALP500234,2022,Souss-Massa,SOU,Chtouka-Ait Baha,Urbain,Féminin,21,15-24,ANLCA,Niveau 2 (intermédiaire),72,1,49.4
ALP500235,2022,Casablanca-Settat,CAS,Casablanca,Urbain,Masculin,24,15-24,ANLCA,Niveau 1 (débutant),151,0,62.6
ALP500236,2022,Béni Mellal-Khénifra,BMK,El Kelaa des Sraghna,Rural,Féminin,25,15-24,Mosquée,Niveau 2 (intermédiaire),193,0,59.7
ALP500237,2015,Marrakech-Safi,MAR,Al Haouz,Urbain,Féminin,55,50-64,Mosquée,Niveau 2 (intermédiaire),147,0,81.1
ALP500238,2017,Rabat-Salé-Kénitra,RAB,Khémisset,Rural,Féminin,26,25-34,Association partenaire,Niveau 1 (débutant),66,1,100.0
ALP500239,2016,Souss-Massa,SOU,Chtouka-Ait Baha,Rural,Féminin,62,50-64,ANLCA,Niveau 1 (débutant),57,1,41.9
ALP500240,2019,Tanger-Tétouan-Al Hoceïma,TAN,Larache,Rural,Féminin,37,35-49,Mosquée,Niveau 2 (intermédiaire),190,1,45.0
ALP500241,2015,Souss-Massa,SOU,Tata,Rural,Féminin,22,15-24,ANLCA,Niveau 2 (intermédiaire),176,1,51.0
ALP500242,2015,Marrakech-Safi,MAR,Al Haouz,Rural,Masculin,37,35-49,Entreprise,Niveau 2 (intermédiaire),177,1,41.2
ALP500243,2019,Casablanca-Settat,CAS,Benslimane,Rural,Féminin,39,35-49,ANLCA,Niveau 2 (intermédiaire),117,1,85.9
ALP500244,2020,Béni Mellal-Khénifra,BMK,Khouribga,Rural,Masculin,44,35-49,Association partenaire,Niveau 3 (avancé),137,0,72.6
ALP500245,2016,Souss-Massa,SOU,Chtouka-Ait Baha,Rural,Féminin,40,35-49,Association partenaire,Niveau 1 (débutant),63,0,45.5
ALP500246,2022,Casablanca-Settat,CAS,Sidi Bennour,Rural,Féminin,30,25-34,Mosquée,Niveau 3 (avancé),132,0,46.8
ALP500247,2018,Rabat-Salé-Kénitra,RAB,Skhirate-Témara,Urbain,Féminin,59,50-64,ANLCA,Niveau 2 (intermédiaire),179,1,77.5
ALP500248,2015,Casablanca-Settat,CAS,Benslimane,Rural,Masculin,24,15-24,Association partenaire,Niveau 3 (avancé),173,1,79.6
ALP500249,2017,Souss-Massa,SOU,Tata,Rural,Masculin,50,35-49,Entreprise,Niveau 2 (intermédiaire),147,1,92.1
ALP500250,2016,Casablanca-Settat,CAS,Benslimane,Rural,Masculin,43,35-49,ONG,Niveau 2 (intermédiaire),65,1,61.5
ALP500251,2016,Casablanca-Settat,CAS,El Jadida,Urbain,Masculin,61,50-64,Association partenaire,Niveau 2 (intermédiaire),51,1,85.2
ALP500252,2021,Casablanca-Settat,CAS,Mohammadia,Rural,Féminin,28,25-34,ANLCA,Niveau 1 (débutant),134,1,62.4
ALP500253,2016,Oriental,ORI,Taourirt,Rural,Masculin,62,50-64,Mosquée,Niveau 2 (intermédiaire),45,0,57.0
ALP500254,2015,Marrakech-Safi,MAR,Al Haouz,Rural,Masculin,16,15-24,ONG,Niveau 2 (intermédiaire),105,1,69.4
ALP500255,2016,Tanger-Tétouan-Al Hoceïma,TAN,Tanger-Assilah,Urbain,Masculin,43,35-49,Entreprise,Niveau 3 (avancé),101,1,67.4
ALP500256,2020,Marrakech-Safi,MAR,Youssoufia,Urbain,Féminin,20,15-24,Association partenaire,Niveau 3 (avancé),109,0,71.5
ALP500257,2019,Drâa-Tafilalet,DRA,Zagora,Rural,Féminin,37,35-49,Association partenaire,Niveau 3 (avancé),102,0,63.0
ALP500258,2020,Tanger-Tétouan-Al Hoceïma,TAN,Chefchaouen,Rural,Féminin,34,25-34,ANLCA,Niveau 3 (avancé),127,1,67.5
ALP500259,2017,Casablanca-Settat,CAS,Mohammadia,Rural,Féminin,40,35-49,ANLCA,Niveau 2 (intermédiaire),61,0,75.6
ALP500260,2019,Rabat-Salé-Kénitra,RAB,Sidi Kacem,Urbain,Féminin,27,25-34,Association partenaire,Niveau 3 (avancé),98,0,22.7
ALP500261,2023,Guelmim-Oued Noun,GUE,Tan-Tan,Urbain,Féminin,28,25-34,ANLCA,Niveau 2 (intermédiaire),130,0,89.1
ALP500262,2018,Casablanca-Settat,CAS,Berrechid,Rural,Féminin,41,35-49,ANLCA,Niveau 1 (débutant),59,1,63.4
ALP500263,2017,Marrakech-Safi,MAR,Essaouira,Rural,Féminin,17,15-24,ANLCA,Niveau 1 (débutant),156,1,48.7
ALP500264,2022,Casablanca-Settat,CAS,Khouribga,Urbain,Féminin,59,50-64,ANLCA,Niveau 2 (intermédiaire),191,1,74.3
ALP500265,2021,Rabat-Salé-Kénitra,RAB,Kénitra,Rural,Féminin,64,50-64,ONG,Niveau 1 (débutant),61,0,37.2
ALP500266,2018,Casablanca-Settat,CAS,El Jadida,Rural,Masculin,57,50-64,ONG,Niveau 2 (intermédiaire),122,0,68.2
ALP500267,2016,Béni Mellal-Khénifra,BMK,Khouribga,Rural,Féminin,29,25-34,ANLCA,Niveau 2 (intermédiaire),79,1,51.0
ALP500268,2022,Rabat-Salé-Kénitra,RAB,Kénitra,Urbain,Féminin,32,25-34,ANLCA,Niveau 1 (débutant),69,0,70.0
ALP500269,2017,Casablanca-Settat,CAS,Khouribga,Rural,Féminin,56,50-64,Association partenaire,Niveau 2 (intermédiaire),44,1,35.4
ALP500270,2016,Casablanca-Settat,CAS,Khouribga,Rural,Féminin,18,15-24,Mosquée,Niveau 2 (intermédiaire),126,1,74.7
ALP500271,2018,Drâa-Tafilalet,DRA,Errachidia,Rural,Féminin,27,25-34,ANLCA,Niveau 1 (débutant),98,0,47.3
ALP500272,2015,Guelmim-Oued Noun,GUE,Assa-Zag,Rural,Féminin,33,25-34,ANLCA,Niveau 1 (débutant),102,0,45.2
ALP500273,2021,Souss-Massa,SOU,Inezgane-Ait Melloul,Rural,Féminin,16,15-24,ANLCA,Niveau 1 (débutant),125,1,71.3
ALP500274,2017,Souss-Massa,SOU,Tata,Rural,Féminin,15,,Association partenaire,Niveau 2 (intermédiaire),116,1,58.9
ALP500275,2023,Tanger-Tétouan-Al Hoceïma,TAN,Tanger-Assilah,Urbain,Féminin,39,35-49,ONG,Niveau 3 (avancé),57,1,53.9
ALP500276,2015,Casablanca-Settat,CAS,Khouribga,Urbain,Masculin,23,15-24,Association partenaire,Niveau 2 (intermédiaire),131,1,58.8
ALP500277,2015,Tanger-Tétouan-Al Hoceïma,TAN,Tétouan,Urbain,Féminin,16,15-24,Association partenaire,Niveau 2 (intermédiaire),130,1,65.7
ALP500278,2017,Casablanca-Settat,CAS,Khouribga,Rural,Féminin,26,25-34,Association partenaire,Niveau 1 (débutant),122,1,85.6
ALP500279,2019,Béni Mellal-Khénifra,BMK,Fquih Ben Salah,Rural,Masculin,61,50-64,Mosquée,Niveau 2 (intermédiaire),168,1,86.3
ALP500280,2023,Casablanca-Settat,CAS,Mohammadia,Rural,Féminin,48,35-49,Mosquée,Niveau 3 (avancé),126,0,63.4
ALP500281,2021,Souss-Massa,SOU,Tiznit,Rural,Féminin,41,35-49,Mosquée,Niveau 1 (débutant),163,0,81.6
ALP500282,2016,Oriental,ORI,Guercif,Urbain,Féminin,35,25-34,Entreprise,Niveau 1 (débutant),138,1,54.2
ALP500283,2022,Souss-Massa,SOU,Inezgane-Ait Melloul,Rural,Masculin,50,35-49,Mosquée,Niveau 3 (avancé),160,1,86.8
ALP500284,2016,Souss-Massa,SOU,Tata,Rural,Masculin,54,50-64,Entreprise,Niveau 1 (débutant),117,1,100.0
ALP500285,2020,Casablanca-Settat,CAS,Khouribga,Rural,Masculin,58,50-64,Mosquée,Niveau 3 (avancé),87,0,48.9
ALP500286,2020,Fès-Meknès,FES,Meknès,Rural,Masculin,55,50-64,Association partenaire,Niveau 1 (débutant),65,1,62.1
ALP500287,2023,Rabat-Salé-Kénitra,RAB,Sidi Slimane,Rural,Féminin,36,35-49,ANLCA,Niveau 2 (intermédiaire),199,1,42.4
ALP500288,2021,Souss-Massa,SOU,Tata,Urbain,Masculin,55,50-64,ANLCA,Niveau 2 (intermédiaire),121,1,49.1
ALP500289,2018,Marrakech-Safi,MAR,Marrakech,Urbain,Masculin,58,50-64,Mosquée,Niveau 1 (débutant),162,1,62.7
ALP500290,2023,Guelmim-Oued Noun,GUE,Guelmim,Rural,Masculin,20,15-24,Association partenaire,Niveau 3 (avancé),183,0,83.1
ALP500291,2017,Souss-Massa,SOU,Tiznit,Rural,Féminin,33,25-34,Entreprise,Niveau 1 (débutant),138,1,51.8
ALP500292,2015,Tanger-Tétouan-Al Hoceïma,TAN,Mdiq-Fnideq,Urbain,Féminin,60,50-64,ANLCA,Niveau 1 (débutant),150,1,69.9
ALP500293,2015,Casablanca-Settat,CAS,Sidi Bennour,Rural,Féminin,43,35-49,ANLCA,Niveau 2 (intermédiaire),113,0,43.2
ALP500294,2021,Rabat-Salé-Kénitra,RAB,Kénitra,Rural,Féminin,37,35-49,ANLCA,Niveau 3 (avancé),158,1,92.2
ALP500295,2020,Fès-Meknès,FES,El Hajeb,Rural,Féminin,20,15-24,ONG,Niveau 1 (débutant),125,1,87.7
ALP500296,2020,Casablanca-Settat,CAS,Mohammadia,Rural,Féminin,57,50-64,Entreprise,Niveau 3 (avancé),149,1,48.7
ALP500297,2015,Souss-Massa,SOU,Tata,Rural,Féminin,17,15-24,ANLCA,Niveau 1 (débutant),152,1,84.4
ALP500298,2023,Marrakech-Safi,MAR,Safi,Urbain,Féminin,38,35-49,ANLCA,Niveau 1 (débutant),137,1,88.4
ALP500299,2018,Casablanca-Settat,CAS,Benslimane,Rural,Masculin,64,50-64,ANLCA,Niveau 3 (avancé),90,1,48.5
ALP500300,2023,Tanger-Tétouan-Al Hoceïma,TAN,Fahs-Anjra,Rural,Féminin,49,35-49,ANLCA,Niveau 1 (débutant),163,1,66.5
ALP500301,2018,Marrakech-Safi,MAR,Chichaoua,Rural,Féminin,18,15-24,ANLCA,Niveau 1 (débutant),134,1,100.0
ALP500302,2022,Marrakech-Safi,MAR,Youssoufia,Urbain,Masculin,28,25-34,ANLCA,Niveau 1 (débutant),89,0,42.2
ALP500303,2020,Souss-Massa,SOU,Chtouka-Ait Baha,Rural,Féminin,48,35-49,Association partenaire,Niveau 2 (intermédiaire),83,1,74.5
ALP500304,2023,Casablanca-Settat,CAS,Casablanca,Rural,Féminin,57,50-64,Entreprise,Niveau 1 (débutant),119,0,23.8
ALP500305,2018,Casablanca-Settat,CAS,Khouribga,Urbain,Féminin,46,35-49,ANLCA,Niveau 3 (avancé),123,1,75.1
ALP500306,2018,Tanger-Tétouan-Al Hoceïma,TAN,Tanger-Assilah,Rural,Féminin,37,35-49,Association partenaire,Niveau 2 (intermédiaire),90,1,65.0
ALP500307,2015,Casablanca-Settat,CAS,Berrechid,Rural,Masculin,41,35-49,Association partenaire,Niveau 1 (débutant),47,1,31.6
ALP500308,2017,Oriental,ORI,Berkane,Rural,Masculin,49,35-49,Mosquée,Niveau 2 (intermédiaire),110,1,47.2
ALP500309,2020,Casablanca-Settat,CAS,Sidi Bennour,Urbain,Masculin,16,15-24,Association partenaire,Niveau 2 (intermédiaire),157,0,92.4
ALP500310,2022,Casablanca-Settat,CAS,Settat,Rural,Féminin,22,15-24,Association partenaire,Niveau 1 (débutant),156,0,50.6
ALP500311,2016,Souss-Massa,SOU,Taroudannt,Rural,Féminin,46,35-49,ANLCA,Niveau 2 (intermédiaire),115,0,90.1
ALP500312,2016,Oriental,ORI,Nador,Rural,Féminin,18,15-24,ONG,Niveau 1 (débutant),197,1,56.6
ALP500313,2021,Casablanca-Settat,CAS,El Jadida,Rural,Féminin,21,15-24,Association partenaire,Niveau 1 (débutant),53,1,54.3
ALP500314,2021,Rabat-Salé-Kénitra,RAB,Salé,Urbain,Féminin,60,50-64,ONG,Niveau 3 (avancé),119,0,82.4
ALP500315,2015,Béni Mellal-Khénifra,BMK,Fquih Ben Salah,Urbain,Féminin,40,35-49,Association partenaire,Niveau 1 (débutant),83,1,49.0
ALP500316,2018,Casablanca-Settat,CAS,El Jadida,Rural,Masculin,15,,Entreprise,Niveau 3 (avancé),40,0,80.3
ALP500317,2017,Rabat-Salé-Kénitra,RAB,Skhirate-Témara,Rural,Féminin,30,25-34,ONG,Niveau 2 (intermédiaire),188,1,59.1
ALP500318,2021,Tanger-Tétouan-Al Hoceïma,TAN,Ouazzane,Rural,Féminin,24,15-24,Mosquée,Niveau 1 (débutant),127,1,96.4
ALP500319,2019,Fès-Meknès,FES,Taounate,Urbain,Masculin,53,50-64,Entreprise,Niveau 3 (avancé),162,1,48.7
ALP500320,2020,Drâa-Tafilalet,DRA,Midelt,Urbain,Féminin,30,25-34,Association partenaire,Niveau 1 (débutant),124,0,63.7
ALP500321,2023,Oriental,ORI,Oujda-Angad,Urbain,Masculin,34,25-34,Association partenaire,Niveau 1 (débutant),159,0,70.7
ALP500322,2019,Drâa-Tafilalet,DRA,Ouarzazate,Urbain,Féminin,45,35-49,Entreprise,Niveau 1 (débutant),183,1,60.9
ALP500323,2016,Casablanca-Settat,CAS,El Jadida,Urbain,Masculin,55,50-64,Association partenaire,Niveau 3 (avancé),114,0,32.9
ALP500324,2021,Oriental,ORI,Taourirt,Rural,Féminin,33,25-34,ANLCA,Niveau 2 (intermédiaire),126,1,88.8
ALP500325,2018,Souss-Massa,SOU,Tata,Rural,Masculin,59,50-64,Entreprise,Niveau 2 (intermédiaire),105,1,94.0
ALP500326,2020,Casablanca-Settat,CAS,Mohammadia,Rural,Féminin,42,35-49,ANLCA,Niveau 3 (avancé),124,0,73.8
ALP500327,2018,Rabat-Salé-Kénitra,RAB,Salé,Rural,Féminin,39,35-49,ANLCA,Niveau 3 (avancé),146,1,97.3
ALP500328,2023,Béni Mellal-Khénifra,BMK,El Kelaa des Sraghna,Rural,Masculin,61,50-64,ANLCA,Niveau 2 (intermédiaire),97,1,62.4
ALP500329,2020,Souss-Massa,SOU,Agadir-Ida-Ou-Tanane,Rural,Masculin,49,35-49,ONG,Niveau 1 (débutant),53,0,61.1
ALP500330,2016,Casablanca-Settat,CAS,Sidi Bennour,Rural,Féminin,15,,Mosquée,Niveau 2 (intermédiaire),58,1,33.7
ALP500331,2022,Oriental,ORI,Berkane,Urbain,Féminin,62,50-64,ONG,Niveau 1 (débutant),44,1,53.1
ALP500332,2022,Oriental,ORI,Taourirt,Rural,Féminin,24,15-24,Association partenaire,Niveau 2 (intermédiaire),104,1,61.9
ALP500333,2022,Casablanca-Settat,CAS,Khouribga,Rural,Féminin,26,25-34,Association partenaire,Niveau 1 (débutant),137,0,67.6
ALP500334,2015,Casablanca-Settat,CAS,Berrechid,Rural,Masculin,17,15-24,ONG,Niveau 1 (débutant),105,0,49.6
ALP500335,2021,Casablanca-Settat,CAS,Sidi Bennour,Rural,Féminin,37,35-49,Mosquée,Niveau 2 (intermédiaire),194,0,56.3
ALP500336,2018,Casablanca-Settat,CAS,Khouribga,Rural,Masculin,48,35-49,Association partenaire,Niveau 2 (intermédiaire),140,0,75.7
ALP500337,2015,Rabat-Salé-Kénitra,RAB,Salé,Urbain,Féminin,32,25-34,ANLCA,Niveau 1 (débutant),173,0,73.5
ALP500338,2022,Casablanca-Settat,CAS,Mohammadia,Urbain,Féminin,53,50-64,Mosquée,Niveau 2 (intermédiaire),176,1,73.2
ALP500339,2023,Rabat-Salé-Kénitra,RAB,Rabat,Urbain,Masculin,19,15-24,Association partenaire,Niveau 2 (intermédiaire),183,1,57.6
ALP500340,2015,Béni Mellal-Khénifra,BMK,Khouribga,Rural,Féminin,60,50-64,ANLCA,Niveau 1 (débutant),157,0,31.2
ALP500341,2022,Fès-Meknès,FES,Moulay Yacoub,Rural,Féminin,59,50-64,ANLCA,Niveau 3 (avancé),144,1,55.8
ALP500342,2017,Tanger-Tétouan-Al Hoceïma,TAN,Chefchaouen,Rural,Masculin,41,35-49,Mosquée,Niveau 3 (avancé),175,0,75.9
ALP500343,2017,Fès-Meknès,FES,Taza,Rural,Masculin,25,15-24,Association partenaire,Niveau 2 (intermédiaire),66,0,31.2
ALP500344,2019,Casablanca-Settat,CAS,Settat,Rural,Féminin,23,15-24,Association partenaire,Niveau 1 (débutant),164,0,39.9
ALP500345,2018,Béni Mellal-Khénifra,BMK,Azilal,Urbain,Féminin,57,50-64,ONG,Niveau 1 (débutant),162,1,70.8
ALP500346,2019,Fès-Meknès,FES,Boulemane,Urbain,Féminin,56,50-64,ANLCA,Niveau 2 (intermédiaire),158,0,99.8
ALP500347,2020,Dakhla-Oued Eddahab,DAK,Dakhla,Rural,Masculin,46,35-49,Association partenaire,Niveau 1 (débutant),174,0,82.8
ALP500348,2017,Drâa-Tafilalet,DRA,Errachidia,Rural,Féminin,45,35-49,Mosquée,Niveau 1 (débutant),50,1,57.2
ALP500349,2023,Béni Mellal-Khénifra,BMK,Fquih Ben Salah,Urbain,Féminin,49,35-49,ONG,Niveau 1 (débutant),87,0,66.8
ALP500350,2016,Marrakech-Safi,MAR,Al Haouz,Urbain,Féminin,17,15-24,ANLCA,Niveau 2 (intermédiaire),55,0,72.5
ALP500351,2022,Marrakech-Safi,MAR,Youssoufia,Urbain,Masculin,35,25-34,Association partenaire,Niveau 2 (intermédiaire),180,1,63.9
ALP500352,2017,Marrakech-Safi,MAR,Safi,Urbain,Féminin,27,25-34,Entreprise,Niveau 2 (intermédiaire),90,0,53.3
ALP500353,2015,Béni Mellal-Khénifra,BMK,Khouribga,Rural,Masculin,51,50-64,ANLCA,Niveau 2 (intermédiaire),76,1,71.5
ALP500354,2020,Casablanca-Settat,CAS,Mohammadia,Rural,Féminin,40,35-49,ONG,Niveau 3 (avancé),149,1,23.1
ALP500355,2022,Marrakech-Safi,MAR,Marrakech,Rural,Féminin,19,15-24,ANLCA,Niveau 2 (intermédiaire),174,0,86.8
ALP500356,2017,Béni Mellal-Khénifra,BMK,El Kelaa des Sraghna,Urbain,Féminin,58,50-64,Association partenaire,Niveau 2 (intermédiaire),49,1,57.9
ALP500357,2020,Casablanca-Settat,CAS,Benslimane,Urbain,Féminin,58,50-64,ANLCA,Niveau 2 (intermédiaire),141,0,46.5
ALP500358,2018,Rabat-Salé-Kénitra,RAB,Salé,Rural,Féminin,28,25-34,ONG,Niveau 2 (intermédiaire),181,1,88.3
ALP500359,2020,Casablanca-Settat,CAS,Settat,Urbain,Féminin,48,35-49,ANLCA,Niveau 3 (avancé),81,1,91.1
ALP500360,2022,Oriental,ORI,Oujda-Angad,Urbain,Féminin,47,35-49,ANLCA,Niveau 3 (avancé),154,1,72.4
ALP500361,2022,Rabat-Salé-Kénitra,RAB,Khémisset,Rural,Féminin,52,50-64,Mosquée,Niveau 2 (intermédiaire),154,1,55.2
ALP500362,2021,Casablanca-Settat,CAS,Benslimane,Urbain,Féminin,18,15-24,ANLCA,Niveau 2 (intermédiaire),90,1,48.6
ALP500363,2023,Oriental,ORI,Figuig,Urbain,Féminin,17,15-24,ONG,Niveau 3 (avancé),181,1,99.7
ALP500364,2022,Fès-Meknès,FES,Séfrou,Urbain,Féminin,44,35-49,Association partenaire,Niveau 3 (avancé),137,0,56.8
ALP500365,2017,Béni Mellal-Khénifra,BMK,Béni Mellal,Rural,Féminin,43,35-49,ANLCA,Niveau 2 (intermédiaire),179,0,92.5
ALP500366,2016,Casablanca-Settat,CAS,Casablanca,Urbain,Féminin,26,25-34,Mosquée,Niveau 2 (intermédiaire),93,1,77.6
ALP500367,2022,Fès-Meknès,FES,Boulemane,Rural,Féminin,31,25-34,ANLCA,Niveau 2 (intermédiaire),112,1,56.1
ALP500368,2019,Casablanca-Settat,CAS,Mohammadia,Urbain,Masculin,59,50-64,Association partenaire,Niveau 2 (intermédiaire),182,1,72.1
ALP500369,2020,Oriental,ORI,Oujda-Angad,Rural,Féminin,21,15-24,ANLCA,Niveau 2 (intermédiaire),192,1,55.8
ALP500370,2021,Béni Mellal-Khénifra,BMK,Khouribga,Rural,Féminin,23,15-24,Association partenaire,Niveau 2 (intermédiaire),57,0,66.9
ALP500371,2023,Marrakech-Safi,MAR,Essaouira,Rural,Féminin,58,50-64,ANLCA,Niveau 1 (débutant),156,1,64.1
ALP500372,2020,Guelmim-Oued Noun,GUE,Sidi Ifni,Urbain,Masculin,19,15-24,Association partenaire,Niveau 1 (débutant),136,1,22.7
ALP500373,2015,Rabat-Salé-Kénitra,RAB,Kénitra,Rural,Masculin,44,35-49,Association partenaire,Niveau 1 (débutant),177,1,46.2
ALP500374,2016,Oriental,ORI,Figuig,Rural,Féminin,53,50-64,Association partenaire,Niveau 1 (débutant),160,0,87.9
ALP500375,2020,Casablanca-Settat,CAS,Mohammadia,Rural,Féminin,63,50-64,ANLCA,Niveau 2 (intermédiaire),153,1,46.0
ALP500376,2015,Souss-Massa,SOU,Tata,Urbain,Féminin,43,35-49,ANLCA,Niveau 2 (intermédiaire),85,1,48.4
ALP500377,2017,Béni Mellal-Khénifra,BMK,Béni Mellal,Urbain,Féminin,27,25-34,ANLCA,Niveau 2 (intermédiaire),74,1,31.1
ALP500378,2016,Casablanca-Settat,CAS,Casablanca,Urbain,Masculin,47,35-49,Association partenaire,Niveau 2 (intermédiaire),143,0,39.0
ALP500379,2021,Marrakech-Safi,MAR,Safi,Rural,Masculin,20,15-24,ANLCA,Niveau 1 (débutant),181,1,55.5
ALP500380,2021,Fès-Meknès,FES,Meknès,Urbain,Féminin,29,25-34,ANLCA,Niveau 1 (débutant),66,0,73.0
ALP500381,2021,Casablanca-Settat,CAS,El Jadida,Urbain,Masculin,35,25-34,ANLCA,Niveau 1 (débutant),137,1,81.6
ALP500382,2020,Béni Mellal-Khénifra,BMK,Fquih Ben Salah,Urbain,Féminin,28,25-34,Mosquée,Niveau 2 (intermédiaire),149,1,56.0
ALP500383,2017,Oriental,ORI,Berkane,Urbain,Féminin,64,50-64,Association partenaire,Niveau 1 (débutant),109,1,67.4
ALP500384,2016,Souss-Massa,SOU,Tata,Urbain,Féminin,33,25-34,Association partenaire,Niveau 3 (avancé),182,1,42.6
ALP500385,2017,Marrakech-Safi,MAR,El Kelaa des Sraghna,Urbain,Féminin,31,25-34,Mosquée,Niveau 2 (intermédiaire),75,0,86.7
ALP500386,2015,Fès-Meknès,FES,Fès,Rural,Féminin,29,25-34,Mosquée,Niveau 1 (débutant),152,1,63.4
ALP500387,2015,Fès-Meknès,FES,Taounate,Urbain,Féminin,57,50-64,Association partenaire,Niveau 2 (intermédiaire),114,1,94.3
ALP500388,2017,Rabat-Salé-Kénitra,RAB,Rabat,Rural,Féminin,27,25-34,ANLCA,Niveau 2 (intermédiaire),114,1,55.3
ALP500389,2015,Casablanca-Settat,CAS,Sidi Bennour,Urbain,Féminin,35,25-34,Association partenaire,Niveau 2 (intermédiaire),109,1,74.3
ALP500390,2015,Souss-Massa,SOU,Agadir-Ida-Ou-Tanane,Rural,Féminin,35,25-34,Association partenaire,Niveau 2 (intermédiaire),178,1,68.0
ALP500391,2020,Tanger-Tétouan-Al Hoceïma,TAN,Al Hoceïma,Rural,Féminin,54,50-64,Association partenaire,Niveau 2 (intermédiaire),70,1,58.0
ALP500392,2018,Marrakech-Safi,MAR,Al Haouz,Urbain,Masculin,60,50-64,Mosquée,Niveau 1 (débutant),126,0,73.9
ALP500393,2016,Fès-Meknès,FES,Séfrou,Rural,Féminin,56,50-64,ANLCA,Niveau 1 (débutant),77,1,82.0
ALP500394,2018,Casablanca-Settat,CAS,Benslimane,Rural,Féminin,58,50-64,ANLCA,Niveau 1 (débutant),154,0,55.0
ALP500395,2017,Tanger-Tétouan-Al Hoceïma,TAN,Tétouan,Rural,Féminin,20,15-24,Association partenaire,Niveau 1 (débutant),132,0,58.2
ALP500396,2019,Fès-Meknès,FES,Taza,Urbain,Masculin,43,35-49,ONG,Niveau 3 (avancé),153,0,80.5
ALP500397,2020,Casablanca-Settat,CAS,Sidi Bennour,Rural,Féminin,28,25-34,ANLCA,Niveau 2 (intermédiaire),142,1,56.0
ALP500398,2017,Souss-Massa,SOU,Tiznit,Rural,Masculin,57,50-64,Association partenaire,Niveau 2 (intermédiaire),135,1,59.2
ALP500399,2017,Drâa-Tafilalet,DRA,Midelt,Rural,Masculin,28,25-34,ANLCA,Niveau 3 (avancé),177,1,91.1
ALP500400,2022,Souss-Massa,SOU,Tata,Rural,Féminin,62,50-64,Association partenaire,Niveau 3 (avancé),107,1,61.3
ALP500401,2019,Oriental,ORI,Taourirt,Urbain,Féminin,17,15-24,Mosquée,Niveau 2 (intermédiaire),82,0,62.0
ALP500402,2020,Fès-Meknès,FES,Ifrane,Rural,Féminin,55,50-64,ONG,Niveau 2 (intermédiaire),92,0,61.8
ALP500403,2020,Fès-Meknès,FES,Meknès,Urbain,Masculin,44,35-49,Association partenaire,Niveau 2 (intermédiaire),167,1,32.0
ALP500404,2023,Tanger-Tétouan-Al Hoceïma,TAN,Larache,Urbain,Féminin,41,35-49,ANLCA,Niveau 2 (intermédiaire),71,1,60.6
ALP500405,2020,Tanger-Tétouan-Al Hoceïma,TAN,Ouazzane,Urbain,Masculin,30,25-34,Entreprise,Niveau 2 (intermédiaire),48,0,94.9
ALP500406,2017,Drâa-Tafilalet,DRA,Errachidia,Urbain,Féminin,22,15-24,ANLCA,Niveau 3 (avancé),128,0,34.7
ALP500407,2020,Fès-Meknès,FES,Boulemane,Rural,Féminin,63,50-64,Mosquée,Niveau 3 (avancé),177,1,75.7
ALP500408,2017,Casablanca-Settat,CAS,El Jadida,Urbain,Féminin,30,25-34,ANLCA,Niveau 2 (intermédiaire),136,1,47.8
ALP500409,2023,Marrakech-Safi,MAR,Marrakech,Urbain,Féminin,42,35-49,Association partenaire,Niveau 1 (débutant),63,1,51.1
ALP500410,2023,Marrakech-Safi,MAR,El Kelaa des Sraghna,Rural,Féminin,43,35-49,ANLCA,Niveau 3 (avancé),92,1,62.3
ALP500411,2016,Souss-Massa,SOU,Inezgane-Ait Melloul,Urbain,Féminin,53,50-64,ANLCA,Niveau 3 (avancé),41,1,51.3
ALP500412,2017,Rabat-Salé-Kénitra,RAB,Sidi Slimane,Rural,Féminin,63,50-64,Association partenaire,Niveau 3 (avancé),89,1,47.7
ALP500413,2021,Fès-Meknès,FES,Séfrou,Rural,Féminin,48,35-49,Association partenaire,Niveau 1 (débutant),147,1,100.0
ALP500414,2020,Fès-Meknès,FES,Moulay Yacoub,Urbain,Masculin,35,25-34,ANLCA,Niveau 1 (débutant),189,0,61.5
ALP500415,2022,Rabat-Salé-Kénitra,RAB,Kénitra,Rural,Masculin,62,50-64,Mosquée,Niveau 1 (débutant),169,1,83.0
ALP500416,2019,Guelmim-Oued Noun,GUE,Assa-Zag,Urbain,Féminin,20,15-24,ONG,Niveau 2 (intermédiaire),72,0,55.7
ALP500417,2020,Fès-Meknès,FES,Boulemane,Rural,Féminin,27,25-34,ANLCA,Niveau 3 (avancé),153,0,66.9
ALP500418,2015,Béni Mellal-Khénifra,BMK,Fquih Ben Salah,Urbain,Féminin,27,25-34,Entreprise,Niveau 3 (avancé),150,0,52.7
ALP500419,2021,Marrakech-Safi,MAR,El Kelaa des Sraghna,Rural,Féminin,32,25-34,Association partenaire,Niveau 1 (débutant),169,0,58.2
ALP500420,2023,Laâyoune-Sakia El Hamra,LAA,Boujdour,Urbain,Féminin,36,35-49,Association partenaire,Niveau 1 (débutant),137,1,76.4
ALP500421,2017,Béni Mellal-Khénifra,BMK,Béni Mellal,Rural,Féminin,50,35-49,ANLCA,Niveau 3 (avancé),112,1,86.7
ALP500422,2022,Souss-Massa,SOU,Agadir-Ida-Ou-Tanane,Rural,Féminin,19,15-24,ONG,Niveau 2 (intermédiaire),76,1,64.5
ALP500423,2020,Guelmim-Oued Noun,GUE,Sidi Ifni,Urbain,Féminin,64,50-64,Mosquée,Niveau 1 (débutant),155,1,43.2
ALP500424,2019,Rabat-Salé-Kénitra,RAB,Kénitra,Rural,Féminin,62,50-64,ONG,Niveau 2 (intermédiaire),186,1,83.3
ALP500425,2016,Souss-Massa,SOU,Agadir-Ida-Ou-Tanane,Rural,Féminin,63,50-64,ANLCA,Niveau 1 (débutant),159,1,63.7
ALP500426,2023,Rabat-Salé-Kénitra,RAB,Khémisset,Urbain,Féminin,16,15-24,ANLCA,Niveau 2 (intermédiaire),96,0,64.3
ALP500427,2021,Tanger-Tétouan-Al Hoceïma,TAN,Tanger-Assilah,Rural,Féminin,59,50-64,Mosquée,Niveau 1 (débutant),130,0,43.9
ALP500428,2018,Tanger-Tétouan-Al Hoceïma,TAN,Tanger-Assilah,Rural,Féminin,52,50-64,Entreprise,Niveau 1 (débutant),75,0,52.4
ALP500429,2021,Drâa-Tafilalet,DRA,Zagora,Rural,Masculin,45,35-49,ANLCA,Niveau 2 (intermédiaire),152,1,85.9
ALP500430,2023,Marrakech-Safi,MAR,Youssoufia,Urbain,Masculin,19,15-24,Entreprise,Niveau 3 (avancé),73,0,75.0
ALP500431,2015,Souss-Massa,SOU,Taroudannt,Urbain,Féminin,24,15-24,Association partenaire,Niveau 2 (intermédiaire),166,0,45.9
ALP500432,2018,Casablanca-Settat,CAS,Casablanca,Rural,Féminin,55,50-64,ONG,Niveau 2 (intermédiaire),146,0,77.7
ALP500433,2021,Marrakech-Safi,MAR,Marrakech,Rural,Féminin,25,15-24,Entreprise,Niveau 1 (débutant),107,1,57.7
ALP500434,2018,Drâa-Tafilalet,DRA,Errachidia,Urbain,Féminin,62,50-64,Association partenaire,Niveau 1 (débutant),48,1,58.4
ALP500435,2023,Béni Mellal-Khénifra,BMK,Fquih Ben Salah,Rural,Masculin,59,50-64,ANLCA,Niveau 1 (débutant),116,1,83.8
ALP500436,2016,Laâyoune-Sakia El Hamra,LAA,Laâyoune,Rural,Masculin,49,35-49,ANLCA,Niveau 2 (intermédiaire),42,1,54.3
ALP500437,2022,Rabat-Salé-Kénitra,RAB,Salé,Rural,Féminin,54,50-64,Association partenaire,Niveau 1 (débutant),56,1,54.9
ALP500438,2022,Oriental,ORI,Berkane,Urbain,Masculin,36,35-49,Association partenaire,Niveau 1 (débutant),138,1,22.3
ALP500439,2016,Fès-Meknès,FES,Boulemane,Urbain,Féminin,50,35-49,Association partenaire,Niveau 3 (avancé),121,1,41.2
ALP500440,2019,Casablanca-Settat,CAS,Khouribga,Rural,Masculin,59,50-64,ANLCA,Niveau 2 (intermédiaire),92,0,61.2
ALP500441,2021,Fès-Meknès,FES,El Hajeb,Urbain,Masculin,49,35-49,ANLCA,Niveau 3 (avancé),118,1,100.0
ALP500442,2023,Rabat-Salé-Kénitra,RAB,Kénitra,Rural,Masculin,40,35-49,Association partenaire,Niveau 1 (débutant),94,1,61.8
ALP500443,2017,Béni Mellal-Khénifra,BMK,Azilal,Rural,Féminin,56,50-64,Mosquée,Niveau 1 (débutant),112,1,81.9
ALP500444,2020,Drâa-Tafilalet,DRA,Tinghir,Rural,Féminin,45,35-49,ANLCA,Niveau 1 (débutant),185,1,77.6
ALP500445,2015,Rabat-Salé-Kénitra,RAB,Kénitra,Rural,Masculin,27,25-34,Association partenaire,Niveau 3 (avancé),194,0,59.7
ALP500446,2023,Tanger-Tétouan-Al Hoceïma,TAN,Al Hoceïma,Rural,Féminin,19,15-24,Association partenaire,Niveau 2 (intermédiaire),58,1,100.0
ALP500447,2018,Casablanca-Settat,CAS,Casablanca,Urbain,Féminin,48,35-49,Mosquée,Niveau 3 (avancé),144,0,75.7
ALP500448,2019,Béni Mellal-Khénifra,BMK,Azilal,Urbain,Féminin,32,25-34,ANLCA,Niveau 2 (intermédiaire),169,0,68.9
ALP500449,2018,Souss-Massa,SOU,Inezgane-Ait Melloul,Rural,Masculin,53,50-64,Mosquée,Niveau 3 (avancé),80,1,71.2
ALP500450,2023,Drâa-Tafilalet,DRA,Ouarzazate,Urbain,Masculin,30,25-34,Association partenaire,Niveau 1 (débutant),144,1,42.4
ALP500451,2023,Oriental,ORI,Taourirt,Rural,Masculin,55,50-64,ANLCA,Niveau 1 (débutant),192,1,70.7
ALP500452,2018,Casablanca-Settat,CAS,Khouribga,Urbain,Féminin,40,35-49,Entreprise,Niveau 1 (débutant),124,1,65.1
ALP500453,2022,Rabat-Salé-Kénitra,RAB,Skhirate-Témara,Rural,Féminin,20,15-24,Mosquée,Niveau 1 (débutant),71,0,76.0
ALP500454,2018,Rabat-Salé-Kénitra,RAB,Khémisset,Rural,Féminin,23,15-24,ANLCA,Niveau 2 (intermédiaire),53,1,44.8
ALP500455,2019,Tanger-Tétouan-Al Hoceïma,TAN,Ouazzane,Urbain,Féminin,19,15-24,Entreprise,Niveau 2 (intermédiaire),146,0,65.0
ALP500456,2023,Rabat-Salé-Kénitra,RAB,Salé,Rural,Féminin,62,50-64,Mosquée,Niveau 3 (avancé),54,1,33.9
ALP500457,2021,Souss-Massa,SOU,Tata,Urbain,Féminin,31,25-34,ANLCA,Niveau 2 (intermédiaire),44,0,29.0
ALP500458,2022,Casablanca-Settat,CAS,Mohammadia,Rural,Féminin,52,50-64,ONG,Niveau 3 (avancé),130,1,71.9
ALP500459,2017,Marrakech-Safi,MAR,Chichaoua,Urbain,Féminin,58,50-64,Entreprise,Niveau 2 (intermédiaire),173,0,53.3
ALP500460,2018,Marrakech-Safi,MAR,Chichaoua,Urbain,Masculin,45,35-49,Entreprise,Niveau 3 (avancé),50,0,71.9
ALP500461,2016,Souss-Massa,SOU,Agadir-Ida-Ou-Tanane,Rural,Féminin,62,50-64,Mosquée,Niveau 3 (avancé),155,0,84.3
ALP500462,2017,Béni Mellal-Khénifra,BMK,El Kelaa des Sraghna,Urbain,Féminin,19,15-24,Association partenaire,Niveau 1 (débutant),55,1,53.3
ALP500463,2021,Casablanca-Settat,CAS,Sidi Bennour,Rural,Féminin,38,35-49,Mosquée,Niveau 3 (avancé),188,1,39.3
ALP500464,2023,Fès-Meknès,FES,Taounate,Rural,Masculin,30,25-34,ONG,Niveau 2 (intermédiaire),160,0,67.5
ALP500465,2022,Casablanca-Settat,CAS,Sidi Bennour,Rural,Féminin,48,35-49,Association partenaire,Niveau 1 (débutant),134,1,77.1
ALP500466,2022,Fès-Meknès,FES,Moulay Yacoub,Rural,Féminin,33,25-34,Entreprise,Niveau 1 (débutant),136,1,52.8
ALP500467,2016,Rabat-Salé-Kénitra,RAB,Skhirate-Témara,Rural,Féminin,49,35-49,ANLCA,Niveau 2 (intermédiaire),64,1,60.6
ALP500468,2015,Rabat-Salé-Kénitra,RAB,Skhirate-Témara,Rural,Féminin,27,25-34,Association partenaire,Niveau 3 (avancé),170,1,65.1
ALP500469,2020,Casablanca-Settat,CAS,Sidi Bennour,Urbain,Féminin,24,15-24,Association partenaire,Niveau 1 (débutant),77,1,100.0
ALP500470,2015,Souss-Massa,SOU,Chtouka-Ait Baha,Urbain,Féminin,44,35-49,Association partenaire,Niveau 2 (intermédiaire),157,0,56.2
ALP500471,2015,Fès-Meknès,FES,Meknès,Urbain,Féminin,21,15-24,ANLCA,Niveau 1 (débutant),51,0,69.7
ALP500472,2020,Béni Mellal-Khénifra,BMK,Khouribga,Rural,Féminin,37,35-49,Association partenaire,Niveau 2 (intermédiaire),145,0,71.0
ALP500473,2017,Oriental,ORI,Driouch,Rural,Féminin,28,25-34,ANLCA,Niveau 1 (débutant),45,1,61.0
ALP500474,2019,Marrakech-Safi,MAR,Chichaoua,Urbain,Féminin,36,35-49,ANLCA,Niveau 3 (avancé),48,0,66.9
ALP500475,2017,Béni Mellal-Khénifra,BMK,Béni Mellal,Rural,Féminin,37,35-49,ONG,Niveau 2 (intermédiaire),82,0,32.5
ALP500476,2022,Casablanca-Settat,CAS,El Jadida,Rural,Féminin,57,50-64,ANLCA,Niveau 3 (avancé),95,0,86.8
ALP500477,2020,Tanger-Tétouan-Al Hoceïma,TAN,Fahs-Anjra,Rural,Féminin,54,50-64,Entreprise,Niveau 2 (intermédiaire),184,1,93.0
ALP500478,2022,Tanger-Tétouan-Al Hoceïma,TAN,Tétouan,Urbain,Féminin,19,15-24,Mosquée,Niveau 1 (débutant),51,1,60.6
ALP500479,2019,Rabat-Salé-Kénitra,RAB,Sidi Kacem,Rural,Féminin,54,50-64,ANLCA,Niveau 1 (débutant),87,0,60.6
ALP500480,2018,Casablanca-Settat,CAS,Settat,Rural,Féminin,23,15-24,Association partenaire,Niveau 3 (avancé),75,1,39.8
ALP500481,2022,Drâa-Tafilalet,DRA,Tinghir,Rural,Féminin,40,35-49,ANLCA,Niveau 1 (débutant),91,1,48.5
ALP500482,2018,Fès-Meknès,FES,Moulay Yacoub,Rural,Féminin,39,35-49,ANLCA,Niveau 2 (intermédiaire),90,1,81.9
ALP500483,2019,Casablanca-Settat,CAS,El Jadida,Rural,Féminin,58,50-64,Association partenaire,Niveau 3 (avancé),89,1,61.0
ALP500484,2022,Drâa-Tafilalet,DRA,Errachidia,Rural,Féminin,42,35-49,ANLCA,Niveau 2 (intermédiaire),127,0,76.0
ALP500485,2020,Casablanca-Settat,CAS,Berrechid,Rural,Masculin,64,50-64,ANLCA,Niveau 1 (débutant),108,0,86.5
ALP500486,2016,Rabat-Salé-Kénitra,RAB,Sidi Kacem,Urbain,Féminin,27,25-34,Mosquée,Niveau 1 (débutant),43,0,70.7
ALP500487,2019,Fès-Meknès,FES,Moulay Yacoub,Urbain,Féminin,55,50-64,ANLCA,Niveau 2 (intermédiaire),111,1,50.8
ALP500488,2016,Rabat-Salé-Kénitra,RAB,Salé,Rural,Masculin,39,35-49,ANLCA,Niveau 2 (intermédiaire),49,1,59.8
ALP500489,2019,Fès-Meknès,FES,Fès,Rural,Féminin,35,25-34,ANLCA,Niveau 2 (intermédiaire),68,1,89.5
ALP500490,2019,Casablanca-Settat,CAS,Berrechid,Urbain,Féminin,46,35-49,ONG,Niveau 1 (débutant),104,0,64.8
ALP500491,2019,Béni Mellal-Khénifra,BMK,Fquih Ben Salah,Rural,Masculin,41,35-49,Association partenaire,Niveau 1 (débutant),110,1,71.4
ALP500492,2017,Tanger-Tétouan-Al Hoceïma,TAN,Tétouan,Rural,Féminin,15,,ONG,Niveau 1 (débutant),47,1,60.5
ALP500493,2015,Oriental,ORI,Jerada,Rural,Féminin,30,25-34,Entreprise,Niveau 2 (intermédiaire),153,1,70.5
ALP500494,2019,Béni Mellal-Khénifra,BMK,Fquih Ben Salah,Rural,Féminin,18,15-24,ANLCA,Niveau 3 (avancé),91,1,58.1
ALP500495,2023,Guelmim-Oued Noun,GUE,Tan-Tan,Rural,Masculin,47,35-49,ONG,Niveau 2 (intermédiaire),74,1,65.1
ALP500496,2021,Oriental,ORI,Guercif,Rural,Féminin,33,25-34,Association partenaire,Niveau 1 (débutant),86,1,47.4
ALP500497,2017,Béni Mellal-Khénifra,BMK,El Kelaa des Sraghna,Rural,Masculin,48,35-49,Association partenaire,Niveau 1 (débutant),159,1,57.8
ALP500498,2023,Casablanca-Settat,CAS,Mohammadia,Rural,Féminin,15,,Entreprise,Niveau 2 (intermédiaire),180,1,73.0
ALP500499,2016,Fès-Meknès,FES,Moulay Yacoub,Urbain,Masculin,24,15-24,ONG,Niveau 1 (débutant),156,0,34.4
ALP500500,2020,Marrakech-Safi,MAR,Youssoufia,Urbain,Féminin,27,25-34,ANLCA,Niveau 3 (avancé),118,1,64.3
ALP500501,2018,Fès-Meknès,FES,Boulemane,Rural,Féminin,39,35-49,ONG,Niveau 3 (avancé),174,1,49.8
ALP500502,2016,Casablanca-Settat,CAS,Berrechid,Rural,Féminin,55,50-64,ANLCA,Niveau 3 (avancé),181,1,71.1
ALP500503,2015,Marrakech-Safi,MAR,Marrakech,Urbain,Féminin,38,35-49,ANLCA,Niveau 1 (débutant),181,0,43.9
ALP500504,2015,Fès-Meknès,FES,Taounate,Rural,Féminin,38,35-49,ANLCA,Niveau 2 (intermédiaire),193,0,70.9
ALP500505,2018,Rabat-Salé-Kénitra,RAB,Sidi Kacem,Urbain,Féminin,52,50-64,Mosquée,Niveau 2 (intermédiaire),188,0,50.7
ALP500506,2015,Casablanca-Settat,CAS,Casablanca,Urbain,Féminin,21,15-24,ONG,Niveau 1 (débutant),160,0,58.8
ALP500507,2016,Béni Mellal-Khénifra,BMK,Azilal,Urbain,Féminin,30,25-34,ONG,Niveau 3 (avancé),83,1,83.6
ALP500508,2019,Casablanca-Settat,CAS,Benslimane,Rural,Féminin,52,50-64,Association partenaire,Niveau 3 (avancé),83,0,82.7
ALP500509,2019,Casablanca-Settat,CAS,Berrechid,Rural,Féminin,19,15-24,ANLCA,Niveau 2 (intermédiaire),98,0,69.9
ALP500510,2018,Rabat-Salé-Kénitra,RAB,Sidi Slimane,Urbain,Féminin,47,35-49,ANLCA,Niveau 1 (débutant),73,0,58.7
ALP500511,2015,Drâa-Tafilalet,DRA,Errachidia,Rural,Masculin,25,15-24,ANLCA,Niveau 2 (intermédiaire),147,1,82.4
ALP500512,2020,Marrakech-Safi,MAR,Safi,Urbain,Masculin,16,15-24,ANLCA,Niveau 3 (avancé),69,1,43.2
ALP500513,2021,Rabat-Salé-Kénitra,RAB,Sidi Slimane,Rural,Masculin,19,15-24,Mosquée,Niveau 2 (intermédiaire),177,0,67.8
ALP500514,2020,Casablanca-Settat,CAS,Mohammadia,Rural,Masculin,22,15-24,Association partenaire,Niveau 1 (débutant),160,0,75.3
ALP500515,2023,Marrakech-Safi,MAR,El Kelaa des Sraghna,Rural,Masculin,58,50-64,Association partenaire,Niveau 1 (débutant),79,0,62.9
ALP500516,2016,Rabat-Salé-Kénitra,RAB,Skhirate-Témara,Rural,Masculin,18,15-24,ANLCA,Niveau 2 (intermédiaire),67,1,65.9
ALP500517,2020,Béni Mellal-Khénifra,BMK,Fquih Ben Salah,Urbain,Féminin,15,,Association partenaire,Niveau 2 (intermédiaire),193,0,55.9
ALP500518,2021,Oriental,ORI,Figuig,Rural,Féminin,49,35-49,ANLCA,Niveau 2 (intermédiaire),136,0,56.7
ALP500519,2019,Fès-Meknès,FES,Boulemane,Urbain,Masculin,60,50-64,ANLCA,Niveau 3 (avancé),50,0,65.6
ALP500520,2017,Souss-Massa,SOU,Tiznit,Rural,Masculin,57,50-64,Association partenaire,Niveau 1 (débutant),178,1,62.6
ALP500521,2021,Tanger-Tétouan-Al Hoceïma,TAN,Tétouan,Rural,Masculin,49,35-49,ANLCA,Niveau 1 (débutant),62,1,52.4
ALP500522,2022,Marrakech-Safi,MAR,Youssoufia,Rural,Féminin,31,25-34,ANLCA,Niveau 2 (intermédiaire),184,0,69.1
ALP500523,2020,Fès-Meknès,FES,Taounate,Rural,Masculin,51,50-64,ANLCA,Niveau 1 (débutant),55,1,49.1
ALP500524,2023,Casablanca-Settat,CAS,Khouribga,Rural,Masculin,47,35-49,Mosquée,Niveau 2 (intermédiaire),126,1,50.3
ALP500525,2016,Casablanca-Settat,CAS,Settat,Urbain,Féminin,18,15-24,ANLCA,Niveau 2 (intermédiaire),189,1,54.5
ALP500526,2018,Oriental,ORI,Guercif,Rural,Féminin,52,50-64,ANLCA,Niveau 1 (débutant),93,1,54.1
ALP500527,2019,Casablanca-Settat,CAS,El Jadida,Urbain,Féminin,24,15-24,Association partenaire,Niveau 2 (intermédiaire),151,0,85.5
ALP500528,2016,Oriental,ORI,Oujda-Angad,Urbain,Féminin,48,35-49,ANLCA,Niveau 2 (intermédiaire),133,1,63.7
ALP500529,2018,Marrakech-Safi,MAR,El Kelaa des Sraghna,Urbain,Féminin,33,25-34,Mosquée,Niveau 1 (débutant),75,0,82.8
ALP500530,2019,Rabat-Salé-Kénitra,RAB,Kénitra,Urbain,Féminin,36,35-49,ANLCA,Niveau 1 (débutant),73,1,70.9
ALP500531,2021,Tanger-Tétouan-Al Hoceïma,TAN,Larache,Rural,Masculin,28,25-34,Entreprise,Niveau 2 (intermédiaire),55,1,62.0
ALP500532,2022,Béni Mellal-Khénifra,BMK,El Kelaa des Sraghna,Rural,Féminin,57,50-64,Association partenaire,Niveau 3 (avancé),199,1,29.3
ALP500533,2016,Souss-Massa,SOU,Inezgane-Ait Melloul,Rural,Masculin,50,35-49,ONG,Niveau 2 (intermédiaire),168,1,48.9
ALP500534,2022,Fès-Meknès,FES,Boulemane,Urbain,Masculin,53,50-64,ANLCA,Niveau 1 (débutant),128,0,92.6
ALP500535,2023,Marrakech-Safi,MAR,Al Haouz,Urbain,Masculin,45,35-49,Association partenaire,Niveau 2 (intermédiaire),65,0,90.4
ALP500536,2015,Guelmim-Oued Noun,GUE,Assa-Zag,Urbain,Féminin,64,50-64,Association partenaire,Niveau 3 (avancé),141,0,66.7
ALP500537,2017,Casablanca-Settat,CAS,Sidi Bennour,Rural,Masculin,56,50-64,ANLCA,Niveau 1 (débutant),78,1,42.1
ALP500538,2017,Tanger-Tétouan-Al Hoceïma,TAN,Tétouan,Urbain,Masculin,26,25-34,ANLCA,Niveau 1 (débutant),144,1,80.5
ALP500539,2021,Rabat-Salé-Kénitra,RAB,Sidi Slimane,Urbain,Féminin,55,50-64,Association partenaire,Niveau 2 (intermédiaire),120,1,72.5
ALP500540,2019,Casablanca-Settat,CAS,Khouribga,Rural,Féminin,59,50-64,Association partenaire,Niveau 3 (avancé),132,1,86.8
ALP500541,2018,Rabat-Salé-Kénitra,RAB,Kénitra,Urbain,Masculin,43,35-49,Association partenaire,Niveau 1 (débutant),140,0,73.2
ALP500542,2022,Marrakech-Safi,MAR,Marrakech,Rural,Féminin,60,50-64,Association partenaire,Niveau 2 (intermédiaire),130,1,78.3
ALP500543,2015,Rabat-Salé-Kénitra,RAB,Skhirate-Témara,Urbain,Féminin,53,50-64,Association partenaire,Niveau 1 (débutant),112,1,100.0
ALP500544,2023,Tanger-Tétouan-Al Hoceïma,TAN,Fahs-Anjra,Urbain,Féminin,46,35-49,Mosquée,Niveau 1 (débutant),146,1,70.5
ALP500545,2021,Laâyoune-Sakia El Hamra,LAA,Es-Semara,Rural,Masculin,55,50-64,ANLCA,Niveau 1 (débutant),57,1,60.6
ALP500546,2019,Souss-Massa,SOU,Taroudannt,Rural,Féminin,52,50-64,ANLCA,Niveau 1 (débutant),196,0,100.0
ALP500547,2020,Fès-Meknès,FES,Moulay Yacoub,Rural,Féminin,34,25-34,Mosquée,Niveau 2 (intermédiaire),110,0,65.7
ALP500548,2018,Casablanca-Settat,CAS,Casablanca,Urbain,Féminin,47,35-49,Association partenaire,Niveau 3 (avancé),126,0,70.9
ALP500549,2016,Casablanca-Settat,CAS,El Jadida,Rural,Féminin,45,35-49,ONG,Niveau 2 (intermédiaire),107,1,52.2
ALP500550,2016,Oriental,ORI,Oujda-Angad,Rural,Masculin,28,25-34,ONG,Niveau 1 (débutant),167,0,77.8
ALP500551,2017,Marrakech-Safi,MAR,Essaouira,Rural,Féminin,52,50-64,ANLCA,Niveau 1 (débutant),190,0,51.9
ALP500552,2020,Fès-Meknès,FES,Moulay Yacoub,Rural,Masculin,17,15-24,Association partenaire,Niveau 1 (débutant),68,1,67.0
ALP500553,2021,Rabat-Salé-Kénitra,RAB,Sidi Slimane,Rural,Masculin,17,15-24,ANLCA,Niveau 2 (intermédiaire),176,0,62.6
ALP500554,2018,Guelmim-Oued Noun,GUE,Guelmim,Rural,Féminin,39,35-49,Entreprise,Niveau 1 (débutant),164,1,59.6
ALP500555,2018,Marrakech-Safi,MAR,Youssoufia,Urbain,Féminin,42,35-49,Association partenaire,Niveau 3 (avancé),126,0,68.3
ALP500556,2016,Rabat-Salé-Kénitra,RAB,Kénitra,Rural,Féminin,56,50-64,ANLCA,Niveau 3 (avancé),121,1,86.0
ALP500557,2018,Casablanca-Settat,CAS,Settat,Rural,Féminin,53,50-64,ANLCA,Niveau 2 (intermédiaire),146,0,65.6
ALP500558,2023,Rabat-Salé-Kénitra,RAB,Skhirate-Témara,Urbain,Féminin,41,35-49,ANLCA,Niveau 2 (intermédiaire),129,0,41.2
ALP500559,2021,Fès-Meknès,FES,Taounate,Urbain,Féminin,43,35-49,Association partenaire,Niveau 2 (intermédiaire),67,1,45.8
ALP500560,2020,Rabat-Salé-Kénitra,RAB,Sidi Slimane,Rural,Féminin,45,35-49,Association partenaire,Niveau 3 (avancé),170,1,100.0
ALP500561,2017,Souss-Massa,SOU,Chtouka-Ait Baha,Urbain,Masculin,45,35-49,Mosquée,Niveau 2 (intermédiaire),87,1,38.1
ALP500562,2020,Casablanca-Settat,CAS,El Jadida,Rural,Féminin,41,35-49,ANLCA,Niveau 3 (avancé),138,1,44.2
ALP500563,2021,Casablanca-Settat,CAS,Casablanca,Rural,Féminin,18,15-24,Mosquée,Niveau 1 (débutant),50,1,40.8
ALP500564,2023,Marrakech-Safi,MAR,Essaouira,Rural,Féminin,62,50-64,ONG,Niveau 1 (débutant),82,1,69.1
ALP500565,2018,Drâa-Tafilalet,DRA,Zagora,Rural,Masculin,45,35-49,Entreprise,Niveau 1 (débutant),133,1,50.1
ALP500566,2018,Fès-Meknès,FES,El Hajeb,Rural,Féminin,60,50-64,ONG,Niveau 1 (débutant),55,1,74.2
ALP500567,2019,Fès-Meknès,FES,El Hajeb,Rural,Féminin,18,15-24,Association partenaire,Niveau 3 (avancé),73,1,49.2
ALP500568,2021,Fès-Meknès,FES,El Hajeb,Rural,Féminin,46,35-49,ANLCA,Niveau 1 (débutant),139,1,56.4
ALP500569,2021,Fès-Meknès,FES,Boulemane,Rural,Féminin,61,50-64,Mosquée,Niveau 3 (avancé),54,1,74.5
ALP500570,2022,Casablanca-Settat,CAS,Khouribga,Urbain,Masculin,40,35-49,Association partenaire,Niveau 3 (avancé),52,1,82.0
ALP500571,2022,Fès-Meknès,FES,Séfrou,Rural,Masculin,20,15-24,Mosquée,Niveau 2 (intermédiaire),194,1,91.3
ALP500572,2022,Souss-Massa,SOU,Chtouka-Ait Baha,Rural,Féminin,32,25-34,Association partenaire,Niveau 2 (intermédiaire),89,1,65.1
ALP500573,2021,Tanger-Tétouan-Al Hoceïma,TAN,Tanger-Assilah,Rural,Féminin,51,50-64,ONG,Niveau 2 (intermédiaire),99,1,54.2
ALP500574,2017,Casablanca-Settat,CAS,Sidi Bennour,Urbain,Féminin,64,50-64,ONG,Niveau 1 (débutant),75,1,32.8
ALP500575,2015,Casablanca-Settat,CAS,Benslimane,Urbain,Féminin,31,25-34,Mosquée,Niveau 1 (débutant),160,0,62.0
ALP500576,2019,Tanger-Tétouan-Al Hoceïma,TAN,Ouazzane,Urbain,Féminin,22,15-24,Association partenaire,Niveau 2 (intermédiaire),45,0,40.7
ALP500577,2022,Casablanca-Settat,CAS,Sidi Bennour,Urbain,Féminin,64,50-64,ONG,Niveau 2 (intermédiaire),40,1,78.1
ALP500578,2019,Marrakech-Safi,MAR,Essaouira,Urbain,Masculin,53,50-64,Association partenaire,Niveau 1 (débutant),161,1,82.4
ALP500579,2022,Souss-Massa,SOU,Tiznit,Rural,Féminin,62,50-64,ANLCA,Niveau 1 (débutant),111,1,69.5
ALP500580,2022,Rabat-Salé-Kénitra,RAB,Khémisset,Rural,Féminin,22,15-24,Mosquée,Niveau 2 (intermédiaire),170,1,70.8
ALP500581,2021,Souss-Massa,SOU,Tiznit,Rural,Féminin,28,25-34,ONG,Niveau 2 (intermédiaire),140,1,56.6
ALP500582,2018,Rabat-Salé-Kénitra,RAB,Sidi Kacem,Rural,Masculin,39,35-49,Association partenaire,Niveau 1 (débutant),162,1,69.6
ALP500583,2019,Marrakech-Safi,MAR,Youssoufia,Rural,Féminin,21,15-24,ANLCA,Niveau 3 (avancé),56,1,52.4
ALP500584,2019,Drâa-Tafilalet,DRA,Tinghir,Rural,Féminin,45,35-49,Association partenaire,Niveau 1 (débutant),91,1,47.0
ALP500585,2015,Fès-Meknès,FES,Ifrane,Rural,Féminin,34,25-34,ANLCA,Niveau 2 (intermédiaire),185,0,60.9
ALP500586,2020,Oriental,ORI,Nador,Rural,Masculin,24,15-24,Association partenaire,Niveau 2 (intermédiaire),42,0,65.0
ALP500587,2017,Guelmim-Oued Noun,GUE,Guelmim,Rural,Féminin,32,25-34,ANLCA,Niveau 1 (débutant),137,1,68.1
ALP500588,2022,Fès-Meknès,FES,Fès,Urbain,Féminin,17,15-24,ANLCA,Niveau 2 (intermédiaire),116,0,68.0
ALP500589,2021,Souss-Massa,SOU,Tata,Rural,Féminin,59,50-64,Association partenaire,Niveau 1 (débutant),41,0,79.3
ALP500590,2022,Béni Mellal-Khénifra,BMK,Béni Mellal,Rural,Féminin,64,50-64,Association partenaire,Niveau 3 (avancé),122,1,52.2
ALP500591,2017,Rabat-Salé-Kénitra,RAB,Skhirate-Témara,Urbain,Féminin,36,35-49,ANLCA,Niveau 1 (débutant),122,1,57.6
ALP500592,2015,Rabat-Salé-Kénitra,RAB,Khémisset,Urbain,Féminin,30,25-34,ANLCA,Niveau 2 (intermédiaire),115,1,66.2
ALP500593,2017,Casablanca-Settat,CAS,El Jadida,Urbain,Féminin,62,50-64,ANLCA,Niveau 3 (avancé),126,1,53.9
ALP500594,2017,Oriental,ORI,Oujda-Angad,Rural,Masculin,61,50-64,ANLCA,Niveau 2 (intermédiaire),109,1,24.2
ALP500595,2021,Casablanca-Settat,CAS,Berrechid,Urbain,Féminin,58,50-64,Mosquée,Niveau 3 (avancé),173,1,90.7
ALP500596,2016,Souss-Massa,SOU,Agadir-Ida-Ou-Tanane,Rural,Féminin,37,35-49,Association partenaire,Niveau 3 (avancé),155,0,56.8
ALP500597,2022,Rabat-Salé-Kénitra,RAB,Khémisset,Rural,Féminin,36,35-49,ANLCA,Niveau 1 (débutant),139,0,70.1
ALP500598,2017,Casablanca-Settat,CAS,Berrechid,Rural,Masculin,52,50-64,Association partenaire,Niveau 3 (avancé),53,1,29.0
ALP500599,2016,Rabat-Salé-Kénitra,RAB,Skhirate-Témara,Rural,Masculin,53,50-64,Association partenaire,Niveau 2 (intermédiaire),147,1,55.7
ALP500600,2019,Casablanca-Settat,CAS,Mohammadia,Urbain,Féminin,63,50-64,ANLCA,Niveau 1 (débutant),157,1,59.4
ALP500601,2021,Oriental,ORI,Berkane,Urbain,Masculin,46,35-49,Mosquée,Niveau 1 (débutant),146,0,64.3
ALP500602,2016,Fès-Meknès,FES,Ifrane,Rural,Masculin,16,15-24,Mosquée,Niveau 3 (avancé),175,1,81.5
ALP500603,2019,Béni Mellal-Khénifra,BMK,Fquih Ben Salah,Urbain,Féminin,53,50-64,ANLCA,Niveau 3 (avancé),169,1,79.2
ALP500604,2022,Casablanca-Settat,CAS,Benslimane,Rural,Féminin,15,,ONG,Niveau 1 (débutant),148,1,61.0
ALP500605,2021,Casablanca-Settat,CAS,Mohammadia,Urbain,Féminin,52,50-64,ONG,Niveau 3 (avancé),58,1,74.7
ALP500606,2020,Marrakech-Safi,MAR,Essaouira,Urbain,Féminin,18,15-24,ANLCA,Niveau 1 (débutant),118,0,47.8
ALP500607,2020,Béni Mellal-Khénifra,BMK,Azilal,Urbain,Féminin,29,25-34,ANLCA,Niveau 3 (avancé),85,1,52.2
ALP500608,2022,Fès-Meknès,FES,El Hajeb,Rural,Masculin,64,50-64,Association partenaire,Niveau 2 (intermédiaire),44,0,69.6
ALP500609,2015,Rabat-Salé-Kénitra,RAB,Sidi Slimane,Urbain,Féminin,32,25-34,ANLCA,Niveau 1 (débutant),44,1,98.3
ALP500610,2023,Casablanca-Settat,CAS,Sidi Bennour,Rural,Masculin,52,50-64,ANLCA,Niveau 2 (intermédiaire),110,0,71.2
ALP500611,2020,Souss-Massa,SOU,Tiznit,Rural,Masculin,49,35-49,ANLCA,Niveau 3 (avancé),89,1,53.5
ALP500612,2022,Marrakech-Safi,MAR,Essaouira,Rural,Féminin,46,35-49,Mosquée,Niveau 2 (intermédiaire),64,0,57.6
ALP500613,2018,Souss-Massa,SOU,Agadir-Ida-Ou-Tanane,Urbain,Masculin,45,35-49,Entreprise,Niveau 2 (intermédiaire),122,1,72.1
ALP500614,2022,Drâa-Tafilalet,DRA,Zagora,Rural,Féminin,56,50-64,Entreprise,Niveau 3 (avancé),95,0,80.2
ALP500615,2019,Rabat-Salé-Kénitra,RAB,Rabat,Rural,Masculin,52,50-64,Entreprise,Niveau 1 (débutant),123,1,37.3
ALP500616,2023,Béni Mellal-Khénifra,BMK,Béni Mellal,Rural,Masculin,61,50-64,Mosquée,Niveau 2 (intermédiaire),101,1,73.5
ALP500617,2017,Drâa-Tafilalet,DRA,Zagora,Rural,Masculin,56,50-64,ONG,Niveau 1 (débutant),170,0,40.1
ALP500618,2015,Souss-Massa,SOU,Tiznit,Rural,Féminin,27,25-34,ANLCA,Niveau 2 (intermédiaire),159,1,88.2
ALP500619,2020,Tanger-Tétouan-Al Hoceïma,TAN,Mdiq-Fnideq,Urbain,Féminin,19,15-24,ONG,Niveau 1 (débutant),159,1,61.3
ALP500620,2022,Casablanca-Settat,CAS,Benslimane,Rural,Féminin,50,35-49,ONG,Niveau 1 (débutant),43,1,69.7
ALP500621,2017,Tanger-Tétouan-Al Hoceïma,TAN,Ouazzane,Rural,Féminin,60,50-64,Association partenaire,Niveau 1 (débutant),55,1,42.9
ALP500622,2018,Casablanca-Settat,CAS,Mohammadia,Rural,Féminin,30,25-34,ONG,Niveau 1 (débutant),69,0,78.8
ALP500623,2021,Casablanca-Settat,CAS,Benslimane,Rural,Féminin,60,50-64,ANLCA,Niveau 2 (intermédiaire),197,0,60.1
ALP500624,2016,Marrakech-Safi,MAR,El Kelaa des Sraghna,Rural,Féminin,19,15-24,Association partenaire,Niveau 3 (avancé),120,1,45.1
ALP500625,2019,Marrakech-Safi,MAR,El Kelaa des Sraghna,Rural,Féminin,53,50-64,ANLCA,Niveau 2 (intermédiaire),45,1,47.3
ALP500626,2020,Fès-Meknès,FES,Ifrane,Rural,Féminin,48,35-49,ANLCA,Niveau 2 (intermédiaire),163,0,58.4
ALP500627,2016,Tanger-Tétouan-Al Hoceïma,TAN,Mdiq-Fnideq,Rural,Masculin,47,35-49,ANLCA,Niveau 1 (débutant),130,0,31.9
ALP500628,2016,Tanger-Tétouan-Al Hoceïma,TAN,Al Hoceïma,Urbain,Féminin,18,15-24,ANLCA,Niveau 3 (avancé),186,0,65.1
ALP500629,2016,Casablanca-Settat,CAS,Berrechid,Rural,Féminin,27,25-34,Entreprise,Niveau 1 (débutant),174,1,85.3
ALP500630,2020,Oriental,ORI,Jerada,Urbain,Féminin,62,50-64,ANLCA,Niveau 3 (avancé),131,0,64.1
ALP500631,2017,Béni Mellal-Khénifra,BMK,Azilal,Rural,Féminin,41,35-49,Association partenaire,Niveau 3 (avancé),78,1,60.5
ALP500632,2020,Oriental,ORI,Oujda-Angad,Rural,Masculin,41,35-49,Entreprise,Niveau 1 (débutant),101,1,78.5
ALP500633,2021,Béni Mellal-Khénifra,BMK,Fquih Ben Salah,Urbain,Masculin,43,35-49,ANLCA,Niveau 3 (avancé),133,1,41.3
ALP500634,2016,Casablanca-Settat,CAS,Benslimane,Rural,Masculin,41,35-49,ONG,Niveau 2 (intermédiaire),57,1,72.6
ALP500635,2019,Oriental,ORI,Driouch,Urbain,Féminin,39,35-49,ANLCA,Niveau 3 (avancé),182,0,53.2
ALP500636,2019,Souss-Massa,SOU,Agadir-Ida-Ou-Tanane,Urbain,Féminin,18,15-24,Association partenaire,Niveau 1 (débutant),191,1,84.6
ALP500637,2020,Souss-Massa,SOU,Agadir-Ida-Ou-Tanane,Urbain,Féminin,15,,Mosquée,Niveau 2 (intermédiaire),57,0,46.8
ALP500638,2017,Fès-Meknès,FES,Fès,Urbain,Féminin,54,50-64,Association partenaire,Niveau 2 (intermédiaire),146,1,55.8
ALP500639,2015,Béni Mellal-Khénifra,BMK,Béni Mellal,Rural,Masculin,38,35-49,Association partenaire,Niveau 2 (intermédiaire),180,1,76.8
ALP500640,2022,Tanger-Tétouan-Al Hoceïma,TAN,Ouazzane,Rural,Féminin,43,35-49,Mosquée,Niveau 3 (avancé),59,0,63.1
ALP500641,2023,Casablanca-Settat,CAS,Sidi Bennour,Urbain,Féminin,40,35-49,Entreprise,Niveau 2 (intermédiaire),98,1,56.9
ALP500642,2016,Béni Mellal-Khénifra,BMK,Béni Mellal,Rural,Féminin,55,50-64,ANLCA,Niveau 2 (intermédiaire),176,1,52.1
ALP500643,2017,Fès-Meknès,FES,Boulemane,Rural,Masculin,15,,ANLCA,Niveau 1 (débutant),195,0,62.3
ALP500644,2017,Béni Mellal-Khénifra,BMK,Khouribga,Urbain,Féminin,54,50-64,ANLCA,Niveau 1 (débutant),41,1,43.7
ALP500645,2020,Rabat-Salé-Kénitra,RAB,Salé,Rural,Féminin,35,25-34,Association partenaire,Niveau 1 (débutant),169,1,61.3
ALP500646,2023,Casablanca-Settat,CAS,Khouribga,Urbain,Féminin,59,50-64,ANLCA,Niveau 1 (débutant),50,1,88.9
ALP500647,2018,Casablanca-Settat,CAS,Sidi Bennour,Rural,Féminin,59,50-64,ONG,Niveau 3 (avancé),179,1,54.1
ALP500648,2020,Marrakech-Safi,MAR,Youssoufia,Rural,Féminin,22,15-24,Entreprise,Niveau 2 (intermédiaire),136,1,40.1
ALP500649,2020,Fès-Meknès,FES,Fès,Rural,Féminin,49,35-49,Mosquée,Niveau 3 (avancé),112,1,59.8
ALP500650,2017,Drâa-Tafilalet,DRA,Zagora,Rural,Féminin,43,35-49,ANLCA,Niveau 2 (intermédiaire),131,1,94.7
ALP500651,2018,Marrakech-Safi,MAR,Essaouira,Urbain,Féminin,60,50-64,Mosquée,Niveau 2 (intermédiaire),185,0,81.9
ALP500652,2016,Fès-Meknès,FES,Séfrou,Rural,Féminin,63,50-64,Association partenaire,Niveau 1 (débutant),197,1,77.2
ALP500653,2019,Fès-Meknès,FES,Boulemane,Rural,Masculin,41,35-49,Association partenaire,Niveau 1 (débutant),181,1,78.7
ALP500654,2022,Drâa-Tafilalet,DRA,Errachidia,Urbain,Féminin,46,35-49,Association partenaire,Niveau 1 (débutant),179,1,84.5
ALP500655,2017,Rabat-Salé-Kénitra,RAB,Skhirate-Témara,Urbain,Féminin,54,50-64,Association partenaire,Niveau 3 (avancé),192,1,66.2
ALP500656,2018,Rabat-Salé-Kénitra,RAB,Salé,Urbain,Féminin,40,35-49,Mosquée,Niveau 3 (avancé),122,1,38.5
ALP500657,2016,Rabat-Salé-Kénitra,RAB,Salé,Rural,Féminin,41,35-49,Entreprise,Niveau 3 (avancé),51,0,50.2
ALP500658,2022,Tanger-Tétouan-Al Hoceïma,TAN,Larache,Urbain,Féminin,15,,Association partenaire,Niveau 2 (intermédiaire),132,1,68.1
ALP500659,2015,Fès-Meknès,FES,Taza,Urbain,Féminin,51,50-64,Association partenaire,Niveau 3 (avancé),115,1,55.8
ALP500660,2017,Rabat-Salé-Kénitra,RAB,Sidi Slimane,Rural,Féminin,24,15-24,Entreprise,Niveau 1 (débutant),192,1,80.1
ALP500661,2020,Drâa-Tafilalet,DRA,Midelt,Rural,Féminin,16,15-24,ANLCA,Niveau 2 (intermédiaire),66,1,78.5
ALP500662,2020,Béni Mellal-Khénifra,BMK,El Kelaa des Sraghna,Rural,Masculin,62,50-64,ANLCA,Niveau 2 (intermédiaire),121,1,42.7
ALP500663,2023,Drâa-Tafilalet,DRA,Tinghir,Urbain,Masculin,21,15-24,ANLCA,Niveau 1 (débutant),171,1,52.1
ALP500664,2021,Tanger-Tétouan-Al Hoceïma,TAN,Ouazzane,Rural,Féminin,55,50-64,Association partenaire,Niveau 3 (avancé),145,1,78.9
ALP500665,2018,Oriental,ORI,Jerada,Urbain,Masculin,20,15-24,ANLCA,Niveau 2 (intermédiaire),57,0,71.9
ALP500666,2019,Rabat-Salé-Kénitra,RAB,Sidi Kacem,Rural,Féminin,62,50-64,Association partenaire,Niveau 1 (débutant),85,0,75.6
ALP500667,2020,Drâa-Tafilalet,DRA,Errachidia,Rural,Féminin,19,15-24,ANLCA,Niveau 2 (intermédiaire),52,1,87.3
ALP500668,2023,Souss-Massa,SOU,Inezgane-Ait Melloul,Rural,Masculin,36,35-49,ANLCA,Niveau 3 (avancé),176,1,20.6
ALP500669,2019,Casablanca-Settat,CAS,Casablanca,Urbain,Féminin,31,25-34,ONG,Niveau 2 (intermédiaire),78,1,41.8
ALP500670,2015,Tanger-Tétouan-Al Hoceïma,TAN,Larache,Rural,Féminin,63,50-64,Mosquée,Niveau 1 (débutant),61,1,69.9
ALP500671,2015,Béni Mellal-Khénifra,BMK,Khouribga,Rural,Féminin,54,50-64,ONG,Niveau 1 (débutant),143,1,60.5
ALP500672,2021,Casablanca-Settat,CAS,Mohammadia,Rural,Féminin,54,50-64,Association partenaire,Niveau 1 (débutant),129,1,65.8
ALP500673,2017,Fès-Meknès,FES,Moulay Yacoub,Rural,Féminin,52,50-64,Association partenaire,Niveau 1 (débutant),111,1,63.0
ALP500674,2021,Casablanca-Settat,CAS,Sidi Bennour,Rural,Féminin,30,25-34,ANLCA,Niveau 3 (avancé),75,1,76.7
ALP500675,2018,Casablanca-Settat,CAS,El Jadida,Rural,Féminin,35,25-34,ONG,Niveau 1 (débutant),178,1,46.5
ALP500676,2018,Rabat-Salé-Kénitra,RAB,Kénitra,Rural,Féminin,38,35-49,ANLCA,Niveau 1 (débutant),50,1,88.5
ALP500677,2015,Casablanca-Settat,CAS,Benslimane,Rural,Masculin,33,25-34,ANLCA,Niveau 3 (avancé),116,1,55.1
ALP500678,2017,Oriental,ORI,Nador,Rural,Féminin,28,25-34,Mosquée,Niveau 3 (avancé),50,1,45.7
ALP500679,2019,Marrakech-Safi,MAR,El Kelaa des Sraghna,Rural,Féminin,34,25-34,ONG,Niveau 3 (avancé),63,1,79.2
ALP500680,2017,Souss-Massa,SOU,Taroudannt,Rural,Masculin,22,15-24,ANLCA,Niveau 3 (avancé),62,1,83.2
ALP500681,2021,Tanger-Tétouan-Al Hoceïma,TAN,Tanger-Assilah,Rural,Féminin,34,25-34,Entreprise,Niveau 2 (intermédiaire),102,0,62.5
ALP500682,2018,Fès-Meknès,FES,Séfrou,Rural,Féminin,55,50-64,ANLCA,Niveau 2 (intermédiaire),60,0,26.4
ALP500683,2019,Casablanca-Settat,CAS,Mohammadia,Urbain,Masculin,61,50-64,Association partenaire,Niveau 1 (débutant),113,1,62.5
ALP500684,2018,Fès-Meknès,FES,Meknès,Urbain,Féminin,55,50-64,ONG,Niveau 2 (intermédiaire),100,1,46.5
ALP500685,2016,Béni Mellal-Khénifra,BMK,Khouribga,Rural,Féminin,33,25-34,Association partenaire,Niveau 2 (intermédiaire),194,1,58.3
ALP500686,2020,Tanger-Tétouan-Al Hoceïma,TAN,Tanger-Assilah,Rural,Féminin,44,35-49,ONG,Niveau 3 (avancé),100,1,55.2
ALP500687,2022,Drâa-Tafilalet,DRA,Errachidia,Urbain,Féminin,40,35-49,Association partenaire,Niveau 2 (intermédiaire),60,1,89.8
ALP500688,2018,Tanger-Tétouan-Al Hoceïma,TAN,Mdiq-Fnideq,Urbain,Féminin,36,35-49,Association partenaire,Niveau 3 (avancé),107,1,85.7
ALP500689,2020,Tanger-Tétouan-Al Hoceïma,TAN,Larache,Rural,Masculin,47,35-49,ANLCA,Niveau 2 (intermédiaire),81,0,21.1
ALP500690,2023,Casablanca-Settat,CAS,Settat,Rural,Féminin,23,15-24,Association partenaire,Niveau 2 (intermédiaire),74,1,54.0
ALP500691,2016,Dakhla-Oued Eddahab,DAK,Dakhla,Rural,Masculin,24,15-24,Mosquée,Niveau 1 (débutant),187,1,55.8
ALP500692,2018,Casablanca-Settat,CAS,Settat,Rural,Masculin,58,50-64,Mosquée,Niveau 3 (avancé),94,1,67.2
ALP500693,2017,Fès-Meknès,FES,Meknès,Urbain,Féminin,20,15-24,Mosquée,Niveau 2 (intermédiaire),182,1,66.3
ALP500694,2021,Rabat-Salé-Kénitra,RAB,Khémisset,Rural,Féminin,38,35-49,ANLCA,Niveau 2 (intermédiaire),56,1,73.2
ALP500695,2018,Drâa-Tafilalet,DRA,Zagora,Rural,Féminin,34,25-34,Entreprise,Niveau 1 (débutant),97,1,89.2
ALP500696,2019,Rabat-Salé-Kénitra,RAB,Kénitra,Urbain,Féminin,35,25-34,Mosquée,Niveau 3 (avancé),192,0,54.7
ALP500697,2023,Souss-Massa,SOU,Tata,Rural,Masculin,40,35-49,Association partenaire,Niveau 1 (débutant),47,0,58.6
ALP500698,2020,Casablanca-Settat,CAS,Benslimane,Urbain,Féminin,19,15-24,Entreprise,Niveau 2 (intermédiaire),113,1,58.3
ALP500699,2018,Rabat-Salé-Kénitra,RAB,Khémisset,Urbain,Féminin,20,15-24,ANLCA,Niveau 3 (avancé),137,1,64.7
ALP500700,2023,Béni Mellal-Khénifra,BMK,Fquih Ben Salah,Rural,Féminin,35,25-34,ANLCA,Niveau 3 (avancé),188,1,61.6
ALP500701,2015,Fès-Meknès,FES,Meknès,Urbain,Masculin,31,25-34,Association partenaire,Niveau 3 (avancé),125,1,76.5
ALP500702,2018,Oriental,ORI,Berkane,Rural,Féminin,41,35-49,Association partenaire,Niveau 3 (avancé),131,1,78.7
ALP500703,2015,Casablanca-Settat,CAS,El Jadida,Urbain,Masculin,41,35-49,Mosquée,Niveau 2 (intermédiaire),81,1,86.6
ALP500704,2023,Marrakech-Safi,MAR,Chichaoua,Rural,Féminin,58,50-64,ONG,Niveau 3 (avancé),133,0,73.1
ALP500705,2018,Béni Mellal-Khénifra,BMK,Fquih Ben Salah,Urbain,Féminin,18,15-24,ANLCA,Niveau 1 (débutant),137,0,88.4
ALP500706,2015,Fès-Meknès,FES,Meknès,Rural,Féminin,23,15-24,ANLCA,Niveau 2 (intermédiaire),142,0,41.0
ALP500707,2017,Marrakech-Safi,MAR,Youssoufia,Rural,Féminin,53,50-64,Association partenaire,Niveau 3 (avancé),72,1,76.0
ALP500708,2021,Casablanca-Settat,CAS,Sidi Bennour,Urbain,Masculin,32,25-34,Entreprise,Niveau 2 (intermédiaire),160,0,70.9
ALP500709,2023,Souss-Massa,SOU,Agadir-Ida-Ou-Tanane,Urbain,Féminin,58,50-64,Association partenaire,Niveau 2 (intermédiaire),137,1,33.0
ALP500710,2016,Casablanca-Settat,CAS,Casablanca,Rural,Féminin,47,35-49,Entreprise,Niveau 2 (intermédiaire),138,0,69.2
ALP500711,2015,Fès-Meknès,FES,Boulemane,Rural,Masculin,50,35-49,Mosquée,Niveau 2 (intermédiaire),79,1,52.4
ALP500712,2016,Souss-Massa,SOU,Chtouka-Ait Baha,Rural,Féminin,55,50-64,ONG,Niveau 1 (débutant),191,1,91.2
ALP500713,2019,Marrakech-Safi,MAR,Safi,Rural,Masculin,56,50-64,ANLCA,Niveau 1 (débutant),40,1,43.5
ALP500714,2018,Rabat-Salé-Kénitra,RAB,Khémisset,Rural,Féminin,44,35-49,ANLCA,Niveau 1 (débutant),105,1,82.6
ALP500715,2019,Fès-Meknès,FES,Moulay Yacoub,Rural,Féminin,38,35-49,Association partenaire,Niveau 2 (intermédiaire),110,1,60.9
ALP500716,2017,Béni Mellal-Khénifra,BMK,Fquih Ben Salah,Rural,Féminin,33,25-34,ANLCA,Niveau 3 (avancé),48,1,71.1
ALP500717,2015,Casablanca-Settat,CAS,Settat,Rural,Féminin,34,25-34,ANLCA,Niveau 1 (débutant),171,1,29.2
ALP500718,2017,Fès-Meknès,FES,Ifrane,Rural,Féminin,26,25-34,ONG,Niveau 2 (intermédiaire),61,1,79.4
ALP500719,2020,Marrakech-Safi,MAR,El Kelaa des Sraghna,Urbain,Féminin,20,15-24,Association partenaire,Niveau 3 (avancé),144,1,57.5
ALP500720,2022,Casablanca-Settat,CAS,Benslimane,Urbain,Féminin,41,35-49,ANLCA,Niveau 1 (débutant),154,1,66.6
ALP500721,2015,Souss-Massa,SOU,Tata,Urbain,Féminin,15,,Mosquée,Niveau 3 (avancé),90,1,74.8
ALP500722,2022,Laâyoune-Sakia El Hamra,LAA,Tarfaya,Rural,Féminin,24,15-24,Association partenaire,Niveau 2 (intermédiaire),52,1,67.0
ALP500723,2021,Casablanca-Settat,CAS,Berrechid,Urbain,Féminin,30,25-34,Association partenaire,Niveau 1 (débutant),150,1,62.4
ALP500724,2017,Drâa-Tafilalet,DRA,Errachidia,Rural,Masculin,15,,Association partenaire,Niveau 2 (intermédiaire),142,1,68.3
ALP500725,2021,Marrakech-Safi,MAR,Youssoufia,Rural,Masculin,40,35-49,Association partenaire,Niveau 3 (avancé),81,1,56.9
ALP500726,2022,Tanger-Tétouan-Al Hoceïma,TAN,Chefchaouen,Rural,Masculin,23,15-24,ANLCA,Niveau 3 (avancé),158,0,92.4
ALP500727,2021,Tanger-Tétouan-Al Hoceïma,TAN,Fahs-Anjra,Urbain,Féminin,55,50-64,ANLCA,Niveau 2 (intermédiaire),116,0,93.1
ALP500728,2019,Souss-Massa,SOU,Taroudannt,Rural,Masculin,45,35-49,Entreprise,Niveau 2 (intermédiaire),168,1,64.0
ALP500729,2016,Drâa-Tafilalet,DRA,Ouarzazate,Urbain,Féminin,34,25-34,Mosquée,Niveau 1 (débutant),85,0,97.1
ALP500730,2021,Marrakech-Safi,MAR,El Kelaa des Sraghna,Rural,Féminin,42,35-49,ANLCA,Niveau 1 (débutant),92,0,64.4
ALP500731,2016,Casablanca-Settat,CAS,Mohammadia,Rural,Féminin,25,15-24,Mosquée,Niveau 1 (débutant),100,1,76.1
ALP500732,2021,Marrakech-Safi,MAR,Essaouira,Rural,Masculin,56,50-64,ONG,Niveau 3 (avancé),99,1,64.5
ALP500733,2020,Casablanca-Settat,CAS,El Jadida,Rural,Féminin,27,25-34,Association partenaire,Niveau 3 (avancé),56,1,89.8
ALP500734,2021,Tanger-Tétouan-Al Hoceïma,TAN,Fahs-Anjra,Rural,Féminin,32,25-34,ANLCA,Niveau 2 (intermédiaire),127,0,42.2
ALP500735,2017,Tanger-Tétouan-Al Hoceïma,TAN,Tétouan,Rural,Féminin,18,15-24,Mosquée,Niveau 3 (avancé),129,1,95.0
ALP500736,2017,Oriental,ORI,Berkane,Urbain,Féminin,35,25-34,Mosquée,Niveau 3 (avancé),64,1,14.9
ALP500737,2022,Casablanca-Settat,CAS,Khouribga,Urbain,Féminin,61,50-64,ANLCA,Niveau 1 (débutant),124,1,32.8
ALP500738,2019,Marrakech-Safi,MAR,El Kelaa des Sraghna,Urbain,Masculin,54,50-64,Association partenaire,Niveau 1 (débutant),153,1,67.3
ALP500739,2015,Béni Mellal-Khénifra,BMK,Béni Mellal,Rural,Féminin,47,35-49,Entreprise,Niveau 1 (débutant),56,0,50.8
ALP500740,2019,Tanger-Tétouan-Al Hoceïma,TAN,Tétouan,Urbain,Féminin,47,35-49,Association partenaire,Niveau 2 (intermédiaire),113,1,82.7
ALP500741,2022,Oriental,ORI,Berkane,Rural,Féminin,47,35-49,Mosquée,Niveau 1 (débutant),186,1,47.3
ALP500742,2015,Tanger-Tétouan-Al Hoceïma,TAN,Tanger-Assilah,Rural,Féminin,60,50-64,Entreprise,Niveau 2 (intermédiaire),196,1,77.8
ALP500743,2016,Casablanca-Settat,CAS,El Jadida,Urbain,Féminin,52,50-64,Association partenaire,Niveau 3 (avancé),67,0,38.3
ALP500744,2023,Drâa-Tafilalet,DRA,Errachidia,Rural,Féminin,24,15-24,ONG,Niveau 2 (intermédiaire),84,1,43.1
ALP500745,2021,Casablanca-Settat,CAS,Benslimane,Rural,Masculin,52,50-64,Association partenaire,Niveau 3 (avancé),65,1,54.2
ALP500746,2023,Rabat-Salé-Kénitra,RAB,Rabat,Rural,Féminin,27,25-34,Association partenaire,Niveau 1 (débutant),164,1,39.9
ALP500747,2018,Béni Mellal-Khénifra,BMK,Azilal,Urbain,Féminin,49,35-49,ONG,Niveau 1 (débutant),56,1,31.9
ALP500748,2017,Casablanca-Settat,CAS,Mohammadia,Rural,Féminin,19,15-24,ANLCA,Niveau 3 (avancé),102,1,56.5
ALP500749,2017,Fès-Meknès,FES,Boulemane,Rural,Féminin,17,15-24,Mosquée,Niveau 2 (intermédiaire),88,1,56.8
ALP500750,2016,Rabat-Salé-Kénitra,RAB,Sidi Slimane,Rural,Masculin,25,15-24,Association partenaire,Niveau 2 (intermédiaire),198,1,64.0
ALP500751,2016,Casablanca-Settat,CAS,Benslimane,Rural,Féminin,61,50-64,ANLCA,Niveau 1 (débutant),180,1,71.6
ALP500752,2018,Rabat-Salé-Kénitra,RAB,Sidi Slimane,Urbain,Féminin,29,25-34,Mosquée,Niveau 1 (débutant),58,0,94.9
ALP500753,2019,Oriental,ORI,Taourirt,Rural,Masculin,48,35-49,ANLCA,Niveau 2 (intermédiaire),87,1,79.5
ALP500754,2016,Marrakech-Safi,MAR,Marrakech,Rural,Féminin,30,25-34,Association partenaire,Niveau 3 (avancé),70,1,51.9
ALP500755,2016,Rabat-Salé-Kénitra,RAB,Khémisset,Urbain,Féminin,52,50-64,Association partenaire,Niveau 2 (intermédiaire),173,1,33.6
ALP500756,2015,Fès-Meknès,FES,Fès,Rural,Féminin,55,50-64,Association partenaire,Niveau 2 (intermédiaire),100,0,68.6
ALP500757,2016,Fès-Meknès,FES,El Hajeb,Rural,Masculin,39,35-49,Association partenaire,Niveau 1 (débutant),166,1,30.5
ALP500758,2020,Rabat-Salé-Kénitra,RAB,Khémisset,Urbain,Féminin,41,35-49,ANLCA,Niveau 2 (intermédiaire),81,1,65.7
ALP500759,2015,Fès-Meknès,FES,Ifrane,Rural,Féminin,39,35-49,ANLCA,Niveau 1 (débutant),166,1,59.2
ALP500760,2022,Souss-Massa,SOU,Inezgane-Ait Melloul,Urbain,Féminin,56,50-64,Entreprise,Niveau 2 (intermédiaire),75,1,69.4
ALP500761,2021,Tanger-Tétouan-Al Hoceïma,TAN,Tétouan,Rural,Féminin,33,25-34,Association partenaire,Niveau 2 (intermédiaire),148,0,77.0
ALP500762,2019,Fès-Meknès,FES,Séfrou,Rural,Féminin,31,25-34,Entreprise,Niveau 3 (avancé),196,1,69.0
ALP500763,2021,Casablanca-Settat,CAS,Berrechid,Urbain,Féminin,51,50-64,ANLCA,Niveau 3 (avancé),184,1,77.4
ALP500764,2022,Rabat-Salé-Kénitra,RAB,Salé,Rural,Féminin,45,35-49,ANLCA,Niveau 1 (débutant),93,1,28.6
ALP500765,2015,Souss-Massa,SOU,Tata,Rural,Féminin,62,50-64,Association partenaire,Niveau 2 (intermédiaire),157,1,44.0
ALP500766,2017,Souss-Massa,SOU,Taroudannt,Urbain,Féminin,18,15-24,ANLCA,Niveau 2 (intermédiaire),122,0,72.3
ALP500767,2022,Rabat-Salé-Kénitra,RAB,Khémisset,Rural,Féminin,55,50-64,ANLCA,Niveau 2 (intermédiaire),175,1,70.0
ALP500768,2020,Rabat-Salé-Kénitra,RAB,Skhirate-Témara,Rural,Féminin,30,25-34,Mosquée,Niveau 1 (débutant),102,1,28.9
ALP500769,2016,Souss-Massa,SOU,Tata,Rural,Féminin,41,35-49,Association partenaire,Niveau 1 (débutant),107,1,60.7
ALP500770,2021,Rabat-Salé-Kénitra,RAB,Salé,Rural,Féminin,60,50-64,Association partenaire,Niveau 2 (intermédiaire),158,1,34.1
ALP500771,2022,Rabat-Salé-Kénitra,RAB,Sidi Slimane,Rural,Féminin,53,50-64,ANLCA,Niveau 2 (intermédiaire),98,0,43.1
ALP500772,2019,Souss-Massa,SOU,Chtouka-Ait Baha,Rural,Masculin,36,35-49,Mosquée,Niveau 1 (débutant),53,1,89.3
ALP500773,2019,Tanger-Tétouan-Al Hoceïma,TAN,Fahs-Anjra,Urbain,Masculin,30,25-34,ANLCA,Niveau 1 (débutant),194,1,69.8
ALP500774,2018,Rabat-Salé-Kénitra,RAB,Sidi Kacem,Rural,Masculin,16,15-24,ONG,Niveau 1 (débutant),126,1,60.1
ALP500775,2020,Rabat-Salé-Kénitra,RAB,Kénitra,Rural,Féminin,55,50-64,ANLCA,Niveau 1 (débutant),155,0,72.3
ALP500776,2023,Casablanca-Settat,CAS,El Jadida,Urbain,Féminin,64,50-64,Mosquée,Niveau 2 (intermédiaire),138,0,91.7
ALP500777,2023,Casablanca-Settat,CAS,Khouribga,Urbain,Masculin,51,50-64,Mosquée,Niveau 2 (intermédiaire),95,1,71.8
ALP500778,2021,Casablanca-Settat,CAS,Benslimane,Urbain,Féminin,50,35-49,Entreprise,Niveau 2 (intermédiaire),99,1,75.9
ALP500779,2018,Fès-Meknès,FES,Meknès,Rural,Féminin,37,35-49,Mosquée,Niveau 1 (débutant),68,0,57.0
ALP500780,2018,Drâa-Tafilalet,DRA,Errachidia,Urbain,Féminin,36,35-49,ONG,Niveau 2 (intermédiaire),191,1,48.7
ALP500781,2021,Rabat-Salé-Kénitra,RAB,Khémisset,Rural,Féminin,44,35-49,Association partenaire,Niveau 2 (intermédiaire),46,1,74.9
ALP500782,2019,Casablanca-Settat,CAS,Benslimane,Rural,Féminin,49,35-49,ANLCA,Niveau 3 (avancé),193,1,60.9
ALP500783,2016,Marrakech-Safi,MAR,Marrakech,Rural,Féminin,20,15-24,ANLCA,Niveau 1 (débutant),186,1,59.9
ALP500784,2015,Rabat-Salé-Kénitra,RAB,Sidi Slimane,Rural,Masculin,31,25-34,Mosquée,Niveau 3 (avancé),45,1,51.9
ALP500785,2017,Drâa-Tafilalet,DRA,Zagora,Urbain,Masculin,34,25-34,ONG,Niveau 3 (avancé),62,1,39.4
ALP500786,2022,Tanger-Tétouan-Al Hoceïma,TAN,Larache,Urbain,Masculin,62,50-64,Association partenaire,Niveau 1 (débutant),188,0,66.4
ALP500787,2017,Béni Mellal-Khénifra,BMK,Fquih Ben Salah,Rural,Féminin,17,15-24,Association partenaire,Niveau 1 (débutant),155,1,92.8
ALP500788,2023,Casablanca-Settat,CAS,El Jadida,Rural,Féminin,54,50-64,Mosquée,Niveau 3 (avancé),128,1,75.2
ALP500789,2017,Rabat-Salé-Kénitra,RAB,Skhirate-Témara,Rural,Masculin,27,25-34,ANLCA,Niveau 1 (débutant),97,1,72.6
ALP500790,2023,Marrakech-Safi,MAR,Youssoufia,Rural,Féminin,24,15-24,Association partenaire,Niveau 2 (intermédiaire),155,0,56.1
ALP500791,2020,Marrakech-Safi,MAR,Essaouira,Rural,Féminin,56,50-64,ANLCA,Niveau 3 (avancé),124,1,50.6
ALP500792,2022,Casablanca-Settat,CAS,Mohammadia,Rural,Masculin,53,50-64,ANLCA,Niveau 1 (débutant),97,1,60.8
ALP500793,2022,Casablanca-Settat,CAS,Berrechid,Rural,Féminin,38,35-49,Association partenaire,Niveau 1 (débutant),109,1,71.8
ALP500794,2019,Marrakech-Safi,MAR,Youssoufia,Urbain,Féminin,19,15-24,ANLCA,Niveau 1 (débutant),88,0,61.5
ALP500795,2020,Tanger-Tétouan-Al Hoceïma,TAN,Chefchaouen,Rural,Féminin,54,50-64,ANLCA,Niveau 1 (débutant),111,0,44.5
ALP500796,2018,Tanger-Tétouan-Al Hoceïma,TAN,Chefchaouen,Urbain,Masculin,62,50-64,ANLCA,Niveau 3 (avancé),88,1,79.4
ALP500797,2023,Tanger-Tétouan-Al Hoceïma,TAN,Fahs-Anjra,Rural,Féminin,54,50-64,ANLCA,Niveau 3 (avancé),177,1,44.2
ALP500798,2015,Fès-Meknès,FES,Moulay Yacoub,Urbain,Féminin,63,50-64,Association partenaire,Niveau 2 (intermédiaire),120,0,59.2
ALP500799,2019,Souss-Massa,SOU,Chtouka-Ait Baha,Rural,Féminin,62,50-64,ANLCA,Niveau 2 (intermédiaire),147,1,53.9
ALP500800,2021,Fès-Meknès,FES,Taounate,Rural,Masculin,23,15-24,Mosquée,Niveau 3 (avancé),137,0,49.2
ALP500801,2020,Souss-Massa,SOU,Inezgane-Ait Melloul,Rural,Féminin,63,50-64,ANLCA,Niveau 2 (intermédiaire),80,1,67.9
ALP500802,2022,Casablanca-Settat,CAS,Benslimane,Rural,Féminin,53,50-64,ANLCA,Niveau 2 (intermédiaire),119,1,81.7
ALP500803,2021,Oriental,ORI,Nador,Urbain,Féminin,33,25-34,Mosquée,Niveau 3 (avancé),82,1,65.0
ALP500804,2020,Fès-Meknès,FES,El Hajeb,Rural,Féminin,21,15-24,ANLCA,Niveau 1 (débutant),163,1,86.0
ALP500805,2016,Casablanca-Settat,CAS,Casablanca,Rural,Féminin,27,25-34,ANLCA,Niveau 2 (intermédiaire),164,1,51.5
ALP500806,2022,Marrakech-Safi,MAR,Al Haouz,Urbain,Féminin,43,35-49,Entreprise,Niveau 2 (intermédiaire),158,0,72.9
ALP500807,2023,Fès-Meknès,FES,Meknès,Rural,Masculin,43,35-49,Association partenaire,Niveau 1 (débutant),126,1,74.0
ALP500808,2018,Béni Mellal-Khénifra,BMK,Fquih Ben Salah,Rural,Masculin,59,50-64,ANLCA,Niveau 1 (débutant),86,0,91.4
ALP500809,2015,Oriental,ORI,Jerada,Rural,Masculin,50,35-49,ONG,Niveau 1 (débutant),121,0,73.8
ALP500810,2021,Rabat-Salé-Kénitra,RAB,Rabat,Rural,Féminin,23,15-24,ANLCA,Niveau 1 (débutant),194,1,62.6
ALP500811,2018,Casablanca-Settat,CAS,El Jadida,Urbain,Masculin,18,15-24,Mosquée,Niveau 3 (avancé),53,1,76.2
ALP500812,2023,Tanger-Tétouan-Al Hoceïma,TAN,Fahs-Anjra,Rural,Masculin,59,50-64,Entreprise,Niveau 1 (débutant),146,1,67.8
ALP500813,2022,Béni Mellal-Khénifra,BMK,Khouribga,Urbain,Féminin,52,50-64,Association partenaire,Niveau 2 (intermédiaire),129,1,79.3
ALP500814,2019,Casablanca-Settat,CAS,Settat,Rural,Féminin,50,35-49,ONG,Niveau 2 (intermédiaire),179,0,84.4
ALP500815,2015,Marrakech-Safi,MAR,El Kelaa des Sraghna,Urbain,Féminin,21,15-24,ANLCA,Niveau 3 (avancé),93,0,49.7
ALP500816,2018,Tanger-Tétouan-Al Hoceïma,TAN,Chefchaouen,Urbain,Féminin,58,50-64,Mosquée,Niveau 3 (avancé),64,1,71.1
ALP500817,2015,Casablanca-Settat,CAS,Settat,Rural,Féminin,58,50-64,ANLCA,Niveau 2 (intermédiaire),90,0,87.5
ALP500818,2019,Casablanca-Settat,CAS,Khouribga,Rural,Féminin,61,50-64,Entreprise,Niveau 1 (débutant),78,1,81.0
ALP500819,2020,Tanger-Tétouan-Al Hoceïma,TAN,Tanger-Assilah,Rural,Féminin,23,15-24,Association partenaire,Niveau 1 (débutant),89,0,68.8
ALP500820,2017,Casablanca-Settat,CAS,Settat,Urbain,Féminin,29,25-34,ANLCA,Niveau 1 (débutant),65,1,73.4
ALP500821,2020,Casablanca-Settat,CAS,Khouribga,Rural,Féminin,24,15-24,Association partenaire,Niveau 1 (débutant),124,1,40.8
ALP500822,2021,Fès-Meknès,FES,Ifrane,Urbain,Féminin,20,15-24,ANLCA,Niveau 1 (débutant),192,0,57.4
ALP500823,2023,Tanger-Tétouan-Al Hoceïma,TAN,Tanger-Assilah,Rural,Masculin,16,15-24,ANLCA,Niveau 3 (avancé),143,0,63.0
ALP500824,2022,Tanger-Tétouan-Al Hoceïma,TAN,Chefchaouen,Urbain,Féminin,19,15-24,ANLCA,Niveau 1 (débutant),43,1,67.6
ALP500825,2015,Marrakech-Safi,MAR,Marrakech,Rural,Féminin,59,50-64,Association partenaire,Niveau 3 (avancé),80,1,79.1
ALP500826,2016,Tanger-Tétouan-Al Hoceïma,TAN,Ouazzane,Urbain,Féminin,31,25-34,Association partenaire,Niveau 1 (débutant),197,1,49.5
ALP500827,2015,Drâa-Tafilalet,DRA,Zagora,Rural,Féminin,28,25-34,Mosquée,Niveau 1 (débutant),77,0,77.6
ALP500828,2021,Rabat-Salé-Kénitra,RAB,Rabat,Rural,Féminin,27,25-34,Association partenaire,Niveau 1 (débutant),77,1,74.2
ALP500829,2018,Drâa-Tafilalet,DRA,Midelt,Urbain,Féminin,42,35-49,Entreprise,Niveau 3 (avancé),61,1,72.1
ALP500830,2023,Casablanca-Settat,CAS,Mohammadia,Urbain,Masculin,20,15-24,Mosquée,Niveau 3 (avancé),41,1,55.8
ALP500831,2018,Marrakech-Safi,MAR,Al Haouz,Urbain,Féminin,34,25-34,Mosquée,Niveau 1 (débutant),181,1,42.1
ALP500832,2019,Marrakech-Safi,MAR,Essaouira,Rural,Masculin,53,50-64,ANLCA,Niveau 2 (intermédiaire),95,0,48.8
ALP500833,2015,Marrakech-Safi,MAR,Essaouira,Urbain,Masculin,15,,Association partenaire,Niveau 1 (débutant),90,0,57.9
ALP500834,2015,Tanger-Tétouan-Al Hoceïma,TAN,Ouazzane,Rural,Féminin,48,35-49,Association partenaire,Niveau 1 (débutant),108,1,62.2
ALP500835,2020,Marrakech-Safi,MAR,Youssoufia,Urbain,Féminin,22,15-24,Mosquée,Niveau 1 (débutant),62,0,64.3
ALP500836,2021,Souss-Massa,SOU,Inezgane-Ait Melloul,Urbain,Féminin,50,35-49,Association partenaire,Niveau 1 (débutant),170,1,77.7
ALP500837,2015,Souss-Massa,SOU,Chtouka-Ait Baha,Rural,Féminin,40,35-49,ANLCA,Niveau 1 (débutant),142,1,62.0
ALP500838,2020,Casablanca-Settat,CAS,Berrechid,Urbain,Masculin,50,35-49,Mosquée,Niveau 3 (avancé),53,1,82.3
ALP500839,2015,Casablanca-Settat,CAS,Berrechid,Rural,Féminin,30,25-34,Entreprise,Niveau 3 (avancé),96,0,51.5
ALP500840,2019,Marrakech-Safi,MAR,Safi,Urbain,Masculin,26,25-34,Association partenaire,Niveau 2 (intermédiaire),76,1,100.0
ALP500841,2022,Rabat-Salé-Kénitra,RAB,Kénitra,Rural,Masculin,32,25-34,ONG,Niveau 2 (intermédiaire),155,1,97.7
ALP500842,2019,Tanger-Tétouan-Al Hoceïma,TAN,Al Hoceïma,Urbain,Féminin,22,15-24,Association partenaire,Niveau 1 (débutant),93,1,52.0
ALP500843,2023,Fès-Meknès,FES,Séfrou,Rural,Féminin,20,15-24,Association partenaire,Niveau 3 (avancé),103,1,43.1
ALP500844,2019,Tanger-Tétouan-Al Hoceïma,TAN,Ouazzane,Rural,Féminin,30,25-34,Association partenaire,Niveau 1 (débutant),166,1,55.3
ALP500845,2019,Drâa-Tafilalet,DRA,Midelt,Urbain,Féminin,54,50-64,Association partenaire,Niveau 3 (avancé),142,1,36.0
ALP500846,2023,Casablanca-Settat,CAS,Sidi Bennour,Rural,Féminin,52,50-64,Entreprise,Niveau 2 (intermédiaire),133,1,48.9
ALP500847,2023,Rabat-Salé-Kénitra,RAB,Skhirate-Témara,Urbain,Féminin,45,35-49,ANLCA,Niveau 1 (débutant),100,1,56.2
ALP500848,2017,Rabat-Salé-Kénitra,RAB,Kénitra,Rural,Féminin,50,35-49,Entreprise,Niveau 3 (avancé),106,1,55.9
ALP500849,2021,Casablanca-Settat,CAS,Berrechid,Urbain,Masculin,34,25-34,Mosquée,Niveau 1 (débutant),54,0,94.6
ALP500850,2023,Tanger-Tétouan-Al Hoceïma,TAN,Larache,Urbain,Féminin,47,35-49,ANLCA,Niveau 3 (avancé),165,1,47.8
ALP500851,2023,Fès-Meknès,FES,Taza,Rural,Féminin,33,25-34,Entreprise,Niveau 1 (débutant),67,1,57.8
ALP500852,2018,Rabat-Salé-Kénitra,RAB,Kénitra,Rural,Féminin,42,35-49,ANLCA,Niveau 1 (débutant),184,0,87.6
ALP500853,2018,Béni Mellal-Khénifra,BMK,El Kelaa des Sraghna,Urbain,Féminin,32,25-34,Association partenaire,Niveau 1 (débutant),100,0,71.9
ALP500854,2023,Casablanca-Settat,CAS,Settat,Rural,Féminin,41,35-49,Mosquée,Niveau 1 (débutant),193,1,59.7
ALP500855,2022,Laâyoune-Sakia El Hamra,LAA,Laâyoune,Urbain,Féminin,56,50-64,ONG,Niveau 3 (avancé),87,1,60.3
ALP500856,2021,Rabat-Salé-Kénitra,RAB,Kénitra,Urbain,Féminin,37,35-49,ANLCA,Niveau 3 (avancé),140,1,71.7
ALP500857,2016,Béni Mellal-Khénifra,BMK,Azilal,Rural,Féminin,62,50-64,ANLCA,Niveau 2 (intermédiaire),121,0,77.3
ALP500858,2019,Casablanca-Settat,CAS,Berrechid,Rural,Masculin,21,15-24,ANLCA,Niveau 2 (intermédiaire),79,1,33.3
ALP500859,2023,Rabat-Salé-Kénitra,RAB,Khémisset,Rural,Féminin,64,50-64,ANLCA,Niveau 1 (débutant),115,1,63.2
ALP500860,2016,Béni Mellal-Khénifra,BMK,Béni Mellal,Rural,Masculin,34,25-34,Association partenaire,Niveau 3 (avancé),132,1,79.4
ALP500861,2023,Casablanca-Settat,CAS,Casablanca,Urbain,Masculin,59,50-64,ANLCA,Niveau 1 (débutant),172,0,83.5
ALP500862,2015,Oriental,ORI,Guercif,Rural,Féminin,56,50-64,ONG,Niveau 1 (débutant),171,1,75.3
ALP500863,2021,Béni Mellal-Khénifra,BMK,Béni Mellal,Rural,Féminin,45,35-49,ANLCA,Niveau 3 (avancé),66,1,54.8
ALP500864,2016,Fès-Meknès,FES,Taza,Rural,Féminin,37,35-49,ANLCA,Niveau 1 (débutant),74,0,47.0
ALP500865,2019,Casablanca-Settat,CAS,El Jadida,Rural,Féminin,62,50-64,ANLCA,Niveau 2 (intermédiaire),174,1,57.0
ALP500866,2016,Souss-Massa,SOU,Taroudannt,Rural,Masculin,31,25-34,ONG,Niveau 3 (avancé),56,1,86.2
ALP500867,2019,Marrakech-Safi,MAR,El Kelaa des Sraghna,Urbain,Masculin,23,15-24,ONG,Niveau 2 (intermédiaire),179,1,79.4
ALP500868,2023,Casablanca-Settat,CAS,Benslimane,Rural,Masculin,64,50-64,ANLCA,Niveau 1 (débutant),134,1,71.0
ALP500869,2019,Tanger-Tétouan-Al Hoceïma,TAN,Al Hoceïma,Rural,Féminin,56,50-64,Association partenaire,Niveau 1 (débutant),132,1,61.4
ALP500870,2022,Tanger-Tétouan-Al Hoceïma,TAN,Ouazzane,Rural,Masculin,33,25-34,Entreprise,Niveau 3 (avancé),123,1,54.1
ALP500871,2022,Rabat-Salé-Kénitra,RAB,Kénitra,Rural,Féminin,54,50-64,ANLCA,Niveau 3 (avancé),162,0,80.5
ALP500872,2017,Tanger-Tétouan-Al Hoceïma,TAN,Chefchaouen,Rural,Masculin,16,15-24,Association partenaire,Niveau 1 (débutant),190,1,62.2
ALP500873,2022,Rabat-Salé-Kénitra,RAB,Khémisset,Rural,Féminin,47,35-49,ANLCA,Niveau 2 (intermédiaire),187,0,66.4
ALP500874,2017,Tanger-Tétouan-Al Hoceïma,TAN,Fahs-Anjra,Rural,Féminin,30,25-34,ANLCA,Niveau 2 (intermédiaire),49,1,54.2
ALP500875,2018,Tanger-Tétouan-Al Hoceïma,TAN,Ouazzane,Rural,Féminin,32,25-34,ANLCA,Niveau 2 (intermédiaire),170,1,43.8
ALP500876,2020,Rabat-Salé-Kénitra,RAB,Skhirate-Témara,Rural,Féminin,50,35-49,ANLCA,Niveau 1 (débutant),69,1,47.7
ALP500877,2022,Marrakech-Safi,MAR,Al Haouz,Rural,Féminin,56,50-64,ONG,Niveau 2 (intermédiaire),116,1,62.7
ALP500878,2022,Béni Mellal-Khénifra,BMK,Khouribga,Rural,Féminin,64,50-64,Mosquée,Niveau 2 (intermédiaire),143,1,39.2
ALP500879,2021,Tanger-Tétouan-Al Hoceïma,TAN,Chefchaouen,Urbain,Féminin,15,,ANLCA,Niveau 3 (avancé),84,0,52.5
ALP500880,2015,Béni Mellal-Khénifra,BMK,Fquih Ben Salah,Rural,Féminin,20,15-24,ANLCA,Niveau 1 (débutant),152,1,57.9
ALP500881,2015,Casablanca-Settat,CAS,Benslimane,Rural,Féminin,17,15-24,Mosquée,Niveau 2 (intermédiaire),102,0,64.9
ALP500882,2021,Rabat-Salé-Kénitra,RAB,Rabat,Urbain,Féminin,64,50-64,ANLCA,Niveau 2 (intermédiaire),48,1,83.6
ALP500883,2017,Fès-Meknès,FES,Meknès,Rural,Féminin,21,15-24,ANLCA,Niveau 2 (intermédiaire),164,0,72.9
ALP500884,2020,Rabat-Salé-Kénitra,RAB,Salé,Urbain,Féminin,26,25-34,Association partenaire,Niveau 2 (intermédiaire),191,1,66.5
ALP500885,2016,Marrakech-Safi,MAR,Marrakech,Rural,Féminin,25,15-24,ANLCA,Niveau 1 (débutant),94,1,39.2
ALP500886,2022,Dakhla-Oued Eddahab,DAK,Dakhla,Rural,Féminin,63,50-64,ONG,Niveau 1 (débutant),123,1,58.7
ALP500887,2022,Béni Mellal-Khénifra,BMK,Fquih Ben Salah,Rural,Féminin,17,15-24,ANLCA,Niveau 3 (avancé),144,0,74.6
ALP500888,2021,Fès-Meknès,FES,Fès,Urbain,Féminin,33,25-34,Entreprise,Niveau 1 (débutant),94,1,73.2
ALP500889,2018,Fès-Meknès,FES,Moulay Yacoub,Urbain,Féminin,54,50-64,ANLCA,Niveau 1 (débutant),166,0,79.7
ALP500890,2016,Casablanca-Settat,CAS,El Jadida,Rural,Masculin,30,25-34,Association partenaire,Niveau 3 (avancé),114,0,94.6
ALP500891,2018,Casablanca-Settat,CAS,Khouribga,Rural,Féminin,38,35-49,Mosquée,Niveau 1 (débutant),72,0,82.3
ALP500892,2017,Béni Mellal-Khénifra,BMK,Fquih Ben Salah,Urbain,Féminin,36,35-49,Association partenaire,Niveau 3 (avancé),83,1,43.7
ALP500893,2020,Tanger-Tétouan-Al Hoceïma,TAN,Chefchaouen,Rural,Féminin,53,50-64,Entreprise,Niveau 1 (débutant),152,1,68.6
ALP500894,2022,Tanger-Tétouan-Al Hoceïma,TAN,Fahs-Anjra,Urbain,Féminin,50,35-49,Association partenaire,Niveau 2 (intermédiaire),161,1,65.2
ALP500895,2020,Fès-Meknès,FES,Taza,Rural,Féminin,44,35-49,Mosquée,Niveau 1 (débutant),156,0,59.9
ALP500896,2017,Drâa-Tafilalet,DRA,Errachidia,Rural,Masculin,20,15-24,ANLCA,Niveau 1 (débutant),73,1,95.7
ALP500897,2015,Souss-Massa,SOU,Agadir-Ida-Ou-Tanane,Rural,Féminin,20,15-24,Association partenaire,Niveau 1 (débutant),75,1,57.6
ALP500898,2023,Tanger-Tétouan-Al Hoceïma,TAN,Mdiq-Fnideq,Rural,Féminin,47,35-49,Association partenaire,Niveau 1 (débutant),194,1,59.5
ALP500899,2017,Fès-Meknès,FES,Fès,Urbain,Féminin,22,15-24,ANLCA,Niveau 1 (débutant),159,0,67.8
ALP500900,2023,Casablanca-Settat,CAS,Settat,Rural,Féminin,46,35-49,Association partenaire,Niveau 2 (intermédiaire),118,1,73.5
ALP500901,2015,Marrakech-Safi,MAR,Safi,Urbain,Féminin,60,50-64,Mosquée,Niveau 3 (avancé),42,1,69.4
ALP500902,2016,Casablanca-Settat,CAS,Berrechid,Rural,Féminin,52,50-64,Mosquée,Niveau 2 (intermédiaire),184,1,48.0
ALP500903,2015,Marrakech-Safi,MAR,Chichaoua,Urbain,Féminin,23,15-24,Association partenaire,Niveau 2 (intermédiaire),70,1,50.2
ALP500904,2023,Béni Mellal-Khénifra,BMK,Béni Mellal,Urbain,Féminin,23,15-24,Association partenaire,Niveau 3 (avancé),152,1,89.6
ALP500905,2021,Casablanca-Settat,CAS,Sidi Bennour,Rural,Masculin,42,35-49,Entreprise,Niveau 2 (intermédiaire),80,1,71.0
ALP500906,2018,Tanger-Tétouan-Al Hoceïma,TAN,Al Hoceïma,Rural,Masculin,20,15-24,Association partenaire,Niveau 1 (débutant),71,0,100.0
ALP500907,2015,Souss-Massa,SOU,Taroudannt,Urbain,Féminin,17,15-24,Association partenaire,Niveau 2 (intermédiaire),137,1,61.5
ALP500908,2023,Tanger-Tétouan-Al Hoceïma,TAN,Al Hoceïma,Rural,Féminin,21,15-24,ONG,Niveau 2 (intermédiaire),66,1,64.3
ALP500909,2023,Tanger-Tétouan-Al Hoceïma,TAN,Chefchaouen,Rural,Féminin,39,35-49,Association partenaire,Niveau 2 (intermédiaire),123,1,58.2
ALP500910,2023,Casablanca-Settat,CAS,Mohammadia,Urbain,Masculin,26,25-34,Association partenaire,Niveau 2 (intermédiaire),180,1,63.4
ALP500911,2019,Marrakech-Safi,MAR,Essaouira,Rural,Féminin,53,50-64,ANLCA,Niveau 1 (débutant),79,1,49.9
ALP500912,2022,Casablanca-Settat,CAS,Sidi Bennour,Rural,Féminin,63,50-64,Association partenaire,Niveau 1 (débutant),67,1,43.9
ALP500913,2022,Souss-Massa,SOU,Chtouka-Ait Baha,Urbain,Féminin,15,,Association partenaire,Niveau 2 (intermédiaire),149,1,51.3
ALP500914,2015,Casablanca-Settat,CAS,Settat,Rural,Féminin,15,,Association partenaire,Niveau 3 (avancé),127,1,66.1
ALP500915,2021,Drâa-Tafilalet,DRA,Errachidia,Rural,Féminin,41,35-49,Entreprise,Niveau 1 (débutant),191,0,70.4
ALP500916,2015,Marrakech-Safi,MAR,Essaouira,Urbain,Féminin,57,50-64,ANLCA,Niveau 2 (intermédiaire),55,0,67.4
ALP500917,2019,Casablanca-Settat,CAS,Benslimane,Rural,Féminin,39,35-49,ANLCA,Niveau 1 (débutant),129,1,83.1
ALP500918,2017,Rabat-Salé-Kénitra,RAB,Khémisset,Rural,Masculin,39,35-49,ANLCA,Niveau 2 (intermédiaire),62,1,69.3
ALP500919,2023,Oriental,ORI,Oujda-Angad,Urbain,Féminin,64,50-64,Association partenaire,Niveau 3 (avancé),87,1,49.4
ALP500920,2023,Tanger-Tétouan-Al Hoceïma,TAN,Fahs-Anjra,Rural,Féminin,26,25-34,Association partenaire,Niveau 2 (intermédiaire),41,1,81.1
ALP500921,2021,Marrakech-Safi,MAR,Safi,Urbain,Masculin,18,15-24,ONG,Niveau 2 (intermédiaire),93,1,54.6
ALP500922,2022,Souss-Massa,SOU,Chtouka-Ait Baha,Rural,Féminin,60,50-64,Mosquée,Niveau 1 (débutant),186,0,62.3
ALP500923,2020,Tanger-Tétouan-Al Hoceïma,TAN,Tanger-Assilah,Rural,Féminin,44,35-49,ANLCA,Niveau 1 (débutant),116,0,72.9
ALP500924,2022,Rabat-Salé-Kénitra,RAB,Sidi Slimane,Rural,Masculin,55,50-64,Association partenaire,Niveau 3 (avancé),191,1,82.4
ALP500925,2021,Fès-Meknès,FES,Boulemane,Rural,Masculin,44,35-49,ANLCA,Niveau 3 (avancé),74,0,76.9
ALP500926,2023,Oriental,ORI,Jerada,Urbain,Féminin,47,35-49,ANLCA,Niveau 1 (débutant),104,1,59.4
ALP500927,2018,Tanger-Tétouan-Al Hoceïma,TAN,Fahs-Anjra,Rural,Féminin,29,25-34,ANLCA,Niveau 1 (débutant),58,1,50.4
ALP500928,2019,Oriental,ORI,Jerada,Rural,Masculin,27,25-34,Entreprise,Niveau 2 (intermédiaire),199,1,74.5
ALP500929,2015,Souss-Massa,SOU,Chtouka-Ait Baha,Urbain,Masculin,28,25-34,ONG,Niveau 2 (intermédiaire),117,1,46.5
ALP500930,2016,Fès-Meknès,FES,Ifrane,Rural,Féminin,62,50-64,Association partenaire,Niveau 2 (intermédiaire),158,0,38.3
ALP500931,2017,Casablanca-Settat,CAS,Sidi Bennour,Rural,Féminin,52,50-64,ANLCA,Niveau 2 (intermédiaire),153,1,43.2
ALP500932,2022,Drâa-Tafilalet,DRA,Tinghir,Rural,Féminin,27,25-34,ANLCA,Niveau 1 (débutant),40,1,97.4
ALP500933,2022,Marrakech-Safi,MAR,Al Haouz,Urbain,Féminin,28,25-34,ONG,Niveau 2 (intermédiaire),145,0,85.8
ALP500934,2019,Béni Mellal-Khénifra,BMK,Fquih Ben Salah,Rural,Féminin,21,15-24,ONG,Niveau 2 (intermédiaire),112,1,53.9
ALP500935,2023,Casablanca-Settat,CAS,El Jadida,Rural,Féminin,32,25-34,ONG,Niveau 1 (débutant),169,0,66.9
ALP500936,2019,Rabat-Salé-Kénitra,RAB,Sidi Slimane,Rural,Féminin,61,50-64,ONG,Niveau 2 (intermédiaire),170,0,61.3
ALP500937,2018,Souss-Massa,SOU,Inezgane-Ait Melloul,Rural,Féminin,16,15-24,ANLCA,Niveau 3 (avancé),104,1,93.7
ALP500938,2016,Casablanca-Settat,CAS,Benslimane,Urbain,Féminin,54,50-64,ONG,Niveau 2 (intermédiaire),155,0,64.4
ALP500939,2019,Tanger-Tétouan-Al Hoceïma,TAN,Tétouan,Urbain,Féminin,56,50-64,Entreprise,Niveau 2 (intermédiaire),110,1,100.0
ALP500940,2015,Casablanca-Settat,CAS,Sidi Bennour,Rural,Masculin,63,50-64,ANLCA,Niveau 1 (débutant),169,0,38.7
ALP500941,2018,Casablanca-Settat,CAS,Berrechid,Urbain,Féminin,49,35-49,ONG,Niveau 2 (intermédiaire),178,1,52.2
ALP500942,2018,Guelmim-Oued Noun,GUE,Sidi Ifni,Rural,Masculin,38,35-49,ANLCA,Niveau 3 (avancé),174,1,92.5
ALP500943,2020,Béni Mellal-Khénifra,BMK,Fquih Ben Salah,Rural,Féminin,17,15-24,Association partenaire,Niveau 1 (débutant),40,1,48.2
ALP500944,2015,Casablanca-Settat,CAS,Khouribga,Rural,Féminin,53,50-64,ONG,Niveau 2 (intermédiaire),45,0,41.7
ALP500945,2016,Tanger-Tétouan-Al Hoceïma,TAN,Larache,Rural,Féminin,57,50-64,Association partenaire,Niveau 2 (intermédiaire),55,1,34.8
ALP500946,2023,Marrakech-Safi,MAR,Al Haouz,Rural,Féminin,57,50-64,Association partenaire,Niveau 2 (intermédiaire),186,1,48.9
ALP500947,2020,Oriental,ORI,Figuig,Rural,Masculin,21,15-24,ANLCA,Niveau 2 (intermédiaire),169,1,46.7
ALP500948,2015,Drâa-Tafilalet,DRA,Tinghir,Rural,Féminin,53,50-64,ONG,Niveau 1 (débutant),71,0,86.5
ALP500949,2017,Souss-Massa,SOU,Chtouka-Ait Baha,Rural,Féminin,58,50-64,Association partenaire,Niveau 3 (avancé),126,0,65.8
ALP500950,2020,Drâa-Tafilalet,DRA,Midelt,Urbain,Féminin,51,50-64,ANLCA,Niveau 1 (débutant),65,1,46.8
ALP500951,2019,Fès-Meknès,FES,Taounate,Urbain,Féminin,52,50-64,ANLCA,Niveau 1 (débutant),95,1,71.0
ALP500952,2021,Rabat-Salé-Kénitra,RAB,Rabat,Rural,Masculin,25,15-24,Association partenaire,Niveau 1 (débutant),69,1,67.9
ALP500953,2020,Casablanca-Settat,CAS,El Jadida,Urbain,Féminin,33,25-34,ANLCA,Niveau 3 (avancé),116,0,93.1
ALP500954,2021,Casablanca-Settat,CAS,Sidi Bennour,Urbain,Féminin,60,50-64,Association partenaire,Niveau 3 (avancé),146,0,70.3
ALP500955,2018,Fès-Meknès,FES,Boulemane,Urbain,Féminin,42,35-49,ONG,Niveau 2 (intermédiaire),41,1,80.5
ALP500956,2019,Rabat-Salé-Kénitra,RAB,Sidi Slimane,Urbain,Féminin,41,35-49,ANLCA,Niveau 1 (débutant),182,1,100.0
ALP500957,2018,Marrakech-Safi,MAR,Marrakech,Urbain,Féminin,55,50-64,Mosquée,Niveau 3 (avancé),120,1,40.3
ALP500958,2023,Marrakech-Safi,MAR,Chichaoua,Urbain,Masculin,35,25-34,Association partenaire,Niveau 2 (intermédiaire),104,1,68.9
ALP500959,2018,Oriental,ORI,Jerada,Urbain,Masculin,19,15-24,ONG,Niveau 3 (avancé),155,1,97.3
ALP500960,2018,Marrakech-Safi,MAR,Essaouira,Rural,Féminin,37,35-49,ONG,Niveau 2 (intermédiaire),80,1,37.0
ALP500961,2022,Fès-Meknès,FES,Ifrane,Urbain,Féminin,29,25-34,Association partenaire,Niveau 2 (intermédiaire),124,1,100.0
ALP500962,2021,Casablanca-Settat,CAS,Sidi Bennour,Urbain,Féminin,60,50-64,Association partenaire,Niveau 3 (avancé),41,1,57.9
ALP500963,2017,Souss-Massa,SOU,Tata,Urbain,Féminin,56,50-64,Mosquée,Niveau 1 (débutant),70,1,60.7
ALP500964,2018,Oriental,ORI,Berkane,Rural,Féminin,57,50-64,Association partenaire,Niveau 1 (débutant),174,0,62.4
ALP500965,2023,Fès-Meknès,FES,Taounate,Rural,Masculin,63,50-64,ANLCA,Niveau 2 (intermédiaire),148,1,69.3
ALP500966,2020,Casablanca-Settat,CAS,Settat,Urbain,Féminin,41,35-49,Mosquée,Niveau 1 (débutant),77,1,100.0
ALP500967,2020,Casablanca-Settat,CAS,El Jadida,Rural,Féminin,59,50-64,ONG,Niveau 1 (débutant),183,1,77.7
ALP500968,2016,Drâa-Tafilalet,DRA,Ouarzazate,Urbain,Féminin,53,50-64,Association partenaire,Niveau 1 (débutant),40,1,44.3
ALP500969,2015,Oriental,ORI,Jerada,Rural,Féminin,29,25-34,ONG,Niveau 3 (avancé),65,0,71.8
ALP500970,2023,Oriental,ORI,Oujda-Angad,Urbain,Féminin,42,35-49,Entreprise,Niveau 1 (débutant),84,1,49.9
ALP500971,2020,Casablanca-Settat,CAS,El Jadida,Urbain,Masculin,54,50-64,Association partenaire,Niveau 2 (intermédiaire),75,1,83.2
ALP500972,2021,Drâa-Tafilalet,DRA,Ouarzazate,Rural,Féminin,57,50-64,Mosquée,Niveau 1 (débutant),175,1,82.7
ALP500973,2015,Rabat-Salé-Kénitra,RAB,Sidi Kacem,Rural,Féminin,16,15-24,Entreprise,Niveau 2 (intermédiaire),77,1,46.5
ALP500974,2020,Laâyoune-Sakia El Hamra,LAA,Boujdour,Urbain,Féminin,28,25-34,ANLCA,Niveau 2 (intermédiaire),166,0,76.9
ALP500975,2017,Oriental,ORI,Guercif,Rural,Féminin,57,50-64,Association partenaire,Niveau 3 (avancé),56,1,74.0
ALP500976,2015,Rabat-Salé-Kénitra,RAB,Khémisset,Urbain,Féminin,39,35-49,ANLCA,Niveau 1 (débutant),180,1,57.8
ALP500977,2022,Tanger-Tétouan-Al Hoceïma,TAN,Al Hoceïma,Rural,Féminin,37,35-49,ONG,Niveau 1 (débutant),164,1,64.7
ALP500978,2015,Rabat-Salé-Kénitra,RAB,Skhirate-Témara,Urbain,Féminin,35,25-34,ONG,Niveau 2 (intermédiaire),190,1,77.6
ALP500979,2022,Béni Mellal-Khénifra,BMK,Azilal,Rural,Féminin,19,15-24,Association partenaire,Niveau 3 (avancé),181,1,77.9
ALP500980,2015,Oriental,ORI,Berkane,Rural,Féminin,37,35-49,ANLCA,Niveau 2 (intermédiaire),196,1,78.1
ALP500981,2017,Casablanca-Settat,CAS,Sidi Bennour,Rural,Féminin,55,50-64,ANLCA,Niveau 1 (débutant),44,1,64.8
ALP500982,2016,Oriental,ORI,Guercif,Urbain,Masculin,18,15-24,ONG,Niveau 3 (avancé),176,0,54.8
ALP500983,2016,Casablanca-Settat,CAS,Berrechid,Rural,Féminin,19,15-24,Mosquée,Niveau 1 (débutant),146,1,76.6
ALP500984,2018,Béni Mellal-Khénifra,BMK,Béni Mellal,Rural,Masculin,38,35-49,ANLCA,Niveau 2 (intermédiaire),83,1,78.3
ALP500985,2015,Béni Mellal-Khénifra,BMK,Fquih Ben Salah,Rural,Féminin,46,35-49,ANLCA,Niveau 2 (intermédiaire),178,1,68.0
ALP500986,2018,Rabat-Salé-Kénitra,RAB,Rabat,Rural,Féminin,48,35-49,Entreprise,Niveau 1 (débutant),60,1,64.0
ALP500987,2017,Marrakech-Safi,MAR,El Kelaa des Sraghna,Rural,Féminin,38,35-49,Association partenaire,Niveau 1 (débutant),159,0,74.7
ALP500988,2020,Fès-Meknès,FES,Taza,Rural,Masculin,31,25-34,ONG,Niveau 2 (intermédiaire),115,1,85.5
ALP500989,2023,Rabat-Salé-Kénitra,RAB,Kénitra,Urbain,Féminin,39,35-49,ANLCA,Niveau 1 (débutant),124,1,77.6
ALP500990,2022,Marrakech-Safi,MAR,Essaouira,Urbain,Féminin,55,50-64,Mosquée,Niveau 1 (débutant),103,1,56.0
ALP500991,2020,Rabat-Salé-Kénitra,RAB,Kénitra,Urbain,Féminin,47,35-49,Entreprise,Niveau 1 (débutant),73,0,56.9
ALP500992,2016,Oriental,ORI,Berkane,Rural,Masculin,32,25-34,Association partenaire,Niveau 1 (débutant),51,1,40.3
ALP500993,2021,Marrakech-Safi,MAR,Marrakech,Urbain,Féminin,60,50-64,Association partenaire,Niveau 3 (avancé),79,1,48.6
ALP500994,2020,Fès-Meknès,FES,Ifrane,Rural,Féminin,17,15-24,Mosquée,Niveau 3 (avancé),44,1,78.8
ALP500995,2016,Casablanca-Settat,CAS,Benslimane,Rural,Masculin,64,50-64,Association partenaire,Niveau 3 (avancé),167,1,60.9
ALP500996,2020,Casablanca-Settat,CAS,Settat,Rural,Féminin,40,35-49,Association partenaire,Niveau 3 (avancé),178,1,56.2
ALP500997,2017,Marrakech-Safi,MAR,Al Haouz,Urbain,Féminin,46,35-49,ANLCA,Niveau 2 (intermédiaire),86,0,84.4
ALP500998,2018,Oriental,ORI,Berkane,Rural,Féminin,37,35-49,Mosquée,Niveau 2 (intermédiaire),136,1,63.4
ALP500999,2017,Fès-Meknès,FES,Meknès,Urbain,Féminin,50,35-49,ANLCA,Niveau 1 (débutant),44,1,70.7
ALP501000,2023,Casablanca-Settat,CAS,Casablanca,Urbain,Féminin,49,35-49,Association partenaire,Niveau 1 (débutant),120,0,65.5
ALP501001,2017,Rabat-Salé-Kénitra,RAB,Kénitra,Urbain,Féminin,16,15-24,Association partenaire,Niveau 1 (débutant),135,0,86.9
ALP501002,2019,Casablanca-Settat,CAS,Casablanca,Urbain,Féminin,15,,ANLCA,Niveau 1 (débutant),190,0,64.5
ALP501003,2019,Rabat-Salé-Kénitra,RAB,Salé,Rural,Féminin,53,50-64,Entreprise,Niveau 3 (avancé),184,1,67.2
ALP501004,2017,Marrakech-Safi,MAR,Essaouira,Rural,Féminin,30,25-34,Association partenaire,Niveau 2 (intermédiaire),119,1,51.5
ALP501005,2018,Drâa-Tafilalet,DRA,Ouarzazate,Urbain,Féminin,36,35-49,ANLCA,Niveau 2 (intermédiaire),42,1,83.3
ALP501006,2019,Fès-Meknès,FES,Taounate,Rural,Masculin,43,35-49,Association partenaire,Niveau 1 (débutant),66,1,66.0
ALP501007,2022,Tanger-Tétouan-Al Hoceïma,TAN,Al Hoceïma,Rural,Féminin,63,50-64,Mosquée,Niveau 2 (intermédiaire),126,1,59.5
ALP501008,2019,Fès-Meknès,FES,Fès,Rural,Féminin,25,15-24,Entreprise,Niveau 1 (débutant),105,0,57.8
ALP501009,2023,Casablanca-Settat,CAS,Sidi Bennour,Rural,Masculin,40,35-49,Association partenaire,Niveau 2 (intermédiaire),196,1,89.6
ALP501010,2023,Casablanca-Settat,CAS,Berrechid,Rural,Féminin,27,25-34,ANLCA,Niveau 2 (intermédiaire),178,1,92.8
ALP501011,2021,Rabat-Salé-Kénitra,RAB,Sidi Slimane,Urbain,Féminin,52,50-64,Mosquée,Niveau 3 (avancé),115,1,70.8
ALP501012,2021,Oriental,ORI,Figuig,Urbain,Féminin,26,25-34,Association partenaire,Niveau 3 (avancé),87,0,82.5
ALP501013,2018,Oriental,ORI,Figuig,Urbain,Féminin,64,50-64,Association partenaire,Niveau 1 (débutant),110,1,78.3
ALP501014,2023,Fès-Meknès,FES,Ifrane,Rural,Féminin,41,35-49,Mosquée,Niveau 3 (avancé),198,1,87.0
ALP501015,2023,Souss-Massa,SOU,Tiznit,Urbain,Masculin,59,50-64,Association partenaire,Niveau 3 (avancé),131,1,66.6
ALP501016,2015,Fès-Meknès,FES,Ifrane,Urbain,Féminin,33,25-34,Association partenaire,Niveau 2 (intermédiaire),185,1,57.7
ALP501017,2022,Souss-Massa,SOU,Taroudannt,Rural,Féminin,38,35-49,ONG,Niveau 3 (avancé),151,1,100.0
ALP501018,2020,Fès-Meknès,FES,Taza,Urbain,Masculin,38,35-49,ANLCA,Niveau 2 (intermédiaire),173,1,64.9
ALP501019,2018,Casablanca-Settat,CAS,Sidi Bennour,Rural,Féminin,26,25-34,Mosquée,Niveau 1 (débutant),112,1,45.4
ALP501020,2023,Tanger-Tétouan-Al Hoceïma,TAN,Ouazzane,Rural,Féminin,20,15-24,ANLCA,Niveau 2 (intermédiaire),61,0,55.7
ALP501021,2021,Rabat-Salé-Kénitra,RAB,Khémisset,Urbain,Féminin,51,50-64,Mosquée,Niveau 1 (débutant),179,1,62.2
ALP501022,2019,Béni Mellal-Khénifra,BMK,Fquih Ben Salah,Rural,Féminin,47,35-49,Association partenaire,Niveau 2 (intermédiaire),101,1,71.8
ALP501023,2022,Casablanca-Settat,CAS,El Jadida,Urbain,Féminin,41,35-49,Mosquée,Niveau 1 (débutant),94,1,61.0
ALP501024,2023,Marrakech-Safi,MAR,Safi,Urbain,Féminin,16,15-24,Association partenaire,Niveau 1 (débutant),154,0,87.8
ALP501025,2022,Tanger-Tétouan-Al Hoceïma,TAN,Fahs-Anjra,Urbain,Féminin,41,35-49,Mosquée,Niveau 3 (avancé),187,0,74.5
ALP501026,2015,Rabat-Salé-Kénitra,RAB,Kénitra,Rural,Féminin,34,25-34,Association partenaire,Niveau 1 (débutant),118,1,58.2
ALP501027,2017,Oriental,ORI,Jerada,Rural,Masculin,31,25-34,ONG,Niveau 2 (intermédiaire),187,1,82.1
ALP501028,2022,Drâa-Tafilalet,DRA,Ouarzazate,Rural,Masculin,51,50-64,Association partenaire,Niveau 1 (débutant),188,1,68.6
ALP501029,2015,Rabat-Salé-Kénitra,RAB,Khémisset,Urbain,Féminin,16,15-24,Association partenaire,Niveau 2 (intermédiaire),131,1,62.6
ALP501030,2020,Rabat-Salé-Kénitra,RAB,Salé,Urbain,Féminin,49,35-49,Association partenaire,Niveau 1 (débutant),84,0,71.7
ALP501031,2017,Oriental,ORI,Driouch,Rural,Féminin,63,50-64,Entreprise,Niveau 3 (avancé),80,1,50.5
ALP501032,2015,Fès-Meknès,FES,Boulemane,Urbain,Féminin,46,35-49,Association partenaire,Niveau 1 (débutant),197,0,56.2
ALP501033,2015,Oriental,ORI,Nador,Rural,Féminin,46,35-49,ANLCA,Niveau 1 (débutant),60,1,64.9
ALP501034,2015,Fès-Meknès,FES,Moulay Yacoub,Rural,Masculin,38,35-49,Association partenaire,Niveau 3 (avancé),88,1,73.0
ALP501035,2017,Casablanca-Settat,CAS,Settat,Rural,Féminin,46,35-49,ONG,Niveau 1 (débutant),89,1,39.1
ALP501036,2022,Tanger-Tétouan-Al Hoceïma,TAN,Mdiq-Fnideq,Rural,Féminin,45,35-49,Entreprise,Niveau 1 (débutant),126,0,44.9
ALP501037,2021,Casablanca-Settat,CAS,El Jadida,Rural,Féminin,33,25-34,Mosquée,Niveau 2 (intermédiaire),118,0,49.2
ALP501038,2019,Rabat-Salé-Kénitra,RAB,Rabat,Rural,Féminin,40,35-49,ANLCA,Niveau 1 (débutant),172,1,57.8
ALP501039,2015,Fès-Meknès,FES,El Hajeb,Urbain,Féminin,62,50-64,Entreprise,Niveau 1 (débutant),51,1,53.1
ALP501040,2020,Oriental,ORI,Berkane,Urbain,Féminin,19,15-24,Association partenaire,Niveau 1 (débutant),128,0,81.7
ALP501041,2018,Casablanca-Settat,CAS,Casablanca,Rural,Féminin,28,25-34,ANLCA,Niveau 2 (intermédiaire),147,1,82.6
ALP501042,2017,Souss-Massa,SOU,Agadir-Ida-Ou-Tanane,Rural,Féminin,57,50-64,Association partenaire,Niveau 1 (débutant),137,1,99.3
ALP501043,2018,Souss-Massa,SOU,Inezgane-Ait Melloul,Urbain,Masculin,21,15-24,Mosquée,Niveau 1 (débutant),100,1,73.7
ALP501044,2015,Béni Mellal-Khénifra,BMK,Azilal,Urbain,Masculin,61,50-64,ANLCA,Niveau 1 (débutant),197,1,51.7
ALP501045,2022,Marrakech-Safi,MAR,Marrakech,Urbain,Féminin,27,25-34,Association partenaire,Niveau 3 (avancé),82,1,63.8
ALP501046,2020,Drâa-Tafilalet,DRA,Midelt,Rural,Masculin,36,35-49,Association partenaire,Niveau 2 (intermédiaire),150,0,83.8
ALP501047,2019,Casablanca-Settat,CAS,Sidi Bennour,Urbain,Masculin,60,50-64,Association partenaire,Niveau 1 (débutant),77,1,86.9
ALP501048,2016,Oriental,ORI,Nador,Rural,Féminin,61,50-64,ONG,Niveau 2 (intermédiaire),145,1,77.6
ALP501049,2015,Tanger-Tétouan-Al Hoceïma,TAN,Tétouan,Rural,Féminin,39,35-49,ANLCA,Niveau 2 (intermédiaire),198,1,62.6
ALP501050,2018,Tanger-Tétouan-Al Hoceïma,TAN,Larache,Urbain,Féminin,19,15-24,ANLCA,Niveau 3 (avancé),144,1,90.0
ALP501051,2019,Casablanca-Settat,CAS,Settat,Rural,Féminin,42,35-49,Mosquée,Niveau 2 (intermédiaire),67,0,80.9
ALP501052,2017,Béni Mellal-Khénifra,BMK,Fquih Ben Salah,Urbain,Féminin,49,35-49,ANLCA,Niveau 3 (avancé),47,0,37.8
ALP501053,2020,Oriental,ORI,Guercif,Rural,Féminin,53,50-64,Association partenaire,Niveau 2 (intermédiaire),162,1,54.8
ALP501054,2021,Marrakech-Safi,MAR,Al Haouz,Rural,Féminin,25,15-24,Association partenaire,Niveau 1 (débutant),125,1,61.6
ALP501055,2022,Casablanca-Settat,CAS,Benslimane,Urbain,Féminin,39,35-49,Association partenaire,Niveau 1 (débutant),93,1,86.9
ALP501056,2017,Marrakech-Safi,MAR,Youssoufia,Urbain,Masculin,25,15-24,Entreprise,Niveau 2 (intermédiaire),165,0,44.4
ALP501057,2016,Casablanca-Settat,CAS,Khouribga,Rural,Masculin,58,50-64,ONG,Niveau 1 (débutant),60,1,75.7
ALP501058,2021,Casablanca-Settat,CAS,Settat,Urbain,Féminin,26,25-34,ANLCA,Niveau 3 (avancé),168,1,75.5
ALP501059,2023,Drâa-Tafilalet,DRA,Midelt,Rural,Féminin,47,35-49,Association partenaire,Niveau 1 (débutant),183,0,44.6
ALP501060,2015,Drâa-Tafilalet,DRA,Errachidia,Rural,Masculin,42,35-49,ANLCA,Niveau 3 (avancé),88,1,79.8
ALP501061,2019,Fès-Meknès,FES,El Hajeb,Urbain,Masculin,31,25-34,ANLCA,Niveau 3 (avancé),145,0,50.7
ALP501062,2022,Tanger-Tétouan-Al Hoceïma,TAN,Chefchaouen,Rural,Masculin,52,50-64,Mosquée,Niveau 2 (intermédiaire),115,0,64.2
ALP501063,2018,Casablanca-Settat,CAS,Sidi Bennour,Urbain,Masculin,22,15-24,Association partenaire,Niveau 2 (intermédiaire),49,0,49.9
ALP501064,2015,Fès-Meknès,FES,Boulemane,Rural,Masculin,52,50-64,Association partenaire,Niveau 1 (débutant),70,1,86.5
ALP501065,2018,Marrakech-Safi,MAR,Marrakech,Rural,Féminin,22,15-24,ONG,Niveau 1 (débutant),113,1,89.7
ALP501066,2017,Casablanca-Settat,CAS,Casablanca,Rural,Masculin,16,15-24,Mosquée,Niveau 2 (intermédiaire),66,0,80.2
ALP501067,2021,Fès-Meknès,FES,El Hajeb,Rural,Féminin,29,25-34,ANLCA,Niveau 3 (avancé),131,1,84.0
ALP501068,2017,Marrakech-Safi,MAR,Safi,Urbain,Féminin,26,25-34,ANLCA,Niveau 1 (débutant),190,1,55.7
ALP501069,2016,Rabat-Salé-Kénitra,RAB,Rabat,Rural,Féminin,48,35-49,ANLCA,Niveau 3 (avancé),48,1,70.5
ALP501070,2021,Marrakech-Safi,MAR,Al Haouz,Urbain,Féminin,26,25-34,ANLCA,Niveau 1 (débutant),169,0,76.8
ALP501071,2016,Fès-Meknès,FES,Taounate,Urbain,Féminin,23,15-24,Entreprise,Niveau 2 (intermédiaire),199,0,77.0
ALP501072,2017,Casablanca-Settat,CAS,Settat,Urbain,Féminin,47,35-49,Association partenaire,Niveau 2 (intermédiaire),50,0,30.7
ALP501073,2019,Fès-Meknès,FES,Meknès,Rural,Féminin,17,15-24,ANLCA,Niveau 1 (débutant),52,1,39.4
ALP501074,2015,Fès-Meknès,FES,Taounate,Urbain,Féminin,46,35-49,ONG,Niveau 2 (intermédiaire),113,1,59.9
ALP501075,2020,Rabat-Salé-Kénitra,RAB,Skhirate-Témara,Urbain,Féminin,28,25-34,ANLCA,Niveau 2 (intermédiaire),49,0,87.0
ALP501076,2022,Rabat-Salé-Kénitra,RAB,Salé,Urbain,Féminin,24,15-24,ANLCA,Niveau 2 (intermédiaire),141,1,69.1
ALP501077,2023,Drâa-Tafilalet,DRA,Errachidia,Urbain,Masculin,48,35-49,Association partenaire,Niveau 3 (avancé),101,0,62.0
ALP501078,2019,Fès-Meknès,FES,El Hajeb,Urbain,Féminin,52,50-64,ANLCA,Niveau 2 (intermédiaire),170,0,76.1
ALP501079,2018,Oriental,ORI,Oujda-Angad,Rural,Masculin,60,50-64,ANLCA,Niveau 1 (débutant),73,0,37.7
ALP501080,2023,Marrakech-Safi,MAR,Chichaoua,Rural,Féminin,52,50-64,Association partenaire,Niveau 2 (intermédiaire),165,1,61.1
ALP501081,2016,Béni Mellal-Khénifra,BMK,El Kelaa des Sraghna,Urbain,Féminin,21,15-24,ANLCA,Niveau 2 (intermédiaire),113,1,74.8
ALP501082,2018,Casablanca-Settat,CAS,Settat,Rural,Féminin,28,25-34,ANLCA,Niveau 1 (débutant),87,0,65.5
ALP501083,2016,Tanger-Tétouan-Al Hoceïma,TAN,Fahs-Anjra,Rural,Masculin,15,,Association partenaire,Niveau 3 (avancé),74,1,72.1
ALP501084,2017,Marrakech-Safi,MAR,Chichaoua,Urbain,Féminin,58,50-64,Association partenaire,Niveau 3 (avancé),149,0,63.8
ALP501085,2017,Souss-Massa,SOU,Taroudannt,Urbain,Féminin,32,25-34,Association partenaire,Niveau 1 (débutant),173,0,68.6
ALP501086,2020,Fès-Meknès,FES,Boulemane,Urbain,Féminin,28,25-34,Association partenaire,Niveau 3 (avancé),126,0,51.2
ALP501087,2023,Béni Mellal-Khénifra,BMK,Béni Mellal,Rural,Féminin,42,35-49,Mosquée,Niveau 1 (débutant),186,1,70.4
ALP501088,2016,Marrakech-Safi,MAR,Safi,Rural,Masculin,17,15-24,ANLCA,Niveau 1 (débutant),186,1,81.3
ALP501089,2017,Casablanca-Settat,CAS,Sidi Bennour,Rural,Féminin,34,25-34,Mosquée,Niveau 2 (intermédiaire),75,1,59.7
ALP501090,2016,Casablanca-Settat,CAS,Settat,Urbain,Féminin,62,50-64,Association partenaire,Niveau 1 (débutant),112,0,95.6
ALP501091,2022,Béni Mellal-Khénifra,BMK,Fquih Ben Salah,Rural,Féminin,35,25-34,Association partenaire,Niveau 2 (intermédiaire),149,1,53.1
ALP501092,2018,Fès-Meknès,FES,Meknès,Rural,Féminin,20,15-24,ANLCA,Niveau 3 (avancé),185,1,59.9
ALP501093,2018,Tanger-Tétouan-Al Hoceïma,TAN,Larache,Rural,Féminin,23,15-24,Entreprise,Niveau 3 (avancé),150,0,40.6
ALP501094,2015,Béni Mellal-Khénifra,BMK,El Kelaa des Sraghna,Rural,Féminin,54,50-64,Association partenaire,Niveau 1 (débutant),191,1,58.1
ALP501095,2022,Rabat-Salé-Kénitra,RAB,Kénitra,Urbain,Féminin,59,50-64,ANLCA,Niveau 2 (intermédiaire),125,0,85.2
ALP501096,2017,Oriental,ORI,Oujda-Angad,Rural,Masculin,48,35-49,ONG,Niveau 1 (débutant),166,1,58.5
ALP501097,2022,Souss-Massa,SOU,Inezgane-Ait Melloul,Urbain,Féminin,55,50-64,ONG,Niveau 2 (intermédiaire),94,0,68.0
ALP501098,2017,Casablanca-Settat,CAS,Sidi Bennour,Rural,Masculin,25,15-24,Association partenaire,Niveau 2 (intermédiaire),63,1,59.9
ALP501099,2015,Marrakech-Safi,MAR,Essaouira,Urbain,Masculin,58,50-64,Association partenaire,Niveau 2 (intermédiaire),126,1,69.4
ALP501100,2017,Drâa-Tafilalet,DRA,Zagora,Urbain,Féminin,64,50-64,Association partenaire,Niveau 2 (intermédiaire),100,1,68.0
ALP501101,2018,Rabat-Salé-Kénitra,RAB,Sidi Kacem,Rural,Masculin,15,,ONG,Niveau 1 (débutant),98,1,56.1
ALP501102,2018,Marrakech-Safi,MAR,Essaouira,Rural,Féminin,38,35-49,ANLCA,Niveau 1 (débutant),93,0,37.1
ALP501103,2017,Rabat-Salé-Kénitra,RAB,Khémisset,Rural,Féminin,64,50-64,Mosquée,Niveau 2 (intermédiaire),112,0,47.6
ALP501104,2020,Tanger-Tétouan-Al Hoceïma,TAN,Tanger-Assilah,Rural,Masculin,58,50-64,Association partenaire,Niveau 1 (débutant),56,0,76.2
ALP501105,2019,Casablanca-Settat,CAS,El Jadida,Rural,Féminin,40,35-49,Entreprise,Niveau 1 (débutant),45,1,47.1
ALP501106,2021,Laâyoune-Sakia El Hamra,LAA,Tarfaya,Urbain,Féminin,49,35-49,Association partenaire,Niveau 2 (intermédiaire),124,0,77.7
ALP501107,2022,Fès-Meknès,FES,Taounate,Urbain,Masculin,58,50-64,ANLCA,Niveau 1 (débutant),113,0,76.4
ALP501108,2020,Souss-Massa,SOU,Tata,Rural,Féminin,17,15-24,Association partenaire,Niveau 2 (intermédiaire),155,1,33.6
ALP501109,2021,Dakhla-Oued Eddahab,DAK,Dakhla,Urbain,Féminin,51,50-64,Mosquée,Niveau 1 (débutant),43,1,76.8
ALP501110,2023,Casablanca-Settat,CAS,Casablanca,Urbain,Féminin,30,25-34,Association partenaire,Niveau 3 (avancé),94,1,44.8
ALP501111,2019,Tanger-Tétouan-Al Hoceïma,TAN,Tanger-Assilah,Rural,Féminin,45,35-49,Mosquée,Niveau 1 (débutant),147,1,68.6
ALP501112,2019,Rabat-Salé-Kénitra,RAB,Skhirate-Témara,Urbain,Féminin,52,50-64,Mosquée,Niveau 2 (intermédiaire),191,1,68.6
ALP501113,2016,Drâa-Tafilalet,DRA,Ouarzazate,Rural,Féminin,21,15-24,Association partenaire,Niveau 1 (débutant),133,0,53.7
ALP501114,2023,Rabat-Salé-Kénitra,RAB,Salé,Rural,Féminin,35,25-34,ANLCA,Niveau 1 (débutant),91,1,71.0
ALP501115,2023,Drâa-Tafilalet,DRA,Errachidia,Rural,Féminin,52,50-64,Entreprise,Niveau 2 (intermédiaire),190,1,77.3
ALP501116,2016,Casablanca-Settat,CAS,Sidi Bennour,Rural,Masculin,39,35-49,Association partenaire,Niveau 2 (intermédiaire),57,1,76.7
ALP501117,2018,Rabat-Salé-Kénitra,RAB,Rabat,Rural,Féminin,40,35-49,Mosquée,Niveau 1 (débutant),134,1,35.5
ALP501118,2017,Rabat-Salé-Kénitra,RAB,Khémisset,Rural,Féminin,47,35-49,ONG,Niveau 2 (intermédiaire),145,0,63.0
ALP501119,2023,Rabat-Salé-Kénitra,RAB,Salé,Rural,Masculin,49,35-49,ANLCA,Niveau 3 (avancé),188,1,78.1
ALP501120,2020,Casablanca-Settat,CAS,Mohammadia,Rural,Féminin,28,25-34,Association partenaire,Niveau 2 (intermédiaire),171,1,68.4
ALP501121,2023,Souss-Massa,SOU,Tiznit,Urbain,Féminin,46,35-49,Association partenaire,Niveau 3 (avancé),144,1,48.9
ALP501122,2017,Casablanca-Settat,CAS,Berrechid,Rural,Féminin,56,50-64,ANLCA,Niveau 2 (intermédiaire),95,1,38.7
ALP501123,2023,Casablanca-Settat,CAS,Khouribga,Rural,Féminin,16,15-24,Association partenaire,Niveau 1 (débutant),185,1,59.1
ALP501124,2021,Casablanca-Settat,CAS,El Jadida,Rural,Masculin,47,35-49,Association partenaire,Niveau 1 (débutant),103,1,38.5
ALP501125,2022,Casablanca-Settat,CAS,Settat,Urbain,Masculin,45,35-49,ANLCA,Niveau 2 (intermédiaire),148,1,54.8
ALP501126,2019,Souss-Massa,SOU,Tiznit,Urbain,Féminin,25,15-24,Mosquée,Niveau 2 (intermédiaire),172,0,58.6
ALP501127,2022,Casablanca-Settat,CAS,Khouribga,Rural,Féminin,64,50-64,ANLCA,Niveau 2 (intermédiaire),103,1,72.0
ALP501128,2018,Béni Mellal-Khénifra,BMK,El Kelaa des Sraghna,Rural,Masculin,48,35-49,ANLCA,Niveau 1 (débutant),49,1,65.5
ALP501129,2016,Guelmim-Oued Noun,GUE,Sidi Ifni,Rural,Féminin,32,25-34,Association partenaire,Niveau 1 (débutant),98,1,78.5
ALP501130,2017,Tanger-Tétouan-Al Hoceïma,TAN,Tanger-Assilah,Urbain,Féminin,37,35-49,ANLCA,Niveau 3 (avancé),128,1,67.5
ALP501131,2017,Oriental,ORI,Nador,Rural,Féminin,49,35-49,Association partenaire,Niveau 3 (avancé),94,0,58.8
ALP501132,2022,Rabat-Salé-Kénitra,RAB,Salé,Rural,Féminin,51,50-64,ANLCA,Niveau 3 (avancé),45,1,51.8
ALP501133,2020,Souss-Massa,SOU,Inezgane-Ait Melloul,Urbain,Féminin,33,25-34,ANLCA,Niveau 2 (intermédiaire),147,0,64.4
ALP501134,2017,Marrakech-Safi,MAR,Marrakech,Rural,Féminin,58,50-64,ANLCA,Niveau 3 (avancé),180,1,66.3
ALP501135,2021,Guelmim-Oued Noun,GUE,Tan-Tan,Urbain,Féminin,55,50-64,ANLCA,Niveau 3 (avancé),100,0,43.8
ALP501136,2022,Casablanca-Settat,CAS,Sidi Bennour,Rural,Féminin,33,25-34,Association partenaire,Niveau 2 (intermédiaire),148,1,74.1
ALP501137,2016,Casablanca-Settat,CAS,Khouribga,Urbain,Féminin,20,15-24,Mosquée,Niveau 2 (intermédiaire),111,0,52.4
ALP501138,2017,Tanger-Tétouan-Al Hoceïma,TAN,Tétouan,Rural,Féminin,18,15-24,Association partenaire,Niveau 2 (intermédiaire),84,1,51.2
ALP501139,2018,Rabat-Salé-Kénitra,RAB,Skhirate-Témara,Rural,Masculin,34,25-34,Association partenaire,Niveau 3 (avancé),157,1,35.3
ALP501140,2016,Casablanca-Settat,CAS,Khouribga,Rural,Féminin,57,50-64,Association partenaire,Niveau 3 (avancé),48,1,83.6
ALP501141,2022,Casablanca-Settat,CAS,Sidi Bennour,Rural,Féminin,39,35-49,ANLCA,Niveau 1 (débutant),56,1,66.6
ALP501142,2021,Souss-Massa,SOU,Tiznit,Rural,Féminin,21,15-24,Mosquée,Niveau 2 (intermédiaire),83,0,70.8
ALP501143,2020,Souss-Massa,SOU,Agadir-Ida-Ou-Tanane,Rural,Féminin,45,35-49,Mosquée,Niveau 3 (avancé),119,1,46.0
ALP501144,2015,Fès-Meknès,FES,Boulemane,Rural,Féminin,46,35-49,Mosquée,Niveau 2 (intermédiaire),172,1,95.6
ALP501145,2023,Marrakech-Safi,MAR,Safi,Urbain,Masculin,44,35-49,Mosquée,Niveau 2 (intermédiaire),95,0,59.0
ALP501146,2018,Casablanca-Settat,CAS,Settat,Rural,Féminin,41,35-49,Association partenaire,Niveau 2 (intermédiaire),148,0,80.9
ALP501147,2020,Souss-Massa,SOU,Agadir-Ida-Ou-Tanane,Rural,Féminin,42,35-49,ANLCA,Niveau 1 (débutant),132,0,36.8
ALP501148,2019,Fès-Meknès,FES,Taounate,Rural,Féminin,25,15-24,Association partenaire,Niveau 2 (intermédiaire),197,0,69.0
ALP501149,2018,Marrakech-Safi,MAR,Al Haouz,Rural,Féminin,32,25-34,Association partenaire,Niveau 1 (débutant),130,1,53.8
ALP501150,2021,Marrakech-Safi,MAR,Al Haouz,Rural,Féminin,43,35-49,Mosquée,Niveau 3 (avancé),179,0,53.3
ALP501151,2019,Casablanca-Settat,CAS,Casablanca,Urbain,Féminin,31,25-34,Mosquée,Niveau 1 (débutant),46,0,74.5
ALP501152,2021,Casablanca-Settat,CAS,Benslimane,Rural,Féminin,45,35-49,Mosquée,Niveau 1 (débutant),177,0,48.7
ALP501153,2022,Béni Mellal-Khénifra,BMK,Béni Mellal,Rural,Féminin,34,25-34,Association partenaire,Niveau 1 (débutant),43,1,100.0
ALP501154,2018,Marrakech-Safi,MAR,Al Haouz,Urbain,Masculin,61,50-64,Mosquée,Niveau 1 (débutant),60,0,21.1
ALP501155,2020,Souss-Massa,SOU,Chtouka-Ait Baha,Urbain,Masculin,58,50-64,Mosquée,Niveau 2 (intermédiaire),190,1,50.4
ALP501156,2020,Laâyoune-Sakia El Hamra,LAA,Laâyoune,Urbain,Masculin,39,35-49,ANLCA,Niveau 2 (intermédiaire),162,1,30.2
ALP501157,2021,Béni Mellal-Khénifra,BMK,Azilal,Urbain,Féminin,34,25-34,ONG,Niveau 2 (intermédiaire),94,1,49.9
ALP501158,2017,Tanger-Tétouan-Al Hoceïma,TAN,Chefchaouen,Urbain,Féminin,51,50-64,ANLCA,Niveau 1 (débutant),104,1,83.5
ALP501159,2023,Casablanca-Settat,CAS,Casablanca,Rural,Féminin,32,25-34,Entreprise,Niveau 1 (débutant),45,0,39.0
ALP501160,2017,Casablanca-Settat,CAS,El Jadida,Urbain,Masculin,54,50-64,Entreprise,Niveau 2 (intermédiaire),117,0,79.0
ALP501161,2023,Rabat-Salé-Kénitra,RAB,Khémisset,Rural,Féminin,29,25-34,Mosquée,Niveau 1 (débutant),49,1,57.8
ALP501162,2022,Drâa-Tafilalet,DRA,Zagora,Urbain,Féminin,46,35-49,Mosquée,Niveau 1 (débutant),93,1,70.4
ALP501163,2023,Rabat-Salé-Kénitra,RAB,Rabat,Rural,Masculin,57,50-64,Mosquée,Niveau 1 (débutant),155,1,65.1
ALP501164,2018,Drâa-Tafilalet,DRA,Ouarzazate,Rural,Masculin,18,15-24,ANLCA,Niveau 3 (avancé),156,0,48.9
ALP501165,2021,Drâa-Tafilalet,DRA,Errachidia,Urbain,Féminin,40,35-49,Association partenaire,Niveau 3 (avancé),129,1,69.8
ALP501166,2019,Drâa-Tafilalet,DRA,Errachidia,Rural,Féminin,45,35-49,ONG,Niveau 3 (avancé),45,1,93.1
ALP501167,2022,Marrakech-Safi,MAR,Chichaoua,Rural,Féminin,55,50-64,Association partenaire,Niveau 1 (débutant),186,1,82.9
ALP501168,2022,Rabat-Salé-Kénitra,RAB,Sidi Kacem,Rural,Féminin,37,35-49,ANLCA,Niveau 2 (intermédiaire),116,1,74.9
ALP501169,2015,Marrakech-Safi,MAR,Essaouira,Urbain,Féminin,53,50-64,Association partenaire,Niveau 2 (intermédiaire),81,1,77.8
ALP501170,2021,Fès-Meknès,FES,Taounate,Urbain,Masculin,61,50-64,ANLCA,Niveau 2 (intermédiaire),163,1,54.8
ALP501171,2018,Casablanca-Settat,CAS,Benslimane,Rural,Masculin,49,35-49,Association partenaire,Niveau 3 (avancé),79,1,69.7
ALP501172,2017,Fès-Meknès,FES,Moulay Yacoub,Rural,Masculin,44,35-49,ANLCA,Niveau 1 (débutant),76,1,97.0
ALP501173,2021,Fès-Meknès,FES,El Hajeb,Urbain,Féminin,63,50-64,Entreprise,Niveau 3 (avancé),160,1,92.0
ALP501174,2019,Béni Mellal-Khénifra,BMK,El Kelaa des Sraghna,Urbain,Féminin,42,35-49,ANLCA,Niveau 1 (débutant),199,1,67.1
ALP501175,2022,Marrakech-Safi,MAR,Essaouira,Rural,Masculin,36,35-49,Entreprise,Niveau 1 (débutant),181,1,82.3
ALP501176,2020,Béni Mellal-Khénifra,BMK,Azilal,Rural,Féminin,43,35-49,Association partenaire,Niveau 3 (avancé),58,1,70.7
ALP501177,2015,Casablanca-Settat,CAS,Khouribga,Rural,Féminin,23,15-24,Mosquée,Niveau 1 (débutant),98,1,56.0
ALP501178,2018,Fès-Meknès,FES,El Hajeb,Urbain,Masculin,24,15-24,ANLCA,Niveau 1 (débutant),170,0,52.9
ALP501179,2018,Oriental,ORI,Figuig,Rural,Féminin,50,35-49,ANLCA,Niveau 2 (intermédiaire),51,0,59.6
ALP501180,2023,Casablanca-Settat,CAS,Casablanca,Urbain,Masculin,34,25-34,Mosquée,Niveau 3 (avancé),65,0,78.2
ALP501181,2021,Casablanca-Settat,CAS,Khouribga,Rural,Féminin,17,15-24,ANLCA,Niveau 2 (intermédiaire),93,1,40.8
ALP501182,2017,Casablanca-Settat,CAS,Mohammadia,Urbain,Féminin,19,15-24,ANLCA,Niveau 2 (intermédiaire),128,1,69.0
ALP501183,2020,Souss-Massa,SOU,Chtouka-Ait Baha,Urbain,Féminin,45,35-49,ANLCA,Niveau 1 (débutant),62,1,52.3
ALP501184,2017,Casablanca-Settat,CAS,Khouribga,Rural,Féminin,34,25-34,Association partenaire,Niveau 2 (intermédiaire),50,1,78.4
ALP501185,2022,Rabat-Salé-Kénitra,RAB,Rabat,Urbain,Féminin,22,15-24,ONG,Niveau 3 (avancé),86,0,53.8
ALP501186,2020,Drâa-Tafilalet,DRA,Zagora,Rural,Féminin,27,25-34,Association partenaire,Niveau 2 (intermédiaire),136,0,55.7
ALP501187,2015,Tanger-Tétouan-Al Hoceïma,TAN,Ouazzane,Rural,Féminin,23,15-24,ONG,Niveau 2 (intermédiaire),199,1,69.4
ALP501188,2023,Souss-Massa,SOU,Inezgane-Ait Melloul,Urbain,Féminin,60,50-64,ANLCA,Niveau 1 (débutant),64,1,59.1
ALP501189,2016,Marrakech-Safi,MAR,Safi,Rural,Féminin,26,25-34,ANLCA,Niveau 1 (débutant),167,1,82.4
ALP501190,2020,Tanger-Tétouan-Al Hoceïma,TAN,Mdiq-Fnideq,Urbain,Féminin,58,50-64,Association partenaire,Niveau 1 (débutant),159,1,75.3
ALP501191,2016,Tanger-Tétouan-Al Hoceïma,TAN,Mdiq-Fnideq,Rural,Masculin,44,35-49,ANLCA,Niveau 1 (débutant),138,0,42.0
ALP501192,2016,Souss-Massa,SOU,Tiznit,Urbain,Féminin,37,35-49,ANLCA,Niveau 2 (intermédiaire),113,1,28.3
ALP501193,2019,Oriental,ORI,Jerada,Rural,Féminin,49,35-49,Entreprise,Niveau 1 (débutant),186,0,77.7
ALP501194,2018,Casablanca-Settat,CAS,Benslimane,Rural,Féminin,53,50-64,ANLCA,Niveau 2 (intermédiaire),101,1,60.1
ALP501195,2022,Casablanca-Settat,CAS,El Jadida,Urbain,Féminin,26,25-34,Mosquée,Niveau 2 (intermédiaire),84,1,48.1
ALP501196,2018,Souss-Massa,SOU,Taroudannt,Urbain,Masculin,55,50-64,Association partenaire,Niveau 3 (avancé),66,1,73.7
ALP501197,2023,Tanger-Tétouan-Al Hoceïma,TAN,Al Hoceïma,Rural,Féminin,46,35-49,Mosquée,Niveau 3 (avancé),63,0,68.7
ALP501198,2016,Souss-Massa,SOU,Tiznit,Urbain,Masculin,34,25-34,Mosquée,Niveau 3 (avancé),191,1,89.3
ALP501199,2015,Casablanca-Settat,CAS,Benslimane,Rural,Féminin,39,35-49,ANLCA,Niveau 3 (avancé),184,1,80.1
ALP501200,2018,Drâa-Tafilalet,DRA,Zagora,Rural,Masculin,48,35-49,ONG,Niveau 3 (avancé),83,0,85.7
ALP501201,2018,Tanger-Tétouan-Al Hoceïma,TAN,Tétouan,Rural,Féminin,30,25-34,ONG,Niveau 2 (intermédiaire),94,0,38.8
ALP501202,2019,Rabat-Salé-Kénitra,RAB,Sidi Kacem,Urbain,Masculin,22,15-24,Association partenaire,Niveau 2 (intermédiaire),115,1,55.7
ALP501203,2021,Marrakech-Safi,MAR,Marrakech,Urbain,Féminin,49,35-49,Association partenaire,Niveau 2 (intermédiaire),96,1,65.7
ALP501204,2020,Casablanca-Settat,CAS,Berrechid,Rural,Masculin,51,50-64,Mosquée,Niveau 1 (débutant),147,1,52.5
ALP501205,2018,Marrakech-Safi,MAR,Youssoufia,Rural,Féminin,39,35-49,ANLCA,Niveau 3 (avancé),175,0,72.9
ALP501206,2018,Fès-Meknès,FES,Ifrane,Rural,Masculin,25,15-24,ANLCA,Niveau 1 (débutant),185,1,70.5
ALP501207,2020,Marrakech-Safi,MAR,Marrakech,Rural,Féminin,20,15-24,ANLCA,Niveau 1 (débutant),160,0,50.0
ALP501208,2021,Oriental,ORI,Jerada,Urbain,Masculin,35,25-34,ONG,Niveau 1 (débutant),109,1,56.5
ALP501209,2016,Marrakech-Safi,MAR,Youssoufia,Rural,Masculin,59,50-64,ANLCA,Niveau 1 (débutant),122,0,74.6
ALP501210,2020,Tanger-Tétouan-Al Hoceïma,TAN,Fahs-Anjra,Urbain,Féminin,63,50-64,ANLCA,Niveau 3 (avancé),189,0,64.9
ALP501211,2017,Fès-Meknès,FES,Taounate,Rural,Féminin,28,25-34,ANLCA,Niveau 3 (avancé),117,1,52.0
ALP501212,2015,Rabat-Salé-Kénitra,RAB,Kénitra,Rural,Féminin,35,25-34,Association partenaire,Niveau 3 (avancé),122,0,76.4
ALP501213,2018,Tanger-Tétouan-Al Hoceïma,TAN,Chefchaouen,Rural,Masculin,17,15-24,Association partenaire,Niveau 1 (débutant),178,1,75.5
ALP501214,2021,Tanger-Tétouan-Al Hoceïma,TAN,Tanger-Assilah,Rural,Masculin,34,25-34,Association partenaire,Niveau 3 (avancé),163,0,52.6
ALP501215,2016,Rabat-Salé-Kénitra,RAB,Sidi Slimane,Rural,Féminin,16,15-24,Association partenaire,Niveau 1 (débutant),59,1,16.7
ALP501216,2015,Marrakech-Safi,MAR,Essaouira,Urbain,Féminin,61,50-64,Entreprise,Niveau 2 (intermédiaire),63,1,33.5
ALP501217,2023,Tanger-Tétouan-Al Hoceïma,TAN,Larache,Rural,Masculin,33,25-34,ANLCA,Niveau 1 (débutant),143,0,64.5
ALP501218,2016,Rabat-Salé-Kénitra,RAB,Skhirate-Témara,Rural,Féminin,30,25-34,Association partenaire,Niveau 1 (débutant),96,1,82.1
ALP501219,2023,Tanger-Tétouan-Al Hoceïma,TAN,Al Hoceïma,Rural,Féminin,48,35-49,Association partenaire,Niveau 1 (débutant),149,0,42.1
ALP501220,2020,Casablanca-Settat,CAS,Mohammadia,Rural,Masculin,59,50-64,Mosquée,Niveau 2 (intermédiaire),88,0,56.4
ALP501221,2022,Souss-Massa,SOU,Taroudannt,Urbain,Masculin,41,35-49,Association partenaire,Niveau 1 (débutant),173,1,61.4
ALP501222,2020,Tanger-Tétouan-Al Hoceïma,TAN,Mdiq-Fnideq,Rural,Féminin,30,25-34,ANLCA,Niveau 1 (débutant),96,1,46.2
ALP501223,2015,Marrakech-Safi,MAR,El Kelaa des Sraghna,Urbain,Masculin,43,35-49,ONG,Niveau 3 (avancé),107,1,75.1
ALP501224,2015,Béni Mellal-Khénifra,BMK,Khouribga,Rural,Féminin,36,35-49,Entreprise,Niveau 2 (intermédiaire),122,1,77.6
ALP501225,2022,Casablanca-Settat,CAS,Berrechid,Urbain,Féminin,28,25-34,Association partenaire,Niveau 3 (avancé),189,1,41.5
ALP501226,2016,Drâa-Tafilalet,DRA,Tinghir,Rural,Féminin,50,35-49,Association partenaire,Niveau 1 (débutant),86,0,47.1
ALP501227,2022,Rabat-Salé-Kénitra,RAB,Khémisset,Rural,Féminin,57,50-64,Association partenaire,Niveau 1 (débutant),52,1,38.1
ALP501228,2022,Rabat-Salé-Kénitra,RAB,Salé,Urbain,Féminin,20,15-24,Entreprise,Niveau 3 (avancé),166,1,69.2
ALP501229,2020,Tanger-Tétouan-Al Hoceïma,TAN,Larache,Rural,Féminin,59,50-64,ANLCA,Niveau 1 (débutant),197,0,56.1
ALP501230,2023,Casablanca-Settat,CAS,Mohammadia,Rural,Féminin,48,35-49,Entreprise,Niveau 3 (avancé),178,0,52.6
ALP501231,2019,Fès-Meknès,FES,Taza,Urbain,Féminin,30,25-34,Mosquée,Niveau 1 (débutant),81,0,67.9
ALP501232,2018,Béni Mellal-Khénifra,BMK,Azilal,Urbain,Féminin,27,25-34,Mosquée,Niveau 2 (intermédiaire),102,1,77.1
ALP501233,2018,Marrakech-Safi,MAR,Chichaoua,Urbain,Féminin,47,35-49,ANLCA,Niveau 3 (avancé),75,1,54.6
ALP501234,2018,Rabat-Salé-Kénitra,RAB,Kénitra,Rural,Féminin,63,50-64,Association partenaire,Niveau 2 (intermédiaire),173,1,41.8
ALP501235,2022,Laâyoune-Sakia El Hamra,LAA,Laâyoune,Rural,Masculin,58,50-64,Mosquée,Niveau 3 (avancé),54,1,51.7
ALP501236,2020,Marrakech-Safi,MAR,Chichaoua,Rural,Féminin,48,35-49,ANLCA,Niveau 2 (intermédiaire),132,1,61.7
ALP501237,2020,Casablanca-Settat,CAS,Benslimane,Rural,Féminin,25,15-24,ANLCA,Niveau 3 (avancé),175,1,71.5
ALP501238,2022,Marrakech-Safi,MAR,Al Haouz,Urbain,Féminin,35,25-34,ANLCA,Niveau 1 (débutant),66,1,53.1
ALP501239,2020,Béni Mellal-Khénifra,BMK,El Kelaa des Sraghna,Rural,Masculin,19,15-24,ANLCA,Niveau 2 (intermédiaire),132,1,63.1
ALP501240,2015,Marrakech-Safi,MAR,Essaouira,Rural,Masculin,52,50-64,ANLCA,Niveau 1 (débutant),184,0,43.5
ALP501241,2018,Béni Mellal-Khénifra,BMK,Fquih Ben Salah,Rural,Féminin,55,50-64,ONG,Niveau 2 (intermédiaire),169,1,56.6
ALP501242,2020,Rabat-Salé-Kénitra,RAB,Sidi Kacem,Rural,Féminin,37,35-49,ANLCA,Niveau 1 (débutant),102,1,68.2
ALP501243,2023,Drâa-Tafilalet,DRA,Zagora,Rural,Masculin,55,50-64,ANLCA,Niveau 2 (intermédiaire),51,1,59.4
ALP501244,2021,Tanger-Tétouan-Al Hoceïma,TAN,Ouazzane,Urbain,Féminin,26,25-34,Association partenaire,Niveau 2 (intermédiaire),160,0,60.3
ALP501245,2022,Rabat-Salé-Kénitra,RAB,Kénitra,Rural,Masculin,25,15-24,ANLCA,Niveau 1 (débutant),86,1,82.6
ALP501246,2017,Tanger-Tétouan-Al Hoceïma,TAN,Tétouan,Rural,Féminin,30,25-34,ANLCA,Niveau 2 (intermédiaire),135,0,73.8
ALP501247,2020,Casablanca-Settat,CAS,Mohammadia,Rural,Féminin,36,35-49,ANLCA,Niveau 2 (intermédiaire),48,0,77.7
ALP501248,2019,Casablanca-Settat,CAS,Casablanca,Rural,Masculin,63,50-64,Association partenaire,Niveau 3 (avancé),64,1,82.0
ALP501249,2018,Marrakech-Safi,MAR,Chichaoua,Rural,Féminin,32,25-34,ANLCA,Niveau 3 (avancé),59,1,32.5
ALP501250,2016,Fès-Meknès,FES,Taza,Rural,Féminin,21,15-24,ANLCA,Niveau 3 (avancé),167,0,11.2
ALP501251,2017,Oriental,ORI,Driouch,Rural,Féminin,53,50-64,ONG,Niveau 2 (intermédiaire),158,1,70.0
ALP501252,2019,Casablanca-Settat,CAS,El Jadida,Urbain,Féminin,37,35-49,Mosquée,Niveau 1 (débutant),102,1,37.0
ALP501253,2019,Casablanca-Settat,CAS,Benslimane,Rural,Masculin,34,25-34,ANLCA,Niveau 2 (intermédiaire),120,1,58.2
ALP501254,2017,Oriental,ORI,Jerada,Rural,Féminin,44,35-49,ANLCA,Niveau 1 (débutant),158,1,50.3
ALP501255,2021,Casablanca-Settat,CAS,Mohammadia,Rural,Féminin,26,25-34,Association partenaire,Niveau 2 (intermédiaire),55,1,44.2
ALP501256,2021,Marrakech-Safi,MAR,Al Haouz,Urbain,Masculin,31,25-34,Mosquée,Niveau 1 (débutant),87,1,29.1
ALP501257,2017,Marrakech-Safi,MAR,Chichaoua,Rural,Masculin,29,25-34,Mosquée,Niveau 1 (débutant),46,0,56.7
ALP501258,2015,Casablanca-Settat,CAS,Settat,Rural,Féminin,24,15-24,ANLCA,Niveau 3 (avancé),107,0,75.8
ALP501259,2018,Casablanca-Settat,CAS,Sidi Bennour,Urbain,Masculin,30,25-34,ONG,Niveau 1 (débutant),112,1,67.6
ALP501260,2015,Marrakech-Safi,MAR,Al Haouz,Urbain,Féminin,21,15-24,Association partenaire,Niveau 2 (intermédiaire),91,1,12.8
ALP501261,2020,Drâa-Tafilalet,DRA,Tinghir,Urbain,Féminin,24,15-24,Mosquée,Niveau 1 (débutant),182,0,49.6
ALP501262,2015,Marrakech-Safi,MAR,El Kelaa des Sraghna,Rural,Féminin,21,15-24,Association partenaire,Niveau 2 (intermédiaire),135,1,46.1
ALP501263,2015,Guelmim-Oued Noun,GUE,Assa-Zag,Rural,Masculin,19,15-24,Mosquée,Niveau 2 (intermédiaire),188,1,42.2
ALP501264,2021,Casablanca-Settat,CAS,Sidi Bennour,Rural,Féminin,42,35-49,Association partenaire,Niveau 2 (intermédiaire),100,0,62.2
ALP501265,2015,Marrakech-Safi,MAR,Chichaoua,Urbain,Féminin,43,35-49,Association partenaire,Niveau 3 (avancé),42,0,80.7
ALP501266,2020,Tanger-Tétouan-Al Hoceïma,TAN,Tanger-Assilah,Urbain,Féminin,62,50-64,ANLCA,Niveau 2 (intermédiaire),63,1,31.1
ALP501267,2022,Marrakech-Safi,MAR,Marrakech,Urbain,Féminin,23,15-24,ANLCA,Niveau 1 (débutant),195,1,62.3
ALP501268,2021,Fès-Meknès,FES,Ifrane,Urbain,Féminin,56,50-64,Mosquée,Niveau 1 (débutant),173,1,76.4
ALP501269,2017,Marrakech-Safi,MAR,El Kelaa des Sraghna,Rural,Féminin,18,15-24,ANLCA,Niveau 1 (débutant),99,1,81.5
ALP501270,2019,Marrakech-Safi,MAR,Al Haouz,Urbain,Féminin,34,25-34,Association partenaire,Niveau 3 (avancé),188,1,50.1
ALP501271,2020,Souss-Massa,SOU,Inezgane-Ait Melloul,Rural,Masculin,55,50-64,Association partenaire,Niveau 1 (débutant),92,0,22.5
ALP501272,2020,Marrakech-Safi,MAR,Youssoufia,Urbain,Féminin,27,25-34,Association partenaire,Niveau 1 (débutant),144,1,72.6
ALP501273,2022,Casablanca-Settat,CAS,Mohammadia,Urbain,Féminin,15,,Mosquée,Niveau 1 (débutant),49,1,39.3
ALP501274,2017,Tanger-Tétouan-Al Hoceïma,TAN,Mdiq-Fnideq,Rural,Féminin,32,25-34,Association partenaire,Niveau 3 (avancé),167,1,54.1
ALP501275,2022,Fès-Meknès,FES,Séfrou,Rural,Féminin,32,25-34,ANLCA,Niveau 1 (débutant),56,1,62.6
ALP501276,2017,Tanger-Tétouan-Al Hoceïma,TAN,Chefchaouen,Rural,Masculin,16,15-24,ANLCA,Niveau 2 (intermédiaire),48,1,76.9
ALP501277,2023,Casablanca-Settat,CAS,El Jadida,Rural,Féminin,20,15-24,Association partenaire,Niveau 1 (débutant),95,0,50.7
ALP501278,2020,Guelmim-Oued Noun,GUE,Tan-Tan,Urbain,Féminin,27,25-34,ANLCA,Niveau 1 (débutant),127,0,54.3
ALP501279,2016,Béni Mellal-Khénifra,BMK,Khouribga,Urbain,Féminin,50,35-49,Association partenaire,Niveau 2 (intermédiaire),117,1,70.2
ALP501280,2016,Marrakech-Safi,MAR,Chichaoua,Rural,Masculin,54,50-64,Mosquée,Niveau 3 (avancé),148,0,100.0
ALP501281,2018,Béni Mellal-Khénifra,BMK,El Kelaa des Sraghna,Rural,Masculin,31,25-34,ONG,Niveau 2 (intermédiaire),151,0,66.8
ALP501282,2018,Oriental,ORI,Oujda-Angad,Rural,Féminin,16,15-24,ONG,Niveau 2 (intermédiaire),126,1,49.8
ALP501283,2020,Béni Mellal-Khénifra,BMK,Fquih Ben Salah,Rural,Féminin,18,15-24,Association partenaire,Niveau 3 (avancé),182,1,41.2
ALP501284,2015,Drâa-Tafilalet,DRA,Midelt,Urbain,Masculin,42,35-49,ANLCA,Niveau 3 (avancé),189,1,59.5
ALP501285,2015,Casablanca-Settat,CAS,Casablanca,Rural,Féminin,21,15-24,ONG,Niveau 3 (avancé),86,1,61.5
ALP501286,2021,Guelmim-Oued Noun,GUE,Tan-Tan,Urbain,Féminin,35,25-34,ANLCA,Niveau 1 (débutant),104,1,36.1
ALP501287,2023,Fès-Meknès,FES,Fès,Rural,Masculin,53,50-64,ANLCA,Niveau 1 (débutant),199,1,80.0
ALP501288,2015,Marrakech-Safi,MAR,Chichaoua,Rural,Féminin,56,50-64,Association partenaire,Niveau 1 (débutant),61,1,54.2
ALP501289,2015,Rabat-Salé-Kénitra,RAB,Sidi Slimane,Rural,Féminin,53,50-64,ANLCA,Niveau 3 (avancé),118,1,49.6
ALP501290,2021,Souss-Massa,SOU,Tiznit,Rural,Féminin,49,35-49,ANLCA,Niveau 2 (intermédiaire),170,0,60.9
ALP501291,2015,Tanger-Tétouan-Al Hoceïma,TAN,Fahs-Anjra,Rural,Masculin,32,25-34,ANLCA,Niveau 3 (avancé),89,1,52.4
ALP501292,2022,Marrakech-Safi,MAR,Chichaoua,Urbain,Féminin,50,35-49,ONG,Niveau 1 (débutant),110,1,44.9
ALP501293,2020,Tanger-Tétouan-Al Hoceïma,TAN,Chefchaouen,Urbain,Féminin,39,35-49,Association partenaire,Niveau 1 (débutant),181,1,39.1
ALP501294,2019,Souss-Massa,SOU,Agadir-Ida-Ou-Tanane,Rural,Féminin,29,25-34,Mosquée,Niveau 1 (débutant),181,0,70.2
ALP501295,2020,Casablanca-Settat,CAS,Sidi Bennour,Rural,Masculin,49,35-49,ANLCA,Niveau 2 (intermédiaire),68,1,17.6
ALP501296,2022,Casablanca-Settat,CAS,Khouribga,Urbain,Féminin,35,25-34,ANLCA,Niveau 3 (avancé),161,1,69.7
ALP501297,2018,Souss-Massa,SOU,Taroudannt,Rural,Féminin,49,35-49,Entreprise,Niveau 2 (intermédiaire),102,0,52.7
ALP501298,2019,Tanger-Tétouan-Al Hoceïma,TAN,Al Hoceïma,Rural,Féminin,40,35-49,Entreprise,Niveau 2 (intermédiaire),42,1,53.9
ALP501299,2016,Tanger-Tétouan-Al Hoceïma,TAN,Mdiq-Fnideq,Urbain,Masculin,56,50-64,Association partenaire,Niveau 1 (débutant),88,0,92.3
ALP501300,2020,Fès-Meknès,FES,Ifrane,Rural,Féminin,52,50-64,ANLCA,Niveau 2 (intermédiaire),140,1,90.9
ALP501301,2022,Casablanca-Settat,CAS,Casablanca,Rural,Féminin,29,25-34,ANLCA,Niveau 2 (intermédiaire),153,1,60.2
ALP501302,2016,Rabat-Salé-Kénitra,RAB,Khémisset,Urbain,Féminin,33,25-34,Association partenaire,Niveau 1 (débutant),163,1,50.2
ALP501303,2020,Guelmim-Oued Noun,GUE,Assa-Zag,Rural,Féminin,62,50-64,Entreprise,Niveau 1 (débutant),153,1,91.5
ALP501304,2023,Fès-Meknès,FES,Ifrane,Urbain,Féminin,20,15-24,Association partenaire,Niveau 2 (intermédiaire),47,1,41.0
ALP501305,2021,Rabat-Salé-Kénitra,RAB,Skhirate-Témara,Rural,Féminin,24,15-24,Mosquée,Niveau 1 (débutant),93,1,69.8
ALP501306,2020,Casablanca-Settat,CAS,Settat,Rural,Féminin,27,25-34,Mosquée,Niveau 3 (avancé),181,0,74.6
ALP501307,2015,Oriental,ORI,Figuig,Urbain,Féminin,52,50-64,Association partenaire,Niveau 2 (intermédiaire),40,1,100.0
ALP501308,2016,Guelmim-Oued Noun,GUE,Sidi Ifni,Rural,Féminin,45,35-49,ANLCA,Niveau 1 (débutant),87,1,60.8
ALP501309,2023,Oriental,ORI,Berkane,Rural,Féminin,54,50-64,Association partenaire,Niveau 2 (intermédiaire),117,1,65.7
ALP501310,2016,Fès-Meknès,FES,Ifrane,Urbain,Féminin,45,35-49,ONG,Niveau 2 (intermédiaire),145,1,63.2
ALP501311,2021,Fès-Meknès,FES,El Hajeb,Rural,Féminin,29,25-34,Association partenaire,Niveau 2 (intermédiaire),140,1,70.8
ALP501312,2017,Casablanca-Settat,CAS,Benslimane,Rural,Féminin,33,25-34,Association partenaire,Niveau 1 (débutant),112,1,77.4
ALP501313,2023,Rabat-Salé-Kénitra,RAB,Skhirate-Témara,Rural,Masculin,17,15-24,Mosquée,Niveau 2 (intermédiaire),158,1,77.1
ALP501314,2023,Rabat-Salé-Kénitra,RAB,Salé,Urbain,Féminin,30,25-34,ONG,Niveau 2 (intermédiaire),163,1,58.1
ALP501315,2022,Fès-Meknès,FES,Meknès,Urbain,Féminin,57,50-64,Association partenaire,Niveau 2 (intermédiaire),183,0,43.5
ALP501316,2017,Souss-Massa,SOU,Inezgane-Ait Melloul,Rural,Féminin,39,35-49,ANLCA,Niveau 3 (avancé),122,1,49.2
ALP501317,2022,Marrakech-Safi,MAR,Youssoufia,Rural,Féminin,24,15-24,Association partenaire,Niveau 2 (intermédiaire),106,1,79.6
ALP501318,2015,Casablanca-Settat,CAS,Settat,Urbain,Féminin,59,50-64,Association partenaire,Niveau 1 (débutant),84,1,23.9
ALP501319,2022,Marrakech-Safi,MAR,Marrakech,Rural,Féminin,34,25-34,ANLCA,Niveau 3 (avancé),129,1,26.4
ALP501320,2017,Casablanca-Settat,CAS,Casablanca,Rural,Masculin,15,,Entreprise,Niveau 1 (débutant),59,1,87.4
ALP501321,2020,Tanger-Tétouan-Al Hoceïma,TAN,Chefchaouen,Rural,Masculin,47,35-49,ONG,Niveau 3 (avancé),184,1,51.4
ALP501322,2023,Drâa-Tafilalet,DRA,Midelt,Rural,Masculin,22,15-24,Mosquée,Niveau 2 (intermédiaire),172,1,58.7
ALP501323,2019,Rabat-Salé-Kénitra,RAB,Sidi Slimane,Rural,Féminin,60,50-64,Association partenaire,Niveau 1 (débutant),135,1,100.0
ALP501324,2015,Marrakech-Safi,MAR,Al Haouz,Rural,Féminin,38,35-49,ANLCA,Niveau 2 (intermédiaire),90,1,69.0
ALP501325,2016,Marrakech-Safi,MAR,Youssoufia,Rural,Féminin,24,15-24,Association partenaire,Niveau 3 (avancé),63,1,67.8
ALP501326,2018,Casablanca-Settat,CAS,Khouribga,Urbain,Masculin,54,50-64,Association partenaire,Niveau 3 (avancé),90,1,67.0
ALP501327,2017,Souss-Massa,SOU,Tiznit,Rural,Féminin,47,35-49,Entreprise,Niveau 1 (débutant),127,1,42.8
ALP501328,2023,Marrakech-Safi,MAR,Marrakech,Rural,Féminin,62,50-64,ANLCA,Niveau 2 (intermédiaire),189,1,78.1
ALP501329,2017,Béni Mellal-Khénifra,BMK,Fquih Ben Salah,Urbain,Féminin,25,15-24,ANLCA,Niveau 1 (débutant),89,0,70.8
ALP501330,2019,Fès-Meknès,FES,Boulemane,Rural,Féminin,34,25-34,ANLCA,Niveau 2 (intermédiaire),48,1,82.7
ALP501331,2018,Rabat-Salé-Kénitra,RAB,Salé,Rural,Féminin,32,25-34,Mosquée,Niveau 1 (débutant),120,1,78.2
ALP501332,2016,Casablanca-Settat,CAS,Berrechid,Urbain,Féminin,25,15-24,Mosquée,Niveau 1 (débutant),136,1,69.5
ALP501333,2016,Souss-Massa,SOU,Inezgane-Ait Melloul,Rural,Féminin,21,15-24,Association partenaire,Niveau 2 (intermédiaire),50,1,31.4
ALP501334,2017,Tanger-Tétouan-Al Hoceïma,TAN,Chefchaouen,Rural,Féminin,57,50-64,ANLCA,Niveau 2 (intermédiaire),145,1,54.5
ALP501335,2022,Rabat-Salé-Kénitra,RAB,Khémisset,Urbain,Masculin,42,35-49,ANLCA,Niveau 1 (débutant),111,1,65.7
ALP501336,2015,Casablanca-Settat,CAS,Benslimane,Rural,Masculin,19,15-24,Association partenaire,Niveau 2 (intermédiaire),61,0,100.0
ALP501337,2021,Marrakech-Safi,MAR,Chichaoua,Rural,Féminin,22,15-24,Mosquée,Niveau 2 (intermédiaire),120,1,71.7
ALP501338,2018,Drâa-Tafilalet,DRA,Errachidia,Rural,Féminin,20,15-24,Association partenaire,Niveau 2 (intermédiaire),65,1,59.7
ALP501339,2016,Marrakech-Safi,MAR,Marrakech,Urbain,Masculin,16,15-24,ANLCA,Niveau 3 (avancé),170,1,50.9
ALP501340,2016,Fès-Meknès,FES,Taounate,Urbain,Féminin,64,50-64,Mosquée,Niveau 1 (débutant),100,0,100.0
ALP501341,2022,Souss-Massa,SOU,Tata,Urbain,Féminin,37,35-49,Association partenaire,Niveau 1 (débutant),146,1,87.3
ALP501342,2019,Casablanca-Settat,CAS,Casablanca,Urbain,Féminin,54,50-64,ONG,Niveau 1 (débutant),76,1,38.4
ALP501343,2018,Tanger-Tétouan-Al Hoceïma,TAN,Chefchaouen,Urbain,Féminin,46,35-49,Mosquée,Niveau 1 (débutant),51,1,73.9
ALP501344,2023,Tanger-Tétouan-Al Hoceïma,TAN,Ouazzane,Urbain,Féminin,15,,Association partenaire,Niveau 2 (intermédiaire),71,1,56.7
ALP501345,2019,Souss-Massa,SOU,Tiznit,Rural,Féminin,52,50-64,Mosquée,Niveau 3 (avancé),86,1,45.9
ALP501346,2017,Béni Mellal-Khénifra,BMK,Khouribga,Rural,Féminin,33,25-34,ANLCA,Niveau 1 (débutant),123,1,86.7
ALP501347,2018,Rabat-Salé-Kénitra,RAB,Skhirate-Témara,Rural,Masculin,22,15-24,ANLCA,Niveau 1 (débutant),99,0,67.2
ALP501348,2017,Drâa-Tafilalet,DRA,Tinghir,Rural,Féminin,23,15-24,Association partenaire,Niveau 3 (avancé),54,1,68.2
ALP501349,2023,Rabat-Salé-Kénitra,RAB,Rabat,Urbain,Féminin,46,35-49,ONG,Niveau 2 (intermédiaire),168,0,51.3
ALP501350,2022,Rabat-Salé-Kénitra,RAB,Sidi Slimane,Rural,Féminin,63,50-64,Entreprise,Niveau 1 (débutant),95,1,80.9
ALP501351,2018,Rabat-Salé-Kénitra,RAB,Salé,Rural,Féminin,26,25-34,ONG,Niveau 3 (avancé),186,0,72.2
ALP501352,2017,Marrakech-Safi,MAR,Marrakech,Rural,Masculin,52,50-64,ANLCA,Niveau 2 (intermédiaire),69,0,62.5
ALP501353,2015,Souss-Massa,SOU,Inezgane-Ait Melloul,Rural,Masculin,38,35-49,ANLCA,Niveau 1 (débutant),62,0,100.0
ALP501354,2022,Béni Mellal-Khénifra,BMK,Fquih Ben Salah,Rural,Féminin,39,35-49,ANLCA,Niveau 1 (débutant),187,0,88.1
ALP501355,2023,Oriental,ORI,Berkane,Urbain,Féminin,19,15-24,ONG,Niveau 1 (débutant),85,1,76.8
ALP501356,2019,Rabat-Salé-Kénitra,RAB,Khémisset,Urbain,Féminin,20,15-24,Entreprise,Niveau 1 (débutant),135,1,86.3
ALP501357,2018,Casablanca-Settat,CAS,Settat,Rural,Féminin,35,25-34,ANLCA,Niveau 1 (débutant),44,1,84.7
ALP501358,2016,Béni Mellal-Khénifra,BMK,Azilal,Rural,Féminin,52,50-64,Association partenaire,Niveau 2 (intermédiaire),79,1,56.2
ALP501359,2016,Casablanca-Settat,CAS,Khouribga,Rural,Féminin,46,35-49,ANLCA,Niveau 3 (avancé),128,1,73.8
ALP501360,2022,Casablanca-Settat,CAS,Settat,Urbain,Féminin,51,50-64,ANLCA,Niveau 3 (avancé),131,0,42.2
ALP501361,2023,Souss-Massa,SOU,Inezgane-Ait Melloul,Rural,Féminin,48,35-49,ANLCA,Niveau 2 (intermédiaire),44,1,67.2
ALP501362,2021,Fès-Meknès,FES,Taounate,Rural,Féminin,60,50-64,Association partenaire,Niveau 3 (avancé),76,0,67.5
ALP501363,2023,Rabat-Salé-Kénitra,RAB,Kénitra,Rural,Masculin,56,50-64,Association partenaire,Niveau 1 (débutant),168,1,51.7
ALP501364,2019,Guelmim-Oued Noun,GUE,Sidi Ifni,Rural,Féminin,62,50-64,Association partenaire,Niveau 2 (intermédiaire),95,1,75.9
ALP501365,2019,Casablanca-Settat,CAS,Berrechid,Rural,Masculin,58,50-64,Association partenaire,Niveau 2 (intermédiaire),72,0,71.1
ALP501366,2022,Casablanca-Settat,CAS,Sidi Bennour,Rural,Féminin,43,35-49,ANLCA,Niveau 2 (intermédiaire),46,0,74.5
ALP501367,2023,Marrakech-Safi,MAR,Youssoufia,Rural,Féminin,32,25-34,Entreprise,Niveau 2 (intermédiaire),180,1,68.3
ALP501368,2018,Casablanca-Settat,CAS,Sidi Bennour,Urbain,Féminin,29,25-34,ANLCA,Niveau 1 (débutant),187,1,59.2
ALP501369,2019,Tanger-Tétouan-Al Hoceïma,TAN,Tanger-Assilah,Urbain,Féminin,45,35-49,Mosquée,Niveau 1 (débutant),156,1,50.8
ALP501370,2021,Fès-Meknès,FES,Moulay Yacoub,Rural,Féminin,37,35-49,Entreprise,Niveau 1 (débutant),60,1,56.0
ALP501371,2015,Casablanca-Settat,CAS,Casablanca,Urbain,Féminin,20,15-24,ANLCA,Niveau 2 (intermédiaire),71,1,56.3
ALP501372,2021,Tanger-Tétouan-Al Hoceïma,TAN,Mdiq-Fnideq,Rural,Masculin,57,50-64,ANLCA,Niveau 1 (débutant),73,1,58.9
ALP501373,2021,Oriental,ORI,Oujda-Angad,Urbain,Féminin,60,50-64,Mosquée,Niveau 3 (avancé),143,1,47.0
ALP501374,2020,Fès-Meknès,FES,Fès,Rural,Masculin,45,35-49,Association partenaire,Niveau 2 (intermédiaire),103,1,47.7
ALP501375,2017,Marrakech-Safi,MAR,Chichaoua,Rural,Féminin,64,50-64,Association partenaire,Niveau 1 (débutant),93,1,34.7
ALP501376,2022,Tanger-Tétouan-Al Hoceïma,TAN,Larache,Urbain,Masculin,49,35-49,Entreprise,Niveau 2 (intermédiaire),138,1,60.8
ALP501377,2019,Fès-Meknès,FES,Taza,Rural,Féminin,54,50-64,Mosquée,Niveau 1 (débutant),78,1,61.9
ALP501378,2020,Fès-Meknès,FES,Meknès,Rural,Féminin,24,15-24,ONG,Niveau 2 (intermédiaire),155,1,58.3
ALP501379,2017,Tanger-Tétouan-Al Hoceïma,TAN,Larache,Rural,Féminin,63,50-64,ANLCA,Niveau 1 (débutant),81,1,43.8
ALP501380,2018,Tanger-Tétouan-Al Hoceïma,TAN,Fahs-Anjra,Urbain,Féminin,56,50-64,Association partenaire,Niveau 1 (débutant),128,0,79.1
ALP501381,2022,Marrakech-Safi,MAR,Safi,Rural,Masculin,37,35-49,Mosquée,Niveau 3 (avancé),44,1,49.4
ALP501382,2022,Marrakech-Safi,MAR,Youssoufia,Rural,Féminin,15,,Association partenaire,Niveau 2 (intermédiaire),162,1,65.1
ALP501383,2021,Fès-Meknès,FES,Moulay Yacoub,Rural,Masculin,55,50-64,Association partenaire,Niveau 1 (débutant),86,0,74.7
ALP501384,2023,Souss-Massa,SOU,Agadir-Ida-Ou-Tanane,Urbain,Masculin,30,25-34,ANLCA,Niveau 2 (intermédiaire),98,0,84.2
ALP501385,2019,Souss-Massa,SOU,Agadir-Ida-Ou-Tanane,Rural,Masculin,56,50-64,ANLCA,Niveau 2 (intermédiaire),62,0,49.9
ALP501386,2021,Béni Mellal-Khénifra,BMK,Fquih Ben Salah,Rural,Féminin,54,50-64,ANLCA,Niveau 2 (intermédiaire),144,1,40.4
ALP501387,2023,Fès-Meknès,FES,Meknès,Urbain,Masculin,48,35-49,ANLCA,Niveau 1 (débutant),76,0,49.8
ALP501388,2021,Marrakech-Safi,MAR,Essaouira,Urbain,Féminin,20,15-24,Association partenaire,Niveau 1 (débutant),109,0,78.9
ALP501389,2019,Rabat-Salé-Kénitra,RAB,Khémisset,Rural,Féminin,46,35-49,ANLCA,Niveau 1 (débutant),85,0,86.2
ALP501390,2016,Béni Mellal-Khénifra,BMK,Azilal,Rural,Féminin,23,15-24,ANLCA,Niveau 2 (intermédiaire),137,1,63.7
ALP501391,2023,Fès-Meknès,FES,Séfrou,Rural,Féminin,62,50-64,ANLCA,Niveau 2 (intermédiaire),126,1,77.7
ALP501392,2020,Souss-Massa,SOU,Chtouka-Ait Baha,Urbain,Masculin,55,50-64,ANLCA,Niveau 3 (avancé),113,0,60.0
ALP501393,2020,Souss-Massa,SOU,Inezgane-Ait Melloul,Rural,Masculin,50,35-49,Association partenaire,Niveau 2 (intermédiaire),78,1,66.0
ALP501394,2015,Béni Mellal-Khénifra,BMK,Azilal,Rural,Féminin,37,35-49,Mosquée,Niveau 3 (avancé),72,1,60.4
ALP501395,2016,Marrakech-Safi,MAR,Al Haouz,Urbain,Masculin,49,35-49,Mosquée,Niveau 1 (débutant),79,0,94.7
ALP501396,2017,Tanger-Tétouan-Al Hoceïma,TAN,Ouazzane,Rural,Féminin,45,35-49,ANLCA,Niveau 3 (avancé),45,1,75.9
ALP501397,2021,Casablanca-Settat,CAS,Mohammadia,Rural,Féminin,26,25-34,Association partenaire,Niveau 2 (intermédiaire),198,1,72.2
ALP501398,2017,Rabat-Salé-Kénitra,RAB,Sidi Slimane,Urbain,Féminin,36,35-49,Association partenaire,Niveau 3 (avancé),52,0,68.1
ALP501399,2023,Tanger-Tétouan-Al Hoceïma,TAN,Mdiq-Fnideq,Rural,Féminin,50,35-49,Association partenaire,Niveau 3 (avancé),63,0,75.4
ALP501400,2021,Marrakech-Safi,MAR,Safi,Urbain,Féminin,48,35-49,Mosquée,Niveau 1 (débutant),152,1,61.1
ALP501401,2018,Oriental,ORI,Driouch,Urbain,Féminin,18,15-24,ANLCA,Niveau 3 (avancé),130,0,60.2
ALP501402,2023,Rabat-Salé-Kénitra,RAB,Skhirate-Témara,Rural,Masculin,55,50-64,Association partenaire,Niveau 2 (intermédiaire),79,0,69.6
ALP501403,2021,Tanger-Tétouan-Al Hoceïma,TAN,Al Hoceïma,Rural,Féminin,34,25-34,Association partenaire,Niveau 1 (débutant),185,1,46.0
ALP501404,2020,Marrakech-Safi,MAR,Youssoufia,Rural,Féminin,29,25-34,ANLCA,Niveau 1 (débutant),151,1,66.2
ALP501405,2020,Casablanca-Settat,CAS,Mohammadia,Rural,Féminin,31,25-34,ONG,Niveau 3 (avancé),125,1,76.4
ALP501406,2015,Béni Mellal-Khénifra,BMK,Fquih Ben Salah,Rural,Féminin,26,25-34,Entreprise,Niveau 3 (avancé),197,0,64.7
ALP501407,2022,Marrakech-Safi,MAR,Chichaoua,Urbain,Féminin,50,35-49,ONG,Niveau 3 (avancé),192,1,79.6
ALP501408,2016,Casablanca-Settat,CAS,Sidi Bennour,Urbain,Féminin,57,50-64,ANLCA,Niveau 1 (débutant),44,1,84.1
ALP501409,2020,Béni Mellal-Khénifra,BMK,Fquih Ben Salah,Rural,Féminin,43,35-49,Association partenaire,Niveau 3 (avancé),49,1,58.1
ALP501410,2015,Fès-Meknès,FES,Fès,Rural,Masculin,18,15-24,Association partenaire,Niveau 2 (intermédiaire),141,1,86.8
ALP501411,2021,Oriental,ORI,Figuig,Rural,Féminin,26,25-34,Association partenaire,Niveau 1 (débutant),177,0,49.9
ALP501412,2018,Fès-Meknès,FES,Séfrou,Rural,Féminin,63,50-64,Association partenaire,Niveau 3 (avancé),129,1,84.2
ALP501413,2016,Tanger-Tétouan-Al Hoceïma,TAN,Chefchaouen,Urbain,Féminin,33,25-34,ANLCA,Niveau 2 (intermédiaire),117,1,41.6
ALP501414,2021,Marrakech-Safi,MAR,Youssoufia,Rural,Féminin,39,35-49,Entreprise,Niveau 1 (débutant),109,1,63.0
ALP501415,2018,Souss-Massa,SOU,Tiznit,Rural,Féminin,47,35-49,Association partenaire,Niveau 3 (avancé),118,0,60.4
ALP501416,2016,Fès-Meknès,FES,Taza,Urbain,Masculin,41,35-49,Association partenaire,Niveau 1 (débutant),64,1,79.0
ALP501417,2020,Drâa-Tafilalet,DRA,Midelt,Rural,Masculin,61,50-64,Association partenaire,Niveau 2 (intermédiaire),136,1,68.8
ALP501418,2021,Fès-Meknès,FES,Meknès,Rural,Féminin,37,35-49,ANLCA,Niveau 2 (intermédiaire),179,0,62.8
ALP501419,2018,Fès-Meknès,FES,Taounate,Rural,Féminin,59,50-64,ANLCA,Niveau 3 (avancé),83,1,57.8
ALP501420,2020,Casablanca-Settat,CAS,El Jadida,Urbain,Masculin,31,25-34,ANLCA,Niveau 3 (avancé),126,1,69.4
ALP501421,2015,Dakhla-Oued Eddahab,DAK,Aousserd,Rural,Féminin,40,35-49,ANLCA,Niveau 1 (débutant),182,1,57.1
ALP501422,2017,Casablanca-Settat,CAS,Sidi Bennour,Rural,Féminin,20,15-24,Association partenaire,Niveau 2 (intermédiaire),130,1,53.0
ALP501423,2015,Oriental,ORI,Jerada,Urbain,Masculin,52,50-64,Association partenaire,Niveau 3 (avancé),165,1,54.6
ALP501424,2017,Marrakech-Safi,MAR,Marrakech,Rural,Féminin,16,15-24,Association partenaire,Niveau 2 (intermédiaire),189,0,41.8
ALP501425,2020,Rabat-Salé-Kénitra,RAB,Kénitra,Urbain,Masculin,48,35-49,ANLCA,Niveau 2 (intermédiaire),49,1,59.5
ALP501426,2021,Tanger-Tétouan-Al Hoceïma,TAN,Al Hoceïma,Rural,Masculin,62,50-64,ANLCA,Niveau 2 (intermédiaire),78,0,88.2
ALP501427,2023,Casablanca-Settat,CAS,Sidi Bennour,Urbain,Féminin,20,15-24,Mosquée,Niveau 2 (intermédiaire),174,0,83.2
ALP501428,2020,Rabat-Salé-Kénitra,RAB,Sidi Kacem,Rural,Masculin,55,50-64,ANLCA,Niveau 1 (débutant),45,1,100.0
ALP501429,2020,Fès-Meknès,FES,El Hajeb,Rural,Masculin,50,35-49,ANLCA,Niveau 1 (débutant),168,1,79.6
ALP501430,2017,Rabat-Salé-Kénitra,RAB,Salé,Rural,Féminin,20,15-24,Mosquée,Niveau 2 (intermédiaire),83,0,37.0
ALP501431,2015,Rabat-Salé-Kénitra,RAB,Sidi Slimane,Rural,Féminin,50,35-49,ONG,Niveau 2 (intermédiaire),170,0,74.9
ALP501432,2023,Fès-Meknès,FES,Meknès,Rural,Féminin,32,25-34,ANLCA,Niveau 1 (débutant),153,0,55.8
ALP501433,2023,Marrakech-Safi,MAR,El Kelaa des Sraghna,Urbain,Féminin,22,15-24,Mosquée,Niveau 3 (avancé),177,1,84.9
ALP501434,2023,Oriental,ORI,Berkane,Rural,Féminin,55,50-64,Association partenaire,Niveau 3 (avancé),160,1,36.2
ALP501435,2015,Casablanca-Settat,CAS,Sidi Bennour,Rural,Féminin,27,25-34,Mosquée,Niveau 1 (débutant),106,1,30.7
ALP501436,2016,Casablanca-Settat,CAS,El Jadida,Rural,Féminin,46,35-49,Association partenaire,Niveau 2 (intermédiaire),110,0,54.1
ALP501437,2023,Tanger-Tétouan-Al Hoceïma,TAN,Mdiq-Fnideq,Rural,Masculin,28,25-34,ANLCA,Niveau 3 (avancé),53,1,77.1
ALP501438,2017,Casablanca-Settat,CAS,Settat,Urbain,Féminin,27,25-34,Association partenaire,Niveau 1 (débutant),64,1,59.2
ALP501439,2020,Rabat-Salé-Kénitra,RAB,Sidi Slimane,Urbain,Masculin,55,50-64,Association partenaire,Niveau 1 (débutant),97,1,56.4
ALP501440,2021,Casablanca-Settat,CAS,Berrechid,Rural,Masculin,16,15-24,Association partenaire,Niveau 2 (intermédiaire),84,1,57.6
ALP501441,2018,Casablanca-Settat,CAS,El Jadida,Urbain,Féminin,30,25-34,ANLCA,Niveau 1 (débutant),128,1,68.2
ALP501442,2015,Fès-Meknès,FES,Meknès,Rural,Féminin,19,15-24,ANLCA,Niveau 2 (intermédiaire),123,1,63.1
ALP501443,2019,Béni Mellal-Khénifra,BMK,Khouribga,Rural,Masculin,28,25-34,ONG,Niveau 1 (débutant),44,1,57.6
ALP501444,2017,Casablanca-Settat,CAS,El Jadida,Urbain,Masculin,31,25-34,Association partenaire,Niveau 2 (intermédiaire),106,1,29.2
ALP501445,2015,Drâa-Tafilalet,DRA,Ouarzazate,Urbain,Masculin,52,50-64,ANLCA,Niveau 3 (avancé),179,1,74.4
ALP501446,2019,Tanger-Tétouan-Al Hoceïma,TAN,Fahs-Anjra,Rural,Féminin,61,50-64,Association partenaire,Niveau 2 (intermédiaire),135,1,75.6
ALP501447,2020,Marrakech-Safi,MAR,Al Haouz,Urbain,Féminin,41,35-49,ANLCA,Niveau 2 (intermédiaire),41,1,46.7
ALP501448,2016,Tanger-Tétouan-Al Hoceïma,TAN,Al Hoceïma,Rural,Féminin,30,25-34,Mosquée,Niveau 3 (avancé),191,1,62.5
ALP501449,2016,Casablanca-Settat,CAS,Mohammadia,Urbain,Masculin,27,25-34,ANLCA,Niveau 1 (débutant),165,1,38.4
ALP501450,2017,Marrakech-Safi,MAR,El Kelaa des Sraghna,Urbain,Féminin,59,50-64,Mosquée,Niveau 2 (intermédiaire),50,0,62.7
ALP501451,2019,Marrakech-Safi,MAR,Al Haouz,Rural,Féminin,63,50-64,Mosquée,Niveau 1 (débutant),114,1,41.8
ALP501452,2020,Casablanca-Settat,CAS,Casablanca,Rural,Masculin,49,35-49,ANLCA,Niveau 3 (avancé),56,1,47.8
ALP501453,2015,Marrakech-Safi,MAR,Marrakech,Urbain,Masculin,40,35-49,ANLCA,Niveau 2 (intermédiaire),72,1,54.3
ALP501454,2022,Tanger-Tétouan-Al Hoceïma,TAN,Ouazzane,Urbain,Féminin,17,15-24,ANLCA,Niveau 3 (avancé),90,0,69.7
ALP501455,2020,Fès-Meknès,FES,Meknès,Rural,Féminin,41,35-49,Association partenaire,Niveau 1 (débutant),110,0,74.7
ALP501456,2023,Casablanca-Settat,CAS,Settat,Rural,Masculin,54,50-64,ONG,Niveau 2 (intermédiaire),95,0,59.8
ALP501457,2022,Casablanca-Settat,CAS,El Jadida,Urbain,Féminin,59,50-64,ONG,Niveau 2 (intermédiaire),117,1,56.2
ALP501458,2023,Guelmim-Oued Noun,GUE,Guelmim,Urbain,Masculin,23,15-24,Association partenaire,Niveau 3 (avancé),83,1,15.4
ALP501459,2021,Fès-Meknès,FES,Séfrou,Rural,Masculin,31,25-34,Association partenaire,Niveau 1 (débutant),117,1,58.2
ALP501460,2015,Drâa-Tafilalet,DRA,Zagora,Urbain,Masculin,33,25-34,Mosquée,Niveau 1 (débutant),92,1,78.3
ALP501461,2021,Rabat-Salé-Kénitra,RAB,Sidi Kacem,Urbain,Masculin,23,15-24,Entreprise,Niveau 3 (avancé),112,1,60.3
ALP501462,2022,Casablanca-Settat,CAS,Berrechid,Rural,Féminin,16,15-24,Mosquée,Niveau 1 (débutant),81,1,42.1
ALP501463,2020,Casablanca-Settat,CAS,Khouribga,Urbain,Masculin,56,50-64,ANLCA,Niveau 2 (intermédiaire),191,1,79.6
ALP501464,2016,Tanger-Tétouan-Al Hoceïma,TAN,Mdiq-Fnideq,Rural,Féminin,48,35-49,Association partenaire,Niveau 3 (avancé),192,0,39.0
ALP501465,2015,Fès-Meknès,FES,Moulay Yacoub,Rural,Masculin,49,35-49,Association partenaire,Niveau 2 (intermédiaire),101,1,67.1
ALP501466,2015,Casablanca-Settat,CAS,Sidi Bennour,Urbain,Féminin,43,35-49,ANLCA,Niveau 1 (débutant),75,0,83.6
ALP501467,2016,Casablanca-Settat,CAS,Mohammadia,Urbain,Masculin,63,50-64,ANLCA,Niveau 2 (intermédiaire),188,1,48.0
ALP501468,2015,Drâa-Tafilalet,DRA,Zagora,Urbain,Féminin,23,15-24,ANLCA,Niveau 2 (intermédiaire),184,1,78.3
ALP501469,2021,Marrakech-Safi,MAR,Youssoufia,Rural,Masculin,62,50-64,ANLCA,Niveau 1 (débutant),56,1,29.7
ALP501470,2018,Drâa-Tafilalet,DRA,Zagora,Rural,Féminin,57,50-64,Mosquée,Niveau 1 (débutant),157,1,43.2
ALP501471,2016,Marrakech-Safi,MAR,Marrakech,Rural,Féminin,44,35-49,ANLCA,Niveau 3 (avancé),167,0,80.8
ALP501472,2020,Fès-Meknès,FES,Moulay Yacoub,Urbain,Masculin,57,50-64,Association partenaire,Niveau 1 (débutant),76,1,45.5
ALP501473,2017,Casablanca-Settat,CAS,Benslimane,Rural,Féminin,54,50-64,Mosquée,Niveau 2 (intermédiaire),178,1,35.8
ALP501474,2016,Oriental,ORI,Guercif,Rural,Féminin,51,50-64,ONG,Niveau 3 (avancé),45,1,61.6
ALP501475,2023,Casablanca-Settat,CAS,Casablanca,Urbain,Féminin,22,15-24,ANLCA,Niveau 2 (intermédiaire),147,1,67.0
ALP501476,2023,Rabat-Salé-Kénitra,RAB,Kénitra,Rural,Féminin,52,50-64,Association partenaire,Niveau 1 (débutant),152,1,45.1
ALP501477,2020,Tanger-Tétouan-Al Hoceïma,TAN,Chefchaouen,Rural,Féminin,47,35-49,ANLCA,Niveau 1 (débutant),164,1,83.0
ALP501478,2015,Casablanca-Settat,CAS,Benslimane,Urbain,Féminin,36,35-49,Association partenaire,Niveau 1 (débutant),81,0,48.9
ALP501479,2019,Tanger-Tétouan-Al Hoceïma,TAN,Fahs-Anjra,Rural,Féminin,56,50-64,Association partenaire,Niveau 3 (avancé),103,0,92.6
ALP501480,2020,Souss-Massa,SOU,Tiznit,Urbain,Masculin,43,35-49,Association partenaire,Niveau 1 (débutant),164,1,87.0
ALP501481,2021,Rabat-Salé-Kénitra,RAB,Rabat,Urbain,Féminin,51,50-64,Association partenaire,Niveau 2 (intermédiaire),91,0,96.6
ALP501482,2016,Souss-Massa,SOU,Agadir-Ida-Ou-Tanane,Urbain,Féminin,29,25-34,ONG,Niveau 1 (débutant),171,0,61.4
ALP501483,2022,Fès-Meknès,FES,Taza,Rural,Masculin,60,50-64,Association partenaire,Niveau 3 (avancé),127,1,0.0
ALP501484,2017,Casablanca-Settat,CAS,Berrechid,Urbain,Féminin,44,35-49,Entreprise,Niveau 1 (débutant),87,1,100.0
ALP501485,2023,Marrakech-Safi,MAR,El Kelaa des Sraghna,Rural,Féminin,34,25-34,Association partenaire,Niveau 1 (débutant),118,0,76.2
ALP501486,2020,Marrakech-Safi,MAR,Chichaoua,Rural,Féminin,62,50-64,ANLCA,Niveau 1 (débutant),163,0,79.7
ALP501487,2023,Rabat-Salé-Kénitra,RAB,Sidi Slimane,Urbain,Féminin,28,25-34,ANLCA,Niveau 1 (débutant),104,0,68.7
ALP501488,2019,Rabat-Salé-Kénitra,RAB,Skhirate-Témara,Rural,Féminin,61,50-64,ONG,Niveau 3 (avancé),64,1,79.7
ALP501489,2023,Rabat-Salé-Kénitra,RAB,Skhirate-Témara,Rural,Masculin,55,50-64,Mosquée,Niveau 1 (débutant),146,0,82.1
ALP501490,2018,Tanger-Tétouan-Al Hoceïma,TAN,Ouazzane,Rural,Féminin,50,35-49,Mosquée,Niveau 1 (débutant),48,0,57.7
ALP501491,2021,Laâyoune-Sakia El Hamra,LAA,Tarfaya,Rural,Féminin,58,50-64,ANLCA,Niveau 2 (intermédiaire),142,1,79.6
ALP501492,2019,Rabat-Salé-Kénitra,RAB,Kénitra,Urbain,Féminin,51,50-64,ANLCA,Niveau 2 (intermédiaire),189,1,55.0
ALP501493,2023,Béni Mellal-Khénifra,BMK,Azilal,Rural,Féminin,38,35-49,Mosquée,Niveau 3 (avancé),164,1,70.3
ALP501494,2017,Casablanca-Settat,CAS,Benslimane,Urbain,Féminin,36,35-49,ANLCA,Niveau 2 (intermédiaire),149,1,95.2
ALP501495,2017,Oriental,ORI,Guercif,Rural,Féminin,22,15-24,ANLCA,Niveau 1 (débutant),171,1,75.7
ALP501496,2021,Souss-Massa,SOU,Taroudannt,Urbain,Féminin,46,35-49,ANLCA,Niveau 2 (intermédiaire),131,0,51.6
ALP501497,2017,Fès-Meknès,FES,Séfrou,Rural,Féminin,40,35-49,Entreprise,Niveau 2 (intermédiaire),143,1,64.3
ALP501498,2018,Marrakech-Safi,MAR,Chichaoua,Rural,Féminin,36,35-49,Mosquée,Niveau 1 (débutant),74,1,59.8
ALP501499,2017,Marrakech-Safi,MAR,Chichaoua,Urbain,Féminin,25,15-24,ONG,Niveau 1 (débutant),104,1,67.1
ALP501500,2023,Casablanca-Settat,CAS,Casablanca,Urbain,Féminin,23,15-24,ANLCA,Niveau 3 (avancé),48,1,94.8
ALP501501,2023,Marrakech-Safi,MAR,Al Haouz,Urbain,Féminin,33,25-34,Association partenaire,Niveau 3 (avancé),190,0,43.0
ALP501502,2021,Fès-Meknès,FES,El Hajeb,Urbain,Masculin,40,35-49,Association partenaire,Niveau 3 (avancé),182,0,46.3
ALP501503,2018,Casablanca-Settat,CAS,El Jadida,Urbain,Masculin,30,25-34,Mosquée,Niveau 1 (débutant),124,1,75.6
ALP501504,2016,Béni Mellal-Khénifra,BMK,Béni Mellal,Rural,Féminin,62,50-64,Association partenaire,Niveau 3 (avancé),172,0,49.3
ALP501505,2017,Fès-Meknès,FES,Taounate,Rural,Féminin,17,15-24,ANLCA,Niveau 1 (débutant),139,0,74.6
ALP501506,2019,Oriental,ORI,Figuig,Rural,Masculin,44,35-49,ANLCA,Niveau 2 (intermédiaire),75,0,69.4
ALP501507,2015,Fès-Meknès,FES,Ifrane,Urbain,Féminin,50,35-49,ANLCA,Niveau 1 (débutant),91,1,44.0
ALP501508,2022,Fès-Meknès,FES,Taza,Urbain,Féminin,39,35-49,Association partenaire,Niveau 1 (débutant),146,1,94.8
ALP501509,2017,Drâa-Tafilalet,DRA,Zagora,Urbain,Féminin,26,25-34,ANLCA,Niveau 1 (débutant),90,1,81.4
ALP501510,2016,Fès-Meknès,FES,El Hajeb,Urbain,Masculin,31,25-34,ONG,Niveau 1 (débutant),182,0,59.8
ALP501511,2021,Marrakech-Safi,MAR,El Kelaa des Sraghna,Rural,Féminin,26,25-34,ANLCA,Niveau 1 (débutant),109,1,51.3
ALP501512,2019,Drâa-Tafilalet,DRA,Ouarzazate,Urbain,Féminin,40,35-49,ANLCA,Niveau 1 (débutant),42,0,72.9
ALP501513,2022,Casablanca-Settat,CAS,Mohammadia,Rural,Masculin,59,50-64,Association partenaire,Niveau 2 (intermédiaire),143,0,47.9
ALP501514,2019,Marrakech-Safi,MAR,Chichaoua,Urbain,Masculin,34,25-34,ANLCA,Niveau 2 (intermédiaire),119,1,59.3
ALP501515,2017,Tanger-Tétouan-Al Hoceïma,TAN,Chefchaouen,Rural,Féminin,56,50-64,ANLCA,Niveau 2 (intermédiaire),175,1,83.8
ALP501516,2023,Casablanca-Settat,CAS,Casablanca,Rural,Masculin,27,25-34,Association partenaire,Niveau 2 (intermédiaire),196,1,55.4
ALP501517,2015,Drâa-Tafilalet,DRA,Zagora,Urbain,Féminin,60,50-64,ONG,Niveau 1 (débutant),46,1,77.3
ALP501518,2018,Rabat-Salé-Kénitra,RAB,Sidi Kacem,Urbain,Féminin,56,50-64,ONG,Niveau 3 (avancé),124,0,100.0
ALP501519,2016,Marrakech-Safi,MAR,Al Haouz,Urbain,Masculin,48,35-49,Association partenaire,Niveau 2 (intermédiaire),72,1,55.4
ALP501520,2018,Rabat-Salé-Kénitra,RAB,Sidi Kacem,Rural,Masculin,60,50-64,Entreprise,Niveau 2 (intermédiaire),151,1,55.9
ALP501521,2020,Rabat-Salé-Kénitra,RAB,Sidi Kacem,Rural,Féminin,38,35-49,Association partenaire,Niveau 3 (avancé),106,1,26.8
ALP501522,2020,Oriental,ORI,Driouch,Rural,Masculin,39,35-49,ANLCA,Niveau 1 (débutant),181,0,78.7
ALP501523,2015,Oriental,ORI,Nador,Rural,Féminin,60,50-64,ANLCA,Niveau 2 (intermédiaire),146,1,61.8
ALP501524,2021,Oriental,ORI,Driouch,Rural,Féminin,54,50-64,ANLCA,Niveau 3 (avancé),92,1,100.0
ALP501525,2019,Souss-Massa,SOU,Inezgane-Ait Melloul,Urbain,Féminin,27,25-34,ANLCA,Niveau 2 (intermédiaire),156,1,71.9
ALP501526,2016,Rabat-Salé-Kénitra,RAB,Skhirate-Témara,Rural,Féminin,59,50-64,ANLCA,Niveau 2 (intermédiaire),182,1,63.4
ALP501527,2019,Casablanca-Settat,CAS,Khouribga,Urbain,Masculin,32,25-34,Association partenaire,Niveau 1 (débutant),88,1,63.8
ALP501528,2021,Fès-Meknès,FES,Séfrou,Urbain,Masculin,34,25-34,ANLCA,Niveau 2 (intermédiaire),48,0,44.7
ALP501529,2022,Casablanca-Settat,CAS,Berrechid,Rural,Masculin,20,15-24,Association partenaire,Niveau 1 (débutant),180,1,65.2
ALP501530,2017,Fès-Meknès,FES,Ifrane,Urbain,Féminin,25,15-24,ANLCA,Niveau 2 (intermédiaire),85,1,74.1
ALP501531,2020,Casablanca-Settat,CAS,El Jadida,Rural,Masculin,20,15-24,ANLCA,Niveau 1 (débutant),114,0,50.8
ALP501532,2021,Marrakech-Safi,MAR,Marrakech,Urbain,Féminin,59,50-64,ANLCA,Niveau 2 (intermédiaire),164,1,100.0
ALP501533,2021,Casablanca-Settat,CAS,Benslimane,Urbain,Masculin,22,15-24,ANLCA,Niveau 3 (avancé),172,1,40.6
ALP501534,2016,Tanger-Tétouan-Al Hoceïma,TAN,Tétouan,Urbain,Féminin,21,15-24,ONG,Niveau 3 (avancé),65,1,55.9
ALP501535,2022,Béni Mellal-Khénifra,BMK,El Kelaa des Sraghna,Rural,Féminin,36,35-49,ANLCA,Niveau 1 (débutant),114,0,17.9
ALP501536,2017,Béni Mellal-Khénifra,BMK,Fquih Ben Salah,Rural,Féminin,28,25-34,ANLCA,Niveau 2 (intermédiaire),100,0,43.4
ALP501537,2015,Fès-Meknès,FES,Fès,Urbain,Féminin,28,25-34,Association partenaire,Niveau 2 (intermédiaire),121,1,93.6
ALP501538,2020,Souss-Massa,SOU,Taroudannt,Rural,Féminin,54,50-64,Mosquée,Niveau 2 (intermédiaire),157,0,54.5
ALP501539,2015,Rabat-Salé-Kénitra,RAB,Sidi Kacem,Rural,Féminin,64,50-64,ANLCA,Niveau 1 (débutant),107,0,49.1
ALP501540,2020,Casablanca-Settat,CAS,El Jadida,Rural,Féminin,46,35-49,ANLCA,Niveau 3 (avancé),151,1,71.5
ALP501541,2018,Marrakech-Safi,MAR,Al Haouz,Rural,Féminin,42,35-49,Association partenaire,Niveau 1 (débutant),115,1,68.7
ALP501542,2017,Rabat-Salé-Kénitra,RAB,Khémisset,Urbain,Féminin,47,35-49,ANLCA,Niveau 3 (avancé),91,1,69.6
ALP501543,2019,Casablanca-Settat,CAS,Sidi Bennour,Rural,Féminin,45,35-49,ONG,Niveau 1 (débutant),63,1,47.1
ALP501544,2019,Marrakech-Safi,MAR,Youssoufia,Rural,Féminin,53,50-64,ANLCA,Niveau 1 (débutant),190,1,79.3
ALP501545,2017,Laâyoune-Sakia El Hamra,LAA,Boujdour,Rural,Féminin,34,25-34,Entreprise,Niveau 2 (intermédiaire),129,0,35.2
ALP501546,2017,Tanger-Tétouan-Al Hoceïma,TAN,Mdiq-Fnideq,Rural,Masculin,17,15-24,ONG,Niveau 2 (intermédiaire),168,1,46.0
ALP501547,2016,Drâa-Tafilalet,DRA,Zagora,Urbain,Féminin,47,35-49,Mosquée,Niveau 3 (avancé),106,1,48.6
ALP501548,2020,Casablanca-Settat,CAS,Casablanca,Rural,Féminin,55,50-64,ANLCA,Niveau 3 (avancé),52,0,78.0
ALP501549,2023,Rabat-Salé-Kénitra,RAB,Rabat,Rural,Féminin,25,15-24,ONG,Niveau 1 (débutant),64,1,66.2
ALP501550,2018,Fès-Meknès,FES,Taza,Urbain,Masculin,20,15-24,ONG,Niveau 2 (intermédiaire),87,1,70.9
ALP501551,2016,Marrakech-Safi,MAR,Youssoufia,Rural,Féminin,21,15-24,ANLCA,Niveau 2 (intermédiaire),95,1,23.4
ALP501552,2022,Fès-Meknès,FES,Moulay Yacoub,Urbain,Féminin,41,35-49,ANLCA,Niveau 2 (intermédiaire),167,1,58.9
ALP501553,2023,Casablanca-Settat,CAS,El Jadida,Rural,Féminin,60,50-64,ANLCA,Niveau 2 (intermédiaire),131,1,56.8
ALP501554,2023,Casablanca-Settat,CAS,Berrechid,Rural,Féminin,18,15-24,ANLCA,Niveau 1 (débutant),131,1,42.1
ALP501555,2022,Rabat-Salé-Kénitra,RAB,Skhirate-Témara,Rural,Féminin,46,35-49,Association partenaire,Niveau 2 (intermédiaire),178,1,85.9
ALP501556,2015,Rabat-Salé-Kénitra,RAB,Khémisset,Rural,Féminin,23,15-24,Association partenaire,Niveau 2 (intermédiaire),98,0,60.4
ALP501557,2021,Fès-Meknès,FES,Taza,Rural,Féminin,42,35-49,ANLCA,Niveau 3 (avancé),158,0,50.1
ALP501558,2023,Béni Mellal-Khénifra,BMK,Khouribga,Rural,Masculin,49,35-49,ANLCA,Niveau 1 (débutant),109,0,50.0
ALP501559,2017,Tanger-Tétouan-Al Hoceïma,TAN,Tanger-Assilah,Rural,Féminin,40,35-49,ONG,Niveau 1 (débutant),84,1,57.3
ALP501560,2017,Fès-Meknès,FES,Boulemane,Rural,Féminin,17,15-24,Association partenaire,Niveau 2 (intermédiaire),100,1,31.8
ALP501561,2015,Souss-Massa,SOU,Inezgane-Ait Melloul,Urbain,Féminin,47,35-49,Mosquée,Niveau 1 (débutant),132,0,100.0
ALP501562,2017,Rabat-Salé-Kénitra,RAB,Khémisset,Rural,Féminin,56,50-64,ANLCA,Niveau 2 (intermédiaire),142,1,73.3
ALP501563,2017,Rabat-Salé-Kénitra,RAB,Khémisset,Rural,Féminin,42,35-49,Association partenaire,Niveau 3 (avancé),198,1,60.6
ALP501564,2023,Marrakech-Safi,MAR,Marrakech,Rural,Féminin,43,35-49,ANLCA,Niveau 3 (avancé),119,0,67.5
ALP501565,2023,Fès-Meknès,FES,Séfrou,Urbain,Féminin,30,25-34,Mosquée,Niveau 1 (débutant),111,0,43.0
ALP501566,2023,Tanger-Tétouan-Al Hoceïma,TAN,Fahs-Anjra,Rural,Féminin,35,25-34,Association partenaire,Niveau 2 (intermédiaire),91,0,46.4
ALP501567,2022,Laâyoune-Sakia El Hamra,LAA,Laâyoune,Rural,Féminin,27,25-34,ANLCA,Niveau 2 (intermédiaire),58,1,93.1
ALP501568,2018,Casablanca-Settat,CAS,Settat,Rural,Masculin,58,50-64,Association partenaire,Niveau 3 (avancé),53,1,77.6
ALP501569,2019,Béni Mellal-Khénifra,BMK,Béni Mellal,Rural,Féminin,39,35-49,Association partenaire,Niveau 3 (avancé),121,1,75.8
ALP501570,2021,Fès-Meknès,FES,Taounate,Urbain,Masculin,45,35-49,ANLCA,Niveau 2 (intermédiaire),62,1,74.7
ALP501571,2023,Casablanca-Settat,CAS,Settat,Rural,Masculin,25,15-24,Entreprise,Niveau 2 (intermédiaire),57,1,60.6
ALP501572,2018,Rabat-Salé-Kénitra,RAB,Sidi Kacem,Urbain,Masculin,33,25-34,ANLCA,Niveau 1 (débutant),137,1,52.7
ALP501573,2018,Rabat-Salé-Kénitra,RAB,Khémisset,Rural,Masculin,43,35-49,ANLCA,Niveau 2 (intermédiaire),116,1,76.9
ALP501574,2023,Marrakech-Safi,MAR,Safi,Rural,Féminin,20,15-24,ANLCA,Niveau 1 (débutant),60,1,71.1
ALP501575,2022,Béni Mellal-Khénifra,BMK,Khouribga,Urbain,Masculin,64,50-64,Association partenaire,Niveau 3 (avancé),70,1,71.9
ALP501576,2015,Marrakech-Safi,MAR,Youssoufia,Rural,Masculin,26,25-34,Mosquée,Niveau 3 (avancé),77,1,74.9
ALP501577,2016,Marrakech-Safi,MAR,Marrakech,Rural,Féminin,51,50-64,Association partenaire,Niveau 1 (débutant),96,1,72.1
ALP501578,2019,Casablanca-Settat,CAS,Mohammadia,Rural,Féminin,27,25-34,Association partenaire,Niveau 1 (débutant),57,0,41.3
ALP501579,2019,Guelmim-Oued Noun,GUE,Guelmim,Rural,Féminin,60,50-64,ANLCA,Niveau 3 (avancé),51,0,100.0
ALP501580,2016,Béni Mellal-Khénifra,BMK,Béni Mellal,Urbain,Féminin,20,15-24,Association partenaire,Niveau 3 (avancé),146,0,47.1
ALP501581,2021,Marrakech-Safi,MAR,Youssoufia,Rural,Féminin,24,15-24,Association partenaire,Niveau 1 (débutant),141,0,37.9
ALP501582,2018,Casablanca-Settat,CAS,Berrechid,Urbain,Féminin,51,50-64,Association partenaire,Niveau 1 (débutant),111,1,67.1
ALP501583,2022,Tanger-Tétouan-Al Hoceïma,TAN,Tanger-Assilah,Urbain,Masculin,56,50-64,Mosquée,Niveau 2 (intermédiaire),98,1,71.6
ALP501584,2020,Tanger-Tétouan-Al Hoceïma,TAN,Mdiq-Fnideq,Urbain,Féminin,17,15-24,ANLCA,Niveau 3 (avancé),144,1,57.3
ALP501585,2022,Tanger-Tétouan-Al Hoceïma,TAN,Chefchaouen,Rural,Masculin,54,50-64,Entreprise,Niveau 1 (débutant),90,1,42.6
ALP501586,2018,Oriental,ORI,Jerada,Rural,Féminin,26,25-34,ANLCA,Niveau 2 (intermédiaire),125,1,24.9
ALP501587,2020,Oriental,ORI,Figuig,Rural,Féminin,51,50-64,Mosquée,Niveau 1 (débutant),117,1,61.6
ALP501588,2020,Oriental,ORI,Figuig,Rural,Masculin,45,35-49,Mosquée,Niveau 1 (débutant),88,1,43.4
ALP501589,2018,Casablanca-Settat,CAS,Sidi Bennour,Rural,Masculin,31,25-34,Entreprise,Niveau 2 (intermédiaire),127,1,81.5
ALP501590,2015,Casablanca-Settat,CAS,Khouribga,Rural,Féminin,58,50-64,ANLCA,Niveau 2 (intermédiaire),49,0,48.4
ALP501591,2017,Marrakech-Safi,MAR,El Kelaa des Sraghna,Urbain,Féminin,22,15-24,Mosquée,Niveau 2 (intermédiaire),182,0,64.3
ALP501592,2016,Souss-Massa,SOU,Inezgane-Ait Melloul,Rural,Masculin,45,35-49,ANLCA,Niveau 2 (intermédiaire),142,1,87.3
ALP501593,2021,Casablanca-Settat,CAS,Berrechid,Urbain,Féminin,53,50-64,Mosquée,Niveau 2 (intermédiaire),148,1,61.4
ALP501594,2018,Casablanca-Settat,CAS,Khouribga,Urbain,Masculin,17,15-24,Association partenaire,Niveau 3 (avancé),120,1,36.0
ALP501595,2016,Béni Mellal-Khénifra,BMK,Khouribga,Urbain,Féminin,16,15-24,ONG,Niveau 1 (débutant),103,0,61.1
ALP501596,2018,Fès-Meknès,FES,Taza,Urbain,Féminin,17,15-24,Association partenaire,Niveau 1 (débutant),123,1,50.6
ALP501597,2016,Marrakech-Safi,MAR,Marrakech,Rural,Masculin,49,35-49,ONG,Niveau 3 (avancé),54,0,79.3
ALP501598,2015,Rabat-Salé-Kénitra,RAB,Kénitra,Rural,Féminin,47,35-49,Mosquée,Niveau 2 (intermédiaire),56,1,57.3
ALP501599,2022,Fès-Meknès,FES,Meknès,Rural,Féminin,37,35-49,ANLCA,Niveau 1 (débutant),82,1,66.1
ALP501600,2017,Rabat-Salé-Kénitra,RAB,Kénitra,Urbain,Féminin,32,25-34,Association partenaire,Niveau 3 (avancé),87,1,46.9
ALP501601,2019,Drâa-Tafilalet,DRA,Ouarzazate,Rural,Féminin,42,35-49,Association partenaire,Niveau 1 (débutant),170,1,88.9
ALP501602,2019,Casablanca-Settat,CAS,Benslimane,Urbain,Féminin,39,35-49,ANLCA,Niveau 1 (débutant),124,0,65.0
ALP501603,2018,Rabat-Salé-Kénitra,RAB,Sidi Kacem,Rural,Féminin,26,25-34,Entreprise,Niveau 2 (intermédiaire),183,1,82.7
ALP501604,2018,Marrakech-Safi,MAR,Chichaoua,Rural,Masculin,46,35-49,Mosquée,Niveau 2 (intermédiaire),151,1,46.1
ALP501605,2020,Béni Mellal-Khénifra,BMK,Fquih Ben Salah,Rural,Féminin,49,35-49,Mosquée,Niveau 1 (débutant),188,0,73.9
ALP501606,2023,Casablanca-Settat,CAS,Khouribga,Rural,Féminin,32,25-34,ANLCA,Niveau 3 (avancé),163,0,27.5
ALP501607,2021,Casablanca-Settat,CAS,Sidi Bennour,Urbain,Féminin,28,25-34,Mosquée,Niveau 2 (intermédiaire),51,1,65.7
ALP501608,2021,Béni Mellal-Khénifra,BMK,El Kelaa des Sraghna,Rural,Féminin,45,35-49,ANLCA,Niveau 1 (débutant),130,1,55.1
ALP501609,2018,Rabat-Salé-Kénitra,RAB,Salé,Urbain,Féminin,57,50-64,Entreprise,Niveau 3 (avancé),62,0,90.2
ALP501610,2020,Casablanca-Settat,CAS,Khouribga,Urbain,Masculin,16,15-24,ANLCA,Niveau 2 (intermédiaire),84,1,25.2
ALP501611,2022,Fès-Meknès,FES,Meknès,Rural,Féminin,55,50-64,Association partenaire,Niveau 1 (débutant),156,1,63.5
ALP501612,2023,Béni Mellal-Khénifra,BMK,Azilal,Rural,Féminin,41,35-49,ANLCA,Niveau 3 (avancé),187,1,27.4
ALP501613,2018,Tanger-Tétouan-Al Hoceïma,TAN,Fahs-Anjra,Rural,Féminin,36,35-49,Association partenaire,Niveau 2 (intermédiaire),55,1,50.4
ALP501614,2022,Casablanca-Settat,CAS,Sidi Bennour,Rural,Masculin,50,35-49,ONG,Niveau 1 (débutant),91,1,73.3
ALP501615,2018,Marrakech-Safi,MAR,Essaouira,Rural,Féminin,22,15-24,Association partenaire,Niveau 1 (débutant),116,0,89.2
ALP501616,2015,Casablanca-Settat,CAS,Mohammadia,Rural,Féminin,23,15-24,ANLCA,Niveau 3 (avancé),62,1,71.9
ALP501617,2023,Casablanca-Settat,CAS,Settat,Rural,Féminin,22,15-24,ONG,Niveau 2 (intermédiaire),99,1,62.9
ALP501618,2022,Drâa-Tafilalet,DRA,Zagora,Rural,Féminin,48,35-49,Mosquée,Niveau 3 (avancé),120,1,29.3
ALP501619,2017,Marrakech-Safi,MAR,El Kelaa des Sraghna,Rural,Féminin,51,50-64,Mosquée,Niveau 2 (intermédiaire),97,0,66.0
ALP501620,2021,Souss-Massa,SOU,Taroudannt,Urbain,Féminin,39,35-49,ANLCA,Niveau 3 (avancé),87,0,79.2
ALP501621,2018,Béni Mellal-Khénifra,BMK,Azilal,Rural,Féminin,22,15-24,ONG,Niveau 2 (intermédiaire),69,1,84.2
ALP501622,2017,Marrakech-Safi,MAR,Al Haouz,Urbain,Féminin,50,35-49,Association partenaire,Niveau 3 (avancé),90,0,46.4
ALP501623,2020,Rabat-Salé-Kénitra,RAB,Skhirate-Témara,Rural,Féminin,61,50-64,ANLCA,Niveau 1 (débutant),142,1,74.6
ALP501624,2022,Oriental,ORI,Taourirt,Urbain,Féminin,15,,ANLCA,Niveau 2 (intermédiaire),160,1,75.5
ALP501625,2017,Casablanca-Settat,CAS,Settat,Rural,Féminin,21,15-24,Association partenaire,Niveau 3 (avancé),187,0,65.5
ALP501626,2020,Casablanca-Settat,CAS,Khouribga,Urbain,Féminin,29,25-34,Mosquée,Niveau 2 (intermédiaire),85,0,54.8
ALP501627,2016,Fès-Meknès,FES,Taounate,Rural,Féminin,38,35-49,Mosquée,Niveau 3 (avancé),105,1,48.5
ALP501628,2015,Rabat-Salé-Kénitra,RAB,Skhirate-Témara,Rural,Féminin,24,15-24,Mosquée,Niveau 1 (débutant),190,1,60.0
ALP501629,2018,Marrakech-Safi,MAR,Essaouira,Rural,Féminin,39,35-49,Mosquée,Niveau 3 (avancé),194,0,65.1
ALP501630,2023,Casablanca-Settat,CAS,Berrechid,Rural,Féminin,34,25-34,ANLCA,Niveau 1 (débutant),170,1,23.5
ALP501631,2019,Marrakech-Safi,MAR,Marrakech,Rural,Féminin,24,15-24,ANLCA,Niveau 2 (intermédiaire),149,0,83.2
ALP501632,2015,Souss-Massa,SOU,Taroudannt,Rural,Féminin,56,50-64,Mosquée,Niveau 1 (débutant),147,1,79.1
ALP501633,2017,Casablanca-Settat,CAS,El Jadida,Urbain,Féminin,39,35-49,Association partenaire,Niveau 3 (avancé),91,1,49.4
ALP501634,2023,Tanger-Tétouan-Al Hoceïma,TAN,Chefchaouen,Rural,Féminin,46,35-49,Association partenaire,Niveau 1 (débutant),183,1,43.4
ALP501635,2022,Tanger-Tétouan-Al Hoceïma,TAN,Mdiq-Fnideq,Rural,Féminin,56,50-64,Association partenaire,Niveau 1 (débutant),160,1,66.5
ALP501636,2019,Fès-Meknès,FES,Fès,Rural,Masculin,58,50-64,Association partenaire,Niveau 2 (intermédiaire),105,1,66.2
ALP501637,2016,Tanger-Tétouan-Al Hoceïma,TAN,Tétouan,Urbain,Masculin,57,50-64,Association partenaire,Niveau 2 (intermédiaire),142,0,71.3
ALP501638,2016,Marrakech-Safi,MAR,Al Haouz,Urbain,Féminin,54,50-64,Association partenaire,Niveau 2 (intermédiaire),124,1,64.0
ALP501639,2017,Tanger-Tétouan-Al Hoceïma,TAN,Tétouan,Urbain,Féminin,26,25-34,Association partenaire,Niveau 2 (intermédiaire),55,1,68.5
ALP501640,2015,Béni Mellal-Khénifra,BMK,Azilal,Rural,Féminin,18,15-24,Mosquée,Niveau 1 (débutant),156,1,57.8
ALP501641,2016,Casablanca-Settat,CAS,El Jadida,Rural,Féminin,22,15-24,Association partenaire,Niveau 3 (avancé),91,1,59.1
ALP501642,2017,Rabat-Salé-Kénitra,RAB,Kénitra,Rural,Féminin,45,35-49,Association partenaire,Niveau 1 (débutant),195,1,58.5
ALP501643,2020,Rabat-Salé-Kénitra,RAB,Khémisset,Rural,Masculin,24,15-24,Association partenaire,Niveau 2 (intermédiaire),86,1,66.2
ALP501644,2017,Fès-Meknès,FES,Taza,Rural,Masculin,28,25-34,Association partenaire,Niveau 1 (débutant),122,0,25.1
ALP501645,2023,Rabat-Salé-Kénitra,RAB,Sidi Kacem,Urbain,Féminin,52,50-64,ANLCA,Niveau 1 (débutant),77,0,58.4
ALP501646,2015,Tanger-Tétouan-Al Hoceïma,TAN,Larache,Rural,Féminin,15,,ONG,Niveau 2 (intermédiaire),154,0,54.9
ALP501647,2021,Oriental,ORI,Driouch,Rural,Féminin,29,25-34,ANLCA,Niveau 1 (débutant),119,1,59.4
ALP501648,2016,Marrakech-Safi,MAR,Chichaoua,Rural,Féminin,47,35-49,Association partenaire,Niveau 3 (avancé),104,1,66.8
ALP501649,2019,Drâa-Tafilalet,DRA,Ouarzazate,Urbain,Féminin,20,15-24,Association partenaire,Niveau 3 (avancé),105,1,55.3
ALP501650,2016,Souss-Massa,SOU,Tiznit,Urbain,Féminin,50,35-49,ANLCA,Niveau 1 (débutant),178,1,55.2
ALP501651,2019,Casablanca-Settat,CAS,Settat,Rural,Féminin,39,35-49,ANLCA,Niveau 2 (intermédiaire),163,1,34.8
ALP501652,2015,Casablanca-Settat,CAS,Benslimane,Urbain,Féminin,27,25-34,ANLCA,Niveau 2 (intermédiaire),119,0,81.9
ALP501653,2022,Rabat-Salé-Kénitra,RAB,Khémisset,Rural,Féminin,53,50-64,ANLCA,Niveau 3 (avancé),147,1,46.5
ALP501654,2016,Marrakech-Safi,MAR,Essaouira,Urbain,Féminin,44,35-49,Entreprise,Niveau 2 (intermédiaire),120,1,69.8
ALP501655,2023,Tanger-Tétouan-Al Hoceïma,TAN,Larache,Rural,Masculin,55,50-64,Association partenaire,Niveau 1 (débutant),136,0,42.2
ALP501656,2020,Marrakech-Safi,MAR,Safi,Rural,Féminin,57,50-64,Mosquée,Niveau 1 (débutant),89,1,80.2
ALP501657,2020,Tanger-Tétouan-Al Hoceïma,TAN,Mdiq-Fnideq,Urbain,Féminin,48,35-49,ANLCA,Niveau 3 (avancé),172,0,65.1
ALP501658,2022,Marrakech-Safi,MAR,Al Haouz,Urbain,Masculin,34,25-34,ONG,Niveau 2 (intermédiaire),150,0,66.3
ALP501659,2023,Casablanca-Settat,CAS,Khouribga,Rural,Féminin,33,25-34,Association partenaire,Niveau 3 (avancé),83,1,100.0
ALP501660,2019,Guelmim-Oued Noun,GUE,Guelmim,Urbain,Féminin,32,25-34,ONG,Niveau 2 (intermédiaire),161,0,57.3
ALP501661,2020,Rabat-Salé-Kénitra,RAB,Skhirate-Témara,Rural,Féminin,32,25-34,ANLCA,Niveau 2 (intermédiaire),72,0,51.4
ALP501662,2022,Tanger-Tétouan-Al Hoceïma,TAN,Ouazzane,Rural,Masculin,40,35-49,ANLCA,Niveau 1 (débutant),190,1,77.4
ALP501663,2017,Rabat-Salé-Kénitra,RAB,Salé,Rural,Masculin,45,35-49,Association partenaire,Niveau 3 (avancé),50,1,79.7
ALP501664,2016,Casablanca-Settat,CAS,Benslimane,Rural,Féminin,53,50-64,Association partenaire,Niveau 3 (avancé),126,0,64.4
ALP501665,2021,Béni Mellal-Khénifra,BMK,Azilal,Rural,Masculin,61,50-64,Mosquée,Niveau 1 (débutant),161,1,70.3
ALP501666,2023,Oriental,ORI,Oujda-Angad,Rural,Féminin,58,50-64,ANLCA,Niveau 3 (avancé),54,0,48.5
ALP501667,2021,Marrakech-Safi,MAR,Marrakech,Rural,Féminin,20,15-24,Association partenaire,Niveau 1 (débutant),153,1,67.2
ALP501668,2019,Béni Mellal-Khénifra,BMK,Béni Mellal,Urbain,Féminin,64,50-64,Mosquée,Niveau 1 (débutant),44,1,87.8
ALP501669,2018,Rabat-Salé-Kénitra,RAB,Salé,Urbain,Masculin,56,50-64,ANLCA,Niveau 2 (intermédiaire),140,1,69.6
ALP501670,2021,Rabat-Salé-Kénitra,RAB,Sidi Slimane,Rural,Masculin,64,50-64,Association partenaire,Niveau 3 (avancé),67,1,80.5
ALP501671,2019,Rabat-Salé-Kénitra,RAB,Khémisset,Rural,Féminin,30,25-34,ONG,Niveau 1 (débutant),57,1,69.4
ALP501672,2021,Rabat-Salé-Kénitra,RAB,Khémisset,Urbain,Masculin,27,25-34,ANLCA,Niveau 1 (débutant),91,1,55.0
ALP501673,2016,Rabat-Salé-Kénitra,RAB,Skhirate-Témara,Urbain,Féminin,43,35-49,ANLCA,Niveau 2 (intermédiaire),161,1,63.6
ALP501674,2015,Fès-Meknès,FES,Meknès,Urbain,Féminin,19,15-24,Entreprise,Niveau 1 (débutant),159,1,47.0
ALP501675,2023,Marrakech-Safi,MAR,Al Haouz,Urbain,Féminin,38,35-49,Association partenaire,Niveau 1 (débutant),197,1,59.7
ALP501676,2016,Marrakech-Safi,MAR,Youssoufia,Urbain,Féminin,34,25-34,Mosquée,Niveau 1 (débutant),160,1,55.6
ALP501677,2021,Souss-Massa,SOU,Agadir-Ida-Ou-Tanane,Rural,Masculin,49,35-49,Mosquée,Niveau 3 (avancé),143,1,49.4
ALP501678,2020,Rabat-Salé-Kénitra,RAB,Sidi Slimane,Rural,Féminin,22,15-24,Entreprise,Niveau 1 (débutant),74,0,64.9
ALP501679,2021,Drâa-Tafilalet,DRA,Tinghir,Urbain,Féminin,59,50-64,Association partenaire,Niveau 1 (débutant),97,1,40.0
ALP501680,2023,Fès-Meknès,FES,El Hajeb,Rural,Féminin,42,35-49,Mosquée,Niveau 2 (intermédiaire),159,1,68.3
ALP501681,2018,Tanger-Tétouan-Al Hoceïma,TAN,Al Hoceïma,Rural,Masculin,19,15-24,ANLCA,Niveau 3 (avancé),42,1,68.1
ALP501682,2017,Souss-Massa,SOU,Agadir-Ida-Ou-Tanane,Rural,Féminin,24,15-24,Mosquée,Niveau 2 (intermédiaire),145,1,68.9
ALP501683,2016,Souss-Massa,SOU,Inezgane-Ait Melloul,Urbain,Féminin,45,35-49,Entreprise,Niveau 3 (avancé),157,1,66.3
ALP501684,2020,Casablanca-Settat,CAS,Sidi Bennour,Rural,Masculin,55,50-64,ONG,Niveau 3 (avancé),169,1,69.1
ALP501685,2023,Fès-Meknès,FES,Ifrane,Rural,Masculin,15,,ANLCA,Niveau 2 (intermédiaire),110,1,94.9
ALP501686,2016,Laâyoune-Sakia El Hamra,LAA,Laâyoune,Rural,Féminin,41,35-49,Association partenaire,Niveau 3 (avancé),127,1,61.6
ALP501687,2021,Casablanca-Settat,CAS,El Jadida,Rural,Féminin,54,50-64,Mosquée,Niveau 3 (avancé),169,0,94.0
ALP501688,2017,Casablanca-Settat,CAS,Mohammadia,Rural,Masculin,17,15-24,ONG,Niveau 2 (intermédiaire),171,1,51.6
ALP501689,2022,Rabat-Salé-Kénitra,RAB,Khémisset,Urbain,Féminin,15,,Association partenaire,Niveau 1 (débutant),40,0,66.5
ALP501690,2018,Rabat-Salé-Kénitra,RAB,Khémisset,Rural,Féminin,29,25-34,Entreprise,Niveau 2 (intermédiaire),58,0,67.8
ALP501691,2020,Tanger-Tétouan-Al Hoceïma,TAN,Chefchaouen,Rural,Féminin,46,35-49,Association partenaire,Niveau 2 (intermédiaire),69,0,70.8
ALP501692,2018,Rabat-Salé-Kénitra,RAB,Sidi Slimane,Rural,Masculin,58,50-64,ANLCA,Niveau 1 (débutant),55,1,77.7
ALP501693,2016,Marrakech-Safi,MAR,Marrakech,Rural,Masculin,63,50-64,Entreprise,Niveau 1 (débutant),55,1,77.0
ALP501694,2021,Tanger-Tétouan-Al Hoceïma,TAN,Tanger-Assilah,Rural,Féminin,37,35-49,ANLCA,Niveau 1 (débutant),138,0,42.4
ALP501695,2017,Fès-Meknès,FES,Séfrou,Urbain,Féminin,56,50-64,Association partenaire,Niveau 2 (intermédiaire),132,0,100.0
ALP501696,2017,Béni Mellal-Khénifra,BMK,Fquih Ben Salah,Rural,Masculin,39,35-49,ONG,Niveau 1 (débutant),67,1,93.3
ALP501697,2016,Béni Mellal-Khénifra,BMK,Azilal,Urbain,Féminin,18,15-24,ONG,Niveau 3 (avancé),60,0,81.9
ALP501698,2016,Casablanca-Settat,CAS,El Jadida,Rural,Féminin,19,15-24,ANLCA,Niveau 1 (débutant),168,1,70.8
ALP501699,2022,Fès-Meknès,FES,Séfrou,Rural,Féminin,19,15-24,Mosquée,Niveau 3 (avancé),62,1,73.2
ALP501700,2016,Rabat-Salé-Kénitra,RAB,Khémisset,Rural,Féminin,22,15-24,ANLCA,Niveau 1 (débutant),52,1,40.0
ALP501701,2016,Marrakech-Safi,MAR,Essaouira,Rural,Féminin,16,15-24,ANLCA,Niveau 2 (intermédiaire),115,1,81.0
ALP501702,2021,Oriental,ORI,Jerada,Rural,Féminin,18,15-24,Association partenaire,Niveau 2 (intermédiaire),193,1,29.4
ALP501703,2020,Rabat-Salé-Kénitra,RAB,Skhirate-Témara,Urbain,Masculin,54,50-64,ONG,Niveau 2 (intermédiaire),100,1,62.5
ALP501704,2015,Rabat-Salé-Kénitra,RAB,Sidi Slimane,Urbain,Féminin,52,50-64,ONG,Niveau 2 (intermédiaire),42,1,54.2
ALP501705,2021,Marrakech-Safi,MAR,Safi,Rural,Féminin,40,35-49,Entreprise,Niveau 2 (intermédiaire),127,0,56.8
ALP501706,2023,Oriental,ORI,Nador,Urbain,Féminin,59,50-64,ONG,Niveau 1 (débutant),86,1,48.7
ALP501707,2020,Casablanca-Settat,CAS,Casablanca,Rural,Féminin,54,50-64,ANLCA,Niveau 2 (intermédiaire),124,1,92.6
ALP501708,2023,Béni Mellal-Khénifra,BMK,Béni Mellal,Rural,Féminin,56,50-64,Association partenaire,Niveau 3 (avancé),169,1,85.0
ALP501709,2019,Oriental,ORI,Guercif,Urbain,Féminin,54,50-64,ONG,Niveau 1 (débutant),175,1,48.2
ALP501710,2023,Souss-Massa,SOU,Chtouka-Ait Baha,Urbain,Féminin,41,35-49,ONG,Niveau 2 (intermédiaire),167,1,57.4
ALP501711,2021,Marrakech-Safi,MAR,Chichaoua,Rural,Féminin,39,35-49,ONG,Niveau 3 (avancé),107,1,39.2
ALP501712,2019,Marrakech-Safi,MAR,Chichaoua,Rural,Féminin,15,,Mosquée,Niveau 1 (débutant),171,1,64.2
ALP501713,2016,Marrakech-Safi,MAR,Safi,Urbain,Féminin,36,35-49,ANLCA,Niveau 3 (avancé),173,1,90.3
ALP501714,2023,Casablanca-Settat,CAS,Settat,Rural,Masculin,40,35-49,ANLCA,Niveau 1 (débutant),46,1,54.1
ALP501715,2021,Oriental,ORI,Taourirt,Rural,Féminin,31,25-34,Association partenaire,Niveau 3 (avancé),117,1,57.1
ALP501716,2017,Tanger-Tétouan-Al Hoceïma,TAN,Chefchaouen,Rural,Féminin,27,25-34,ANLCA,Niveau 1 (débutant),156,1,66.3
ALP501717,2023,Rabat-Salé-Kénitra,RAB,Rabat,Urbain,Féminin,17,15-24,Entreprise,Niveau 2 (intermédiaire),147,1,79.8
ALP501718,2019,Fès-Meknès,FES,Taounate,Rural,Féminin,50,35-49,Association partenaire,Niveau 1 (débutant),95,1,81.6
ALP501719,2016,Oriental,ORI,Nador,Rural,Masculin,21,15-24,Association partenaire,Niveau 1 (débutant),76,1,94.3
ALP501720,2019,Casablanca-Settat,CAS,Berrechid,Rural,Féminin,38,35-49,ANLCA,Niveau 2 (intermédiaire),166,0,80.2
ALP501721,2017,Rabat-Salé-Kénitra,RAB,Salé,Rural,Féminin,32,25-34,Mosquée,Niveau 2 (intermédiaire),76,1,76.0
ALP501722,2020,Béni Mellal-Khénifra,BMK,Khouribga,Rural,Féminin,43,35-49,Entreprise,Niveau 3 (avancé),98,0,89.3
ALP501723,2017,Rabat-Salé-Kénitra,RAB,Skhirate-Témara,Urbain,Masculin,21,15-24,ANLCA,Niveau 2 (intermédiaire),45,1,74.4
ALP501724,2023,Marrakech-Safi,MAR,Safi,Rural,Féminin,40,35-49,ANLCA,Niveau 3 (avancé),69,1,46.7
ALP501725,2016,Casablanca-Settat,CAS,Khouribga,Rural,Féminin,33,25-34,ANLCA,Niveau 2 (intermédiaire),148,0,31.0
ALP501726,2018,Tanger-Tétouan-Al Hoceïma,TAN,Fahs-Anjra,Rural,Féminin,40,35-49,ANLCA,Niveau 1 (débutant),72,0,40.2
ALP501727,2022,Tanger-Tétouan-Al Hoceïma,TAN,Tétouan,Rural,Féminin,20,15-24,Mosquée,Niveau 3 (avancé),103,1,54.3
ALP501728,2015,Béni Mellal-Khénifra,BMK,Fquih Ben Salah,Rural,Féminin,24,15-24,Mosquée,Niveau 2 (intermédiaire),164,0,50.5
ALP501729,2018,Casablanca-Settat,CAS,Casablanca,Urbain,Féminin,55,50-64,ANLCA,Niveau 2 (intermédiaire),79,0,52.5
ALP501730,2023,Rabat-Salé-Kénitra,RAB,Salé,Rural,Féminin,54,50-64,ONG,Niveau 3 (avancé),161,1,77.2
ALP501731,2016,Oriental,ORI,Oujda-Angad,Rural,Féminin,35,25-34,ANLCA,Niveau 1 (débutant),85,1,53.1
ALP501732,2015,Rabat-Salé-Kénitra,RAB,Sidi Slimane,Urbain,Féminin,39,35-49,ANLCA,Niveau 3 (avancé),147,1,56.7
ALP501733,2021,Casablanca-Settat,CAS,Sidi Bennour,Rural,Masculin,56,50-64,Mosquée,Niveau 1 (débutant),172,1,99.0
ALP501734,2021,Souss-Massa,SOU,Chtouka-Ait Baha,Rural,Féminin,39,35-49,Association partenaire,Niveau 1 (débutant),76,1,75.6
ALP501735,2015,Rabat-Salé-Kénitra,RAB,Kénitra,Urbain,Féminin,17,15-24,ANLCA,Niveau 3 (avancé),176,0,84.7
ALP501736,2016,Casablanca-Settat,CAS,Berrechid,Urbain,Masculin,18,15-24,Association partenaire,Niveau 3 (avancé),71,0,42.9
ALP501737,2020,Rabat-Salé-Kénitra,RAB,Rabat,Rural,Féminin,57,50-64,Mosquée,Niveau 2 (intermédiaire),157,0,10.9
ALP501738,2019,Rabat-Salé-Kénitra,RAB,Sidi Slimane,Rural,Masculin,55,50-64,Mosquée,Niveau 2 (intermédiaire),174,1,62.0
ALP501739,2018,Rabat-Salé-Kénitra,RAB,Kénitra,Urbain,Féminin,53,50-64,ONG,Niveau 1 (débutant),65,0,78.6
ALP501740,2019,Souss-Massa,SOU,Inezgane-Ait Melloul,Rural,Féminin,64,50-64,ANLCA,Niveau 2 (intermédiaire),58,1,61.0
ALP501741,2021,Marrakech-Safi,MAR,Marrakech,Rural,Féminin,19,15-24,Association partenaire,Niveau 1 (débutant),112,1,75.7
ALP501742,2022,Casablanca-Settat,CAS,El Jadida,Urbain,Masculin,27,25-34,Association partenaire,Niveau 2 (intermédiaire),61,1,75.0
ALP501743,2015,Casablanca-Settat,CAS,Berrechid,Rural,Féminin,49,35-49,Association partenaire,Niveau 3 (avancé),122,0,58.0
ALP501744,2018,Oriental,ORI,Jerada,Urbain,Féminin,26,25-34,Mosquée,Niveau 3 (avancé),131,1,58.1
ALP501745,2015,Rabat-Salé-Kénitra,RAB,Salé,Urbain,Féminin,15,,Mosquée,Niveau 1 (débutant),44,1,73.1
ALP501746,2020,Souss-Massa,SOU,Chtouka-Ait Baha,Rural,Féminin,46,35-49,ANLCA,Niveau 2 (intermédiaire),165,1,37.5
ALP501747,2021,Marrakech-Safi,MAR,Marrakech,Urbain,Masculin,28,25-34,Association partenaire,Niveau 2 (intermédiaire),154,1,39.5
ALP501748,2023,Souss-Massa,SOU,Taroudannt,Rural,Féminin,34,25-34,Association partenaire,Niveau 3 (avancé),148,0,48.8
ALP501749,2023,Tanger-Tétouan-Al Hoceïma,TAN,Larache,Rural,Féminin,31,25-34,ONG,Niveau 2 (intermédiaire),119,0,35.2
ALP501750,2019,Casablanca-Settat,CAS,Khouribga,Urbain,Féminin,62,50-64,ONG,Niveau 1 (débutant),199,1,65.5
ALP501751,2018,Souss-Massa,SOU,Agadir-Ida-Ou-Tanane,Rural,Féminin,24,15-24,Mosquée,Niveau 3 (avancé),193,1,78.9
ALP501752,2016,Casablanca-Settat,CAS,Settat,Rural,Masculin,35,25-34,Association partenaire,Niveau 3 (avancé),153,0,58.2
ALP501753,2017,Fès-Meknès,FES,Boulemane,Urbain,Masculin,39,35-49,Association partenaire,Niveau 3 (avancé),66,0,68.7
ALP501754,2023,Casablanca-Settat,CAS,El Jadida,Rural,Féminin,33,25-34,ANLCA,Niveau 1 (débutant),127,1,53.0
ALP501755,2017,Fès-Meknès,FES,Taounate,Rural,Masculin,57,50-64,Mosquée,Niveau 1 (débutant),176,1,61.5
ALP501756,2020,Oriental,ORI,Oujda-Angad,Rural,Féminin,60,50-64,Association partenaire,Niveau 2 (intermédiaire),99,1,55.8
ALP501757,2017,Rabat-Salé-Kénitra,RAB,Khémisset,Rural,Masculin,40,35-49,ANLCA,Niveau 2 (intermédiaire),170,1,63.1
ALP501758,2016,Casablanca-Settat,CAS,Sidi Bennour,Rural,Féminin,47,35-49,ANLCA,Niveau 2 (intermédiaire),141,1,53.0
ALP501759,2021,Souss-Massa,SOU,Agadir-Ida-Ou-Tanane,Rural,Masculin,31,25-34,ONG,Niveau 1 (débutant),115,1,59.7
ALP501760,2020,Rabat-Salé-Kénitra,RAB,Salé,Rural,Féminin,61,50-64,ONG,Niveau 1 (débutant),169,1,69.9
ALP501761,2017,Fès-Meknès,FES,Séfrou,Rural,Féminin,17,15-24,ANLCA,Niveau 2 (intermédiaire),199,1,61.6
ALP501762,2022,Tanger-Tétouan-Al Hoceïma,TAN,Larache,Rural,Féminin,47,35-49,Association partenaire,Niveau 2 (intermédiaire),113,1,72.9
ALP501763,2022,Marrakech-Safi,MAR,Marrakech,Rural,Masculin,28,25-34,ANLCA,Niveau 1 (débutant),71,1,68.8
ALP501764,2015,Béni Mellal-Khénifra,BMK,Fquih Ben Salah,Rural,Masculin,23,15-24,ANLCA,Niveau 1 (débutant),161,1,75.5
ALP501765,2019,Rabat-Salé-Kénitra,RAB,Khémisset,Rural,Féminin,60,50-64,Association partenaire,Niveau 2 (intermédiaire),78,1,48.0
ALP501766,2017,Drâa-Tafilalet,DRA,Ouarzazate,Rural,Féminin,37,35-49,ANLCA,Niveau 1 (débutant),153,1,55.4
ALP501767,2019,Rabat-Salé-Kénitra,RAB,Rabat,Urbain,Féminin,34,25-34,Association partenaire,Niveau 3 (avancé),190,1,70.9
ALP501768,2018,Tanger-Tétouan-Al Hoceïma,TAN,Tanger-Assilah,Rural,Féminin,37,35-49,ANLCA,Niveau 2 (intermédiaire),145,0,87.4
ALP501769,2015,Marrakech-Safi,MAR,Al Haouz,Rural,Féminin,63,50-64,Mosquée,Niveau 1 (débutant),186,1,83.9
ALP501770,2021,Casablanca-Settat,CAS,Casablanca,Urbain,Féminin,34,25-34,Association partenaire,Niveau 2 (intermédiaire),74,0,60.9
ALP501771,2022,Marrakech-Safi,MAR,Chichaoua,Rural,Féminin,57,50-64,Association partenaire,Niveau 1 (débutant),40,0,52.9
ALP501772,2020,Casablanca-Settat,CAS,Sidi Bennour,Urbain,Féminin,26,25-34,ANLCA,Niveau 2 (intermédiaire),63,1,54.0
ALP501773,2020,Fès-Meknès,FES,Meknès,Rural,Féminin,51,50-64,ONG,Niveau 1 (débutant),118,1,65.4
ALP501774,2020,Fès-Meknès,FES,Taounate,Rural,Masculin,39,35-49,Entreprise,Niveau 1 (débutant),169,1,71.7
ALP501775,2015,Drâa-Tafilalet,DRA,Ouarzazate,Rural,Féminin,36,35-49,Mosquée,Niveau 2 (intermédiaire),171,0,95.0
ALP501776,2016,Souss-Massa,SOU,Inezgane-Ait Melloul,Rural,Féminin,60,50-64,Association partenaire,Niveau 2 (intermédiaire),188,1,65.5
ALP501777,2016,Béni Mellal-Khénifra,BMK,Fquih Ben Salah,Urbain,Féminin,40,35-49,ANLCA,Niveau 3 (avancé),87,1,62.7
ALP501778,2022,Béni Mellal-Khénifra,BMK,Khouribga,Urbain,Masculin,30,25-34,ANLCA,Niveau 2 (intermédiaire),47,1,71.7
ALP501779,2015,Tanger-Tétouan-Al Hoceïma,TAN,Al Hoceïma,Rural,Masculin,51,50-64,Association partenaire,Niveau 2 (intermédiaire),135,0,100.0
ALP501780,2021,Souss-Massa,SOU,Taroudannt,Rural,Masculin,36,35-49,ANLCA,Niveau 2 (intermédiaire),101,0,51.5
ALP501781,2021,Fès-Meknès,FES,Moulay Yacoub,Urbain,Féminin,32,25-34,ANLCA,Niveau 2 (intermédiaire),77,1,87.0
ALP501782,2016,Tanger-Tétouan-Al Hoceïma,TAN,Fahs-Anjra,Urbain,Féminin,28,25-34,Association partenaire,Niveau 2 (intermédiaire),62,1,55.6
ALP501783,2019,Fès-Meknès,FES,Moulay Yacoub,Rural,Masculin,57,50-64,Entreprise,Niveau 2 (intermédiaire),92,0,83.0
ALP501784,2017,Fès-Meknès,FES,Taza,Urbain,Masculin,19,15-24,ANLCA,Niveau 3 (avancé),158,1,65.8
ALP501785,2015,Rabat-Salé-Kénitra,RAB,Kénitra,Rural,Masculin,56,50-64,Mosquée,Niveau 1 (débutant),85,1,56.9
ALP501786,2019,Oriental,ORI,Figuig,Rural,Masculin,58,50-64,ANLCA,Niveau 2 (intermédiaire),180,1,87.9
ALP501787,2018,Casablanca-Settat,CAS,Berrechid,Rural,Masculin,16,15-24,Mosquée,Niveau 1 (débutant),131,1,68.4
ALP501788,2023,Souss-Massa,SOU,Taroudannt,Rural,Féminin,31,25-34,Association partenaire,Niveau 1 (débutant),69,1,85.9
ALP501789,2022,Marrakech-Safi,MAR,Chichaoua,Rural,Féminin,18,15-24,ANLCA,Niveau 2 (intermédiaire),56,1,58.9
ALP501790,2015,Béni Mellal-Khénifra,BMK,Béni Mellal,Rural,Féminin,55,50-64,ANLCA,Niveau 2 (intermédiaire),158,1,53.8
ALP501791,2015,Fès-Meknès,FES,Moulay Yacoub,Rural,Féminin,25,15-24,ANLCA,Niveau 1 (débutant),175,1,59.5
ALP501792,2020,Marrakech-Safi,MAR,Safi,Rural,Féminin,54,50-64,ONG,Niveau 1 (débutant),51,0,60.8
ALP501793,2022,Fès-Meknès,FES,Moulay Yacoub,Rural,Féminin,33,25-34,Association partenaire,Niveau 2 (intermédiaire),130,1,61.4
ALP501794,2020,Souss-Massa,SOU,Chtouka-Ait Baha,Urbain,Féminin,27,25-34,ANLCA,Niveau 1 (débutant),178,1,88.7
ALP501795,2015,Casablanca-Settat,CAS,Sidi Bennour,Urbain,Féminin,40,35-49,ONG,Niveau 1 (débutant),135,1,22.8
ALP501796,2022,Marrakech-Safi,MAR,Safi,Urbain,Masculin,52,50-64,Association partenaire,Niveau 3 (avancé),173,1,56.1
ALP501797,2021,Marrakech-Safi,MAR,El Kelaa des Sraghna,Rural,Masculin,60,50-64,Mosquée,Niveau 2 (intermédiaire),109,0,95.3
ALP501798,2016,Béni Mellal-Khénifra,BMK,Fquih Ben Salah,Rural,Masculin,37,35-49,Association partenaire,Niveau 2 (intermédiaire),124,1,55.2
ALP501799,2022,Casablanca-Settat,CAS,Berrechid,Rural,Masculin,31,25-34,Mosquée,Niveau 2 (intermédiaire),58,1,42.6
ALP501800,2023,Marrakech-Safi,MAR,Al Haouz,Urbain,Féminin,57,50-64,ONG,Niveau 3 (avancé),120,0,97.0
ALP501801,2015,Béni Mellal-Khénifra,BMK,Béni Mellal,Urbain,Masculin,19,15-24,ANLCA,Niveau 3 (avancé),126,0,79.8
ALP501802,2021,Casablanca-Settat,CAS,Berrechid,Urbain,Masculin,34,25-34,ANLCA,Niveau 2 (intermédiaire),48,0,65.4
ALP501803,2015,Souss-Massa,SOU,Taroudannt,Urbain,Féminin,36,35-49,Mosquée,Niveau 3 (avancé),124,1,71.0
ALP501804,2016,Marrakech-Safi,MAR,Marrakech,Rural,Féminin,48,35-49,Mosquée,Niveau 1 (débutant),97,1,71.7
ALP501805,2020,Tanger-Tétouan-Al Hoceïma,TAN,Al Hoceïma,Rural,Féminin,46,35-49,Association partenaire,Niveau 1 (débutant),83,1,71.0
ALP501806,2022,Casablanca-Settat,CAS,Benslimane,Rural,Masculin,40,35-49,Association partenaire,Niveau 2 (intermédiaire),170,0,57.1
ALP501807,2022,Casablanca-Settat,CAS,Benslimane,Urbain,Féminin,34,25-34,ANLCA,Niveau 1 (débutant),185,1,30.9
ALP501808,2022,Tanger-Tétouan-Al Hoceïma,TAN,Mdiq-Fnideq,Urbain,Féminin,40,35-49,ANLCA,Niveau 2 (intermédiaire),143,1,69.8
ALP501809,2018,Fès-Meknès,FES,Meknès,Rural,Masculin,60,50-64,Association partenaire,Niveau 1 (débutant),53,0,79.5
ALP501810,2021,Oriental,ORI,Figuig,Urbain,Féminin,36,35-49,Association partenaire,Niveau 2 (intermédiaire),113,1,66.3
ALP501811,2020,Fès-Meknès,FES,Boulemane,Rural,Masculin,61,50-64,Association partenaire,Niveau 1 (débutant),75,0,6.4
ALP501812,2018,Tanger-Tétouan-Al Hoceïma,TAN,Fahs-Anjra,Rural,Masculin,54,50-64,Association partenaire,Niveau 1 (débutant),141,0,61.9
ALP501813,2016,Rabat-Salé-Kénitra,RAB,Khémisset,Rural,Masculin,17,15-24,ANLCA,Niveau 2 (intermédiaire),159,1,93.7
ALP501814,2018,Tanger-Tétouan-Al Hoceïma,TAN,Al Hoceïma,Urbain,Masculin,53,50-64,Mosquée,Niveau 1 (débutant),123,0,65.0
ALP501815,2020,Marrakech-Safi,MAR,Al Haouz,Rural,Féminin,53,50-64,Mosquée,Niveau 1 (débutant),185,1,55.7
ALP501816,2022,Casablanca-Settat,CAS,Berrechid,Urbain,Masculin,61,50-64,ANLCA,Niveau 1 (débutant),173,1,52.8
ALP501817,2020,Marrakech-Safi,MAR,Safi,Rural,Masculin,16,15-24,ONG,Niveau 2 (intermédiaire),182,0,52.6
ALP501818,2016,Souss-Massa,SOU,Taroudannt,Rural,Masculin,39,35-49,ONG,Niveau 2 (intermédiaire),64,0,83.7
ALP501819,2018,Marrakech-Safi,MAR,Essaouira,Rural,Féminin,56,50-64,ONG,Niveau 1 (débutant),164,1,79.3
ALP501820,2018,Casablanca-Settat,CAS,Casablanca,Urbain,Féminin,61,50-64,ONG,Niveau 1 (débutant),156,1,45.8
ALP501821,2017,Fès-Meknès,FES,Ifrane,Urbain,Masculin,28,25-34,ANLCA,Niveau 1 (débutant),52,1,65.0
ALP501822,2022,Drâa-Tafilalet,DRA,Errachidia,Rural,Féminin,22,15-24,ANLCA,Niveau 1 (débutant),85,0,71.5
ALP501823,2018,Tanger-Tétouan-Al Hoceïma,TAN,Chefchaouen,Urbain,Féminin,26,25-34,Association partenaire,Niveau 1 (débutant),161,1,50.9
ALP501824,2022,Fès-Meknès,FES,Fès,Urbain,Masculin,23,15-24,Mosquée,Niveau 2 (intermédiaire),187,0,61.7
ALP501825,2019,Béni Mellal-Khénifra,BMK,Béni Mellal,Urbain,Féminin,56,50-64,Association partenaire,Niveau 1 (débutant),104,0,54.5
ALP501826,2016,Casablanca-Settat,CAS,Settat,Urbain,Féminin,28,25-34,Mosquée,Niveau 2 (intermédiaire),124,1,71.7
ALP501827,2016,Tanger-Tétouan-Al Hoceïma,TAN,Larache,Urbain,Féminin,46,35-49,ANLCA,Niveau 3 (avancé),140,1,49.0
ALP501828,2017,Casablanca-Settat,CAS,Settat,Rural,Masculin,35,25-34,Association partenaire,Niveau 1 (débutant),96,1,40.9
ALP501829,2020,Marrakech-Safi,MAR,Essaouira,Rural,Masculin,52,50-64,Mosquée,Niveau 2 (intermédiaire),132,1,68.5
ALP501830,2023,Marrakech-Safi,MAR,Safi,Rural,Masculin,59,50-64,Association partenaire,Niveau 2 (intermédiaire),56,1,71.7
ALP501831,2023,Marrakech-Safi,MAR,Al Haouz,Urbain,Féminin,60,50-64,ANLCA,Niveau 2 (intermédiaire),93,1,68.6
ALP501832,2016,Marrakech-Safi,MAR,Marrakech,Rural,Masculin,22,15-24,Mosquée,Niveau 2 (intermédiaire),46,0,99.3
ALP501833,2018,Fès-Meknès,FES,Taza,Urbain,Féminin,26,25-34,ANLCA,Niveau 2 (intermédiaire),103,1,70.3
ALP501834,2022,Tanger-Tétouan-Al Hoceïma,TAN,Al Hoceïma,Rural,Masculin,63,50-64,Entreprise,Niveau 1 (débutant),107,0,58.0
ALP501835,2016,Tanger-Tétouan-Al Hoceïma,TAN,Ouazzane,Rural,Féminin,56,50-64,Mosquée,Niveau 1 (débutant),184,0,79.4
ALP501836,2020,Casablanca-Settat,CAS,Khouribga,Urbain,Masculin,42,35-49,Association partenaire,Niveau 2 (intermédiaire),70,1,100.0
ALP501837,2015,Tanger-Tétouan-Al Hoceïma,TAN,Al Hoceïma,Urbain,Féminin,33,25-34,ANLCA,Niveau 1 (débutant),184,0,56.5
ALP501838,2016,Casablanca-Settat,CAS,Berrechid,Urbain,Masculin,24,15-24,ONG,Niveau 2 (intermédiaire),191,1,82.7
ALP501839,2017,Tanger-Tétouan-Al Hoceïma,TAN,Ouazzane,Urbain,Féminin,55,50-64,Association partenaire,Niveau 3 (avancé),107,1,31.7
ALP501840,2015,Marrakech-Safi,MAR,Chichaoua,Rural,Masculin,36,35-49,Association partenaire,Niveau 3 (avancé),67,1,54.5
ALP501841,2015,Souss-Massa,SOU,Inezgane-Ait Melloul,Urbain,Féminin,63,50-64,Association partenaire,Niveau 2 (intermédiaire),110,1,48.7
ALP501842,2015,Casablanca-Settat,CAS,Settat,Urbain,Masculin,38,35-49,Mosquée,Niveau 1 (débutant),164,1,74.6
ALP501843,2016,Casablanca-Settat,CAS,Mohammadia,Urbain,Féminin,56,50-64,ANLCA,Niveau 2 (intermédiaire),53,1,46.7
ALP501844,2021,Rabat-Salé-Kénitra,RAB,Khémisset,Rural,Féminin,50,35-49,ANLCA,Niveau 2 (intermédiaire),185,1,58.8
ALP501845,2018,Drâa-Tafilalet,DRA,Ouarzazate,Rural,Féminin,37,35-49,Mosquée,Niveau 1 (débutant),86,1,43.3
ALP501846,2017,Rabat-Salé-Kénitra,RAB,Sidi Kacem,Urbain,Féminin,55,50-64,ANLCA,Niveau 1 (débutant),183,1,59.8
ALP501847,2021,Béni Mellal-Khénifra,BMK,El Kelaa des Sraghna,Urbain,Féminin,16,15-24,ANLCA,Niveau 3 (avancé),102,0,75.9
ALP501848,2015,Casablanca-Settat,CAS,Casablanca,Rural,Masculin,40,35-49,ANLCA,Niveau 1 (débutant),108,0,80.8
ALP501849,2022,Souss-Massa,SOU,Inezgane-Ait Melloul,Rural,Féminin,36,35-49,ONG,Niveau 2 (intermédiaire),114,1,90.7
ALP501850,2022,Laâyoune-Sakia El Hamra,LAA,Tarfaya,Urbain,Féminin,22,15-24,ONG,Niveau 2 (intermédiaire),62,1,77.3
ALP501851,2023,Oriental,ORI,Berkane,Rural,Féminin,20,15-24,ANLCA,Niveau 1 (débutant),74,1,55.7
ALP501852,2021,Fès-Meknès,FES,Meknès,Urbain,Féminin,38,35-49,Association partenaire,Niveau 3 (avancé),93,1,34.5
ALP501853,2022,Fès-Meknès,FES,Ifrane,Rural,Féminin,29,25-34,Entreprise,Niveau 2 (intermédiaire),67,0,90.1
ALP501854,2018,Béni Mellal-Khénifra,BMK,Azilal,Rural,Masculin,46,35-49,ONG,Niveau 2 (intermédiaire),109,0,80.0
ALP501855,2016,Casablanca-Settat,CAS,Khouribga,Urbain,Féminin,43,35-49,ONG,Niveau 1 (débutant),119,1,55.9
ALP501856,2016,Casablanca-Settat,CAS,Settat,Urbain,Masculin,20,15-24,Entreprise,Niveau 3 (avancé),188,1,89.7
ALP501857,2015,Tanger-Tétouan-Al Hoceïma,TAN,Chefchaouen,Urbain,Féminin,42,35-49,ONG,Niveau 1 (débutant),196,0,45.8
ALP501858,2023,Marrakech-Safi,MAR,El Kelaa des Sraghna,Rural,Féminin,58,50-64,Association partenaire,Niveau 3 (avancé),139,1,64.7
ALP501859,2022,Béni Mellal-Khénifra,BMK,Azilal,Rural,Masculin,40,35-49,Association partenaire,Niveau 2 (intermédiaire),107,1,72.0
ALP501860,2015,Souss-Massa,SOU,Tata,Urbain,Féminin,23,15-24,ANLCA,Niveau 2 (intermédiaire),126,0,59.0
ALP501861,2017,Tanger-Tétouan-Al Hoceïma,TAN,Tétouan,Urbain,Féminin,41,35-49,Association partenaire,Niveau 1 (débutant),119,0,48.5
ALP501862,2019,Fès-Meknès,FES,Séfrou,Rural,Féminin,36,35-49,ANLCA,Niveau 2 (intermédiaire),104,0,58.5
ALP501863,2020,Rabat-Salé-Kénitra,RAB,Khémisset,Urbain,Féminin,29,25-34,ANLCA,Niveau 3 (avancé),91,1,56.2
ALP501864,2016,Tanger-Tétouan-Al Hoceïma,TAN,Al Hoceïma,Rural,Masculin,40,35-49,Association partenaire,Niveau 1 (débutant),115,1,74.3
ALP501865,2021,Casablanca-Settat,CAS,Mohammadia,Urbain,Masculin,57,50-64,Association partenaire,Niveau 2 (intermédiaire),88,1,74.2
ALP501866,2016,Souss-Massa,SOU,Tata,Rural,Féminin,37,35-49,Association partenaire,Niveau 3 (avancé),51,1,38.8
ALP501867,2017,Rabat-Salé-Kénitra,RAB,Rabat,Rural,Féminin,40,35-49,ONG,Niveau 1 (débutant),83,0,52.9
ALP501868,2016,Marrakech-Safi,MAR,Chichaoua,Rural,Masculin,32,25-34,Association partenaire,Niveau 1 (débutant),167,0,100.0
ALP501869,2022,Tanger-Tétouan-Al Hoceïma,TAN,Al Hoceïma,Rural,Féminin,20,15-24,ANLCA,Niveau 2 (intermédiaire),186,1,56.8
ALP501870,2023,Marrakech-Safi,MAR,Safi,Rural,Féminin,31,25-34,Entreprise,Niveau 2 (intermédiaire),64,1,83.1
ALP501871,2019,Casablanca-Settat,CAS,Casablanca,Rural,Féminin,61,50-64,Association partenaire,Niveau 2 (intermédiaire),122,0,62.7
ALP501872,2017,Béni Mellal-Khénifra,BMK,Azilal,Rural,Féminin,42,35-49,Association partenaire,Niveau 1 (débutant),190,1,100.0
ALP501873,2016,Fès-Meknès,FES,El Hajeb,Urbain,Masculin,35,25-34,Association partenaire,Niveau 3 (avancé),91,0,73.6
ALP501874,2023,Tanger-Tétouan-Al Hoceïma,TAN,Tétouan,Rural,Masculin,19,15-24,Association partenaire,Niveau 1 (débutant),110,0,58.7
ALP501875,2017,Tanger-Tétouan-Al Hoceïma,TAN,Tanger-Assilah,Rural,Féminin,24,15-24,Mosquée,Niveau 1 (débutant),42,1,92.3
ALP501876,2018,Casablanca-Settat,CAS,Casablanca,Urbain,Masculin,25,15-24,Association partenaire,Niveau 2 (intermédiaire),65,1,44.6
ALP501877,2019,Casablanca-Settat,CAS,Berrechid,Rural,Féminin,23,15-24,Association partenaire,Niveau 3 (avancé),102,1,56.8
ALP501878,2020,Fès-Meknès,FES,Séfrou,Rural,Féminin,60,50-64,ONG,Niveau 2 (intermédiaire),160,0,73.3
ALP501879,2018,Guelmim-Oued Noun,GUE,Assa-Zag,Urbain,Masculin,47,35-49,ANLCA,Niveau 1 (débutant),197,1,62.6
ALP501880,2021,Marrakech-Safi,MAR,Chichaoua,Rural,Féminin,50,35-49,ANLCA,Niveau 1 (débutant),184,1,52.1
ALP501881,2018,Marrakech-Safi,MAR,El Kelaa des Sraghna,Rural,Masculin,19,15-24,Association partenaire,Niveau 3 (avancé),87,1,57.8
ALP501882,2021,Oriental,ORI,Taourirt,Rural,Masculin,38,35-49,ANLCA,Niveau 3 (avancé),46,0,57.7
ALP501883,2017,Rabat-Salé-Kénitra,RAB,Skhirate-Témara,Rural,Masculin,29,25-34,ONG,Niveau 3 (avancé),146,0,68.8
ALP501884,2015,Marrakech-Safi,MAR,El Kelaa des Sraghna,Rural,Féminin,58,50-64,ONG,Niveau 2 (intermédiaire),182,1,49.1
ALP501885,2019,Casablanca-Settat,CAS,Berrechid,Urbain,Féminin,63,50-64,Mosquée,Niveau 1 (débutant),42,1,69.4
ALP501886,2017,Casablanca-Settat,CAS,Berrechid,Rural,Féminin,25,15-24,Association partenaire,Niveau 2 (intermédiaire),171,1,71.9
ALP501887,2016,Tanger-Tétouan-Al Hoceïma,TAN,Fahs-Anjra,Urbain,Féminin,26,25-34,ANLCA,Niveau 3 (avancé),155,1,63.3
ALP501888,2020,Marrakech-Safi,MAR,Youssoufia,Urbain,Féminin,45,35-49,ONG,Niveau 2 (intermédiaire),165,1,49.2
ALP501889,2016,Fès-Meknès,FES,Ifrane,Urbain,Féminin,37,35-49,ANLCA,Niveau 2 (intermédiaire),87,1,38.9
ALP501890,2021,Casablanca-Settat,CAS,Benslimane,Rural,Féminin,30,25-34,ONG,Niveau 3 (avancé),130,1,63.2
ALP501891,2022,Fès-Meknès,FES,Meknès,Rural,Féminin,16,15-24,ANLCA,Niveau 3 (avancé),118,1,65.1
ALP501892,2015,Casablanca-Settat,CAS,Berrechid,Urbain,Masculin,43,35-49,Association partenaire,Niveau 2 (intermédiaire),135,1,96.0
ALP501893,2022,Béni Mellal-Khénifra,BMK,Khouribga,Rural,Féminin,52,50-64,Association partenaire,Niveau 1 (débutant),124,0,82.5
ALP501894,2017,Casablanca-Settat,CAS,El Jadida,Rural,Féminin,23,15-24,Mosquée,Niveau 1 (débutant),131,1,82.5
ALP501895,2023,Casablanca-Settat,CAS,Casablanca,Urbain,Masculin,34,25-34,ANLCA,Niveau 1 (débutant),170,1,38.6
ALP501896,2023,Rabat-Salé-Kénitra,RAB,Sidi Slimane,Urbain,Masculin,36,35-49,ONG,Niveau 2 (intermédiaire),43,0,63.1
ALP501897,2020,Béni Mellal-Khénifra,BMK,Béni Mellal,Rural,Féminin,61,50-64,ONG,Niveau 2 (intermédiaire),112,0,87.1
ALP501898,2023,Rabat-Salé-Kénitra,RAB,Skhirate-Témara,Rural,Féminin,27,25-34,ANLCA,Niveau 1 (débutant),118,1,76.6
ALP501899,2021,Marrakech-Safi,MAR,Essaouira,Rural,Féminin,51,50-64,Association partenaire,Niveau 1 (débutant),75,1,55.0
ALP501900,2020,Casablanca-Settat,CAS,El Jadida,Urbain,Féminin,42,35-49,Association partenaire,Niveau 3 (avancé),124,1,69.0
ALP501901,2015,Souss-Massa,SOU,Inezgane-Ait Melloul,Rural,Féminin,39,35-49,Mosquée,Niveau 1 (débutant),192,0,44.1
ALP501902,2015,Casablanca-Settat,CAS,Sidi Bennour,Urbain,Masculin,48,35-49,Entreprise,Niveau 3 (avancé),121,1,26.8
ALP501903,2017,Souss-Massa,SOU,Taroudannt,Urbain,Masculin,22,15-24,ANLCA,Niveau 1 (débutant),40,0,53.9
ALP501904,2019,Tanger-Tétouan-Al Hoceïma,TAN,Fahs-Anjra,Rural,Féminin,15,,Mosquée,Niveau 1 (débutant),91,0,48.4
ALP501905,2022,Casablanca-Settat,CAS,Khouribga,Rural,Féminin,16,15-24,ANLCA,Niveau 2 (intermédiaire),56,0,64.1
ALP501906,2019,Marrakech-Safi,MAR,Safi,Urbain,Masculin,45,35-49,ANLCA,Niveau 2 (intermédiaire),128,1,52.5
ALP501907,2021,Oriental,ORI,Driouch,Rural,Masculin,23,15-24,Entreprise,Niveau 1 (débutant),181,1,74.3
ALP501908,2019,Fès-Meknès,FES,Taounate,Rural,Féminin,17,15-24,ONG,Niveau 3 (avancé),114,1,60.9
ALP501909,2023,Marrakech-Safi,MAR,Marrakech,Rural,Féminin,44,35-49,ONG,Niveau 2 (intermédiaire),140,1,73.0
ALP501910,2023,Marrakech-Safi,MAR,Youssoufia,Rural,Féminin,51,50-64,ANLCA,Niveau 2 (intermédiaire),110,1,64.3
ALP501911,2016,Oriental,ORI,Driouch,Rural,Féminin,57,50-64,ANLCA,Niveau 1 (débutant),138,0,78.5
ALP501912,2018,Souss-Massa,SOU,Tiznit,Rural,Masculin,44,35-49,ANLCA,Niveau 2 (intermédiaire),177,0,53.2
ALP501913,2015,Laâyoune-Sakia El Hamra,LAA,Es-Semara,Urbain,Féminin,64,50-64,ONG,Niveau 3 (avancé),80,0,62.0
ALP501914,2021,Fès-Meknès,FES,Moulay Yacoub,Rural,Masculin,22,15-24,Mosquée,Niveau 2 (intermédiaire),43,1,50.9
ALP501915,2023,Casablanca-Settat,CAS,Mohammadia,Rural,Masculin,47,35-49,Association partenaire,Niveau 2 (intermédiaire),153,1,48.9
ALP501916,2016,Fès-Meknès,FES,Fès,Urbain,Féminin,22,15-24,Entreprise,Niveau 1 (débutant),135,0,49.4
ALP501917,2021,Souss-Massa,SOU,Tiznit,Urbain,Féminin,20,15-24,Mosquée,Niveau 2 (intermédiaire),60,1,58.0
ALP501918,2019,Souss-Massa,SOU,Inezgane-Ait Melloul,Urbain,Masculin,47,35-49,Entreprise,Niveau 3 (avancé),88,0,63.7
ALP501919,2021,Rabat-Salé-Kénitra,RAB,Salé,Urbain,Masculin,51,50-64,Mosquée,Niveau 1 (débutant),56,0,81.4
ALP501920,2018,Souss-Massa,SOU,Tiznit,Urbain,Féminin,57,50-64,Association partenaire,Niveau 2 (intermédiaire),195,0,79.2
ALP501921,2018,Marrakech-Safi,MAR,Youssoufia,Rural,Féminin,53,50-64,Association partenaire,Niveau 2 (intermédiaire),43,1,78.2
ALP501922,2017,Casablanca-Settat,CAS,Khouribga,Rural,Féminin,36,35-49,ANLCA,Niveau 1 (débutant),127,1,49.8
ALP501923,2023,Souss-Massa,SOU,Inezgane-Ait Melloul,Rural,Féminin,50,35-49,ANLCA,Niveau 3 (avancé),59,1,26.3
ALP501924,2017,Casablanca-Settat,CAS,Casablanca,Rural,Féminin,62,50-64,ANLCA,Niveau 1 (débutant),141,0,81.7
ALP501925,2019,Fès-Meknès,FES,Fès,Rural,Féminin,52,50-64,Mosquée,Niveau 2 (intermédiaire),72,1,51.1
ALP501926,2020,Fès-Meknès,FES,Fès,Rural,Féminin,18,15-24,ONG,Niveau 2 (intermédiaire),67,1,49.1
ALP501927,2015,Rabat-Salé-Kénitra,RAB,Sidi Kacem,Rural,Féminin,17,15-24,Association partenaire,Niveau 3 (avancé),125,1,100.0
ALP501928,2020,Tanger-Tétouan-Al Hoceïma,TAN,Tanger-Assilah,Urbain,Féminin,42,35-49,Entreprise,Niveau 1 (débutant),161,1,57.1
ALP501929,2021,Casablanca-Settat,CAS,Casablanca,Urbain,Féminin,42,35-49,Association partenaire,Niveau 3 (avancé),62,1,49.1
ALP501930,2022,Drâa-Tafilalet,DRA,Midelt,Rural,Féminin,25,15-24,Mosquée,Niveau 2 (intermédiaire),181,0,57.4
ALP501931,2019,Rabat-Salé-Kénitra,RAB,Salé,Rural,Féminin,22,15-24,Mosquée,Niveau 2 (intermédiaire),154,1,82.5
ALP501932,2017,Fès-Meknès,FES,Ifrane,Rural,Féminin,33,25-34,ANLCA,Niveau 1 (débutant),91,1,72.9
ALP501933,2022,Tanger-Tétouan-Al Hoceïma,TAN,Chefchaouen,Rural,Féminin,20,15-24,ANLCA,Niveau 2 (intermédiaire),88,1,36.7
ALP501934,2022,Casablanca-Settat,CAS,Benslimane,Rural,Féminin,23,15-24,ANLCA,Niveau 2 (intermédiaire),53,0,93.9
ALP501935,2017,Oriental,ORI,Driouch,Urbain,Masculin,24,15-24,Mosquée,Niveau 2 (intermédiaire),131,0,58.2
ALP501936,2016,Béni Mellal-Khénifra,BMK,Azilal,Rural,Masculin,17,15-24,Association partenaire,Niveau 1 (débutant),55,1,43.3
ALP501937,2021,Casablanca-Settat,CAS,Khouribga,Urbain,Féminin,21,15-24,Entreprise,Niveau 1 (débutant),109,0,59.0
ALP501938,2016,Marrakech-Safi,MAR,El Kelaa des Sraghna,Urbain,Masculin,63,50-64,ANLCA,Niveau 3 (avancé),112,1,75.8
ALP501939,2019,Casablanca-Settat,CAS,Benslimane,Rural,Masculin,25,15-24,Mosquée,Niveau 2 (intermédiaire),198,1,61.8
ALP501940,2017,Laâyoune-Sakia El Hamra,LAA,Es-Semara,Rural,Féminin,62,50-64,ONG,Niveau 3 (avancé),84,0,55.4
ALP501941,2017,Fès-Meknès,FES,Taounate,Urbain,Féminin,58,50-64,ONG,Niveau 1 (débutant),74,1,47.2
ALP501942,2023,Tanger-Tétouan-Al Hoceïma,TAN,Mdiq-Fnideq,Rural,Masculin,21,15-24,ONG,Niveau 2 (intermédiaire),184,1,87.6
ALP501943,2017,Marrakech-Safi,MAR,Marrakech,Urbain,Féminin,30,25-34,ANLCA,Niveau 2 (intermédiaire),167,0,71.8
ALP501944,2020,Marrakech-Safi,MAR,Chichaoua,Rural,Féminin,61,50-64,Mosquée,Niveau 2 (intermédiaire),114,1,60.6
ALP501945,2016,Rabat-Salé-Kénitra,RAB,Salé,Urbain,Féminin,59,50-64,Association partenaire,Niveau 2 (intermédiaire),168,0,63.5
ALP501946,2021,Tanger-Tétouan-Al Hoceïma,TAN,Larache,Rural,Masculin,45,35-49,ANLCA,Niveau 1 (débutant),78,1,85.0
ALP501947,2023,Marrakech-Safi,MAR,Chichaoua,Rural,Féminin,19,15-24,ANLCA,Niveau 3 (avancé),79,0,86.1
ALP501948,2022,Casablanca-Settat,CAS,Casablanca,Rural,Féminin,23,15-24,ANLCA,Niveau 2 (intermédiaire),117,1,58.3
ALP501949,2023,Béni Mellal-Khénifra,BMK,Khouribga,Rural,Féminin,16,15-24,Mosquée,Niveau 1 (débutant),196,1,70.2
ALP501950,2020,Fès-Meknès,FES,Séfrou,Rural,Féminin,32,25-34,Mosquée,Niveau 3 (avancé),51,1,75.2
ALP501951,2016,Fès-Meknès,FES,Séfrou,Rural,Masculin,27,25-34,Association partenaire,Niveau 2 (intermédiaire),133,1,77.8
ALP501952,2015,Marrakech-Safi,MAR,Youssoufia,Rural,Féminin,56,50-64,Association partenaire,Niveau 3 (avancé),125,1,64.1
ALP501953,2018,Casablanca-Settat,CAS,Benslimane,Rural,Féminin,21,15-24,ANLCA,Niveau 1 (débutant),164,1,95.9
ALP501954,2020,Tanger-Tétouan-Al Hoceïma,TAN,Fahs-Anjra,Rural,Féminin,58,50-64,Association partenaire,Niveau 3 (avancé),121,1,59.2
ALP501955,2015,Oriental,ORI,Taourirt,Urbain,Masculin,27,25-34,ANLCA,Niveau 3 (avancé),170,0,85.6
ALP501956,2019,Fès-Meknès,FES,Ifrane,Rural,Féminin,44,35-49,Mosquée,Niveau 1 (débutant),85,1,83.2
ALP501957,2018,Souss-Massa,SOU,Tata,Urbain,Féminin,49,35-49,Association partenaire,Niveau 3 (avancé),176,1,64.8
ALP501958,2018,Drâa-Tafilalet,DRA,Zagora,Rural,Féminin,24,15-24,ANLCA,Niveau 1 (débutant),70,1,70.1
ALP501959,2022,Rabat-Salé-Kénitra,RAB,Khémisset,Rural,Féminin,52,50-64,Mosquée,Niveau 1 (débutant),179,1,64.9
ALP501960,2015,Laâyoune-Sakia El Hamra,LAA,Tarfaya,Urbain,Féminin,59,50-64,ANLCA,Niveau 3 (avancé),115,1,55.7
ALP501961,2020,Fès-Meknès,FES,El Hajeb,Urbain,Féminin,42,35-49,Entreprise,Niveau 1 (débutant),147,1,79.6
ALP501962,2018,Fès-Meknès,FES,Taza,Urbain,Masculin,39,35-49,Mosquée,Niveau 2 (intermédiaire),60,0,66.6
ALP501963,2018,Drâa-Tafilalet,DRA,Tinghir,Urbain,Masculin,47,35-49,ONG,Niveau 2 (intermédiaire),78,1,76.7
ALP501964,2023,Marrakech-Safi,MAR,El Kelaa des Sraghna,Rural,Féminin,37,35-49,ONG,Niveau 3 (avancé),193,0,34.4
ALP501965,2023,Béni Mellal-Khénifra,BMK,Béni Mellal,Rural,Féminin,51,50-64,Entreprise,Niveau 2 (intermédiaire),143,0,87.2
ALP501966,2015,Marrakech-Safi,MAR,El Kelaa des Sraghna,Rural,Féminin,36,35-49,Association partenaire,Niveau 2 (intermédiaire),143,0,56.2
ALP501967,2021,Marrakech-Safi,MAR,El Kelaa des Sraghna,Rural,Masculin,55,50-64,ANLCA,Niveau 2 (intermédiaire),185,1,27.9
ALP501968,2021,Fès-Meknès,FES,Taza,Rural,Féminin,52,50-64,ANLCA,Niveau 1 (débutant),80,0,74.0
ALP501969,2016,Casablanca-Settat,CAS,Settat,Rural,Masculin,48,35-49,Mosquée,Niveau 1 (débutant),108,1,80.5
ALP501970,2023,Oriental,ORI,Figuig,Urbain,Féminin,46,35-49,ANLCA,Niveau 3 (avancé),46,1,54.1
ALP501971,2022,Marrakech-Safi,MAR,Marrakech,Rural,Féminin,21,15-24,ANLCA,Niveau 2 (intermédiaire),71,1,76.0
ALP501972,2020,Souss-Massa,SOU,Taroudannt,Rural,Féminin,45,35-49,Entreprise,Niveau 3 (avancé),94,1,84.9
ALP501973,2017,Marrakech-Safi,MAR,El Kelaa des Sraghna,Rural,Féminin,30,25-34,Association partenaire,Niveau 2 (intermédiaire),196,0,82.4
ALP501974,2020,Souss-Massa,SOU,Taroudannt,Rural,Féminin,47,35-49,Association partenaire,Niveau 2 (intermédiaire),136,0,83.0
ALP501975,2018,Souss-Massa,SOU,Inezgane-Ait Melloul,Rural,Féminin,16,15-24,ONG,Niveau 3 (avancé),176,1,86.1
ALP501976,2015,Rabat-Salé-Kénitra,RAB,Kénitra,Rural,Féminin,29,25-34,Mosquée,Niveau 1 (débutant),127,1,41.9
ALP501977,2021,Fès-Meknès,FES,Meknès,Rural,Masculin,64,50-64,Association partenaire,Niveau 1 (débutant),132,0,50.6
ALP501978,2018,Tanger-Tétouan-Al Hoceïma,TAN,Chefchaouen,Rural,Féminin,55,50-64,ONG,Niveau 1 (débutant),102,0,54.9
ALP501979,2015,Marrakech-Safi,MAR,Marrakech,Rural,Féminin,62,50-64,Mosquée,Niveau 3 (avancé),48,1,41.8
ALP501980,2019,Rabat-Salé-Kénitra,RAB,Khémisset,Rural,Féminin,56,50-64,Mosquée,Niveau 1 (débutant),82,0,58.8
ALP501981,2018,Fès-Meknès,FES,Moulay Yacoub,Rural,Féminin,38,35-49,ANLCA,Niveau 2 (intermédiaire),160,1,87.0
ALP501982,2015,Rabat-Salé-Kénitra,RAB,Skhirate-Témara,Urbain,Masculin,51,50-64,ANLCA,Niveau 1 (débutant),192,1,71.3
ALP501983,2023,Béni Mellal-Khénifra,BMK,El Kelaa des Sraghna,Urbain,Féminin,57,50-64,Mosquée,Niveau 2 (intermédiaire),94,1,74.0
ALP501984,2021,Béni Mellal-Khénifra,BMK,Azilal,Rural,Féminin,57,50-64,ONG,Niveau 3 (avancé),127,0,29.0
ALP501985,2021,Fès-Meknès,FES,El Hajeb,Rural,Féminin,29,25-34,ANLCA,Niveau 2 (intermédiaire),177,1,87.6
ALP501986,2022,Oriental,ORI,Figuig,Rural,Masculin,22,15-24,ONG,Niveau 1 (débutant),40,0,81.6
ALP501987,2021,Casablanca-Settat,CAS,Benslimane,Urbain,Masculin,33,25-34,ONG,Niveau 3 (avancé),182,1,52.1
ALP501988,2019,Marrakech-Safi,MAR,El Kelaa des Sraghna,Rural,Masculin,56,50-64,ANLCA,Niveau 2 (intermédiaire),110,1,59.7
ALP501989,2019,Rabat-Salé-Kénitra,RAB,Khémisset,Rural,Féminin,37,35-49,ONG,Niveau 3 (avancé),55,1,57.4
ALP501990,2020,Casablanca-Settat,CAS,Benslimane,Urbain,Masculin,22,15-24,ANLCA,Niveau 2 (intermédiaire),149,0,68.0
ALP501991,2015,Tanger-Tétouan-Al Hoceïma,TAN,Tanger-Assilah,Rural,Masculin,27,25-34,Association partenaire,Niveau 2 (intermédiaire),161,0,82.2
ALP501992,2022,Casablanca-Settat,CAS,Casablanca,Rural,Féminin,58,50-64,ONG,Niveau 2 (intermédiaire),152,0,83.6
ALP501993,2019,Béni Mellal-Khénifra,BMK,Khouribga,Urbain,Féminin,54,50-64,Mosquée,Niveau 2 (intermédiaire),40,0,61.2
ALP501994,2021,Béni Mellal-Khénifra,BMK,Khouribga,Rural,Féminin,55,50-64,ONG,Niveau 1 (débutant),75,1,46.0
ALP501995,2019,Rabat-Salé-Kénitra,RAB,Skhirate-Témara,Rural,Féminin,56,50-64,ANLCA,Niveau 1 (débutant),184,1,53.9
ALP501996,2015,Tanger-Tétouan-Al Hoceïma,TAN,Chefchaouen,Rural,Féminin,25,15-24,ANLCA,Niveau 1 (débutant),90,1,79.5
ALP501997,2023,Tanger-Tétouan-Al Hoceïma,TAN,Al Hoceïma,Rural,Féminin,56,50-64,ANLCA,Niveau 1 (débutant),119,1,64.7
ALP501998,2019,Tanger-Tétouan-Al Hoceïma,TAN,Al Hoceïma,Rural,Féminin,53,50-64,ONG,Niveau 1 (débutant),171,1,35.3
ALP501999,2018,Fès-Meknès,FES,Taza,Rural,Féminin,56,50-64,ONG,Niveau 3 (avancé),106,1,60.8
ALP502000,2019,Oriental,ORI,Jerada,Rural,Féminin,33,25-34,Association partenaire,Niveau 1 (débutant),187,1,86.5
ALP502001,2023,Marrakech-Safi,MAR,Al Haouz,Urbain,Masculin,63,50-64,Mosquée,Niveau 1 (débutant),72,1,58.8
ALP502002,2023,Marrakech-Safi,MAR,El Kelaa des Sraghna,Rural,Féminin,52,50-64,ONG,Niveau 1 (débutant),94,1,81.7
ALP502003,2020,Béni Mellal-Khénifra,BMK,Khouribga,Rural,Féminin,55,50-64,ANLCA,Niveau 2 (intermédiaire),122,1,82.3
ALP502004,2019,Casablanca-Settat,CAS,Mohammadia,Rural,Masculin,36,35-49,Mosquée,Niveau 1 (débutant),165,1,74.6
ALP502005,2022,Laâyoune-Sakia El Hamra,LAA,Laâyoune,Rural,Féminin,59,50-64,ANLCA,Niveau 3 (avancé),93,1,63.5
ALP502006,2021,Fès-Meknès,FES,Ifrane,Urbain,Féminin,19,15-24,Association partenaire,Niveau 1 (débutant),138,0,47.8
ALP502007,2021,Fès-Meknès,FES,Ifrane,Rural,Masculin,57,50-64,ANLCA,Niveau 3 (avancé),141,1,51.6
ALP502008,2016,Rabat-Salé-Kénitra,RAB,Salé,Rural,Masculin,29,25-34,Association partenaire,Niveau 1 (débutant),50,0,70.4
ALP502009,2020,Rabat-Salé-Kénitra,RAB,Kénitra,Urbain,Féminin,33,25-34,ANLCA,Niveau 1 (débutant),164,0,70.9
ALP502010,2022,Casablanca-Settat,CAS,Mohammadia,Rural,Féminin,15,,Entreprise,Niveau 3 (avancé),98,1,81.4
ALP502011,2018,Tanger-Tétouan-Al Hoceïma,TAN,Larache,Rural,Féminin,50,35-49,ANLCA,Niveau 3 (avancé),149,0,55.5
ALP502012,2020,Béni Mellal-Khénifra,BMK,Fquih Ben Salah,Rural,Féminin,54,50-64,Mosquée,Niveau 3 (avancé),109,1,51.7
ALP502013,2022,Casablanca-Settat,CAS,Khouribga,Urbain,Masculin,37,35-49,Mosquée,Niveau 2 (intermédiaire),177,1,79.5
ALP502014,2020,Marrakech-Safi,MAR,Chichaoua,Rural,Masculin,60,50-64,Mosquée,Niveau 1 (débutant),57,1,52.6
ALP502015,2017,Fès-Meknès,FES,El Hajeb,Rural,Masculin,58,50-64,Association partenaire,Niveau 2 (intermédiaire),80,1,73.2
ALP502016,2016,Casablanca-Settat,CAS,Settat,Rural,Féminin,64,50-64,ANLCA,Niveau 1 (débutant),197,0,41.8
ALP502017,2018,Rabat-Salé-Kénitra,RAB,Skhirate-Témara,Urbain,Féminin,59,50-64,Association partenaire,Niveau 1 (débutant),90,1,65.5
ALP502018,2016,Marrakech-Safi,MAR,Essaouira,Rural,Féminin,58,50-64,Association partenaire,Niveau 2 (intermédiaire),134,0,67.5
ALP502019,2016,Oriental,ORI,Nador,Urbain,Féminin,57,50-64,ANLCA,Niveau 3 (avancé),54,1,43.1
ALP502020,2019,Souss-Massa,SOU,Inezgane-Ait Melloul,Urbain,Masculin,55,50-64,ANLCA,Niveau 3 (avancé),120,1,66.3
ALP502021,2019,Casablanca-Settat,CAS,Sidi Bennour,Rural,Féminin,18,15-24,ANLCA,Niveau 2 (intermédiaire),125,1,66.5
ALP502022,2016,Rabat-Salé-Kénitra,RAB,Skhirate-Témara,Urbain,Féminin,57,50-64,ANLCA,Niveau 3 (avancé),97,1,100.0
ALP502023,2018,Fès-Meknès,FES,Taza,Rural,Féminin,31,25-34,ANLCA,Niveau 2 (intermédiaire),167,0,49.1
ALP502024,2016,Casablanca-Settat,CAS,Casablanca,Urbain,Féminin,24,15-24,Association partenaire,Niveau 3 (avancé),76,0,92.1
ALP502025,2017,Marrakech-Safi,MAR,El Kelaa des Sraghna,Urbain,Féminin,27,25-34,ANLCA,Niveau 1 (débutant),186,0,53.2
ALP502026,2017,Casablanca-Settat,CAS,Mohammadia,Rural,Masculin,17,15-24,Association partenaire,Niveau 1 (débutant),144,0,84.0
ALP502027,2019,Souss-Massa,SOU,Chtouka-Ait Baha,Rural,Féminin,24,15-24,Entreprise,Niveau 2 (intermédiaire),125,1,55.0
ALP502028,2022,Casablanca-Settat,CAS,El Jadida,Rural,Féminin,30,25-34,ONG,Niveau 2 (intermédiaire),171,1,90.4
ALP502029,2017,Marrakech-Safi,MAR,Chichaoua,Rural,Féminin,52,50-64,Association partenaire,Niveau 2 (intermédiaire),112,1,73.0
ALP502030,2019,Drâa-Tafilalet,DRA,Zagora,Rural,Féminin,36,35-49,ONG,Niveau 3 (avancé),191,0,55.2
ALP502031,2020,Casablanca-Settat,CAS,Settat,Urbain,Féminin,29,25-34,ANLCA,Niveau 2 (intermédiaire),87,0,57.0
ALP502032,2022,Oriental,ORI,Oujda-Angad,Rural,Féminin,41,35-49,Association partenaire,Niveau 3 (avancé),123,0,64.6
ALP502033,2022,Fès-Meknès,FES,Ifrane,Rural,Féminin,46,35-49,Association partenaire,Niveau 1 (débutant),159,1,100.0
ALP502034,2021,Béni Mellal-Khénifra,BMK,El Kelaa des Sraghna,Urbain,Masculin,18,15-24,ANLCA,Niveau 1 (débutant),48,1,45.5
ALP502035,2016,Oriental,ORI,Driouch,Urbain,Masculin,16,15-24,ONG,Niveau 3 (avancé),193,1,64.9
ALP502036,2019,Marrakech-Safi,MAR,Marrakech,Urbain,Masculin,41,35-49,Entreprise,Niveau 1 (débutant),74,1,74.8
ALP502037,2022,Fès-Meknès,FES,Taounate,Rural,Masculin,40,35-49,Mosquée,Niveau 2 (intermédiaire),127,0,63.1
ALP502038,2022,Béni Mellal-Khénifra,BMK,Béni Mellal,Rural,Masculin,61,50-64,ANLCA,Niveau 1 (débutant),40,0,50.5
ALP502039,2016,Fès-Meknès,FES,Boulemane,Rural,Féminin,21,15-24,ANLCA,Niveau 2 (intermédiaire),119,0,75.3
ALP502040,2023,Fès-Meknès,FES,Moulay Yacoub,Urbain,Féminin,22,15-24,Mosquée,Niveau 2 (intermédiaire),102,1,51.2
ALP502041,2021,Tanger-Tétouan-Al Hoceïma,TAN,Al Hoceïma,Rural,Féminin,53,50-64,Entreprise,Niveau 2 (intermédiaire),73,1,24.6
ALP502042,2020,Marrakech-Safi,MAR,Safi,Rural,Masculin,46,35-49,ANLCA,Niveau 2 (intermédiaire),164,1,83.4
ALP502043,2019,Souss-Massa,SOU,Tiznit,Rural,Féminin,19,15-24,ONG,Niveau 3 (avancé),182,1,73.1
ALP502044,2016,Fès-Meknès,FES,Taounate,Rural,Féminin,38,35-49,Association partenaire,Niveau 2 (intermédiaire),128,1,85.5
ALP502045,2017,Rabat-Salé-Kénitra,RAB,Salé,Rural,Masculin,23,15-24,ONG,Niveau 3 (avancé),158,1,87.8
ALP502046,2019,Rabat-Salé-Kénitra,RAB,Rabat,Rural,Masculin,31,25-34,ANLCA,Niveau 1 (débutant),164,1,46.0
ALP502047,2019,Fès-Meknès,FES,Fès,Rural,Féminin,54,50-64,ANLCA,Niveau 1 (débutant),171,0,30.1
ALP502048,2019,Casablanca-Settat,CAS,Settat,Urbain,Féminin,47,35-49,Association partenaire,Niveau 1 (débutant),129,0,51.1
ALP502049,2016,Tanger-Tétouan-Al Hoceïma,TAN,Chefchaouen,Urbain,Féminin,46,35-49,Entreprise,Niveau 1 (débutant),131,1,41.7
ALP502050,2023,Tanger-Tétouan-Al Hoceïma,TAN,Al Hoceïma,Urbain,Masculin,47,35-49,ANLCA,Niveau 2 (intermédiaire),193,1,55.7
ALP502051,2021,Fès-Meknès,FES,Séfrou,Urbain,Masculin,30,25-34,Mosquée,Niveau 1 (débutant),77,1,68.5
ALP502052,2020,Tanger-Tétouan-Al Hoceïma,TAN,Fahs-Anjra,Rural,Féminin,28,25-34,ONG,Niveau 1 (débutant),85,1,99.7
ALP502053,2020,Oriental,ORI,Nador,Rural,Féminin,39,35-49,Entreprise,Niveau 3 (avancé),78,1,65.7
ALP502054,2021,Casablanca-Settat,CAS,El Jadida,Urbain,Masculin,47,35-49,Association partenaire,Niveau 2 (intermédiaire),42,1,69.1
ALP502055,2023,Souss-Massa,SOU,Tiznit,Rural,Féminin,45,35-49,Association partenaire,Niveau 1 (débutant),108,0,83.5
ALP502056,2016,Marrakech-Safi,MAR,Essaouira,Rural,Féminin,63,50-64,ONG,Niveau 2 (intermédiaire),171,0,75.9
ALP502057,2016,Tanger-Tétouan-Al Hoceïma,TAN,Chefchaouen,Urbain,Féminin,44,35-49,Association partenaire,Niveau 3 (avancé),53,1,55.7
ALP502058,2018,Casablanca-Settat,CAS,Casablanca,Urbain,Féminin,23,15-24,Entreprise,Niveau 2 (intermédiaire),168,1,52.0
ALP502059,2019,Béni Mellal-Khénifra,BMK,Béni Mellal,Rural,Féminin,16,15-24,Association partenaire,Niveau 1 (débutant),170,1,82.2
ALP502060,2023,Rabat-Salé-Kénitra,RAB,Sidi Slimane,Rural,Féminin,53,50-64,ANLCA,Niveau 3 (avancé),145,1,66.3
ALP502061,2018,Rabat-Salé-Kénitra,RAB,Sidi Slimane,Rural,Féminin,21,15-24,ANLCA,Niveau 2 (intermédiaire),61,0,84.7
ALP502062,2022,Fès-Meknès,FES,Séfrou,Urbain,Féminin,25,15-24,Association partenaire,Niveau 2 (intermédiaire),104,0,79.7
ALP502063,2023,Marrakech-Safi,MAR,Al Haouz,Rural,Féminin,47,35-49,Association partenaire,Niveau 3 (avancé),115,1,55.3
ALP502064,2015,Rabat-Salé-Kénitra,RAB,Skhirate-Témara,Rural,Féminin,41,35-49,Entreprise,Niveau 3 (avancé),137,1,61.4
ALP502065,2017,Oriental,ORI,Nador,Rural,Féminin,30,25-34,Association partenaire,Niveau 1 (débutant),165,1,59.2
ALP502066,2021,Oriental,ORI,Jerada,Rural,Féminin,30,25-34,ANLCA,Niveau 2 (intermédiaire),49,0,58.0
ALP502067,2020,Rabat-Salé-Kénitra,RAB,Rabat,Rural,Féminin,28,25-34,ANLCA,Niveau 3 (avancé),98,0,68.7
ALP502068,2020,Marrakech-Safi,MAR,Chichaoua,Urbain,Féminin,16,15-24,Association partenaire,Niveau 2 (intermédiaire),99,1,49.2
ALP502069,2017,Tanger-Tétouan-Al Hoceïma,TAN,Mdiq-Fnideq,Urbain,Masculin,18,15-24,Association partenaire,Niveau 1 (débutant),193,0,74.6
ALP502070,2015,Oriental,ORI,Figuig,Rural,Féminin,29,25-34,ANLCA,Niveau 1 (débutant),139,1,57.9
ALP502071,2023,Fès-Meknès,FES,Boulemane,Urbain,Féminin,63,50-64,Entreprise,Niveau 2 (intermédiaire),183,1,32.1
ALP502072,2017,Casablanca-Settat,CAS,Casablanca,Rural,Féminin,48,35-49,ANLCA,Niveau 1 (débutant),107,1,60.1
ALP502073,2023,Casablanca-Settat,CAS,Sidi Bennour,Urbain,Féminin,19,15-24,Entreprise,Niveau 1 (débutant),181,1,62.1
ALP502074,2020,Oriental,ORI,Taourirt,Urbain,Masculin,57,50-64,Entreprise,Niveau 3 (avancé),155,0,63.4
ALP502075,2018,Casablanca-Settat,CAS,Berrechid,Urbain,Masculin,43,35-49,Association partenaire,Niveau 3 (avancé),69,0,94.2
ALP502076,2015,Casablanca-Settat,CAS,Sidi Bennour,Urbain,Féminin,16,15-24,ONG,Niveau 3 (avancé),107,0,86.0
ALP502077,2023,Tanger-Tétouan-Al Hoceïma,TAN,Mdiq-Fnideq,Rural,Féminin,54,50-64,Association partenaire,Niveau 3 (avancé),189,1,67.9
ALP502078,2017,Casablanca-Settat,CAS,Sidi Bennour,Urbain,Féminin,25,15-24,Mosquée,Niveau 3 (avancé),56,1,82.3
ALP502079,2019,Oriental,ORI,Oujda-Angad,Rural,Masculin,28,25-34,ONG,Niveau 2 (intermédiaire),166,0,66.3
ALP502080,2020,Rabat-Salé-Kénitra,RAB,Rabat,Urbain,Féminin,41,35-49,ANLCA,Niveau 1 (débutant),72,1,34.3
ALP502081,2017,Souss-Massa,SOU,Taroudannt,Rural,Masculin,19,15-24,ANLCA,Niveau 2 (intermédiaire),183,1,78.8
ALP502082,2015,Casablanca-Settat,CAS,El Jadida,Rural,Féminin,43,35-49,ANLCA,Niveau 1 (débutant),192,1,56.5
ALP502083,2023,Marrakech-Safi,MAR,El Kelaa des Sraghna,Rural,Féminin,34,25-34,ANLCA,Niveau 1 (débutant),173,1,76.5
ALP502084,2023,Béni Mellal-Khénifra,BMK,Fquih Ben Salah,Rural,Masculin,24,15-24,Entreprise,Niveau 1 (débutant),74,1,52.8
ALP502085,2020,Casablanca-Settat,CAS,Benslimane,Rural,Féminin,53,50-64,Mosquée,Niveau 3 (avancé),163,0,58.5
ALP502086,2019,Fès-Meknès,FES,Taza,Urbain,Masculin,24,15-24,Mosquée,Niveau 3 (avancé),139,1,64.7
ALP502087,2022,Fès-Meknès,FES,Taza,Rural,Féminin,33,25-34,ANLCA,Niveau 1 (débutant),64,1,83.3
ALP502088,2015,Fès-Meknès,FES,Taza,Rural,Masculin,61,50-64,Mosquée,Niveau 3 (avancé),114,0,62.8
ALP502089,2016,Casablanca-Settat,CAS,Berrechid,Rural,Féminin,62,50-64,ANLCA,Niveau 2 (intermédiaire),40,1,42.1
ALP502090,2017,Béni Mellal-Khénifra,BMK,El Kelaa des Sraghna,Rural,Féminin,49,35-49,Entreprise,Niveau 3 (avancé),113,0,55.3
ALP502091,2021,Casablanca-Settat,CAS,Settat,Rural,Féminin,26,25-34,Association partenaire,Niveau 1 (débutant),75,1,67.2
ALP502092,2015,Fès-Meknès,FES,Taza,Rural,Masculin,50,35-49,ANLCA,Niveau 3 (avancé),184,1,25.8
ALP502093,2023,Oriental,ORI,Oujda-Angad,Rural,Féminin,30,25-34,Association partenaire,Niveau 1 (débutant),194,1,37.9
ALP502094,2017,Rabat-Salé-Kénitra,RAB,Sidi Slimane,Rural,Féminin,26,25-34,Association partenaire,Niveau 2 (intermédiaire),195,1,62.4
ALP502095,2016,Tanger-Tétouan-Al Hoceïma,TAN,Larache,Urbain,Féminin,25,15-24,Association partenaire,Niveau 1 (débutant),47,1,65.8
ALP502096,2021,Oriental,ORI,Taourirt,Rural,Féminin,25,15-24,Association partenaire,Niveau 2 (intermédiaire),116,1,51.6
ALP502097,2017,Souss-Massa,SOU,Tiznit,Urbain,Féminin,31,25-34,Mosquée,Niveau 2 (intermédiaire),193,1,70.0
ALP502098,2022,Souss-Massa,SOU,Taroudannt,Rural,Féminin,39,35-49,Entreprise,Niveau 3 (avancé),144,0,60.0
ALP502099,2021,Béni Mellal-Khénifra,BMK,El Kelaa des Sraghna,Rural,Masculin,61,50-64,ANLCA,Niveau 3 (avancé),80,0,56.0
ALP502100,2023,Tanger-Tétouan-Al Hoceïma,TAN,Al Hoceïma,Rural,Féminin,47,35-49,Mosquée,Niveau 2 (intermédiaire),141,1,71.6
ALP502101,2018,Casablanca-Settat,CAS,Khouribga,Rural,Masculin,64,50-64,Entreprise,Niveau 2 (intermédiaire),47,1,66.4
ALP502102,2020,Tanger-Tétouan-Al Hoceïma,TAN,Tanger-Assilah,Rural,Féminin,28,25-34,Mosquée,Niveau 3 (avancé),87,0,63.2
ALP502103,2017,Marrakech-Safi,MAR,Al Haouz,Rural,Féminin,25,15-24,Mosquée,Niveau 1 (débutant),138,1,44.3
ALP502104,2021,Marrakech-Safi,MAR,El Kelaa des Sraghna,Rural,Masculin,61,50-64,ONG,Niveau 2 (intermédiaire),162,1,74.4
ALP502105,2015,Drâa-Tafilalet,DRA,Zagora,Urbain,Masculin,20,15-24,ANLCA,Niveau 2 (intermédiaire),176,0,86.0
ALP502106,2022,Fès-Meknès,FES,Ifrane,Rural,Masculin,24,15-24,ANLCA,Niveau 1 (débutant),129,1,55.1
ALP502107,2022,Casablanca-Settat,CAS,Khouribga,Rural,Féminin,39,35-49,Mosquée,Niveau 1 (débutant),184,1,53.7
ALP502108,2022,Casablanca-Settat,CAS,Benslimane,Rural,Masculin,35,25-34,ANLCA,Niveau 1 (débutant),173,1,38.4
ALP502109,2018,Oriental,ORI,Nador,Urbain,Féminin,16,15-24,Entreprise,Niveau 1 (débutant),90,1,78.9
ALP502110,2022,Casablanca-Settat,CAS,Sidi Bennour,Rural,Féminin,15,,Mosquée,Niveau 1 (débutant),171,1,63.8
ALP502111,2023,Tanger-Tétouan-Al Hoceïma,TAN,Al Hoceïma,Rural,Masculin,26,25-34,Mosquée,Niveau 1 (débutant),141,1,92.4
ALP502112,2017,Fès-Meknès,FES,Taza,Rural,Masculin,25,15-24,Association partenaire,Niveau 3 (avancé),163,1,82.0
ALP502113,2021,Marrakech-Safi,MAR,Chichaoua,Urbain,Féminin,25,15-24,ONG,Niveau 3 (avancé),102,0,74.3
ALP502114,2018,Rabat-Salé-Kénitra,RAB,Sidi Kacem,Rural,Féminin,63,50-64,Entreprise,Niveau 1 (débutant),74,1,67.6
ALP502115,2022,Souss-Massa,SOU,Inezgane-Ait Melloul,Rural,Féminin,47,35-49,Association partenaire,Niveau 1 (débutant),40,1,74.6
ALP502116,2022,Casablanca-Settat,CAS,Settat,Urbain,Féminin,31,25-34,Mosquée,Niveau 3 (avancé),69,1,81.2
ALP502117,2016,Tanger-Tétouan-Al Hoceïma,TAN,Al Hoceïma,Rural,Masculin,62,50-64,ANLCA,Niveau 3 (avancé),54,1,95.6
ALP502118,2019,Rabat-Salé-Kénitra,RAB,Kénitra,Urbain,Féminin,33,25-34,ANLCA,Niveau 2 (intermédiaire),147,0,67.4
ALP502119,2022,Tanger-Tétouan-Al Hoceïma,TAN,Ouazzane,Rural,Féminin,49,35-49,ONG,Niveau 1 (débutant),63,1,58.1
ALP502120,2020,Fès-Meknès,FES,Ifrane,Rural,Masculin,45,35-49,Association partenaire,Niveau 2 (intermédiaire),153,1,69.3
ALP502121,2016,Rabat-Salé-Kénitra,RAB,Skhirate-Témara,Rural,Féminin,22,15-24,Association partenaire,Niveau 1 (débutant),173,0,52.0
ALP502122,2015,Marrakech-Safi,MAR,Safi,Urbain,Masculin,60,50-64,ONG,Niveau 3 (avancé),132,1,68.2
ALP502123,2019,Laâyoune-Sakia El Hamra,LAA,Es-Semara,Urbain,Masculin,42,35-49,Mosquée,Niveau 1 (débutant),59,0,66.2
ALP502124,2016,Rabat-Salé-Kénitra,RAB,Sidi Slimane,Rural,Masculin,58,50-64,ANLCA,Niveau 1 (débutant),96,1,51.5
ALP502125,2015,Casablanca-Settat,CAS,Benslimane,Rural,Masculin,45,35-49,Association partenaire,Niveau 1 (débutant),108,1,48.5
ALP502126,2016,Casablanca-Settat,CAS,El Jadida,Rural,Masculin,52,50-64,Association partenaire,Niveau 1 (débutant),92,1,59.3
ALP502127,2020,Fès-Meknès,FES,Moulay Yacoub,Urbain,Féminin,16,15-24,Entreprise,Niveau 3 (avancé),83,0,64.1
ALP502128,2015,Béni Mellal-Khénifra,BMK,Béni Mellal,Rural,Masculin,46,35-49,Association partenaire,Niveau 2 (intermédiaire),47,0,66.7
ALP502129,2023,Tanger-Tétouan-Al Hoceïma,TAN,Larache,Urbain,Masculin,42,35-49,ANLCA,Niveau 3 (avancé),66,1,58.5
ALP502130,2016,Casablanca-Settat,CAS,Sidi Bennour,Rural,Féminin,30,25-34,ANLCA,Niveau 2 (intermédiaire),195,1,68.2
ALP502131,2023,Casablanca-Settat,CAS,El Jadida,Urbain,Féminin,62,50-64,ANLCA,Niveau 2 (intermédiaire),71,1,76.6
ALP502132,2020,Casablanca-Settat,CAS,Settat,Rural,Masculin,60,50-64,ANLCA,Niveau 1 (débutant),138,1,59.5
ALP502133,2022,Rabat-Salé-Kénitra,RAB,Khémisset,Rural,Féminin,55,50-64,Mosquée,Niveau 2 (intermédiaire),159,1,35.2
ALP502134,2021,Casablanca-Settat,CAS,Settat,Urbain,Féminin,53,50-64,ANLCA,Niveau 1 (débutant),172,0,22.5
ALP502135,2018,Rabat-Salé-Kénitra,RAB,Kénitra,Rural,Féminin,29,25-34,ANLCA,Niveau 1 (débutant),91,1,61.9
ALP502136,2015,Fès-Meknès,FES,Séfrou,Rural,Masculin,62,50-64,Association partenaire,Niveau 1 (débutant),61,1,66.5
ALP502137,2016,Souss-Massa,SOU,Taroudannt,Urbain,Féminin,43,35-49,ANLCA,Niveau 1 (débutant),179,0,88.6
ALP502138,2022,Souss-Massa,SOU,Taroudannt,Rural,Féminin,53,50-64,Association partenaire,Niveau 2 (intermédiaire),122,1,68.8
ALP502139,2022,Marrakech-Safi,MAR,Chichaoua,Rural,Féminin,31,25-34,ONG,Niveau 2 (intermédiaire),75,0,74.5
ALP502140,2021,Marrakech-Safi,MAR,Marrakech,Urbain,Féminin,18,15-24,Association partenaire,Niveau 3 (avancé),105,0,70.8
ALP502141,2018,Rabat-Salé-Kénitra,RAB,Rabat,Urbain,Masculin,15,,Association partenaire,Niveau 2 (intermédiaire),129,0,71.8
ALP502142,2016,Fès-Meknès,FES,El Hajeb,Urbain,Féminin,18,15-24,ANLCA,Niveau 1 (débutant),72,1,70.1
ALP502143,2016,Rabat-Salé-Kénitra,RAB,Rabat,Urbain,Féminin,16,15-24,Mosquée,Niveau 1 (débutant),163,0,100.0
ALP502144,2018,Casablanca-Settat,CAS,Berrechid,Rural,Féminin,61,50-64,ANLCA,Niveau 2 (intermédiaire),74,1,28.8
ALP502145,2023,Béni Mellal-Khénifra,BMK,El Kelaa des Sraghna,Rural,Féminin,30,25-34,ONG,Niveau 2 (intermédiaire),46,1,83.3
ALP502146,2021,Casablanca-Settat,CAS,Benslimane,Rural,Masculin,33,25-34,Mosquée,Niveau 1 (débutant),144,1,58.0
ALP502147,2017,Drâa-Tafilalet,DRA,Errachidia,Rural,Masculin,37,35-49,ANLCA,Niveau 1 (débutant),113,1,65.5
ALP502148,2018,Fès-Meknès,FES,Taounate,Urbain,Féminin,24,15-24,Association partenaire,Niveau 1 (débutant),47,1,59.8
ALP502149,2017,Rabat-Salé-Kénitra,RAB,Rabat,Rural,Féminin,40,35-49,Association partenaire,Niveau 1 (débutant),187,1,70.9
ALP502150,2015,Souss-Massa,SOU,Taroudannt,Urbain,Féminin,41,35-49,Mosquée,Niveau 3 (avancé),145,1,76.3
ALP502151,2016,Marrakech-Safi,MAR,Youssoufia,Rural,Féminin,42,35-49,ANLCA,Niveau 1 (débutant),130,1,58.1
ALP502152,2023,Oriental,ORI,Guercif,Rural,Féminin,43,35-49,ANLCA,Niveau 3 (avancé),52,1,73.4
ALP502153,2018,Marrakech-Safi,MAR,Safi,Rural,Masculin,33,25-34,Association partenaire,Niveau 2 (intermédiaire),113,0,89.3
ALP502154,2015,Casablanca-Settat,CAS,Benslimane,Rural,Féminin,18,15-24,Association partenaire,Niveau 2 (intermédiaire),41,1,35.0
ALP502155,2020,Marrakech-Safi,MAR,Youssoufia,Rural,Féminin,19,15-24,ANLCA,Niveau 1 (débutant),131,0,74.3
ALP502156,2022,Guelmim-Oued Noun,GUE,Sidi Ifni,Rural,Féminin,42,35-49,Association partenaire,Niveau 2 (intermédiaire),87,0,43.4
ALP502157,2021,Casablanca-Settat,CAS,El Jadida,Rural,Féminin,55,50-64,ANLCA,Niveau 2 (intermédiaire),162,1,90.1
ALP502158,2021,Casablanca-Settat,CAS,Berrechid,Rural,Féminin,32,25-34,ANLCA,Niveau 1 (débutant),162,1,93.8
ALP502159,2019,Laâyoune-Sakia El Hamra,LAA,Es-Semara,Urbain,Féminin,61,50-64,Entreprise,Niveau 1 (débutant),188,0,81.9
ALP502160,2016,Rabat-Salé-Kénitra,RAB,Sidi Kacem,Urbain,Féminin,22,15-24,ANLCA,Niveau 3 (avancé),97,0,52.0
ALP502161,2020,Tanger-Tétouan-Al Hoceïma,TAN,Larache,Urbain,Féminin,51,50-64,Mosquée,Niveau 2 (intermédiaire),184,1,32.8
ALP502162,2017,Fès-Meknès,FES,Fès,Urbain,Féminin,27,25-34,Mosquée,Niveau 1 (débutant),135,0,51.1
ALP502163,2021,Marrakech-Safi,MAR,Youssoufia,Urbain,Masculin,60,50-64,Entreprise,Niveau 3 (avancé),193,1,100.0
ALP502164,2021,Guelmim-Oued Noun,GUE,Assa-Zag,Rural,Féminin,56,50-64,ANLCA,Niveau 3 (avancé),156,0,75.8
ALP502165,2017,Fès-Meknès,FES,El Hajeb,Rural,Féminin,27,25-34,ONG,Niveau 2 (intermédiaire),68,1,75.6
ALP502166,2018,Fès-Meknès,FES,Meknès,Urbain,Féminin,21,15-24,Association partenaire,Niveau 2 (intermédiaire),174,1,61.0
ALP502167,2021,Rabat-Salé-Kénitra,RAB,Sidi Kacem,Urbain,Féminin,34,25-34,ANLCA,Niveau 1 (débutant),120,1,81.7
ALP502168,2018,Fès-Meknès,FES,Taza,Urbain,Féminin,20,15-24,Entreprise,Niveau 1 (débutant),71,1,76.2
ALP502169,2023,Béni Mellal-Khénifra,BMK,El Kelaa des Sraghna,Urbain,Féminin,54,50-64,ANLCA,Niveau 3 (avancé),70,1,72.5
ALP502170,2017,Casablanca-Settat,CAS,Khouribga,Rural,Féminin,46,35-49,Mosquée,Niveau 1 (débutant),122,0,42.2
ALP502171,2016,Oriental,ORI,Guercif,Urbain,Féminin,42,35-49,ANLCA,Niveau 3 (avancé),73,1,96.6
ALP502172,2021,Casablanca-Settat,CAS,Mohammadia,Urbain,Féminin,18,15-24,ONG,Niveau 1 (débutant),64,1,100.0
ALP502173,2022,Rabat-Salé-Kénitra,RAB,Salé,Rural,Féminin,35,25-34,ANLCA,Niveau 3 (avancé),115,1,88.2
ALP502174,2022,Rabat-Salé-Kénitra,RAB,Sidi Slimane,Rural,Masculin,24,15-24,ONG,Niveau 2 (intermédiaire),175,1,42.8
ALP502175,2023,Souss-Massa,SOU,Chtouka-Ait Baha,Rural,Féminin,37,35-49,ONG,Niveau 1 (débutant),136,0,79.1
ALP502176,2015,Casablanca-Settat,CAS,Berrechid,Rural,Féminin,61,50-64,ONG,Niveau 2 (intermédiaire),130,1,58.2
ALP502177,2022,Fès-Meknès,FES,Fès,Urbain,Féminin,45,35-49,Association partenaire,Niveau 1 (débutant),120,0,56.4
ALP502178,2015,Tanger-Tétouan-Al Hoceïma,TAN,Fahs-Anjra,Urbain,Féminin,36,35-49,Mosquée,Niveau 1 (débutant),156,1,55.7
ALP502179,2017,Béni Mellal-Khénifra,BMK,Khouribga,Rural,Masculin,35,25-34,ANLCA,Niveau 3 (avancé),73,1,84.8
ALP502180,2022,Béni Mellal-Khénifra,BMK,Béni Mellal,Rural,Féminin,57,50-64,ONG,Niveau 3 (avancé),171,1,85.2
ALP502181,2017,Rabat-Salé-Kénitra,RAB,Sidi Kacem,Rural,Masculin,64,50-64,ANLCA,Niveau 2 (intermédiaire),102,1,59.4
ALP502182,2016,Casablanca-Settat,CAS,Settat,Rural,Féminin,32,25-34,ONG,Niveau 2 (intermédiaire),187,1,85.9
ALP502183,2021,Rabat-Salé-Kénitra,RAB,Sidi Kacem,Urbain,Masculin,15,,Association partenaire,Niveau 2 (intermédiaire),122,0,83.6
ALP502184,2016,Béni Mellal-Khénifra,BMK,Béni Mellal,Urbain,Féminin,30,25-34,ANLCA,Niveau 2 (intermédiaire),99,1,80.1
ALP502185,2016,Drâa-Tafilalet,DRA,Errachidia,Urbain,Féminin,44,35-49,ANLCA,Niveau 2 (intermédiaire),189,1,50.7
ALP502186,2016,Fès-Meknès,FES,Taza,Urbain,Féminin,62,50-64,Entreprise,Niveau 3 (avancé),77,1,86.9
ALP502187,2018,Casablanca-Settat,CAS,Settat,Rural,Masculin,55,50-64,ANLCA,Niveau 1 (débutant),97,1,99.0
ALP502188,2023,Casablanca-Settat,CAS,Berrechid,Urbain,Masculin,49,35-49,Mosquée,Niveau 2 (intermédiaire),53,1,61.1
ALP502189,2022,Rabat-Salé-Kénitra,RAB,Skhirate-Témara,Rural,Féminin,31,25-34,Association partenaire,Niveau 2 (intermédiaire),197,0,69.0
ALP502190,2022,Rabat-Salé-Kénitra,RAB,Skhirate-Témara,Urbain,Féminin,34,25-34,Association partenaire,Niveau 3 (avancé),136,1,53.6
ALP502191,2018,Rabat-Salé-Kénitra,RAB,Sidi Kacem,Rural,Masculin,46,35-49,Association partenaire,Niveau 3 (avancé),125,1,65.3
ALP502192,2017,Rabat-Salé-Kénitra,RAB,Rabat,Rural,Masculin,63,50-64,Association partenaire,Niveau 2 (intermédiaire),67,0,57.5
ALP502193,2016,Béni Mellal-Khénifra,BMK,Khouribga,Urbain,Féminin,32,25-34,Association partenaire,Niveau 1 (débutant),40,1,84.5
ALP502194,2016,Fès-Meknès,FES,Boulemane,Rural,Masculin,53,50-64,Mosquée,Niveau 1 (débutant),133,1,97.2
ALP502195,2021,Rabat-Salé-Kénitra,RAB,Skhirate-Témara,Rural,Féminin,52,50-64,Mosquée,Niveau 1 (débutant),196,1,58.1
ALP502196,2016,Tanger-Tétouan-Al Hoceïma,TAN,Ouazzane,Rural,Féminin,48,35-49,Mosquée,Niveau 1 (débutant),176,1,47.5
ALP502197,2019,Casablanca-Settat,CAS,Settat,Urbain,Féminin,52,50-64,ANLCA,Niveau 1 (débutant),52,1,54.3
ALP502198,2023,Drâa-Tafilalet,DRA,Tinghir,Urbain,Masculin,61,50-64,ANLCA,Niveau 2 (intermédiaire),76,0,81.8
ALP502199,2021,Fès-Meknès,FES,Taounate,Urbain,Masculin,58,50-64,Mosquée,Niveau 1 (débutant),54,1,77.5
ALP502200,2021,Souss-Massa,SOU,Agadir-Ida-Ou-Tanane,Rural,Féminin,53,50-64,Association partenaire,Niveau 1 (débutant),79,0,63.9
ALP502201,2023,Fès-Meknès,FES,Meknès,Rural,Masculin,29,25-34,ANLCA,Niveau 1 (débutant),181,0,77.7
ALP502202,2017,Fès-Meknès,FES,Ifrane,Rural,Féminin,48,35-49,Mosquée,Niveau 1 (débutant),54,1,78.8
ALP502203,2016,Marrakech-Safi,MAR,Safi,Urbain,Masculin,44,35-49,ANLCA,Niveau 2 (intermédiaire),176,1,63.3
ALP502204,2021,Fès-Meknès,FES,Fès,Urbain,Masculin,59,50-64,ONG,Niveau 3 (avancé),196,0,48.9
ALP502205,2017,Oriental,ORI,Berkane,Rural,Féminin,19,15-24,Association partenaire,Niveau 1 (débutant),64,1,76.0
ALP502206,2021,Souss-Massa,SOU,Taroudannt,Rural,Féminin,27,25-34,ANLCA,Niveau 1 (débutant),59,1,48.4
ALP502207,2015,Tanger-Tétouan-Al Hoceïma,TAN,Fahs-Anjra,Urbain,Masculin,28,25-34,Entreprise,Niveau 1 (débutant),124,1,47.2
ALP502208,2021,Souss-Massa,SOU,Agadir-Ida-Ou-Tanane,Urbain,Féminin,50,35-49,ANLCA,Niveau 2 (intermédiaire),98,1,61.3
ALP502209,2023,Fès-Meknès,FES,Taounate,Rural,Masculin,45,35-49,Entreprise,Niveau 3 (avancé),122,0,92.4
ALP502210,2019,Drâa-Tafilalet,DRA,Zagora,Rural,Féminin,55,50-64,ONG,Niveau 3 (avancé),144,1,89.5
ALP502211,2023,Marrakech-Safi,MAR,Safi,Rural,Féminin,46,35-49,ANLCA,Niveau 3 (avancé),117,1,59.5
ALP502212,2016,Souss-Massa,SOU,Agadir-Ida-Ou-Tanane,Rural,Féminin,45,35-49,Association partenaire,Niveau 1 (débutant),180,1,75.0
ALP502213,2018,Béni Mellal-Khénifra,BMK,Béni Mellal,Rural,Féminin,36,35-49,ONG,Niveau 3 (avancé),144,1,65.4
ALP502214,2021,Tanger-Tétouan-Al Hoceïma,TAN,Al Hoceïma,Rural,Masculin,16,15-24,Association partenaire,Niveau 2 (intermédiaire),183,1,63.7
ALP502215,2016,Souss-Massa,SOU,Inezgane-Ait Melloul,Urbain,Féminin,58,50-64,ANLCA,Niveau 1 (débutant),47,1,68.7
ALP502216,2020,Béni Mellal-Khénifra,BMK,El Kelaa des Sraghna,Rural,Féminin,21,15-24,ONG,Niveau 1 (débutant),114,1,80.0
ALP502217,2021,Casablanca-Settat,CAS,Mohammadia,Urbain,Masculin,29,25-34,ONG,Niveau 3 (avancé),65,1,44.8
ALP502218,2016,Rabat-Salé-Kénitra,RAB,Kénitra,Urbain,Féminin,52,50-64,ANLCA,Niveau 2 (intermédiaire),60,1,62.3
ALP502219,2015,Rabat-Salé-Kénitra,RAB,Salé,Urbain,Féminin,18,15-24,ONG,Niveau 3 (avancé),167,1,66.8
ALP502220,2017,Rabat-Salé-Kénitra,RAB,Salé,Urbain,Masculin,23,15-24,ANLCA,Niveau 2 (intermédiaire),145,1,32.8
ALP502221,2018,Tanger-Tétouan-Al Hoceïma,TAN,Tétouan,Urbain,Masculin,50,35-49,Entreprise,Niveau 3 (avancé),63,1,67.3
ALP502222,2020,Fès-Meknès,FES,Boulemane,Urbain,Féminin,29,25-34,Association partenaire,Niveau 2 (intermédiaire),105,0,78.0
ALP502223,2016,Marrakech-Safi,MAR,Safi,Rural,Masculin,35,25-34,ANLCA,Niveau 2 (intermédiaire),182,1,83.3
ALP502224,2023,Fès-Meknès,FES,Taza,Rural,Féminin,31,25-34,Association partenaire,Niveau 3 (avancé),154,0,69.3
ALP502225,2023,Tanger-Tétouan-Al Hoceïma,TAN,Fahs-Anjra,Rural,Féminin,48,35-49,ONG,Niveau 1 (débutant),43,0,81.0
ALP502226,2023,Fès-Meknès,FES,Meknès,Urbain,Masculin,43,35-49,Mosquée,Niveau 1 (débutant),124,1,26.5
ALP502227,2018,Souss-Massa,SOU,Chtouka-Ait Baha,Urbain,Féminin,47,35-49,Association partenaire,Niveau 3 (avancé),91,0,59.6
ALP502228,2019,Drâa-Tafilalet,DRA,Errachidia,Urbain,Féminin,40,35-49,Association partenaire,Niveau 2 (intermédiaire),167,1,82.5
ALP502229,2023,Marrakech-Safi,MAR,Al Haouz,Rural,Féminin,64,50-64,ANLCA,Niveau 3 (avancé),65,1,46.1
ALP502230,2019,Guelmim-Oued Noun,GUE,Assa-Zag,Urbain,Féminin,56,50-64,ANLCA,Niveau 3 (avancé),178,1,79.0
ALP502231,2018,Casablanca-Settat,CAS,Mohammadia,Urbain,Féminin,64,50-64,Entreprise,Niveau 2 (intermédiaire),115,1,76.4
ALP502232,2021,Fès-Meknès,FES,Ifrane,Rural,Masculin,59,50-64,ANLCA,Niveau 3 (avancé),157,1,100.0
ALP502233,2015,Marrakech-Safi,MAR,Chichaoua,Rural,Féminin,17,15-24,ANLCA,Niveau 2 (intermédiaire),142,1,70.9
ALP502234,2019,Rabat-Salé-Kénitra,RAB,Rabat,Urbain,Féminin,51,50-64,ANLCA,Niveau 1 (débutant),183,1,62.8
ALP502235,2016,Marrakech-Safi,MAR,Safi,Urbain,Féminin,55,50-64,Association partenaire,Niveau 1 (débutant),73,1,82.6
ALP502236,2016,Marrakech-Safi,MAR,Safi,Rural,Masculin,16,15-24,ANLCA,Niveau 3 (avancé),116,1,56.7
ALP502237,2015,Casablanca-Settat,CAS,Mohammadia,Urbain,Féminin,41,35-49,ANLCA,Niveau 2 (intermédiaire),78,1,34.2
ALP502238,2017,Drâa-Tafilalet,DRA,Tinghir,Rural,Féminin,25,15-24,ANLCA,Niveau 3 (avancé),111,0,39.6
ALP502239,2019,Fès-Meknès,FES,Taza,Rural,Féminin,50,35-49,Mosquée,Niveau 1 (débutant),196,0,66.7
ALP502240,2022,Casablanca-Settat,CAS,Sidi Bennour,Rural,Féminin,34,25-34,Association partenaire,Niveau 2 (intermédiaire),63,1,90.3
ALP502241,2016,Souss-Massa,SOU,Inezgane-Ait Melloul,Rural,Féminin,35,25-34,Mosquée,Niveau 2 (intermédiaire),62,1,60.5
ALP502242,2021,Tanger-Tétouan-Al Hoceïma,TAN,Tanger-Assilah,Rural,Féminin,24,15-24,ONG,Niveau 2 (intermédiaire),96,1,19.6
ALP502243,2018,Rabat-Salé-Kénitra,RAB,Khémisset,Urbain,Féminin,32,25-34,ANLCA,Niveau 1 (débutant),78,1,64.9
ALP502244,2016,Oriental,ORI,Berkane,Urbain,Féminin,45,35-49,Entreprise,Niveau 3 (avancé),66,1,99.7
ALP502245,2022,Casablanca-Settat,CAS,El Jadida,Rural,Féminin,45,35-49,ANLCA,Niveau 1 (débutant),126,0,79.6
ALP502246,2018,Marrakech-Safi,MAR,Al Haouz,Urbain,Masculin,59,50-64,ANLCA,Niveau 1 (débutant),187,0,72.0
ALP502247,2023,Rabat-Salé-Kénitra,RAB,Kénitra,Urbain,Féminin,37,35-49,ANLCA,Niveau 2 (intermédiaire),172,1,87.3
ALP502248,2020,Casablanca-Settat,CAS,Casablanca,Urbain,Masculin,38,35-49,Association partenaire,Niveau 1 (débutant),71,1,74.6
ALP502249,2023,Fès-Meknès,FES,Boulemane,Urbain,Féminin,61,50-64,Association partenaire,Niveau 1 (débutant),129,0,51.6
ALP502250,2015,Rabat-Salé-Kénitra,RAB,Rabat,Rural,Féminin,24,15-24,ANLCA,Niveau 1 (débutant),137,1,49.5
ALP502251,2020,Casablanca-Settat,CAS,Sidi Bennour,Rural,Féminin,27,25-34,ANLCA,Niveau 3 (avancé),194,1,76.3
ALP502252,2017,Casablanca-Settat,CAS,Sidi Bennour,Rural,Féminin,37,35-49,ANLCA,Niveau 3 (avancé),72,1,70.5
ALP502253,2018,Marrakech-Safi,MAR,Essaouira,Urbain,Féminin,38,35-49,Association partenaire,Niveau 3 (avancé),52,1,75.0
ALP502254,2021,Oriental,ORI,Figuig,Urbain,Masculin,49,35-49,Mosquée,Niveau 3 (avancé),49,0,76.8
ALP502255,2022,Marrakech-Safi,MAR,Chichaoua,Rural,Féminin,50,35-49,ANLCA,Niveau 2 (intermédiaire),129,1,58.9
ALP502256,2020,Rabat-Salé-Kénitra,RAB,Sidi Kacem,Rural,Féminin,49,35-49,ONG,Niveau 1 (débutant),98,1,37.7
ALP502257,2017,Casablanca-Settat,CAS,Casablanca,Rural,Féminin,41,35-49,ANLCA,Niveau 2 (intermédiaire),127,1,70.4
ALP502258,2015,Marrakech-Safi,MAR,Marrakech,Rural,Féminin,52,50-64,Entreprise,Niveau 2 (intermédiaire),179,1,70.0
ALP502259,2021,Guelmim-Oued Noun,GUE,Guelmim,Rural,Féminin,32,25-34,ANLCA,Niveau 2 (intermédiaire),66,1,64.2
ALP502260,2018,Casablanca-Settat,CAS,Mohammadia,Rural,Féminin,27,25-34,Mosquée,Niveau 2 (intermédiaire),92,0,40.0
ALP502261,2022,Marrakech-Safi,MAR,Essaouira,Urbain,Masculin,44,35-49,ONG,Niveau 2 (intermédiaire),197,0,66.8
ALP502262,2021,Drâa-Tafilalet,DRA,Tinghir,Rural,Féminin,61,50-64,ANLCA,Niveau 3 (avancé),63,1,70.3
ALP502263,2015,Tanger-Tétouan-Al Hoceïma,TAN,Tétouan,Rural,Féminin,30,25-34,Entreprise,Niveau 1 (débutant),130,1,56.7
ALP502264,2017,Souss-Massa,SOU,Taroudannt,Urbain,Féminin,39,35-49,ANLCA,Niveau 1 (débutant),198,1,55.2
ALP502265,2017,Oriental,ORI,Guercif,Urbain,Féminin,49,35-49,ANLCA,Niveau 1 (débutant),180,1,75.5
ALP502266,2015,Casablanca-Settat,CAS,Khouribga,Urbain,Féminin,62,50-64,ONG,Niveau 1 (débutant),141,1,76.1
ALP502267,2016,Fès-Meknès,FES,Boulemane,Urbain,Féminin,30,25-34,ANLCA,Niveau 1 (débutant),114,1,78.0
ALP502268,2015,Souss-Massa,SOU,Inezgane-Ait Melloul,Rural,Féminin,40,35-49,Association partenaire,Niveau 1 (débutant),172,1,61.4
ALP502269,2019,Rabat-Salé-Kénitra,RAB,Kénitra,Rural,Masculin,56,50-64,ANLCA,Niveau 2 (intermédiaire),110,0,41.5
ALP502270,2017,Rabat-Salé-Kénitra,RAB,Khémisset,Urbain,Féminin,52,50-64,Association partenaire,Niveau 2 (intermédiaire),105,0,67.4
ALP502271,2017,Fès-Meknès,FES,Séfrou,Rural,Féminin,18,15-24,Association partenaire,Niveau 2 (intermédiaire),171,1,48.9
ALP502272,2020,Marrakech-Safi,MAR,Al Haouz,Urbain,Féminin,43,35-49,ONG,Niveau 3 (avancé),41,1,57.8
ALP502273,2021,Souss-Massa,SOU,Inezgane-Ait Melloul,Rural,Féminin,34,25-34,ANLCA,Niveau 2 (intermédiaire),176,1,51.1
ALP502274,2017,Casablanca-Settat,CAS,Berrechid,Rural,Féminin,53,50-64,Association partenaire,Niveau 2 (intermédiaire),94,0,53.1
ALP502275,2022,Marrakech-Safi,MAR,Safi,Urbain,Féminin,60,50-64,ONG,Niveau 1 (débutant),81,0,69.6
ALP502276,2017,Fès-Meknès,FES,Taounate,Urbain,Féminin,52,50-64,ONG,Niveau 1 (débutant),102,1,50.6
ALP502277,2016,Rabat-Salé-Kénitra,RAB,Khémisset,Rural,Féminin,53,50-64,ANLCA,Niveau 2 (intermédiaire),147,1,88.6
ALP502278,2016,Marrakech-Safi,MAR,Chichaoua,Rural,Féminin,30,25-34,Association partenaire,Niveau 1 (débutant),162,1,44.7
ALP502279,2020,Casablanca-Settat,CAS,Mohammadia,Urbain,Féminin,55,50-64,Mosquée,Niveau 3 (avancé),62,1,73.9
ALP502280,2021,Souss-Massa,SOU,Chtouka-Ait Baha,Urbain,Féminin,22,15-24,ONG,Niveau 2 (intermédiaire),191,1,63.0
ALP502281,2022,Rabat-Salé-Kénitra,RAB,Rabat,Rural,Féminin,29,25-34,Association partenaire,Niveau 2 (intermédiaire),131,1,65.0
ALP502282,2022,Souss-Massa,SOU,Chtouka-Ait Baha,Rural,Féminin,23,15-24,ONG,Niveau 3 (avancé),178,1,27.4
ALP502283,2017,Oriental,ORI,Jerada,Urbain,Masculin,54,50-64,Mosquée,Niveau 2 (intermédiaire),111,1,69.5
ALP502284,2015,Casablanca-Settat,CAS,Sidi Bennour,Urbain,Féminin,63,50-64,ANLCA,Niveau 2 (intermédiaire),83,1,74.0
ALP502285,2019,Fès-Meknès,FES,Séfrou,Rural,Féminin,52,50-64,Mosquée,Niveau 1 (débutant),185,1,67.4
ALP502286,2020,Casablanca-Settat,CAS,Benslimane,Rural,Féminin,50,35-49,ANLCA,Niveau 2 (intermédiaire),152,0,45.0
ALP502287,2022,Fès-Meknès,FES,Meknès,Urbain,Féminin,27,25-34,ANLCA,Niveau 2 (intermédiaire),170,1,96.1
ALP502288,2022,Rabat-Salé-Kénitra,RAB,Rabat,Urbain,Masculin,43,35-49,ANLCA,Niveau 2 (intermédiaire),188,0,46.2
ALP502289,2017,Marrakech-Safi,MAR,Chichaoua,Rural,Féminin,35,25-34,Mosquée,Niveau 1 (débutant),146,0,59.1
ALP502290,2017,Fès-Meknès,FES,Fès,Rural,Féminin,53,50-64,Mosquée,Niveau 1 (débutant),180,1,47.6
ALP502291,2020,Fès-Meknès,FES,Taounate,Urbain,Féminin,61,50-64,ANLCA,Niveau 3 (avancé),173,1,93.2
ALP502292,2015,Souss-Massa,SOU,Taroudannt,Rural,Féminin,34,25-34,ANLCA,Niveau 1 (débutant),51,0,47.7
ALP502293,2019,Béni Mellal-Khénifra,BMK,Béni Mellal,Rural,Féminin,49,35-49,Association partenaire,Niveau 3 (avancé),191,1,84.4
ALP502294,2023,Béni Mellal-Khénifra,BMK,Khouribga,Rural,Féminin,16,15-24,ANLCA,Niveau 1 (débutant),111,1,33.2
ALP502295,2022,Casablanca-Settat,CAS,Sidi Bennour,Rural,Féminin,42,35-49,Association partenaire,Niveau 3 (avancé),69,0,60.1
ALP502296,2023,Rabat-Salé-Kénitra,RAB,Salé,Urbain,Masculin,51,50-64,Mosquée,Niveau 3 (avancé),59,1,84.7
ALP502297,2020,Casablanca-Settat,CAS,El Jadida,Rural,Féminin,56,50-64,Mosquée,Niveau 3 (avancé),153,1,67.7
ALP502298,2017,Tanger-Tétouan-Al Hoceïma,TAN,Tanger-Assilah,Rural,Féminin,50,35-49,ANLCA,Niveau 2 (intermédiaire),50,1,95.7
ALP502299,2021,Casablanca-Settat,CAS,Berrechid,Urbain,Masculin,18,15-24,Association partenaire,Niveau 2 (intermédiaire),156,1,61.8
ALP502300,2020,Casablanca-Settat,CAS,Casablanca,Rural,Féminin,57,50-64,Association partenaire,Niveau 1 (débutant),69,0,67.4
ALP502301,2017,Fès-Meknès,FES,Fès,Urbain,Féminin,58,50-64,ANLCA,Niveau 2 (intermédiaire),163,1,78.6
ALP502302,2017,Rabat-Salé-Kénitra,RAB,Sidi Kacem,Rural,Féminin,57,50-64,Association partenaire,Niveau 1 (débutant),68,1,84.4
ALP502303,2016,Tanger-Tétouan-Al Hoceïma,TAN,Fahs-Anjra,Urbain,Masculin,59,50-64,Mosquée,Niveau 2 (intermédiaire),191,0,66.3
ALP502304,2016,Souss-Massa,SOU,Tata,Rural,Féminin,44,35-49,ONG,Niveau 2 (intermédiaire),175,1,63.8
ALP502305,2023,Oriental,ORI,Oujda-Angad,Rural,Féminin,42,35-49,ANLCA,Niveau 1 (débutant),170,1,51.0
ALP502306,2023,Casablanca-Settat,CAS,Settat,Rural,Masculin,30,25-34,Entreprise,Niveau 2 (intermédiaire),116,0,70.6
ALP502307,2019,Béni Mellal-Khénifra,BMK,Fquih Ben Salah,Rural,Féminin,21,15-24,ANLCA,Niveau 2 (intermédiaire),169,0,65.7
ALP502308,2018,Oriental,ORI,Berkane,Rural,Féminin,35,25-34,Association partenaire,Niveau 2 (intermédiaire),191,1,80.2
ALP502309,2020,Marrakech-Safi,MAR,Safi,Rural,Masculin,63,50-64,Association partenaire,Niveau 3 (avancé),160,1,32.4
ALP502310,2022,Tanger-Tétouan-Al Hoceïma,TAN,Fahs-Anjra,Rural,Féminin,41,35-49,ANLCA,Niveau 3 (avancé),75,0,50.6
ALP502311,2016,Drâa-Tafilalet,DRA,Ouarzazate,Rural,Féminin,24,15-24,ANLCA,Niveau 1 (débutant),106,0,75.9
ALP502312,2017,Tanger-Tétouan-Al Hoceïma,TAN,Tétouan,Rural,Féminin,54,50-64,Mosquée,Niveau 3 (avancé),56,0,53.7
ALP502313,2016,Casablanca-Settat,CAS,Benslimane,Urbain,Féminin,19,15-24,ANLCA,Niveau 2 (intermédiaire),68,1,56.1
ALP502314,2018,Fès-Meknès,FES,Fès,Urbain,Féminin,24,15-24,Association partenaire,Niveau 2 (intermédiaire),148,1,70.0
ALP502315,2021,Tanger-Tétouan-Al Hoceïma,TAN,Tanger-Assilah,Urbain,Féminin,30,25-34,ANLCA,Niveau 2 (intermédiaire),196,1,48.2
ALP502316,2018,Oriental,ORI,Figuig,Rural,Féminin,60,50-64,ANLCA,Niveau 2 (intermédiaire),198,0,59.5
ALP502317,2018,Marrakech-Safi,MAR,Youssoufia,Rural,Masculin,62,50-64,ONG,Niveau 3 (avancé),156,1,83.7
ALP502318,2016,Casablanca-Settat,CAS,Settat,Rural,Féminin,57,50-64,ANLCA,Niveau 3 (avancé),163,0,47.5
ALP502319,2016,Drâa-Tafilalet,DRA,Ouarzazate,Rural,Féminin,38,35-49,ANLCA,Niveau 1 (débutant),84,1,70.1
ALP502320,2023,Oriental,ORI,Jerada,Rural,Féminin,53,50-64,Entreprise,Niveau 2 (intermédiaire),88,1,84.1
ALP502321,2020,Rabat-Salé-Kénitra,RAB,Sidi Slimane,Rural,Féminin,46,35-49,Association partenaire,Niveau 3 (avancé),75,1,40.4
ALP502322,2017,Casablanca-Settat,CAS,Mohammadia,Rural,Féminin,32,25-34,ANLCA,Niveau 3 (avancé),97,1,100.0
ALP502323,2023,Casablanca-Settat,CAS,Settat,Rural,Féminin,57,50-64,ANLCA,Niveau 1 (débutant),128,0,64.3
ALP502324,2017,Souss-Massa,SOU,Inezgane-Ait Melloul,Urbain,Masculin,36,35-49,Association partenaire,Niveau 1 (débutant),67,1,64.2
ALP502325,2022,Oriental,ORI,Figuig,Urbain,Féminin,23,15-24,Association partenaire,Niveau 2 (intermédiaire),71,0,63.9
ALP502326,2022,Fès-Meknès,FES,Ifrane,Urbain,Masculin,56,50-64,ANLCA,Niveau 1 (débutant),187,0,67.4
ALP502327,2017,Drâa-Tafilalet,DRA,Midelt,Urbain,Féminin,18,15-24,Association partenaire,Niveau 3 (avancé),164,0,66.7
ALP502328,2018,Casablanca-Settat,CAS,Benslimane,Rural,Masculin,27,25-34,Association partenaire,Niveau 3 (avancé),93,1,48.6
ALP502329,2017,Tanger-Tétouan-Al Hoceïma,TAN,Al Hoceïma,Urbain,Féminin,35,25-34,Association partenaire,Niveau 2 (intermédiaire),85,1,63.8
ALP502330,2021,Souss-Massa,SOU,Chtouka-Ait Baha,Rural,Masculin,39,35-49,Association partenaire,Niveau 3 (avancé),114,1,80.9
ALP502331,2022,Oriental,ORI,Nador,Rural,Féminin,63,50-64,Mosquée,Niveau 3 (avancé),181,1,100.0
ALP502332,2015,Casablanca-Settat,CAS,Casablanca,Rural,Féminin,27,25-34,Association partenaire,Niveau 1 (débutant),65,1,80.3
ALP502333,2019,Tanger-Tétouan-Al Hoceïma,TAN,Al Hoceïma,Rural,Masculin,60,50-64,ANLCA,Niveau 2 (intermédiaire),152,1,72.9
ALP502334,2021,Marrakech-Safi,MAR,Marrakech,Rural,Féminin,23,15-24,Association partenaire,Niveau 3 (avancé),123,0,86.4
ALP502335,2016,Oriental,ORI,Taourirt,Urbain,Masculin,40,35-49,Association partenaire,Niveau 2 (intermédiaire),155,1,51.1
ALP502336,2021,Casablanca-Settat,CAS,Mohammadia,Urbain,Masculin,44,35-49,ANLCA,Niveau 2 (intermédiaire),53,1,91.5
ALP502337,2022,Rabat-Salé-Kénitra,RAB,Rabat,Rural,Féminin,20,15-24,Association partenaire,Niveau 1 (débutant),123,1,54.9
ALP502338,2015,Fès-Meknès,FES,Taza,Urbain,Féminin,62,50-64,Entreprise,Niveau 2 (intermédiaire),116,1,31.5
ALP502339,2023,Tanger-Tétouan-Al Hoceïma,TAN,Ouazzane,Urbain,Féminin,22,15-24,Association partenaire,Niveau 2 (intermédiaire),127,1,44.7
ALP502340,2021,Béni Mellal-Khénifra,BMK,El Kelaa des Sraghna,Urbain,Féminin,32,25-34,Mosquée,Niveau 2 (intermédiaire),101,1,55.0
ALP502341,2019,Drâa-Tafilalet,DRA,Zagora,Urbain,Féminin,57,50-64,Association partenaire,Niveau 1 (débutant),85,1,64.5
ALP502342,2019,Marrakech-Safi,MAR,Essaouira,Rural,Féminin,57,50-64,ANLCA,Niveau 1 (débutant),95,1,39.1
ALP502343,2023,Tanger-Tétouan-Al Hoceïma,TAN,Larache,Urbain,Féminin,16,15-24,Association partenaire,Niveau 3 (avancé),156,1,66.8
ALP502344,2019,Rabat-Salé-Kénitra,RAB,Salé,Rural,Féminin,36,35-49,ANLCA,Niveau 2 (intermédiaire),187,0,51.2
ALP502345,2018,Fès-Meknès,FES,Taounate,Urbain,Masculin,64,50-64,ANLCA,Niveau 3 (avancé),168,0,48.8
ALP502346,2015,Fès-Meknès,FES,Boulemane,Rural,Féminin,16,15-24,ONG,Niveau 1 (débutant),45,1,86.1
ALP502347,2022,Fès-Meknès,FES,Ifrane,Rural,Féminin,63,50-64,Mosquée,Niveau 2 (intermédiaire),175,1,33.0
ALP502348,2020,Casablanca-Settat,CAS,Benslimane,Rural,Féminin,20,15-24,ANLCA,Niveau 1 (débutant),45,1,53.4
ALP502349,2021,Tanger-Tétouan-Al Hoceïma,TAN,Ouazzane,Rural,Féminin,39,35-49,ANLCA,Niveau 2 (intermédiaire),154,1,44.9
ALP502350,2023,Marrakech-Safi,MAR,Essaouira,Urbain,Féminin,27,25-34,ANLCA,Niveau 1 (débutant),135,1,74.1
ALP502351,2020,Casablanca-Settat,CAS,Casablanca,Rural,Masculin,39,35-49,Mosquée,Niveau 1 (débutant),151,1,59.7
ALP502352,2015,Oriental,ORI,Berkane,Rural,Féminin,51,50-64,Mosquée,Niveau 3 (avancé),137,1,26.1
ALP502353,2020,Casablanca-Settat,CAS,Mohammadia,Urbain,Masculin,16,15-24,ANLCA,Niveau 2 (intermédiaire),109,0,59.3
ALP502354,2016,Fès-Meknès,FES,Taza,Rural,Féminin,54,50-64,Mosquée,Niveau 2 (intermédiaire),69,1,43.0
ALP502355,2019,Fès-Meknès,FES,Moulay Yacoub,Rural,Féminin,31,25-34,Association partenaire,Niveau 2 (intermédiaire),146,1,62.5
ALP502356,2022,Souss-Massa,SOU,Tiznit,Urbain,Masculin,50,35-49,ONG,Niveau 1 (débutant),188,0,62.2
ALP502357,2016,Oriental,ORI,Berkane,Rural,Féminin,21,15-24,Entreprise,Niveau 3 (avancé),159,1,47.5
ALP502358,2016,Casablanca-Settat,CAS,Mohammadia,Rural,Féminin,63,50-64,Mosquée,Niveau 1 (débutant),164,1,61.2
ALP502359,2020,Oriental,ORI,Guercif,Urbain,Féminin,62,50-64,ONG,Niveau 3 (avancé),54,1,76.6
ALP502360,2023,Fès-Meknès,FES,Moulay Yacoub,Rural,Féminin,51,50-64,ANLCA,Niveau 3 (avancé),155,1,64.3
ALP502361,2019,Béni Mellal-Khénifra,BMK,El Kelaa des Sraghna,Rural,Féminin,54,50-64,Association partenaire,Niveau 2 (intermédiaire),81,0,80.3
ALP502362,2018,Casablanca-Settat,CAS,Benslimane,Rural,Masculin,16,15-24,Entreprise,Niveau 1 (débutant),196,1,67.6
ALP502363,2017,Tanger-Tétouan-Al Hoceïma,TAN,Al Hoceïma,Rural,Féminin,40,35-49,ONG,Niveau 2 (intermédiaire),119,1,36.7
ALP502364,2019,Rabat-Salé-Kénitra,RAB,Sidi Kacem,Rural,Féminin,63,50-64,Association partenaire,Niveau 1 (débutant),136,1,69.3
ALP502365,2020,Souss-Massa,SOU,Agadir-Ida-Ou-Tanane,Rural,Féminin,32,25-34,ANLCA,Niveau 3 (avancé),97,1,41.6
ALP502366,2016,Fès-Meknès,FES,Ifrane,Urbain,Féminin,30,25-34,ONG,Niveau 2 (intermédiaire),92,1,66.7
ALP502367,2018,Casablanca-Settat,CAS,Khouribga,Rural,Féminin,59,50-64,ANLCA,Niveau 2 (intermédiaire),88,1,61.9
ALP502368,2020,Casablanca-Settat,CAS,Mohammadia,Rural,Masculin,33,25-34,ONG,Niveau 1 (débutant),76,0,100.0
ALP502369,2019,Marrakech-Safi,MAR,El Kelaa des Sraghna,Urbain,Féminin,44,35-49,ANLCA,Niveau 3 (avancé),133,1,44.3
ALP502370,2020,Fès-Meknès,FES,Boulemane,Rural,Féminin,33,25-34,Mosquée,Niveau 2 (intermédiaire),167,0,59.5
ALP502371,2017,Béni Mellal-Khénifra,BMK,El Kelaa des Sraghna,Urbain,Féminin,38,35-49,ANLCA,Niveau 1 (débutant),196,1,80.6
ALP502372,2020,Rabat-Salé-Kénitra,RAB,Skhirate-Témara,Rural,Masculin,46,35-49,ANLCA,Niveau 2 (intermédiaire),110,1,84.1
ALP502373,2020,Souss-Massa,SOU,Chtouka-Ait Baha,Urbain,Féminin,24,15-24,Entreprise,Niveau 1 (débutant),100,1,44.8
ALP502374,2017,Rabat-Salé-Kénitra,RAB,Khémisset,Urbain,Féminin,55,50-64,Mosquée,Niveau 1 (débutant),117,1,78.1
ALP502375,2017,Fès-Meknès,FES,Ifrane,Rural,Féminin,15,,Association partenaire,Niveau 2 (intermédiaire),177,1,65.1
ALP502376,2017,Oriental,ORI,Guercif,Urbain,Masculin,63,50-64,Association partenaire,Niveau 1 (débutant),67,0,42.2
ALP502377,2015,Marrakech-Safi,MAR,Chichaoua,Rural,Féminin,20,15-24,ANLCA,Niveau 2 (intermédiaire),194,1,54.0
ALP502378,2015,Casablanca-Settat,CAS,Settat,Rural,Masculin,46,35-49,Association partenaire,Niveau 2 (intermédiaire),110,1,93.1
ALP502379,2017,Oriental,ORI,Oujda-Angad,Urbain,Féminin,17,15-24,Association partenaire,Niveau 1 (débutant),78,1,63.9
ALP502380,2015,Béni Mellal-Khénifra,BMK,Khouribga,Rural,Masculin,29,25-34,ANLCA,Niveau 1 (débutant),113,1,36.2
ALP502381,2019,Guelmim-Oued Noun,GUE,Assa-Zag,Urbain,Féminin,39,35-49,Association partenaire,Niveau 2 (intermédiaire),102,1,76.6
ALP502382,2020,Rabat-Salé-Kénitra,RAB,Rabat,Rural,Masculin,43,35-49,Entreprise,Niveau 1 (débutant),159,1,16.0
ALP502383,2022,Rabat-Salé-Kénitra,RAB,Sidi Kacem,Rural,Féminin,53,50-64,ANLCA,Niveau 1 (débutant),174,1,83.6
ALP502384,2019,Marrakech-Safi,MAR,Al Haouz,Rural,Féminin,57,50-64,ANLCA,Niveau 2 (intermédiaire),165,1,73.5
ALP502385,2015,Drâa-Tafilalet,DRA,Zagora,Urbain,Féminin,57,50-64,Association partenaire,Niveau 2 (intermédiaire),153,0,48.2
ALP502386,2019,Souss-Massa,SOU,Agadir-Ida-Ou-Tanane,Rural,Féminin,44,35-49,ANLCA,Niveau 1 (débutant),95,1,62.4
ALP502387,2018,Béni Mellal-Khénifra,BMK,Azilal,Rural,Féminin,39,35-49,Entreprise,Niveau 3 (avancé),174,1,80.2
ALP502388,2023,Oriental,ORI,Figuig,Urbain,Féminin,22,15-24,Mosquée,Niveau 2 (intermédiaire),74,0,85.9
ALP502389,2019,Tanger-Tétouan-Al Hoceïma,TAN,Fahs-Anjra,Rural,Masculin,25,15-24,ANLCA,Niveau 3 (avancé),63,1,72.4
ALP502390,2020,Casablanca-Settat,CAS,Casablanca,Rural,Féminin,27,25-34,Association partenaire,Niveau 1 (débutant),199,0,66.6
ALP502391,2015,Fès-Meknès,FES,Séfrou,Rural,Féminin,52,50-64,ONG,Niveau 3 (avancé),84,0,81.1
ALP502392,2016,Marrakech-Safi,MAR,Essaouira,Rural,Féminin,20,15-24,Mosquée,Niveau 1 (débutant),55,1,97.2
ALP502393,2022,Béni Mellal-Khénifra,BMK,Béni Mellal,Rural,Féminin,36,35-49,ANLCA,Niveau 1 (débutant),115,1,90.5
ALP502394,2019,Marrakech-Safi,MAR,El Kelaa des Sraghna,Rural,Masculin,48,35-49,Mosquée,Niveau 3 (avancé),48,1,48.8
ALP502395,2016,Fès-Meknès,FES,Boulemane,Rural,Féminin,26,25-34,ANLCA,Niveau 2 (intermédiaire),157,1,71.9
ALP502396,2023,Fès-Meknès,FES,Meknès,Rural,Masculin,34,25-34,Entreprise,Niveau 2 (intermédiaire),180,1,53.5
ALP502397,2017,Casablanca-Settat,CAS,Berrechid,Urbain,Masculin,19,15-24,ONG,Niveau 2 (intermédiaire),68,1,15.6
ALP502398,2023,Casablanca-Settat,CAS,Mohammadia,Rural,Féminin,51,50-64,ANLCA,Niveau 1 (débutant),40,1,73.0
ALP502399,2015,Tanger-Tétouan-Al Hoceïma,TAN,Tanger-Assilah,Rural,Masculin,23,15-24,ONG,Niveau 1 (débutant),172,1,63.6
ALP502400,2016,Fès-Meknès,FES,El Hajeb,Rural,Féminin,49,35-49,Association partenaire,Niveau 2 (intermédiaire),197,0,60.0
ALP502401,2019,Fès-Meknès,FES,Fès,Rural,Masculin,48,35-49,ANLCA,Niveau 1 (débutant),115,1,57.9
ALP502402,2017,Souss-Massa,SOU,Taroudannt,Rural,Féminin,61,50-64,ANLCA,Niveau 3 (avancé),141,1,94.9
ALP502403,2017,Casablanca-Settat,CAS,Khouribga,Rural,Masculin,62,50-64,Mosquée,Niveau 2 (intermédiaire),175,1,70.7
ALP502404,2019,Rabat-Salé-Kénitra,RAB,Khémisset,Rural,Féminin,57,50-64,Association partenaire,Niveau 1 (débutant),115,1,61.8
ALP502405,2017,Rabat-Salé-Kénitra,RAB,Kénitra,Urbain,Féminin,39,35-49,Association partenaire,Niveau 3 (avancé),186,1,52.1
ALP502406,2020,Rabat-Salé-Kénitra,RAB,Rabat,Urbain,Masculin,28,25-34,ANLCA,Niveau 3 (avancé),83,0,83.8
ALP502407,2022,Fès-Meknès,FES,Taounate,Rural,Féminin,15,,ONG,Niveau 2 (intermédiaire),170,0,66.9
ALP502408,2021,Béni Mellal-Khénifra,BMK,Fquih Ben Salah,Urbain,Féminin,55,50-64,Association partenaire,Niveau 2 (intermédiaire),148,0,61.8
ALP502409,2018,Béni Mellal-Khénifra,BMK,El Kelaa des Sraghna,Urbain,Masculin,54,50-64,Association partenaire,Niveau 2 (intermédiaire),168,1,64.3
ALP502410,2015,Fès-Meknès,FES,El Hajeb,Rural,Féminin,35,25-34,Association partenaire,Niveau 3 (avancé),111,0,97.0
ALP502411,2019,Marrakech-Safi,MAR,Safi,Urbain,Masculin,54,50-64,ANLCA,Niveau 1 (débutant),138,0,72.3
ALP502412,2018,Casablanca-Settat,CAS,Berrechid,Urbain,Féminin,35,25-34,Mosquée,Niveau 2 (intermédiaire),169,1,44.4
ALP502413,2019,Oriental,ORI,Guercif,Rural,Masculin,26,25-34,ANLCA,Niveau 2 (intermédiaire),68,1,90.1
ALP502414,2016,Rabat-Salé-Kénitra,RAB,Skhirate-Témara,Urbain,Féminin,58,50-64,ANLCA,Niveau 2 (intermédiaire),101,0,46.2
ALP502415,2022,Souss-Massa,SOU,Taroudannt,Rural,Féminin,28,25-34,Association partenaire,Niveau 1 (débutant),54,0,69.3
ALP502416,2023,Béni Mellal-Khénifra,BMK,Béni Mellal,Urbain,Féminin,56,50-64,ANLCA,Niveau 2 (intermédiaire),173,1,47.0
ALP502417,2018,Marrakech-Safi,MAR,Safi,Rural,Masculin,25,15-24,Mosquée,Niveau 2 (intermédiaire),72,1,93.7
ALP502418,2021,Laâyoune-Sakia El Hamra,LAA,Tarfaya,Urbain,Féminin,43,35-49,ANLCA,Niveau 1 (débutant),132,1,93.1
ALP502419,2020,Tanger-Tétouan-Al Hoceïma,TAN,Larache,Rural,Féminin,37,35-49,ANLCA,Niveau 3 (avancé),68,0,40.2
ALP502420,2022,Marrakech-Safi,MAR,Chichaoua,Rural,Féminin,44,35-49,ANLCA,Niveau 2 (intermédiaire),127,0,43.4
ALP502421,2022,Béni Mellal-Khénifra,BMK,Azilal,Rural,Masculin,15,,ANLCA,Niveau 2 (intermédiaire),66,1,51.8
ALP502422,2022,Casablanca-Settat,CAS,Sidi Bennour,Urbain,Féminin,31,25-34,Entreprise,Niveau 1 (débutant),91,1,46.6
ALP502423,2016,Rabat-Salé-Kénitra,RAB,Rabat,Rural,Féminin,20,15-24,ONG,Niveau 2 (intermédiaire),87,1,17.7
ALP502424,2017,Souss-Massa,SOU,Tata,Rural,Féminin,27,25-34,Entreprise,Niveau 2 (intermédiaire),179,1,63.9
ALP502425,2023,Fès-Meknès,FES,Fès,Rural,Féminin,36,35-49,Association partenaire,Niveau 3 (avancé),106,0,78.8
ALP502426,2021,Casablanca-Settat,CAS,Settat,Urbain,Féminin,34,25-34,Mosquée,Niveau 2 (intermédiaire),143,1,65.5
ALP502427,2017,Tanger-Tétouan-Al Hoceïma,TAN,Tanger-Assilah,Rural,Féminin,15,,Association partenaire,Niveau 3 (avancé),187,1,38.2
ALP502428,2020,Drâa-Tafilalet,DRA,Midelt,Urbain,Masculin,34,25-34,Entreprise,Niveau 1 (débutant),99,0,72.7
ALP502429,2023,Oriental,ORI,Guercif,Urbain,Masculin,22,15-24,ANLCA,Niveau 2 (intermédiaire),55,1,73.5
ALP502430,2015,Guelmim-Oued Noun,GUE,Tan-Tan,Urbain,Féminin,64,50-64,ANLCA,Niveau 1 (débutant),159,0,62.9
ALP502431,2018,Casablanca-Settat,CAS,Berrechid,Urbain,Féminin,55,50-64,ANLCA,Niveau 1 (débutant),83,1,70.6
ALP502432,2016,Béni Mellal-Khénifra,BMK,Béni Mellal,Rural,Féminin,17,15-24,Association partenaire,Niveau 2 (intermédiaire),61,0,91.9
ALP502433,2019,Casablanca-Settat,CAS,Khouribga,Rural,Masculin,58,50-64,ANLCA,Niveau 1 (débutant),72,1,96.4
ALP502434,2015,Casablanca-Settat,CAS,Settat,Rural,Féminin,36,35-49,ANLCA,Niveau 1 (débutant),103,1,86.4
ALP502435,2016,Marrakech-Safi,MAR,El Kelaa des Sraghna,Urbain,Masculin,44,35-49,Association partenaire,Niveau 2 (intermédiaire),77,1,35.4
ALP502436,2022,Fès-Meknès,FES,El Hajeb,Rural,Féminin,25,15-24,Association partenaire,Niveau 2 (intermédiaire),151,1,55.0
ALP502437,2019,Souss-Massa,SOU,Tata,Rural,Masculin,23,15-24,ONG,Niveau 2 (intermédiaire),71,1,93.4
ALP502438,2017,Oriental,ORI,Oujda-Angad,Urbain,Masculin,33,25-34,ANLCA,Niveau 1 (débutant),157,1,52.2
ALP502439,2017,Fès-Meknès,FES,Meknès,Rural,Féminin,21,15-24,ONG,Niveau 3 (avancé),64,1,94.1
ALP502440,2018,Casablanca-Settat,CAS,Sidi Bennour,Urbain,Féminin,28,25-34,Mosquée,Niveau 1 (débutant),195,1,56.0
ALP502441,2023,Souss-Massa,SOU,Inezgane-Ait Melloul,Urbain,Masculin,46,35-49,Mosquée,Niveau 1 (débutant),196,0,55.1
ALP502442,2022,Casablanca-Settat,CAS,Sidi Bennour,Rural,Féminin,36,35-49,Association partenaire,Niveau 3 (avancé),44,1,27.3
ALP502443,2020,Béni Mellal-Khénifra,BMK,Khouribga,Rural,Féminin,45,35-49,ANLCA,Niveau 2 (intermédiaire),144,1,56.0
ALP502444,2021,Oriental,ORI,Driouch,Urbain,Féminin,52,50-64,ANLCA,Niveau 2 (intermédiaire),106,1,48.3
ALP502445,2016,Souss-Massa,SOU,Tata,Rural,Féminin,59,50-64,ANLCA,Niveau 3 (avancé),136,0,59.1
ALP502446,2020,Souss-Massa,SOU,Tiznit,Urbain,Féminin,32,25-34,Association partenaire,Niveau 1 (débutant),50,1,67.7
ALP502447,2017,Casablanca-Settat,CAS,Sidi Bennour,Rural,Masculin,62,50-64,ANLCA,Niveau 3 (avancé),150,0,85.7
ALP502448,2016,Oriental,ORI,Taourirt,Rural,Féminin,57,50-64,Association partenaire,Niveau 1 (débutant),66,1,100.0
ALP502449,2022,Souss-Massa,SOU,Tata,Rural,Masculin,56,50-64,Association partenaire,Niveau 1 (débutant),174,1,76.3
ALP502450,2018,Laâyoune-Sakia El Hamra,LAA,Boujdour,Rural,Féminin,33,25-34,ANLCA,Niveau 1 (débutant),133,0,75.9
ALP502451,2022,Rabat-Salé-Kénitra,RAB,Sidi Kacem,Urbain,Féminin,15,,ANLCA,Niveau 3 (avancé),128,0,51.9
ALP502452,2018,Marrakech-Safi,MAR,Safi,Urbain,Féminin,23,15-24,Entreprise,Niveau 3 (avancé),168,1,52.8
ALP502453,2020,Casablanca-Settat,CAS,Casablanca,Urbain,Féminin,20,15-24,Association partenaire,Niveau 3 (avancé),50,1,49.8
ALP502454,2017,Fès-Meknès,FES,Meknès,Urbain,Féminin,25,15-24,ANLCA,Niveau 2 (intermédiaire),71,1,85.1
ALP502455,2021,Fès-Meknès,FES,Taounate,Urbain,Féminin,60,50-64,ANLCA,Niveau 2 (intermédiaire),74,1,96.7
ALP502456,2017,Fès-Meknès,FES,Boulemane,Rural,Masculin,28,25-34,ANLCA,Niveau 3 (avancé),62,1,46.8
ALP502457,2020,Rabat-Salé-Kénitra,RAB,Salé,Rural,Féminin,18,15-24,Mosquée,Niveau 3 (avancé),90,1,68.7
ALP502458,2018,Souss-Massa,SOU,Agadir-Ida-Ou-Tanane,Urbain,Féminin,62,50-64,ANLCA,Niveau 3 (avancé),83,0,66.2
ALP502459,2017,Oriental,ORI,Figuig,Rural,Féminin,38,35-49,Mosquée,Niveau 2 (intermédiaire),196,1,64.7
ALP502460,2020,Rabat-Salé-Kénitra,RAB,Rabat,Rural,Féminin,64,50-64,ANLCA,Niveau 2 (intermédiaire),119,1,71.7
ALP502461,2019,Casablanca-Settat,CAS,Mohammadia,Urbain,Féminin,46,35-49,Association partenaire,Niveau 1 (débutant),185,1,82.6
ALP502462,2015,Fès-Meknès,FES,Ifrane,Rural,Féminin,44,35-49,Entreprise,Niveau 2 (intermédiaire),55,1,74.1
ALP502463,2021,Tanger-Tétouan-Al Hoceïma,TAN,Tétouan,Urbain,Féminin,16,15-24,ANLCA,Niveau 3 (avancé),104,0,62.3
ALP502464,2016,Casablanca-Settat,CAS,Settat,Rural,Féminin,63,50-64,ANLCA,Niveau 2 (intermédiaire),86,1,33.8
ALP502465,2023,Casablanca-Settat,CAS,Berrechid,Rural,Masculin,19,15-24,ANLCA,Niveau 1 (débutant),96,0,66.2
ALP502466,2019,Béni Mellal-Khénifra,BMK,Béni Mellal,Rural,Féminin,62,50-64,ANLCA,Niveau 3 (avancé),100,1,71.5
ALP502467,2019,Fès-Meknès,FES,Taza,Rural,Féminin,49,35-49,Association partenaire,Niveau 2 (intermédiaire),149,0,42.2
ALP502468,2020,Fès-Meknès,FES,Boulemane,Urbain,Féminin,17,15-24,ONG,Niveau 3 (avancé),116,1,68.2
ALP502469,2022,Béni Mellal-Khénifra,BMK,Azilal,Rural,Féminin,58,50-64,Mosquée,Niveau 2 (intermédiaire),149,0,44.6
ALP502470,2016,Fès-Meknès,FES,Taounate,Urbain,Féminin,49,35-49,Entreprise,Niveau 3 (avancé),171,1,100.0
ALP502471,2019,Fès-Meknès,FES,Fès,Urbain,Masculin,50,35-49,ANLCA,Niveau 2 (intermédiaire),145,1,67.2
ALP502472,2023,Marrakech-Safi,MAR,Marrakech,Rural,Féminin,45,35-49,ANLCA,Niveau 2 (intermédiaire),170,1,93.4
ALP502473,2019,Tanger-Tétouan-Al Hoceïma,TAN,Tanger-Assilah,Urbain,Masculin,58,50-64,Association partenaire,Niveau 2 (intermédiaire),121,1,80.5
ALP502474,2018,Souss-Massa,SOU,Chtouka-Ait Baha,Urbain,Masculin,25,15-24,ANLCA,Niveau 2 (intermédiaire),64,0,72.1
ALP502475,2018,Oriental,ORI,Oujda-Angad,Rural,Féminin,30,25-34,Association partenaire,Niveau 3 (avancé),51,1,96.6
ALP502476,2017,Casablanca-Settat,CAS,El Jadida,Urbain,Féminin,61,50-64,ONG,Niveau 2 (intermédiaire),104,0,61.0
ALP502477,2019,Rabat-Salé-Kénitra,RAB,Kénitra,Urbain,Féminin,38,35-49,Association partenaire,Niveau 3 (avancé),46,1,71.7
ALP502478,2015,Casablanca-Settat,CAS,Casablanca,Rural,Féminin,33,25-34,ONG,Niveau 2 (intermédiaire),47,0,69.1
ALP502479,2015,Souss-Massa,SOU,Taroudannt,Rural,Masculin,56,50-64,Mosquée,Niveau 3 (avancé),142,1,100.0
ALP502480,2021,Tanger-Tétouan-Al Hoceïma,TAN,Chefchaouen,Rural,Féminin,41,35-49,Mosquée,Niveau 2 (intermédiaire),148,1,82.9
ALP502481,2021,Rabat-Salé-Kénitra,RAB,Rabat,Rural,Féminin,62,50-64,Association partenaire,Niveau 2 (intermédiaire),185,1,42.0
ALP502482,2018,Oriental,ORI,Berkane,Urbain,Féminin,19,15-24,ANLCA,Niveau 1 (débutant),104,0,67.0
ALP502483,2021,Souss-Massa,SOU,Tata,Rural,Féminin,15,,ANLCA,Niveau 1 (débutant),93,1,63.2
ALP502484,2016,Rabat-Salé-Kénitra,RAB,Skhirate-Témara,Urbain,Féminin,31,25-34,Association partenaire,Niveau 2 (intermédiaire),115,1,56.3
ALP502485,2023,Souss-Massa,SOU,Tata,Rural,Masculin,47,35-49,Association partenaire,Niveau 2 (intermédiaire),176,1,56.2
ALP502486,2019,Casablanca-Settat,CAS,Berrechid,Rural,Féminin,53,50-64,ANLCA,Niveau 1 (débutant),77,1,81.9
ALP502487,2021,Casablanca-Settat,CAS,Sidi Bennour,Urbain,Féminin,43,35-49,ANLCA,Niveau 2 (intermédiaire),91,0,92.4
ALP502488,2019,Marrakech-Safi,MAR,Youssoufia,Urbain,Féminin,15,,Association partenaire,Niveau 2 (intermédiaire),97,0,43.2
ALP502489,2023,Tanger-Tétouan-Al Hoceïma,TAN,Tétouan,Rural,Féminin,30,25-34,ANLCA,Niveau 2 (intermédiaire),199,1,33.8
ALP502490,2020,Béni Mellal-Khénifra,BMK,Béni Mellal,Rural,Féminin,39,35-49,Entreprise,Niveau 1 (débutant),91,0,48.9
ALP502491,2023,Béni Mellal-Khénifra,BMK,Azilal,Rural,Masculin,54,50-64,Entreprise,Niveau 1 (débutant),41,1,84.7
ALP502492,2021,Drâa-Tafilalet,DRA,Errachidia,Urbain,Féminin,19,15-24,Mosquée,Niveau 1 (débutant),43,1,66.4
ALP502493,2021,Fès-Meknès,FES,Taza,Rural,Féminin,44,35-49,Mosquée,Niveau 2 (intermédiaire),77,0,51.2
ALP502494,2018,Marrakech-Safi,MAR,El Kelaa des Sraghna,Urbain,Féminin,50,35-49,Association partenaire,Niveau 1 (débutant),153,0,64.8
ALP502495,2021,Marrakech-Safi,MAR,Al Haouz,Urbain,Féminin,38,35-49,ANLCA,Niveau 2 (intermédiaire),131,1,47.4
ALP502496,2021,Souss-Massa,SOU,Chtouka-Ait Baha,Urbain,Masculin,31,25-34,Association partenaire,Niveau 2 (intermédiaire),50,1,80.8
ALP502497,2018,Oriental,ORI,Driouch,Urbain,Féminin,47,35-49,Entreprise,Niveau 2 (intermédiaire),169,0,64.1
ALP502498,2021,Casablanca-Settat,CAS,Benslimane,Urbain,Féminin,44,35-49,ANLCA,Niveau 1 (débutant),74,1,74.2
ALP502499,2022,Béni Mellal-Khénifra,BMK,El Kelaa des Sraghna,Rural,Masculin,42,35-49,ANLCA,Niveau 2 (intermédiaire),197,1,63.7
ALP502500,2020,Oriental,ORI,Guercif,Urbain,Féminin,27,25-34,Association partenaire,Niveau 2 (intermédiaire),132,0,46.7
ALP502501,2015,Oriental,ORI,Taourirt,Urbain,Féminin,24,15-24,ANLCA,Niveau 1 (débutant),140,0,86.4
ALP502502,2015,Oriental,ORI,Berkane,Rural,Féminin,53,50-64,Mosquée,Niveau 3 (avancé),68,1,37.6
ALP502503,2022,Casablanca-Settat,CAS,El Jadida,Urbain,Féminin,46,35-49,Mosquée,Niveau 2 (intermédiaire),65,1,67.0
ALP502504,2022,Casablanca-Settat,CAS,Berrechid,Rural,Féminin,30,25-34,ANLCA,Niveau 2 (intermédiaire),59,1,80.9
ALP502505,2022,Marrakech-Safi,MAR,Youssoufia,Urbain,Féminin,33,25-34,ONG,Niveau 2 (intermédiaire),106,1,94.2
ALP502506,2017,Tanger-Tétouan-Al Hoceïma,TAN,Tanger-Assilah,Rural,Féminin,25,15-24,Mosquée,Niveau 1 (débutant),168,1,51.0
ALP502507,2020,Marrakech-Safi,MAR,Chichaoua,Rural,Féminin,38,35-49,Association partenaire,Niveau 1 (débutant),175,1,93.3
ALP502508,2023,Béni Mellal-Khénifra,BMK,El Kelaa des Sraghna,Urbain,Féminin,20,15-24,ONG,Niveau 2 (intermédiaire),163,1,34.6
ALP502509,2018,Tanger-Tétouan-Al Hoceïma,TAN,Tanger-Assilah,Rural,Féminin,28,25-34,Association partenaire,Niveau 1 (débutant),47,1,69.0
ALP502510,2023,Fès-Meknès,FES,Séfrou,Rural,Masculin,32,25-34,ONG,Niveau 1 (débutant),191,1,54.5
ALP502511,2021,Marrakech-Safi,MAR,Essaouira,Urbain,Féminin,23,15-24,ONG,Niveau 1 (débutant),168,1,69.4
ALP502512,2016,Béni Mellal-Khénifra,BMK,Fquih Ben Salah,Urbain,Féminin,38,35-49,Association partenaire,Niveau 1 (débutant),131,1,83.5
ALP502513,2023,Souss-Massa,SOU,Tiznit,Urbain,Féminin,55,50-64,ANLCA,Niveau 1 (débutant),40,1,53.7
ALP502514,2022,Rabat-Salé-Kénitra,RAB,Sidi Slimane,Urbain,Féminin,20,15-24,ANLCA,Niveau 2 (intermédiaire),173,0,86.7
ALP502515,2020,Rabat-Salé-Kénitra,RAB,Rabat,Urbain,Masculin,17,15-24,Association partenaire,Niveau 3 (avancé),182,0,68.1
ALP502516,2016,Casablanca-Settat,CAS,Settat,Urbain,Féminin,23,15-24,ANLCA,Niveau 2 (intermédiaire),170,1,74.2
ALP502517,2021,Casablanca-Settat,CAS,Mohammadia,Rural,Féminin,51,50-64,ANLCA,Niveau 1 (débutant),141,1,60.4
ALP502518,2019,Casablanca-Settat,CAS,Casablanca,Rural,Masculin,56,50-64,ANLCA,Niveau 1 (débutant),140,1,68.9
ALP502519,2022,Béni Mellal-Khénifra,BMK,Béni Mellal,Rural,Féminin,42,35-49,Mosquée,Niveau 2 (intermédiaire),172,1,70.0
ALP502520,2021,Tanger-Tétouan-Al Hoceïma,TAN,Tétouan,Rural,Féminin,17,15-24,ONG,Niveau 3 (avancé),141,1,73.0
ALP502521,2016,Drâa-Tafilalet,DRA,Zagora,Rural,Féminin,48,35-49,ANLCA,Niveau 2 (intermédiaire),116,1,63.4
ALP502522,2016,Marrakech-Safi,MAR,Youssoufia,Urbain,Masculin,48,35-49,ANLCA,Niveau 2 (intermédiaire),115,1,64.6
ALP502523,2017,Drâa-Tafilalet,DRA,Zagora,Rural,Féminin,42,35-49,ANLCA,Niveau 1 (débutant),133,0,61.7
ALP502524,2018,Casablanca-Settat,CAS,Benslimane,Rural,Féminin,37,35-49,Association partenaire,Niveau 3 (avancé),47,1,61.0
ALP502525,2017,Marrakech-Safi,MAR,Chichaoua,Rural,Masculin,44,35-49,Association partenaire,Niveau 1 (débutant),162,1,62.3
ALP502526,2019,Rabat-Salé-Kénitra,RAB,Khémisset,Rural,Féminin,61,50-64,ANLCA,Niveau 2 (intermédiaire),140,1,34.4
ALP502527,2016,Béni Mellal-Khénifra,BMK,Azilal,Rural,Féminin,53,50-64,Entreprise,Niveau 1 (débutant),121,1,40.6
ALP502528,2019,Casablanca-Settat,CAS,Sidi Bennour,Rural,Féminin,36,35-49,ANLCA,Niveau 2 (intermédiaire),119,0,47.7
ALP502529,2022,Tanger-Tétouan-Al Hoceïma,TAN,Ouazzane,Rural,Féminin,54,50-64,Entreprise,Niveau 1 (débutant),138,1,69.1
ALP502530,2022,Marrakech-Safi,MAR,Chichaoua,Urbain,Féminin,36,35-49,ANLCA,Niveau 3 (avancé),160,1,94.0
ALP502531,2020,Casablanca-Settat,CAS,Mohammadia,Rural,Féminin,18,15-24,ANLCA,Niveau 1 (débutant),145,1,90.4
ALP502532,2021,Casablanca-Settat,CAS,Khouribga,Urbain,Masculin,61,50-64,Mosquée,Niveau 2 (intermédiaire),80,0,72.7
ALP502533,2016,Rabat-Salé-Kénitra,RAB,Salé,Rural,Féminin,20,15-24,Association partenaire,Niveau 2 (intermédiaire),119,0,48.0
ALP502534,2020,Oriental,ORI,Jerada,Urbain,Féminin,59,50-64,Association partenaire,Niveau 1 (débutant),184,1,71.8
ALP502535,2023,Oriental,ORI,Guercif,Urbain,Masculin,23,15-24,Association partenaire,Niveau 3 (avancé),46,1,47.8
ALP502536,2018,Oriental,ORI,Oujda-Angad,Rural,Masculin,34,25-34,ONG,Niveau 2 (intermédiaire),73,0,78.2
ALP502537,2016,Rabat-Salé-Kénitra,RAB,Rabat,Urbain,Féminin,56,50-64,ONG,Niveau 1 (débutant),193,1,42.7
ALP502538,2023,Casablanca-Settat,CAS,Sidi Bennour,Rural,Féminin,51,50-64,ANLCA,Niveau 1 (débutant),103,0,45.1
ALP502539,2021,Tanger-Tétouan-Al Hoceïma,TAN,Tanger-Assilah,Rural,Féminin,40,35-49,Mosquée,Niveau 3 (avancé),139,1,41.3
ALP502540,2015,Rabat-Salé-Kénitra,RAB,Sidi Kacem,Rural,Masculin,19,15-24,Mosquée,Niveau 3 (avancé),59,1,85.7
ALP502541,2020,Rabat-Salé-Kénitra,RAB,Salé,Rural,Féminin,59,50-64,Association partenaire,Niveau 1 (débutant),58,1,73.5
ALP502542,2021,Casablanca-Settat,CAS,Mohammadia,Urbain,Féminin,44,35-49,Mosquée,Niveau 2 (intermédiaire),148,1,89.3
ALP502543,2021,Souss-Massa,SOU,Taroudannt,Rural,Féminin,46,35-49,Entreprise,Niveau 1 (débutant),136,1,100.0
ALP502544,2016,Rabat-Salé-Kénitra,RAB,Skhirate-Témara,Urbain,Féminin,24,15-24,ONG,Niveau 2 (intermédiaire),174,0,60.9
ALP502545,2017,Rabat-Salé-Kénitra,RAB,Kénitra,Rural,Féminin,55,50-64,Mosquée,Niveau 2 (intermédiaire),160,1,43.6
ALP502546,2021,Oriental,ORI,Figuig,Rural,Féminin,53,50-64,ONG,Niveau 2 (intermédiaire),141,1,79.4
ALP502547,2018,Drâa-Tafilalet,DRA,Errachidia,Urbain,Masculin,21,15-24,Association partenaire,Niveau 2 (intermédiaire),152,1,83.8
ALP502548,2020,Marrakech-Safi,MAR,Chichaoua,Rural,Féminin,48,35-49,ONG,Niveau 1 (débutant),48,1,69.8
ALP502549,2018,Souss-Massa,SOU,Taroudannt,Rural,Masculin,25,15-24,Entreprise,Niveau 1 (débutant),58,0,44.7
ALP502550,2019,Tanger-Tétouan-Al Hoceïma,TAN,Tanger-Assilah,Rural,Féminin,55,50-64,Entreprise,Niveau 3 (avancé),180,0,73.9
ALP502551,2015,Rabat-Salé-Kénitra,RAB,Salé,Rural,Féminin,38,35-49,ANLCA,Niveau 3 (avancé),174,1,59.2
ALP502552,2023,Casablanca-Settat,CAS,El Jadida,Rural,Féminin,26,25-34,Association partenaire,Niveau 1 (débutant),133,1,58.5
ALP502553,2017,Marrakech-Safi,MAR,Essaouira,Rural,Masculin,35,25-34,ANLCA,Niveau 1 (débutant),72,1,65.0
ALP502554,2021,Casablanca-Settat,CAS,Settat,Urbain,Masculin,48,35-49,Association partenaire,Niveau 3 (avancé),157,0,74.6
ALP502555,2023,Béni Mellal-Khénifra,BMK,El Kelaa des Sraghna,Rural,Féminin,31,25-34,ANLCA,Niveau 2 (intermédiaire),159,0,63.8
ALP502556,2019,Rabat-Salé-Kénitra,RAB,Rabat,Rural,Féminin,39,35-49,Association partenaire,Niveau 2 (intermédiaire),189,1,82.4
ALP502557,2016,Guelmim-Oued Noun,GUE,Tan-Tan,Urbain,Féminin,15,,ANLCA,Niveau 1 (débutant),66,1,69.2
ALP502558,2015,Guelmim-Oued Noun,GUE,Tan-Tan,Rural,Féminin,34,25-34,Association partenaire,Niveau 2 (intermédiaire),152,0,86.7
ALP502559,2018,Fès-Meknès,FES,Boulemane,Rural,Masculin,33,25-34,ANLCA,Niveau 2 (intermédiaire),132,1,65.8
ALP502560,2022,Marrakech-Safi,MAR,El Kelaa des Sraghna,Urbain,Féminin,56,50-64,Mosquée,Niveau 2 (intermédiaire),128,1,96.0
ALP502561,2023,Drâa-Tafilalet,DRA,Midelt,Urbain,Féminin,47,35-49,ONG,Niveau 3 (avancé),151,1,65.9
ALP502562,2015,Fès-Meknès,FES,Taounate,Rural,Féminin,50,35-49,ANLCA,Niveau 2 (intermédiaire),111,1,74.1
ALP502563,2022,Casablanca-Settat,CAS,El Jadida,Urbain,Masculin,28,25-34,Mosquée,Niveau 2 (intermédiaire),64,0,52.8
ALP502564,2016,Marrakech-Safi,MAR,Chichaoua,Urbain,Féminin,32,25-34,Association partenaire,Niveau 1 (débutant),158,0,92.2
ALP502565,2022,Oriental,ORI,Driouch,Rural,Féminin,61,50-64,Mosquée,Niveau 1 (débutant),172,0,93.3
ALP502566,2023,Casablanca-Settat,CAS,El Jadida,Urbain,Féminin,56,50-64,Association partenaire,Niveau 1 (débutant),40,1,90.3
ALP502567,2023,Casablanca-Settat,CAS,Khouribga,Urbain,Féminin,24,15-24,ONG,Niveau 2 (intermédiaire),186,1,75.0
ALP502568,2016,Béni Mellal-Khénifra,BMK,Khouribga,Urbain,Masculin,64,50-64,Association partenaire,Niveau 1 (débutant),80,0,41.7
ALP502569,2017,Marrakech-Safi,MAR,Essaouira,Urbain,Féminin,32,25-34,ANLCA,Niveau 3 (avancé),92,1,88.9
ALP502570,2016,Marrakech-Safi,MAR,Safi,Rural,Féminin,44,35-49,ANLCA,Niveau 1 (débutant),151,1,57.7
ALP502571,2022,Casablanca-Settat,CAS,Casablanca,Rural,Féminin,33,25-34,ONG,Niveau 1 (débutant),139,1,79.0
ALP502572,2021,Fès-Meknès,FES,El Hajeb,Rural,Féminin,58,50-64,Entreprise,Niveau 1 (débutant),184,0,65.5
ALP502573,2016,Béni Mellal-Khénifra,BMK,El Kelaa des Sraghna,Rural,Féminin,17,15-24,Mosquée,Niveau 1 (débutant),42,1,51.0
ALP502574,2016,Casablanca-Settat,CAS,El Jadida,Urbain,Féminin,44,35-49,ANLCA,Niveau 3 (avancé),185,1,75.4
ALP502575,2017,Fès-Meknès,FES,Taounate,Urbain,Masculin,45,35-49,ANLCA,Niveau 1 (débutant),180,1,76.8
ALP502576,2019,Souss-Massa,SOU,Chtouka-Ait Baha,Rural,Masculin,25,15-24,Entreprise,Niveau 1 (débutant),187,0,59.6
ALP502577,2016,Drâa-Tafilalet,DRA,Tinghir,Urbain,Masculin,56,50-64,ANLCA,Niveau 1 (débutant),120,1,32.5
ALP502578,2018,Marrakech-Safi,MAR,Al Haouz,Urbain,Féminin,16,15-24,ANLCA,Niveau 2 (intermédiaire),161,1,89.9
ALP502579,2015,Souss-Massa,SOU,Tiznit,Rural,Féminin,51,50-64,Association partenaire,Niveau 2 (intermédiaire),115,1,42.5
ALP502580,2023,Oriental,ORI,Driouch,Rural,Féminin,26,25-34,Entreprise,Niveau 1 (débutant),139,1,40.4
ALP502581,2016,Rabat-Salé-Kénitra,RAB,Khémisset,Rural,Féminin,33,25-34,ANLCA,Niveau 2 (intermédiaire),60,0,54.5
ALP502582,2017,Souss-Massa,SOU,Inezgane-Ait Melloul,Urbain,Masculin,63,50-64,Mosquée,Niveau 3 (avancé),97,1,63.0
ALP502583,2016,Casablanca-Settat,CAS,Khouribga,Urbain,Masculin,51,50-64,ANLCA,Niveau 3 (avancé),127,1,88.1
ALP502584,2023,Fès-Meknès,FES,Taounate,Rural,Féminin,16,15-24,ANLCA,Niveau 2 (intermédiaire),42,1,63.0
ALP502585,2020,Marrakech-Safi,MAR,Chichaoua,Rural,Féminin,60,50-64,ANLCA,Niveau 1 (débutant),120,1,63.4
ALP502586,2019,Fès-Meknès,FES,Ifrane,Urbain,Féminin,32,25-34,ONG,Niveau 2 (intermédiaire),73,0,79.6
ALP502587,2022,Tanger-Tétouan-Al Hoceïma,TAN,Ouazzane,Rural,Féminin,54,50-64,Association partenaire,Niveau 2 (intermédiaire),183,1,56.6
ALP502588,2018,Drâa-Tafilalet,DRA,Ouarzazate,Urbain,Féminin,32,25-34,Association partenaire,Niveau 1 (débutant),182,1,65.3
ALP502589,2015,Béni Mellal-Khénifra,BMK,El Kelaa des Sraghna,Rural,Masculin,57,50-64,Entreprise,Niveau 3 (avancé),67,1,59.2
ALP502590,2021,Casablanca-Settat,CAS,Settat,Rural,Féminin,17,15-24,Entreprise,Niveau 2 (intermédiaire),154,0,22.2
ALP502591,2015,Rabat-Salé-Kénitra,RAB,Salé,Rural,Féminin,32,25-34,ANLCA,Niveau 1 (débutant),47,1,78.3
ALP502592,2022,Casablanca-Settat,CAS,Khouribga,Rural,Féminin,55,50-64,ANLCA,Niveau 2 (intermédiaire),122,0,66.0
ALP502593,2017,Marrakech-Safi,MAR,Essaouira,Rural,Masculin,41,35-49,ANLCA,Niveau 1 (débutant),66,0,68.0
ALP502594,2022,Tanger-Tétouan-Al Hoceïma,TAN,Ouazzane,Urbain,Masculin,21,15-24,Mosquée,Niveau 2 (intermédiaire),102,1,80.7
ALP502595,2021,Drâa-Tafilalet,DRA,Errachidia,Urbain,Féminin,59,50-64,Association partenaire,Niveau 1 (débutant),198,0,47.9
ALP502596,2021,Fès-Meknès,FES,Ifrane,Rural,Féminin,24,15-24,Mosquée,Niveau 3 (avancé),134,1,53.5
ALP502597,2022,Rabat-Salé-Kénitra,RAB,Sidi Slimane,Rural,Féminin,33,25-34,Association partenaire,Niveau 3 (avancé),149,1,28.2
ALP502598,2017,Marrakech-Safi,MAR,El Kelaa des Sraghna,Rural,Féminin,59,50-64,ANLCA,Niveau 1 (débutant),131,0,50.3
ALP502599,2018,Fès-Meknès,FES,Fès,Rural,Masculin,26,25-34,ANLCA,Niveau 1 (débutant),168,0,74.2
ALP502600,2022,Fès-Meknès,FES,Boulemane,Urbain,Masculin,52,50-64,ANLCA,Niveau 1 (débutant),171,0,77.0
ALP502601,2019,Drâa-Tafilalet,DRA,Tinghir,Urbain,Masculin,25,15-24,ONG,Niveau 1 (débutant),142,1,82.7
ALP502602,2023,Souss-Massa,SOU,Tiznit,Rural,Féminin,57,50-64,ANLCA,Niveau 2 (intermédiaire),182,1,64.8
ALP502603,2019,Rabat-Salé-Kénitra,RAB,Skhirate-Témara,Rural,Féminin,23,15-24,Association partenaire,Niveau 1 (débutant),89,1,49.3
ALP502604,2015,Casablanca-Settat,CAS,Benslimane,Rural,Féminin,42,35-49,Association partenaire,Niveau 1 (débutant),72,1,75.9
ALP502605,2021,Laâyoune-Sakia El Hamra,LAA,Boujdour,Rural,Féminin,59,50-64,ANLCA,Niveau 1 (débutant),124,1,67.0
ALP502606,2018,Casablanca-Settat,CAS,Berrechid,Urbain,Féminin,45,35-49,Association partenaire,Niveau 1 (débutant),152,1,36.5
ALP502607,2018,Souss-Massa,SOU,Taroudannt,Rural,Féminin,60,50-64,Association partenaire,Niveau 3 (avancé),112,1,71.1
ALP502608,2016,Fès-Meknès,FES,Séfrou,Rural,Masculin,50,35-49,Mosquée,Niveau 1 (débutant),193,1,52.6
ALP502609,2018,Tanger-Tétouan-Al Hoceïma,TAN,Larache,Rural,Féminin,19,15-24,Association partenaire,Niveau 2 (intermédiaire),63,1,62.8
ALP502610,2015,Tanger-Tétouan-Al Hoceïma,TAN,Larache,Urbain,Féminin,41,35-49,Mosquée,Niveau 1 (débutant),107,1,69.8
ALP502611,2017,Guelmim-Oued Noun,GUE,Assa-Zag,Rural,Féminin,49,35-49,ANLCA,Niveau 1 (débutant),138,1,54.4
ALP502612,2015,Casablanca-Settat,CAS,Sidi Bennour,Urbain,Féminin,44,35-49,ONG,Niveau 1 (débutant),103,1,80.3
ALP502613,2020,Oriental,ORI,Taourirt,Rural,Féminin,43,35-49,Entreprise,Niveau 1 (débutant),160,0,39.1
ALP502614,2019,Fès-Meknès,FES,Taounate,Rural,Féminin,15,,Entreprise,Niveau 2 (intermédiaire),162,0,36.7
ALP502615,2023,Casablanca-Settat,CAS,Settat,Rural,Masculin,32,25-34,Association partenaire,Niveau 1 (débutant),139,1,45.5
ALP502616,2017,Casablanca-Settat,CAS,Khouribga,Urbain,Masculin,52,50-64,ANLCA,Niveau 1 (débutant),50,0,66.8
ALP502617,2016,Oriental,ORI,Guercif,Rural,Féminin,32,25-34,ANLCA,Niveau 1 (débutant),160,1,53.0
ALP502618,2021,Marrakech-Safi,MAR,Youssoufia,Urbain,Féminin,22,15-24,ANLCA,Niveau 3 (avancé),183,1,100.0
ALP502619,2022,Rabat-Salé-Kénitra,RAB,Sidi Slimane,Urbain,Féminin,16,15-24,Association partenaire,Niveau 1 (débutant),121,1,73.0
ALP502620,2019,Casablanca-Settat,CAS,Khouribga,Urbain,Masculin,32,25-34,Association partenaire,Niveau 3 (avancé),52,1,96.9
ALP502621,2023,Marrakech-Safi,MAR,Safi,Rural,Féminin,57,50-64,Association partenaire,Niveau 2 (intermédiaire),74,1,80.2
ALP502622,2017,Rabat-Salé-Kénitra,RAB,Sidi Slimane,Urbain,Féminin,56,50-64,ONG,Niveau 3 (avancé),53,1,85.7
ALP502623,2016,Casablanca-Settat,CAS,Settat,Rural,Féminin,21,15-24,ONG,Niveau 1 (débutant),57,1,36.3
ALP502624,2018,Tanger-Tétouan-Al Hoceïma,TAN,Tétouan,Urbain,Féminin,61,50-64,ANLCA,Niveau 1 (débutant),197,1,79.8
ALP502625,2020,Oriental,ORI,Guercif,Rural,Féminin,20,15-24,ONG,Niveau 2 (intermédiaire),102,1,76.1
ALP502626,2016,Fès-Meknès,FES,Moulay Yacoub,Urbain,Masculin,31,25-34,Association partenaire,Niveau 2 (intermédiaire),138,1,56.8
ALP502627,2022,Casablanca-Settat,CAS,Benslimane,Rural,Féminin,41,35-49,Association partenaire,Niveau 3 (avancé),169,1,74.9
ALP502628,2017,Tanger-Tétouan-Al Hoceïma,TAN,Al Hoceïma,Urbain,Féminin,59,50-64,ANLCA,Niveau 2 (intermédiaire),57,1,55.3
ALP502629,2019,Casablanca-Settat,CAS,El Jadida,Urbain,Masculin,36,35-49,ANLCA,Niveau 3 (avancé),157,0,52.4
ALP502630,2018,Souss-Massa,SOU,Taroudannt,Rural,Masculin,52,50-64,ANLCA,Niveau 3 (avancé),101,0,48.2
ALP502631,2021,Casablanca-Settat,CAS,Settat,Urbain,Féminin,35,25-34,ANLCA,Niveau 1 (débutant),95,0,61.5
ALP502632,2016,Tanger-Tétouan-Al Hoceïma,TAN,Chefchaouen,Urbain,Féminin,22,15-24,ANLCA,Niveau 3 (avancé),160,0,69.6
ALP502633,2016,Fès-Meknès,FES,Boulemane,Rural,Masculin,51,50-64,Association partenaire,Niveau 3 (avancé),49,1,74.0
ALP502634,2023,Casablanca-Settat,CAS,Settat,Rural,Masculin,26,25-34,ONG,Niveau 1 (débutant),86,0,62.0
ALP502635,2021,Tanger-Tétouan-Al Hoceïma,TAN,Larache,Urbain,Féminin,60,50-64,Mosquée,Niveau 1 (débutant),195,1,52.5
ALP502636,2023,Fès-Meknès,FES,Fès,Rural,Féminin,40,35-49,ANLCA,Niveau 1 (débutant),158,1,84.5
ALP502637,2020,Marrakech-Safi,MAR,Chichaoua,Rural,Masculin,22,15-24,Association partenaire,Niveau 2 (intermédiaire),79,0,64.9
ALP502638,2016,Casablanca-Settat,CAS,El Jadida,Rural,Féminin,23,15-24,Association partenaire,Niveau 2 (intermédiaire),126,1,79.3
ALP502639,2016,Casablanca-Settat,CAS,Casablanca,Urbain,Féminin,60,50-64,Association partenaire,Niveau 2 (intermédiaire),41,0,68.3
ALP502640,2016,Casablanca-Settat,CAS,Mohammadia,Rural,Masculin,23,15-24,Mosquée,Niveau 1 (débutant),186,0,80.6
ALP502641,2020,Souss-Massa,SOU,Taroudannt,Rural,Masculin,41,35-49,Association partenaire,Niveau 3 (avancé),145,0,74.6
ALP502642,2022,Drâa-Tafilalet,DRA,Midelt,Rural,Féminin,64,50-64,ANLCA,Niveau 3 (avancé),162,1,68.1
ALP502643,2021,Souss-Massa,SOU,Inezgane-Ait Melloul,Urbain,Féminin,24,15-24,Mosquée,Niveau 2 (intermédiaire),57,0,78.5
ALP502644,2019,Casablanca-Settat,CAS,Settat,Rural,Féminin,52,50-64,Association partenaire,Niveau 2 (intermédiaire),70,1,72.0
ALP502645,2021,Souss-Massa,SOU,Chtouka-Ait Baha,Rural,Féminin,22,15-24,Association partenaire,Niveau 3 (avancé),106,1,44.7
ALP502646,2021,Casablanca-Settat,CAS,Casablanca,Rural,Masculin,62,50-64,Association partenaire,Niveau 3 (avancé),172,1,64.3
ALP502647,2020,Casablanca-Settat,CAS,Mohammadia,Urbain,Masculin,50,35-49,Mosquée,Niveau 3 (avancé),185,0,76.3
ALP502648,2017,Souss-Massa,SOU,Chtouka-Ait Baha,Urbain,Féminin,62,50-64,Association partenaire,Niveau 2 (intermédiaire),114,1,55.0
ALP502649,2019,Casablanca-Settat,CAS,El Jadida,Rural,Féminin,26,25-34,ONG,Niveau 2 (intermédiaire),91,1,48.5
ALP502650,2021,Oriental,ORI,Berkane,Urbain,Féminin,55,50-64,ANLCA,Niveau 3 (avancé),166,1,90.6
ALP502651,2022,Marrakech-Safi,MAR,El Kelaa des Sraghna,Urbain,Féminin,16,15-24,ANLCA,Niveau 2 (intermédiaire),75,0,100.0
ALP502652,2016,Béni Mellal-Khénifra,BMK,Azilal,Urbain,Masculin,41,35-49,ANLCA,Niveau 1 (débutant),160,1,61.8
ALP502653,2015,Fès-Meknès,FES,Boulemane,Urbain,Masculin,45,35-49,Association partenaire,Niveau 1 (débutant),63,0,88.1
ALP502654,2017,Fès-Meknès,FES,Séfrou,Rural,Féminin,49,35-49,Association partenaire,Niveau 2 (intermédiaire),129,1,54.7
ALP502655,2016,Rabat-Salé-Kénitra,RAB,Sidi Slimane,Rural,Féminin,26,25-34,ANLCA,Niveau 3 (avancé),52,1,55.7
ALP502656,2019,Casablanca-Settat,CAS,Khouribga,Rural,Masculin,27,25-34,Association partenaire,Niveau 3 (avancé),149,1,85.9
ALP502657,2018,Fès-Meknès,FES,Ifrane,Rural,Féminin,42,35-49,ONG,Niveau 3 (avancé),190,1,33.1
ALP502658,2018,Tanger-Tétouan-Al Hoceïma,TAN,Mdiq-Fnideq,Rural,Féminin,64,50-64,Entreprise,Niveau 1 (débutant),72,1,59.1
ALP502659,2018,Tanger-Tétouan-Al Hoceïma,TAN,Fahs-Anjra,Rural,Féminin,51,50-64,ONG,Niveau 2 (intermédiaire),66,1,36.0
ALP502660,2023,Fès-Meknès,FES,Taza,Urbain,Féminin,17,15-24,Entreprise,Niveau 1 (débutant),42,1,60.0
ALP502661,2018,Béni Mellal-Khénifra,BMK,Khouribga,Urbain,Masculin,58,50-64,Association partenaire,Niveau 2 (intermédiaire),53,1,71.4
ALP502662,2021,Fès-Meknès,FES,Taounate,Urbain,Féminin,56,50-64,ANLCA,Niveau 1 (débutant),185,0,73.9
ALP502663,2023,Casablanca-Settat,CAS,Benslimane,Rural,Féminin,53,50-64,ANLCA,Niveau 1 (débutant),140,1,51.5
ALP502664,2016,Béni Mellal-Khénifra,BMK,Khouribga,Urbain,Féminin,22,15-24,ONG,Niveau 1 (débutant),53,1,34.1
ALP502665,2017,Tanger-Tétouan-Al Hoceïma,TAN,Fahs-Anjra,Rural,Féminin,64,50-64,Mosquée,Niveau 1 (débutant),194,1,73.2
ALP502666,2022,Marrakech-Safi,MAR,Safi,Urbain,Féminin,52,50-64,ANLCA,Niveau 1 (débutant),180,1,60.9
ALP502667,2015,Oriental,ORI,Figuig,Rural,Féminin,60,50-64,ANLCA,Niveau 1 (débutant),180,0,80.4
ALP502668,2020,Souss-Massa,SOU,Taroudannt,Urbain,Masculin,55,50-64,ANLCA,Niveau 2 (intermédiaire),190,1,52.1
ALP502669,2023,Rabat-Salé-Kénitra,RAB,Rabat,Rural,Féminin,54,50-64,Mosquée,Niveau 1 (débutant),100,1,47.0
ALP502670,2019,Casablanca-Settat,CAS,Berrechid,Urbain,Féminin,62,50-64,Mosquée,Niveau 2 (intermédiaire),78,0,52.7
ALP502671,2018,Casablanca-Settat,CAS,Berrechid,Urbain,Féminin,22,15-24,ANLCA,Niveau 1 (débutant),152,1,52.3
ALP502672,2023,Casablanca-Settat,CAS,Berrechid,Urbain,Féminin,20,15-24,ANLCA,Niveau 2 (intermédiaire),132,0,98.5
ALP502673,2016,Marrakech-Safi,MAR,El Kelaa des Sraghna,Rural,Féminin,50,35-49,ANLCA,Niveau 2 (intermédiaire),90,1,60.9
ALP502674,2022,Souss-Massa,SOU,Chtouka-Ait Baha,Rural,Masculin,58,50-64,Association partenaire,Niveau 3 (avancé),192,1,54.7
ALP502675,2019,Casablanca-Settat,CAS,Mohammadia,Rural,Féminin,32,25-34,Association partenaire,Niveau 1 (débutant),167,1,59.3
ALP502676,2018,Rabat-Salé-Kénitra,RAB,Sidi Slimane,Urbain,Masculin,47,35-49,Association partenaire,Niveau 2 (intermédiaire),116,1,87.9
ALP502677,2019,Casablanca-Settat,CAS,Berrechid,Rural,Féminin,37,35-49,ONG,Niveau 3 (avancé),152,0,47.9
ALP502678,2021,Fès-Meknès,FES,Boulemane,Rural,Féminin,17,15-24,ONG,Niveau 2 (intermédiaire),68,1,61.9
ALP502679,2018,Marrakech-Safi,MAR,El Kelaa des Sraghna,Urbain,Féminin,24,15-24,ONG,Niveau 1 (débutant),196,1,42.0
ALP502680,2015,Tanger-Tétouan-Al Hoceïma,TAN,Larache,Urbain,Féminin,15,,Association partenaire,Niveau 1 (débutant),173,1,69.3
ALP502681,2019,Casablanca-Settat,CAS,El Jadida,Urbain,Masculin,47,35-49,Mosquée,Niveau 3 (avancé),127,1,44.7
ALP502682,2019,Tanger-Tétouan-Al Hoceïma,TAN,Tétouan,Rural,Masculin,61,50-64,ANLCA,Niveau 3 (avancé),91,0,85.7
ALP502683,2020,Marrakech-Safi,MAR,Marrakech,Rural,Masculin,32,25-34,Entreprise,Niveau 3 (avancé),59,0,98.9
ALP502684,2022,Fès-Meknès,FES,Meknès,Rural,Féminin,33,25-34,Association partenaire,Niveau 1 (débutant),75,1,59.2
ALP502685,2019,Marrakech-Safi,MAR,Chichaoua,Urbain,Féminin,52,50-64,ANLCA,Niveau 3 (avancé),52,1,35.8
ALP502686,2015,Souss-Massa,SOU,Chtouka-Ait Baha,Urbain,Féminin,38,35-49,ANLCA,Niveau 1 (débutant),195,1,77.9
ALP502687,2020,Marrakech-Safi,MAR,El Kelaa des Sraghna,Rural,Féminin,61,50-64,Association partenaire,Niveau 3 (avancé),176,1,49.9
ALP502688,2020,Fès-Meknès,FES,Séfrou,Rural,Masculin,59,50-64,Association partenaire,Niveau 1 (débutant),53,1,62.7
ALP502689,2017,Souss-Massa,SOU,Chtouka-Ait Baha,Rural,Masculin,57,50-64,ANLCA,Niveau 3 (avancé),158,0,92.3
ALP502690,2015,Oriental,ORI,Figuig,Rural,Féminin,47,35-49,Mosquée,Niveau 1 (débutant),69,1,57.0
ALP502691,2023,Casablanca-Settat,CAS,Sidi Bennour,Urbain,Féminin,18,15-24,Association partenaire,Niveau 3 (avancé),53,1,62.2
ALP502692,2016,Casablanca-Settat,CAS,Berrechid,Rural,Féminin,15,,ANLCA,Niveau 1 (débutant),120,0,78.2
ALP502693,2022,Oriental,ORI,Nador,Urbain,Masculin,44,35-49,ANLCA,Niveau 1 (débutant),167,0,82.8
ALP502694,2023,Casablanca-Settat,CAS,Mohammadia,Rural,Masculin,27,25-34,Mosquée,Niveau 3 (avancé),191,1,55.4
ALP502695,2017,Marrakech-Safi,MAR,Essaouira,Rural,Féminin,49,35-49,ANLCA,Niveau 1 (débutant),135,1,64.9
ALP502696,2015,Oriental,ORI,Jerada,Rural,Féminin,57,50-64,ONG,Niveau 1 (débutant),144,1,71.1
ALP502697,2022,Marrakech-Safi,MAR,Safi,Urbain,Féminin,25,15-24,Entreprise,Niveau 3 (avancé),129,0,41.0
ALP502698,2017,Fès-Meknès,FES,Séfrou,Urbain,Masculin,29,25-34,ANLCA,Niveau 3 (avancé),187,1,50.9
ALP502699,2019,Béni Mellal-Khénifra,BMK,Azilal,Urbain,Féminin,21,15-24,ANLCA,Niveau 1 (débutant),171,1,57.3
ALP502700,2019,Béni Mellal-Khénifra,BMK,Khouribga,Rural,Féminin,61,50-64,Association partenaire,Niveau 1 (débutant),193,1,89.0
ALP502701,2015,Fès-Meknès,FES,Taounate,Urbain,Masculin,31,25-34,Mosquée,Niveau 1 (débutant),136,1,51.9
ALP502702,2022,Souss-Massa,SOU,Agadir-Ida-Ou-Tanane,Rural,Masculin,20,15-24,Association partenaire,Niveau 1 (débutant),160,1,80.8
ALP502703,2021,Tanger-Tétouan-Al Hoceïma,TAN,Chefchaouen,Rural,Masculin,62,50-64,Mosquée,Niveau 1 (débutant),116,1,66.5
ALP502704,2017,Marrakech-Safi,MAR,Marrakech,Rural,Féminin,17,15-24,Mosquée,Niveau 2 (intermédiaire),141,1,76.7
ALP502705,2017,Drâa-Tafilalet,DRA,Ouarzazate,Urbain,Féminin,57,50-64,ANLCA,Niveau 1 (débutant),43,0,42.2
ALP502706,2021,Oriental,ORI,Berkane,Urbain,Féminin,29,25-34,ANLCA,Niveau 1 (débutant),159,0,73.9
ALP502707,2020,Marrakech-Safi,MAR,Marrakech,Rural,Masculin,16,15-24,ONG,Niveau 1 (débutant),101,1,50.7
ALP502708,2019,Tanger-Tétouan-Al Hoceïma,TAN,Mdiq-Fnideq,Urbain,Masculin,29,25-34,Entreprise,Niveau 1 (débutant),93,1,50.9
ALP502709,2015,Tanger-Tétouan-Al Hoceïma,TAN,Larache,Urbain,Féminin,48,35-49,Association partenaire,Niveau 1 (débutant),119,1,71.1
ALP502710,2019,Marrakech-Safi,MAR,Youssoufia,Rural,Féminin,45,35-49,Mosquée,Niveau 3 (avancé),112,0,68.3
ALP502711,2019,Tanger-Tétouan-Al Hoceïma,TAN,Ouazzane,Rural,Féminin,57,50-64,ONG,Niveau 1 (débutant),174,0,72.9
ALP502712,2018,Drâa-Tafilalet,DRA,Tinghir,Urbain,Masculin,28,25-34,ONG,Niveau 1 (débutant),194,0,77.3
ALP502713,2021,Drâa-Tafilalet,DRA,Ouarzazate,Rural,Féminin,56,50-64,Association partenaire,Niveau 1 (débutant),103,1,59.1
ALP502714,2019,Fès-Meknès,FES,Séfrou,Rural,Féminin,53,50-64,ONG,Niveau 2 (intermédiaire),102,0,76.4
ALP502715,2022,Marrakech-Safi,MAR,Essaouira,Rural,Féminin,48,35-49,Association partenaire,Niveau 1 (débutant),78,1,88.8
ALP502716,2016,Marrakech-Safi,MAR,Chichaoua,Urbain,Féminin,20,15-24,ANLCA,Niveau 3 (avancé),94,1,84.6
ALP502717,2021,Tanger-Tétouan-Al Hoceïma,TAN,Larache,Rural,Masculin,48,35-49,Mosquée,Niveau 1 (débutant),130,0,98.7
ALP502718,2016,Casablanca-Settat,CAS,El Jadida,Rural,Féminin,31,25-34,ANLCA,Niveau 1 (débutant),156,1,100.0
ALP502719,2018,Drâa-Tafilalet,DRA,Tinghir,Rural,Féminin,23,15-24,ONG,Niveau 1 (débutant),154,0,84.9
ALP502720,2020,Casablanca-Settat,CAS,Sidi Bennour,Rural,Féminin,42,35-49,ANLCA,Niveau 3 (avancé),148,1,79.8
ALP502721,2021,Rabat-Salé-Kénitra,RAB,Salé,Rural,Masculin,45,35-49,ANLCA,Niveau 1 (débutant),183,0,44.0
ALP502722,2022,Casablanca-Settat,CAS,Berrechid,Rural,Féminin,48,35-49,Association partenaire,Niveau 1 (débutant),187,1,64.9
ALP502723,2021,Marrakech-Safi,MAR,Chichaoua,Rural,Féminin,23,15-24,ANLCA,Niveau 2 (intermédiaire),67,1,33.9
ALP502724,2018,Oriental,ORI,Taourirt,Urbain,Féminin,62,50-64,Association partenaire,Niveau 2 (intermédiaire),46,0,35.5
ALP502725,2017,Guelmim-Oued Noun,GUE,Tan-Tan,Urbain,Féminin,47,35-49,ANLCA,Niveau 1 (débutant),152,1,74.4
ALP502726,2018,Béni Mellal-Khénifra,BMK,Khouribga,Rural,Féminin,26,25-34,Association partenaire,Niveau 2 (intermédiaire),73,0,65.7
ALP502727,2023,Tanger-Tétouan-Al Hoceïma,TAN,Ouazzane,Rural,Féminin,17,15-24,Mosquée,Niveau 1 (débutant),71,0,48.1
ALP502728,2021,Casablanca-Settat,CAS,Khouribga,Urbain,Féminin,40,35-49,ANLCA,Niveau 3 (avancé),136,1,80.3
ALP502729,2019,Fès-Meknès,FES,Meknès,Rural,Masculin,62,50-64,Association partenaire,Niveau 2 (intermédiaire),189,0,81.3
ALP502730,2018,Casablanca-Settat,CAS,Khouribga,Rural,Féminin,61,50-64,ONG,Niveau 1 (débutant),125,1,74.7
ALP502731,2018,Oriental,ORI,Taourirt,Rural,Féminin,19,15-24,ANLCA,Niveau 1 (débutant),125,1,52.1
ALP502732,2019,Fès-Meknès,FES,Fès,Rural,Féminin,44,35-49,Association partenaire,Niveau 2 (intermédiaire),164,0,65.1
ALP502733,2018,Fès-Meknès,FES,Fès,Rural,Féminin,42,35-49,Entreprise,Niveau 1 (débutant),135,1,63.6
ALP502734,2015,Oriental,ORI,Driouch,Rural,Féminin,55,50-64,ONG,Niveau 2 (intermédiaire),192,1,90.3
ALP502735,2015,Rabat-Salé-Kénitra,RAB,Kénitra,Rural,Masculin,61,50-64,ANLCA,Niveau 1 (débutant),65,1,53.7
ALP502736,2022,Oriental,ORI,Berkane,Urbain,Féminin,50,35-49,Association partenaire,Niveau 1 (débutant),104,1,57.3
ALP502737,2016,Casablanca-Settat,CAS,Berrechid,Urbain,Féminin,20,15-24,ONG,Niveau 1 (débutant),42,0,44.7
ALP502738,2023,Fès-Meknès,FES,El Hajeb,Urbain,Féminin,16,15-24,Association partenaire,Niveau 3 (avancé),113,0,88.6
ALP502739,2020,Casablanca-Settat,CAS,Mohammadia,Rural,Féminin,41,35-49,ANLCA,Niveau 2 (intermédiaire),132,1,85.1
ALP502740,2019,Souss-Massa,SOU,Tiznit,Rural,Masculin,17,15-24,Entreprise,Niveau 2 (intermédiaire),176,1,56.5
ALP502741,2022,Casablanca-Settat,CAS,Settat,Rural,Féminin,17,15-24,ANLCA,Niveau 1 (débutant),70,0,34.3
ALP502742,2022,Marrakech-Safi,MAR,Youssoufia,Urbain,Féminin,41,35-49,ANLCA,Niveau 1 (débutant),134,1,82.0
ALP502743,2017,Marrakech-Safi,MAR,El Kelaa des Sraghna,Rural,Féminin,20,15-24,ONG,Niveau 1 (débutant),134,0,62.3
ALP502744,2017,Rabat-Salé-Kénitra,RAB,Skhirate-Témara,Rural,Féminin,52,50-64,ANLCA,Niveau 2 (intermédiaire),119,1,76.5
ALP502745,2018,Rabat-Salé-Kénitra,RAB,Sidi Kacem,Rural,Féminin,53,50-64,Association partenaire,Niveau 1 (débutant),139,1,57.7
ALP502746,2021,Souss-Massa,SOU,Inezgane-Ait Melloul,Urbain,Féminin,62,50-64,ONG,Niveau 3 (avancé),171,1,74.8
ALP502747,2019,Fès-Meknès,FES,Boulemane,Urbain,Féminin,48,35-49,Association partenaire,Niveau 1 (débutant),182,1,19.1
ALP502748,2020,Guelmim-Oued Noun,GUE,Guelmim,Rural,Féminin,30,25-34,Mosquée,Niveau 3 (avancé),151,1,40.3
ALP502749,2020,Fès-Meknès,FES,El Hajeb,Rural,Féminin,25,15-24,ONG,Niveau 3 (avancé),70,1,47.7
ALP502750,2017,Marrakech-Safi,MAR,Chichaoua,Rural,Féminin,60,50-64,Association partenaire,Niveau 3 (avancé),107,0,65.5
ALP502751,2019,Fès-Meknès,FES,Taounate,Rural,Masculin,18,15-24,ANLCA,Niveau 1 (débutant),59,1,48.5
ALP502752,2015,Oriental,ORI,Nador,Rural,Masculin,25,15-24,Association partenaire,Niveau 3 (avancé),88,1,58.7
ALP502753,2022,Casablanca-Settat,CAS,Berrechid,Rural,Masculin,51,50-64,ANLCA,Niveau 3 (avancé),129,1,56.8
ALP502754,2019,Tanger-Tétouan-Al Hoceïma,TAN,Chefchaouen,Urbain,Masculin,45,35-49,ONG,Niveau 1 (débutant),94,1,75.4
ALP502755,2019,Oriental,ORI,Taourirt,Rural,Féminin,42,35-49,ONG,Niveau 3 (avancé),111,1,100.0
ALP502756,2020,Marrakech-Safi,MAR,Marrakech,Urbain,Masculin,27,25-34,ANLCA,Niveau 2 (intermédiaire),122,1,100.0
ALP502757,2020,Fès-Meknès,FES,Fès,Urbain,Masculin,53,50-64,ANLCA,Niveau 2 (intermédiaire),191,1,60.6
ALP502758,2022,Marrakech-Safi,MAR,Essaouira,Rural,Féminin,16,15-24,Mosquée,Niveau 3 (avancé),114,1,73.2
ALP502759,2022,Souss-Massa,SOU,Tiznit,Rural,Masculin,53,50-64,ONG,Niveau 2 (intermédiaire),79,0,79.3
ALP502760,2023,Marrakech-Safi,MAR,Marrakech,Rural,Féminin,28,25-34,ANLCA,Niveau 1 (débutant),167,1,80.0
ALP502761,2016,Béni Mellal-Khénifra,BMK,Khouribga,Rural,Féminin,50,35-49,ONG,Niveau 1 (débutant),127,1,78.6
ALP502762,2016,Rabat-Salé-Kénitra,RAB,Kénitra,Rural,Masculin,46,35-49,ANLCA,Niveau 3 (avancé),88,1,49.3
ALP502763,2023,Casablanca-Settat,CAS,Benslimane,Rural,Féminin,32,25-34,ANLCA,Niveau 1 (débutant),100,1,72.5
ALP502764,2018,Rabat-Salé-Kénitra,RAB,Kénitra,Rural,Féminin,45,35-49,Association partenaire,Niveau 3 (avancé),48,1,96.3
ALP502765,2022,Fès-Meknès,FES,Boulemane,Urbain,Féminin,16,15-24,Mosquée,Niveau 1 (débutant),109,1,98.2
ALP502766,2022,Fès-Meknès,FES,Moulay Yacoub,Rural,Masculin,20,15-24,ANLCA,Niveau 1 (débutant),113,1,78.5
ALP502767,2016,Oriental,ORI,Guercif,Rural,Masculin,63,50-64,Association partenaire,Niveau 2 (intermédiaire),84,1,44.7
ALP502768,2018,Tanger-Tétouan-Al Hoceïma,TAN,Al Hoceïma,Urbain,Masculin,61,50-64,ANLCA,Niveau 2 (intermédiaire),78,1,65.4
ALP502769,2019,Drâa-Tafilalet,DRA,Zagora,Rural,Masculin,63,50-64,ANLCA,Niveau 1 (débutant),165,1,48.3
ALP502770,2023,Rabat-Salé-Kénitra,RAB,Salé,Urbain,Féminin,36,35-49,Association partenaire,Niveau 2 (intermédiaire),128,1,35.1
ALP502771,2018,Casablanca-Settat,CAS,Casablanca,Rural,Féminin,52,50-64,Association partenaire,Niveau 1 (débutant),170,0,97.9
ALP502772,2021,Marrakech-Safi,MAR,Youssoufia,Urbain,Masculin,60,50-64,ANLCA,Niveau 1 (débutant),181,0,65.6
ALP502773,2017,Souss-Massa,SOU,Tata,Rural,Masculin,33,25-34,Mosquée,Niveau 3 (avancé),143,1,54.6
ALP502774,2023,Fès-Meknès,FES,Meknès,Urbain,Féminin,34,25-34,Mosquée,Niveau 3 (avancé),188,1,72.9
ALP502775,2019,Tanger-Tétouan-Al Hoceïma,TAN,Larache,Rural,Féminin,59,50-64,Association partenaire,Niveau 3 (avancé),197,1,71.5
ALP502776,2021,Casablanca-Settat,CAS,Benslimane,Rural,Féminin,26,25-34,ANLCA,Niveau 2 (intermédiaire),92,1,50.4
ALP502777,2020,Laâyoune-Sakia El Hamra,LAA,Laâyoune,Rural,Féminin,61,50-64,ONG,Niveau 3 (avancé),123,1,66.2
ALP502778,2022,Marrakech-Safi,MAR,Chichaoua,Rural,Féminin,17,15-24,Association partenaire,Niveau 1 (débutant),99,0,45.2
ALP502779,2022,Oriental,ORI,Guercif,Rural,Masculin,29,25-34,Association partenaire,Niveau 3 (avancé),50,1,61.9
ALP502780,2021,Tanger-Tétouan-Al Hoceïma,TAN,Mdiq-Fnideq,Urbain,Masculin,30,25-34,ANLCA,Niveau 1 (débutant),117,1,61.7
ALP502781,2022,Tanger-Tétouan-Al Hoceïma,TAN,Tétouan,Urbain,Féminin,58,50-64,ANLCA,Niveau 1 (débutant),58,1,95.7
ALP502782,2018,Tanger-Tétouan-Al Hoceïma,TAN,Tanger-Assilah,Rural,Masculin,61,50-64,ANLCA,Niveau 1 (débutant),171,1,70.2
ALP502783,2023,Casablanca-Settat,CAS,Benslimane,Rural,Féminin,46,35-49,ANLCA,Niveau 2 (intermédiaire),92,1,75.5
ALP502784,2018,Casablanca-Settat,CAS,Benslimane,Rural,Féminin,36,35-49,ANLCA,Niveau 3 (avancé),74,1,56.0
ALP502785,2016,Fès-Meknès,FES,Boulemane,Rural,Féminin,63,50-64,ONG,Niveau 2 (intermédiaire),46,1,85.4
ALP502786,2022,Béni Mellal-Khénifra,BMK,Azilal,Urbain,Féminin,28,25-34,Association partenaire,Niveau 3 (avancé),196,0,44.4
ALP502787,2015,Marrakech-Safi,MAR,El Kelaa des Sraghna,Rural,Féminin,55,50-64,Mosquée,Niveau 3 (avancé),181,1,46.4
ALP502788,2020,Drâa-Tafilalet,DRA,Tinghir,Urbain,Féminin,25,15-24,ANLCA,Niveau 1 (débutant),94,1,56.8
ALP502789,2017,Souss-Massa,SOU,Agadir-Ida-Ou-Tanane,Rural,Féminin,43,35-49,ANLCA,Niveau 3 (avancé),126,1,59.9
ALP502790,2018,Béni Mellal-Khénifra,BMK,Khouribga,Rural,Féminin,23,15-24,ANLCA,Niveau 2 (intermédiaire),101,1,71.3
ALP502791,2018,Rabat-Salé-Kénitra,RAB,Khémisset,Rural,Masculin,38,35-49,Association partenaire,Niveau 1 (débutant),43,1,69.5
ALP502792,2015,Casablanca-Settat,CAS,Mohammadia,Urbain,Féminin,28,25-34,ONG,Niveau 1 (débutant),106,1,85.7
ALP502793,2017,Marrakech-Safi,MAR,Al Haouz,Urbain,Féminin,57,50-64,ANLCA,Niveau 3 (avancé),45,1,100.0
ALP502794,2019,Béni Mellal-Khénifra,BMK,Azilal,Rural,Féminin,33,25-34,Mosquée,Niveau 1 (débutant),78,1,89.8
ALP502795,2022,Rabat-Salé-Kénitra,RAB,Sidi Kacem,Urbain,Féminin,22,15-24,Mosquée,Niveau 1 (débutant),196,0,46.4
ALP502796,2016,Casablanca-Settat,CAS,Casablanca,Rural,Féminin,26,25-34,Association partenaire,Niveau 2 (intermédiaire),41,1,43.5
ALP502797,2016,Casablanca-Settat,CAS,Benslimane,Rural,Masculin,58,50-64,ANLCA,Niveau 1 (débutant),82,1,44.8
ALP502798,2018,Rabat-Salé-Kénitra,RAB,Kénitra,Rural,Masculin,60,50-64,ANLCA,Niveau 3 (avancé),85,0,60.8
ALP502799,2021,Oriental,ORI,Oujda-Angad,Rural,Féminin,27,25-34,Association partenaire,Niveau 2 (intermédiaire),98,0,77.9
ALP502800,2016,Casablanca-Settat,CAS,Benslimane,Rural,Masculin,16,15-24,Association partenaire,Niveau 3 (avancé),53,1,61.9
ALP502801,2015,Marrakech-Safi,MAR,Marrakech,Rural,Féminin,28,25-34,Mosquée,Niveau 3 (avancé),199,0,58.4
ALP502802,2016,Drâa-Tafilalet,DRA,Zagora,Urbain,Féminin,20,15-24,Association partenaire,Niveau 1 (débutant),117,1,74.7
ALP502803,2015,Fès-Meknès,FES,Moulay Yacoub,Rural,Féminin,32,25-34,ANLCA,Niveau 3 (avancé),155,1,49.8
ALP502804,2016,Rabat-Salé-Kénitra,RAB,Rabat,Rural,Masculin,55,50-64,Association partenaire,Niveau 3 (avancé),68,1,62.4
ALP502805,2020,Fès-Meknès,FES,El Hajeb,Rural,Féminin,57,50-64,ANLCA,Niveau 1 (débutant),111,1,57.4
ALP502806,2021,Casablanca-Settat,CAS,Casablanca,Urbain,Féminin,52,50-64,Mosquée,Niveau 1 (débutant),174,0,78.7
ALP502807,2019,Casablanca-Settat,CAS,Mohammadia,Rural,Féminin,43,35-49,Association partenaire,Niveau 2 (intermédiaire),199,1,56.9
ALP502808,2015,Souss-Massa,SOU,Agadir-Ida-Ou-Tanane,Urbain,Féminin,37,35-49,ANLCA,Niveau 2 (intermédiaire),68,1,69.3
ALP502809,2020,Souss-Massa,SOU,Inezgane-Ait Melloul,Urbain,Féminin,52,50-64,Association partenaire,Niveau 3 (avancé),74,1,99.1
ALP502810,2017,Marrakech-Safi,MAR,El Kelaa des Sraghna,Urbain,Féminin,55,50-64,Mosquée,Niveau 1 (débutant),150,1,50.2
ALP502811,2023,Fès-Meknès,FES,Fès,Rural,Féminin,42,35-49,Entreprise,Niveau 1 (débutant),171,1,81.0
ALP502812,2023,Tanger-Tétouan-Al Hoceïma,TAN,Al Hoceïma,Urbain,Féminin,18,15-24,Association partenaire,Niveau 3 (avancé),195,1,47.6
ALP502813,2020,Oriental,ORI,Taourirt,Rural,Féminin,39,35-49,ONG,Niveau 3 (avancé),74,0,86.1
ALP502814,2023,Casablanca-Settat,CAS,Mohammadia,Urbain,Masculin,34,25-34,ONG,Niveau 2 (intermédiaire),174,1,58.8
ALP502815,2018,Marrakech-Safi,MAR,Chichaoua,Urbain,Masculin,24,15-24,Association partenaire,Niveau 1 (débutant),198,1,69.9
ALP502816,2021,Drâa-Tafilalet,DRA,Errachidia,Urbain,Féminin,60,50-64,Association partenaire,Niveau 1 (débutant),131,0,35.2
ALP502817,2020,Drâa-Tafilalet,DRA,Errachidia,Rural,Féminin,28,25-34,Entreprise,Niveau 2 (intermédiaire),199,0,78.6
ALP502818,2018,Marrakech-Safi,MAR,El Kelaa des Sraghna,Rural,Féminin,49,35-49,ONG,Niveau 2 (intermédiaire),198,1,40.4
ALP502819,2019,Tanger-Tétouan-Al Hoceïma,TAN,Tanger-Assilah,Urbain,Féminin,23,15-24,ANLCA,Niveau 1 (débutant),127,0,75.1
ALP502820,2019,Béni Mellal-Khénifra,BMK,Khouribga,Rural,Féminin,49,35-49,ONG,Niveau 1 (débutant),120,1,89.6
ALP502821,2018,Béni Mellal-Khénifra,BMK,Azilal,Urbain,Masculin,19,15-24,Mosquée,Niveau 1 (débutant),100,1,91.6
ALP502822,2017,Casablanca-Settat,CAS,El Jadida,Urbain,Féminin,31,25-34,Mosquée,Niveau 1 (débutant),106,1,80.1
ALP502823,2020,Casablanca-Settat,CAS,Benslimane,Rural,Féminin,40,35-49,ANLCA,Niveau 2 (intermédiaire),44,0,67.9
ALP502824,2017,Béni Mellal-Khénifra,BMK,El Kelaa des Sraghna,Rural,Féminin,17,15-24,ANLCA,Niveau 2 (intermédiaire),171,1,52.4
ALP502825,2017,Rabat-Salé-Kénitra,RAB,Salé,Urbain,Féminin,16,15-24,Association partenaire,Niveau 2 (intermédiaire),51,1,90.4
ALP502826,2019,Laâyoune-Sakia El Hamra,LAA,Boujdour,Urbain,Masculin,51,50-64,ANLCA,Niveau 2 (intermédiaire),86,1,53.7
ALP502827,2015,Rabat-Salé-Kénitra,RAB,Rabat,Urbain,Féminin,35,25-34,Mosquée,Niveau 1 (débutant),187,0,94.7
ALP502828,2022,Casablanca-Settat,CAS,El Jadida,Urbain,Féminin,33,25-34,ANLCA,Niveau 3 (avancé),81,0,73.4
ALP502829,2021,Tanger-Tétouan-Al Hoceïma,TAN,Tanger-Assilah,Rural,Féminin,46,35-49,ANLCA,Niveau 1 (débutant),86,1,68.2
ALP502830,2020,Casablanca-Settat,CAS,Benslimane,Rural,Féminin,18,15-24,Association partenaire,Niveau 1 (débutant),82,1,75.7
ALP502831,2015,Tanger-Tétouan-Al Hoceïma,TAN,Tétouan,Urbain,Féminin,56,50-64,ONG,Niveau 3 (avancé),67,1,64.4
ALP502832,2023,Rabat-Salé-Kénitra,RAB,Kénitra,Rural,Féminin,22,15-24,ONG,Niveau 1 (débutant),170,1,75.1
ALP502833,2018,Rabat-Salé-Kénitra,RAB,Sidi Slimane,Rural,Féminin,60,50-64,ONG,Niveau 1 (débutant),186,1,49.2
ALP502834,2022,Béni Mellal-Khénifra,BMK,El Kelaa des Sraghna,Rural,Féminin,25,15-24,Entreprise,Niveau 1 (débutant),160,1,64.1
ALP502835,2021,Oriental,ORI,Jerada,Rural,Féminin,27,25-34,ONG,Niveau 3 (avancé),196,1,58.1
ALP502836,2021,Tanger-Tétouan-Al Hoceïma,TAN,Al Hoceïma,Rural,Masculin,36,35-49,Mosquée,Niveau 1 (débutant),98,1,56.6
ALP502837,2018,Casablanca-Settat,CAS,Khouribga,Rural,Féminin,49,35-49,Association partenaire,Niveau 2 (intermédiaire),60,0,59.8
ALP502838,2023,Drâa-Tafilalet,DRA,Errachidia,Rural,Féminin,45,35-49,ANLCA,Niveau 2 (intermédiaire),152,1,67.4
ALP502839,2016,Casablanca-Settat,CAS,Sidi Bennour,Rural,Féminin,31,25-34,Mosquée,Niveau 1 (débutant),47,1,55.8
ALP502840,2018,Béni Mellal-Khénifra,BMK,El Kelaa des Sraghna,Rural,Masculin,59,50-64,Association partenaire,Niveau 2 (intermédiaire),174,1,91.0
ALP502841,2021,Marrakech-Safi,MAR,Chichaoua,Rural,Féminin,56,50-64,ONG,Niveau 2 (intermédiaire),186,1,68.2
ALP502842,2021,Casablanca-Settat,CAS,Benslimane,Urbain,Féminin,35,25-34,Entreprise,Niveau 3 (avancé),172,1,56.3
ALP502843,2017,Rabat-Salé-Kénitra,RAB,Sidi Kacem,Rural,Masculin,49,35-49,Association partenaire,Niveau 2 (intermédiaire),151,1,50.1
ALP502844,2022,Casablanca-Settat,CAS,Sidi Bennour,Urbain,Masculin,53,50-64,Mosquée,Niveau 2 (intermédiaire),170,1,72.1
ALP502845,2020,Oriental,ORI,Jerada,Urbain,Féminin,17,15-24,Entreprise,Niveau 3 (avancé),157,1,72.1
ALP502846,2021,Marrakech-Safi,MAR,Safi,Rural,Féminin,28,25-34,ANLCA,Niveau 3 (avancé),127,0,67.2
ALP502847,2016,Fès-Meknès,FES,Fès,Rural,Masculin,55,50-64,ONG,Niveau 1 (débutant),84,1,29.9
ALP502848,2022,Rabat-Salé-Kénitra,RAB,Rabat,Rural,Masculin,32,25-34,ANLCA,Niveau 1 (débutant),93,1,52.1
ALP502849,2022,Drâa-Tafilalet,DRA,Errachidia,Urbain,Masculin,19,15-24,Association partenaire,Niveau 2 (intermédiaire),194,1,51.2
ALP502850,2017,Souss-Massa,SOU,Chtouka-Ait Baha,Rural,Féminin,37,35-49,ANLCA,Niveau 3 (avancé),146,0,53.1
ALP502851,2018,Souss-Massa,SOU,Agadir-Ida-Ou-Tanane,Rural,Masculin,31,25-34,ONG,Niveau 1 (débutant),178,1,82.7
ALP502852,2021,Tanger-Tétouan-Al Hoceïma,TAN,Larache,Urbain,Féminin,27,25-34,ANLCA,Niveau 2 (intermédiaire),67,0,79.4
ALP502853,2021,Rabat-Salé-Kénitra,RAB,Khémisset,Rural,Féminin,28,25-34,ONG,Niveau 3 (avancé),108,1,53.6
ALP502854,2023,Rabat-Salé-Kénitra,RAB,Kénitra,Rural,Masculin,19,15-24,ANLCA,Niveau 1 (débutant),85,0,53.6
ALP502855,2018,Tanger-Tétouan-Al Hoceïma,TAN,Al Hoceïma,Rural,Féminin,26,25-34,Mosquée,Niveau 1 (débutant),164,1,91.1
ALP502856,2017,Rabat-Salé-Kénitra,RAB,Kénitra,Urbain,Féminin,21,15-24,ANLCA,Niveau 2 (intermédiaire),135,0,50.7
ALP502857,2018,Casablanca-Settat,CAS,Benslimane,Rural,Masculin,33,25-34,Association partenaire,Niveau 1 (débutant),118,1,43.8
ALP502858,2023,Rabat-Salé-Kénitra,RAB,Rabat,Rural,Féminin,41,35-49,Association partenaire,Niveau 2 (intermédiaire),57,1,53.4
ALP502859,2016,Souss-Massa,SOU,Tata,Urbain,Féminin,49,35-49,ANLCA,Niveau 1 (débutant),104,1,54.9
ALP502860,2016,Casablanca-Settat,CAS,Sidi Bennour,Rural,Féminin,46,35-49,ANLCA,Niveau 2 (intermédiaire),44,1,84.0
ALP502861,2019,Casablanca-Settat,CAS,Settat,Urbain,Féminin,22,15-24,Association partenaire,Niveau 2 (intermédiaire),95,0,86.3
ALP502862,2018,Fès-Meknès,FES,Moulay Yacoub,Rural,Masculin,59,50-64,Association partenaire,Niveau 2 (intermédiaire),124,0,73.4
ALP502863,2017,Fès-Meknès,FES,Ifrane,Rural,Féminin,30,25-34,ONG,Niveau 1 (débutant),42,0,77.0
ALP502864,2023,Drâa-Tafilalet,DRA,Ouarzazate,Rural,Féminin,56,50-64,Association partenaire,Niveau 3 (avancé),110,1,58.2
ALP502865,2020,Béni Mellal-Khénifra,BMK,El Kelaa des Sraghna,Urbain,Féminin,21,15-24,ANLCA,Niveau 2 (intermédiaire),81,0,29.4
ALP502866,2015,Fès-Meknès,FES,Taza,Urbain,Féminin,55,50-64,ANLCA,Niveau 2 (intermédiaire),147,0,55.6
ALP502867,2023,Guelmim-Oued Noun,GUE,Guelmim,Urbain,Masculin,43,35-49,ANLCA,Niveau 3 (avancé),181,1,60.9
ALP502868,2019,Marrakech-Safi,MAR,Essaouira,Rural,Féminin,22,15-24,ANLCA,Niveau 3 (avancé),67,1,100.0
ALP502869,2018,Souss-Massa,SOU,Chtouka-Ait Baha,Rural,Féminin,16,15-24,Association partenaire,Niveau 3 (avancé),118,0,67.5
ALP502870,2015,Casablanca-Settat,CAS,Khouribga,Urbain,Masculin,18,15-24,ANLCA,Niveau 1 (débutant),99,0,42.3
ALP502871,2018,Fès-Meknès,FES,Ifrane,Urbain,Féminin,41,35-49,ANLCA,Niveau 1 (débutant),102,1,62.1
ALP502872,2016,Béni Mellal-Khénifra,BMK,El Kelaa des Sraghna,Urbain,Féminin,47,35-49,ANLCA,Niveau 1 (débutant),118,1,73.2
ALP502873,2021,Casablanca-Settat,CAS,Khouribga,Rural,Féminin,30,25-34,ONG,Niveau 1 (débutant),43,1,46.0
ALP502874,2018,Rabat-Salé-Kénitra,RAB,Sidi Slimane,Rural,Féminin,30,25-34,Mosquée,Niveau 2 (intermédiaire),112,1,93.1
ALP502875,2021,Casablanca-Settat,CAS,Berrechid,Rural,Masculin,21,15-24,Association partenaire,Niveau 1 (débutant),77,0,58.9
ALP502876,2020,Béni Mellal-Khénifra,BMK,Azilal,Rural,Masculin,18,15-24,Association partenaire,Niveau 2 (intermédiaire),196,1,43.3
ALP502877,2021,Marrakech-Safi,MAR,El Kelaa des Sraghna,Rural,Masculin,59,50-64,Association partenaire,Niveau 1 (débutant),119,1,45.4
ALP502878,2020,Rabat-Salé-Kénitra,RAB,Sidi Slimane,Rural,Féminin,16,15-24,Mosquée,Niveau 3 (avancé),98,1,74.3
ALP502879,2015,Guelmim-Oued Noun,GUE,Sidi Ifni,Rural,Féminin,50,35-49,Association partenaire,Niveau 1 (débutant),117,1,78.6
ALP502880,2018,Souss-Massa,SOU,Tata,Rural,Féminin,49,35-49,Mosquée,Niveau 2 (intermédiaire),63,1,41.2
ALP502881,2020,Marrakech-Safi,MAR,Chichaoua,Rural,Féminin,51,50-64,Association partenaire,Niveau 1 (débutant),133,1,55.1
ALP502882,2018,Casablanca-Settat,CAS,Settat,Rural,Féminin,23,15-24,Association partenaire,Niveau 1 (débutant),159,0,71.3
ALP502883,2015,Fès-Meknès,FES,Moulay Yacoub,Urbain,Féminin,52,50-64,Association partenaire,Niveau 2 (intermédiaire),40,0,64.2
ALP502884,2015,Souss-Massa,SOU,Tata,Rural,Féminin,29,25-34,ANLCA,Niveau 2 (intermédiaire),161,1,86.8
ALP502885,2023,Fès-Meknès,FES,Taounate,Urbain,Masculin,19,15-24,ANLCA,Niveau 1 (débutant),161,1,20.9
ALP502886,2017,Rabat-Salé-Kénitra,RAB,Salé,Rural,Féminin,39,35-49,ONG,Niveau 3 (avancé),116,1,49.2
ALP502887,2021,Casablanca-Settat,CAS,Settat,Urbain,Féminin,37,35-49,ONG,Niveau 1 (débutant),173,1,97.5
ALP502888,2023,Marrakech-Safi,MAR,Marrakech,Rural,Féminin,18,15-24,ONG,Niveau 2 (intermédiaire),158,1,88.2
ALP502889,2023,Casablanca-Settat,CAS,Khouribga,Rural,Féminin,26,25-34,Association partenaire,Niveau 3 (avancé),78,1,63.1
ALP502890,2020,Marrakech-Safi,MAR,El Kelaa des Sraghna,Rural,Féminin,30,25-34,ANLCA,Niveau 3 (avancé),71,1,46.3
ALP502891,2023,Marrakech-Safi,MAR,Chichaoua,Rural,Féminin,25,15-24,ANLCA,Niveau 1 (débutant),162,0,67.9
ALP502892,2022,Rabat-Salé-Kénitra,RAB,Skhirate-Témara,Urbain,Féminin,28,25-34,Association partenaire,Niveau 2 (intermédiaire),52,0,41.5
ALP502893,2022,Tanger-Tétouan-Al Hoceïma,TAN,Ouazzane,Rural,Masculin,38,35-49,Association partenaire,Niveau 3 (avancé),143,1,81.7
ALP502894,2021,Marrakech-Safi,MAR,Essaouira,Rural,Féminin,41,35-49,ANLCA,Niveau 1 (débutant),170,1,37.4
ALP502895,2023,Casablanca-Settat,CAS,Settat,Rural,Féminin,60,50-64,ANLCA,Niveau 2 (intermédiaire),166,0,65.3
ALP502896,2021,Casablanca-Settat,CAS,Benslimane,Rural,Masculin,42,35-49,ONG,Niveau 1 (débutant),110,1,62.4
ALP502897,2015,Souss-Massa,SOU,Taroudannt,Rural,Masculin,21,15-24,ANLCA,Niveau 1 (débutant),107,1,86.7
ALP502898,2017,Tanger-Tétouan-Al Hoceïma,TAN,Mdiq-Fnideq,Rural,Féminin,53,50-64,Association partenaire,Niveau 3 (avancé),168,0,55.8
ALP502899,2017,Marrakech-Safi,MAR,Marrakech,Rural,Masculin,35,25-34,Mosquée,Niveau 2 (intermédiaire),89,0,52.8
ALP502900,2021,Casablanca-Settat,CAS,Sidi Bennour,Urbain,Féminin,60,50-64,ANLCA,Niveau 3 (avancé),87,0,60.9
ALP502901,2023,Drâa-Tafilalet,DRA,Zagora,Rural,Masculin,64,50-64,Entreprise,Niveau 1 (débutant),156,1,44.5
ALP502902,2016,Rabat-Salé-Kénitra,RAB,Sidi Slimane,Rural,Féminin,25,15-24,Entreprise,Niveau 1 (débutant),146,1,95.3
ALP502903,2020,Casablanca-Settat,CAS,Mohammadia,Rural,Féminin,44,35-49,Entreprise,Niveau 1 (débutant),159,0,100.0
ALP502904,2018,Marrakech-Safi,MAR,Marrakech,Urbain,Féminin,50,35-49,ANLCA,Niveau 2 (intermédiaire),170,0,52.7
ALP502905,2018,Tanger-Tétouan-Al Hoceïma,TAN,Chefchaouen,Urbain,Féminin,43,35-49,ANLCA,Niveau 1 (débutant),152,1,66.0
ALP502906,2018,Casablanca-Settat,CAS,Settat,Rural,Masculin,55,50-64,Mosquée,Niveau 1 (débutant),141,1,84.7
ALP502907,2015,Oriental,ORI,Jerada,Urbain,Masculin,33,25-34,ANLCA,Niveau 1 (débutant),110,1,61.1
ALP502908,2020,Casablanca-Settat,CAS,Mohammadia,Urbain,Féminin,45,35-49,ANLCA,Niveau 1 (débutant),190,1,60.7
ALP502909,2017,Casablanca-Settat,CAS,Khouribga,Urbain,Féminin,51,50-64,ONG,Niveau 3 (avancé),104,0,53.1
ALP502910,2017,Drâa-Tafilalet,DRA,Errachidia,Rural,Féminin,51,50-64,ONG,Niveau 3 (avancé),65,1,61.0
ALP502911,2019,Rabat-Salé-Kénitra,RAB,Khémisset,Urbain,Féminin,40,35-49,ANLCA,Niveau 1 (débutant),81,1,69.3
ALP502912,2022,Fès-Meknès,FES,Séfrou,Urbain,Masculin,36,35-49,ANLCA,Niveau 1 (débutant),117,0,82.7
ALP502913,2021,Casablanca-Settat,CAS,Settat,Urbain,Féminin,64,50-64,Mosquée,Niveau 3 (avancé),123,1,11.2
ALP502914,2015,Oriental,ORI,Oujda-Angad,Rural,Féminin,23,15-24,Entreprise,Niveau 3 (avancé),154,1,62.9
ALP502915,2020,Tanger-Tétouan-Al Hoceïma,TAN,Fahs-Anjra,Rural,Masculin,45,35-49,ANLCA,Niveau 3 (avancé),46,0,76.5
ALP502916,2021,Marrakech-Safi,MAR,El Kelaa des Sraghna,Urbain,Masculin,41,35-49,ANLCA,Niveau 3 (avancé),184,1,86.5
ALP502917,2015,Oriental,ORI,Guercif,Rural,Féminin,48,35-49,Association partenaire,Niveau 2 (intermédiaire),128,0,81.6
ALP502918,2023,Casablanca-Settat,CAS,Casablanca,Rural,Féminin,61,50-64,ONG,Niveau 3 (avancé),98,1,81.1
ALP502919,2017,Casablanca-Settat,CAS,El Jadida,Rural,Féminin,35,25-34,Entreprise,Niveau 2 (intermédiaire),199,0,100.0
ALP502920,2021,Marrakech-Safi,MAR,Al Haouz,Urbain,Féminin,27,25-34,Entreprise,Niveau 1 (débutant),97,1,16.3
ALP502921,2023,Marrakech-Safi,MAR,El Kelaa des Sraghna,Urbain,Féminin,22,15-24,ONG,Niveau 2 (intermédiaire),198,1,68.8
ALP502922,2021,Marrakech-Safi,MAR,Youssoufia,Rural,Féminin,48,35-49,ANLCA,Niveau 1 (débutant),131,1,67.8
ALP502923,2022,Fès-Meknès,FES,Taounate,Urbain,Masculin,17,15-24,Mosquée,Niveau 2 (intermédiaire),185,0,49.0
ALP502924,2018,Tanger-Tétouan-Al Hoceïma,TAN,Mdiq-Fnideq,Rural,Féminin,64,50-64,ANLCA,Niveau 1 (débutant),95,1,77.3
ALP502925,2022,Casablanca-Settat,CAS,Benslimane,Urbain,Féminin,19,15-24,ANLCA,Niveau 1 (débutant),188,1,73.2
ALP502926,2016,Béni Mellal-Khénifra,BMK,Azilal,Rural,Féminin,22,15-24,ANLCA,Niveau 2 (intermédiaire),188,1,53.1
ALP502927,2016,Béni Mellal-Khénifra,BMK,Béni Mellal,Urbain,Masculin,60,50-64,Association partenaire,Niveau 1 (débutant),40,0,42.4
ALP502928,2021,Fès-Meknès,FES,Taza,Rural,Masculin,52,50-64,Mosquée,Niveau 3 (avancé),109,0,50.7
ALP502929,2019,Tanger-Tétouan-Al Hoceïma,TAN,Fahs-Anjra,Urbain,Féminin,21,15-24,ONG,Niveau 1 (débutant),164,1,58.9
ALP502930,2016,Oriental,ORI,Figuig,Rural,Féminin,19,15-24,Association partenaire,Niveau 3 (avancé),64,0,50.7
ALP502931,2018,Oriental,ORI,Jerada,Rural,Féminin,38,35-49,ANLCA,Niveau 1 (débutant),61,0,64.8
ALP502932,2021,Rabat-Salé-Kénitra,RAB,Sidi Slimane,Rural,Masculin,16,15-24,Association partenaire,Niveau 2 (intermédiaire),61,0,66.3
ALP502933,2015,Rabat-Salé-Kénitra,RAB,Skhirate-Témara,Rural,Féminin,45,35-49,ANLCA,Niveau 2 (intermédiaire),64,1,71.1
ALP502934,2021,Casablanca-Settat,CAS,Benslimane,Urbain,Féminin,60,50-64,ANLCA,Niveau 2 (intermédiaire),136,1,53.8
ALP502935,2017,Rabat-Salé-Kénitra,RAB,Rabat,Rural,Féminin,57,50-64,ANLCA,Niveau 1 (débutant),124,1,66.8
ALP502936,2016,Béni Mellal-Khénifra,BMK,Azilal,Rural,Féminin,24,15-24,Entreprise,Niveau 1 (débutant),123,0,59.4
ALP502937,2018,Béni Mellal-Khénifra,BMK,Fquih Ben Salah,Urbain,Féminin,53,50-64,Association partenaire,Niveau 1 (débutant),137,1,100.0
ALP502938,2022,Fès-Meknès,FES,Meknès,Rural,Féminin,63,50-64,Association partenaire,Niveau 2 (intermédiaire),144,0,65.2
ALP502939,2020,Oriental,ORI,Nador,Rural,Féminin,64,50-64,Mosquée,Niveau 2 (intermédiaire),77,1,51.8
ALP502940,2022,Rabat-Salé-Kénitra,RAB,Rabat,Rural,Féminin,36,35-49,ANLCA,Niveau 3 (avancé),83,0,92.7
ALP502941,2022,Tanger-Tétouan-Al Hoceïma,TAN,Tanger-Assilah,Urbain,Masculin,53,50-64,ANLCA,Niveau 1 (débutant),146,0,60.7
ALP502942,2023,Casablanca-Settat,CAS,Mohammadia,Urbain,Féminin,33,25-34,ANLCA,Niveau 1 (débutant),86,1,83.2
ALP502943,2017,Marrakech-Safi,MAR,Al Haouz,Urbain,Féminin,21,15-24,ANLCA,Niveau 1 (débutant),183,1,81.1
ALP502944,2016,Rabat-Salé-Kénitra,RAB,Kénitra,Urbain,Masculin,41,35-49,Association partenaire,Niveau 2 (intermédiaire),149,1,58.3
ALP502945,2022,Tanger-Tétouan-Al Hoceïma,TAN,Al Hoceïma,Rural,Féminin,60,50-64,Entreprise,Niveau 1 (débutant),118,1,65.9
ALP502946,2020,Rabat-Salé-Kénitra,RAB,Skhirate-Témara,Urbain,Féminin,36,35-49,ANLCA,Niveau 3 (avancé),109,0,69.9
ALP502947,2021,Rabat-Salé-Kénitra,RAB,Salé,Rural,Féminin,58,50-64,Entreprise,Niveau 1 (débutant),102,0,76.0
ALP502948,2019,Fès-Meknès,FES,Ifrane,Urbain,Masculin,28,25-34,Mosquée,Niveau 3 (avancé),72,0,42.4
ALP502949,2020,Rabat-Salé-Kénitra,RAB,Skhirate-Témara,Rural,Féminin,29,25-34,ANLCA,Niveau 2 (intermédiaire),186,1,69.2
ALP502950,2018,Fès-Meknès,FES,Séfrou,Rural,Féminin,46,35-49,ANLCA,Niveau 2 (intermédiaire),143,1,68.6
ALP502951,2017,Rabat-Salé-Kénitra,RAB,Khémisset,Rural,Féminin,62,50-64,Association partenaire,Niveau 3 (avancé),135,1,93.7
ALP502952,2015,Marrakech-Safi,MAR,Essaouira,Urbain,Féminin,19,15-24,Entreprise,Niveau 2 (intermédiaire),143,0,70.5
ALP502953,2017,Marrakech-Safi,MAR,El Kelaa des Sraghna,Rural,Féminin,61,50-64,ANLCA,Niveau 3 (avancé),79,1,100.0
ALP502954,2019,Drâa-Tafilalet,DRA,Errachidia,Rural,Féminin,47,35-49,ANLCA,Niveau 1 (débutant),137,1,98.1
ALP502955,2017,Béni Mellal-Khénifra,BMK,El Kelaa des Sraghna,Urbain,Féminin,64,50-64,ONG,Niveau 1 (débutant),112,1,86.3
ALP502956,2017,Souss-Massa,SOU,Agadir-Ida-Ou-Tanane,Urbain,Masculin,33,25-34,ANLCA,Niveau 1 (débutant),152,1,28.8
ALP502957,2020,Fès-Meknès,FES,Ifrane,Urbain,Masculin,59,50-64,ANLCA,Niveau 2 (intermédiaire),65,1,71.7
ALP502958,2016,Fès-Meknès,FES,Séfrou,Urbain,Masculin,62,50-64,Mosquée,Niveau 1 (débutant),160,1,64.9
ALP502959,2020,Souss-Massa,SOU,Chtouka-Ait Baha,Urbain,Féminin,17,15-24,ANLCA,Niveau 1 (débutant),168,0,51.3
ALP502960,2017,Fès-Meknès,FES,Séfrou,Rural,Féminin,16,15-24,ANLCA,Niveau 2 (intermédiaire),192,0,83.9
ALP502961,2019,Rabat-Salé-Kénitra,RAB,Rabat,Urbain,Féminin,41,35-49,Association partenaire,Niveau 2 (intermédiaire),96,0,91.2
ALP502962,2021,Casablanca-Settat,CAS,Khouribga,Rural,Féminin,23,15-24,Mosquée,Niveau 1 (débutant),65,0,91.2
ALP502963,2022,Souss-Massa,SOU,Tiznit,Urbain,Féminin,47,35-49,Mosquée,Niveau 1 (débutant),69,1,79.5
ALP502964,2016,Rabat-Salé-Kénitra,RAB,Sidi Slimane,Rural,Féminin,63,50-64,Association partenaire,Niveau 2 (intermédiaire),186,1,90.4
ALP502965,2019,Fès-Meknès,FES,Boulemane,Rural,Féminin,19,15-24,ANLCA,Niveau 2 (intermédiaire),144,1,65.1
ALP502966,2020,Souss-Massa,SOU,Chtouka-Ait Baha,Rural,Féminin,47,35-49,ANLCA,Niveau 1 (débutant),107,1,90.5
ALP502967,2017,Marrakech-Safi,MAR,Chichaoua,Rural,Féminin,45,35-49,Association partenaire,Niveau 3 (avancé),140,1,73.3
ALP502968,2022,Marrakech-Safi,MAR,El Kelaa des Sraghna,Rural,Féminin,64,50-64,ANLCA,Niveau 3 (avancé),120,0,52.6
ALP502969,2016,Casablanca-Settat,CAS,Settat,Urbain,Féminin,18,15-24,ANLCA,Niveau 3 (avancé),113,0,67.0
ALP502970,2023,Drâa-Tafilalet,DRA,Zagora,Urbain,Féminin,38,35-49,ANLCA,Niveau 1 (débutant),187,1,70.6
ALP502971,2019,Casablanca-Settat,CAS,El Jadida,Urbain,Féminin,17,15-24,ONG,Niveau 3 (avancé),86,1,68.6
ALP502972,2015,Casablanca-Settat,CAS,Berrechid,Rural,Masculin,20,15-24,ANLCA,Niveau 2 (intermédiaire),72,1,47.8
ALP502973,2019,Drâa-Tafilalet,DRA,Ouarzazate,Rural,Féminin,56,50-64,ANLCA,Niveau 3 (avancé),172,1,90.3
ALP502974,2017,Marrakech-Safi,MAR,Chichaoua,Rural,Masculin,27,25-34,Mosquée,Niveau 2 (intermédiaire),181,1,79.8
ALP502975,2016,Casablanca-Settat,CAS,Sidi Bennour,Urbain,Féminin,35,25-34,ANLCA,Niveau 2 (intermédiaire),196,1,74.4
ALP502976,2020,Souss-Massa,SOU,Tata,Rural,Masculin,49,35-49,Association partenaire,Niveau 1 (débutant),177,1,79.1
ALP502977,2015,Souss-Massa,SOU,Tiznit,Rural,Masculin,52,50-64,ANLCA,Niveau 3 (avancé),137,1,58.2
ALP502978,2022,Marrakech-Safi,MAR,El Kelaa des Sraghna,Urbain,Féminin,25,15-24,ANLCA,Niveau 2 (intermédiaire),112,0,52.3
ALP502979,2021,Tanger-Tétouan-Al Hoceïma,TAN,Tanger-Assilah,Urbain,Féminin,22,15-24,ONG,Niveau 1 (débutant),133,1,46.7
ALP502980,2015,Casablanca-Settat,CAS,Sidi Bennour,Urbain,Masculin,37,35-49,ANLCA,Niveau 3 (avancé),68,1,70.3
ALP502981,2022,Marrakech-Safi,MAR,Essaouira,Urbain,Féminin,56,50-64,Association partenaire,Niveau 1 (débutant),112,0,70.0
ALP502982,2019,Rabat-Salé-Kénitra,RAB,Skhirate-Témara,Rural,Féminin,43,35-49,ONG,Niveau 2 (intermédiaire),147,1,69.8
ALP502983,2016,Casablanca-Settat,CAS,Khouribga,Rural,Féminin,32,25-34,ANLCA,Niveau 3 (avancé),138,1,82.9
ALP502984,2019,Fès-Meknès,FES,El Hajeb,Rural,Féminin,63,50-64,ANLCA,Niveau 2 (intermédiaire),149,0,42.2
ALP502985,2021,Casablanca-Settat,CAS,Sidi Bennour,Urbain,Féminin,33,25-34,ANLCA,Niveau 1 (débutant),88,1,73.1
ALP502986,2023,Souss-Massa,SOU,Inezgane-Ait Melloul,Rural,Masculin,35,25-34,ANLCA,Niveau 1 (débutant),163,0,55.2
ALP502987,2021,Casablanca-Settat,CAS,Sidi Bennour,Urbain,Féminin,21,15-24,Mosquée,Niveau 2 (intermédiaire),171,1,67.2
ALP502988,2022,Marrakech-Safi,MAR,Youssoufia,Urbain,Féminin,24,15-24,ANLCA,Niveau 2 (intermédiaire),122,1,49.4
ALP502989,2022,Fès-Meknès,FES,Séfrou,Rural,Masculin,33,25-34,Mosquée,Niveau 2 (intermédiaire),69,0,46.1
ALP502990,2019,Marrakech-Safi,MAR,Al Haouz,Urbain,Féminin,25,15-24,Association partenaire,Niveau 2 (intermédiaire),63,0,72.2
ALP502991,2023,Casablanca-Settat,CAS,Khouribga,Urbain,Féminin,56,50-64,ONG,Niveau 3 (avancé),103,0,67.9
ALP502992,2021,Drâa-Tafilalet,DRA,Ouarzazate,Rural,Féminin,48,35-49,Association partenaire,Niveau 1 (débutant),167,1,43.5
ALP502993,2020,Fès-Meknès,FES,El Hajeb,Urbain,Féminin,56,50-64,Association partenaire,Niveau 2 (intermédiaire),100,1,85.7
ALP502994,2022,Rabat-Salé-Kénitra,RAB,Rabat,Rural,Féminin,40,35-49,Association partenaire,Niveau 1 (débutant),56,1,67.8
ALP502995,2015,Fès-Meknès,FES,Ifrane,Rural,Féminin,48,35-49,Association partenaire,Niveau 1 (débutant),152,1,41.5
ALP502996,2023,Tanger-Tétouan-Al Hoceïma,TAN,Al Hoceïma,Urbain,Masculin,60,50-64,Mosquée,Niveau 1 (débutant),84,1,66.4
ALP502997,2021,Fès-Meknès,FES,El Hajeb,Rural,Féminin,15,,ANLCA,Niveau 1 (débutant),169,0,54.4
ALP502998,2019,Béni Mellal-Khénifra,BMK,El Kelaa des Sraghna,Rural,Masculin,41,35-49,Association partenaire,Niveau 3 (avancé),153,1,29.4
ALP502999,2015,Oriental,ORI,Jerada,Rural,Féminin,35,25-34,ANLCA,Niveau 1 (débutant),67,1,53.7
ALP503000,2019,Tanger-Tétouan-Al Hoceïma,TAN,Mdiq-Fnideq,Rural,Féminin,60,50-64,Mosquée,Niveau 1 (débutant),133,0,55.1
ALP503001,2015,Oriental,ORI,Driouch,Urbain,Masculin,48,35-49,Association partenaire,Niveau 2 (intermédiaire),108,1,49.9
ALP503002,2017,Rabat-Salé-Kénitra,RAB,Khémisset,Urbain,Masculin,33,25-34,ANLCA,Niveau 3 (avancé),55,0,51.5
ALP503003,2018,Rabat-Salé-Kénitra,RAB,Sidi Kacem,Urbain,Masculin,47,35-49,Association partenaire,Niveau 3 (avancé),124,1,74.1
ALP503004,2021,Tanger-Tétouan-Al Hoceïma,TAN,Tanger-Assilah,Urbain,Masculin,19,15-24,Mosquée,Niveau 2 (intermédiaire),150,1,53.4
ALP503005,2017,Casablanca-Settat,CAS,Mohammadia,Urbain,Féminin,29,25-34,Association partenaire,Niveau 2 (intermédiaire),178,0,73.4
ALP503006,2015,Guelmim-Oued Noun,GUE,Sidi Ifni,Urbain,Féminin,43,35-49,ONG,Niveau 2 (intermédiaire),196,0,60.5
ALP503007,2019,Fès-Meknès,FES,El Hajeb,Rural,Féminin,21,15-24,ONG,Niveau 2 (intermédiaire),109,0,63.0
ALP503008,2022,Fès-Meknès,FES,Ifrane,Rural,Féminin,33,25-34,Entreprise,Niveau 2 (intermédiaire),128,1,56.7
ALP503009,2023,Marrakech-Safi,MAR,Youssoufia,Urbain,Masculin,48,35-49,ANLCA,Niveau 1 (débutant),147,0,53.6
ALP503010,2018,Marrakech-Safi,MAR,Safi,Rural,Féminin,50,35-49,Mosquée,Niveau 2 (intermédiaire),115,1,78.4
ALP503011,2023,Casablanca-Settat,CAS,Sidi Bennour,Rural,Féminin,55,50-64,Entreprise,Niveau 1 (débutant),170,0,62.7
ALP503012,2015,Oriental,ORI,Nador,Urbain,Féminin,38,35-49,ANLCA,Niveau 3 (avancé),92,1,97.2
ALP503013,2017,Fès-Meknès,FES,Séfrou,Urbain,Féminin,43,35-49,Association partenaire,Niveau 1 (débutant),198,1,59.4
ALP503014,2023,Tanger-Tétouan-Al Hoceïma,TAN,Mdiq-Fnideq,Rural,Féminin,23,15-24,Entreprise,Niveau 3 (avancé),97,1,44.3
ALP503015,2022,Fès-Meknès,FES,El Hajeb,Urbain,Masculin,52,50-64,ANLCA,Niveau 1 (débutant),185,1,100.0
ALP503016,2019,Oriental,ORI,Nador,Rural,Féminin,25,15-24,ANLCA,Niveau 2 (intermédiaire),126,1,64.5
ALP503017,2018,Marrakech-Safi,MAR,Safi,Urbain,Féminin,33,25-34,Mosquée,Niveau 1 (débutant),69,1,65.5
ALP503018,2022,Béni Mellal-Khénifra,BMK,El Kelaa des Sraghna,Rural,Féminin,38,35-49,ANLCA,Niveau 1 (débutant),187,0,87.0
ALP503019,2020,Oriental,ORI,Guercif,Urbain,Féminin,58,50-64,ANLCA,Niveau 3 (avancé),100,1,70.9
ALP503020,2015,Marrakech-Safi,MAR,Chichaoua,Rural,Féminin,18,15-24,Entreprise,Niveau 2 (intermédiaire),86,1,41.1
ALP503021,2016,Souss-Massa,SOU,Chtouka-Ait Baha,Urbain,Féminin,45,35-49,ONG,Niveau 1 (débutant),97,1,27.3
ALP503022,2019,Laâyoune-Sakia El Hamra,LAA,Laâyoune,Rural,Féminin,45,35-49,ANLCA,Niveau 2 (intermédiaire),98,1,54.5
ALP503023,2020,Oriental,ORI,Nador,Rural,Féminin,32,25-34,Association partenaire,Niveau 3 (avancé),96,1,62.0
ALP503024,2019,Souss-Massa,SOU,Agadir-Ida-Ou-Tanane,Urbain,Masculin,38,35-49,Mosquée,Niveau 1 (débutant),179,1,80.5
ALP503025,2021,Tanger-Tétouan-Al Hoceïma,TAN,Fahs-Anjra,Rural,Féminin,53,50-64,ANLCA,Niveau 3 (avancé),41,0,100.0
ALP503026,2015,Casablanca-Settat,CAS,Khouribga,Rural,Féminin,22,15-24,ANLCA,Niveau 2 (intermédiaire),144,1,86.8
ALP503027,2017,Tanger-Tétouan-Al Hoceïma,TAN,Larache,Rural,Masculin,50,35-49,ONG,Niveau 3 (avancé),191,1,88.5
ALP503028,2015,Marrakech-Safi,MAR,Marrakech,Rural,Féminin,64,50-64,Mosquée,Niveau 1 (débutant),184,0,65.5
ALP503029,2020,Dakhla-Oued Eddahab,DAK,Aousserd,Rural,Féminin,23,15-24,Mosquée,Niveau 2 (intermédiaire),121,1,73.6
ALP503030,2017,Souss-Massa,SOU,Agadir-Ida-Ou-Tanane,Urbain,Féminin,27,25-34,ANLCA,Niveau 3 (avancé),161,1,35.0
ALP503031,2021,Rabat-Salé-Kénitra,RAB,Rabat,Urbain,Féminin,64,50-64,ANLCA,Niveau 1 (débutant),168,0,74.9
ALP503032,2018,Béni Mellal-Khénifra,BMK,El Kelaa des Sraghna,Rural,Féminin,21,15-24,ANLCA,Niveau 3 (avancé),180,1,68.0
ALP503033,2023,Fès-Meknès,FES,Séfrou,Rural,Féminin,36,35-49,Association partenaire,Niveau 3 (avancé),67,0,93.1
ALP503034,2021,Fès-Meknès,FES,Meknès,Urbain,Féminin,63,50-64,ANLCA,Niveau 3 (avancé),86,1,48.1
ALP503035,2019,Rabat-Salé-Kénitra,RAB,Kénitra,Rural,Féminin,23,15-24,ANLCA,Niveau 3 (avancé),42,0,63.2
ALP503036,2015,Oriental,ORI,Berkane,Urbain,Féminin,64,50-64,Association partenaire,Niveau 1 (débutant),66,1,75.5
ALP503037,2018,Rabat-Salé-Kénitra,RAB,Salé,Rural,Féminin,15,,ANLCA,Niveau 1 (débutant),140,1,83.1
ALP503038,2022,Fès-Meknès,FES,Séfrou,Urbain,Féminin,52,50-64,ANLCA,Niveau 1 (débutant),118,0,65.5
ALP503039,2018,Drâa-Tafilalet,DRA,Ouarzazate,Urbain,Féminin,21,15-24,ONG,Niveau 3 (avancé),182,1,39.3
ALP503040,2015,Tanger-Tétouan-Al Hoceïma,TAN,Mdiq-Fnideq,Rural,Masculin,36,35-49,ANLCA,Niveau 1 (débutant),185,1,68.2
ALP503041,2021,Tanger-Tétouan-Al Hoceïma,TAN,Chefchaouen,Urbain,Féminin,15,,Entreprise,Niveau 2 (intermédiaire),163,0,57.0
ALP503042,2019,Oriental,ORI,Driouch,Rural,Féminin,58,50-64,ONG,Niveau 1 (débutant),193,1,63.8
ALP503043,2019,Marrakech-Safi,MAR,El Kelaa des Sraghna,Rural,Féminin,49,35-49,ANLCA,Niveau 1 (débutant),125,1,78.1
ALP503044,2015,Rabat-Salé-Kénitra,RAB,Salé,Rural,Féminin,16,15-24,ANLCA,Niveau 1 (débutant),130,1,69.9
ALP503045,2021,Marrakech-Safi,MAR,Youssoufia,Rural,Féminin,30,25-34,Mosquée,Niveau 2 (intermédiaire),138,1,89.5
ALP503046,2022,Casablanca-Settat,CAS,Khouribga,Rural,Féminin,46,35-49,Mosquée,Niveau 1 (débutant),102,1,47.3
ALP503047,2018,Rabat-Salé-Kénitra,RAB,Rabat,Urbain,Masculin,63,50-64,ANLCA,Niveau 2 (intermédiaire),106,1,64.3
ALP503048,2015,Casablanca-Settat,CAS,Settat,Rural,Féminin,35,25-34,ONG,Niveau 1 (débutant),66,0,58.6
ALP503049,2023,Casablanca-Settat,CAS,Sidi Bennour,Rural,Féminin,49,35-49,ANLCA,Niveau 3 (avancé),93,1,72.9
ALP503050,2022,Rabat-Salé-Kénitra,RAB,Skhirate-Témara,Rural,Féminin,26,25-34,ONG,Niveau 1 (débutant),188,1,48.5
ALP503051,2018,Tanger-Tétouan-Al Hoceïma,TAN,Fahs-Anjra,Rural,Féminin,31,25-34,Association partenaire,Niveau 1 (débutant),110,1,21.2
ALP503052,2019,Tanger-Tétouan-Al Hoceïma,TAN,Chefchaouen,Urbain,Masculin,62,50-64,ANLCA,Niveau 2 (intermédiaire),41,0,54.6
ALP503053,2015,Béni Mellal-Khénifra,BMK,Khouribga,Urbain,Masculin,18,15-24,ANLCA,Niveau 3 (avancé),145,1,44.0
ALP503054,2020,Rabat-Salé-Kénitra,RAB,Sidi Kacem,Rural,Féminin,40,35-49,ANLCA,Niveau 1 (débutant),177,1,63.8
ALP503055,2021,Souss-Massa,SOU,Chtouka-Ait Baha,Rural,Féminin,25,15-24,ANLCA,Niveau 2 (intermédiaire),166,0,62.4
ALP503056,2016,Rabat-Salé-Kénitra,RAB,Skhirate-Témara,Urbain,Féminin,26,25-34,ONG,Niveau 1 (débutant),180,1,46.8
ALP503057,2015,Béni Mellal-Khénifra,BMK,Béni Mellal,Rural,Masculin,37,35-49,Entreprise,Niveau 3 (avancé),134,0,59.1
ALP503058,2022,Rabat-Salé-Kénitra,RAB,Kénitra,Rural,Féminin,24,15-24,ANLCA,Niveau 3 (avancé),192,1,59.1
ALP503059,2018,Rabat-Salé-Kénitra,RAB,Salé,Rural,Féminin,56,50-64,ANLCA,Niveau 2 (intermédiaire),168,1,88.3
ALP503060,2018,Marrakech-Safi,MAR,Essaouira,Rural,Féminin,21,15-24,Mosquée,Niveau 3 (avancé),121,1,63.7
ALP503061,2019,Tanger-Tétouan-Al Hoceïma,TAN,Mdiq-Fnideq,Rural,Féminin,58,50-64,Association partenaire,Niveau 2 (intermédiaire),76,1,52.6
ALP503062,2016,Casablanca-Settat,CAS,El Jadida,Rural,Féminin,56,50-64,Association partenaire,Niveau 1 (débutant),99,1,65.0
ALP503063,2022,Casablanca-Settat,CAS,Casablanca,Rural,Féminin,55,50-64,ONG,Niveau 2 (intermédiaire),139,1,53.2
ALP503064,2022,Casablanca-Settat,CAS,Berrechid,Rural,Féminin,44,35-49,Association partenaire,Niveau 1 (débutant),193,0,55.8
ALP503065,2017,Souss-Massa,SOU,Agadir-Ida-Ou-Tanane,Urbain,Féminin,54,50-64,Association partenaire,Niveau 1 (débutant),197,0,95.0
ALP503066,2019,Rabat-Salé-Kénitra,RAB,Sidi Kacem,Rural,Féminin,59,50-64,ANLCA,Niveau 3 (avancé),65,1,47.2
ALP503067,2022,Casablanca-Settat,CAS,Khouribga,Urbain,Féminin,24,15-24,Mosquée,Niveau 3 (avancé),106,0,84.6
ALP503068,2023,Tanger-Tétouan-Al Hoceïma,TAN,Al Hoceïma,Rural,Féminin,50,35-49,Association partenaire,Niveau 2 (intermédiaire),47,0,42.8
ALP503069,2019,Béni Mellal-Khénifra,BMK,Béni Mellal,Urbain,Féminin,35,25-34,Association partenaire,Niveau 2 (intermédiaire),146,1,44.8
ALP503070,2016,Marrakech-Safi,MAR,Chichaoua,Rural,Féminin,54,50-64,Entreprise,Niveau 1 (débutant),193,1,96.7
ALP503071,2019,Marrakech-Safi,MAR,Youssoufia,Rural,Masculin,52,50-64,ANLCA,Niveau 1 (débutant),70,0,55.7
ALP503072,2016,Fès-Meknès,FES,Boulemane,Urbain,Masculin,40,35-49,Mosquée,Niveau 2 (intermédiaire),79,0,84.3
ALP503073,2017,Drâa-Tafilalet,DRA,Ouarzazate,Rural,Féminin,58,50-64,ANLCA,Niveau 2 (intermédiaire),56,1,46.4
ALP503074,2018,Rabat-Salé-Kénitra,RAB,Kénitra,Rural,Féminin,35,25-34,ANLCA,Niveau 2 (intermédiaire),70,1,82.1
ALP503075,2017,Casablanca-Settat,CAS,Benslimane,Urbain,Masculin,46,35-49,Mosquée,Niveau 2 (intermédiaire),78,1,72.5
ALP503076,2020,Rabat-Salé-Kénitra,RAB,Rabat,Rural,Masculin,38,35-49,ANLCA,Niveau 1 (débutant),74,1,68.6
ALP503077,2017,Tanger-Tétouan-Al Hoceïma,TAN,Tétouan,Urbain,Féminin,39,35-49,Association partenaire,Niveau 1 (débutant),55,1,68.9
ALP503078,2023,Fès-Meknès,FES,Taounate,Urbain,Féminin,32,25-34,ANLCA,Niveau 2 (intermédiaire),68,1,59.8
ALP503079,2021,Casablanca-Settat,CAS,Sidi Bennour,Rural,Masculin,33,25-34,Mosquée,Niveau 3 (avancé),72,1,61.4
ALP503080,2020,Souss-Massa,SOU,Tiznit,Rural,Féminin,31,25-34,Association partenaire,Niveau 1 (débutant),176,1,87.4
ALP503081,2017,Fès-Meknès,FES,Moulay Yacoub,Rural,Masculin,25,15-24,ANLCA,Niveau 2 (intermédiaire),69,1,75.7
ALP503082,2017,Casablanca-Settat,CAS,Settat,Rural,Féminin,63,50-64,ANLCA,Niveau 1 (débutant),66,1,51.4
ALP503083,2015,Béni Mellal-Khénifra,BMK,Azilal,Urbain,Féminin,49,35-49,Association partenaire,Niveau 2 (intermédiaire),54,0,69.1
ALP503084,2023,Oriental,ORI,Nador,Rural,Masculin,16,15-24,Entreprise,Niveau 1 (débutant),86,1,44.1
ALP503085,2020,Casablanca-Settat,CAS,El Jadida,Rural,Masculin,60,50-64,Association partenaire,Niveau 2 (intermédiaire),89,1,69.1
ALP503086,2019,Rabat-Salé-Kénitra,RAB,Sidi Slimane,Urbain,Féminin,31,25-34,Entreprise,Niveau 3 (avancé),56,0,54.9
ALP503087,2021,Fès-Meknès,FES,Taza,Urbain,Masculin,35,25-34,Entreprise,Niveau 2 (intermédiaire),111,1,84.6
ALP503088,2022,Rabat-Salé-Kénitra,RAB,Kénitra,Rural,Féminin,26,25-34,Mosquée,Niveau 3 (avancé),89,1,37.6
ALP503089,2023,Marrakech-Safi,MAR,Al Haouz,Rural,Féminin,16,15-24,ANLCA,Niveau 2 (intermédiaire),128,0,45.4
ALP503090,2020,Marrakech-Safi,MAR,Youssoufia,Rural,Masculin,50,35-49,ANLCA,Niveau 2 (intermédiaire),100,1,80.6
ALP503091,2016,Souss-Massa,SOU,Inezgane-Ait Melloul,Rural,Féminin,43,35-49,Mosquée,Niveau 2 (intermédiaire),50,0,63.5
ALP503092,2017,Béni Mellal-Khénifra,BMK,Khouribga,Rural,Masculin,62,50-64,ANLCA,Niveau 1 (débutant),181,1,56.5
ALP503093,2021,Rabat-Salé-Kénitra,RAB,Sidi Slimane,Urbain,Masculin,21,15-24,Entreprise,Niveau 3 (avancé),65,1,77.3
ALP503094,2019,Casablanca-Settat,CAS,Casablanca,Rural,Féminin,64,50-64,Entreprise,Niveau 3 (avancé),174,1,50.6
ALP503095,2021,Rabat-Salé-Kénitra,RAB,Kénitra,Rural,Féminin,17,15-24,ANLCA,Niveau 1 (débutant),186,0,55.6
ALP503096,2016,Marrakech-Safi,MAR,Marrakech,Rural,Masculin,53,50-64,Association partenaire,Niveau 1 (débutant),59,1,96.8
ALP503097,2019,Casablanca-Settat,CAS,Mohammadia,Urbain,Masculin,48,35-49,Entreprise,Niveau 3 (avancé),121,1,92.3
ALP503098,2015,Oriental,ORI,Driouch,Rural,Féminin,33,25-34,ANLCA,Niveau 2 (intermédiaire),97,1,100.0
ALP503099,2023,Casablanca-Settat,CAS,Mohammadia,Rural,Masculin,44,35-49,Association partenaire,Niveau 3 (avancé),70,1,67.3
ALP503100,2018,Guelmim-Oued Noun,GUE,Sidi Ifni,Urbain,Masculin,37,35-49,Association partenaire,Niveau 3 (avancé),165,0,72.9
ALP503101,2016,Rabat-Salé-Kénitra,RAB,Rabat,Rural,Masculin,30,25-34,ANLCA,Niveau 2 (intermédiaire),143,1,45.8
ALP503102,2021,Tanger-Tétouan-Al Hoceïma,TAN,Fahs-Anjra,Rural,Féminin,57,50-64,Association partenaire,Niveau 1 (débutant),123,1,86.8
ALP503103,2015,Oriental,ORI,Taourirt,Urbain,Féminin,43,35-49,ANLCA,Niveau 2 (intermédiaire),147,1,88.1
ALP503104,2019,Tanger-Tétouan-Al Hoceïma,TAN,Fahs-Anjra,Rural,Féminin,52,50-64,ONG,Niveau 3 (avancé),128,1,54.4
ALP503105,2019,Casablanca-Settat,CAS,Casablanca,Rural,Féminin,35,25-34,ANLCA,Niveau 2 (intermédiaire),99,1,73.1
ALP503106,2023,Marrakech-Safi,MAR,Al Haouz,Urbain,Féminin,41,35-49,Association partenaire,Niveau 1 (débutant),97,1,82.4
ALP503107,2019,Rabat-Salé-Kénitra,RAB,Khémisset,Urbain,Féminin,60,50-64,Mosquée,Niveau 1 (débutant),50,0,66.5
ALP503108,2021,Fès-Meknès,FES,El Hajeb,Urbain,Masculin,48,35-49,ANLCA,Niveau 2 (intermédiaire),75,0,55.2
ALP503109,2020,Casablanca-Settat,CAS,Berrechid,Rural,Féminin,63,50-64,ONG,Niveau 1 (débutant),115,0,60.5
ALP503110,2021,Marrakech-Safi,MAR,El Kelaa des Sraghna,Rural,Féminin,62,50-64,Association partenaire,Niveau 1 (débutant),68,1,39.3
ALP503111,2017,Oriental,ORI,Berkane,Urbain,Féminin,37,35-49,ANLCA,Niveau 1 (débutant),140,0,79.0
ALP503112,2018,Casablanca-Settat,CAS,Berrechid,Urbain,Masculin,28,25-34,ANLCA,Niveau 1 (débutant),128,0,49.3
ALP503113,2017,Rabat-Salé-Kénitra,RAB,Salé,Rural,Féminin,54,50-64,ONG,Niveau 1 (débutant),40,1,90.4
ALP503114,2021,Souss-Massa,SOU,Taroudannt,Urbain,Féminin,19,15-24,Association partenaire,Niveau 2 (intermédiaire),48,1,93.8
ALP503115,2015,Souss-Massa,SOU,Tata,Rural,Féminin,47,35-49,Association partenaire,Niveau 3 (avancé),55,1,76.5
ALP503116,2016,Oriental,ORI,Guercif,Urbain,Masculin,24,15-24,ANLCA,Niveau 2 (intermédiaire),132,1,89.5
ALP503117,2019,Casablanca-Settat,CAS,Casablanca,Rural,Féminin,24,15-24,Association partenaire,Niveau 1 (débutant),74,1,86.4
ALP503118,2021,Tanger-Tétouan-Al Hoceïma,TAN,Al Hoceïma,Urbain,Masculin,41,35-49,ONG,Niveau 1 (débutant),167,1,64.6
ALP503119,2015,Oriental,ORI,Oujda-Angad,Rural,Féminin,44,35-49,ANLCA,Niveau 2 (intermédiaire),58,1,61.7
ALP503120,2015,Marrakech-Safi,MAR,Essaouira,Urbain,Masculin,51,50-64,Association partenaire,Niveau 1 (débutant),43,0,67.9
ALP503121,2020,Fès-Meknès,FES,Boulemane,Rural,Masculin,43,35-49,Entreprise,Niveau 2 (intermédiaire),114,1,43.0
ALP503122,2021,Marrakech-Safi,MAR,Marrakech,Rural,Féminin,48,35-49,Association partenaire,Niveau 3 (avancé),74,1,85.0
ALP503123,2021,Casablanca-Settat,CAS,Settat,Rural,Masculin,33,25-34,Mosquée,Niveau 2 (intermédiaire),164,1,68.9
ALP503124,2015,Béni Mellal-Khénifra,BMK,Azilal,Urbain,Féminin,19,15-24,ANLCA,Niveau 2 (intermédiaire),181,1,47.4
ALP503125,2018,Casablanca-Settat,CAS,Casablanca,Rural,Masculin,52,50-64,ANLCA,Niveau 1 (débutant),137,1,60.1
ALP503126,2022,Marrakech-Safi,MAR,Essaouira,Rural,Féminin,38,35-49,ANLCA,Niveau 2 (intermédiaire),110,1,88.2
ALP503127,2021,Marrakech-Safi,MAR,Safi,Rural,Féminin,41,35-49,Entreprise,Niveau 2 (intermédiaire),81,0,49.4
ALP503128,2020,Casablanca-Settat,CAS,Mohammadia,Rural,Féminin,49,35-49,ONG,Niveau 3 (avancé),53,1,85.4
ALP503129,2015,Casablanca-Settat,CAS,Casablanca,Urbain,Féminin,38,35-49,Mosquée,Niveau 1 (débutant),102,1,94.8
ALP503130,2015,Casablanca-Settat,CAS,Settat,Rural,Féminin,26,25-34,Association partenaire,Niveau 1 (débutant),170,0,49.3
ALP503131,2016,Oriental,ORI,Guercif,Urbain,Féminin,63,50-64,Association partenaire,Niveau 2 (intermédiaire),131,0,61.6
ALP503132,2021,Fès-Meknès,FES,Moulay Yacoub,Urbain,Féminin,23,15-24,Mosquée,Niveau 2 (intermédiaire),83,1,63.8
ALP503133,2016,Rabat-Salé-Kénitra,RAB,Sidi Slimane,Rural,Féminin,16,15-24,ANLCA,Niveau 2 (intermédiaire),108,0,59.4
ALP503134,2023,Tanger-Tétouan-Al Hoceïma,TAN,Mdiq-Fnideq,Rural,Féminin,26,25-34,Mosquée,Niveau 2 (intermédiaire),168,1,51.5
ALP503135,2022,Oriental,ORI,Driouch,Rural,Masculin,59,50-64,Entreprise,Niveau 3 (avancé),172,1,79.5
ALP503136,2023,Rabat-Salé-Kénitra,RAB,Skhirate-Témara,Rural,Féminin,37,35-49,ONG,Niveau 3 (avancé),109,0,67.4
ALP503137,2022,Fès-Meknès,FES,Moulay Yacoub,Urbain,Masculin,43,35-49,Mosquée,Niveau 1 (débutant),90,1,63.3
ALP503138,2017,Casablanca-Settat,CAS,Sidi Bennour,Rural,Féminin,35,25-34,ANLCA,Niveau 2 (intermédiaire),112,1,72.1
ALP503139,2015,Souss-Massa,SOU,Inezgane-Ait Melloul,Rural,Féminin,15,,ONG,Niveau 2 (intermédiaire),163,0,57.7
ALP503140,2017,Béni Mellal-Khénifra,BMK,Azilal,Rural,Féminin,27,25-34,Mosquée,Niveau 2 (intermédiaire),42,1,74.9
ALP503141,2019,Casablanca-Settat,CAS,Khouribga,Urbain,Féminin,30,25-34,Mosquée,Niveau 3 (avancé),187,1,65.4
ALP503142,2021,Tanger-Tétouan-Al Hoceïma,TAN,Ouazzane,Rural,Féminin,44,35-49,Association partenaire,Niveau 2 (intermédiaire),49,1,55.9
ALP503143,2019,Souss-Massa,SOU,Taroudannt,Urbain,Féminin,55,50-64,ONG,Niveau 2 (intermédiaire),190,1,39.1
ALP503144,2022,Casablanca-Settat,CAS,Berrechid,Rural,Féminin,55,50-64,ANLCA,Niveau 2 (intermédiaire),176,1,97.0
ALP503145,2020,Rabat-Salé-Kénitra,RAB,Kénitra,Urbain,Masculin,61,50-64,Mosquée,Niveau 2 (intermédiaire),65,1,51.9
ALP503146,2017,Casablanca-Settat,CAS,Khouribga,Rural,Féminin,61,50-64,ANLCA,Niveau 1 (débutant),143,0,69.6
ALP503147,2019,Casablanca-Settat,CAS,Berrechid,Rural,Féminin,43,35-49,ANLCA,Niveau 2 (intermédiaire),85,1,56.0
ALP503148,2015,Rabat-Salé-Kénitra,RAB,Kénitra,Rural,Féminin,27,25-34,Association partenaire,Niveau 1 (débutant),121,1,86.8
ALP503149,2016,Casablanca-Settat,CAS,Casablanca,Rural,Féminin,15,,Mosquée,Niveau 1 (débutant),88,1,62.6
ALP503150,2018,Fès-Meknès,FES,Boulemane,Rural,Féminin,45,35-49,Association partenaire,Niveau 2 (intermédiaire),77,1,81.0
ALP503151,2016,Oriental,ORI,Jerada,Rural,Féminin,60,50-64,Association partenaire,Niveau 3 (avancé),49,1,58.7
ALP503152,2018,Fès-Meknès,FES,Taounate,Rural,Féminin,40,35-49,ANLCA,Niveau 3 (avancé),94,1,77.1
ALP503153,2022,Oriental,ORI,Berkane,Rural,Féminin,56,50-64,Association partenaire,Niveau 1 (débutant),170,1,70.4
ALP503154,2019,Drâa-Tafilalet,DRA,Tinghir,Rural,Masculin,51,50-64,Mosquée,Niveau 1 (débutant),198,0,51.6
ALP503155,2016,Fès-Meknès,FES,El Hajeb,Rural,Masculin,58,50-64,Association partenaire,Niveau 1 (débutant),107,1,50.5
ALP503156,2018,Rabat-Salé-Kénitra,RAB,Khémisset,Rural,Féminin,36,35-49,Association partenaire,Niveau 2 (intermédiaire),73,1,59.9
ALP503157,2017,Drâa-Tafilalet,DRA,Zagora,Urbain,Féminin,46,35-49,Association partenaire,Niveau 1 (débutant),123,1,38.6
ALP503158,2016,Souss-Massa,SOU,Inezgane-Ait Melloul,Urbain,Masculin,59,50-64,Association partenaire,Niveau 2 (intermédiaire),170,1,46.6
ALP503159,2021,Souss-Massa,SOU,Chtouka-Ait Baha,Rural,Féminin,33,25-34,Association partenaire,Niveau 2 (intermédiaire),183,1,62.8
ALP503160,2016,Béni Mellal-Khénifra,BMK,Béni Mellal,Rural,Féminin,34,25-34,ANLCA,Niveau 2 (intermédiaire),95,1,57.5
ALP503161,2021,Marrakech-Safi,MAR,Marrakech,Rural,Féminin,24,15-24,Mosquée,Niveau 2 (intermédiaire),101,1,68.8
ALP503162,2017,Marrakech-Safi,MAR,Marrakech,Rural,Féminin,26,25-34,Mosquée,Niveau 1 (débutant),130,1,64.1
ALP503163,2019,Marrakech-Safi,MAR,Safi,Rural,Féminin,32,25-34,ONG,Niveau 1 (débutant),175,0,75.6
ALP503164,2020,Oriental,ORI,Guercif,Urbain,Féminin,60,50-64,Mosquée,Niveau 1 (débutant),147,1,35.2
ALP503165,2020,Marrakech-Safi,MAR,Al Haouz,Rural,Féminin,24,15-24,ONG,Niveau 2 (intermédiaire),182,0,58.4
ALP503166,2016,Fès-Meknès,FES,Boulemane,Rural,Masculin,64,50-64,Mosquée,Niveau 1 (débutant),109,0,53.0
ALP503167,2021,Casablanca-Settat,CAS,Khouribga,Urbain,Masculin,25,15-24,Association partenaire,Niveau 1 (débutant),88,1,99.8
ALP503168,2023,Souss-Massa,SOU,Chtouka-Ait Baha,Urbain,Féminin,51,50-64,ANLCA,Niveau 1 (débutant),163,1,60.6
ALP503169,2020,Béni Mellal-Khénifra,BMK,Khouribga,Rural,Masculin,18,15-24,Association partenaire,Niveau 1 (débutant),116,1,72.6
ALP503170,2023,Souss-Massa,SOU,Inezgane-Ait Melloul,Urbain,Féminin,22,15-24,Association partenaire,Niveau 3 (avancé),173,1,59.0
ALP503171,2020,Souss-Massa,SOU,Agadir-Ida-Ou-Tanane,Rural,Féminin,59,50-64,Mosquée,Niveau 2 (intermédiaire),70,0,62.6
ALP503172,2020,Rabat-Salé-Kénitra,RAB,Sidi Kacem,Rural,Féminin,42,35-49,Mosquée,Niveau 1 (débutant),194,1,83.3
ALP503173,2015,Marrakech-Safi,MAR,Al Haouz,Urbain,Féminin,25,15-24,ANLCA,Niveau 1 (débutant),121,1,51.3
ALP503174,2019,Tanger-Tétouan-Al Hoceïma,TAN,Al Hoceïma,Urbain,Féminin,31,25-34,Association partenaire,Niveau 1 (débutant),97,0,66.7
ALP503175,2017,Béni Mellal-Khénifra,BMK,Khouribga,Rural,Féminin,22,15-24,ANLCA,Niveau 2 (intermédiaire),115,0,97.3
ALP503176,2016,Casablanca-Settat,CAS,Settat,Urbain,Féminin,62,50-64,ANLCA,Niveau 3 (avancé),161,1,57.6
ALP503177,2015,Tanger-Tétouan-Al Hoceïma,TAN,Fahs-Anjra,Rural,Féminin,42,35-49,Mosquée,Niveau 2 (intermédiaire),105,1,81.8
ALP503178,2022,Casablanca-Settat,CAS,Mohammadia,Rural,Féminin,26,25-34,Association partenaire,Niveau 2 (intermédiaire),199,1,43.0
ALP503179,2019,Oriental,ORI,Taourirt,Urbain,Féminin,43,35-49,ANLCA,Niveau 1 (débutant),81,0,77.3
ALP503180,2016,Laâyoune-Sakia El Hamra,LAA,Es-Semara,Rural,Féminin,64,50-64,ANLCA,Niveau 3 (avancé),40,0,70.5
ALP503181,2023,Drâa-Tafilalet,DRA,Errachidia,Urbain,Féminin,40,35-49,ONG,Niveau 3 (avancé),59,1,55.0
ALP503182,2023,Marrakech-Safi,MAR,El Kelaa des Sraghna,Urbain,Féminin,51,50-64,Association partenaire,Niveau 1 (débutant),78,0,68.1
ALP503183,2020,Guelmim-Oued Noun,GUE,Tan-Tan,Rural,Masculin,55,50-64,Association partenaire,Niveau 2 (intermédiaire),106,0,63.3
ALP503184,2019,Marrakech-Safi,MAR,El Kelaa des Sraghna,Rural,Masculin,20,15-24,Mosquée,Niveau 3 (avancé),84,1,53.4
ALP503185,2015,Drâa-Tafilalet,DRA,Errachidia,Urbain,Masculin,49,35-49,Entreprise,Niveau 1 (débutant),176,1,80.4
ALP503186,2021,Fès-Meknès,FES,Moulay Yacoub,Urbain,Féminin,60,50-64,Association partenaire,Niveau 2 (intermédiaire),192,0,53.8
ALP503187,2018,Casablanca-Settat,CAS,Casablanca,Rural,Masculin,50,35-49,Association partenaire,Niveau 2 (intermédiaire),82,1,48.2
ALP503188,2015,Souss-Massa,SOU,Inezgane-Ait Melloul,Rural,Féminin,63,50-64,ONG,Niveau 1 (débutant),126,1,59.0
ALP503189,2018,Casablanca-Settat,CAS,Benslimane,Urbain,Féminin,24,15-24,ANLCA,Niveau 3 (avancé),134,1,72.8
ALP503190,2018,Oriental,ORI,Jerada,Rural,Féminin,39,35-49,Mosquée,Niveau 3 (avancé),135,1,62.9
ALP503191,2017,Laâyoune-Sakia El Hamra,LAA,Laâyoune,Rural,Féminin,22,15-24,Entreprise,Niveau 2 (intermédiaire),152,1,77.5
ALP503192,2018,Oriental,ORI,Guercif,Urbain,Féminin,23,15-24,Association partenaire,Niveau 2 (intermédiaire),192,1,57.0
ALP503193,2015,Fès-Meknès,FES,Ifrane,Rural,Féminin,54,50-64,Association partenaire,Niveau 1 (débutant),73,1,76.9
ALP503194,2019,Tanger-Tétouan-Al Hoceïma,TAN,Mdiq-Fnideq,Rural,Féminin,54,50-64,Association partenaire,Niveau 1 (débutant),175,0,29.6
ALP503195,2022,Oriental,ORI,Oujda-Angad,Rural,Féminin,45,35-49,ANLCA,Niveau 2 (intermédiaire),45,1,52.8
ALP503196,2020,Souss-Massa,SOU,Taroudannt,Rural,Féminin,41,35-49,Association partenaire,Niveau 1 (débutant),121,0,65.2
ALP503197,2015,Rabat-Salé-Kénitra,RAB,Skhirate-Témara,Rural,Masculin,54,50-64,Association partenaire,Niveau 3 (avancé),76,0,70.3
ALP503198,2017,Oriental,ORI,Jerada,Urbain,Féminin,39,35-49,ANLCA,Niveau 1 (débutant),149,1,43.0
ALP503199,2019,Rabat-Salé-Kénitra,RAB,Sidi Slimane,Rural,Masculin,49,35-49,ANLCA,Niveau 1 (débutant),87,1,79.8
ALP503200,2017,Tanger-Tétouan-Al Hoceïma,TAN,Tétouan,Rural,Féminin,24,15-24,Association partenaire,Niveau 3 (avancé),133,1,30.5
ALP503201,2023,Marrakech-Safi,MAR,El Kelaa des Sraghna,Urbain,Féminin,46,35-49,ANLCA,Niveau 1 (débutant),137,0,78.5
ALP503202,2021,Oriental,ORI,Berkane,Rural,Féminin,64,50-64,ONG,Niveau 1 (débutant),108,1,48.5
ALP503203,2016,Rabat-Salé-Kénitra,RAB,Sidi Slimane,Rural,Féminin,61,50-64,Association partenaire,Niveau 1 (débutant),114,0,43.9
ALP503204,2016,Marrakech-Safi,MAR,Youssoufia,Rural,Masculin,37,35-49,Association partenaire,Niveau 2 (intermédiaire),136,0,51.5
ALP503205,2019,Tanger-Tétouan-Al Hoceïma,TAN,Larache,Rural,Féminin,64,50-64,ONG,Niveau 1 (débutant),63,0,78.1
ALP503206,2023,Casablanca-Settat,CAS,Berrechid,Rural,Masculin,63,50-64,Mosquée,Niveau 1 (débutant),199,1,46.5
ALP503207,2016,Fès-Meknès,FES,Taounate,Rural,Féminin,23,15-24,Association partenaire,Niveau 1 (débutant),186,1,30.0
ALP503208,2022,Béni Mellal-Khénifra,BMK,Azilal,Rural,Féminin,61,50-64,ANLCA,Niveau 2 (intermédiaire),125,1,58.7
ALP503209,2022,Fès-Meknès,FES,Taza,Urbain,Féminin,58,50-64,Association partenaire,Niveau 2 (intermédiaire),125,0,36.6
ALP503210,2018,Fès-Meknès,FES,Ifrane,Urbain,Féminin,28,25-34,Association partenaire,Niveau 1 (débutant),183,1,63.4
ALP503211,2022,Casablanca-Settat,CAS,Mohammadia,Rural,Féminin,24,15-24,Entreprise,Niveau 3 (avancé),175,0,77.0
ALP503212,2023,Casablanca-Settat,CAS,Benslimane,Rural,Féminin,29,25-34,Mosquée,Niveau 1 (débutant),100,1,85.8
ALP503213,2017,Tanger-Tétouan-Al Hoceïma,TAN,Larache,Rural,Féminin,31,25-34,Mosquée,Niveau 2 (intermédiaire),102,1,55.6
ALP503214,2018,Marrakech-Safi,MAR,Al Haouz,Rural,Féminin,40,35-49,Association partenaire,Niveau 2 (intermédiaire),180,0,65.5
ALP503215,2021,Casablanca-Settat,CAS,Settat,Urbain,Féminin,15,,Mosquée,Niveau 1 (débutant),72,1,53.6
ALP503216,2022,Rabat-Salé-Kénitra,RAB,Sidi Slimane,Rural,Masculin,30,25-34,Entreprise,Niveau 3 (avancé),140,1,70.6
ALP503217,2017,Rabat-Salé-Kénitra,RAB,Kénitra,Rural,Féminin,51,50-64,Mosquée,Niveau 2 (intermédiaire),105,1,94.8
ALP503218,2022,Casablanca-Settat,CAS,El Jadida,Rural,Féminin,41,35-49,ANLCA,Niveau 1 (débutant),135,1,62.3
ALP503219,2023,Casablanca-Settat,CAS,Sidi Bennour,Rural,Féminin,61,50-64,Association partenaire,Niveau 3 (avancé),176,1,81.0
ALP503220,2018,Oriental,ORI,Driouch,Rural,Féminin,39,35-49,ANLCA,Niveau 3 (avancé),45,1,96.3
ALP503221,2020,Fès-Meknès,FES,Boulemane,Rural,Féminin,56,50-64,ANLCA,Niveau 3 (avancé),170,1,37.2
ALP503222,2021,Marrakech-Safi,MAR,Marrakech,Urbain,Féminin,33,25-34,ANLCA,Niveau 1 (débutant),153,1,65.0
ALP503223,2018,Fès-Meknès,FES,Ifrane,Urbain,Féminin,43,35-49,ONG,Niveau 3 (avancé),156,1,71.6
ALP503224,2017,Casablanca-Settat,CAS,Berrechid,Rural,Féminin,33,25-34,Mosquée,Niveau 2 (intermédiaire),72,0,53.7
ALP503225,2018,Souss-Massa,SOU,Agadir-Ida-Ou-Tanane,Rural,Féminin,32,25-34,Mosquée,Niveau 3 (avancé),199,1,60.6
ALP503226,2022,Béni Mellal-Khénifra,BMK,Azilal,Urbain,Masculin,31,25-34,Mosquée,Niveau 1 (débutant),83,1,16.9
ALP503227,2022,Rabat-Salé-Kénitra,RAB,Sidi Kacem,Urbain,Féminin,57,50-64,ANLCA,Niveau 1 (débutant),177,1,82.8
ALP503228,2020,Casablanca-Settat,CAS,Khouribga,Rural,Féminin,25,15-24,Mosquée,Niveau 1 (débutant),152,0,68.1
ALP503229,2022,Drâa-Tafilalet,DRA,Midelt,Urbain,Féminin,34,25-34,ONG,Niveau 2 (intermédiaire),111,1,98.3
ALP503230,2017,Tanger-Tétouan-Al Hoceïma,TAN,Al Hoceïma,Urbain,Masculin,42,35-49,Entreprise,Niveau 2 (intermédiaire),104,0,67.3
ALP503231,2021,Laâyoune-Sakia El Hamra,LAA,Es-Semara,Urbain,Féminin,49,35-49,ANLCA,Niveau 2 (intermédiaire),44,0,86.9
ALP503232,2016,Tanger-Tétouan-Al Hoceïma,TAN,Al Hoceïma,Urbain,Féminin,27,25-34,ANLCA,Niveau 1 (débutant),134,1,65.5
ALP503233,2021,Oriental,ORI,Oujda-Angad,Rural,Masculin,24,15-24,ONG,Niveau 2 (intermédiaire),121,1,70.5
ALP503234,2023,Casablanca-Settat,CAS,El Jadida,Urbain,Féminin,62,50-64,ANLCA,Niveau 1 (débutant),122,1,64.2
ALP503235,2017,Laâyoune-Sakia El Hamra,LAA,Boujdour,Rural,Masculin,32,25-34,ANLCA,Niveau 2 (intermédiaire),67,1,58.2
ALP503236,2020,Casablanca-Settat,CAS,Khouribga,Urbain,Féminin,31,25-34,ANLCA,Niveau 1 (débutant),107,1,70.4
ALP503237,2017,Béni Mellal-Khénifra,BMK,El Kelaa des Sraghna,Rural,Féminin,62,50-64,Mosquée,Niveau 3 (avancé),136,0,59.9
ALP503238,2021,Marrakech-Safi,MAR,Al Haouz,Urbain,Féminin,16,15-24,Association partenaire,Niveau 3 (avancé),138,0,36.7
ALP503239,2018,Béni Mellal-Khénifra,BMK,Khouribga,Rural,Masculin,20,15-24,Mosquée,Niveau 2 (intermédiaire),184,1,59.1
ALP503240,2021,Béni Mellal-Khénifra,BMK,Azilal,Rural,Féminin,49,35-49,Mosquée,Niveau 3 (avancé),163,1,84.7
ALP503241,2016,Drâa-Tafilalet,DRA,Midelt,Urbain,Masculin,64,50-64,Association partenaire,Niveau 2 (intermédiaire),141,0,41.0
ALP503242,2015,Rabat-Salé-Kénitra,RAB,Khémisset,Rural,Masculin,15,,ONG,Niveau 2 (intermédiaire),47,1,65.1
ALP503243,2018,Fès-Meknès,FES,Meknès,Rural,Féminin,64,50-64,ANLCA,Niveau 3 (avancé),120,0,71.5
ALP503244,2020,Rabat-Salé-Kénitra,RAB,Salé,Urbain,Masculin,42,35-49,Mosquée,Niveau 2 (intermédiaire),49,1,53.9
ALP503245,2021,Marrakech-Safi,MAR,El Kelaa des Sraghna,Rural,Masculin,38,35-49,ANLCA,Niveau 2 (intermédiaire),164,1,67.5
ALP503246,2015,Casablanca-Settat,CAS,El Jadida,Rural,Masculin,26,25-34,Association partenaire,Niveau 1 (débutant),78,1,76.9
ALP503247,2020,Oriental,ORI,Jerada,Urbain,Féminin,16,15-24,Association partenaire,Niveau 2 (intermédiaire),144,1,75.0
ALP503248,2020,Béni Mellal-Khénifra,BMK,El Kelaa des Sraghna,Urbain,Féminin,33,25-34,ONG,Niveau 2 (intermédiaire),56,1,63.8
ALP503249,2021,Casablanca-Settat,CAS,Mohammadia,Rural,Féminin,50,35-49,Association partenaire,Niveau 2 (intermédiaire),192,1,70.3
ALP503250,2020,Drâa-Tafilalet,DRA,Tinghir,Rural,Masculin,28,25-34,ANLCA,Niveau 1 (débutant),109,1,51.4
ALP503251,2022,Marrakech-Safi,MAR,Essaouira,Rural,Féminin,21,15-24,Association partenaire,Niveau 2 (intermédiaire),128,0,71.6
ALP503252,2017,Casablanca-Settat,CAS,Berrechid,Rural,Masculin,17,15-24,Association partenaire,Niveau 1 (débutant),101,0,53.9
ALP503253,2019,Casablanca-Settat,CAS,Khouribga,Rural,Féminin,41,35-49,ANLCA,Niveau 1 (débutant),110,1,88.9
ALP503254,2021,Casablanca-Settat,CAS,Mohammadia,Urbain,Féminin,60,50-64,Association partenaire,Niveau 1 (débutant),170,0,57.3
ALP503255,2017,Casablanca-Settat,CAS,Benslimane,Rural,Féminin,53,50-64,Association partenaire,Niveau 3 (avancé),60,0,77.9
ALP503256,2015,Marrakech-Safi,MAR,Essaouira,Urbain,Masculin,59,50-64,Association partenaire,Niveau 2 (intermédiaire),112,1,83.7
ALP503257,2019,Béni Mellal-Khénifra,BMK,Fquih Ben Salah,Rural,Féminin,22,15-24,ANLCA,Niveau 3 (avancé),98,0,89.9
ALP503258,2020,Tanger-Tétouan-Al Hoceïma,TAN,Tétouan,Urbain,Féminin,38,35-49,ONG,Niveau 2 (intermédiaire),42,1,64.3
ALP503259,2018,Tanger-Tétouan-Al Hoceïma,TAN,Larache,Rural,Féminin,34,25-34,ONG,Niveau 1 (débutant),44,0,100.0
ALP503260,2023,Rabat-Salé-Kénitra,RAB,Kénitra,Rural,Féminin,53,50-64,ANLCA,Niveau 2 (intermédiaire),146,1,77.4
ALP503261,2017,Marrakech-Safi,MAR,Youssoufia,Urbain,Féminin,54,50-64,ANLCA,Niveau 2 (intermédiaire),100,1,96.6
ALP503262,2015,Casablanca-Settat,CAS,Benslimane,Rural,Féminin,38,35-49,Association partenaire,Niveau 2 (intermédiaire),112,1,62.2
ALP503263,2023,Rabat-Salé-Kénitra,RAB,Sidi Slimane,Urbain,Féminin,50,35-49,Association partenaire,Niveau 3 (avancé),119,1,40.7
ALP503264,2017,Marrakech-Safi,MAR,El Kelaa des Sraghna,Urbain,Féminin,40,35-49,ANLCA,Niveau 2 (intermédiaire),73,1,63.1
ALP503265,2018,Fès-Meknès,FES,Séfrou,Rural,Féminin,61,50-64,Mosquée,Niveau 1 (débutant),118,1,94.1
ALP503266,2022,Fès-Meknès,FES,Taza,Urbain,Féminin,55,50-64,Mosquée,Niveau 3 (avancé),50,0,64.1
ALP503267,2020,Rabat-Salé-Kénitra,RAB,Kénitra,Urbain,Féminin,41,35-49,Mosquée,Niveau 3 (avancé),196,0,96.1
ALP503268,2019,Casablanca-Settat,CAS,Khouribga,Rural,Féminin,35,25-34,Association partenaire,Niveau 3 (avancé),145,1,84.6
ALP503269,2022,Marrakech-Safi,MAR,Safi,Rural,Féminin,57,50-64,Mosquée,Niveau 2 (intermédiaire),43,1,49.0
ALP503270,2020,Casablanca-Settat,CAS,Settat,Rural,Féminin,32,25-34,ANLCA,Niveau 1 (débutant),81,1,80.0
ALP503271,2018,Drâa-Tafilalet,DRA,Tinghir,Urbain,Masculin,42,35-49,Entreprise,Niveau 1 (débutant),122,1,64.7
ALP503272,2022,Marrakech-Safi,MAR,Marrakech,Rural,Féminin,32,25-34,ONG,Niveau 2 (intermédiaire),134,1,76.1
ALP503273,2018,Souss-Massa,SOU,Agadir-Ida-Ou-Tanane,Rural,Féminin,47,35-49,Association partenaire,Niveau 1 (débutant),125,0,49.0
ALP503274,2020,Rabat-Salé-Kénitra,RAB,Kénitra,Rural,Féminin,44,35-49,ANLCA,Niveau 1 (débutant),48,0,69.5
ALP503275,2019,Casablanca-Settat,CAS,Mohammadia,Rural,Féminin,54,50-64,Mosquée,Niveau 1 (débutant),112,1,62.7
ALP503276,2016,Béni Mellal-Khénifra,BMK,Fquih Ben Salah,Rural,Féminin,27,25-34,Association partenaire,Niveau 2 (intermédiaire),165,1,55.5
ALP503277,2022,Rabat-Salé-Kénitra,RAB,Salé,Rural,Féminin,50,35-49,ONG,Niveau 1 (débutant),52,0,62.6
ALP503278,2016,Casablanca-Settat,CAS,Berrechid,Urbain,Féminin,19,15-24,ANLCA,Niveau 3 (avancé),84,1,64.0
ALP503279,2017,Fès-Meknès,FES,Ifrane,Rural,Féminin,61,50-64,ANLCA,Niveau 3 (avancé),117,0,59.1
ALP503280,2020,Tanger-Tétouan-Al Hoceïma,TAN,Mdiq-Fnideq,Urbain,Féminin,36,35-49,Association partenaire,Niveau 1 (débutant),138,1,54.7
ALP503281,2017,Rabat-Salé-Kénitra,RAB,Skhirate-Témara,Rural,Féminin,42,35-49,ANLCA,Niveau 2 (intermédiaire),55,1,81.9
ALP503282,2022,Rabat-Salé-Kénitra,RAB,Sidi Kacem,Urbain,Féminin,32,25-34,ANLCA,Niveau 1 (débutant),185,1,48.2
ALP503283,2021,Casablanca-Settat,CAS,Khouribga,Rural,Féminin,60,50-64,ANLCA,Niveau 1 (débutant),73,0,71.4
ALP503284,2021,Béni Mellal-Khénifra,BMK,Fquih Ben Salah,Rural,Féminin,15,,Entreprise,Niveau 1 (débutant),87,1,52.4
ALP503285,2021,Marrakech-Safi,MAR,El Kelaa des Sraghna,Urbain,Masculin,22,15-24,ONG,Niveau 3 (avancé),154,1,74.0
ALP503286,2020,Marrakech-Safi,MAR,Chichaoua,Urbain,Féminin,58,50-64,Association partenaire,Niveau 2 (intermédiaire),119,1,57.4
ALP503287,2016,Marrakech-Safi,MAR,Marrakech,Urbain,Féminin,55,50-64,ONG,Niveau 1 (débutant),160,1,37.9
ALP503288,2016,Souss-Massa,SOU,Agadir-Ida-Ou-Tanane,Urbain,Féminin,29,25-34,Mosquée,Niveau 2 (intermédiaire),122,1,84.8
ALP503289,2023,Souss-Massa,SOU,Tiznit,Rural,Masculin,36,35-49,ANLCA,Niveau 2 (intermédiaire),139,1,55.6
ALP503290,2021,Souss-Massa,SOU,Tiznit,Rural,Féminin,35,25-34,Mosquée,Niveau 2 (intermédiaire),189,0,93.9
ALP503291,2019,Oriental,ORI,Driouch,Rural,Masculin,49,35-49,Mosquée,Niveau 2 (intermédiaire),106,0,83.7
ALP503292,2018,Rabat-Salé-Kénitra,RAB,Khémisset,Rural,Féminin,63,50-64,ANLCA,Niveau 1 (débutant),90,1,32.2
ALP503293,2017,Casablanca-Settat,CAS,Sidi Bennour,Rural,Féminin,44,35-49,Entreprise,Niveau 3 (avancé),153,0,72.5
ALP503294,2023,Casablanca-Settat,CAS,Khouribga,Rural,Féminin,43,35-49,Association partenaire,Niveau 2 (intermédiaire),177,1,63.5
ALP503295,2020,Rabat-Salé-Kénitra,RAB,Khémisset,Rural,Masculin,62,50-64,ONG,Niveau 1 (débutant),109,1,100.0
ALP503296,2018,Marrakech-Safi,MAR,Marrakech,Urbain,Féminin,17,15-24,ANLCA,Niveau 2 (intermédiaire),172,0,47.5
ALP503297,2015,Casablanca-Settat,CAS,Mohammadia,Rural,Masculin,20,15-24,Association partenaire,Niveau 3 (avancé),164,1,67.7
ALP503298,2022,Souss-Massa,SOU,Tata,Rural,Féminin,44,35-49,ANLCA,Niveau 3 (avancé),128,1,49.3
ALP503299,2017,Rabat-Salé-Kénitra,RAB,Kénitra,Rural,Féminin,27,25-34,Association partenaire,Niveau 1 (débutant),154,0,43.1
ALP503300,2023,Marrakech-Safi,MAR,Chichaoua,Urbain,Féminin,16,15-24,ANLCA,Niveau 2 (intermédiaire),89,1,73.8
ALP503301,2022,Oriental,ORI,Driouch,Rural,Masculin,57,50-64,Entreprise,Niveau 2 (intermédiaire),138,1,93.7
ALP503302,2020,Drâa-Tafilalet,DRA,Errachidia,Rural,Masculin,34,25-34,ANLCA,Niveau 1 (débutant),169,1,93.2
ALP503303,2022,Béni Mellal-Khénifra,BMK,El Kelaa des Sraghna,Rural,Féminin,57,50-64,Entreprise,Niveau 2 (intermédiaire),122,1,91.1
ALP503304,2015,Souss-Massa,SOU,Tata,Urbain,Féminin,59,50-64,ONG,Niveau 2 (intermédiaire),137,0,91.7
ALP503305,2020,Fès-Meknès,FES,Boulemane,Rural,Masculin,19,15-24,Association partenaire,Niveau 3 (avancé),185,1,79.3
ALP503306,2015,Marrakech-Safi,MAR,Chichaoua,Rural,Féminin,25,15-24,ONG,Niveau 1 (débutant),120,1,52.0
ALP503307,2015,Casablanca-Settat,CAS,Sidi Bennour,Urbain,Féminin,29,25-34,Entreprise,Niveau 1 (débutant),103,0,64.6
ALP503308,2015,Tanger-Tétouan-Al Hoceïma,TAN,Al Hoceïma,Urbain,Masculin,62,50-64,Mosquée,Niveau 1 (débutant),145,1,58.7
ALP503309,2022,Tanger-Tétouan-Al Hoceïma,TAN,Chefchaouen,Urbain,Féminin,27,25-34,ANLCA,Niveau 1 (débutant),99,1,50.6
ALP503310,2021,Fès-Meknès,FES,Fès,Rural,Féminin,29,25-34,Mosquée,Niveau 3 (avancé),195,1,58.1
ALP503311,2021,Casablanca-Settat,CAS,El Jadida,Rural,Masculin,48,35-49,Association partenaire,Niveau 2 (intermédiaire),179,0,100.0
ALP503312,2023,Oriental,ORI,Oujda-Angad,Rural,Féminin,26,25-34,Association partenaire,Niveau 2 (intermédiaire),190,1,63.4
ALP503313,2020,Marrakech-Safi,MAR,Marrakech,Rural,Féminin,37,35-49,Mosquée,Niveau 1 (débutant),182,1,77.5
ALP503314,2023,Drâa-Tafilalet,DRA,Zagora,Rural,Féminin,25,15-24,Mosquée,Niveau 2 (intermédiaire),59,1,95.3
ALP503315,2020,Béni Mellal-Khénifra,BMK,Béni Mellal,Rural,Féminin,32,25-34,Association partenaire,Niveau 1 (débutant),102,0,59.6
ALP503316,2021,Béni Mellal-Khénifra,BMK,Azilal,Rural,Féminin,30,25-34,ANLCA,Niveau 1 (débutant),168,1,33.3
ALP503317,2016,Casablanca-Settat,CAS,Sidi Bennour,Urbain,Féminin,60,50-64,Association partenaire,Niveau 3 (avancé),192,1,76.4
ALP503318,2023,Oriental,ORI,Oujda-Angad,Rural,Masculin,46,35-49,ANLCA,Niveau 1 (débutant),120,1,80.6
ALP503319,2020,Rabat-Salé-Kénitra,RAB,Khémisset,Urbain,Féminin,20,15-24,Association partenaire,Niveau 1 (débutant),172,0,98.5
ALP503320,2023,Rabat-Salé-Kénitra,RAB,Sidi Slimane,Urbain,Masculin,26,25-34,ANLCA,Niveau 1 (débutant),114,1,33.6
ALP503321,2021,Casablanca-Settat,CAS,Sidi Bennour,Rural,Masculin,37,35-49,ONG,Niveau 3 (avancé),57,1,58.0
ALP503322,2020,Tanger-Tétouan-Al Hoceïma,TAN,Fahs-Anjra,Rural,Féminin,52,50-64,Entreprise,Niveau 1 (débutant),136,0,55.2
ALP503323,2019,Guelmim-Oued Noun,GUE,Tan-Tan,Rural,Masculin,27,25-34,Mosquée,Niveau 3 (avancé),78,1,76.9
ALP503324,2018,Marrakech-Safi,MAR,Essaouira,Urbain,Féminin,42,35-49,Association partenaire,Niveau 1 (débutant),51,1,52.2
ALP503325,2016,Rabat-Salé-Kénitra,RAB,Khémisset,Urbain,Masculin,55,50-64,Mosquée,Niveau 2 (intermédiaire),79,1,87.3
ALP503326,2016,Fès-Meknès,FES,Taza,Rural,Féminin,42,35-49,Association partenaire,Niveau 2 (intermédiaire),88,0,83.2
ALP503327,2019,Oriental,ORI,Oujda-Angad,Rural,Masculin,38,35-49,Mosquée,Niveau 2 (intermédiaire),144,1,59.1
ALP503328,2018,Oriental,ORI,Taourirt,Rural,Féminin,22,15-24,Entreprise,Niveau 1 (débutant),70,1,77.7
ALP503329,2020,Laâyoune-Sakia El Hamra,LAA,Laâyoune,Urbain,Féminin,45,35-49,ANLCA,Niveau 1 (débutant),87,1,72.9
ALP503330,2023,Fès-Meknès,FES,Taza,Rural,Féminin,63,50-64,ANLCA,Niveau 2 (intermédiaire),182,1,39.1
ALP503331,2019,Fès-Meknès,FES,Meknès,Rural,Féminin,49,35-49,ANLCA,Niveau 2 (intermédiaire),117,1,66.0
ALP503332,2018,Souss-Massa,SOU,Inezgane-Ait Melloul,Rural,Féminin,54,50-64,Association partenaire,Niveau 3 (avancé),67,0,66.2
ALP503333,2021,Souss-Massa,SOU,Tata,Rural,Féminin,35,25-34,Association partenaire,Niveau 2 (intermédiaire),89,1,100.0
ALP503334,2021,Fès-Meknès,FES,Séfrou,Rural,Féminin,40,35-49,ONG,Niveau 1 (débutant),130,1,64.0
ALP503335,2021,Marrakech-Safi,MAR,Marrakech,Urbain,Féminin,46,35-49,ONG,Niveau 1 (débutant),178,0,56.2
ALP503336,2020,Casablanca-Settat,CAS,Sidi Bennour,Rural,Féminin,24,15-24,Entreprise,Niveau 3 (avancé),74,1,62.7
ALP503337,2020,Souss-Massa,SOU,Tiznit,Urbain,Féminin,51,50-64,Association partenaire,Niveau 2 (intermédiaire),81,1,82.8
ALP503338,2021,Marrakech-Safi,MAR,Al Haouz,Rural,Féminin,54,50-64,ANLCA,Niveau 2 (intermédiaire),72,0,71.6
ALP503339,2023,Marrakech-Safi,MAR,Safi,Rural,Masculin,44,35-49,ANLCA,Niveau 3 (avancé),64,1,41.0
ALP503340,2021,Rabat-Salé-Kénitra,RAB,Khémisset,Urbain,Féminin,52,50-64,ANLCA,Niveau 1 (débutant),187,0,74.3
ALP503341,2022,Casablanca-Settat,CAS,Mohammadia,Rural,Féminin,37,35-49,Association partenaire,Niveau 3 (avancé),87,1,72.1
ALP503342,2020,Fès-Meknès,FES,Taza,Rural,Féminin,39,35-49,Association partenaire,Niveau 2 (intermédiaire),45,1,63.8
ALP503343,2021,Tanger-Tétouan-Al Hoceïma,TAN,Larache,Urbain,Féminin,39,35-49,Association partenaire,Niveau 1 (débutant),136,0,45.6
ALP503344,2021,Souss-Massa,SOU,Chtouka-Ait Baha,Urbain,Féminin,47,35-49,Mosquée,Niveau 2 (intermédiaire),126,1,65.2
ALP503345,2016,Drâa-Tafilalet,DRA,Midelt,Urbain,Féminin,24,15-24,Mosquée,Niveau 3 (avancé),80,1,74.4
ALP503346,2021,Rabat-Salé-Kénitra,RAB,Kénitra,Urbain,Féminin,64,50-64,Association partenaire,Niveau 1 (débutant),45,1,78.5
ALP503347,2022,Casablanca-Settat,CAS,El Jadida,Urbain,Féminin,47,35-49,Association partenaire,Niveau 2 (intermédiaire),162,1,29.0
ALP503348,2016,Souss-Massa,SOU,Taroudannt,Rural,Masculin,64,50-64,Association partenaire,Niveau 2 (intermédiaire),101,1,96.4
ALP503349,2021,Casablanca-Settat,CAS,Khouribga,Rural,Masculin,36,35-49,ONG,Niveau 2 (intermédiaire),144,0,63.4
ALP503350,2016,Rabat-Salé-Kénitra,RAB,Kénitra,Rural,Masculin,40,35-49,Entreprise,Niveau 1 (débutant),128,1,50.8
ALP503351,2020,Rabat-Salé-Kénitra,RAB,Sidi Slimane,Urbain,Féminin,36,35-49,Association partenaire,Niveau 2 (intermédiaire),93,0,73.3
ALP503352,2016,Marrakech-Safi,MAR,Safi,Rural,Féminin,36,35-49,Entreprise,Niveau 2 (intermédiaire),193,1,89.1
ALP503353,2020,Oriental,ORI,Taourirt,Rural,Féminin,34,25-34,ONG,Niveau 1 (débutant),70,1,74.1
ALP503354,2015,Drâa-Tafilalet,DRA,Ouarzazate,Urbain,Féminin,45,35-49,ONG,Niveau 2 (intermédiaire),83,1,84.6
ALP503355,2019,Marrakech-Safi,MAR,Youssoufia,Urbain,Féminin,17,15-24,ONG,Niveau 3 (avancé),123,1,45.2
ALP503356,2022,Oriental,ORI,Guercif,Urbain,Féminin,41,35-49,Entreprise,Niveau 1 (débutant),99,1,43.2
ALP503357,2023,Souss-Massa,SOU,Taroudannt,Rural,Masculin,44,35-49,Mosquée,Niveau 3 (avancé),178,1,67.8
ALP503358,2017,Marrakech-Safi,MAR,Essaouira,Rural,Masculin,51,50-64,Entreprise,Niveau 2 (intermédiaire),114,1,36.5
ALP503359,2020,Fès-Meknès,FES,Taounate,Rural,Féminin,56,50-64,ONG,Niveau 1 (débutant),112,1,71.2
ALP503360,2021,Fès-Meknès,FES,El Hajeb,Urbain,Féminin,44,35-49,Association partenaire,Niveau 3 (avancé),76,0,60.2
ALP503361,2017,Fès-Meknès,FES,Meknès,Urbain,Féminin,26,25-34,Association partenaire,Niveau 2 (intermédiaire),98,1,84.0
ALP503362,2015,Laâyoune-Sakia El Hamra,LAA,Es-Semara,Urbain,Féminin,41,35-49,Association partenaire,Niveau 1 (débutant),71,0,54.3
ALP503363,2022,Casablanca-Settat,CAS,Casablanca,Rural,Féminin,39,35-49,Mosquée,Niveau 3 (avancé),193,0,72.7
ALP503364,2017,Rabat-Salé-Kénitra,RAB,Skhirate-Témara,Rural,Féminin,31,25-34,ANLCA,Niveau 3 (avancé),48,1,79.1
ALP503365,2022,Casablanca-Settat,CAS,Benslimane,Urbain,Féminin,63,50-64,ONG,Niveau 2 (intermédiaire),114,1,74.2
ALP503366,2019,Oriental,ORI,Berkane,Urbain,Féminin,23,15-24,Mosquée,Niveau 3 (avancé),174,1,100.0
ALP503367,2020,Drâa-Tafilalet,DRA,Zagora,Rural,Masculin,31,25-34,ANLCA,Niveau 2 (intermédiaire),42,1,72.7
ALP503368,2018,Fès-Meknès,FES,El Hajeb,Rural,Masculin,17,15-24,Association partenaire,Niveau 2 (intermédiaire),197,0,59.3
ALP503369,2017,Casablanca-Settat,CAS,Sidi Bennour,Rural,Féminin,64,50-64,ONG,Niveau 1 (débutant),163,1,93.3
ALP503370,2022,Oriental,ORI,Berkane,Urbain,Féminin,37,35-49,Association partenaire,Niveau 1 (débutant),94,1,46.9
ALP503371,2023,Casablanca-Settat,CAS,Khouribga,Rural,Féminin,35,25-34,ANLCA,Niveau 1 (débutant),49,1,75.7
ALP503372,2020,Rabat-Salé-Kénitra,RAB,Kénitra,Rural,Masculin,32,25-34,Mosquée,Niveau 3 (avancé),127,0,79.2
ALP503373,2016,Rabat-Salé-Kénitra,RAB,Khémisset,Rural,Féminin,18,15-24,ANLCA,Niveau 3 (avancé),43,0,51.6
ALP503374,2019,Marrakech-Safi,MAR,Chichaoua,Rural,Féminin,48,35-49,Association partenaire,Niveau 2 (intermédiaire),172,1,46.4
ALP503375,2016,Béni Mellal-Khénifra,BMK,Azilal,Rural,Féminin,26,25-34,ANLCA,Niveau 1 (débutant),124,1,75.7
ALP503376,2021,Rabat-Salé-Kénitra,RAB,Rabat,Rural,Féminin,52,50-64,Entreprise,Niveau 2 (intermédiaire),143,0,34.5
ALP503377,2021,Fès-Meknès,FES,Taza,Urbain,Féminin,55,50-64,ONG,Niveau 1 (débutant),176,1,30.0
ALP503378,2019,Drâa-Tafilalet,DRA,Midelt,Urbain,Masculin,35,25-34,Mosquée,Niveau 3 (avancé),133,1,61.4
ALP503379,2022,Rabat-Salé-Kénitra,RAB,Sidi Kacem,Urbain,Féminin,22,15-24,Mosquée,Niveau 2 (intermédiaire),115,1,59.2
ALP503380,2016,Casablanca-Settat,CAS,Berrechid,Rural,Féminin,49,35-49,ANLCA,Niveau 1 (débutant),62,1,69.6
ALP503381,2018,Marrakech-Safi,MAR,Marrakech,Rural,Masculin,26,25-34,Entreprise,Niveau 2 (intermédiaire),163,0,51.4
ALP503382,2022,Rabat-Salé-Kénitra,RAB,Sidi Kacem,Urbain,Féminin,64,50-64,ONG,Niveau 2 (intermédiaire),70,1,33.8
ALP503383,2022,Rabat-Salé-Kénitra,RAB,Salé,Rural,Féminin,21,15-24,Mosquée,Niveau 2 (intermédiaire),90,1,49.5
ALP503384,2016,Oriental,ORI,Guercif,Rural,Féminin,53,50-64,ANLCA,Niveau 1 (débutant),162,1,39.3
ALP503385,2016,Marrakech-Safi,MAR,Essaouira,Rural,Féminin,40,35-49,Association partenaire,Niveau 3 (avancé),86,0,79.0
ALP503386,2022,Marrakech-Safi,MAR,Safi,Rural,Féminin,47,35-49,ANLCA,Niveau 1 (débutant),46,1,61.3
ALP503387,2018,Marrakech-Safi,MAR,Chichaoua,Rural,Féminin,22,15-24,ANLCA,Niveau 3 (avancé),49,1,89.8
ALP503388,2018,Tanger-Tétouan-Al Hoceïma,TAN,Larache,Urbain,Féminin,15,,ANLCA,Niveau 3 (avancé),148,1,57.3
ALP503389,2022,Fès-Meknès,FES,Taza,Rural,Féminin,31,25-34,ANLCA,Niveau 1 (débutant),60,0,47.5
ALP503390,2020,Souss-Massa,SOU,Tata,Rural,Masculin,33,25-34,Association partenaire,Niveau 1 (débutant),121,1,72.7
ALP503391,2023,Béni Mellal-Khénifra,BMK,Béni Mellal,Rural,Féminin,58,50-64,ANLCA,Niveau 1 (débutant),42,0,59.5
ALP503392,2018,Oriental,ORI,Figuig,Rural,Féminin,16,15-24,Entreprise,Niveau 3 (avancé),199,0,71.1
ALP503393,2018,Tanger-Tétouan-Al Hoceïma,TAN,Chefchaouen,Rural,Masculin,48,35-49,Association partenaire,Niveau 2 (intermédiaire),99,1,46.9
ALP503394,2022,Souss-Massa,SOU,Chtouka-Ait Baha,Urbain,Masculin,48,35-49,ANLCA,Niveau 1 (débutant),180,1,62.7
ALP503395,2019,Casablanca-Settat,CAS,Mohammadia,Urbain,Féminin,16,15-24,Association partenaire,Niveau 2 (intermédiaire),126,1,67.2
ALP503396,2018,Casablanca-Settat,CAS,Benslimane,Rural,Féminin,42,35-49,Entreprise,Niveau 1 (débutant),167,1,45.6
ALP503397,2017,Dakhla-Oued Eddahab,DAK,Dakhla,Rural,Féminin,18,15-24,Entreprise,Niveau 2 (intermédiaire),154,1,63.1
ALP503398,2022,Rabat-Salé-Kénitra,RAB,Khémisset,Rural,Féminin,32,25-34,Association partenaire,Niveau 3 (avancé),98,0,74.9
ALP503399,2021,Fès-Meknès,FES,Meknès,Rural,Féminin,41,35-49,Association partenaire,Niveau 3 (avancé),126,1,60.3
ALP503400,2022,Casablanca-Settat,CAS,Settat,Rural,Masculin,51,50-64,ANLCA,Niveau 2 (intermédiaire),148,1,72.8
ALP503401,2017,Marrakech-Safi,MAR,Safi,Urbain,Féminin,48,35-49,Association partenaire,Niveau 1 (débutant),154,1,46.0
ALP503402,2023,Fès-Meknès,FES,El Hajeb,Rural,Féminin,51,50-64,ONG,Niveau 2 (intermédiaire),186,1,81.4
ALP503403,2016,Marrakech-Safi,MAR,Chichaoua,Rural,Féminin,25,15-24,Association partenaire,Niveau 1 (débutant),120,1,67.9
ALP503404,2017,Tanger-Tétouan-Al Hoceïma,TAN,Fahs-Anjra,Urbain,Masculin,19,15-24,Association partenaire,Niveau 3 (avancé),182,1,64.2
ALP503405,2019,Marrakech-Safi,MAR,Safi,Rural,Féminin,46,35-49,ANLCA,Niveau 2 (intermédiaire),121,1,72.4
ALP503406,2016,Rabat-Salé-Kénitra,RAB,Salé,Rural,Féminin,22,15-24,ANLCA,Niveau 2 (intermédiaire),134,0,62.0
ALP503407,2015,Tanger-Tétouan-Al Hoceïma,TAN,Larache,Rural,Féminin,63,50-64,ANLCA,Niveau 1 (débutant),127,0,48.1
ALP503408,2020,Tanger-Tétouan-Al Hoceïma,TAN,Chefchaouen,Urbain,Féminin,58,50-64,ANLCA,Niveau 2 (intermédiaire),40,1,88.3
ALP503409,2019,Casablanca-Settat,CAS,Mohammadia,Rural,Féminin,46,35-49,ANLCA,Niveau 3 (avancé),99,1,81.2
ALP503410,2023,Fès-Meknès,FES,Taounate,Urbain,Masculin,57,50-64,Entreprise,Niveau 1 (débutant),40,1,51.9
ALP503411,2018,Béni Mellal-Khénifra,BMK,Khouribga,Rural,Féminin,15,,Mosquée,Niveau 3 (avancé),123,1,83.8
ALP503412,2022,Rabat-Salé-Kénitra,RAB,Kénitra,Urbain,Féminin,39,35-49,ANLCA,Niveau 3 (avancé),40,0,32.2
ALP503413,2022,Oriental,ORI,Guercif,Urbain,Féminin,36,35-49,Association partenaire,Niveau 2 (intermédiaire),114,0,67.4
ALP503414,2018,Fès-Meknès,FES,Taza,Urbain,Féminin,45,35-49,Association partenaire,Niveau 1 (débutant),176,0,87.8
ALP503415,2021,Casablanca-Settat,CAS,Mohammadia,Urbain,Féminin,53,50-64,ONG,Niveau 2 (intermédiaire),60,1,73.4
ALP503416,2018,Oriental,ORI,Nador,Urbain,Masculin,60,50-64,Mosquée,Niveau 2 (intermédiaire),164,0,69.1
ALP503417,2017,Rabat-Salé-Kénitra,RAB,Rabat,Urbain,Féminin,41,35-49,ANLCA,Niveau 1 (débutant),75,0,67.2
ALP503418,2018,Rabat-Salé-Kénitra,RAB,Salé,Rural,Masculin,40,35-49,ONG,Niveau 3 (avancé),117,1,22.4
ALP503419,2022,Casablanca-Settat,CAS,Benslimane,Urbain,Féminin,54,50-64,ANLCA,Niveau 3 (avancé),194,1,71.2
ALP503420,2020,Drâa-Tafilalet,DRA,Tinghir,Rural,Masculin,21,15-24,Association partenaire,Niveau 3 (avancé),176,1,42.6
ALP503421,2017,Marrakech-Safi,MAR,Chichaoua,Rural,Masculin,58,50-64,ONG,Niveau 3 (avancé),145,1,71.9
ALP503422,2015,Souss-Massa,SOU,Tata,Rural,Masculin,17,15-24,Entreprise,Niveau 1 (débutant),75,1,58.7
ALP503423,2020,Casablanca-Settat,CAS,Berrechid,Urbain,Masculin,23,15-24,Association partenaire,Niveau 1 (débutant),55,1,76.8
ALP503424,2017,Oriental,ORI,Guercif,Urbain,Féminin,40,35-49,Association partenaire,Niveau 3 (avancé),181,1,62.4
ALP503425,2023,Drâa-Tafilalet,DRA,Tinghir,Rural,Féminin,54,50-64,Association partenaire,Niveau 3 (avancé),122,1,74.4
ALP503426,2018,Souss-Massa,SOU,Taroudannt,Rural,Féminin,64,50-64,Association partenaire,Niveau 2 (intermédiaire),153,1,65.9
ALP503427,2019,Souss-Massa,SOU,Tiznit,Rural,Féminin,60,50-64,Entreprise,Niveau 2 (intermédiaire),97,1,77.4
ALP503428,2022,Marrakech-Safi,MAR,El Kelaa des Sraghna,Rural,Féminin,33,25-34,Association partenaire,Niveau 2 (intermédiaire),157,1,69.8
ALP503429,2017,Oriental,ORI,Driouch,Rural,Masculin,46,35-49,ONG,Niveau 2 (intermédiaire),87,0,65.9
ALP503430,2021,Casablanca-Settat,CAS,Benslimane,Rural,Féminin,19,15-24,Entreprise,Niveau 1 (débutant),61,1,72.0
ALP503431,2015,Tanger-Tétouan-Al Hoceïma,TAN,Fahs-Anjra,Urbain,Féminin,19,15-24,ANLCA,Niveau 2 (intermédiaire),161,0,27.8
ALP503432,2021,Béni Mellal-Khénifra,BMK,Béni Mellal,Rural,Féminin,26,25-34,ANLCA,Niveau 3 (avancé),57,0,71.7
ALP503433,2019,Souss-Massa,SOU,Tiznit,Urbain,Masculin,62,50-64,ONG,Niveau 1 (débutant),67,1,49.5
ALP503434,2017,Casablanca-Settat,CAS,Benslimane,Urbain,Féminin,64,50-64,ONG,Niveau 1 (débutant),87,1,98.2
ALP503435,2021,Béni Mellal-Khénifra,BMK,Khouribga,Urbain,Féminin,31,25-34,ONG,Niveau 1 (débutant),136,1,52.5
ALP503436,2023,Guelmim-Oued Noun,GUE,Guelmim,Urbain,Féminin,40,35-49,Entreprise,Niveau 3 (avancé),135,1,83.4
ALP503437,2015,Casablanca-Settat,CAS,Khouribga,Rural,Féminin,61,50-64,Entreprise,Niveau 3 (avancé),68,0,41.6
ALP503438,2022,Souss-Massa,SOU,Inezgane-Ait Melloul,Rural,Masculin,39,35-49,Association partenaire,Niveau 2 (intermédiaire),171,0,53.6
ALP503439,2017,Fès-Meknès,FES,Moulay Yacoub,Rural,Féminin,34,25-34,Association partenaire,Niveau 1 (débutant),130,1,94.1
ALP503440,2016,Rabat-Salé-Kénitra,RAB,Sidi Slimane,Urbain,Féminin,52,50-64,Association partenaire,Niveau 3 (avancé),100,0,56.9
ALP503441,2015,Souss-Massa,SOU,Agadir-Ida-Ou-Tanane,Rural,Féminin,29,25-34,Association partenaire,Niveau 2 (intermédiaire),82,1,68.7
ALP503442,2021,Marrakech-Safi,MAR,El Kelaa des Sraghna,Urbain,Masculin,24,15-24,Association partenaire,Niveau 2 (intermédiaire),196,0,70.0
ALP503443,2015,Marrakech-Safi,MAR,Essaouira,Urbain,Féminin,44,35-49,ANLCA,Niveau 1 (débutant),52,1,53.4
ALP503444,2023,Casablanca-Settat,CAS,Settat,Rural,Féminin,57,50-64,ANLCA,Niveau 2 (intermédiaire),141,0,66.1
ALP503445,2021,Rabat-Salé-Kénitra,RAB,Skhirate-Témara,Urbain,Féminin,21,15-24,Association partenaire,Niveau 1 (débutant),183,1,50.4
ALP503446,2017,Béni Mellal-Khénifra,BMK,El Kelaa des Sraghna,Urbain,Féminin,32,25-34,ANLCA,Niveau 1 (débutant),72,0,34.8
ALP503447,2021,Casablanca-Settat,CAS,El Jadida,Urbain,Féminin,32,25-34,Association partenaire,Niveau 2 (intermédiaire),161,1,52.6
ALP503448,2023,Casablanca-Settat,CAS,El Jadida,Urbain,Masculin,29,25-34,ANLCA,Niveau 2 (intermédiaire),169,0,33.4
ALP503449,2019,Tanger-Tétouan-Al Hoceïma,TAN,Chefchaouen,Rural,Masculin,58,50-64,ONG,Niveau 2 (intermédiaire),160,1,66.6
ALP503450,2023,Béni Mellal-Khénifra,BMK,El Kelaa des Sraghna,Urbain,Féminin,43,35-49,Association partenaire,Niveau 1 (débutant),42,1,81.6
ALP503451,2017,Fès-Meknès,FES,Meknès,Rural,Masculin,25,15-24,ONG,Niveau 3 (avancé),149,1,70.0
ALP503452,2015,Rabat-Salé-Kénitra,RAB,Skhirate-Témara,Rural,Féminin,20,15-24,Entreprise,Niveau 2 (intermédiaire),130,1,66.7
ALP503453,2016,Marrakech-Safi,MAR,El Kelaa des Sraghna,Urbain,Féminin,51,50-64,ANLCA,Niveau 2 (intermédiaire),177,1,100.0
ALP503454,2021,Marrakech-Safi,MAR,Safi,Rural,Féminin,43,35-49,ONG,Niveau 1 (débutant),99,1,65.5
ALP503455,2023,Dakhla-Oued Eddahab,DAK,Dakhla,Rural,Féminin,34,25-34,Association partenaire,Niveau 2 (intermédiaire),103,1,68.3
ALP503456,2021,Béni Mellal-Khénifra,BMK,Béni Mellal,Rural,Masculin,32,25-34,Mosquée,Niveau 1 (débutant),56,0,64.0
ALP503457,2015,Casablanca-Settat,CAS,Mohammadia,Urbain,Masculin,58,50-64,Association partenaire,Niveau 3 (avancé),52,0,68.7
ALP503458,2016,Casablanca-Settat,CAS,El Jadida,Urbain,Féminin,33,25-34,Association partenaire,Niveau 1 (débutant),172,1,19.3
ALP503459,2017,Rabat-Salé-Kénitra,RAB,Skhirate-Témara,Rural,Féminin,62,50-64,ONG,Niveau 2 (intermédiaire),171,1,55.5
ALP503460,2019,Marrakech-Safi,MAR,El Kelaa des Sraghna,Rural,Féminin,49,35-49,ANLCA,Niveau 3 (avancé),53,1,79.7
ALP503461,2020,Béni Mellal-Khénifra,BMK,Azilal,Rural,Féminin,42,35-49,Association partenaire,Niveau 2 (intermédiaire),186,1,59.0
ALP503462,2022,Casablanca-Settat,CAS,Casablanca,Urbain,Féminin,18,15-24,Association partenaire,Niveau 1 (débutant),50,0,89.9
ALP503463,2015,Casablanca-Settat,CAS,Mohammadia,Urbain,Masculin,64,50-64,Mosquée,Niveau 3 (avancé),169,0,89.2
ALP503464,2016,Casablanca-Settat,CAS,Sidi Bennour,Urbain,Féminin,44,35-49,Association partenaire,Niveau 2 (intermédiaire),69,1,69.4
ALP503465,2019,Casablanca-Settat,CAS,Benslimane,Rural,Masculin,28,25-34,ANLCA,Niveau 3 (avancé),91,1,73.5
ALP503466,2020,Casablanca-Settat,CAS,Settat,Urbain,Féminin,40,35-49,ANLCA,Niveau 3 (avancé),144,1,95.5
ALP503467,2020,Oriental,ORI,Berkane,Rural,Féminin,38,35-49,Entreprise,Niveau 2 (intermédiaire),86,1,60.4
ALP503468,2021,Souss-Massa,SOU,Tiznit,Rural,Féminin,48,35-49,Association partenaire,Niveau 2 (intermédiaire),55,1,68.4
ALP503469,2021,Béni Mellal-Khénifra,BMK,Béni Mellal,Rural,Féminin,56,50-64,ANLCA,Niveau 3 (avancé),79,0,75.8
ALP503470,2016,Rabat-Salé-Kénitra,RAB,Sidi Kacem,Urbain,Féminin,60,50-64,Association partenaire,Niveau 2 (intermédiaire),158,0,89.4
ALP503471,2017,Rabat-Salé-Kénitra,RAB,Khémisset,Rural,Féminin,25,15-24,Mosquée,Niveau 1 (débutant),184,0,34.6
ALP503472,2015,Casablanca-Settat,CAS,Benslimane,Rural,Masculin,26,25-34,ANLCA,Niveau 1 (débutant),165,1,65.9
ALP503473,2020,Fès-Meknès,FES,Boulemane,Urbain,Féminin,39,35-49,ONG,Niveau 1 (débutant),156,0,77.6
ALP503474,2016,Fès-Meknès,FES,Moulay Yacoub,Rural,Masculin,58,50-64,ANLCA,Niveau 3 (avancé),157,1,74.1
ALP503475,2016,Rabat-Salé-Kénitra,RAB,Sidi Slimane,Urbain,Masculin,22,15-24,ANLCA,Niveau 2 (intermédiaire),169,0,77.5
ALP503476,2018,Fès-Meknès,FES,Fès,Rural,Féminin,57,50-64,Entreprise,Niveau 2 (intermédiaire),143,0,69.4
ALP503477,2021,Oriental,ORI,Figuig,Rural,Féminin,49,35-49,Mosquée,Niveau 2 (intermédiaire),76,0,100.0
ALP503478,2021,Oriental,ORI,Figuig,Urbain,Masculin,25,15-24,Entreprise,Niveau 3 (avancé),170,1,68.2
ALP503479,2016,Casablanca-Settat,CAS,Settat,Rural,Féminin,63,50-64,Mosquée,Niveau 1 (débutant),178,1,82.1
ALP503480,2021,Marrakech-Safi,MAR,Youssoufia,Urbain,Féminin,19,15-24,Association partenaire,Niveau 1 (débutant),191,1,81.1
ALP503481,2018,Casablanca-Settat,CAS,Benslimane,Urbain,Masculin,54,50-64,ANLCA,Niveau 1 (débutant),192,0,64.2
ALP503482,2021,Marrakech-Safi,MAR,Marrakech,Rural,Féminin,24,15-24,ANLCA,Niveau 2 (intermédiaire),83,1,38.3
ALP503483,2016,Casablanca-Settat,CAS,Benslimane,Rural,Féminin,22,15-24,ONG,Niveau 1 (débutant),64,1,63.1
ALP503484,2019,Marrakech-Safi,MAR,Youssoufia,Rural,Féminin,46,35-49,ANLCA,Niveau 2 (intermédiaire),70,0,56.9
ALP503485,2018,Drâa-Tafilalet,DRA,Ouarzazate,Rural,Féminin,29,25-34,ONG,Niveau 2 (intermédiaire),107,1,50.0
ALP503486,2023,Fès-Meknès,FES,Ifrane,Rural,Masculin,55,50-64,Mosquée,Niveau 1 (débutant),61,0,86.6
ALP503487,2020,Fès-Meknès,FES,Boulemane,Rural,Féminin,32,25-34,Association partenaire,Niveau 2 (intermédiaire),44,1,43.2
ALP503488,2019,Casablanca-Settat,CAS,Casablanca,Urbain,Féminin,27,25-34,ANLCA,Niveau 1 (débutant),120,1,67.8
ALP503489,2023,Casablanca-Settat,CAS,Benslimane,Urbain,Féminin,30,25-34,Entreprise,Niveau 2 (intermédiaire),167,0,55.6
ALP503490,2022,Casablanca-Settat,CAS,Settat,Rural,Féminin,42,35-49,ANLCA,Niveau 2 (intermédiaire),99,1,67.1
ALP503491,2017,Casablanca-Settat,CAS,Khouribga,Rural,Masculin,33,25-34,ONG,Niveau 1 (débutant),140,0,67.5
ALP503492,2019,Casablanca-Settat,CAS,Benslimane,Rural,Féminin,20,15-24,Entreprise,Niveau 2 (intermédiaire),92,1,41.1
ALP503493,2020,Guelmim-Oued Noun,GUE,Sidi Ifni,Rural,Féminin,25,15-24,Mosquée,Niveau 3 (avancé),165,1,49.8
ALP503494,2020,Rabat-Salé-Kénitra,RAB,Salé,Urbain,Féminin,49,35-49,ANLCA,Niveau 2 (intermédiaire),40,1,80.0
ALP503495,2022,Marrakech-Safi,MAR,Essaouira,Urbain,Féminin,27,25-34,ANLCA,Niveau 3 (avancé),121,1,54.3
ALP503496,2015,Casablanca-Settat,CAS,Khouribga,Rural,Masculin,28,25-34,Association partenaire,Niveau 2 (intermédiaire),125,1,86.0
ALP503497,2019,Marrakech-Safi,MAR,Chichaoua,Urbain,Masculin,16,15-24,Association partenaire,Niveau 2 (intermédiaire),136,1,54.0
ALP503498,2023,Fès-Meknès,FES,Moulay Yacoub,Rural,Féminin,51,50-64,Mosquée,Niveau 3 (avancé),77,1,68.9
ALP503499,2016,Tanger-Tétouan-Al Hoceïma,TAN,Chefchaouen,Urbain,Féminin,30,25-34,ANLCA,Niveau 2 (intermédiaire),87,1,70.8
ALP503500,2018,Béni Mellal-Khénifra,BMK,Azilal,Rural,Féminin,16,15-24,Association partenaire,Niveau 1 (débutant),68,0,70.9
ALP503501,2018,Casablanca-Settat,CAS,Berrechid,Rural,Féminin,54,50-64,Entreprise,Niveau 3 (avancé),84,1,72.7
ALP503502,2018,Oriental,ORI,Nador,Rural,Féminin,24,15-24,Association partenaire,Niveau 3 (avancé),126,0,83.7
ALP503503,2018,Drâa-Tafilalet,DRA,Tinghir,Rural,Féminin,27,25-34,Association partenaire,Niveau 1 (débutant),53,1,84.2
ALP503504,2018,Oriental,ORI,Jerada,Rural,Féminin,33,25-34,Entreprise,Niveau 2 (intermédiaire),146,0,64.9
ALP503505,2019,Rabat-Salé-Kénitra,RAB,Khémisset,Urbain,Féminin,46,35-49,ANLCA,Niveau 1 (débutant),171,1,71.5
ALP503506,2015,Rabat-Salé-Kénitra,RAB,Rabat,Urbain,Féminin,16,15-24,ANLCA,Niveau 1 (débutant),185,0,69.9
ALP503507,2023,Rabat-Salé-Kénitra,RAB,Rabat,Urbain,Féminin,34,25-34,ANLCA,Niveau 1 (débutant),91,0,77.6
ALP503508,2015,Fès-Meknès,FES,Séfrou,Urbain,Masculin,23,15-24,Mosquée,Niveau 2 (intermédiaire),160,1,79.3
ALP503509,2020,Marrakech-Safi,MAR,Marrakech,Rural,Féminin,30,25-34,ONG,Niveau 3 (avancé),113,1,49.3
ALP503510,2016,Fès-Meknès,FES,Fès,Urbain,Féminin,21,15-24,Mosquée,Niveau 2 (intermédiaire),151,1,45.6
ALP503511,2020,Guelmim-Oued Noun,GUE,Assa-Zag,Rural,Masculin,28,25-34,Association partenaire,Niveau 2 (intermédiaire),127,1,62.6
ALP503512,2021,Oriental,ORI,Nador,Rural,Féminin,40,35-49,Mosquée,Niveau 1 (débutant),154,1,56.3
ALP503513,2016,Casablanca-Settat,CAS,Sidi Bennour,Rural,Féminin,62,50-64,Association partenaire,Niveau 3 (avancé),51,1,70.9
ALP503514,2020,Rabat-Salé-Kénitra,RAB,Salé,Urbain,Féminin,42,35-49,Entreprise,Niveau 3 (avancé),88,0,52.7
ALP503515,2016,Marrakech-Safi,MAR,Marrakech,Rural,Masculin,52,50-64,ANLCA,Niveau 2 (intermédiaire),182,1,68.1
ALP503516,2021,Tanger-Tétouan-Al Hoceïma,TAN,Fahs-Anjra,Rural,Masculin,22,15-24,ANLCA,Niveau 3 (avancé),116,1,70.9
ALP503517,2019,Béni Mellal-Khénifra,BMK,Khouribga,Urbain,Féminin,36,35-49,Mosquée,Niveau 3 (avancé),184,1,48.6
ALP503518,2018,Fès-Meknès,FES,Séfrou,Urbain,Féminin,24,15-24,ANLCA,Niveau 2 (intermédiaire),178,0,17.3
ALP503519,2022,Casablanca-Settat,CAS,El Jadida,Rural,Féminin,58,50-64,Association partenaire,Niveau 2 (intermédiaire),116,1,31.6
ALP503520,2016,Oriental,ORI,Driouch,Rural,Masculin,44,35-49,ANLCA,Niveau 1 (débutant),115,1,69.3
ALP503521,2015,Béni Mellal-Khénifra,BMK,Fquih Ben Salah,Rural,Masculin,46,35-49,ONG,Niveau 3 (avancé),139,1,73.2
ALP503522,2016,Tanger-Tétouan-Al Hoceïma,TAN,Mdiq-Fnideq,Rural,Féminin,26,25-34,Association partenaire,Niveau 1 (débutant),105,1,41.3
ALP503523,2022,Fès-Meknès,FES,Boulemane,Rural,Féminin,60,50-64,ANLCA,Niveau 1 (débutant),191,1,57.7
ALP503524,2017,Rabat-Salé-Kénitra,RAB,Sidi Slimane,Rural,Masculin,23,15-24,ANLCA,Niveau 1 (débutant),151,0,97.5
ALP503525,2023,Casablanca-Settat,CAS,Khouribga,Rural,Féminin,59,50-64,Mosquée,Niveau 3 (avancé),123,0,67.9
ALP503526,2016,Marrakech-Safi,MAR,Safi,Rural,Masculin,28,25-34,ANLCA,Niveau 2 (intermédiaire),118,1,82.1
ALP503527,2018,Tanger-Tétouan-Al Hoceïma,TAN,Fahs-Anjra,Rural,Féminin,45,35-49,ANLCA,Niveau 1 (débutant),103,0,53.1
ALP503528,2022,Rabat-Salé-Kénitra,RAB,Khémisset,Rural,Masculin,21,15-24,ONG,Niveau 3 (avancé),189,1,34.9
ALP503529,2022,Casablanca-Settat,CAS,Khouribga,Urbain,Masculin,59,50-64,Mosquée,Niveau 3 (avancé),143,1,69.8
ALP503530,2023,Tanger-Tétouan-Al Hoceïma,TAN,Mdiq-Fnideq,Urbain,Masculin,30,25-34,Association partenaire,Niveau 2 (intermédiaire),62,1,45.0
ALP503531,2020,Casablanca-Settat,CAS,Mohammadia,Rural,Féminin,22,15-24,Mosquée,Niveau 2 (intermédiaire),81,0,79.1
ALP503532,2015,Souss-Massa,SOU,Agadir-Ida-Ou-Tanane,Urbain,Masculin,38,35-49,ONG,Niveau 3 (avancé),52,1,46.8
ALP503533,2019,Tanger-Tétouan-Al Hoceïma,TAN,Al Hoceïma,Urbain,Féminin,59,50-64,ANLCA,Niveau 1 (débutant),84,0,46.4
ALP503534,2017,Fès-Meknès,FES,Fès,Urbain,Masculin,41,35-49,Association partenaire,Niveau 3 (avancé),47,1,68.4
ALP503535,2021,Fès-Meknès,FES,Boulemane,Urbain,Féminin,59,50-64,Association partenaire,Niveau 2 (intermédiaire),114,0,59.4
ALP503536,2019,Tanger-Tétouan-Al Hoceïma,TAN,Tanger-Assilah,Urbain,Féminin,43,35-49,Association partenaire,Niveau 3 (avancé),188,1,53.7
ALP503537,2022,Béni Mellal-Khénifra,BMK,Azilal,Rural,Féminin,46,35-49,ONG,Niveau 3 (avancé),153,0,66.6
ALP503538,2015,Rabat-Salé-Kénitra,RAB,Khémisset,Rural,Féminin,42,35-49,Entreprise,Niveau 2 (intermédiaire),156,1,62.7
ALP503539,2023,Tanger-Tétouan-Al Hoceïma,TAN,Chefchaouen,Rural,Féminin,38,35-49,Association partenaire,Niveau 2 (intermédiaire),166,0,56.5
ALP503540,2017,Rabat-Salé-Kénitra,RAB,Sidi Kacem,Urbain,Masculin,60,50-64,ANLCA,Niveau 3 (avancé),156,0,54.2
ALP503541,2020,Casablanca-Settat,CAS,Benslimane,Rural,Féminin,56,50-64,ANLCA,Niveau 3 (avancé),151,1,88.8
ALP503542,2023,Oriental,ORI,Nador,Rural,Féminin,22,15-24,ANLCA,Niveau 3 (avancé),62,1,54.1
ALP503543,2015,Casablanca-Settat,CAS,Mohammadia,Urbain,Féminin,41,35-49,ANLCA,Niveau 3 (avancé),93,0,71.4
ALP503544,2019,Rabat-Salé-Kénitra,RAB,Sidi Kacem,Rural,Féminin,43,35-49,ONG,Niveau 2 (intermédiaire),58,1,53.9
ALP503545,2018,Oriental,ORI,Figuig,Rural,Masculin,15,,Association partenaire,Niveau 1 (débutant),187,1,69.0
ALP503546,2021,Tanger-Tétouan-Al Hoceïma,TAN,Fahs-Anjra,Urbain,Féminin,37,35-49,ANLCA,Niveau 1 (débutant),162,1,14.5
ALP503547,2016,Oriental,ORI,Berkane,Rural,Féminin,35,25-34,ONG,Niveau 2 (intermédiaire),162,1,54.5
ALP503548,2021,Béni Mellal-Khénifra,BMK,Béni Mellal,Urbain,Féminin,49,35-49,ANLCA,Niveau 3 (avancé),132,1,49.9
ALP503549,2018,Guelmim-Oued Noun,GUE,Guelmim,Rural,Féminin,28,25-34,ANLCA,Niveau 1 (débutant),58,1,84.0
ALP503550,2019,Tanger-Tétouan-Al Hoceïma,TAN,Al Hoceïma,Urbain,Féminin,15,,Association partenaire,Niveau 3 (avancé),160,1,68.6
ALP503551,2023,Béni Mellal-Khénifra,BMK,El Kelaa des Sraghna,Rural,Féminin,23,15-24,Association partenaire,Niveau 2 (intermédiaire),50,0,65.3
ALP503552,2021,Souss-Massa,SOU,Agadir-Ida-Ou-Tanane,Urbain,Féminin,50,35-49,Mosquée,Niveau 1 (débutant),67,1,71.7
ALP503553,2016,Casablanca-Settat,CAS,Sidi Bennour,Rural,Masculin,39,35-49,ANLCA,Niveau 1 (débutant),197,1,80.7
ALP503554,2019,Casablanca-Settat,CAS,Sidi Bennour,Rural,Féminin,39,35-49,Association partenaire,Niveau 2 (intermédiaire),160,0,89.2
ALP503555,2023,Béni Mellal-Khénifra,BMK,El Kelaa des Sraghna,Rural,Féminin,30,25-34,ANLCA,Niveau 2 (intermédiaire),148,1,58.9
ALP503556,2018,Casablanca-Settat,CAS,Casablanca,Rural,Féminin,30,25-34,ANLCA,Niveau 2 (intermédiaire),57,0,46.2
ALP503557,2022,Marrakech-Safi,MAR,Youssoufia,Rural,Féminin,25,15-24,ONG,Niveau 2 (intermédiaire),93,1,82.6
ALP503558,2021,Marrakech-Safi,MAR,Safi,Urbain,Féminin,46,35-49,Association partenaire,Niveau 2 (intermédiaire),108,1,60.5
ALP503559,2020,Béni Mellal-Khénifra,BMK,Azilal,Rural,Masculin,31,25-34,ANLCA,Niveau 1 (débutant),64,1,64.6
ALP503560,2015,Béni Mellal-Khénifra,BMK,Azilal,Rural,Féminin,45,35-49,ONG,Niveau 2 (intermédiaire),56,1,28.1
ALP503561,2022,Dakhla-Oued Eddahab,DAK,Aousserd,Rural,Féminin,32,25-34,ONG,Niveau 3 (avancé),101,1,89.9
ALP503562,2023,Drâa-Tafilalet,DRA,Midelt,Rural,Féminin,20,15-24,Mosquée,Niveau 2 (intermédiaire),197,1,35.2
ALP503563,2020,Casablanca-Settat,CAS,Settat,Rural,Féminin,26,25-34,ANLCA,Niveau 2 (intermédiaire),109,1,88.0
ALP503564,2021,Souss-Massa,SOU,Taroudannt,Urbain,Féminin,32,25-34,ANLCA,Niveau 3 (avancé),80,0,70.8
ALP503565,2016,Rabat-Salé-Kénitra,RAB,Sidi Slimane,Urbain,Féminin,36,35-49,Association partenaire,Niveau 1 (débutant),142,0,59.4
ALP503566,2023,Casablanca-Settat,CAS,Berrechid,Rural,Féminin,51,50-64,ANLCA,Niveau 1 (débutant),167,1,62.9
ALP503567,2021,Marrakech-Safi,MAR,Chichaoua,Rural,Féminin,29,25-34,Association partenaire,Niveau 2 (intermédiaire),45,0,56.3
ALP503568,2016,Tanger-Tétouan-Al Hoceïma,TAN,Al Hoceïma,Rural,Féminin,18,15-24,ANLCA,Niveau 2 (intermédiaire),129,0,78.3
ALP503569,2021,Souss-Massa,SOU,Tiznit,Rural,Masculin,29,25-34,ANLCA,Niveau 2 (intermédiaire),132,1,60.2
ALP503570,2018,Souss-Massa,SOU,Agadir-Ida-Ou-Tanane,Urbain,Féminin,40,35-49,Association partenaire,Niveau 1 (débutant),183,1,69.9
ALP503571,2023,Tanger-Tétouan-Al Hoceïma,TAN,Fahs-Anjra,Urbain,Féminin,63,50-64,ANLCA,Niveau 2 (intermédiaire),118,1,44.6
ALP503572,2023,Rabat-Salé-Kénitra,RAB,Salé,Rural,Féminin,52,50-64,ANLCA,Niveau 1 (débutant),45,1,51.3
ALP503573,2021,Casablanca-Settat,CAS,Benslimane,Rural,Masculin,28,25-34,ANLCA,Niveau 1 (débutant),125,1,67.9
ALP503574,2015,Rabat-Salé-Kénitra,RAB,Khémisset,Rural,Féminin,18,15-24,ANLCA,Niveau 1 (débutant),45,1,88.2
ALP503575,2022,Casablanca-Settat,CAS,Khouribga,Rural,Féminin,36,35-49,Entreprise,Niveau 1 (débutant),140,1,77.1
ALP503576,2023,Marrakech-Safi,MAR,Al Haouz,Rural,Féminin,21,15-24,Mosquée,Niveau 3 (avancé),55,1,64.1
ALP503577,2021,Drâa-Tafilalet,DRA,Tinghir,Rural,Féminin,52,50-64,Association partenaire,Niveau 2 (intermédiaire),129,1,63.0
ALP503578,2017,Casablanca-Settat,CAS,Berrechid,Urbain,Féminin,49,35-49,ANLCA,Niveau 2 (intermédiaire),59,0,56.3
ALP503579,2018,Casablanca-Settat,CAS,Khouribga,Rural,Féminin,47,35-49,ANLCA,Niveau 1 (débutant),155,1,58.9
ALP503580,2022,Casablanca-Settat,CAS,Casablanca,Rural,Féminin,60,50-64,ANLCA,Niveau 2 (intermédiaire),124,1,43.6
ALP503581,2016,Oriental,ORI,Taourirt,Rural,Féminin,50,35-49,Association partenaire,Niveau 1 (débutant),153,0,50.7
ALP503582,2020,Marrakech-Safi,MAR,Safi,Urbain,Féminin,47,35-49,Association partenaire,Niveau 3 (avancé),165,1,77.4
ALP503583,2017,Tanger-Tétouan-Al Hoceïma,TAN,Ouazzane,Rural,Féminin,39,35-49,Association partenaire,Niveau 1 (débutant),107,1,69.5
ALP503584,2015,Béni Mellal-Khénifra,BMK,El Kelaa des Sraghna,Urbain,Féminin,45,35-49,Association partenaire,Niveau 1 (débutant),113,0,58.9
ALP503585,2015,Rabat-Salé-Kénitra,RAB,Rabat,Rural,Féminin,20,15-24,Entreprise,Niveau 1 (débutant),67,1,67.6
ALP503586,2019,Casablanca-Settat,CAS,El Jadida,Rural,Féminin,19,15-24,ANLCA,Niveau 1 (débutant),141,1,26.0
ALP503587,2016,Marrakech-Safi,MAR,Essaouira,Rural,Masculin,35,25-34,Entreprise,Niveau 3 (avancé),196,0,41.3
ALP503588,2022,Casablanca-Settat,CAS,Berrechid,Rural,Féminin,61,50-64,ANLCA,Niveau 3 (avancé),174,1,72.6
ALP503589,2017,Casablanca-Settat,CAS,Casablanca,Urbain,Féminin,58,50-64,ONG,Niveau 3 (avancé),178,0,63.1
ALP503590,2016,Rabat-Salé-Kénitra,RAB,Khémisset,Urbain,Masculin,23,15-24,ANLCA,Niveau 1 (débutant),68,0,60.2
ALP503591,2021,Tanger-Tétouan-Al Hoceïma,TAN,Fahs-Anjra,Rural,Féminin,51,50-64,Association partenaire,Niveau 2 (intermédiaire),62,1,43.5
ALP503592,2017,Rabat-Salé-Kénitra,RAB,Skhirate-Témara,Rural,Féminin,57,50-64,Entreprise,Niveau 3 (avancé),95,1,57.9
ALP503593,2017,Tanger-Tétouan-Al Hoceïma,TAN,Chefchaouen,Rural,Féminin,59,50-64,ONG,Niveau 1 (débutant),184,1,80.1
ALP503594,2015,Rabat-Salé-Kénitra,RAB,Salé,Urbain,Féminin,41,35-49,Mosquée,Niveau 3 (avancé),177,1,57.7
ALP503595,2016,Souss-Massa,SOU,Chtouka-Ait Baha,Rural,Masculin,54,50-64,ANLCA,Niveau 2 (intermédiaire),41,0,69.8
ALP503596,2016,Casablanca-Settat,CAS,Settat,Rural,Féminin,55,50-64,ANLCA,Niveau 1 (débutant),174,1,100.0
ALP503597,2018,Rabat-Salé-Kénitra,RAB,Sidi Slimane,Urbain,Masculin,61,50-64,Association partenaire,Niveau 1 (débutant),136,0,56.8
ALP503598,2017,Casablanca-Settat,CAS,Mohammadia,Urbain,Féminin,52,50-64,Association partenaire,Niveau 2 (intermédiaire),83,0,80.9
ALP503599,2022,Drâa-Tafilalet,DRA,Ouarzazate,Rural,Féminin,29,25-34,ANLCA,Niveau 1 (débutant),173,0,79.4
ALP503600,2023,Marrakech-Safi,MAR,Safi,Rural,Féminin,56,50-64,Association partenaire,Niveau 3 (avancé),162,1,45.0
ALP503601,2022,Fès-Meknès,FES,Séfrou,Rural,Féminin,19,15-24,Association partenaire,Niveau 2 (intermédiaire),143,1,68.5
ALP503602,2019,Souss-Massa,SOU,Tata,Rural,Féminin,58,50-64,ANLCA,Niveau 3 (avancé),63,1,48.6
ALP503603,2019,Laâyoune-Sakia El Hamra,LAA,Es-Semara,Rural,Féminin,31,25-34,ONG,Niveau 1 (débutant),124,0,55.9
ALP503604,2020,Marrakech-Safi,MAR,Safi,Rural,Féminin,20,15-24,Entreprise,Niveau 1 (débutant),158,1,74.9
ALP503605,2020,Drâa-Tafilalet,DRA,Midelt,Urbain,Féminin,16,15-24,ANLCA,Niveau 1 (débutant),98,1,30.8
ALP503606,2016,Rabat-Salé-Kénitra,RAB,Sidi Slimane,Rural,Féminin,47,35-49,ANLCA,Niveau 2 (intermédiaire),102,1,57.6
ALP503607,2023,Oriental,ORI,Figuig,Rural,Féminin,40,35-49,Association partenaire,Niveau 2 (intermédiaire),91,0,59.6
ALP503608,2020,Tanger-Tétouan-Al Hoceïma,TAN,Mdiq-Fnideq,Rural,Masculin,29,25-34,Association partenaire,Niveau 2 (intermédiaire),114,1,61.8
ALP503609,2015,Souss-Massa,SOU,Taroudannt,Rural,Féminin,40,35-49,Entreprise,Niveau 1 (débutant),99,1,80.9
ALP503610,2020,Rabat-Salé-Kénitra,RAB,Khémisset,Urbain,Masculin,19,15-24,ONG,Niveau 2 (intermédiaire),174,1,60.2
ALP503611,2015,Casablanca-Settat,CAS,Mohammadia,Rural,Féminin,28,25-34,Entreprise,Niveau 2 (intermédiaire),164,0,98.6
ALP503612,2022,Souss-Massa,SOU,Tiznit,Rural,Masculin,53,50-64,ONG,Niveau 2 (intermédiaire),147,1,65.3
ALP503613,2019,Drâa-Tafilalet,DRA,Zagora,Rural,Féminin,23,15-24,ANLCA,Niveau 2 (intermédiaire),100,1,60.0
ALP503614,2015,Oriental,ORI,Oujda-Angad,Rural,Féminin,32,25-34,ANLCA,Niveau 3 (avancé),161,1,53.6
ALP503615,2015,Drâa-Tafilalet,DRA,Ouarzazate,Rural,Féminin,22,15-24,Association partenaire,Niveau 1 (débutant),88,1,57.5
ALP503616,2017,Casablanca-Settat,CAS,Casablanca,Rural,Masculin,64,50-64,ANLCA,Niveau 3 (avancé),68,1,35.0
ALP503617,2018,Tanger-Tétouan-Al Hoceïma,TAN,Chefchaouen,Rural,Féminin,22,15-24,Association partenaire,Niveau 3 (avancé),149,1,55.5
ALP503618,2021,Fès-Meknès,FES,Taza,Rural,Féminin,38,35-49,Mosquée,Niveau 2 (intermédiaire),179,1,53.6
ALP503619,2023,Rabat-Salé-Kénitra,RAB,Sidi Kacem,Urbain,Masculin,56,50-64,ANLCA,Niveau 2 (intermédiaire),59,1,42.0
ALP503620,2017,Béni Mellal-Khénifra,BMK,Azilal,Urbain,Féminin,40,35-49,Mosquée,Niveau 1 (débutant),112,1,59.8
ALP503621,2020,Guelmim-Oued Noun,GUE,Guelmim,Urbain,Féminin,20,15-24,ONG,Niveau 1 (débutant),104,0,64.9
ALP503622,2020,Fès-Meknès,FES,Moulay Yacoub,Rural,Masculin,60,50-64,Mosquée,Niveau 2 (intermédiaire),186,1,70.5
ALP503623,2020,Souss-Massa,SOU,Agadir-Ida-Ou-Tanane,Rural,Féminin,50,35-49,Association partenaire,Niveau 1 (débutant),186,1,77.8
ALP503624,2016,Marrakech-Safi,MAR,Safi,Rural,Masculin,46,35-49,ANLCA,Niveau 3 (avancé),72,1,100.0
ALP503625,2019,Oriental,ORI,Guercif,Urbain,Féminin,35,25-34,ANLCA,Niveau 1 (débutant),79,1,83.0
ALP503626,2019,Casablanca-Settat,CAS,Khouribga,Rural,Féminin,23,15-24,ANLCA,Niveau 3 (avancé),110,1,60.3
ALP503627,2021,Tanger-Tétouan-Al Hoceïma,TAN,Al Hoceïma,Urbain,Féminin,37,35-49,ONG,Niveau 1 (débutant),114,1,67.9
ALP503628,2016,Souss-Massa,SOU,Chtouka-Ait Baha,Rural,Masculin,35,25-34,ONG,Niveau 2 (intermédiaire),113,1,77.8
ALP503629,2017,Marrakech-Safi,MAR,Youssoufia,Urbain,Féminin,40,35-49,ONG,Niveau 2 (intermédiaire),65,1,96.4
ALP503630,2021,Casablanca-Settat,CAS,Berrechid,Rural,Féminin,46,35-49,Association partenaire,Niveau 2 (intermédiaire),116,1,82.2
ALP503631,2020,Casablanca-Settat,CAS,Mohammadia,Rural,Masculin,17,15-24,Mosquée,Niveau 1 (débutant),82,1,95.0
ALP503632,2022,Casablanca-Settat,CAS,Khouribga,Rural,Féminin,57,50-64,Mosquée,Niveau 2 (intermédiaire),194,1,96.7
ALP503633,2016,Guelmim-Oued Noun,GUE,Assa-Zag,Rural,Masculin,29,25-34,Entreprise,Niveau 2 (intermédiaire),64,0,62.2
ALP503634,2018,Casablanca-Settat,CAS,Settat,Rural,Masculin,40,35-49,Entreprise,Niveau 1 (débutant),162,0,52.2
ALP503635,2017,Souss-Massa,SOU,Tiznit,Urbain,Féminin,31,25-34,ANLCA,Niveau 3 (avancé),99,1,88.4
ALP503636,2015,Fès-Meknès,FES,Taounate,Rural,Masculin,45,35-49,Association partenaire,Niveau 3 (avancé),62,1,48.9
ALP503637,2019,Marrakech-Safi,MAR,Safi,Urbain,Féminin,55,50-64,ANLCA,Niveau 3 (avancé),132,1,48.0
ALP503638,2015,Tanger-Tétouan-Al Hoceïma,TAN,Tanger-Assilah,Urbain,Féminin,21,15-24,Entreprise,Niveau 3 (avancé),104,0,53.4
ALP503639,2020,Rabat-Salé-Kénitra,RAB,Sidi Slimane,Rural,Féminin,63,50-64,Entreprise,Niveau 1 (débutant),195,1,65.1
ALP503640,2021,Béni Mellal-Khénifra,BMK,Béni Mellal,Rural,Féminin,21,15-24,ANLCA,Niveau 3 (avancé),103,1,55.4
ALP503641,2023,Tanger-Tétouan-Al Hoceïma,TAN,Chefchaouen,Rural,Féminin,57,50-64,ONG,Niveau 2 (intermédiaire),92,0,100.0
ALP503642,2019,Tanger-Tétouan-Al Hoceïma,TAN,Tétouan,Urbain,Féminin,25,15-24,Entreprise,Niveau 1 (débutant),140,1,48.0
ALP503643,2023,Rabat-Salé-Kénitra,RAB,Kénitra,Rural,Féminin,25,15-24,ANLCA,Niveau 2 (intermédiaire),49,1,47.9
ALP503644,2018,Béni Mellal-Khénifra,BMK,El Kelaa des Sraghna,Rural,Masculin,24,15-24,ANLCA,Niveau 1 (débutant),96,0,71.3
ALP503645,2020,Fès-Meknès,FES,Moulay Yacoub,Urbain,Féminin,22,15-24,ANLCA,Niveau 2 (intermédiaire),122,1,63.1
ALP503646,2017,Rabat-Salé-Kénitra,RAB,Skhirate-Témara,Urbain,Féminin,24,15-24,Association partenaire,Niveau 3 (avancé),191,0,55.8
ALP503647,2015,Rabat-Salé-Kénitra,RAB,Skhirate-Témara,Rural,Féminin,52,50-64,Mosquée,Niveau 1 (débutant),167,0,65.0
ALP503648,2023,Fès-Meknès,FES,Taza,Rural,Masculin,36,35-49,ANLCA,Niveau 1 (débutant),141,0,61.8
ALP503649,2016,Oriental,ORI,Jerada,Urbain,Masculin,46,35-49,Entreprise,Niveau 1 (débutant),50,0,10.3
ALP503650,2022,Béni Mellal-Khénifra,BMK,El Kelaa des Sraghna,Urbain,Féminin,56,50-64,Association partenaire,Niveau 2 (intermédiaire),113,1,92.4
ALP503651,2017,Fès-Meknès,FES,Meknès,Urbain,Féminin,28,25-34,ANLCA,Niveau 2 (intermédiaire),105,1,59.0
ALP503652,2018,Fès-Meknès,FES,Boulemane,Rural,Masculin,40,35-49,ONG,Niveau 1 (débutant),120,1,73.0
ALP503653,2018,Tanger-Tétouan-Al Hoceïma,TAN,Mdiq-Fnideq,Rural,Féminin,32,25-34,Association partenaire,Niveau 2 (intermédiaire),156,0,62.2
ALP503654,2022,Fès-Meknès,FES,Meknès,Rural,Masculin,43,35-49,ANLCA,Niveau 2 (intermédiaire),68,0,46.4
ALP503655,2022,Casablanca-Settat,CAS,Benslimane,Urbain,Féminin,37,35-49,Association partenaire,Niveau 2 (intermédiaire),160,1,91.6
ALP503656,2021,Marrakech-Safi,MAR,Youssoufia,Rural,Féminin,29,25-34,ANLCA,Niveau 1 (débutant),102,1,66.6
ALP503657,2023,Tanger-Tétouan-Al Hoceïma,TAN,Chefchaouen,Rural,Féminin,48,35-49,Entreprise,Niveau 2 (intermédiaire),40,1,53.2
ALP503658,2016,Marrakech-Safi,MAR,Chichaoua,Rural,Masculin,39,35-49,Association partenaire,Niveau 3 (avancé),68,1,54.1
ALP503659,2018,Rabat-Salé-Kénitra,RAB,Skhirate-Témara,Rural,Féminin,49,35-49,Association partenaire,Niveau 3 (avancé),41,1,26.8
ALP503660,2020,Tanger-Tétouan-Al Hoceïma,TAN,Chefchaouen,Urbain,Masculin,39,35-49,Association partenaire,Niveau 2 (intermédiaire),190,1,88.8
ALP503661,2015,Marrakech-Safi,MAR,Safi,Rural,Féminin,43,35-49,ANLCA,Niveau 3 (avancé),166,1,73.2
ALP503662,2022,Rabat-Salé-Kénitra,RAB,Sidi Kacem,Rural,Féminin,47,35-49,ONG,Niveau 2 (intermédiaire),50,1,33.9
ALP503663,2021,Casablanca-Settat,CAS,El Jadida,Rural,Féminin,23,15-24,ANLCA,Niveau 2 (intermédiaire),149,1,62.7
ALP503664,2020,Béni Mellal-Khénifra,BMK,Khouribga,Rural,Féminin,45,35-49,ANLCA,Niveau 2 (intermédiaire),141,1,47.5
ALP503665,2023,Laâyoune-Sakia El Hamra,LAA,Tarfaya,Rural,Féminin,53,50-64,ANLCA,Niveau 1 (débutant),66,0,73.5
ALP503666,2021,Tanger-Tétouan-Al Hoceïma,TAN,Tétouan,Rural,Féminin,56,50-64,ANLCA,Niveau 1 (débutant),189,1,79.3
ALP503667,2020,Souss-Massa,SOU,Tiznit,Rural,Féminin,15,,ANLCA,Niveau 1 (débutant),127,1,53.9
ALP503668,2023,Marrakech-Safi,MAR,Essaouira,Urbain,Féminin,41,35-49,ANLCA,Niveau 3 (avancé),189,1,84.9
ALP503669,2023,Casablanca-Settat,CAS,Khouribga,Urbain,Féminin,28,25-34,Association partenaire,Niveau 2 (intermédiaire),185,1,43.6
ALP503670,2018,Oriental,ORI,Jerada,Urbain,Féminin,30,25-34,Mosquée,Niveau 2 (intermédiaire),95,1,74.9
ALP503671,2023,Béni Mellal-Khénifra,BMK,El Kelaa des Sraghna,Rural,Féminin,57,50-64,Mosquée,Niveau 2 (intermédiaire),186,1,41.7
ALP503672,2016,Casablanca-Settat,CAS,Casablanca,Rural,Féminin,59,50-64,Association partenaire,Niveau 1 (débutant),119,1,68.9
ALP503673,2019,Marrakech-Safi,MAR,Youssoufia,Rural,Masculin,28,25-34,ANLCA,Niveau 3 (avancé),178,1,67.2
ALP503674,2022,Casablanca-Settat,CAS,El Jadida,Urbain,Masculin,27,25-34,Mosquée,Niveau 3 (avancé),100,0,55.8
ALP503675,2022,Souss-Massa,SOU,Tiznit,Rural,Masculin,55,50-64,Association partenaire,Niveau 3 (avancé),146,1,84.5
ALP503676,2020,Marrakech-Safi,MAR,El Kelaa des Sraghna,Urbain,Masculin,50,35-49,Association partenaire,Niveau 1 (débutant),95,1,92.4
ALP503677,2021,Béni Mellal-Khénifra,BMK,El Kelaa des Sraghna,Rural,Féminin,64,50-64,ANLCA,Niveau 1 (débutant),141,1,44.2
ALP503678,2016,Oriental,ORI,Jerada,Rural,Masculin,16,15-24,ANLCA,Niveau 2 (intermédiaire),195,1,49.9
ALP503679,2022,Oriental,ORI,Jerada,Rural,Féminin,41,35-49,Mosquée,Niveau 3 (avancé),106,1,48.1
ALP503680,2022,Tanger-Tétouan-Al Hoceïma,TAN,Fahs-Anjra,Rural,Féminin,51,50-64,Association partenaire,Niveau 1 (débutant),66,0,77.0
ALP503681,2015,Laâyoune-Sakia El Hamra,LAA,Es-Semara,Urbain,Féminin,23,15-24,Entreprise,Niveau 3 (avancé),54,1,54.0
ALP503682,2020,Casablanca-Settat,CAS,Khouribga,Rural,Féminin,25,15-24,Association partenaire,Niveau 2 (intermédiaire),56,0,63.4
ALP503683,2016,Rabat-Salé-Kénitra,RAB,Skhirate-Témara,Rural,Féminin,43,35-49,Entreprise,Niveau 2 (intermédiaire),54,0,54.8
ALP503684,2018,Marrakech-Safi,MAR,Chichaoua,Rural,Féminin,28,25-34,ANLCA,Niveau 2 (intermédiaire),41,1,68.2
ALP503685,2017,Marrakech-Safi,MAR,Youssoufia,Urbain,Féminin,40,35-49,ONG,Niveau 2 (intermédiaire),183,0,50.1
ALP503686,2017,Marrakech-Safi,MAR,Youssoufia,Rural,Masculin,46,35-49,ANLCA,Niveau 1 (débutant),156,0,50.6
ALP503687,2017,Tanger-Tétouan-Al Hoceïma,TAN,Mdiq-Fnideq,Rural,Masculin,47,35-49,Mosquée,Niveau 2 (intermédiaire),139,1,37.1
ALP503688,2016,Souss-Massa,SOU,Taroudannt,Urbain,Féminin,50,35-49,Association partenaire,Niveau 2 (intermédiaire),102,1,94.1
ALP503689,2023,Fès-Meknès,FES,Meknès,Rural,Féminin,42,35-49,ANLCA,Niveau 2 (intermédiaire),46,1,70.5
ALP503690,2016,Tanger-Tétouan-Al Hoceïma,TAN,Fahs-Anjra,Rural,Masculin,40,35-49,Entreprise,Niveau 1 (débutant),78,1,45.0
ALP503691,2017,Rabat-Salé-Kénitra,RAB,Sidi Kacem,Rural,Masculin,56,50-64,ANLCA,Niveau 1 (débutant),60,1,80.2
ALP503692,2019,Marrakech-Safi,MAR,Al Haouz,Rural,Féminin,59,50-64,ANLCA,Niveau 1 (débutant),97,1,54.0
ALP503693,2016,Souss-Massa,SOU,Taroudannt,Rural,Féminin,56,50-64,ANLCA,Niveau 2 (intermédiaire),59,1,66.8
ALP503694,2020,Marrakech-Safi,MAR,El Kelaa des Sraghna,Rural,Féminin,15,,Mosquée,Niveau 3 (avancé),193,1,62.7
ALP503695,2019,Fès-Meknès,FES,El Hajeb,Rural,Féminin,21,15-24,Entreprise,Niveau 2 (intermédiaire),57,1,48.6
ALP503696,2015,Marrakech-Safi,MAR,Marrakech,Rural,Féminin,63,50-64,Association partenaire,Niveau 1 (débutant),137,0,61.5
ALP503697,2015,Tanger-Tétouan-Al Hoceïma,TAN,Tanger-Assilah,Urbain,Masculin,42,35-49,ANLCA,Niveau 3 (avancé),129,0,44.0
ALP503698,2019,Casablanca-Settat,CAS,Mohammadia,Urbain,Masculin,54,50-64,ONG,Niveau 3 (avancé),112,1,64.4
ALP503699,2020,Rabat-Salé-Kénitra,RAB,Sidi Slimane,Rural,Féminin,45,35-49,Mosquée,Niveau 3 (avancé),89,1,48.8
ALP503700,2015,Béni Mellal-Khénifra,BMK,Fquih Ben Salah,Urbain,Féminin,39,35-49,Association partenaire,Niveau 2 (intermédiaire),44,1,100.0
ALP503701,2023,Casablanca-Settat,CAS,Khouribga,Rural,Féminin,54,50-64,ANLCA,Niveau 3 (avancé),150,1,71.5
ALP503702,2016,Tanger-Tétouan-Al Hoceïma,TAN,Mdiq-Fnideq,Urbain,Masculin,39,35-49,Entreprise,Niveau 1 (débutant),181,1,76.5
ALP503703,2021,Oriental,ORI,Driouch,Rural,Masculin,53,50-64,Association partenaire,Niveau 2 (intermédiaire),69,1,47.9
ALP503704,2015,Souss-Massa,SOU,Tiznit,Rural,Masculin,34,25-34,Mosquée,Niveau 1 (débutant),177,1,62.4
ALP503705,2018,Marrakech-Safi,MAR,Safi,Rural,Masculin,31,25-34,Association partenaire,Niveau 1 (débutant),121,1,70.9
ALP503706,2022,Marrakech-Safi,MAR,Safi,Urbain,Féminin,30,25-34,ANLCA,Niveau 2 (intermédiaire),111,1,36.5
ALP503707,2016,Casablanca-Settat,CAS,Settat,Rural,Masculin,53,50-64,Association partenaire,Niveau 3 (avancé),183,1,72.4
ALP503708,2018,Rabat-Salé-Kénitra,RAB,Sidi Kacem,Urbain,Féminin,40,35-49,Association partenaire,Niveau 2 (intermédiaire),132,1,36.2
ALP503709,2023,Souss-Massa,SOU,Tata,Rural,Féminin,44,35-49,ANLCA,Niveau 1 (débutant),114,0,70.9
ALP503710,2021,Fès-Meknès,FES,El Hajeb,Rural,Masculin,62,50-64,Mosquée,Niveau 1 (débutant),76,1,42.6
ALP503711,2017,Casablanca-Settat,CAS,Settat,Rural,Féminin,56,50-64,Association partenaire,Niveau 2 (intermédiaire),169,1,65.3
ALP503712,2017,Casablanca-Settat,CAS,Benslimane,Urbain,Féminin,52,50-64,ANLCA,Niveau 1 (débutant),115,0,63.0
ALP503713,2018,Fès-Meknès,FES,Fès,Rural,Féminin,51,50-64,Mosquée,Niveau 3 (avancé),53,1,59.7
ALP503714,2017,Guelmim-Oued Noun,GUE,Guelmim,Rural,Féminin,26,25-34,Association partenaire,Niveau 1 (débutant),191,1,41.3
ALP503715,2017,Rabat-Salé-Kénitra,RAB,Sidi Kacem,Rural,Féminin,32,25-34,Mosquée,Niveau 1 (débutant),112,1,64.0
ALP503716,2015,Tanger-Tétouan-Al Hoceïma,TAN,Larache,Urbain,Masculin,55,50-64,ANLCA,Niveau 2 (intermédiaire),167,0,81.7
ALP503717,2021,Oriental,ORI,Berkane,Urbain,Masculin,59,50-64,Mosquée,Niveau 2 (intermédiaire),127,1,63.3
ALP503718,2020,Tanger-Tétouan-Al Hoceïma,TAN,Al Hoceïma,Rural,Masculin,23,15-24,Association partenaire,Niveau 2 (intermédiaire),132,0,67.9
ALP503719,2020,Marrakech-Safi,MAR,Essaouira,Urbain,Masculin,50,35-49,ONG,Niveau 3 (avancé),170,1,59.1
ALP503720,2017,Casablanca-Settat,CAS,Sidi Bennour,Rural,Féminin,47,35-49,Entreprise,Niveau 1 (débutant),192,1,79.9
ALP503721,2016,Drâa-Tafilalet,DRA,Errachidia,Rural,Féminin,35,25-34,Association partenaire,Niveau 2 (intermédiaire),71,0,75.2
ALP503722,2021,Fès-Meknès,FES,Taza,Urbain,Masculin,45,35-49,ANLCA,Niveau 1 (débutant),155,1,100.0
ALP503723,2017,Rabat-Salé-Kénitra,RAB,Skhirate-Témara,Rural,Masculin,56,50-64,Association partenaire,Niveau 2 (intermédiaire),143,1,76.2
ALP503724,2023,Rabat-Salé-Kénitra,RAB,Rabat,Rural,Masculin,63,50-64,Association partenaire,Niveau 2 (intermédiaire),189,1,48.8
ALP503725,2022,Tanger-Tétouan-Al Hoceïma,TAN,Chefchaouen,Rural,Féminin,29,25-34,ANLCA,Niveau 2 (intermédiaire),55,1,79.9
ALP503726,2017,Drâa-Tafilalet,DRA,Ouarzazate,Rural,Féminin,16,15-24,ONG,Niveau 3 (avancé),80,1,64.1
ALP503727,2021,Drâa-Tafilalet,DRA,Midelt,Urbain,Féminin,49,35-49,Association partenaire,Niveau 2 (intermédiaire),146,1,71.1
ALP503728,2018,Rabat-Salé-Kénitra,RAB,Rabat,Urbain,Masculin,47,35-49,Association partenaire,Niveau 1 (débutant),156,0,83.8
ALP503729,2017,Marrakech-Safi,MAR,Essaouira,Urbain,Féminin,39,35-49,Mosquée,Niveau 1 (débutant),131,1,63.2
ALP503730,2017,Oriental,ORI,Driouch,Urbain,Féminin,20,15-24,Association partenaire,Niveau 3 (avancé),68,1,31.2
ALP503731,2016,Oriental,ORI,Oujda-Angad,Urbain,Féminin,34,25-34,Mosquée,Niveau 1 (débutant),167,1,53.5
ALP503732,2023,Fès-Meknès,FES,Moulay Yacoub,Urbain,Féminin,23,15-24,Association partenaire,Niveau 3 (avancé),67,0,42.2
ALP503733,2015,Casablanca-Settat,CAS,El Jadida,Urbain,Féminin,59,50-64,ANLCA,Niveau 2 (intermédiaire),198,1,39.1
ALP503734,2020,Rabat-Salé-Kénitra,RAB,Rabat,Urbain,Féminin,15,,ANLCA,Niveau 3 (avancé),67,1,88.4
ALP503735,2016,Casablanca-Settat,CAS,El Jadida,Urbain,Féminin,41,35-49,ONG,Niveau 1 (débutant),149,1,68.3
ALP503736,2015,Rabat-Salé-Kénitra,RAB,Rabat,Urbain,Féminin,44,35-49,ONG,Niveau 1 (débutant),187,1,66.7
ALP503737,2018,Tanger-Tétouan-Al Hoceïma,TAN,Fahs-Anjra,Urbain,Masculin,24,15-24,ONG,Niveau 1 (débutant),134,1,72.8
ALP503738,2015,Marrakech-Safi,MAR,Essaouira,Urbain,Féminin,49,35-49,Mosquée,Niveau 1 (débutant),144,1,77.5
ALP503739,2017,Oriental,ORI,Taourirt,Urbain,Féminin,20,15-24,Association partenaire,Niveau 2 (intermédiaire),114,0,100.0
ALP503740,2023,Casablanca-Settat,CAS,Mohammadia,Urbain,Masculin,42,35-49,Entreprise,Niveau 2 (intermédiaire),41,1,62.6
ALP503741,2023,Tanger-Tétouan-Al Hoceïma,TAN,Tétouan,Rural,Masculin,21,15-24,Association partenaire,Niveau 2 (intermédiaire),91,0,73.2
ALP503742,2015,Casablanca-Settat,CAS,El Jadida,Rural,Féminin,62,50-64,Mosquée,Niveau 1 (débutant),154,1,19.4
ALP503743,2023,Casablanca-Settat,CAS,Casablanca,Rural,Féminin,45,35-49,ANLCA,Niveau 3 (avancé),96,0,53.0
ALP503744,2019,Drâa-Tafilalet,DRA,Tinghir,Rural,Féminin,64,50-64,Entreprise,Niveau 3 (avancé),193,1,100.0
ALP503745,2018,Rabat-Salé-Kénitra,RAB,Sidi Kacem,Urbain,Féminin,25,15-24,Association partenaire,Niveau 3 (avancé),186,1,61.7
ALP503746,2015,Rabat-Salé-Kénitra,RAB,Skhirate-Témara,Rural,Masculin,46,35-49,ONG,Niveau 2 (intermédiaire),150,1,73.2
ALP503747,2022,Souss-Massa,SOU,Taroudannt,Rural,Féminin,23,15-24,ANLCA,Niveau 3 (avancé),163,1,79.6
ALP503748,2021,Tanger-Tétouan-Al Hoceïma,TAN,Ouazzane,Rural,Féminin,45,35-49,Mosquée,Niveau 1 (débutant),158,1,71.9
ALP503749,2022,Casablanca-Settat,CAS,Benslimane,Urbain,Féminin,27,25-34,ANLCA,Niveau 1 (débutant),177,1,90.2
ALP503750,2020,Béni Mellal-Khénifra,BMK,Khouribga,Rural,Masculin,16,15-24,ANLCA,Niveau 1 (débutant),104,1,46.2
ALP503751,2019,Marrakech-Safi,MAR,Chichaoua,Rural,Masculin,42,35-49,ANLCA,Niveau 1 (débutant),148,1,55.6
ALP503752,2015,Fès-Meknès,FES,Ifrane,Rural,Féminin,62,50-64,ANLCA,Niveau 2 (intermédiaire),140,1,86.4
ALP503753,2018,Béni Mellal-Khénifra,BMK,Béni Mellal,Rural,Masculin,21,15-24,Association partenaire,Niveau 3 (avancé),135,1,59.2
ALP503754,2018,Tanger-Tétouan-Al Hoceïma,TAN,Fahs-Anjra,Rural,Féminin,40,35-49,Mosquée,Niveau 1 (débutant),175,1,80.6
ALP503755,2019,Casablanca-Settat,CAS,Sidi Bennour,Rural,Féminin,26,25-34,Entreprise,Niveau 3 (avancé),94,0,70.6
ALP503756,2022,Casablanca-Settat,CAS,Settat,Rural,Féminin,42,35-49,ANLCA,Niveau 1 (débutant),133,0,72.5
ALP503757,2015,Marrakech-Safi,MAR,El Kelaa des Sraghna,Rural,Féminin,49,35-49,Mosquée,Niveau 1 (débutant),59,1,53.4
ALP503758,2020,Béni Mellal-Khénifra,BMK,Fquih Ben Salah,Urbain,Féminin,50,35-49,Association partenaire,Niveau 2 (intermédiaire),150,1,31.2
ALP503759,2022,Rabat-Salé-Kénitra,RAB,Sidi Kacem,Rural,Masculin,49,35-49,Mosquée,Niveau 2 (intermédiaire),110,1,100.0
ALP503760,2023,Béni Mellal-Khénifra,BMK,Khouribga,Urbain,Féminin,41,35-49,Mosquée,Niveau 3 (avancé),199,1,79.9
ALP503761,2020,Casablanca-Settat,CAS,Benslimane,Rural,Féminin,23,15-24,ANLCA,Niveau 3 (avancé),136,1,61.5
ALP503762,2019,Fès-Meknès,FES,El Hajeb,Rural,Féminin,55,50-64,ANLCA,Niveau 1 (débutant),160,0,81.7
ALP503763,2019,Fès-Meknès,FES,Taza,Urbain,Masculin,50,35-49,Association partenaire,Niveau 1 (débutant),51,0,89.6
ALP503764,2021,Souss-Massa,SOU,Taroudannt,Rural,Féminin,57,50-64,ANLCA,Niveau 2 (intermédiaire),175,1,100.0
ALP503765,2020,Fès-Meknès,FES,Fès,Rural,Féminin,36,35-49,ANLCA,Niveau 3 (avancé),49,0,69.1
ALP503766,2017,Rabat-Salé-Kénitra,RAB,Skhirate-Témara,Rural,Féminin,21,15-24,ONG,Niveau 1 (débutant),128,0,64.8
ALP503767,2023,Casablanca-Settat,CAS,Mohammadia,Urbain,Masculin,46,35-49,ANLCA,Niveau 2 (intermédiaire),169,0,33.5
ALP503768,2017,Oriental,ORI,Oujda-Angad,Urbain,Féminin,44,35-49,Association partenaire,Niveau 3 (avancé),73,0,57.3
ALP503769,2015,Casablanca-Settat,CAS,Khouribga,Rural,Féminin,54,50-64,ONG,Niveau 3 (avancé),156,0,21.9
ALP503770,2020,Guelmim-Oued Noun,GUE,Sidi Ifni,Rural,Féminin,58,50-64,ANLCA,Niveau 2 (intermédiaire),65,1,53.7
ALP503771,2015,Laâyoune-Sakia El Hamra,LAA,Es-Semara,Urbain,Masculin,52,50-64,ANLCA,Niveau 2 (intermédiaire),44,0,58.8
ALP503772,2023,Béni Mellal-Khénifra,BMK,Azilal,Urbain,Féminin,31,25-34,Association partenaire,Niveau 1 (débutant),147,1,97.6
ALP503773,2023,Casablanca-Settat,CAS,Berrechid,Rural,Féminin,42,35-49,ANLCA,Niveau 2 (intermédiaire),48,1,100.0
ALP503774,2019,Casablanca-Settat,CAS,Settat,Urbain,Masculin,40,35-49,Entreprise,Niveau 1 (débutant),182,0,84.5
ALP503775,2021,Fès-Meknès,FES,Taza,Rural,Masculin,59,50-64,ONG,Niveau 3 (avancé),113,1,38.7
ALP503776,2019,Tanger-Tétouan-Al Hoceïma,TAN,Ouazzane,Rural,Féminin,47,35-49,ONG,Niveau 2 (intermédiaire),108,1,31.6
ALP503777,2023,Drâa-Tafilalet,DRA,Midelt,Rural,Féminin,27,25-34,ONG,Niveau 3 (avancé),112,0,77.3
ALP503778,2019,Fès-Meknès,FES,Fès,Rural,Féminin,17,15-24,ANLCA,Niveau 3 (avancé),115,1,98.1
ALP503779,2018,Casablanca-Settat,CAS,Khouribga,Rural,Masculin,36,35-49,ANLCA,Niveau 1 (débutant),107,1,50.1
ALP503780,2021,Casablanca-Settat,CAS,Berrechid,Rural,Féminin,23,15-24,Association partenaire,Niveau 2 (intermédiaire),71,1,98.5
ALP503781,2019,Marrakech-Safi,MAR,Chichaoua,Rural,Masculin,37,35-49,ANLCA,Niveau 3 (avancé),118,1,61.8
ALP503782,2017,Souss-Massa,SOU,Taroudannt,Urbain,Masculin,59,50-64,Association partenaire,Niveau 2 (intermédiaire),155,1,61.4
ALP503783,2020,Rabat-Salé-Kénitra,RAB,Salé,Urbain,Féminin,43,35-49,ANLCA,Niveau 3 (avancé),44,1,77.9
ALP503784,2015,Guelmim-Oued Noun,GUE,Assa-Zag,Rural,Féminin,35,25-34,ONG,Niveau 3 (avancé),101,0,48.2
ALP503785,2023,Casablanca-Settat,CAS,Mohammadia,Urbain,Masculin,56,50-64,ANLCA,Niveau 3 (avancé),76,1,84.8
ALP503786,2023,Casablanca-Settat,CAS,Benslimane,Urbain,Masculin,44,35-49,Mosquée,Niveau 3 (avancé),93,0,71.6
ALP503787,2015,Fès-Meknès,FES,Séfrou,Rural,Féminin,44,35-49,ONG,Niveau 1 (débutant),105,1,68.4
ALP503788,2020,Fès-Meknès,FES,Fès,Rural,Féminin,46,35-49,Mosquée,Niveau 2 (intermédiaire),151,0,48.4
ALP503789,2021,Rabat-Salé-Kénitra,RAB,Sidi Kacem,Urbain,Féminin,32,25-34,Mosquée,Niveau 3 (avancé),158,0,81.2
ALP503790,2021,Marrakech-Safi,MAR,Essaouira,Urbain,Masculin,25,15-24,ONG,Niveau 1 (débutant),42,1,80.3
ALP503791,2020,Oriental,ORI,Figuig,Urbain,Masculin,49,35-49,Association partenaire,Niveau 2 (intermédiaire),46,0,78.3
ALP503792,2023,Marrakech-Safi,MAR,El Kelaa des Sraghna,Rural,Féminin,31,25-34,Mosquée,Niveau 1 (débutant),171,1,80.2
ALP503793,2015,Béni Mellal-Khénifra,BMK,Azilal,Urbain,Féminin,32,25-34,ANLCA,Niveau 2 (intermédiaire),135,1,66.2
ALP503794,2021,Tanger-Tétouan-Al Hoceïma,TAN,Ouazzane,Rural,Féminin,61,50-64,Association partenaire,Niveau 1 (débutant),115,0,80.9
ALP503795,2020,Marrakech-Safi,MAR,Essaouira,Rural,Féminin,25,15-24,ANLCA,Niveau 2 (intermédiaire),164,1,54.4
ALP503796,2015,Drâa-Tafilalet,DRA,Ouarzazate,Rural,Féminin,52,50-64,ANLCA,Niveau 2 (intermédiaire),77,0,49.1
ALP503797,2015,Casablanca-Settat,CAS,Casablanca,Urbain,Féminin,51,50-64,Entreprise,Niveau 1 (débutant),151,1,59.9
ALP503798,2021,Rabat-Salé-Kénitra,RAB,Khémisset,Urbain,Masculin,17,15-24,ANLCA,Niveau 2 (intermédiaire),142,1,74.7
ALP503799,2018,Tanger-Tétouan-Al Hoceïma,TAN,Chefchaouen,Rural,Féminin,60,50-64,Association partenaire,Niveau 2 (intermédiaire),184,0,66.2
ALP503800,2017,Drâa-Tafilalet,DRA,Tinghir,Rural,Féminin,33,25-34,ANLCA,Niveau 3 (avancé),133,0,57.0
ALP503801,2018,Fès-Meknès,FES,Taounate,Rural,Féminin,19,15-24,Mosquée,Niveau 3 (avancé),151,1,91.6
ALP503802,2021,Marrakech-Safi,MAR,Chichaoua,Rural,Masculin,55,50-64,ANLCA,Niveau 3 (avancé),114,1,85.2
ALP503803,2023,Casablanca-Settat,CAS,Mohammadia,Rural,Féminin,29,25-34,ANLCA,Niveau 1 (débutant),86,1,60.9
ALP503804,2016,Souss-Massa,SOU,Agadir-Ida-Ou-Tanane,Rural,Masculin,50,35-49,ANLCA,Niveau 1 (débutant),163,1,71.2
ALP503805,2015,Tanger-Tétouan-Al Hoceïma,TAN,Al Hoceïma,Rural,Féminin,56,50-64,ONG,Niveau 1 (débutant),180,1,59.3
ALP503806,2023,Casablanca-Settat,CAS,Khouribga,Rural,Féminin,52,50-64,Mosquée,Niveau 1 (débutant),101,0,56.8
ALP503807,2019,Souss-Massa,SOU,Inezgane-Ait Melloul,Urbain,Masculin,63,50-64,Mosquée,Niveau 1 (débutant),185,1,14.2
ALP503808,2018,Casablanca-Settat,CAS,Mohammadia,Urbain,Masculin,24,15-24,ONG,Niveau 2 (intermédiaire),195,0,53.2
ALP503809,2021,Marrakech-Safi,MAR,Safi,Rural,Masculin,17,15-24,Association partenaire,Niveau 1 (débutant),52,1,74.4
ALP503810,2019,Oriental,ORI,Nador,Rural,Féminin,31,25-34,ANLCA,Niveau 1 (débutant),150,1,87.1
ALP503811,2021,Oriental,ORI,Guercif,Rural,Féminin,24,15-24,ANLCA,Niveau 2 (intermédiaire),59,1,52.9
ALP503812,2019,Béni Mellal-Khénifra,BMK,Azilal,Rural,Féminin,63,50-64,Entreprise,Niveau 1 (débutant),83,0,62.5
ALP503813,2022,Rabat-Salé-Kénitra,RAB,Salé,Rural,Féminin,54,50-64,ONG,Niveau 1 (débutant),88,1,68.2
ALP503814,2021,Oriental,ORI,Figuig,Rural,Féminin,42,35-49,Association partenaire,Niveau 2 (intermédiaire),118,1,58.1
ALP503815,2015,Casablanca-Settat,CAS,Berrechid,Rural,Masculin,31,25-34,ANLCA,Niveau 3 (avancé),127,1,60.2
ALP503816,2016,Casablanca-Settat,CAS,Sidi Bennour,Rural,Féminin,24,15-24,Association partenaire,Niveau 1 (débutant),90,0,78.1
ALP503817,2016,Casablanca-Settat,CAS,Casablanca,Rural,Féminin,26,25-34,Entreprise,Niveau 1 (débutant),44,0,48.4
ALP503818,2023,Fès-Meknès,FES,Fès,Rural,Féminin,59,50-64,ONG,Niveau 2 (intermédiaire),169,0,65.7
ALP503819,2021,Casablanca-Settat,CAS,Khouribga,Rural,Féminin,51,50-64,Entreprise,Niveau 3 (avancé),163,1,43.0
ALP503820,2019,Marrakech-Safi,MAR,Al Haouz,Urbain,Féminin,57,50-64,ANLCA,Niveau 1 (débutant),97,0,49.2
ALP503821,2018,Tanger-Tétouan-Al Hoceïma,TAN,Tanger-Assilah,Urbain,Féminin,24,15-24,ONG,Niveau 2 (intermédiaire),142,0,62.8
ALP503822,2018,Rabat-Salé-Kénitra,RAB,Kénitra,Rural,Féminin,45,35-49,Association partenaire,Niveau 1 (débutant),43,1,42.5
ALP503823,2015,Béni Mellal-Khénifra,BMK,Béni Mellal,Urbain,Féminin,37,35-49,ANLCA,Niveau 1 (débutant),103,1,56.4
ALP503824,2019,Casablanca-Settat,CAS,Mohammadia,Urbain,Féminin,50,35-49,Association partenaire,Niveau 2 (intermédiaire),154,1,70.2
ALP503825,2019,Fès-Meknès,FES,Séfrou,Rural,Masculin,35,25-34,Mosquée,Niveau 3 (avancé),135,0,65.7
ALP503826,2022,Fès-Meknès,FES,Taza,Urbain,Féminin,45,35-49,Association partenaire,Niveau 2 (intermédiaire),88,0,41.6
ALP503827,2018,Oriental,ORI,Berkane,Rural,Féminin,39,35-49,ONG,Niveau 3 (avancé),40,1,77.4
ALP503828,2022,Casablanca-Settat,CAS,Khouribga,Rural,Féminin,53,50-64,ANLCA,Niveau 1 (débutant),99,1,67.4
ALP503829,2015,Souss-Massa,SOU,Tiznit,Rural,Féminin,22,15-24,ONG,Niveau 1 (débutant),72,1,70.4
ALP503830,2018,Souss-Massa,SOU,Taroudannt,Rural,Masculin,37,35-49,Association partenaire,Niveau 2 (intermédiaire),126,1,55.3
ALP503831,2022,Marrakech-Safi,MAR,Youssoufia,Urbain,Féminin,36,35-49,ANLCA,Niveau 2 (intermédiaire),97,1,76.3
ALP503832,2022,Oriental,ORI,Oujda-Angad,Urbain,Féminin,21,15-24,ANLCA,Niveau 1 (débutant),136,1,65.5
ALP503833,2017,Béni Mellal-Khénifra,BMK,Béni Mellal,Urbain,Féminin,45,35-49,ONG,Niveau 1 (débutant),178,1,73.5
ALP503834,2021,Drâa-Tafilalet,DRA,Errachidia,Rural,Féminin,31,25-34,Association partenaire,Niveau 1 (débutant),101,1,38.3
ALP503835,2016,Rabat-Salé-Kénitra,RAB,Rabat,Urbain,Masculin,15,,Mosquée,Niveau 1 (débutant),182,0,41.5
ALP503836,2021,Tanger-Tétouan-Al Hoceïma,TAN,Tanger-Assilah,Rural,Masculin,37,35-49,Association partenaire,Niveau 3 (avancé),84,1,92.3
ALP503837,2020,Marrakech-Safi,MAR,Marrakech,Rural,Féminin,59,50-64,Association partenaire,Niveau 2 (intermédiaire),71,0,53.7
ALP503838,2015,Rabat-Salé-Kénitra,RAB,Skhirate-Témara,Rural,Masculin,30,25-34,ANLCA,Niveau 3 (avancé),69,1,55.9
ALP503839,2015,Fès-Meknès,FES,Boulemane,Rural,Féminin,58,50-64,Association partenaire,Niveau 3 (avancé),103,0,48.8
ALP503840,2015,Casablanca-Settat,CAS,Khouribga,Urbain,Masculin,36,35-49,Association partenaire,Niveau 3 (avancé),118,1,40.9
ALP503841,2018,Marrakech-Safi,MAR,El Kelaa des Sraghna,Rural,Féminin,54,50-64,ONG,Niveau 2 (intermédiaire),67,1,60.4
ALP503842,2021,Casablanca-Settat,CAS,Benslimane,Rural,Masculin,52,50-64,ANLCA,Niveau 2 (intermédiaire),162,0,55.1
ALP503843,2019,Casablanca-Settat,CAS,Sidi Bennour,Rural,Masculin,45,35-49,Mosquée,Niveau 1 (débutant),163,1,54.7
ALP503844,2016,Béni Mellal-Khénifra,BMK,Khouribga,Rural,Masculin,55,50-64,Association partenaire,Niveau 1 (débutant),142,1,65.9
ALP503845,2015,Fès-Meknès,FES,Séfrou,Rural,Féminin,19,15-24,Entreprise,Niveau 2 (intermédiaire),131,0,51.0
ALP503846,2016,Fès-Meknès,FES,Moulay Yacoub,Urbain,Féminin,30,25-34,Association partenaire,Niveau 1 (débutant),154,0,84.2
ALP503847,2023,Laâyoune-Sakia El Hamra,LAA,Es-Semara,Urbain,Féminin,47,35-49,Association partenaire,Niveau 2 (intermédiaire),78,0,43.3
ALP503848,2016,Casablanca-Settat,CAS,Settat,Rural,Féminin,30,25-34,Association partenaire,Niveau 2 (intermédiaire),129,1,73.4
ALP503849,2020,Tanger-Tétouan-Al Hoceïma,TAN,Mdiq-Fnideq,Rural,Féminin,45,35-49,ANLCA,Niveau 2 (intermédiaire),157,1,60.8
ALP503850,2015,Marrakech-Safi,MAR,Youssoufia,Rural,Féminin,51,50-64,ANLCA,Niveau 1 (débutant),172,1,47.1
ALP503851,2016,Rabat-Salé-Kénitra,RAB,Sidi Kacem,Rural,Féminin,32,25-34,ANLCA,Niveau 1 (débutant),52,1,62.9
ALP503852,2015,Casablanca-Settat,CAS,Settat,Urbain,Féminin,61,50-64,ONG,Niveau 1 (débutant),40,0,44.7
ALP503853,2018,Rabat-Salé-Kénitra,RAB,Khémisset,Urbain,Féminin,32,25-34,Mosquée,Niveau 2 (intermédiaire),181,1,87.2
ALP503854,2018,Rabat-Salé-Kénitra,RAB,Sidi Kacem,Urbain,Masculin,28,25-34,Entreprise,Niveau 2 (intermédiaire),162,1,34.5
ALP503855,2019,Rabat-Salé-Kénitra,RAB,Sidi Slimane,Rural,Féminin,34,25-34,ANLCA,Niveau 2 (intermédiaire),141,0,72.9
ALP503856,2021,Casablanca-Settat,CAS,Casablanca,Rural,Féminin,41,35-49,ONG,Niveau 3 (avancé),126,1,40.9
ALP503857,2022,Souss-Massa,SOU,Tiznit,Rural,Féminin,19,15-24,ANLCA,Niveau 1 (débutant),68,1,41.8
ALP503858,2018,Casablanca-Settat,CAS,Berrechid,Rural,Féminin,39,35-49,Entreprise,Niveau 3 (avancé),59,0,67.6
ALP503859,2022,Béni Mellal-Khénifra,BMK,Béni Mellal,Rural,Masculin,46,35-49,ONG,Niveau 2 (intermédiaire),163,1,50.1
ALP503860,2020,Béni Mellal-Khénifra,BMK,Khouribga,Rural,Féminin,25,15-24,ANLCA,Niveau 3 (avancé),131,1,73.0
ALP503861,2022,Marrakech-Safi,MAR,Marrakech,Rural,Féminin,43,35-49,Mosquée,Niveau 1 (débutant),183,1,61.0
ALP503862,2019,Guelmim-Oued Noun,GUE,Tan-Tan,Rural,Masculin,39,35-49,Association partenaire,Niveau 1 (débutant),73,0,83.1
ALP503863,2016,Tanger-Tétouan-Al Hoceïma,TAN,Mdiq-Fnideq,Rural,Féminin,45,35-49,ANLCA,Niveau 2 (intermédiaire),114,0,60.3
ALP503864,2020,Fès-Meknès,FES,Moulay Yacoub,Rural,Féminin,46,35-49,Association partenaire,Niveau 1 (débutant),52,1,17.9
ALP503865,2020,Rabat-Salé-Kénitra,RAB,Rabat,Urbain,Féminin,60,50-64,Mosquée,Niveau 3 (avancé),48,1,53.9
ALP503866,2020,Marrakech-Safi,MAR,Al Haouz,Rural,Masculin,28,25-34,ANLCA,Niveau 3 (avancé),188,0,50.5
ALP503867,2015,Drâa-Tafilalet,DRA,Ouarzazate,Urbain,Féminin,52,50-64,Entreprise,Niveau 2 (intermédiaire),64,1,92.2
ALP503868,2017,Fès-Meknès,FES,Ifrane,Rural,Féminin,46,35-49,Association partenaire,Niveau 2 (intermédiaire),189,0,74.5
ALP503869,2020,Béni Mellal-Khénifra,BMK,Béni Mellal,Rural,Masculin,49,35-49,Association partenaire,Niveau 2 (intermédiaire),83,1,68.7
ALP503870,2022,Oriental,ORI,Taourirt,Rural,Féminin,49,35-49,ANLCA,Niveau 1 (débutant),160,1,63.0
ALP503871,2020,Tanger-Tétouan-Al Hoceïma,TAN,Tanger-Assilah,Rural,Masculin,58,50-64,ANLCA,Niveau 1 (débutant),92,0,80.5
ALP503872,2023,Souss-Massa,SOU,Chtouka-Ait Baha,Rural,Féminin,46,35-49,Mosquée,Niveau 2 (intermédiaire),125,0,44.3
ALP503873,2015,Béni Mellal-Khénifra,BMK,Fquih Ben Salah,Rural,Masculin,15,,ANLCA,Niveau 3 (avancé),150,1,87.8
ALP503874,2016,Fès-Meknès,FES,Ifrane,Rural,Féminin,49,35-49,Association partenaire,Niveau 1 (débutant),140,1,39.7
ALP503875,2019,Drâa-Tafilalet,DRA,Tinghir,Urbain,Féminin,55,50-64,ANLCA,Niveau 1 (débutant),59,1,80.6
ALP503876,2015,Tanger-Tétouan-Al Hoceïma,TAN,Larache,Rural,Féminin,46,35-49,ANLCA,Niveau 2 (intermédiaire),57,0,65.5
ALP503877,2021,Béni Mellal-Khénifra,BMK,Khouribga,Rural,Féminin,62,50-64,ANLCA,Niveau 3 (avancé),81,1,61.3
ALP503878,2015,Casablanca-Settat,CAS,Khouribga,Rural,Masculin,62,50-64,Entreprise,Niveau 1 (débutant),193,1,46.4
ALP503879,2019,Rabat-Salé-Kénitra,RAB,Sidi Slimane,Rural,Masculin,35,25-34,Mosquée,Niveau 3 (avancé),157,0,75.1
ALP503880,2021,Marrakech-Safi,MAR,Marrakech,Rural,Masculin,49,35-49,ONG,Niveau 1 (débutant),44,0,73.3
ALP503881,2017,Fès-Meknès,FES,Meknès,Rural,Féminin,43,35-49,Association partenaire,Niveau 2 (intermédiaire),136,1,89.0
ALP503882,2018,Tanger-Tétouan-Al Hoceïma,TAN,Tétouan,Rural,Féminin,40,35-49,ONG,Niveau 1 (débutant),133,1,58.0
ALP503883,2022,Marrakech-Safi,MAR,Al Haouz,Urbain,Féminin,17,15-24,Mosquée,Niveau 3 (avancé),131,1,60.7
ALP503884,2023,Fès-Meknès,FES,Fès,Rural,Féminin,18,15-24,ONG,Niveau 1 (débutant),106,0,62.4
ALP503885,2019,Tanger-Tétouan-Al Hoceïma,TAN,Fahs-Anjra,Rural,Féminin,21,15-24,Association partenaire,Niveau 3 (avancé),72,0,80.3
ALP503886,2023,Casablanca-Settat,CAS,Khouribga,Rural,Féminin,40,35-49,ONG,Niveau 1 (débutant),106,0,79.7
ALP503887,2015,Casablanca-Settat,CAS,Berrechid,Rural,Féminin,54,50-64,Mosquée,Niveau 1 (débutant),198,1,34.2
ALP503888,2016,Casablanca-Settat,CAS,Casablanca,Rural,Féminin,41,35-49,ANLCA,Niveau 1 (débutant),184,0,100.0
ALP503889,2021,Casablanca-Settat,CAS,Berrechid,Rural,Féminin,39,35-49,Mosquée,Niveau 1 (débutant),141,1,38.3
ALP503890,2020,Guelmim-Oued Noun,GUE,Assa-Zag,Urbain,Féminin,64,50-64,Mosquée,Niveau 1 (débutant),99,0,58.8
ALP503891,2017,Fès-Meknès,FES,Séfrou,Urbain,Féminin,46,35-49,Association partenaire,Niveau 3 (avancé),45,1,85.9
ALP503892,2022,Béni Mellal-Khénifra,BMK,Béni Mellal,Urbain,Masculin,40,35-49,ONG,Niveau 3 (avancé),81,1,54.8
ALP503893,2016,Fès-Meknès,FES,Ifrane,Rural,Féminin,20,15-24,ONG,Niveau 1 (débutant),97,0,60.7
ALP503894,2020,Casablanca-Settat,CAS,Khouribga,Rural,Féminin,59,50-64,ANLCA,Niveau 2 (intermédiaire),148,1,81.4
ALP503895,2015,Rabat-Salé-Kénitra,RAB,Sidi Kacem,Rural,Féminin,41,35-49,Entreprise,Niveau 2 (intermédiaire),185,0,76.9
ALP503896,2023,Guelmim-Oued Noun,GUE,Sidi Ifni,Rural,Féminin,59,50-64,ANLCA,Niveau 3 (avancé),76,0,52.6
ALP503897,2016,Rabat-Salé-Kénitra,RAB,Sidi Kacem,Urbain,Masculin,19,15-24,Mosquée,Niveau 2 (intermédiaire),191,1,87.4
ALP503898,2016,Marrakech-Safi,MAR,Al Haouz,Urbain,Féminin,26,25-34,Association partenaire,Niveau 2 (intermédiaire),63,1,83.1
ALP503899,2023,Marrakech-Safi,MAR,Essaouira,Rural,Féminin,47,35-49,ANLCA,Niveau 2 (intermédiaire),148,1,72.5
ALP503900,2018,Tanger-Tétouan-Al Hoceïma,TAN,Tanger-Assilah,Urbain,Féminin,61,50-64,ANLCA,Niveau 1 (débutant),155,1,81.2
ALP503901,2018,Casablanca-Settat,CAS,Settat,Rural,Féminin,34,25-34,Association partenaire,Niveau 3 (avancé),135,0,56.5
ALP503902,2017,Casablanca-Settat,CAS,El Jadida,Rural,Féminin,55,50-64,Association partenaire,Niveau 1 (débutant),162,1,65.8
ALP503903,2023,Laâyoune-Sakia El Hamra,LAA,Boujdour,Rural,Masculin,28,25-34,ANLCA,Niveau 1 (débutant),118,1,67.8
ALP503904,2017,Drâa-Tafilalet,DRA,Tinghir,Urbain,Féminin,64,50-64,Association partenaire,Niveau 3 (avancé),149,1,100.0
ALP503905,2020,Drâa-Tafilalet,DRA,Tinghir,Rural,Féminin,30,25-34,Association partenaire,Niveau 3 (avancé),101,1,48.2
ALP503906,2023,Souss-Massa,SOU,Tata,Rural,Féminin,32,25-34,ONG,Niveau 1 (débutant),65,1,51.6
ALP503907,2020,Drâa-Tafilalet,DRA,Midelt,Rural,Féminin,44,35-49,ANLCA,Niveau 3 (avancé),52,1,100.0
ALP503908,2015,Oriental,ORI,Guercif,Urbain,Féminin,57,50-64,ANLCA,Niveau 3 (avancé),75,1,94.2
ALP503909,2020,Casablanca-Settat,CAS,Sidi Bennour,Rural,Féminin,38,35-49,Association partenaire,Niveau 3 (avancé),171,1,65.9
ALP503910,2022,Guelmim-Oued Noun,GUE,Sidi Ifni,Rural,Féminin,60,50-64,Entreprise,Niveau 1 (débutant),44,0,81.1
ALP503911,2015,Casablanca-Settat,CAS,Benslimane,Rural,Féminin,35,25-34,ANLCA,Niveau 1 (débutant),112,0,60.2
ALP503912,2020,Casablanca-Settat,CAS,Casablanca,Urbain,Féminin,16,15-24,Association partenaire,Niveau 2 (intermédiaire),178,1,72.9
ALP503913,2015,Casablanca-Settat,CAS,Benslimane,Rural,Masculin,59,50-64,Mosquée,Niveau 1 (débutant),138,1,61.1
ALP503914,2015,Souss-Massa,SOU,Inezgane-Ait Melloul,Urbain,Féminin,32,25-34,Association partenaire,Niveau 3 (avancé),97,1,57.2
ALP503915,2018,Casablanca-Settat,CAS,Khouribga,Rural,Féminin,30,25-34,Association partenaire,Niveau 3 (avancé),193,1,88.5
ALP503916,2020,Tanger-Tétouan-Al Hoceïma,TAN,Tétouan,Rural,Masculin,21,15-24,Association partenaire,Niveau 2 (intermédiaire),155,0,62.9
ALP503917,2015,Rabat-Salé-Kénitra,RAB,Salé,Rural,Féminin,35,25-34,Association partenaire,Niveau 3 (avancé),159,0,59.9
ALP503918,2020,Marrakech-Safi,MAR,Youssoufia,Rural,Féminin,61,50-64,Association partenaire,Niveau 1 (débutant),63,1,71.8
ALP503919,2020,Béni Mellal-Khénifra,BMK,Fquih Ben Salah,Rural,Masculin,43,35-49,ANLCA,Niveau 1 (débutant),59,1,20.0
ALP503920,2016,Rabat-Salé-Kénitra,RAB,Rabat,Urbain,Féminin,21,15-24,ONG,Niveau 3 (avancé),101,1,66.4
ALP503921,2019,Tanger-Tétouan-Al Hoceïma,TAN,Fahs-Anjra,Rural,Féminin,40,35-49,Mosquée,Niveau 3 (avancé),144,1,39.7
ALP503922,2023,Drâa-Tafilalet,DRA,Tinghir,Rural,Masculin,59,50-64,ONG,Niveau 3 (avancé),46,0,72.0
ALP503923,2016,Rabat-Salé-Kénitra,RAB,Sidi Kacem,Rural,Féminin,63,50-64,ANLCA,Niveau 3 (avancé),120,0,64.0
ALP503924,2021,Tanger-Tétouan-Al Hoceïma,TAN,Ouazzane,Rural,Féminin,53,50-64,Association partenaire,Niveau 1 (débutant),79,1,54.2
ALP503925,2021,Drâa-Tafilalet,DRA,Tinghir,Rural,Féminin,42,35-49,ONG,Niveau 1 (débutant),66,1,47.0
ALP503926,2016,Rabat-Salé-Kénitra,RAB,Salé,Rural,Masculin,55,50-64,Association partenaire,Niveau 3 (avancé),162,1,100.0
ALP503927,2018,Souss-Massa,SOU,Tiznit,Rural,Féminin,62,50-64,Entreprise,Niveau 2 (intermédiaire),108,1,77.6
ALP503928,2023,Drâa-Tafilalet,DRA,Midelt,Rural,Masculin,33,25-34,Association partenaire,Niveau 1 (débutant),134,0,91.0
ALP503929,2016,Fès-Meknès,FES,Séfrou,Urbain,Féminin,15,,ANLCA,Niveau 1 (débutant),83,0,75.0
ALP503930,2017,Fès-Meknès,FES,Séfrou,Rural,Féminin,33,25-34,ANLCA,Niveau 2 (intermédiaire),54,1,66.8
ALP503931,2016,Béni Mellal-Khénifra,BMK,Khouribga,Rural,Féminin,62,50-64,Association partenaire,Niveau 3 (avancé),45,1,56.2
ALP503932,2016,Rabat-Salé-Kénitra,RAB,Rabat,Rural,Féminin,21,15-24,Association partenaire,Niveau 3 (avancé),169,1,61.7
ALP503933,2021,Oriental,ORI,Berkane,Urbain,Masculin,62,50-64,ANLCA,Niveau 2 (intermédiaire),134,1,75.0
ALP503934,2020,Marrakech-Safi,MAR,Al Haouz,Urbain,Masculin,29,25-34,ONG,Niveau 2 (intermédiaire),104,0,79.7
ALP503935,2021,Casablanca-Settat,CAS,Settat,Rural,Féminin,63,50-64,Association partenaire,Niveau 1 (débutant),105,1,48.2
ALP503936,2020,Tanger-Tétouan-Al Hoceïma,TAN,Mdiq-Fnideq,Urbain,Féminin,22,15-24,Association partenaire,Niveau 1 (débutant),171,0,40.4
ALP503937,2019,Guelmim-Oued Noun,GUE,Assa-Zag,Rural,Masculin,33,25-34,ONG,Niveau 1 (débutant),83,1,74.7
ALP503938,2020,Casablanca-Settat,CAS,El Jadida,Urbain,Féminin,16,15-24,Entreprise,Niveau 1 (débutant),130,1,61.3
ALP503939,2020,Souss-Massa,SOU,Tata,Rural,Féminin,16,15-24,ONG,Niveau 1 (débutant),67,1,63.6
ALP503940,2020,Tanger-Tétouan-Al Hoceïma,TAN,Fahs-Anjra,Rural,Masculin,29,25-34,ANLCA,Niveau 2 (intermédiaire),90,1,42.2
ALP503941,2023,Fès-Meknès,FES,Moulay Yacoub,Rural,Masculin,26,25-34,Mosquée,Niveau 3 (avancé),41,0,37.9
ALP503942,2016,Casablanca-Settat,CAS,Casablanca,Rural,Féminin,21,15-24,ANLCA,Niveau 2 (intermédiaire),106,1,100.0
ALP503943,2021,Fès-Meknès,FES,Ifrane,Rural,Féminin,51,50-64,ONG,Niveau 3 (avancé),89,1,57.0
ALP503944,2015,Casablanca-Settat,CAS,Benslimane,Rural,Masculin,38,35-49,Association partenaire,Niveau 1 (débutant),54,0,57.4
ALP503945,2023,Casablanca-Settat,CAS,Benslimane,Rural,Féminin,43,35-49,Association partenaire,Niveau 1 (débutant),161,0,64.1
ALP503946,2015,Casablanca-Settat,CAS,Settat,Urbain,Masculin,42,35-49,Entreprise,Niveau 3 (avancé),195,1,69.4
ALP503947,2016,Tanger-Tétouan-Al Hoceïma,TAN,Al Hoceïma,Rural,Masculin,60,50-64,Mosquée,Niveau 3 (avancé),143,0,85.8
ALP503948,2019,Fès-Meknès,FES,Fès,Urbain,Féminin,28,25-34,Mosquée,Niveau 1 (débutant),105,1,60.0
ALP503949,2018,Drâa-Tafilalet,DRA,Midelt,Urbain,Féminin,27,25-34,Association partenaire,Niveau 1 (débutant),169,0,72.9
ALP503950,2022,Tanger-Tétouan-Al Hoceïma,TAN,Tétouan,Urbain,Masculin,34,25-34,ONG,Niveau 1 (débutant),181,0,81.3
ALP503951,2022,Souss-Massa,SOU,Chtouka-Ait Baha,Rural,Féminin,39,35-49,Association partenaire,Niveau 2 (intermédiaire),112,1,41.7
ALP503952,2022,Fès-Meknès,FES,Séfrou,Rural,Féminin,56,50-64,ANLCA,Niveau 1 (débutant),99,1,76.3
ALP503953,2019,Marrakech-Safi,MAR,Al Haouz,Rural,Masculin,48,35-49,Mosquée,Niveau 3 (avancé),126,1,42.7
ALP503954,2022,Béni Mellal-Khénifra,BMK,Béni Mellal,Rural,Masculin,49,35-49,ANLCA,Niveau 2 (intermédiaire),177,1,95.1
ALP503955,2023,Oriental,ORI,Figuig,Rural,Féminin,24,15-24,Mosquée,Niveau 1 (débutant),80,1,34.5
ALP503956,2015,Fès-Meknès,FES,Meknès,Rural,Masculin,58,50-64,Association partenaire,Niveau 1 (débutant),77,1,81.7
ALP503957,2016,Casablanca-Settat,CAS,Settat,Rural,Féminin,52,50-64,ANLCA,Niveau 3 (avancé),195,0,53.9
ALP503958,2019,Fès-Meknès,FES,Boulemane,Rural,Féminin,39,35-49,Mosquée,Niveau 1 (débutant),133,1,60.8
ALP503959,2023,Souss-Massa,SOU,Agadir-Ida-Ou-Tanane,Urbain,Féminin,21,15-24,ONG,Niveau 3 (avancé),123,1,62.6
ALP503960,2021,Fès-Meknès,FES,Meknès,Urbain,Masculin,17,15-24,ANLCA,Niveau 1 (débutant),132,0,85.5
ALP503961,2015,Marrakech-Safi,MAR,Youssoufia,Urbain,Féminin,42,35-49,Association partenaire,Niveau 2 (intermédiaire),130,1,65.2
ALP503962,2015,Rabat-Salé-Kénitra,RAB,Skhirate-Témara,Urbain,Féminin,51,50-64,Association partenaire,Niveau 2 (intermédiaire),144,0,49.7
ALP503963,2022,Tanger-Tétouan-Al Hoceïma,TAN,Mdiq-Fnideq,Urbain,Masculin,29,25-34,Mosquée,Niveau 2 (intermédiaire),83,1,44.1
ALP503964,2019,Casablanca-Settat,CAS,Casablanca,Urbain,Féminin,63,50-64,ANLCA,Niveau 2 (intermédiaire),161,0,90.3
ALP503965,2022,Rabat-Salé-Kénitra,RAB,Kénitra,Urbain,Féminin,63,50-64,ANLCA,Niveau 3 (avancé),83,1,78.7
ALP503966,2021,Fès-Meknès,FES,Moulay Yacoub,Rural,Féminin,43,35-49,Entreprise,Niveau 2 (intermédiaire),101,1,64.8
ALP503967,2022,Casablanca-Settat,CAS,Sidi Bennour,Rural,Féminin,40,35-49,Association partenaire,Niveau 2 (intermédiaire),171,1,75.7
ALP503968,2022,Souss-Massa,SOU,Taroudannt,Urbain,Féminin,16,15-24,ANLCA,Niveau 1 (débutant),101,0,62.6
ALP503969,2020,Casablanca-Settat,CAS,Sidi Bennour,Urbain,Féminin,36,35-49,Association partenaire,Niveau 3 (avancé),143,1,51.9
ALP503970,2022,Marrakech-Safi,MAR,Chichaoua,Rural,Féminin,61,50-64,Association partenaire,Niveau 2 (intermédiaire),148,1,67.3
ALP503971,2018,Casablanca-Settat,CAS,Mohammadia,Rural,Féminin,47,35-49,Mosquée,Niveau 2 (intermédiaire),161,1,70.5
ALP503972,2017,Laâyoune-Sakia El Hamra,LAA,Boujdour,Rural,Féminin,37,35-49,ANLCA,Niveau 3 (avancé),110,0,65.4
ALP503973,2016,Casablanca-Settat,CAS,El Jadida,Urbain,Masculin,43,35-49,Association partenaire,Niveau 1 (débutant),107,1,88.4
ALP503974,2020,Fès-Meknès,FES,Fès,Rural,Féminin,43,35-49,Entreprise,Niveau 1 (débutant),193,1,84.6
ALP503975,2020,Casablanca-Settat,CAS,Settat,Rural,Féminin,16,15-24,Association partenaire,Niveau 2 (intermédiaire),182,0,74.0
ALP503976,2020,Souss-Massa,SOU,Agadir-Ida-Ou-Tanane,Rural,Masculin,64,50-64,Mosquée,Niveau 2 (intermédiaire),100,0,76.9
ALP503977,2020,Tanger-Tétouan-Al Hoceïma,TAN,Al Hoceïma,Rural,Féminin,51,50-64,Association partenaire,Niveau 1 (débutant),114,1,91.5
ALP503978,2019,Béni Mellal-Khénifra,BMK,El Kelaa des Sraghna,Rural,Masculin,39,35-49,ANLCA,Niveau 2 (intermédiaire),50,0,76.0
ALP503979,2016,Béni Mellal-Khénifra,BMK,Azilal,Rural,Féminin,53,50-64,Association partenaire,Niveau 2 (intermédiaire),167,1,74.2
ALP503980,2018,Oriental,ORI,Figuig,Rural,Féminin,57,50-64,Association partenaire,Niveau 1 (débutant),67,1,57.1
ALP503981,2018,Rabat-Salé-Kénitra,RAB,Khémisset,Urbain,Féminin,58,50-64,ANLCA,Niveau 2 (intermédiaire),188,1,65.2
ALP503982,2015,Rabat-Salé-Kénitra,RAB,Skhirate-Témara,Rural,Féminin,63,50-64,ONG,Niveau 2 (intermédiaire),97,0,66.0
ALP503983,2016,Guelmim-Oued Noun,GUE,Tan-Tan,Urbain,Féminin,30,25-34,ONG,Niveau 1 (débutant),144,1,58.4
ALP503984,2022,Tanger-Tétouan-Al Hoceïma,TAN,Tanger-Assilah,Rural,Féminin,30,25-34,ONG,Niveau 2 (intermédiaire),194,1,100.0
ALP503985,2016,Tanger-Tétouan-Al Hoceïma,TAN,Chefchaouen,Urbain,Féminin,43,35-49,Association partenaire,Niveau 2 (intermédiaire),165,1,75.3
ALP503986,2023,Casablanca-Settat,CAS,El Jadida,Rural,Masculin,20,15-24,Entreprise,Niveau 3 (avancé),191,1,67.7
ALP503987,2016,Tanger-Tétouan-Al Hoceïma,TAN,Fahs-Anjra,Rural,Féminin,35,25-34,ANLCA,Niveau 3 (avancé),70,1,63.2
ALP503988,2023,Laâyoune-Sakia El Hamra,LAA,Laâyoune,Rural,Masculin,63,50-64,ANLCA,Niveau 3 (avancé),42,1,35.7
ALP503989,2015,Casablanca-Settat,CAS,Settat,Urbain,Féminin,46,35-49,Association partenaire,Niveau 3 (avancé),152,0,72.6
ALP503990,2015,Fès-Meknès,FES,Taza,Rural,Féminin,19,15-24,ANLCA,Niveau 1 (débutant),121,1,58.0
ALP503991,2015,Tanger-Tétouan-Al Hoceïma,TAN,Tanger-Assilah,Urbain,Féminin,58,50-64,Mosquée,Niveau 1 (débutant),58,1,80.3
ALP503992,2023,Rabat-Salé-Kénitra,RAB,Skhirate-Témara,Urbain,Féminin,28,25-34,ONG,Niveau 2 (intermédiaire),128,1,67.3
ALP503993,2021,Casablanca-Settat,CAS,Sidi Bennour,Urbain,Féminin,21,15-24,ANLCA,Niveau 3 (avancé),106,1,51.0
ALP503994,2020,Rabat-Salé-Kénitra,RAB,Skhirate-Témara,Urbain,Féminin,43,35-49,Entreprise,Niveau 3 (avancé),119,0,38.0
ALP503995,2020,Tanger-Tétouan-Al Hoceïma,TAN,Ouazzane,Rural,Féminin,38,35-49,Entreprise,Niveau 1 (débutant),106,1,75.9
ALP503996,2023,Souss-Massa,SOU,Agadir-Ida-Ou-Tanane,Rural,Féminin,64,50-64,Association partenaire,Niveau 1 (débutant),93,0,40.1
ALP503997,2018,Rabat-Salé-Kénitra,RAB,Sidi Kacem,Urbain,Féminin,58,50-64,ONG,Niveau 1 (débutant),169,1,27.6
ALP503998,2021,Casablanca-Settat,CAS,El Jadida,Rural,Masculin,38,35-49,ONG,Niveau 2 (intermédiaire),166,0,76.0
ALP503999,2019,Marrakech-Safi,MAR,El Kelaa des Sraghna,Rural,Féminin,47,35-49,Mosquée,Niveau 3 (avancé),159,0,70.2
