id_beneficiaire,annee_scolaire,region,code_region,milieu,genre,cycle,type_aide,montant_aide_mad,organisme_financeur
AS600000,2020-2021,Casablanca-Settat,CAS,Rural,Féminin,Collégial,Cartable,173,MEN
AS600001,2018-2019,Tanger-Tétouan-Al Hoceïma,TAN,Rural,Masculin,Qualifiant,Internat,3614,MEN
AS600002,2016-2017,Béni Mellal-Khénifra,BMK,Rural,Féminin,Primaire,Cartable,170,MEN
AS600003,2023-2024,Souss-Massa,SOU,Rural,Masculin,Collégial,Cartable,171,MEN
AS600004,2023-2024,Rabat-Salé-Kénitra,RAB,Urbain,Féminin,Primaire,Uniforme,266,INDH
AS600005,2018-2019,Fès-Meknès,FES,Rural,Masculin,Primaire,Internat,3774,MEN
AS600006,2016-2017,Drâa-Tafilalet,DRA,Urbain,Féminin,Collégial,Cartable,148,MEN
AS600007,2019-2020,Souss-Massa,SOU,Urbain,Masculin,Primaire,Restauration scolaire,1547,INDH
AS600008,2018-2019,Casablanca-Settat,CAS,Rural,Féminin,Qualifiant,Restauration scolaire,1562,MEN
AS600009,2023-2024,Souss-Massa,SOU,Rural,Féminin,Primaire,Cartable,166,MEN
AS600010,2017-2018,Rabat-Salé-Kénitra,RAB,Urbain,Masculin,Primaire,Cartable,160,MEN
AS600011,2017-2018,Tanger-Tétouan-Al Hoceïma,TAN,Urbain,Féminin,Primaire,Restauration scolaire,1905,ONG
AS600012,2022-2023,Casablanca-Settat,CAS,Rural,Féminin,Primaire,Restauration scolaire,1959,MEN
AS600013,2016-2017,Rabat-Salé-Kénitra,RAB,Rural,Féminin,Primaire,Uniforme,267,INDH
AS600014,2015-2016,Oriental,ORI,Urbain,Masculin,Primaire,Cartable,182,MEN
AS600015,2019-2020,Rabat-Salé-Kénitra,RAB,Rural,Féminin,Primaire,Transport scolaire,1221,MEN
AS600016,2017-2018,Rabat-Salé-Kénitra,RAB,Urbain,Féminin,Primaire,Internat,3731,MEN
AS600017,2023-2024,Souss-Massa,SOU,Urbain,Masculin,Primaire,Fournitures,189,ONG
AS600018,2023-2024,Béni Mellal-Khénifra,BMK,Urbain,Masculin,Primaire,Uniforme,253,MEN
AS600019,2016-2017,Oriental,ORI,Urbain,Féminin,Primaire,Restauration scolaire,1894,INDH
AS600020,2017-2018,Rabat-Salé-Kénitra,RAB,Rural,Féminin,Primaire,Transport scolaire,1144,INDH
AS600021,2015-2016,Tanger-Tétouan-Al Hoceïma,TAN,Urbain,Féminin,Collégial,Transport scolaire,1214,MEN
AS600022,2021-2022,Marrakech-Safi,MAR,Rural,Féminin,Collégial,Cartable,172,MEN
AS600023,2019-2020,Casablanca-Settat,CAS,Rural,Masculin,Primaire,Transport scolaire,1157,MEN
AS600024,2019-2020,Casablanca-Settat,CAS,Urbain,Féminin,Primaire,Restauration scolaire,1865,INDH
AS600025,2023-2024,Fès-Meknès,FES,Urbain,Masculin,Primaire,Transport scolaire,1294,MEN
AS600026,2018-2019,Casablanca-Settat,CAS,Urbain,Masculin,Primaire,Restauration scolaire,1909,MEN
AS600027,2015-2016,Rabat-Salé-Kénitra,RAB,Rural,Masculin,Collégial,Cartable,184,MEN
AS600028,2017-2018,Béni Mellal-Khénifra,BMK,Rural,Féminin,Collégial,Restauration scolaire,1879,MEN
AS600029,2017-2018,Tanger-Tétouan-Al Hoceïma,TAN,Rural,Féminin,Collégial,Cartable,145,MEN
AS600030,2019-2020,Casablanca-Settat,CAS,Rural,Féminin,Qualifiant,Restauration scolaire,1791,MEN
AS600031,2018-2019,Marrakech-Safi,MAR,Rural,Féminin,Primaire,Restauration scolaire,1584,Don privé
AS600032,2023-2024,Casablanca-Settat,CAS,Rural,Féminin,Primaire,Internat,3305,MEN
AS600033,2016-2017,Casablanca-Settat,CAS,Urbain,Masculin,Collégial,Fournitures,192,Collectivité locale
AS600034,2017-2018,Marrakech-Safi,MAR,Rural,Féminin,Qualifiant,Restauration scolaire,1849,INDH
AS600035,2018-2019,Marrakech-Safi,MAR,Urbain,Féminin,Primaire,Cartable,172,MEN
AS600036,2015-2016,Casablanca-Settat,CAS,Urbain,Féminin,Qualifiant,Internat,3259,MEN
AS600037,2020-2021,Marrakech-Safi,MAR,Urbain,Féminin,Qualifiant,Fournitures,195,INDH
AS600038,2020-2021,Rabat-Salé-Kénitra,RAB,Rural,Masculin,Collégial,Transport scolaire,970,MEN
AS600039,2016-2017,Marrakech-Safi,MAR,Urbain,Féminin,Primaire,Restauration scolaire,1846,MEN
AS600040,2020-2021,Marrakech-Safi,MAR,Urbain,Masculin,Qualifiant,Transport scolaire,1123,ONG
AS600041,2017-2018,Rabat-Salé-Kénitra,RAB,Rural,Masculin,Collégial,Cartable,186,INDH
AS600042,2018-2019,Oriental,ORI,Urbain,Masculin,Primaire,Cartable,184,MEN
AS600043,2015-2016,Laâyoune-Sakia El Hamra,LAA,Urbain,Féminin,Primaire,Fournitures,218,INDH
AS600044,2016-2017,Souss-Massa,SOU,Rural,Masculin,Primaire,Internat,4009,MEN
AS600045,2022-2023,Casablanca-Settat,CAS,Rural,Masculin,Primaire,Internat,3670,ONG
AS600046,2020-2021,Tanger-Tétouan-Al Hoceïma,TAN,Rural,Masculin,Qualifiant,Restauration scolaire,1667,ONG
AS600047,2021-2022,Marrakech-Safi,MAR,Rural,Féminin,Primaire,Cartable,145,MEN
AS600048,2021-2022,Fès-Meknès,FES,Rural,Féminin,Collégial,Cartable,187,MEN
AS600049,2018-2019,Tanger-Tétouan-Al Hoceïma,TAN,Urbain,Masculin,Primaire,Internat,3168,Collectivité locale
AS600050,2018-2019,Fès-Meknès,FES,Rural,Féminin,Primaire,Internat,3190,MEN
AS600051,2016-2017,Fès-Meknès,FES,Rural,Masculin,Qualifiant,Restauration scolaire,1748,MEN
AS600052,2022-2023,Casablanca-Settat,CAS,Rural,Féminin,Qualifiant,Internat,4050,INDH
AS600053,2022-2023,Guelmim-Oued Noun,GUE,Rural,Masculin,Qualifiant,Cartable,164,ONG
AS600054,2018-2019,Tanger-Tétouan-Al Hoceïma,TAN,Urbain,Féminin,Primaire,Restauration scolaire,1654,INDH
AS600055,2018-2019,Béni Mellal-Khénifra,BMK,Urbain,Masculin,Qualifiant,Cartable,152,MEN
AS600056,2022-2023,Béni Mellal-Khénifra,BMK,Urbain,Masculin,Qualifiant,Internat,3424,ONG
AS600057,2020-2021,Rabat-Salé-Kénitra,RAB,Rural,Féminin,Collégial,Transport scolaire,1096,MEN
AS600058,2022-2023,Souss-Massa,SOU,Urbain,Masculin,Primaire,Internat,3560,MEN
AS600059,2020-2021,Fès-Meknès,FES,Urbain,Féminin,Collégial,Restauration scolaire,1883,ONG
AS600060,2022-2023,Casablanca-Settat,CAS,Urbain,Féminin,Primaire,Uniforme,318,MEN
AS600061,2022-2023,Rabat-Salé-Kénitra,RAB,Rural,Féminin,Primaire,Transport scolaire,1258,Collectivité locale
AS600062,2016-2017,Fès-Meknès,FES,Rural,Masculin,Primaire,Internat,3204,MEN
AS600063,2021-2022,Rabat-Salé-Kénitra,RAB,Rural,Masculin,Primaire,Fournitures,210,Collectivité locale
AS600064,2015-2016,Marrakech-Safi,MAR,Rural,Masculin,Primaire,Fournitures,238,MEN
AS600065,2023-2024,Marrakech-Safi,MAR,Rural,Masculin,Primaire,Restauration scolaire,1656,ONG
AS600066,2015-2016,Drâa-Tafilalet,DRA,Urbain,Féminin,Primaire,Transport scolaire,1130,MEN
AS600067,2019-2020,Rabat-Salé-Kénitra,RAB,Urbain,Masculin,Primaire,Transport scolaire,1216,MEN
AS600068,2016-2017,Fès-Meknès,FES,Rural,Féminin,Primaire,Restauration scolaire,1948,MEN
AS600069,2017-2018,Tanger-Tétouan-Al Hoceïma,TAN,Rural,Masculin,Collégial,Cartable,161,MEN
AS600070,2020-2021,Rabat-Salé-Kénitra,RAB,Rural,Masculin,Primaire,Cartable,148,Don privé
AS600071,2021-2022,Fès-Meknès,FES,Urbain,Masculin,Primaire,Cartable,151,INDH
AS600072,2015-2016,Casablanca-Settat,CAS,Urbain,Masculin,Primaire,Transport scolaire,1136,Collectivité locale
AS600073,2018-2019,Rabat-Salé-Kénitra,RAB,Urbain,Masculin,Collégial,Uniforme,272,MEN
AS600074,2022-2023,Casablanca-Settat,CAS,Rural,Masculin,Primaire,Internat,3417,MEN
AS600075,2021-2022,Fès-Meknès,FES,Urbain,Féminin,Primaire,Cartable,173,MEN
AS600076,2022-2023,Drâa-Tafilalet,DRA,Urbain,Masculin,Primaire,Cartable,169,MEN
AS600077,2023-2024,Fès-Meknès,FES,Rural,Féminin,Collégial,Restauration scolaire,1796,MEN
AS600078,2018-2019,Rabat-Salé-Kénitra,RAB,Rural,Féminin,Primaire,Transport scolaire,1013,MEN
AS600079,2018-2019,Marrakech-Safi,MAR,Rural,Masculin,Collégial,Restauration scolaire,1704,MEN
AS600080,2015-2016,Rabat-Salé-Kénitra,RAB,Rural,Féminin,Qualifiant,Internat,3848,MEN
AS600081,2022-2023,Casablanca-Settat,CAS,Urbain,Féminin,Primaire,Transport scolaire,1292,ONG
AS600082,2017-2018,Oriental,ORI,Rural,Masculin,Qualifiant,Transport scolaire,1510,Don privé
AS600083,2021-2022,Fès-Meknès,FES,Rural,Masculin,Qualifiant,Restauration scolaire,1615,MEN
AS600084,2022-2023,Fès-Meknès,FES,Urbain,Masculin,Collégial,Restauration scolaire,1952,Don privé
AS600085,2023-2024,Tanger-Tétouan-Al Hoceïma,TAN,Urbain,Masculin,Collégial,Fournitures,207,MEN
AS600086,2017-2018,Béni Mellal-Khénifra,BMK,Rural,Masculin,Primaire,Uniforme,249,MEN
AS600087,2021-2022,Souss-Massa,SOU,Urbain,Féminin,Qualifiant,Internat,3931,MEN
AS600088,2021-2022,Fès-Meknès,FES,Rural,Masculin,Primaire,Restauration scolaire,1626,Don privé
AS600089,2021-2022,Marrakech-Safi,MAR,Urbain,Masculin,Collégial,Transport scolaire,1306,INDH
AS600090,2016-2017,Marrakech-Safi,MAR,Rural,Féminin,Collégial,Internat,3599,Don privé
AS600091,2018-2019,Guelmim-Oued Noun,GUE,Rural,Masculin,Primaire,Cartable,161,INDH
AS600092,2023-2024,Casablanca-Settat,CAS,Urbain,Masculin,Primaire,Cartable,147,MEN
AS600093,2021-2022,Casablanca-Settat,CAS,Urbain,Féminin,Qualifiant,Transport scolaire,1337,INDH
AS600094,2015-2016,Guelmim-Oued Noun,GUE,Rural,Masculin,Qualifiant,Restauration scolaire,1934,MEN
AS600095,2022-2023,Casablanca-Settat,CAS,Urbain,Masculin,Primaire,Cartable,147,Collectivité locale
AS600096,2022-2023,Casablanca-Settat,CAS,Rural,Féminin,Qualifiant,Cartable,180,MEN
AS600097,2017-2018,Drâa-Tafilalet,DRA,Urbain,Masculin,Primaire,Cartable,136,Collectivité locale
AS600098,2016-2017,Rabat-Salé-Kénitra,RAB,Rural,Masculin,Primaire,Transport scolaire,1195,MEN
AS600099,2017-2018,Casablanca-Settat,CAS,Rural,Féminin,Collégial,Transport scolaire,913,MEN
AS600100,2021-2022,Casablanca-Settat,CAS,Rural,Masculin,Qualifiant,Restauration scolaire,1583,MEN
AS600101,2015-2016,Marrakech-Safi,MAR,Rural,Masculin,Primaire,Fournitures,196,MEN
AS600102,2016-2017,Béni Mellal-Khénifra,BMK,Rural,Féminin,Collégial,Transport scolaire,1305,MEN
AS600103,2017-2018,Fès-Meknès,FES,Urbain,Féminin,Qualifiant,Restauration scolaire,1661,MEN
AS600104,2017-2018,Casablanca-Settat,CAS,Rural,Masculin,Primaire,Restauration scolaire,1588,Collectivité locale
AS600105,2018-2019,Fès-Meknès,FES,Urbain,Féminin,Primaire,Restauration scolaire,1810,Collectivité locale
AS600106,2022-2023,Fès-Meknès,FES,Urbain,Masculin,Primaire,Cartable,140,MEN
AS600107,2021-2022,Marrakech-Safi,MAR,Rural,Masculin,Collégial,Restauration scolaire,2255,INDH
AS600108,2022-2023,Marrakech-Safi,MAR,Urbain,Féminin,Qualifiant,Fournitures,224,MEN
AS600109,2018-2019,Marrakech-Safi,MAR,Rural,Féminin,Primaire,Fournitures,169,Don privé
AS600110,2021-2022,Marrakech-Safi,MAR,Urbain,Féminin,Primaire,Transport scolaire,1210,MEN
AS600111,2019-2020,Casablanca-Settat,CAS,Rural,Masculin,Primaire,Internat,3186,MEN
AS600112,2018-2019,Fès-Meknès,FES,Urbain,Féminin,Collégial,Internat,2965,MEN
AS600113,2020-2021,Guelmim-Oued Noun,GUE,Rural,Masculin,Primaire,Restauration scolaire,1895,MEN
AS600114,2018-2019,Marrakech-Safi,MAR,Rural,Féminin,Primaire,Restauration scolaire,1882,MEN
AS600115,2017-2018,Fès-Meknès,FES,Rural,Féminin,Collégial,Cartable,145,MEN
AS600116,2017-2018,Casablanca-Settat,CAS,Rural,Féminin,Qualifiant,Cartable,162,MEN
AS600117,2019-2020,Marrakech-Safi,MAR,Rural,Féminin,Collégial,Transport scolaire,1244,MEN
AS600118,2022-2023,Rabat-Salé-Kénitra,RAB,Rural,Masculin,Primaire,Restauration scolaire,2048,ONG
AS600119,2023-2024,Rabat-Salé-Kénitra,RAB,Urbain,Féminin,Qualifiant,Transport scolaire,1411,ONG
AS600120,2018-2019,Souss-Massa,SOU,Rural,Masculin,Collégial,Internat,3465,MEN
AS600121,2019-2020,Souss-Massa,SOU,Urbain,Masculin,Primaire,Restauration scolaire,1793,MEN
AS600122,2023-2024,Laâyoune-Sakia El Hamra,LAA,Rural,Féminin,Collégial,Cartable,134,Collectivité locale
AS600123,2019-2020,Rabat-Salé-Kénitra,RAB,Rural,Féminin,Collégial,Cartable,155,Collectivité locale
AS600124,2017-2018,Tanger-Tétouan-Al Hoceïma,TAN,Urbain,Masculin,Collégial,Uniforme,288,INDH
AS600125,2017-2018,Fès-Meknès,FES,Rural,Féminin,Primaire,Restauration scolaire,1911,INDH
AS600126,2021-2022,Marrakech-Safi,MAR,Rural,Féminin,Primaire,Fournitures,244,ONG
AS600127,2015-2016,Rabat-Salé-Kénitra,RAB,Rural,Masculin,Qualifiant,Internat,4137,MEN
AS600128,2021-2022,Fès-Meknès,FES,Rural,Masculin,Primaire,Transport scolaire,1463,MEN
AS600129,2016-2017,Laâyoune-Sakia El Hamra,LAA,Urbain,Masculin,Collégial,Cartable,167,INDH
AS600130,2018-2019,Rabat-Salé-Kénitra,RAB,Urbain,Féminin,Primaire,Restauration scolaire,1754,MEN
AS600131,2019-2020,Tanger-Tétouan-Al Hoceïma,TAN,Rural,Féminin,Primaire,Uniforme,264,ONG
AS600132,2019-2020,Tanger-Tétouan-Al Hoceïma,TAN,Rural,Féminin,Collégial,Uniforme,271,MEN
AS600133,2022-2023,Oriental,ORI,Rural,Masculin,Primaire,Restauration scolaire,1708,Don privé
AS600134,2017-2018,Marrakech-Safi,MAR,Rural,Féminin,Primaire,Transport scolaire,1325,Collectivité locale
AS600135,2021-2022,Marrakech-Safi,MAR,Rural,Masculin,Primaire,Transport scolaire,1093,INDH
AS600136,2018-2019,Rabat-Salé-Kénitra,RAB,Urbain,Féminin,Qualifiant,Internat,3135,Don privé
AS600137,2020-2021,Fès-Meknès,FES,Urbain,Féminin,Qualifiant,Cartable,167,Collectivité locale
AS600138,2022-2023,Béni Mellal-Khénifra,BMK,Urbain,Masculin,Primaire,Fournitures,221,MEN
AS600139,2018-2019,Oriental,ORI,Urbain,Masculin,Primaire,Cartable,146,INDH
AS600140,2017-2018,Fès-Meknès,FES,Rural,Féminin,Collégial,Restauration scolaire,2224,INDH
AS600141,2015-2016,Oriental,ORI,Urbain,Masculin,Primaire,Cartable,136,MEN
AS600142,2023-2024,Marrakech-Safi,MAR,Urbain,Féminin,Primaire,Restauration scolaire,1922,ONG
AS600143,2016-2017,Casablanca-Settat,CAS,Urbain,Féminin,Collégial,Fournitures,185,INDH
AS600144,2018-2019,Casablanca-Settat,CAS,Urbain,Féminin,Collégial,Restauration scolaire,2098,MEN
AS600145,2021-2022,Souss-Massa,SOU,Rural,Féminin,Qualifiant,Transport scolaire,1307,MEN
AS600146,2017-2018,Rabat-Salé-Kénitra,RAB,Rural,Féminin,Collégial,Internat,4423,MEN
AS600147,2023-2024,Rabat-Salé-Kénitra,RAB,Urbain,Féminin,Qualifiant,Cartable,148,MEN
AS600148,2020-2021,Casablanca-Settat,CAS,Rural,Féminin,Primaire,Transport scolaire,1252,MEN
AS600149,2017-2018,Rabat-Salé-Kénitra,RAB,Urbain,Masculin,Collégial,Cartable,156,MEN
AS600150,2018-2019,Souss-Massa,SOU,Urbain,Masculin,Qualifiant,Restauration scolaire,1811,ONG
AS600151,2015-2016,Rabat-Salé-Kénitra,RAB,Urbain,Masculin,Qualifiant,Cartable,139,INDH
AS600152,2020-2021,Casablanca-Settat,CAS,Rural,Féminin,Primaire,Internat,3376,MEN
AS600153,2019-2020,Souss-Massa,SOU,Urbain,Masculin,Primaire,Fournitures,162,MEN
AS600154,2018-2019,Marrakech-Safi,MAR,Urbain,Masculin,Primaire,Uniforme,291,Collectivité locale
AS600155,2022-2023,Casablanca-Settat,CAS,Rural,Masculin,Qualifiant,Restauration scolaire,2201,Collectivité locale
AS600156,2016-2017,Béni Mellal-Khénifra,BMK,Rural,Féminin,Primaire,Transport scolaire,1126,MEN
AS600157,2018-2019,Béni Mellal-Khénifra,BMK,Rural,Féminin,Primaire,Internat,3681,INDH
AS600158,2019-2020,Casablanca-Settat,CAS,Rural,Masculin,Collégial,Fournitures,190,INDH
AS600159,2020-2021,Tanger-Tétouan-Al Hoceïma,TAN,Rural,Féminin,Qualifiant,Restauration scolaire,1638,MEN
AS600160,2016-2017,Fès-Meknès,FES,Rural,Masculin,Collégial,Restauration scolaire,1488,Collectivité locale
AS600161,2019-2020,Béni Mellal-Khénifra,BMK,Urbain,Masculin,Primaire,Restauration scolaire,1977,Collectivité locale
AS600162,2020-2021,Béni Mellal-Khénifra,BMK,Rural,Masculin,Collégial,Uniforme,288,MEN
AS600163,2017-2018,Fès-Meknès,FES,Urbain,Féminin,Qualifiant,Internat,3530,MEN
AS600164,2020-2021,Rabat-Salé-Kénitra,RAB,Urbain,Masculin,Collégial,Restauration scolaire,1938,ONG
AS600165,2023-2024,Casablanca-Settat,CAS,Urbain,Féminin,Primaire,Restauration scolaire,1801,INDH
AS600166,2016-2017,Rabat-Salé-Kénitra,RAB,Rural,Féminin,Primaire,Transport scolaire,1135,Collectivité locale
AS600167,2016-2017,Tanger-Tétouan-Al Hoceïma,TAN,Rural,Masculin,Collégial,Cartable,168,MEN
AS600168,2017-2018,Souss-Massa,SOU,Rural,Féminin,Primaire,Restauration scolaire,1841,MEN
AS600169,2019-2020,Béni Mellal-Khénifra,BMK,Rural,Masculin,Primaire,Restauration scolaire,1744,MEN
AS600170,2023-2024,Casablanca-Settat,CAS,Rural,Féminin,Primaire,Restauration scolaire,2053,MEN
AS600171,2022-2023,Casablanca-Settat,CAS,Rural,Féminin,Primaire,Cartable,164,MEN
AS600172,2022-2023,Béni Mellal-Khénifra,BMK,Urbain,Féminin,Primaire,Cartable,162,MEN
AS600173,2017-2018,Tanger-Tétouan-Al Hoceïma,TAN,Rural,Féminin,Primaire,Cartable,161,INDH
AS600174,2015-2016,Marrakech-Safi,MAR,Urbain,Masculin,Collégial,Uniforme,272,MEN
AS600175,2020-2021,Rabat-Salé-Kénitra,RAB,Urbain,Féminin,Primaire,Cartable,155,Don privé
AS600176,2016-2017,Tanger-Tétouan-Al Hoceïma,TAN,Urbain,Masculin,Qualifiant,Restauration scolaire,1611,MEN
AS600177,2021-2022,Casablanca-Settat,CAS,Rural,Masculin,Primaire,Restauration scolaire,2047,MEN
AS600178,2023-2024,Laâyoune-Sakia El Hamra,LAA,Urbain,Féminin,Primaire,Restauration scolaire,1692,MEN
AS600179,2020-2021,Marrakech-Safi,MAR,Urbain,Masculin,Primaire,Restauration scolaire,1643,ONG
AS600180,2023-2024,Marrakech-Safi,MAR,Rural,Féminin,Primaire,Restauration scolaire,1710,MEN
AS600181,2016-2017,Casablanca-Settat,CAS,Rural,Féminin,Primaire,Internat,3306,MEN
AS600182,2019-2020,Tanger-Tétouan-Al Hoceïma,TAN,Urbain,Féminin,Collégial,Cartable,161,MEN
AS600183,2018-2019,Casablanca-Settat,CAS,Urbain,Masculin,Collégial,Cartable,176,MEN
AS600184,2020-2021,Tanger-Tétouan-Al Hoceïma,TAN,Urbain,Masculin,Primaire,Transport scolaire,1308,Don privé
AS600185,2016-2017,Casablanca-Settat,CAS,Urbain,Masculin,Primaire,Internat,3672,INDH
AS600186,2018-2019,Marrakech-Safi,MAR,Urbain,Féminin,Qualifiant,Cartable,160,Don privé
AS600187,2020-2021,Tanger-Tétouan-Al Hoceïma,TAN,Urbain,Féminin,Collégial,Restauration scolaire,2004,MEN
AS600188,2019-2020,Béni Mellal-Khénifra,BMK,Urbain,Féminin,Qualifiant,Cartable,121,INDH
AS600189,2015-2016,Rabat-Salé-Kénitra,RAB,Urbain,Masculin,Primaire,Cartable,156,Collectivité locale
AS600190,2021-2022,Fès-Meknès,FES,Rural,Féminin,Collégial,Cartable,154,MEN
AS600191,2018-2019,Casablanca-Settat,CAS,Urbain,Féminin,Primaire,Cartable,159,MEN
AS600192,2015-2016,Casablanca-Settat,CAS,Rural,Féminin,Primaire,Restauration scolaire,2153,MEN
AS600193,2018-2019,Casablanca-Settat,CAS,Urbain,Féminin,Collégial,Cartable,157,MEN
AS600194,2015-2016,Marrakech-Safi,MAR,Rural,Masculin,Primaire,Cartable,162,Collectivité locale
AS600195,2018-2019,Fès-Meknès,FES,Urbain,Féminin,Qualifiant,Cartable,157,INDH
AS600196,2021-2022,Casablanca-Settat,CAS,Rural,Féminin,Collégial,Fournitures,209,MEN
AS600197,2020-2021,Marrakech-Safi,MAR,Urbain,Masculin,Collégial,Restauration scolaire,1650,ONG
AS600198,2020-2021,Casablanca-Settat,CAS,Urbain,Féminin,Collégial,Internat,3584,Collectivité locale
AS600199,2022-2023,Casablanca-Settat,CAS,Urbain,Féminin,Primaire,Uniforme,269,ONG
AS600200,2018-2019,Marrakech-Safi,MAR,Rural,Féminin,Qualifiant,Restauration scolaire,1576,MEN
AS600201,2019-2020,Fès-Meknès,FES,Urbain,Masculin,Qualifiant,Transport scolaire,1224,ONG
AS600202,2017-2018,Marrakech-Safi,MAR,Rural,Masculin,Primaire,Cartable,152,MEN
AS600203,2021-2022,Fès-Meknès,FES,Rural,Féminin,Qualifiant,Cartable,135,MEN
AS600204,2020-2021,Casablanca-Settat,CAS,Urbain,Masculin,Qualifiant,Restauration scolaire,1901,MEN
AS600205,2023-2024,Casablanca-Settat,CAS,Rural,Masculin,Primaire,Fournitures,203,MEN
AS600206,2020-2021,Marrakech-Safi,MAR,Urbain,Féminin,Primaire,Fournitures,206,MEN
AS600207,2023-2024,Drâa-Tafilalet,DRA,Rural,Masculin,Qualifiant,Fournitures,217,ONG
AS600208,2021-2022,Rabat-Salé-Kénitra,RAB,Rural,Masculin,Primaire,Internat,4399,INDH
AS600209,2021-2022,Marrakech-Safi,MAR,Urbain,Féminin,Collégial,Transport scolaire,1140,INDH
AS600210,2019-2020,Marrakech-Safi,MAR,Urbain,Masculin,Primaire,Cartable,125,INDH
AS600211,2020-2021,Souss-Massa,SOU,Rural,Masculin,Primaire,Cartable,160,MEN
AS600212,2017-2018,Rabat-Salé-Kénitra,RAB,Urbain,Masculin,Primaire,Uniforme,257,MEN
AS600213,2017-2018,Casablanca-Settat,CAS,Rural,Masculin,Primaire,Fournitures,205,Don privé
AS600214,2022-2023,Fès-Meknès,FES,Rural,Féminin,Qualifiant,Transport scolaire,1207,MEN
AS600215,2019-2020,Casablanca-Settat,CAS,Rural,Masculin,Collégial,Restauration scolaire,1763,INDH
AS600216,2016-2017,Casablanca-Settat,CAS,Urbain,Féminin,Collégial,Uniforme,378,Collectivité locale
AS600217,2018-2019,Casablanca-Settat,CAS,Urbain,Masculin,Primaire,Cartable,185,MEN
AS600218,2017-2018,Fès-Meknès,FES,Rural,Féminin,Primaire,Transport scolaire,1097,MEN
AS600219,2020-2021,Rabat-Salé-Kénitra,RAB,Urbain,Masculin,Primaire,Cartable,169,INDH
AS600220,2022-2023,Béni Mellal-Khénifra,BMK,Rural,Masculin,Collégial,Restauration scolaire,1785,MEN
AS600221,2023-2024,Casablanca-Settat,CAS,Urbain,Féminin,Primaire,Uniforme,260,MEN
AS600222,2017-2018,Tanger-Tétouan-Al Hoceïma,TAN,Rural,Féminin,Primaire,Uniforme,289,Collectivité locale
AS600223,2020-2021,Marrakech-Safi,MAR,Urbain,Féminin,Primaire,Cartable,164,Collectivité locale
AS600224,2017-2018,Tanger-Tétouan-Al Hoceïma,TAN,Rural,Féminin,Qualifiant,Restauration scolaire,1482,MEN
AS600225,2018-2019,Marrakech-Safi,MAR,Rural,Masculin,Primaire,Cartable,160,ONG
AS600226,2015-2016,Casablanca-Settat,CAS,Urbain,Féminin,Primaire,Internat,3366,INDH
AS600227,2020-2021,Marrakech-Safi,MAR,Rural,Masculin,Collégial,Transport scolaire,1294,Don privé
AS600228,2015-2016,Rabat-Salé-Kénitra,RAB,Urbain,Féminin,Collégial,Transport scolaire,1438,MEN
AS600229,2017-2018,Béni Mellal-Khénifra,BMK,Rural,Masculin,Primaire,Uniforme,354,Collectivité locale
AS600230,2017-2018,Béni Mellal-Khénifra,BMK,Urbain,Masculin,Primaire,Fournitures,224,MEN
AS600231,2015-2016,Souss-Massa,SOU,Urbain,Féminin,Primaire,Transport scolaire,1213,MEN
AS600232,2021-2022,Rabat-Salé-Kénitra,RAB,Urbain,Masculin,Primaire,Uniforme,239,MEN
AS600233,2016-2017,Fès-Meknès,FES,Urbain,Masculin,Collégial,Cartable,189,MEN
AS600234,2020-2021,Casablanca-Settat,CAS,Rural,Masculin,Collégial,Cartable,158,MEN
AS600235,2018-2019,Rabat-Salé-Kénitra,RAB,Urbain,Féminin,Primaire,Cartable,173,INDH
AS600236,2021-2022,Fès-Meknès,FES,Urbain,Féminin,Primaire,Fournitures,198,Collectivité locale
AS600237,2015-2016,Marrakech-Safi,MAR,Rural,Féminin,Primaire,Cartable,150,MEN
AS600238,2019-2020,Fès-Meknès,FES,Urbain,Masculin,Qualifiant,Restauration scolaire,2208,INDH
AS600239,2016-2017,Béni Mellal-Khénifra,BMK,Urbain,Féminin,Primaire,Restauration scolaire,1378,INDH
AS600240,2021-2022,Marrakech-Safi,MAR,Urbain,Féminin,Collégial,Cartable,167,MEN
AS600241,2023-2024,Fès-Meknès,FES,Rural,Féminin,Collégial,Restauration scolaire,2049,MEN
AS600242,2023-2024,Fès-Meknès,FES,Urbain,Féminin,Primaire,Restauration scolaire,2255,Don privé
AS600243,2023-2024,Rabat-Salé-Kénitra,RAB,Urbain,Féminin,Primaire,Uniforme,283,MEN
AS600244,2020-2021,Souss-Massa,SOU,Rural,Féminin,Collégial,Cartable,198,INDH
AS600245,2015-2016,Casablanca-Settat,CAS,Rural,Féminin,Primaire,Uniforme,279,INDH
AS600246,2019-2020,Drâa-Tafilalet,DRA,Rural,Masculin,Primaire,Cartable,169,MEN
AS600247,2017-2018,Souss-Massa,SOU,Rural,Féminin,Primaire,Internat,3498,MEN
AS600248,2023-2024,Marrakech-Safi,MAR,Rural,Féminin,Primaire,Cartable,171,MEN
AS600249,2022-2023,Souss-Massa,SOU,Urbain,Masculin,Primaire,Internat,3046,MEN
AS600250,2022-2023,Souss-Massa,SOU,Rural,Féminin,Primaire,Fournitures,218,ONG
AS600251,2022-2023,Rabat-Salé-Kénitra,RAB,Rural,Féminin,Collégial,Uniforme,283,MEN
AS600252,2021-2022,Oriental,ORI,Rural,Masculin,Primaire,Cartable,159,MEN
AS600253,2022-2023,Oriental,ORI,Rural,Féminin,Qualifiant,Transport scolaire,1276,MEN
AS600254,2022-2023,Fès-Meknès,FES,Rural,Féminin,Collégial,Cartable,158,Collectivité locale
AS600255,2022-2023,Casablanca-Settat,CAS,Rural,Féminin,Primaire,Cartable,171,MEN
AS600256,2023-2024,Béni Mellal-Khénifra,BMK,Rural,Féminin,Primaire,Restauration scolaire,1859,Don privé
AS600257,2023-2024,Fès-Meknès,FES,Rural,Masculin,Collégial,Transport scolaire,1478,MEN
AS600258,2022-2023,Marrakech-Safi,MAR,Urbain,Féminin,Primaire,Transport scolaire,1302,INDH
AS600259,2018-2019,Casablanca-Settat,CAS,Rural,Masculin,Primaire,Internat,4284,MEN
AS600260,2019-2020,Tanger-Tétouan-Al Hoceïma,TAN,Rural,Féminin,Qualifiant,Internat,3497,MEN
AS600261,2015-2016,Casablanca-Settat,CAS,Urbain,Masculin,Collégial,Cartable,145,MEN
AS600262,2023-2024,Casablanca-Settat,CAS,Rural,Masculin,Collégial,Cartable,165,MEN
AS600263,2020-2021,Rabat-Salé-Kénitra,RAB,Rural,Masculin,Primaire,Internat,3240,INDH
AS600264,2020-2021,Drâa-Tafilalet,DRA,Urbain,Féminin,Collégial,Restauration scolaire,1830,MEN
AS600265,2021-2022,Oriental,ORI,Urbain,Féminin,Primaire,Internat,3887,MEN
AS600266,2020-2021,Marrakech-Safi,MAR,Rural,Masculin,Qualifiant,Internat,3814,INDH
AS600267,2023-2024,Oriental,ORI,Urbain,Féminin,Collégial,Uniforme,264,MEN
AS600268,2020-2021,Drâa-Tafilalet,DRA,Urbain,Féminin,Primaire,Cartable,156,Collectivité locale
AS600269,2022-2023,Tanger-Tétouan-Al Hoceïma,TAN,Rural,Masculin,Primaire,Fournitures,217,MEN
AS600270,2018-2019,Fès-Meknès,FES,Rural,Féminin,Primaire,Cartable,190,MEN
AS600271,2018-2019,Fès-Meknès,FES,Rural,Féminin,Qualifiant,Transport scolaire,1320,MEN
AS600272,2023-2024,Marrakech-Safi,MAR,Urbain,Féminin,Collégial,Uniforme,305,MEN
AS600273,2020-2021,Drâa-Tafilalet,DRA,Rural,Masculin,Collégial,Restauration scolaire,1622,INDH
AS600274,2018-2019,Casablanca-Settat,CAS,Urbain,Masculin,Primaire,Restauration scolaire,1834,MEN
AS600275,2021-2022,Drâa-Tafilalet,DRA,Urbain,Masculin,Qualifiant,Internat,3216,INDH
AS600276,2015-2016,Fès-Meknès,FES,Rural,Masculin,Primaire,Restauration scolaire,1898,Collectivité locale
AS600277,2015-2016,Béni Mellal-Khénifra,BMK,Rural,Masculin,Primaire,Cartable,169,INDH
AS600278,2020-2021,Casablanca-Settat,CAS,Urbain,Masculin,Collégial,Fournitures,161,MEN
AS600279,2020-2021,Tanger-Tétouan-Al Hoceïma,TAN,Urbain,Masculin,Collégial,Restauration scolaire,1711,Collectivité locale
AS600280,2022-2023,Marrakech-Safi,MAR,Rural,Masculin,Primaire,Cartable,169,MEN
AS600281,2023-2024,Casablanca-Settat,CAS,Rural,Masculin,Qualifiant,Cartable,140,MEN
AS600282,2015-2016,Laâyoune-Sakia El Hamra,LAA,Rural,Masculin,Primaire,Restauration scolaire,1803,Collectivité locale
AS600283,2023-2024,Drâa-Tafilalet,DRA,Rural,Masculin,Collégial,Cartable,153,MEN
AS600284,2015-2016,Oriental,ORI,Rural,Masculin,Qualifiant,Internat,3383,MEN
AS600285,2019-2020,Drâa-Tafilalet,DRA,Rural,Masculin,Primaire,Restauration scolaire,1546,Collectivité locale
AS600286,2018-2019,Marrakech-Safi,MAR,Urbain,Féminin,Primaire,Internat,3613,Collectivité locale
AS600287,2018-2019,Fès-Meknès,FES,Urbain,Féminin,Primaire,Restauration scolaire,1857,ONG
AS600288,2021-2022,Oriental,ORI,Urbain,Féminin,Primaire,Restauration scolaire,2057,MEN
AS600289,2022-2023,Oriental,ORI,Urbain,Masculin,Primaire,Restauration scolaire,1543,MEN
AS600290,2023-2024,Marrakech-Safi,MAR,Rural,Féminin,Primaire,Cartable,182,ONG
AS600291,2016-2017,Fès-Meknès,FES,Urbain,Féminin,Qualifiant,Restauration scolaire,1834,Collectivité locale
AS600292,2015-2016,Marrakech-Safi,MAR,Rural,Féminin,Primaire,Internat,3668,MEN
AS600293,2019-2020,Marrakech-Safi,MAR,Rural,Féminin,Primaire,Cartable,153,MEN
AS600294,2019-2020,Drâa-Tafilalet,DRA,Rural,Masculin,Collégial,Internat,3217,Collectivité locale
AS600295,2019-2020,Béni Mellal-Khénifra,BMK,Urbain,Masculin,Primaire,Cartable,142,INDH
AS600296,2021-2022,Marrakech-Safi,MAR,Rural,Féminin,Primaire,Internat,3394,MEN
AS600297,2015-2016,Rabat-Salé-Kénitra,RAB,Rural,Masculin,Primaire,Cartable,168,Collectivité locale
AS600298,2023-2024,Casablanca-Settat,CAS,Urbain,Masculin,Collégial,Cartable,128,INDH
AS600299,2018-2019,Casablanca-Settat,CAS,Rural,Féminin,Collégial,Cartable,175,MEN
AS600300,2017-2018,Rabat-Salé-Kénitra,RAB,Rural,Féminin,Primaire,Cartable,185,MEN
AS600301,2019-2020,Oriental,ORI,Rural,Féminin,Primaire,Cartable,144,MEN
AS600302,2018-2019,Souss-Massa,SOU,Rural,Masculin,Qualifiant,Restauration scolaire,2000,INDH
AS600303,2017-2018,Casablanca-Settat,CAS,Urbain,Féminin,Primaire,Internat,3470,MEN
AS600304,2022-2023,Tanger-Tétouan-Al Hoceïma,TAN,Rural,Féminin,Primaire,Transport scolaire,1169,MEN
AS600305,2016-2017,Casablanca-Settat,CAS,Rural,Masculin,Primaire,Transport scolaire,1069,MEN
AS600306,2018-2019,Casablanca-Settat,CAS,Urbain,Masculin,Primaire,Transport scolaire,1139,MEN
AS600307,2017-2018,Rabat-Salé-Kénitra,RAB,Urbain,Féminin,Primaire,Cartable,147,MEN
AS600308,2022-2023,Drâa-Tafilalet,DRA,Urbain,Masculin,Collégial,Internat,2811,MEN
AS600309,2022-2023,Rabat-Salé-Kénitra,RAB,Rural,Masculin,Collégial,Restauration scolaire,2052,INDH
AS600310,2019-2020,Tanger-Tétouan-Al Hoceïma,TAN,Rural,Féminin,Primaire,Internat,3197,MEN
AS600311,2023-2024,Casablanca-Settat,CAS,Urbain,Masculin,Collégial,Transport scolaire,1325,MEN
AS600312,2017-2018,Casablanca-Settat,CAS,Rural,Féminin,Primaire,Transport scolaire,1159,ONG
AS600313,2022-2023,Oriental,ORI,Urbain,Féminin,Primaire,Cartable,170,Collectivité locale
AS600314,2022-2023,Rabat-Salé-Kénitra,RAB,Rural,Féminin,Primaire,Restauration scolaire,2005,MEN
AS600315,2015-2016,Fès-Meknès,FES,Rural,Féminin,Primaire,Restauration scolaire,1719,MEN
AS600316,2016-2017,Béni Mellal-Khénifra,BMK,Rural,Masculin,Qualifiant,Cartable,122,MEN
AS600317,2017-2018,Casablanca-Settat,CAS,Urbain,Masculin,Qualifiant,Fournitures,189,ONG
AS600318,2018-2019,Tanger-Tétouan-Al Hoceïma,TAN,Rural,Féminin,Primaire,Restauration scolaire,1958,MEN
AS600319,2020-2021,Béni Mellal-Khénifra,BMK,Rural,Masculin,Primaire,Restauration scolaire,1826,MEN
AS600320,2023-2024,Oriental,ORI,Urbain,Masculin,Primaire,Fournitures,220,MEN
AS600321,2021-2022,Marrakech-Safi,MAR,Rural,Féminin,Collégial,Cartable,168,INDH
AS600322,2017-2018,Fès-Meknès,FES,Urbain,Masculin,Primaire,Internat,3709,INDH
AS600323,2016-2017,Drâa-Tafilalet,DRA,Rural,Féminin,Primaire,Internat,3179,MEN
AS600324,2020-2021,Marrakech-Safi,MAR,Urbain,Masculin,Collégial,Uniforme,255,Collectivité locale
AS600325,2015-2016,Fès-Meknès,FES,Rural,Féminin,Qualifiant,Internat,3570,MEN
AS600326,2020-2021,Fès-Meknès,FES,Urbain,Féminin,Primaire,Transport scolaire,1158,MEN
AS600327,2020-2021,Casablanca-Settat,CAS,Rural,Masculin,Primaire,Cartable,154,ONG
AS600328,2018-2019,Rabat-Salé-Kénitra,RAB,Urbain,Masculin,Collégial,Internat,3339,INDH
AS600329,2021-2022,Béni Mellal-Khénifra,BMK,Urbain,Masculin,Primaire,Restauration scolaire,1754,INDH
AS600330,2023-2024,Tanger-Tétouan-Al Hoceïma,TAN,Rural,Masculin,Qualifiant,Transport scolaire,1049,MEN
AS600331,2021-2022,Marrakech-Safi,MAR,Rural,Féminin,Qualifiant,Restauration scolaire,1914,MEN
AS600332,2015-2016,Marrakech-Safi,MAR,Rural,Masculin,Primaire,Fournitures,167,MEN
AS600333,2020-2021,Rabat-Salé-Kénitra,RAB,Urbain,Masculin,Primaire,Transport scolaire,1076,Collectivité locale
AS600334,2019-2020,Fès-Meknès,FES,Rural,Masculin,Primaire,Uniforme,280,ONG
AS600335,2019-2020,Oriental,ORI,Urbain,Masculin,Primaire,Restauration scolaire,1680,MEN
AS600336,2022-2023,Oriental,ORI,Urbain,Féminin,Primaire,Cartable,155,INDH
AS600337,2019-2020,Rabat-Salé-Kénitra,RAB,Urbain,Féminin,Primaire,Uniforme,331,MEN
AS600338,2023-2024,Casablanca-Settat,CAS,Rural,Féminin,Primaire,Uniforme,319,MEN
AS600339,2016-2017,Guelmim-Oued Noun,GUE,Urbain,Masculin,Primaire,Cartable,153,Collectivité locale
AS600340,2019-2020,Fès-Meknès,FES,Rural,Féminin,Collégial,Internat,3826,MEN
AS600341,2022-2023,Tanger-Tétouan-Al Hoceïma,TAN,Rural,Féminin,Primaire,Uniforme,334,MEN
AS600342,2020-2021,Tanger-Tétouan-Al Hoceïma,TAN,Rural,Féminin,Primaire,Restauration scolaire,1852,Collectivité locale
AS600343,2020-2021,Laâyoune-Sakia El Hamra,LAA,Rural,Féminin,Primaire,Internat,3173,MEN
AS600344,2019-2020,Oriental,ORI,Urbain,Masculin,Primaire,Cartable,162,MEN
AS600345,2015-2016,Drâa-Tafilalet,DRA,Rural,Féminin,Primaire,Restauration scolaire,2024,MEN
AS600346,2017-2018,Marrakech-Safi,MAR,Rural,Masculin,Primaire,Restauration scolaire,1781,MEN
AS600347,2018-2019,Marrakech-Safi,MAR,Urbain,Masculin,Primaire,Uniforme,286,ONG
AS600348,2015-2016,Casablanca-Settat,CAS,Rural,Féminin,Collégial,Internat,3525,MEN
AS600349,2015-2016,Casablanca-Settat,CAS,Urbain,Masculin,Primaire,Restauration scolaire,1747,ONG
AS600350,2021-2022,Casablanca-Settat,CAS,Rural,Féminin,Primaire,Restauration scolaire,1922,INDH
AS600351,2021-2022,Fès-Meknès,FES,Rural,Féminin,Primaire,Transport scolaire,1070,INDH
AS600352,2018-2019,Fès-Meknès,FES,Rural,Masculin,Primaire,Uniforme,292,MEN
AS600353,2016-2017,Dakhla-Oued Eddahab,DAK,Rural,Masculin,Primaire,Restauration scolaire,1539,MEN
AS600354,2021-2022,Fès-Meknès,FES,Rural,Féminin,Qualifiant,Restauration scolaire,1594,Don privé
AS600355,2020-2021,Souss-Massa,SOU,Urbain,Masculin,Primaire,Restauration scolaire,1779,MEN
AS600356,2018-2019,Fès-Meknès,FES,Urbain,Masculin,Collégial,Cartable,177,MEN
AS600357,2023-2024,Dakhla-Oued Eddahab,DAK,Urbain,Féminin,Collégial,Transport scolaire,1305,Collectivité locale
AS600358,2016-2017,Tanger-Tétouan-Al Hoceïma,TAN,Urbain,Masculin,Collégial,Cartable,153,MEN
AS600359,2015-2016,Rabat-Salé-Kénitra,RAB,Rural,Féminin,Collégial,Transport scolaire,1387,MEN
AS600360,2019-2020,Fès-Meknès,FES,Urbain,Masculin,Qualifiant,Internat,3775,MEN
AS600361,2023-2024,Drâa-Tafilalet,DRA,Rural,Masculin,Qualifiant,Transport scolaire,1219,MEN
AS600362,2019-2020,Souss-Massa,SOU,Rural,Féminin,Collégial,Transport scolaire,1181,MEN
AS600363,2015-2016,Marrakech-Safi,MAR,Rural,Féminin,Primaire,Cartable,163,MEN
AS600364,2015-2016,Marrakech-Safi,MAR,Rural,Féminin,Primaire,Cartable,143,INDH
AS600365,2019-2020,Fès-Meknès,FES,Rural,Féminin,Primaire,Cartable,153,MEN
AS600366,2017-2018,Rabat-Salé-Kénitra,RAB,Rural,Féminin,Qualifiant,Transport scolaire,1162,INDH
AS600367,2021-2022,Souss-Massa,SOU,Rural,Masculin,Collégial,Cartable,145,MEN
AS600368,2015-2016,Rabat-Salé-Kénitra,RAB,Urbain,Féminin,Primaire,Cartable,162,Collectivité locale
AS600369,2019-2020,Souss-Massa,SOU,Urbain,Masculin,Primaire,Cartable,151,MEN
AS600370,2016-2017,Casablanca-Settat,CAS,Rural,Masculin,Primaire,Cartable,151,MEN
AS600371,2022-2023,Casablanca-Settat,CAS,Rural,Masculin,Primaire,Uniforme,282,INDH
AS600372,2017-2018,Tanger-Tétouan-Al Hoceïma,TAN,Urbain,Masculin,Collégial,Fournitures,187,MEN
AS600373,2017-2018,Rabat-Salé-Kénitra,RAB,Rural,Féminin,Primaire,Uniforme,333,MEN
AS600374,2022-2023,Rabat-Salé-Kénitra,RAB,Rural,Féminin,Primaire,Restauration scolaire,1685,Collectivité locale
AS600375,2022-2023,Béni Mellal-Khénifra,BMK,Urbain,Féminin,Qualifiant,Cartable,158,MEN
AS600376,2023-2024,Drâa-Tafilalet,DRA,Urbain,Féminin,Collégial,Uniforme,256,MEN
AS600377,2015-2016,Souss-Massa,SOU,Rural,Féminin,Collégial,Uniforme,338,MEN
AS600378,2017-2018,Casablanca-Settat,CAS,Rural,Féminin,Qualifiant,Uniforme,318,Don privé
AS600379,2019-2020,Casablanca-Settat,CAS,Urbain,Féminin,Qualifiant,Cartable,147,Collectivité locale
AS600380,2019-2020,Marrakech-Safi,MAR,Urbain,Masculin,Qualifiant,Transport scolaire,1235,MEN
AS600381,2019-2020,Rabat-Salé-Kénitra,RAB,Urbain,Masculin,Qualifiant,Restauration scolaire,1633,MEN
AS600382,2015-2016,Fès-Meknès,FES,Rural,Masculin,Primaire,Uniforme,291,MEN
AS600383,2017-2018,Tanger-Tétouan-Al Hoceïma,TAN,Rural,Masculin,Primaire,Internat,3930,ONG
AS600384,2017-2018,Béni Mellal-Khénifra,BMK,Urbain,Féminin,Primaire,Cartable,152,Collectivité locale
AS600385,2019-2020,Casablanca-Settat,CAS,Urbain,Masculin,Qualifiant,Cartable,169,ONG
AS600386,2019-2020,Oriental,ORI,Urbain,Féminin,Primaire,Transport scolaire,1309,MEN
AS600387,2023-2024,Drâa-Tafilalet,DRA,Rural,Masculin,Qualifiant,Transport scolaire,1109,MEN
AS600388,2018-2019,Oriental,ORI,Urbain,Féminin,Primaire,Uniforme,311,MEN
AS600389,2022-2023,Fès-Meknès,FES,Urbain,Masculin,Qualifiant,Restauration scolaire,1622,ONG
AS600390,2019-2020,Oriental,ORI,Rural,Féminin,Primaire,Uniforme,215,INDH
AS600391,2015-2016,Rabat-Salé-Kénitra,RAB,Urbain,Masculin,Collégial,Cartable,151,INDH
AS600392,2015-2016,Tanger-Tétouan-Al Hoceïma,TAN,Rural,Masculin,Primaire,Transport scolaire,1301,MEN
AS600393,2023-2024,Rabat-Salé-Kénitra,RAB,Rural,Masculin,Primaire,Restauration scolaire,1760,MEN
AS600394,2022-2023,Béni Mellal-Khénifra,BMK,Urbain,Féminin,Primaire,Fournitures,206,MEN
AS600395,2015-2016,Rabat-Salé-Kénitra,RAB,Rural,Masculin,Primaire,Cartable,139,INDH
AS600396,2016-2017,Fès-Meknès,FES,Rural,Masculin,Qualifiant,Cartable,155,INDH
AS600397,2015-2016,Casablanca-Settat,CAS,Rural,Masculin,Collégial,Transport scolaire,1172,MEN
AS600398,2020-2021,Souss-Massa,SOU,Rural,Féminin,Collégial,Uniforme,250,Collectivité locale
AS600399,2021-2022,Fès-Meknès,FES,Rural,Masculin,Collégial,Cartable,167,MEN
AS600400,2023-2024,Fès-Meknès,FES,Rural,Féminin,Primaire,Cartable,183,MEN
AS600401,2018-2019,Rabat-Salé-Kénitra,RAB,Urbain,Féminin,Collégial,Cartable,168,MEN
AS600402,2017-2018,Rabat-Salé-Kénitra,RAB,Urbain,Masculin,Primaire,Internat,3889,MEN
AS600403,2015-2016,Drâa-Tafilalet,DRA,Urbain,Masculin,Collégial,Internat,3413,MEN
AS600404,2017-2018,Souss-Massa,SOU,Rural,Féminin,Qualifiant,Restauration scolaire,1641,MEN
AS600405,2023-2024,Fès-Meknès,FES,Rural,Masculin,Primaire,Internat,3639,MEN
AS600406,2022-2023,Casablanca-Settat,CAS,Rural,Féminin,Primaire,Transport scolaire,1056,Collectivité locale
AS600407,2018-2019,Souss-Massa,SOU,Urbain,Féminin,Primaire,Transport scolaire,1150,ONG
AS600408,2015-2016,Casablanca-Settat,CAS,Rural,Masculin,Collégial,Fournitures,175,MEN
AS600409,2018-2019,Rabat-Salé-Kénitra,RAB,Urbain,Masculin,Collégial,Restauration scolaire,1991,INDH
AS600410,2017-2018,Béni Mellal-Khénifra,BMK,Urbain,Féminin,Primaire,Restauration scolaire,1576,ONG
AS600411,2019-2020,Marrakech-Safi,MAR,Urbain,Féminin,Primaire,Restauration scolaire,1893,INDH
AS600412,2021-2022,Rabat-Salé-Kénitra,RAB,Urbain,Masculin,Primaire,Cartable,172,MEN
AS600413,2023-2024,Tanger-Tétouan-Al Hoceïma,TAN,Rural,Masculin,Collégial,Cartable,126,MEN
AS600414,2023-2024,Souss-Massa,SOU,Rural,Féminin,Primaire,Transport scolaire,1082,MEN
AS600415,2022-2023,Oriental,ORI,Rural,Féminin,Primaire,Cartable,161,INDH
AS600416,2017-2018,Béni Mellal-Khénifra,BMK,Rural,Masculin,Primaire,Restauration scolaire,1831,MEN
AS600417,2021-2022,Casablanca-Settat,CAS,Rural,Masculin,Primaire,Uniforme,243,MEN
AS600418,2021-2022,Casablanca-Settat,CAS,Rural,Masculin,Collégial,Transport scolaire,1179,MEN
AS600419,2021-2022,Casablanca-Settat,CAS,Urbain,Masculin,Collégial,Cartable,191,INDH
AS600420,2015-2016,Casablanca-Settat,CAS,Urbain,Masculin,Qualifiant,Transport scolaire,1424,Don privé
AS600421,2019-2020,Souss-Massa,SOU,Rural,Masculin,Primaire,Uniforme,300,Collectivité locale
AS600422,2018-2019,Casablanca-Settat,CAS,Rural,Féminin,Primaire,Uniforme,250,INDH
AS600423,2019-2020,Tanger-Tétouan-Al Hoceïma,TAN,Rural,Masculin,Primaire,Fournitures,212,INDH
AS600424,2022-2023,Souss-Massa,SOU,Urbain,Féminin,Primaire,Restauration scolaire,1675,MEN
AS600425,2023-2024,Rabat-Salé-Kénitra,RAB,Rural,Féminin,Primaire,Internat,3956,MEN
AS600426,2018-2019,Marrakech-Safi,MAR,Rural,Masculin,Qualifiant,Fournitures,241,Collectivité locale
AS600427,2017-2018,Marrakech-Safi,MAR,Rural,Masculin,Collégial,Transport scolaire,1234,INDH
AS600428,2016-2017,Marrakech-Safi,MAR,Rural,Masculin,Primaire,Cartable,158,INDH
AS600429,2016-2017,Oriental,ORI,Urbain,Féminin,Primaire,Transport scolaire,1071,MEN
AS600430,2015-2016,Drâa-Tafilalet,DRA,Rural,Masculin,Collégial,Internat,3859,MEN
AS600431,2016-2017,Casablanca-Settat,CAS,Urbain,Féminin,Primaire,Uniforme,341,MEN
AS600432,2015-2016,Oriental,ORI,Rural,Féminin,Collégial,Cartable,208,MEN
AS600433,2017-2018,Tanger-Tétouan-Al Hoceïma,TAN,Urbain,Masculin,Qualifiant,Transport scolaire,1258,INDH
AS600434,2019-2020,Fès-Meknès,FES,Urbain,Féminin,Collégial,Internat,3700,Collectivité locale
AS600435,2018-2019,Rabat-Salé-Kénitra,RAB,Urbain,Masculin,Collégial,Uniforme,277,Collectivité locale
AS600436,2017-2018,Casablanca-Settat,CAS,Urbain,Féminin,Collégial,Transport scolaire,1130,MEN
AS600437,2020-2021,Tanger-Tétouan-Al Hoceïma,TAN,Rural,Masculin,Collégial,Cartable,140,INDH
AS600438,2017-2018,Marrakech-Safi,MAR,Urbain,Féminin,Primaire,Cartable,167,MEN
AS600439,2022-2023,Casablanca-Settat,CAS,Rural,Masculin,Qualifiant,Internat,3658,MEN
AS600440,2021-2022,Rabat-Salé-Kénitra,RAB,Rural,Masculin,Collégial,Cartable,155,MEN
AS600441,2022-2023,Souss-Massa,SOU,Urbain,Masculin,Primaire,Cartable,178,MEN
AS600442,2020-2021,Casablanca-Settat,CAS,Urbain,Féminin,Collégial,Fournitures,225,Collectivité locale
AS600443,2020-2021,Drâa-Tafilalet,DRA,Rural,Masculin,Primaire,Cartable,148,ONG
AS600444,2017-2018,Fès-Meknès,FES,Urbain,Masculin,Collégial,Internat,3041,Don privé
AS600445,2019-2020,Rabat-Salé-Kénitra,RAB,Urbain,Féminin,Primaire,Cartable,155,Collectivité locale
AS600446,2017-2018,Marrakech-Safi,MAR,Rural,Masculin,Collégial,Restauration scolaire,1717,Collectivité locale
AS600447,2015-2016,Tanger-Tétouan-Al Hoceïma,TAN,Rural,Masculin,Collégial,Restauration scolaire,1848,MEN
AS600448,2015-2016,Laâyoune-Sakia El Hamra,LAA,Rural,Masculin,Collégial,Uniforme,276,Collectivité locale
AS600449,2018-2019,Drâa-Tafilalet,DRA,Rural,Masculin,Primaire,Internat,3653,Collectivité locale
AS600450,2020-2021,Rabat-Salé-Kénitra,RAB,Rural,Masculin,Collégial,Internat,3601,Collectivité locale
AS600451,2015-2016,Souss-Massa,SOU,Urbain,Masculin,Collégial,Restauration scolaire,1897,Don privé
AS600452,2020-2021,Oriental,ORI,Rural,Féminin,Primaire,Cartable,167,Don privé
AS600453,2018-2019,Fès-Meknès,FES,Urbain,Masculin,Primaire,Restauration scolaire,1768,MEN
AS600454,2020-2021,Marrakech-Safi,MAR,Rural,Féminin,Primaire,Restauration scolaire,1950,MEN
AS600455,2016-2017,Marrakech-Safi,MAR,Rural,Féminin,Primaire,Restauration scolaire,1817,MEN
AS600456,2020-2021,Tanger-Tétouan-Al Hoceïma,TAN,Urbain,Féminin,Qualifiant,Uniforme,266,Collectivité locale
AS600457,2022-2023,Casablanca-Settat,CAS,Rural,Masculin,Collégial,Cartable,160,INDH
AS600458,2020-2021,Marrakech-Safi,MAR,Rural,Masculin,Collégial,Internat,3477,INDH
AS600459,2022-2023,Rabat-Salé-Kénitra,RAB,Rural,Masculin,Primaire,Restauration scolaire,1979,Collectivité locale
AS600460,2015-2016,Casablanca-Settat,CAS,Rural,Féminin,Qualifiant,Uniforme,281,MEN
AS600461,2022-2023,Béni Mellal-Khénifra,BMK,Urbain,Féminin,Collégial,Restauration scolaire,1846,MEN
AS600462,2015-2016,Casablanca-Settat,CAS,Rural,Féminin,Primaire,Cartable,138,ONG
AS600463,2016-2017,Fès-Meknès,FES,Urbain,Masculin,Primaire,Internat,3912,MEN
AS600464,2015-2016,Casablanca-Settat,CAS,Urbain,Masculin,Collégial,Internat,2733,MEN
AS600465,2017-2018,Béni Mellal-Khénifra,BMK,Rural,Masculin,Primaire,Transport scolaire,1217,ONG
AS600466,2023-2024,Casablanca-Settat,CAS,Rural,Masculin,Primaire,Cartable,187,MEN
AS600467,2022-2023,Casablanca-Settat,CAS,Urbain,Féminin,Primaire,Restauration scolaire,1787,MEN
AS600468,2015-2016,Fès-Meknès,FES,Rural,Masculin,Primaire,Restauration scolaire,1632,MEN
AS600469,2016-2017,Marrakech-Safi,MAR,Urbain,Masculin,Primaire,Cartable,157,MEN
AS600470,2022-2023,Casablanca-Settat,CAS,Rural,Masculin,Primaire,Restauration scolaire,1543,MEN
AS600471,2020-2021,Fès-Meknès,FES,Urbain,Féminin,Primaire,Cartable,175,MEN
AS600472,2020-2021,Tanger-Tétouan-Al Hoceïma,TAN,Rural,Masculin,Collégial,Cartable,148,Don privé
AS600473,2018-2019,Oriental,ORI,Rural,Féminin,Collégial,Cartable,165,MEN
AS600474,2015-2016,Souss-Massa,SOU,Rural,Féminin,Primaire,Fournitures,208,MEN
AS600475,2015-2016,Rabat-Salé-Kénitra,RAB,Rural,Féminin,Collégial,Restauration scolaire,1881,MEN
AS600476,2017-2018,Béni Mellal-Khénifra,BMK,Urbain,Masculin,Primaire,Cartable,151,MEN
AS600477,2020-2021,Fès-Meknès,FES,Urbain,Féminin,Qualifiant,Cartable,137,Don privé
AS600478,2016-2017,Fès-Meknès,FES,Urbain,Féminin,Primaire,Fournitures,167,MEN
AS600479,2017-2018,Marrakech-Safi,MAR,Urbain,Masculin,Qualifiant,Uniforme,290,INDH
AS600480,2015-2016,Casablanca-Settat,CAS,Rural,Masculin,Collégial,Cartable,174,ONG
AS600481,2017-2018,Souss-Massa,SOU,Rural,Féminin,Collégial,Cartable,170,MEN
AS600482,2021-2022,Tanger-Tétouan-Al Hoceïma,TAN,Rural,Féminin,Primaire,Cartable,179,INDH
AS600483,2023-2024,Marrakech-Safi,MAR,Urbain,Masculin,Collégial,Internat,3448,Collectivité locale
AS600484,2021-2022,Fès-Meknès,FES,Rural,Féminin,Primaire,Transport scolaire,1105,MEN
AS600485,2023-2024,Casablanca-Settat,CAS,Urbain,Masculin,Primaire,Restauration scolaire,1978,MEN
AS600486,2019-2020,Casablanca-Settat,CAS,Rural,Masculin,Collégial,Cartable,136,MEN
AS600487,2019-2020,Rabat-Salé-Kénitra,RAB,Rural,Masculin,Collégial,Internat,3487,MEN
AS600488,2020-2021,Drâa-Tafilalet,DRA,Rural,Féminin,Collégial,Cartable,143,Collectivité locale
AS600489,2018-2019,Souss-Massa,SOU,Rural,Masculin,Qualifiant,Internat,3640,MEN
AS600490,2015-2016,Souss-Massa,SOU,Rural,Féminin,Qualifiant,Cartable,165,MEN
AS600491,2021-2022,Tanger-Tétouan-Al Hoceïma,TAN,Urbain,Masculin,Qualifiant,Fournitures,212,MEN
AS600492,2016-2017,Béni Mellal-Khénifra,BMK,Urbain,Masculin,Collégial,Fournitures,183,MEN
AS600493,2022-2023,Rabat-Salé-Kénitra,RAB,Urbain,Féminin,Primaire,Uniforme,264,INDH
AS600494,2015-2016,Rabat-Salé-Kénitra,RAB,Urbain,Féminin,Qualifiant,Fournitures,188,Don privé
AS600495,2021-2022,Souss-Massa,SOU,Rural,Masculin,Qualifiant,Restauration scolaire,1774,MEN
AS600496,2016-2017,Béni Mellal-Khénifra,BMK,Rural,Féminin,Primaire,Internat,3081,Collectivité locale
AS600497,2018-2019,Béni Mellal-Khénifra,BMK,Urbain,Masculin,Primaire,Restauration scolaire,1921,INDH
AS600498,2019-2020,Oriental,ORI,Urbain,Masculin,Primaire,Transport scolaire,1265,INDH
AS600499,2020-2021,Casablanca-Settat,CAS,Rural,Masculin,Primaire,Uniforme,279,MEN
AS600500,2017-2018,Casablanca-Settat,CAS,Urbain,Masculin,Primaire,Cartable,161,INDH
AS600501,2020-2021,Fès-Meknès,FES,Rural,Masculin,Collégial,Restauration scolaire,1759,MEN
AS600502,2018-2019,Casablanca-Settat,CAS,Rural,Féminin,Qualifiant,Uniforme,260,INDH
AS600503,2019-2020,Béni Mellal-Khénifra,BMK,Rural,Masculin,Primaire,Uniforme,335,Collectivité locale
AS600504,2019-2020,Souss-Massa,SOU,Rural,Masculin,Primaire,Cartable,143,MEN
AS600505,2019-2020,Souss-Massa,SOU,Rural,Masculin,Collégial,Transport scolaire,1135,MEN
AS600506,2017-2018,Casablanca-Settat,CAS,Rural,Masculin,Primaire,Fournitures,174,MEN
AS600507,2021-2022,Rabat-Salé-Kénitra,RAB,Rural,Féminin,Primaire,Restauration scolaire,1957,MEN
AS600508,2015-2016,Béni Mellal-Khénifra,BMK,Rural,Masculin,Primaire,Internat,3265,MEN
AS600509,2018-2019,Souss-Massa,SOU,Rural,Masculin,Primaire,Transport scolaire,1245,MEN
AS600510,2019-2020,Marrakech-Safi,MAR,Urbain,Féminin,Collégial,Cartable,154,Collectivité locale
AS600511,2017-2018,Drâa-Tafilalet,DRA,Urbain,Masculin,Primaire,Uniforme,297,Don privé
AS600512,2018-2019,Tanger-Tétouan-Al Hoceïma,TAN,Urbain,Féminin,Primaire,Fournitures,207,MEN
AS600513,2015-2016,Fès-Meknès,FES,Rural,Féminin,Primaire,Uniforme,273,INDH
AS600514,2016-2017,Souss-Massa,SOU,Rural,Féminin,Qualifiant,Internat,3740,MEN
AS600515,2017-2018,Casablanca-Settat,CAS,Rural,Féminin,Primaire,Restauration scolaire,1904,ONG
AS600516,2021-2022,Casablanca-Settat,CAS,Urbain,Féminin,Primaire,Fournitures,197,INDH
AS600517,2017-2018,Drâa-Tafilalet,DRA,Urbain,Masculin,Primaire,Restauration scolaire,1646,ONG
AS600518,2015-2016,Fès-Meknès,FES,Urbain,Masculin,Primaire,Cartable,140,MEN
AS600519,2019-2020,Tanger-Tétouan-Al Hoceïma,TAN,Urbain,Féminin,Collégial,Transport scolaire,1296,MEN
AS600520,2020-2021,Fès-Meknès,FES,Urbain,Masculin,Primaire,Cartable,178,MEN
AS600521,2020-2021,Casablanca-Settat,CAS,Rural,Masculin,Collégial,Internat,3274,INDH
AS600522,2022-2023,Rabat-Salé-Kénitra,RAB,Rural,Féminin,Primaire,Fournitures,196,INDH
AS600523,2021-2022,Casablanca-Settat,CAS,Urbain,Masculin,Collégial,Uniforme,273,INDH
AS600524,2019-2020,Drâa-Tafilalet,DRA,Urbain,Masculin,Collégial,Transport scolaire,1145,MEN
AS600525,2020-2021,Drâa-Tafilalet,DRA,Rural,Féminin,Qualifiant,Cartable,165,INDH
AS600526,2019-2020,Rabat-Salé-Kénitra,RAB,Urbain,Masculin,Primaire,Uniforme,303,MEN
AS600527,2020-2021,Oriental,ORI,Rural,Féminin,Qualifiant,Internat,3229,MEN
AS600528,2019-2020,Béni Mellal-Khénifra,BMK,Urbain,Féminin,Collégial,Uniforme,293,Don privé
AS600529,2019-2020,Fès-Meknès,FES,Urbain,Masculin,Primaire,Restauration scolaire,1498,MEN
AS600530,2016-2017,Casablanca-Settat,CAS,Rural,Masculin,Primaire,Restauration scolaire,1326,MEN
AS600531,2023-2024,Fès-Meknès,FES,Rural,Féminin,Collégial,Restauration scolaire,1673,MEN
AS600532,2022-2023,Marrakech-Safi,MAR,Rural,Féminin,Collégial,Cartable,139,MEN
AS600533,2023-2024,Oriental,ORI,Rural,Féminin,Primaire,Cartable,166,Collectivité locale
AS600534,2015-2016,Tanger-Tétouan-Al Hoceïma,TAN,Rural,Féminin,Qualifiant,Cartable,145,INDH
AS600535,2015-2016,Souss-Massa,SOU,Urbain,Masculin,Collégial,Restauration scolaire,1725,MEN
AS600536,2020-2021,Rabat-Salé-Kénitra,RAB,Rural,Masculin,Primaire,Transport scolaire,1244,MEN
AS600537,2023-2024,Tanger-Tétouan-Al Hoceïma,TAN,Urbain,Féminin,Primaire,Cartable,148,MEN
AS600538,2019-2020,Casablanca-Settat,CAS,Rural,Féminin,Primaire,Cartable,157,Collectivité locale
AS600539,2021-2022,Souss-Massa,SOU,Urbain,Masculin,Primaire,Restauration scolaire,1615,MEN
AS600540,2017-2018,Oriental,ORI,Urbain,Masculin,Primaire,Cartable,174,MEN
AS600541,2023-2024,Guelmim-Oued Noun,GUE,Urbain,Féminin,Collégial,Restauration scolaire,1707,MEN
AS600542,2017-2018,Marrakech-Safi,MAR,Urbain,Masculin,Collégial,Fournitures,191,Collectivité locale
AS600543,2016-2017,Béni Mellal-Khénifra,BMK,Rural,Masculin,Primaire,Cartable,160,MEN
AS600544,2017-2018,Fès-Meknès,FES,Urbain,Masculin,Collégial,Restauration scolaire,1784,INDH
AS600545,2016-2017,Rabat-Salé-Kénitra,RAB,Rural,Masculin,Collégial,Internat,2895,MEN
AS600546,2015-2016,Béni Mellal-Khénifra,BMK,Rural,Masculin,Collégial,Restauration scolaire,1985,MEN
AS600547,2019-2020,Souss-Massa,SOU,Rural,Masculin,Primaire,Cartable,162,MEN
AS600548,2020-2021,Casablanca-Settat,CAS,Rural,Féminin,Qualifiant,Transport scolaire,1142,MEN
AS600549,2023-2024,Rabat-Salé-Kénitra,RAB,Rural,Masculin,Primaire,Cartable,152,MEN
AS600550,2015-2016,Casablanca-Settat,CAS,Rural,Masculin,Collégial,Cartable,168,MEN
AS600551,2018-2019,Rabat-Salé-Kénitra,RAB,Urbain,Féminin,Primaire,Restauration scolaire,1811,INDH
AS600552,2019-2020,Casablanca-Settat,CAS,Urbain,Féminin,Primaire,Transport scolaire,1224,MEN
AS600553,2017-2018,Oriental,ORI,Urbain,Féminin,Primaire,Restauration scolaire,1932,INDH
AS600554,2015-2016,Rabat-Salé-Kénitra,RAB,Urbain,Féminin,Collégial,Fournitures,173,Collectivité locale
AS600555,2018-2019,Guelmim-Oued Noun,GUE,Urbain,Masculin,Primaire,Cartable,151,MEN
AS600556,2020-2021,Marrakech-Safi,MAR,Rural,Féminin,Collégial,Uniforme,269,INDH
AS600557,2021-2022,Souss-Massa,SOU,Urbain,Masculin,Primaire,Restauration scolaire,1895,Collectivité locale
AS600558,2019-2020,Tanger-Tétouan-Al Hoceïma,TAN,Urbain,Féminin,Collégial,Restauration scolaire,1505,MEN
AS600559,2020-2021,Oriental,ORI,Rural,Féminin,Collégial,Internat,2796,Collectivité locale
AS600560,2023-2024,Casablanca-Settat,CAS,Urbain,Féminin,Primaire,Cartable,167,INDH
AS600561,2023-2024,Marrakech-Safi,MAR,Rural,Féminin,Collégial,Cartable,163,MEN
AS600562,2016-2017,Rabat-Salé-Kénitra,RAB,Rural,Masculin,Collégial,Internat,3482,MEN
AS600563,2016-2017,Fès-Meknès,FES,Rural,Masculin,Collégial,Transport scolaire,1122,ONG
AS600564,2019-2020,Rabat-Salé-Kénitra,RAB,Urbain,Féminin,Primaire,Restauration scolaire,1919,MEN
AS600565,2020-2021,Marrakech-Safi,MAR,Urbain,Féminin,Primaire,Fournitures,217,MEN
AS600566,2015-2016,Tanger-Tétouan-Al Hoceïma,TAN,Urbain,Féminin,Primaire,Internat,3687,Collectivité locale
AS600567,2015-2016,Casablanca-Settat,CAS,Urbain,Féminin,Primaire,Transport scolaire,1306,MEN
AS600568,2019-2020,Drâa-Tafilalet,DRA,Rural,Féminin,Qualifiant,Cartable,176,ONG
AS600569,2018-2019,Marrakech-Safi,MAR,Rural,Masculin,Collégial,Restauration scolaire,1660,ONG
AS600570,2022-2023,Tanger-Tétouan-Al Hoceïma,TAN,Urbain,Féminin,Primaire,Restauration scolaire,1723,ONG
AS600571,2017-2018,Marrakech-Safi,MAR,Urbain,Masculin,Primaire,Transport scolaire,1468,Collectivité locale
AS600572,2016-2017,Casablanca-Settat,CAS,Rural,Féminin,Primaire,Internat,3481,MEN
AS600573,2023-2024,Rabat-Salé-Kénitra,RAB,Urbain,Féminin,Collégial,Internat,3302,ONG
AS600574,2015-2016,Souss-Massa,SOU,Rural,Masculin,Primaire,Cartable,172,MEN
AS600575,2023-2024,Casablanca-Settat,CAS,Rural,Féminin,Collégial,Cartable,153,INDH
AS600576,2018-2019,Casablanca-Settat,CAS,Urbain,Masculin,Primaire,Cartable,160,MEN
AS600577,2018-2019,Rabat-Salé-Kénitra,RAB,Urbain,Féminin,Qualifiant,Cartable,125,MEN
AS600578,2017-2018,Tanger-Tétouan-Al Hoceïma,TAN,Rural,Féminin,Primaire,Uniforme,265,MEN
AS600579,2023-2024,Souss-Massa,SOU,Rural,Féminin,Qualifiant,Transport scolaire,1112,INDH
AS600580,2019-2020,Oriental,ORI,Rural,Masculin,Collégial,Transport scolaire,1381,MEN
AS600581,2016-2017,Rabat-Salé-Kénitra,RAB,Rural,Féminin,Collégial,Uniforme,204,INDH
AS600582,2022-2023,Laâyoune-Sakia El Hamra,LAA,Urbain,Masculin,Collégial,Cartable,178,INDH
AS600583,2016-2017,Fès-Meknès,FES,Rural,Féminin,Qualifiant,Uniforme,307,MEN
AS600584,2016-2017,Fès-Meknès,FES,Rural,Masculin,Primaire,Transport scolaire,1312,MEN
AS600585,2015-2016,Casablanca-Settat,CAS,Rural,Masculin,Collégial,Uniforme,255,INDH
AS600586,2022-2023,Oriental,ORI,Rural,Masculin,Qualifiant,Cartable,167,MEN
AS600587,2018-2019,Casablanca-Settat,CAS,Urbain,Masculin,Primaire,Cartable,188,MEN
AS600588,2019-2020,Casablanca-Settat,CAS,Rural,Masculin,Qualifiant,Transport scolaire,1401,MEN
AS600589,2019-2020,Rabat-Salé-Kénitra,RAB,Urbain,Masculin,Qualifiant,Cartable,175,Collectivité locale
AS600590,2018-2019,Casablanca-Settat,CAS,Rural,Féminin,Primaire,Transport scolaire,1372,INDH
AS600591,2018-2019,Tanger-Tétouan-Al Hoceïma,TAN,Urbain,Masculin,Primaire,Cartable,155,INDH
AS600592,2016-2017,Tanger-Tétouan-Al Hoceïma,TAN,Rural,Féminin,Primaire,Cartable,139,MEN
AS600593,2022-2023,Casablanca-Settat,CAS,Urbain,Masculin,Primaire,Transport scolaire,1086,INDH
AS600594,2015-2016,Casablanca-Settat,CAS,Urbain,Féminin,Primaire,Restauration scolaire,1571,INDH
AS600595,2021-2022,Fès-Meknès,FES,Rural,Masculin,Qualifiant,Internat,3621,MEN
AS600596,2021-2022,Rabat-Salé-Kénitra,RAB,Rural,Féminin,Collégial,Internat,3791,Collectivité locale
AS600597,2022-2023,Oriental,ORI,Urbain,Féminin,Collégial,Cartable,160,MEN
AS600598,2015-2016,Casablanca-Settat,CAS,Rural,Masculin,Collégial,Cartable,152,MEN
AS600599,2021-2022,Marrakech-Safi,MAR,Rural,Féminin,Primaire,Cartable,167,MEN
AS600600,2021-2022,Drâa-Tafilalet,DRA,Rural,Féminin,Primaire,Restauration scolaire,1450,MEN
AS600601,2019-2020,Tanger-Tétouan-Al Hoceïma,TAN,Urbain,Féminin,Collégial,Internat,3527,MEN
AS600602,2018-2019,Fès-Meknès,FES,Rural,Féminin,Collégial,Restauration scolaire,1756,INDH
AS600603,2019-2020,Drâa-Tafilalet,DRA,Rural,Féminin,Primaire,Transport scolaire,1175,Collectivité locale
AS600604,2015-2016,Casablanca-Settat,CAS,Rural,Masculin,Qualifiant,Restauration scolaire,1824,INDH
AS600605,2022-2023,Tanger-Tétouan-Al Hoceïma,TAN,Rural,Masculin,Collégial,Internat,3439,MEN
AS600606,2021-2022,Casablanca-Settat,CAS,Urbain,Masculin,Primaire,Fournitures,189,MEN
AS600607,2019-2020,Casablanca-Settat,CAS,Rural,Masculin,Primaire,Cartable,140,MEN
AS600608,2015-2016,Fès-Meknès,FES,Rural,Masculin,Collégial,Internat,3901,MEN
AS600609,2018-2019,Marrakech-Safi,MAR,Urbain,Masculin,Primaire,Restauration scolaire,2088,MEN
AS600610,2023-2024,Tanger-Tétouan-Al Hoceïma,TAN,Rural,Masculin,Collégial,Transport scolaire,1007,INDH
AS600611,2017-2018,Rabat-Salé-Kénitra,RAB,Rural,Masculin,Primaire,Internat,3131,Collectivité locale
AS600612,2022-2023,Rabat-Salé-Kénitra,RAB,Rural,Féminin,Primaire,Fournitures,215,MEN
AS600613,2021-2022,Rabat-Salé-Kénitra,RAB,Urbain,Féminin,Qualifiant,Fournitures,223,MEN
AS600614,2022-2023,Fès-Meknès,FES,Rural,Féminin,Collégial,Uniforme,274,MEN
AS600615,2021-2022,Marrakech-Safi,MAR,Rural,Masculin,Qualifiant,Cartable,181,INDH
AS600616,2023-2024,Casablanca-Settat,CAS,Rural,Masculin,Primaire,Cartable,123,MEN
AS600617,2022-2023,Marrakech-Safi,MAR,Rural,Féminin,Primaire,Cartable,181,MEN
AS600618,2017-2018,Souss-Massa,SOU,Urbain,Masculin,Primaire,Cartable,165,Collectivité locale
AS600619,2023-2024,Marrakech-Safi,MAR,Rural,Masculin,Primaire,Uniforme,334,INDH
AS600620,2017-2018,Marrakech-Safi,MAR,Rural,Masculin,Collégial,Uniforme,300,MEN
AS600621,2021-2022,Marrakech-Safi,MAR,Rural,Féminin,Primaire,Cartable,156,INDH
AS600622,2016-2017,Tanger-Tétouan-Al Hoceïma,TAN,Rural,Féminin,Qualifiant,Uniforme,298,MEN
AS600623,2023-2024,Fès-Meknès,FES,Urbain,Féminin,Primaire,Transport scolaire,1153,ONG
AS600624,2019-2020,Drâa-Tafilalet,DRA,Urbain,Féminin,Collégial,Restauration scolaire,1717,ONG
AS600625,2022-2023,Tanger-Tétouan-Al Hoceïma,TAN,Rural,Féminin,Collégial,Restauration scolaire,1781,MEN
AS600626,2017-2018,Casablanca-Settat,CAS,Rural,Masculin,Primaire,Transport scolaire,1271,ONG
AS600627,2020-2021,Casablanca-Settat,CAS,Rural,Féminin,Collégial,Cartable,189,MEN
AS600628,2019-2020,Rabat-Salé-Kénitra,RAB,Urbain,Féminin,Primaire,Restauration scolaire,1808,INDH
AS600629,2017-2018,Oriental,ORI,Urbain,Féminin,Primaire,Transport scolaire,1328,MEN
AS600630,2015-2016,Souss-Massa,SOU,Rural,Féminin,Primaire,Transport scolaire,1268,Collectivité locale
AS600631,2016-2017,Casablanca-Settat,CAS,Urbain,Masculin,Collégial,Cartable,175,MEN
AS600632,2023-2024,Tanger-Tétouan-Al Hoceïma,TAN,Urbain,Féminin,Collégial,Transport scolaire,1228,Collectivité locale
AS600633,2021-2022,Fès-Meknès,FES,Rural,Féminin,Primaire,Restauration scolaire,1715,MEN
AS600634,2019-2020,Fès-Meknès,FES,Rural,Féminin,Primaire,Cartable,129,MEN
AS600635,2021-2022,Casablanca-Settat,CAS,Urbain,Masculin,Primaire,Fournitures,209,MEN
AS600636,2021-2022,Souss-Massa,SOU,Urbain,Féminin,Qualifiant,Restauration scolaire,1757,MEN
AS600637,2021-2022,Tanger-Tétouan-Al Hoceïma,TAN,Rural,Masculin,Primaire,Transport scolaire,1239,Collectivité locale
AS600638,2023-2024,Oriental,ORI,Rural,Masculin,Primaire,Restauration scolaire,1739,Collectivité locale
AS600639,2022-2023,Souss-Massa,SOU,Urbain,Féminin,Primaire,Uniforme,266,INDH
AS600640,2020-2021,Tanger-Tétouan-Al Hoceïma,TAN,Rural,Masculin,Primaire,Cartable,144,ONG
AS600641,2018-2019,Marrakech-Safi,MAR,Rural,Féminin,Collégial,Uniforme,280,INDH
AS600642,2019-2020,Fès-Meknès,FES,Urbain,Masculin,Primaire,Restauration scolaire,2005,Collectivité locale
AS600643,2016-2017,Rabat-Salé-Kénitra,RAB,Urbain,Féminin,Primaire,Uniforme,306,MEN
AS600644,2017-2018,Oriental,ORI,Rural,Masculin,Collégial,Internat,3861,MEN
AS600645,2023-2024,Guelmim-Oued Noun,GUE,Rural,Féminin,Collégial,Restauration scolaire,2082,MEN
AS600646,2022-2023,Marrakech-Safi,MAR,Urbain,Masculin,Primaire,Restauration scolaire,1705,INDH
AS600647,2015-2016,Marrakech-Safi,MAR,Urbain,Féminin,Primaire,Restauration scolaire,1689,Collectivité locale
AS600648,2018-2019,Rabat-Salé-Kénitra,RAB,Rural,Féminin,Primaire,Internat,3606,MEN
AS600649,2019-2020,Béni Mellal-Khénifra,BMK,Urbain,Féminin,Primaire,Internat,2795,INDH
AS600650,2020-2021,Drâa-Tafilalet,DRA,Urbain,Masculin,Qualifiant,Transport scolaire,1410,MEN
AS600651,2020-2021,Casablanca-Settat,CAS,Urbain,Féminin,Collégial,Fournitures,198,MEN
AS600652,2023-2024,Laâyoune-Sakia El Hamra,LAA,Rural,Masculin,Collégial,Cartable,142,MEN
AS600653,2016-2017,Marrakech-Safi,MAR,Rural,Féminin,Primaire,Transport scolaire,1026,ONG
AS600654,2015-2016,Fès-Meknès,FES,Rural,Masculin,Qualifiant,Transport scolaire,1143,ONG
AS600655,2023-2024,Tanger-Tétouan-Al Hoceïma,TAN,Rural,Masculin,Primaire,Uniforme,278,MEN
AS600656,2015-2016,Tanger-Tétouan-Al Hoceïma,TAN,Urbain,Féminin,Primaire,Restauration scolaire,2030,MEN
AS600657,2016-2017,Rabat-Salé-Kénitra,RAB,Rural,Féminin,Qualifiant,Cartable,176,MEN
AS600658,2018-2019,Marrakech-Safi,MAR,Urbain,Féminin,Collégial,Cartable,182,MEN
AS600659,2023-2024,Béni Mellal-Khénifra,BMK,Urbain,Masculin,Primaire,Internat,3658,MEN
AS600660,2017-2018,Casablanca-Settat,CAS,Urbain,Masculin,Collégial,Internat,3096,MEN
AS600661,2017-2018,Souss-Massa,SOU,Rural,Féminin,Primaire,Cartable,152,MEN
AS600662,2017-2018,Guelmim-Oued Noun,GUE,Urbain,Masculin,Primaire,Fournitures,207,Collectivité locale
AS600663,2022-2023,Fès-Meknès,FES,Rural,Féminin,Primaire,Transport scolaire,1223,MEN
AS600664,2019-2020,Béni Mellal-Khénifra,BMK,Urbain,Masculin,Collégial,Internat,3306,Collectivité locale
AS600665,2015-2016,Casablanca-Settat,CAS,Rural,Masculin,Collégial,Restauration scolaire,1706,Collectivité locale
AS600666,2023-2024,Casablanca-Settat,CAS,Rural,Masculin,Primaire,Cartable,145,ONG
AS600667,2018-2019,Drâa-Tafilalet,DRA,Rural,Féminin,Primaire,Uniforme,280,MEN
AS600668,2015-2016,Souss-Massa,SOU,Urbain,Masculin,Qualifiant,Cartable,146,MEN
AS600669,2017-2018,Casablanca-Settat,CAS,Urbain,Féminin,Primaire,Cartable,149,MEN
AS600670,2015-2016,Fès-Meknès,FES,Urbain,Féminin,Primaire,Uniforme,320,MEN
AS600671,2016-2017,Casablanca-Settat,CAS,Rural,Masculin,Primaire,Cartable,147,MEN
AS600672,2019-2020,Casablanca-Settat,CAS,Rural,Féminin,Primaire,Fournitures,184,MEN
AS600673,2018-2019,Béni Mellal-Khénifra,BMK,Rural,Masculin,Primaire,Cartable,183,ONG
AS600674,2018-2019,Casablanca-Settat,CAS,Rural,Masculin,Collégial,Restauration scolaire,1885,MEN
AS600675,2019-2020,Casablanca-Settat,CAS,Urbain,Féminin,Primaire,Restauration scolaire,1592,Collectivité locale
AS600676,2023-2024,Fès-Meknès,FES,Rural,Masculin,Primaire,Internat,3965,MEN
AS600677,2020-2021,Rabat-Salé-Kénitra,RAB,Urbain,Féminin,Primaire,Restauration scolaire,1548,MEN
AS600678,2016-2017,Oriental,ORI,Rural,Masculin,Primaire,Cartable,147,Collectivité locale
AS600679,2021-2022,Fès-Meknès,FES,Rural,Masculin,Primaire,Transport scolaire,1308,MEN
AS600680,2016-2017,Marrakech-Safi,MAR,Urbain,Masculin,Collégial,Restauration scolaire,1660,ONG
AS600681,2022-2023,Rabat-Salé-Kénitra,RAB,Urbain,Masculin,Qualifiant,Cartable,146,INDH
AS600682,2022-2023,Fès-Meknès,FES,Rural,Masculin,Primaire,Cartable,176,MEN
AS600683,2023-2024,Fès-Meknès,FES,Urbain,Féminin,Primaire,Internat,3149,MEN
AS600684,2015-2016,Rabat-Salé-Kénitra,RAB,Urbain,Féminin,Collégial,Transport scolaire,1276,INDH
AS600685,2021-2022,Tanger-Tétouan-Al Hoceïma,TAN,Urbain,Masculin,Qualifiant,Cartable,159,INDH
AS600686,2023-2024,Casablanca-Settat,CAS,Rural,Masculin,Qualifiant,Restauration scolaire,1762,INDH
AS600687,2016-2017,Fès-Meknès,FES,Rural,Masculin,Primaire,Restauration scolaire,1743,INDH
AS600688,2023-2024,Tanger-Tétouan-Al Hoceïma,TAN,Rural,Féminin,Primaire,Restauration scolaire,1890,INDH
AS600689,2023-2024,Fès-Meknès,FES,Rural,Féminin,Collégial,Cartable,148,INDH
AS600690,2015-2016,Fès-Meknès,FES,Rural,Féminin,Qualifiant,Cartable,151,INDH
AS600691,2021-2022,Casablanca-Settat,CAS,Rural,Féminin,Collégial,Restauration scolaire,1792,INDH
AS600692,2016-2017,Béni Mellal-Khénifra,BMK,Rural,Féminin,Primaire,Transport scolaire,1199,MEN
AS600693,2021-2022,Tanger-Tétouan-Al Hoceïma,TAN,Urbain,Masculin,Primaire,Restauration scolaire,1706,Don privé
AS600694,2018-2019,Souss-Massa,SOU,Urbain,Féminin,Qualifiant,Internat,4130,ONG
AS600695,2019-2020,Marrakech-Safi,MAR,Urbain,Masculin,Primaire,Cartable,200,Collectivité locale
AS600696,2020-2021,Béni Mellal-Khénifra,BMK,Urbain,Masculin,Primaire,Cartable,163,INDH
AS600697,2015-2016,Rabat-Salé-Kénitra,RAB,Urbain,Masculin,Primaire,Cartable,138,MEN
AS600698,2018-2019,Marrakech-Safi,MAR,Rural,Masculin,Primaire,Cartable,149,MEN
AS600699,2019-2020,Casablanca-Settat,CAS,Urbain,Féminin,Primaire,Transport scolaire,1361,INDH
AS600700,2023-2024,Casablanca-Settat,CAS,Rural,Masculin,Primaire,Internat,3775,INDH
AS600701,2020-2021,Tanger-Tétouan-Al Hoceïma,TAN,Rural,Masculin,Collégial,Restauration scolaire,1574,MEN
AS600702,2021-2022,Béni Mellal-Khénifra,BMK,Rural,Masculin,Collégial,Restauration scolaire,1755,MEN
AS600703,2016-2017,Souss-Massa,SOU,Rural,Masculin,Primaire,Cartable,137,MEN
AS600704,2019-2020,Dakhla-Oued Eddahab,DAK,Rural,Féminin,Collégial,Internat,4263,MEN
AS600705,2021-2022,Casablanca-Settat,CAS,Rural,Féminin,Collégial,Restauration scolaire,1778,MEN
AS600706,2023-2024,Rabat-Salé-Kénitra,RAB,Urbain,Féminin,Collégial,Uniforme,318,INDH
AS600707,2015-2016,Marrakech-Safi,MAR,Rural,Féminin,Collégial,Fournitures,218,INDH
AS600708,2016-2017,Tanger-Tétouan-Al Hoceïma,TAN,Urbain,Masculin,Primaire,Uniforme,289,ONG
AS600709,2023-2024,Rabat-Salé-Kénitra,RAB,Rural,Masculin,Collégial,Restauration scolaire,1799,MEN
AS600710,2023-2024,Marrakech-Safi,MAR,Urbain,Masculin,Qualifiant,Restauration scolaire,1882,ONG
AS600711,2023-2024,Rabat-Salé-Kénitra,RAB,Rural,Masculin,Collégial,Uniforme,309,Don privé
AS600712,2019-2020,Marrakech-Safi,MAR,Urbain,Féminin,Collégial,Cartable,176,INDH
AS600713,2019-2020,Rabat-Salé-Kénitra,RAB,Rural,Masculin,Collégial,Cartable,148,MEN
AS600714,2022-2023,Rabat-Salé-Kénitra,RAB,Urbain,Masculin,Collégial,Transport scolaire,1242,Collectivité locale
AS600715,2015-2016,Marrakech-Safi,MAR,Rural,Masculin,Primaire,Fournitures,214,MEN
AS600716,2015-2016,Marrakech-Safi,MAR,Urbain,Féminin,Primaire,Uniforme,240,INDH
AS600717,2018-2019,Casablanca-Settat,CAS,Rural,Masculin,Primaire,Restauration scolaire,1432,MEN
AS600718,2022-2023,Béni Mellal-Khénifra,BMK,Urbain,Féminin,Primaire,Transport scolaire,1099,MEN
AS600719,2022-2023,Rabat-Salé-Kénitra,RAB,Rural,Masculin,Collégial,Uniforme,303,Collectivité locale
AS600720,2017-2018,Drâa-Tafilalet,DRA,Rural,Masculin,Primaire,Restauration scolaire,1783,INDH
AS600721,2018-2019,Béni Mellal-Khénifra,BMK,Rural,Masculin,Collégial,Cartable,145,MEN
AS600722,2020-2021,Casablanca-Settat,CAS,Urbain,Féminin,Collégial,Cartable,160,MEN
AS600723,2017-2018,Fès-Meknès,FES,Rural,Masculin,Primaire,Restauration scolaire,1576,MEN
AS600724,2020-2021,Fès-Meknès,FES,Rural,Masculin,Primaire,Cartable,133,MEN
AS600725,2019-2020,Casablanca-Settat,CAS,Rural,Masculin,Qualifiant,Cartable,126,MEN
AS600726,2019-2020,Souss-Massa,SOU,Urbain,Féminin,Primaire,Transport scolaire,1269,MEN
AS600727,2016-2017,Souss-Massa,SOU,Rural,Féminin,Primaire,Uniforme,274,INDH
AS600728,2020-2021,Tanger-Tétouan-Al Hoceïma,TAN,Rural,Masculin,Primaire,Cartable,161,ONG
AS600729,2023-2024,Béni Mellal-Khénifra,BMK,Rural,Masculin,Collégial,Internat,3639,MEN
AS600730,2018-2019,Marrakech-Safi,MAR,Urbain,Masculin,Collégial,Uniforme,292,INDH
AS600731,2021-2022,Marrakech-Safi,MAR,Urbain,Féminin,Collégial,Restauration scolaire,1881,MEN
AS600732,2023-2024,Fès-Meknès,FES,Rural,Féminin,Qualifiant,Cartable,153,MEN
AS600733,2022-2023,Marrakech-Safi,MAR,Urbain,Masculin,Collégial,Uniforme,263,MEN
AS600734,2018-2019,Casablanca-Settat,CAS,Urbain,Féminin,Qualifiant,Uniforme,234,INDH
AS600735,2021-2022,Souss-Massa,SOU,Rural,Féminin,Collégial,Restauration scolaire,1516,INDH
AS600736,2021-2022,Souss-Massa,SOU,Urbain,Féminin,Primaire,Restauration scolaire,1944,MEN
AS600737,2022-2023,Fès-Meknès,FES,Rural,Féminin,Primaire,Cartable,173,Collectivité locale
AS600738,2021-2022,Marrakech-Safi,MAR,Urbain,Féminin,Primaire,Uniforme,278,Collectivité locale
AS600739,2018-2019,Marrakech-Safi,MAR,Rural,Féminin,Qualifiant,Uniforme,208,Collectivité locale
AS600740,2017-2018,Marrakech-Safi,MAR,Urbain,Masculin,Primaire,Cartable,149,Collectivité locale
AS600741,2023-2024,Fès-Meknès,FES,Urbain,Masculin,Qualifiant,Restauration scolaire,1566,INDH
AS600742,2021-2022,Casablanca-Settat,CAS,Rural,Féminin,Primaire,Internat,2797,ONG
AS600743,2017-2018,Tanger-Tétouan-Al Hoceïma,TAN,Urbain,Féminin,Primaire,Uniforme,290,MEN
AS600744,2015-2016,Marrakech-Safi,MAR,Rural,Masculin,Primaire,Restauration scolaire,1866,MEN
AS600745,2015-2016,Rabat-Salé-Kénitra,RAB,Rural,Masculin,Primaire,Transport scolaire,1016,MEN
AS600746,2023-2024,Tanger-Tétouan-Al Hoceïma,TAN,Rural,Masculin,Collégial,Cartable,131,Collectivité locale
AS600747,2023-2024,Casablanca-Settat,CAS,Urbain,Masculin,Primaire,Cartable,149,MEN
AS600748,2021-2022,Rabat-Salé-Kénitra,RAB,Urbain,Féminin,Primaire,Restauration scolaire,2046,Collectivité locale
AS600749,2015-2016,Oriental,ORI,Urbain,Féminin,Collégial,Cartable,166,INDH
AS600750,2022-2023,Casablanca-Settat,CAS,Urbain,Féminin,Collégial,Cartable,174,ONG
AS600751,2017-2018,Fès-Meknès,FES,Rural,Masculin,Primaire,Cartable,180,MEN
AS600752,2023-2024,Fès-Meknès,FES,Urbain,Féminin,Collégial,Cartable,162,MEN
AS600753,2021-2022,Marrakech-Safi,MAR,Urbain,Masculin,Qualifiant,Uniforme,280,INDH
AS600754,2020-2021,Oriental,ORI,Urbain,Masculin,Primaire,Fournitures,196,MEN
AS600755,2020-2021,Fès-Meknès,FES,Rural,Masculin,Qualifiant,Restauration scolaire,1739,MEN
AS600756,2017-2018,Rabat-Salé-Kénitra,RAB,Rural,Féminin,Qualifiant,Transport scolaire,1267,ONG
AS600757,2022-2023,Drâa-Tafilalet,DRA,Rural,Féminin,Primaire,Restauration scolaire,1936,MEN
AS600758,2021-2022,Oriental,ORI,Urbain,Féminin,Collégial,Transport scolaire,1133,INDH
AS600759,2020-2021,Tanger-Tétouan-Al Hoceïma,TAN,Urbain,Féminin,Collégial,Cartable,152,ONG
AS600760,2021-2022,Laâyoune-Sakia El Hamra,LAA,Urbain,Féminin,Primaire,Internat,3059,Don privé
AS600761,2020-2021,Béni Mellal-Khénifra,BMK,Rural,Féminin,Primaire,Cartable,157,INDH
AS600762,2022-2023,Oriental,ORI,Urbain,Masculin,Primaire,Cartable,158,MEN
AS600763,2018-2019,Fès-Meknès,FES,Rural,Masculin,Collégial,Restauration scolaire,1970,INDH
AS600764,2021-2022,Drâa-Tafilalet,DRA,Rural,Masculin,Collégial,Restauration scolaire,1413,INDH
AS600765,2021-2022,Casablanca-Settat,CAS,Rural,Masculin,Collégial,Internat,3168,MEN
AS600766,2015-2016,Rabat-Salé-Kénitra,RAB,Urbain,Féminin,Qualifiant,Internat,2785,MEN
AS600767,2019-2020,Casablanca-Settat,CAS,Rural,Féminin,Collégial,Restauration scolaire,1821,MEN
AS600768,2021-2022,Marrakech-Safi,MAR,Rural,Féminin,Primaire,Cartable,167,MEN
AS600769,2023-2024,Marrakech-Safi,MAR,Urbain,Masculin,Primaire,Uniforme,276,Don privé
AS600770,2023-2024,Marrakech-Safi,MAR,Rural,Masculin,Collégial,Uniforme,282,Collectivité locale
AS600771,2015-2016,Béni Mellal-Khénifra,BMK,Urbain,Masculin,Primaire,Restauration scolaire,1780,ONG
AS600772,2020-2021,Casablanca-Settat,CAS,Urbain,Masculin,Primaire,Cartable,150,MEN
AS600773,2018-2019,Marrakech-Safi,MAR,Urbain,Masculin,Primaire,Transport scolaire,1189,MEN
AS600774,2016-2017,Rabat-Salé-Kénitra,RAB,Urbain,Féminin,Qualifiant,Fournitures,169,Collectivité locale
AS600775,2017-2018,Tanger-Tétouan-Al Hoceïma,TAN,Rural,Masculin,Collégial,Transport scolaire,1298,MEN
AS600776,2023-2024,Fès-Meknès,FES,Rural,Féminin,Qualifiant,Cartable,146,ONG
AS600777,2015-2016,Casablanca-Settat,CAS,Rural,Masculin,Primaire,Fournitures,208,MEN
AS600778,2022-2023,Drâa-Tafilalet,DRA,Urbain,Masculin,Primaire,Cartable,163,Don privé
AS600779,2017-2018,Souss-Massa,SOU,Urbain,Féminin,Collégial,Transport scolaire,1191,MEN
AS600780,2019-2020,Casablanca-Settat,CAS,Rural,Féminin,Primaire,Cartable,165,Collectivité locale
AS600781,2022-2023,Rabat-Salé-Kénitra,RAB,Rural,Féminin,Primaire,Uniforme,339,MEN
AS600782,2021-2022,Casablanca-Settat,CAS,Rural,Féminin,Collégial,Restauration scolaire,1704,MEN
AS600783,2016-2017,Marrakech-Safi,MAR,Urbain,Masculin,Primaire,Restauration scolaire,1678,Collectivité locale
AS600784,2018-2019,Souss-Massa,SOU,Rural,Féminin,Qualifiant,Cartable,142,MEN
AS600785,2017-2018,Marrakech-Safi,MAR,Urbain,Masculin,Collégial,Cartable,132,MEN
AS600786,2016-2017,Rabat-Salé-Kénitra,RAB,Urbain,Masculin,Collégial,Internat,3079,MEN
AS600787,2023-2024,Casablanca-Settat,CAS,Urbain,Féminin,Primaire,Transport scolaire,973,Don privé
AS600788,2022-2023,Tanger-Tétouan-Al Hoceïma,TAN,Urbain,Masculin,Primaire,Restauration scolaire,1728,MEN
AS600789,2020-2021,Drâa-Tafilalet,DRA,Rural,Masculin,Collégial,Restauration scolaire,1630,MEN
AS600790,2020-2021,Souss-Massa,SOU,Urbain,Masculin,Primaire,Internat,3747,MEN
AS600791,2023-2024,Tanger-Tétouan-Al Hoceïma,TAN,Rural,Masculin,Primaire,Uniforme,286,MEN
AS600792,2018-2019,Souss-Massa,SOU,Rural,Féminin,Qualifiant,Restauration scolaire,1825,MEN
AS600793,2015-2016,Marrakech-Safi,MAR,Rural,Masculin,Collégial,Transport scolaire,1237,MEN
AS600794,2015-2016,Tanger-Tétouan-Al Hoceïma,TAN,Rural,Masculin,Collégial,Transport scolaire,1150,MEN
AS600795,2018-2019,Drâa-Tafilalet,DRA,Rural,Masculin,Qualifiant,Restauration scolaire,1742,INDH
AS600796,2021-2022,Marrakech-Safi,MAR,Rural,Féminin,Collégial,Uniforme,291,MEN
AS600797,2015-2016,Tanger-Tétouan-Al Hoceïma,TAN,Rural,Féminin,Collégial,Cartable,184,ONG
AS600798,2019-2020,Casablanca-Settat,CAS,Rural,Masculin,Primaire,Transport scolaire,1257,MEN
AS600799,2017-2018,Rabat-Salé-Kénitra,RAB,Urbain,Féminin,Primaire,Restauration scolaire,1503,MEN
AS600800,2022-2023,Fès-Meknès,FES,Urbain,Masculin,Collégial,Cartable,177,INDH
AS600801,2015-2016,Souss-Massa,SOU,Urbain,Masculin,Primaire,Internat,3318,INDH
AS600802,2016-2017,Souss-Massa,SOU,Rural,Féminin,Primaire,Restauration scolaire,2027,Don privé
AS600803,2015-2016,Oriental,ORI,Rural,Masculin,Primaire,Transport scolaire,1020,MEN
AS600804,2018-2019,Oriental,ORI,Urbain,Masculin,Qualifiant,Uniforme,242,MEN
AS600805,2015-2016,Rabat-Salé-Kénitra,RAB,Urbain,Féminin,Primaire,Fournitures,181,MEN
AS600806,2020-2021,Fès-Meknès,FES,Rural,Féminin,Collégial,Transport scolaire,1157,MEN
AS600807,2016-2017,Oriental,ORI,Urbain,Masculin,Collégial,Cartable,173,INDH
AS600808,2018-2019,Souss-Massa,SOU,Urbain,Masculin,Collégial,Restauration scolaire,2045,MEN
AS600809,2020-2021,Marrakech-Safi,MAR,Urbain,Masculin,Collégial,Restauration scolaire,1977,Collectivité locale
AS600810,2017-2018,Tanger-Tétouan-Al Hoceïma,TAN,Rural,Masculin,Primaire,Restauration scolaire,1745,INDH
AS600811,2021-2022,Souss-Massa,SOU,Urbain,Masculin,Qualifiant,Internat,3419,MEN
AS600812,2016-2017,Casablanca-Settat,CAS,Urbain,Masculin,Collégial,Cartable,164,Collectivité locale
AS600813,2016-2017,Tanger-Tétouan-Al Hoceïma,TAN,Urbain,Masculin,Primaire,Transport scolaire,1192,Collectivité locale
AS600814,2020-2021,Marrakech-Safi,MAR,Rural,Féminin,Qualifiant,Uniforme,278,MEN
AS600815,2020-2021,Fès-Meknès,FES,Urbain,Féminin,Qualifiant,Transport scolaire,1222,Don privé
AS600816,2021-2022,Marrakech-Safi,MAR,Rural,Masculin,Qualifiant,Cartable,162,MEN
AS600817,2019-2020,Marrakech-Safi,MAR,Rural,Féminin,Collégial,Restauration scolaire,1527,MEN
AS600818,2022-2023,Tanger-Tétouan-Al Hoceïma,TAN,Urbain,Féminin,Collégial,Uniforme,277,ONG
AS600819,2022-2023,Oriental,ORI,Rural,Féminin,Qualifiant,Cartable,130,MEN
AS600820,2018-2019,Oriental,ORI,Rural,Masculin,Qualifiant,Internat,3928,MEN
AS600821,2021-2022,Souss-Massa,SOU,Rural,Féminin,Primaire,Restauration scolaire,2091,MEN
AS600822,2020-2021,Tanger-Tétouan-Al Hoceïma,TAN,Rural,Masculin,Collégial,Internat,3451,MEN
AS600823,2017-2018,Béni Mellal-Khénifra,BMK,Rural,Féminin,Primaire,Cartable,163,INDH
AS600824,2017-2018,Casablanca-Settat,CAS,Rural,Féminin,Qualifiant,Restauration scolaire,1837,MEN
AS600825,2020-2021,Marrakech-Safi,MAR,Urbain,Féminin,Primaire,Cartable,142,MEN
AS600826,2015-2016,Fès-Meknès,FES,Urbain,Féminin,Qualifiant,Internat,3761,Collectivité locale
AS600827,2023-2024,Rabat-Salé-Kénitra,RAB,Urbain,Masculin,Qualifiant,Restauration scolaire,1637,MEN
AS600828,2020-2021,Marrakech-Safi,MAR,Urbain,Féminin,Qualifiant,Restauration scolaire,1751,ONG
AS600829,2022-2023,Rabat-Salé-Kénitra,RAB,Rural,Masculin,Primaire,Cartable,160,ONG
AS600830,2023-2024,Marrakech-Safi,MAR,Rural,Féminin,Primaire,Cartable,156,INDH
AS600831,2021-2022,Oriental,ORI,Rural,Féminin,Primaire,Restauration scolaire,2061,Collectivité locale
AS600832,2020-2021,Casablanca-Settat,CAS,Rural,Masculin,Collégial,Restauration scolaire,1600,ONG
AS600833,2016-2017,Rabat-Salé-Kénitra,RAB,Rural,Féminin,Collégial,Cartable,198,MEN
AS600834,2022-2023,Casablanca-Settat,CAS,Rural,Féminin,Qualifiant,Cartable,149,MEN
AS600835,2020-2021,Casablanca-Settat,CAS,Urbain,Féminin,Qualifiant,Cartable,157,Collectivité locale
AS600836,2018-2019,Rabat-Salé-Kénitra,RAB,Urbain,Masculin,Primaire,Uniforme,219,INDH
AS600837,2022-2023,Guelmim-Oued Noun,GUE,Rural,Masculin,Primaire,Transport scolaire,1272,MEN
AS600838,2022-2023,Casablanca-Settat,CAS,Rural,Féminin,Primaire,Fournitures,206,MEN
AS600839,2022-2023,Casablanca-Settat,CAS,Rural,Masculin,Qualifiant,Transport scolaire,1016,Collectivité locale
AS600840,2022-2023,Marrakech-Safi,MAR,Urbain,Masculin,Qualifiant,Fournitures,202,Don privé
AS600841,2015-2016,Casablanca-Settat,CAS,Urbain,Masculin,Collégial,Uniforme,309,ONG
AS600842,2017-2018,Tanger-Tétouan-Al Hoceïma,TAN,Rural,Féminin,Collégial,Cartable,137,MEN
AS600843,2019-2020,Fès-Meknès,FES,Rural,Féminin,Qualifiant,Cartable,138,Collectivité locale
AS600844,2018-2019,Casablanca-Settat,CAS,Urbain,Féminin,Primaire,Internat,3924,Don privé
AS600845,2023-2024,Oriental,ORI,Rural,Masculin,Primaire,Internat,3708,MEN
AS600846,2020-2021,Marrakech-Safi,MAR,Urbain,Féminin,Collégial,Transport scolaire,1283,MEN
AS600847,2018-2019,Guelmim-Oued Noun,GUE,Urbain,Masculin,Qualifiant,Internat,3682,MEN
AS600848,2020-2021,Rabat-Salé-Kénitra,RAB,Rural,Masculin,Qualifiant,Uniforme,250,MEN
AS600849,2019-2020,Fès-Meknès,FES,Urbain,Masculin,Primaire,Uniforme,275,INDH
AS600850,2016-2017,Tanger-Tétouan-Al Hoceïma,TAN,Rural,Masculin,Primaire,Fournitures,175,Collectivité locale
AS600851,2021-2022,Marrakech-Safi,MAR,Rural,Masculin,Collégial,Restauration scolaire,1532,MEN
AS600852,2019-2020,Rabat-Salé-Kénitra,RAB,Urbain,Féminin,Primaire,Restauration scolaire,1711,INDH
AS600853,2023-2024,Souss-Massa,SOU,Rural,Masculin,Collégial,Cartable,163,MEN
AS600854,2021-2022,Fès-Meknès,FES,Rural,Masculin,Primaire,Cartable,147,MEN
AS600855,2022-2023,Tanger-Tétouan-Al Hoceïma,TAN,Urbain,Féminin,Collégial,Restauration scolaire,1888,MEN
AS600856,2022-2023,Dakhla-Oued Eddahab,DAK,Urbain,Féminin,Qualifiant,Fournitures,203,Don privé
AS600857,2018-2019,Rabat-Salé-Kénitra,RAB,Rural,Féminin,Qualifiant,Cartable,168,INDH
AS600858,2015-2016,Rabat-Salé-Kénitra,RAB,Rural,Masculin,Collégial,Cartable,124,Collectivité locale
AS600859,2015-2016,Rabat-Salé-Kénitra,RAB,Urbain,Féminin,Collégial,Cartable,146,ONG
AS600860,2018-2019,Guelmim-Oued Noun,GUE,Urbain,Masculin,Collégial,Restauration scolaire,1545,MEN
AS600861,2019-2020,Béni Mellal-Khénifra,BMK,Rural,Féminin,Qualifiant,Internat,2970,MEN
AS600862,2016-2017,Béni Mellal-Khénifra,BMK,Rural,Masculin,Collégial,Internat,3040,MEN
AS600863,2020-2021,Fès-Meknès,FES,Rural,Masculin,Primaire,Internat,2986,INDH
AS600864,2019-2020,Tanger-Tétouan-Al Hoceïma,TAN,Urbain,Masculin,Collégial,Cartable,171,Don privé
AS600865,2021-2022,Drâa-Tafilalet,DRA,Rural,Masculin,Primaire,Cartable,154,INDH
AS600866,2015-2016,Souss-Massa,SOU,Rural,Masculin,Primaire,Restauration scolaire,1725,MEN
AS600867,2016-2017,Tanger-Tétouan-Al Hoceïma,TAN,Rural,Féminin,Collégial,Transport scolaire,1320,ONG
AS600868,2016-2017,Casablanca-Settat,CAS,Urbain,Masculin,Qualifiant,Restauration scolaire,1805,MEN
AS600869,2023-2024,Oriental,ORI,Urbain,Masculin,Primaire,Cartable,179,INDH
AS600870,2021-2022,Souss-Massa,SOU,Rural,Masculin,Collégial,Restauration scolaire,1651,Collectivité locale
AS600871,2020-2021,Marrakech-Safi,MAR,Rural,Masculin,Primaire,Internat,3777,MEN
AS600872,2023-2024,Casablanca-Settat,CAS,Rural,Féminin,Primaire,Fournitures,203,INDH
AS600873,2017-2018,Rabat-Salé-Kénitra,RAB,Rural,Masculin,Qualifiant,Cartable,139,MEN
AS600874,2021-2022,Casablanca-Settat,CAS,Rural,Masculin,Primaire,Cartable,169,MEN
AS600875,2022-2023,Rabat-Salé-Kénitra,RAB,Rural,Féminin,Collégial,Restauration scolaire,1675,MEN
AS600876,2023-2024,Casablanca-Settat,CAS,Rural,Masculin,Primaire,Cartable,168,INDH
AS600877,2020-2021,Marrakech-Safi,MAR,Urbain,Masculin,Primaire,Restauration scolaire,1945,ONG
AS600878,2019-2020,Marrakech-Safi,MAR,Urbain,Masculin,Primaire,Cartable,170,INDH
AS600879,2015-2016,Tanger-Tétouan-Al Hoceïma,TAN,Urbain,Féminin,Primaire,Internat,3228,INDH
AS600880,2022-2023,Marrakech-Safi,MAR,Rural,Féminin,Primaire,Cartable,158,MEN
AS600881,2016-2017,Rabat-Salé-Kénitra,RAB,Rural,Masculin,Primaire,Fournitures,167,Collectivité locale
AS600882,2019-2020,Casablanca-Settat,CAS,Urbain,Féminin,Qualifiant,Cartable,171,MEN
AS600883,2021-2022,Tanger-Tétouan-Al Hoceïma,TAN,Rural,Masculin,Primaire,Fournitures,236,MEN
AS600884,2023-2024,Casablanca-Settat,CAS,Rural,Masculin,Qualifiant,Restauration scolaire,1879,MEN
AS600885,2023-2024,Marrakech-Safi,MAR,Rural,Masculin,Primaire,Restauration scolaire,1737,MEN
AS600886,2020-2021,Marrakech-Safi,MAR,Rural,Masculin,Primaire,Cartable,154,MEN
AS600887,2021-2022,Rabat-Salé-Kénitra,RAB,Rural,Féminin,Collégial,Transport scolaire,1140,MEN
AS600888,2018-2019,Fès-Meknès,FES,Rural,Masculin,Primaire,Fournitures,207,MEN
AS600889,2016-2017,Oriental,ORI,Rural,Féminin,Collégial,Cartable,197,INDH
AS600890,2015-2016,Marrakech-Safi,MAR,Rural,Masculin,Qualifiant,Restauration scolaire,1800,MEN
AS600891,2018-2019,Rabat-Salé-Kénitra,RAB,Urbain,Masculin,Primaire,Transport scolaire,1117,MEN
AS600892,2018-2019,Casablanca-Settat,CAS,Urbain,Masculin,Collégial,Uniforme,274,ONG
AS600893,2015-2016,Drâa-Tafilalet,DRA,Urbain,Masculin,Primaire,Cartable,177,MEN
AS600894,2020-2021,Rabat-Salé-Kénitra,RAB,Urbain,Masculin,Collégial,Restauration scolaire,1662,MEN
AS600895,2016-2017,Fès-Meknès,FES,Urbain,Masculin,Primaire,Cartable,136,MEN
AS600896,2018-2019,Oriental,ORI,Rural,Masculin,Primaire,Uniforme,296,INDH
AS600897,2016-2017,Rabat-Salé-Kénitra,RAB,Rural,Féminin,Collégial,Uniforme,283,ONG
AS600898,2018-2019,Fès-Meknès,FES,Urbain,Féminin,Collégial,Transport scolaire,1136,MEN
AS600899,2021-2022,Rabat-Salé-Kénitra,RAB,Urbain,Masculin,Qualifiant,Internat,3204,ONG
AS600900,2023-2024,Tanger-Tétouan-Al Hoceïma,TAN,Urbain,Masculin,Primaire,Internat,3220,MEN
AS600901,2019-2020,Laâyoune-Sakia El Hamra,LAA,Urbain,Masculin,Collégial,Internat,3684,INDH
AS600902,2019-2020,Oriental,ORI,Rural,Féminin,Primaire,Uniforme,254,Collectivité locale
AS600903,2019-2020,Laâyoune-Sakia El Hamra,LAA,Rural,Masculin,Qualifiant,Fournitures,211,INDH
AS600904,2022-2023,Drâa-Tafilalet,DRA,Rural,Féminin,Qualifiant,Internat,3898,Don privé
AS600905,2015-2016,Tanger-Tétouan-Al Hoceïma,TAN,Rural,Féminin,Primaire,Transport scolaire,1053,MEN
AS600906,2022-2023,Casablanca-Settat,CAS,Rural,Masculin,Primaire,Cartable,160,MEN
AS600907,2015-2016,Souss-Massa,SOU,Rural,Masculin,Collégial,Transport scolaire,1156,ONG
AS600908,2019-2020,Oriental,ORI,Urbain,Masculin,Collégial,Restauration scolaire,1772,MEN
AS600909,2019-2020,Souss-Massa,SOU,Rural,Masculin,Primaire,Uniforme,245,MEN
AS600910,2020-2021,Tanger-Tétouan-Al Hoceïma,TAN,Urbain,Masculin,Collégial,Internat,3643,Collectivité locale
AS600911,2022-2023,Casablanca-Settat,CAS,Rural,Féminin,Primaire,Restauration scolaire,1607,MEN
AS600912,2020-2021,Rabat-Salé-Kénitra,RAB,Rural,Masculin,Collégial,Cartable,168,ONG
AS600913,2017-2018,Oriental,ORI,Urbain,Masculin,Collégial,Cartable,159,MEN
AS600914,2016-2017,Fès-Meknès,FES,Rural,Féminin,Collégial,Restauration scolaire,1589,MEN
AS600915,2019-2020,Fès-Meknès,FES,Rural,Masculin,Collégial,Cartable,155,Don privé
AS600916,2022-2023,Oriental,ORI,Rural,Masculin,Primaire,Uniforme,268,ONG
AS600917,2018-2019,Tanger-Tétouan-Al Hoceïma,TAN,Rural,Masculin,Primaire,Restauration scolaire,1942,Collectivité locale
AS600918,2019-2020,Rabat-Salé-Kénitra,RAB,Urbain,Masculin,Primaire,Internat,3186,MEN
AS600919,2019-2020,Drâa-Tafilalet,DRA,Rural,Féminin,Collégial,Uniforme,264,INDH
AS600920,2018-2019,Tanger-Tétouan-Al Hoceïma,TAN,Rural,Masculin,Qualifiant,Restauration scolaire,1867,MEN
AS600921,2020-2021,Fès-Meknès,FES,Rural,Féminin,Qualifiant,Transport scolaire,1069,INDH
AS600922,2017-2018,Casablanca-Settat,CAS,Rural,Masculin,Collégial,Restauration scolaire,1926,MEN
AS600923,2020-2021,Fès-Meknès,FES,Rural,Masculin,Collégial,Restauration scolaire,1670,MEN
AS600924,2015-2016,Drâa-Tafilalet,DRA,Rural,Féminin,Primaire,Restauration scolaire,1833,MEN
AS600925,2019-2020,Fès-Meknès,FES,Rural,Masculin,Primaire,Internat,4010,Collectivité locale
AS600926,2022-2023,Casablanca-Settat,CAS,Rural,Masculin,Collégial,Cartable,140,INDH
AS600927,2017-2018,Casablanca-Settat,CAS,Urbain,Féminin,Qualifiant,Internat,4166,MEN
AS600928,2017-2018,Souss-Massa,SOU,Rural,Féminin,Primaire,Uniforme,256,MEN
AS600929,2018-2019,Rabat-Salé-Kénitra,RAB,Urbain,Masculin,Primaire,Internat,3909,Collectivité locale
AS600930,2017-2018,Laâyoune-Sakia El Hamra,LAA,Rural,Masculin,Qualifiant,Cartable,141,Collectivité locale
AS600931,2021-2022,Drâa-Tafilalet,DRA,Urbain,Masculin,Primaire,Cartable,177,INDH
AS600932,2023-2024,Marrakech-Safi,MAR,Urbain,Féminin,Qualifiant,Transport scolaire,1045,MEN
AS600933,2016-2017,Dakhla-Oued Eddahab,DAK,Rural,Masculin,Primaire,Uniforme,312,ONG
AS600934,2015-2016,Casablanca-Settat,CAS,Rural,Masculin,Primaire,Transport scolaire,1217,MEN
AS600935,2017-2018,Casablanca-Settat,CAS,Urbain,Masculin,Qualifiant,Uniforme,291,INDH
AS600936,2018-2019,Souss-Massa,SOU,Urbain,Masculin,Primaire,Uniforme,249,MEN
AS600937,2023-2024,Tanger-Tétouan-Al Hoceïma,TAN,Rural,Féminin,Collégial,Uniforme,255,MEN
AS600938,2019-2020,Casablanca-Settat,CAS,Rural,Masculin,Collégial,Cartable,126,MEN
AS600939,2020-2021,Souss-Massa,SOU,Urbain,Féminin,Primaire,Internat,3894,ONG
AS600940,2017-2018,Fès-Meknès,FES,Rural,Féminin,Collégial,Cartable,160,Collectivité locale
AS600941,2016-2017,Souss-Massa,SOU,Urbain,Masculin,Qualifiant,Restauration scolaire,1727,MEN
AS600942,2022-2023,Souss-Massa,SOU,Rural,Masculin,Primaire,Cartable,174,MEN
AS600943,2016-2017,Tanger-Tétouan-Al Hoceïma,TAN,Urbain,Masculin,Collégial,Internat,3109,INDH
AS600944,2022-2023,Souss-Massa,SOU,Rural,Masculin,Primaire,Uniforme,325,MEN
AS600945,2019-2020,Fès-Meknès,FES,Rural,Féminin,Primaire,Transport scolaire,1142,MEN
AS600946,2022-2023,Marrakech-Safi,MAR,Urbain,Masculin,Primaire,Internat,3588,MEN
AS600947,2021-2022,Guelmim-Oued Noun,GUE,Rural,Masculin,Qualifiant,Internat,3957,MEN
AS600948,2018-2019,Casablanca-Settat,CAS,Rural,Féminin,Primaire,Restauration scolaire,1847,MEN
AS600949,2018-2019,Rabat-Salé-Kénitra,RAB,Rural,Masculin,Primaire,Cartable,160,Collectivité locale
AS600950,2018-2019,Guelmim-Oued Noun,GUE,Urbain,Féminin,Collégial,Restauration scolaire,1728,MEN
AS600951,2020-2021,Souss-Massa,SOU,Urbain,Féminin,Qualifiant,Fournitures,214,MEN
AS600952,2019-2020,Casablanca-Settat,CAS,Rural,Féminin,Collégial,Cartable,138,Collectivité locale
AS600953,2023-2024,Tanger-Tétouan-Al Hoceïma,TAN,Rural,Masculin,Primaire,Uniforme,290,INDH
AS600954,2018-2019,Oriental,ORI,Urbain,Masculin,Primaire,Fournitures,206,MEN
AS600955,2015-2016,Casablanca-Settat,CAS,Rural,Féminin,Primaire,Cartable,134,MEN
AS600956,2022-2023,Casablanca-Settat,CAS,Urbain,Féminin,Collégial,Uniforme,269,MEN
AS600957,2022-2023,Oriental,ORI,Rural,Féminin,Collégial,Internat,3359,INDH
AS600958,2021-2022,Béni Mellal-Khénifra,BMK,Rural,Féminin,Primaire,Transport scolaire,1099,MEN
AS600959,2017-2018,Casablanca-Settat,CAS,Rural,Féminin,Qualifiant,Cartable,127,MEN
AS600960,2017-2018,Marrakech-Safi,MAR,Urbain,Masculin,Qualifiant,Cartable,183,Collectivité locale
AS600961,2019-2020,Casablanca-Settat,CAS,Rural,Masculin,Primaire,Transport scolaire,1155,MEN
AS600962,2018-2019,Marrakech-Safi,MAR,Urbain,Masculin,Primaire,Cartable,164,MEN
AS600963,2021-2022,Tanger-Tétouan-Al Hoceïma,TAN,Urbain,Masculin,Qualifiant,Restauration scolaire,1879,MEN
AS600964,2023-2024,Rabat-Salé-Kénitra,RAB,Rural,Masculin,Qualifiant,Cartable,153,Don privé
AS600965,2016-2017,Rabat-Salé-Kénitra,RAB,Rural,Féminin,Primaire,Fournitures,209,MEN
AS600966,2023-2024,Souss-Massa,SOU,Rural,Masculin,Primaire,Cartable,162,Collectivité locale
AS600967,2017-2018,Casablanca-Settat,CAS,Urbain,Féminin,Primaire,Internat,3449,MEN
AS600968,2015-2016,Fès-Meknès,FES,Rural,Féminin,Primaire,Fournitures,210,Collectivité locale
AS600969,2016-2017,Rabat-Salé-Kénitra,RAB,Rural,Masculin,Primaire,Cartable,168,INDH
AS600970,2023-2024,Fès-Meknès,FES,Rural,Féminin,Collégial,Cartable,164,Don privé
AS600971,2015-2016,Oriental,ORI,Rural,Féminin,Collégial,Cartable,174,Collectivité locale
AS600972,2020-2021,Souss-Massa,SOU,Rural,Masculin,Qualifiant,Cartable,159,Collectivité locale
AS600973,2015-2016,Rabat-Salé-Kénitra,RAB,Rural,Masculin,Collégial,Internat,2998,INDH
AS600974,2018-2019,Béni Mellal-Khénifra,BMK,Urbain,Masculin,Qualifiant,Restauration scolaire,1676,MEN
AS600975,2023-2024,Béni Mellal-Khénifra,BMK,Rural,Féminin,Qualifiant,Cartable,140,MEN
AS600976,2019-2020,Fès-Meknès,FES,Rural,Féminin,Collégial,Fournitures,225,MEN
AS600977,2023-2024,Casablanca-Settat,CAS,Rural,Féminin,Primaire,Restauration scolaire,1583,MEN
AS600978,2023-2024,Casablanca-Settat,CAS,Urbain,Masculin,Qualifiant,Cartable,164,MEN
AS600979,2015-2016,Casablanca-Settat,CAS,Urbain,Féminin,Collégial,Cartable,164,MEN
AS600980,2022-2023,Guelmim-Oued Noun,GUE,Urbain,Féminin,Primaire,Transport scolaire,1079,Collectivité locale
AS600981,2017-2018,Rabat-Salé-Kénitra,RAB,Rural,Féminin,Qualifiant,Internat,3832,INDH
AS600982,2015-2016,Rabat-Salé-Kénitra,RAB,Rural,Masculin,Qualifiant,Internat,3501,ONG
AS600983,2018-2019,Casablanca-Settat,CAS,Rural,Féminin,Qualifiant,Cartable,176,INDH
AS600984,2019-2020,Rabat-Salé-Kénitra,RAB,Urbain,Féminin,Collégial,Restauration scolaire,1949,Don privé
AS600985,2022-2023,Tanger-Tétouan-Al Hoceïma,TAN,Urbain,Féminin,Primaire,Uniforme,290,MEN
AS600986,2016-2017,Tanger-Tétouan-Al Hoceïma,TAN,Rural,Masculin,Primaire,Cartable,176,MEN
AS600987,2015-2016,Oriental,ORI,Rural,Féminin,Primaire,Transport scolaire,1039,Collectivité locale
AS600988,2018-2019,Drâa-Tafilalet,DRA,Urbain,Masculin,Primaire,Restauration scolaire,1870,Collectivité locale
AS600989,2023-2024,Rabat-Salé-Kénitra,RAB,Rural,Féminin,Qualifiant,Internat,4179,MEN
AS600990,2023-2024,Marrakech-Safi,MAR,Urbain,Féminin,Collégial,Restauration scolaire,1872,INDH
AS600991,2022-2023,Casablanca-Settat,CAS,Rural,Féminin,Collégial,Uniforme,223,MEN
AS600992,2016-2017,Fès-Meknès,FES,Urbain,Masculin,Qualifiant,Transport scolaire,1082,MEN
AS600993,2016-2017,Tanger-Tétouan-Al Hoceïma,TAN,Rural,Féminin,Primaire,Transport scolaire,1048,MEN
AS600994,2020-2021,Tanger-Tétouan-Al Hoceïma,TAN,Urbain,Féminin,Collégial,Uniforme,277,Collectivité locale
AS600995,2021-2022,Marrakech-Safi,MAR,Rural,Masculin,Collégial,Uniforme,275,MEN
AS600996,2016-2017,Marrakech-Safi,MAR,Rural,Masculin,Collégial,Restauration scolaire,1958,Don privé
AS600997,2020-2021,Tanger-Tétouan-Al Hoceïma,TAN,Urbain,Masculin,Collégial,Restauration scolaire,1486,INDH
AS600998,2020-2021,Marrakech-Safi,MAR,Urbain,Masculin,Primaire,Restauration scolaire,1660,INDH
AS600999,2016-2017,Casablanca-Settat,CAS,Urbain,Féminin,Qualifiant,Fournitures,224,INDH
AS601000,2020-2021,Béni Mellal-Khénifra,BMK,Urbain,Féminin,Primaire,Fournitures,188,INDH
AS601001,2018-2019,Souss-Massa,SOU,Rural,Féminin,Primaire,Transport scolaire,1171,MEN
AS601002,2018-2019,Tanger-Tétouan-Al Hoceïma,TAN,Rural,Masculin,Qualifiant,Restauration scolaire,1603,INDH
AS601003,2018-2019,Béni Mellal-Khénifra,BMK,Rural,Masculin,Collégial,Internat,3314,MEN
AS601004,2019-2020,Marrakech-Safi,MAR,Rural,Masculin,Primaire,Transport scolaire,1220,INDH
AS601005,2016-2017,Casablanca-Settat,CAS,Rural,Féminin,Collégial,Cartable,157,INDH
AS601006,2019-2020,Marrakech-Safi,MAR,Rural,Féminin,Primaire,Internat,3066,MEN
AS601007,2020-2021,Fès-Meknès,FES,Urbain,Féminin,Primaire,Cartable,134,MEN
AS601008,2017-2018,Rabat-Salé-Kénitra,RAB,Urbain,Féminin,Qualifiant,Restauration scolaire,2021,ONG
AS601009,2022-2023,Rabat-Salé-Kénitra,RAB,Rural,Féminin,Primaire,Uniforme,307,INDH
AS601010,2019-2020,Béni Mellal-Khénifra,BMK,Rural,Féminin,Collégial,Internat,3329,MEN
AS601011,2015-2016,Casablanca-Settat,CAS,Urbain,Féminin,Primaire,Cartable,134,MEN
AS601012,2017-2018,Casablanca-Settat,CAS,Rural,Masculin,Primaire,Fournitures,197,ONG
AS601013,2022-2023,Casablanca-Settat,CAS,Urbain,Masculin,Primaire,Restauration scolaire,1550,MEN
AS601014,2016-2017,Casablanca-Settat,CAS,Urbain,Féminin,Primaire,Restauration scolaire,1529,MEN
AS601015,2018-2019,Béni Mellal-Khénifra,BMK,Rural,Masculin,Primaire,Cartable,153,MEN
AS601016,2015-2016,Béni Mellal-Khénifra,BMK,Rural,Masculin,Collégial,Cartable,192,MEN
AS601017,2017-2018,Souss-Massa,SOU,Urbain,Féminin,Primaire,Cartable,143,MEN
AS601018,2015-2016,Casablanca-Settat,CAS,Urbain,Féminin,Collégial,Cartable,175,ONG
AS601019,2022-2023,Casablanca-Settat,CAS,Rural,Masculin,Collégial,Internat,3754,Collectivité locale
AS601020,2015-2016,Rabat-Salé-Kénitra,RAB,Rural,Féminin,Primaire,Restauration scolaire,1866,MEN
AS601021,2020-2021,Rabat-Salé-Kénitra,RAB,Urbain,Masculin,Primaire,Cartable,173,MEN
AS601022,2017-2018,Fès-Meknès,FES,Urbain,Masculin,Primaire,Internat,3613,MEN
AS601023,2015-2016,Casablanca-Settat,CAS,Rural,Féminin,Collégial,Restauration scolaire,1875,MEN
AS601024,2015-2016,Casablanca-Settat,CAS,Rural,Masculin,Primaire,Fournitures,205,MEN
AS601025,2021-2022,Tanger-Tétouan-Al Hoceïma,TAN,Rural,Masculin,Primaire,Restauration scolaire,1767,INDH
AS601026,2021-2022,Casablanca-Settat,CAS,Urbain,Féminin,Collégial,Fournitures,197,MEN
AS601027,2022-2023,Marrakech-Safi,MAR,Rural,Féminin,Collégial,Restauration scolaire,1976,MEN
AS601028,2020-2021,Marrakech-Safi,MAR,Rural,Masculin,Primaire,Transport scolaire,1025,MEN
AS601029,2021-2022,Fès-Meknès,FES,Rural,Féminin,Qualifiant,Internat,4430,INDH
AS601030,2015-2016,Casablanca-Settat,CAS,Rural,Masculin,Qualifiant,Fournitures,221,Don privé
AS601031,2021-2022,Casablanca-Settat,CAS,Rural,Masculin,Primaire,Cartable,153,MEN
AS601032,2021-2022,Fès-Meknès,FES,Rural,Féminin,Collégial,Cartable,138,MEN
AS601033,2023-2024,Marrakech-Safi,MAR,Urbain,Féminin,Collégial,Internat,3378,MEN
AS601034,2021-2022,Béni Mellal-Khénifra,BMK,Urbain,Masculin,Primaire,Cartable,151,INDH
AS601035,2015-2016,Oriental,ORI,Rural,Féminin,Collégial,Cartable,165,MEN
AS601036,2021-2022,Béni Mellal-Khénifra,BMK,Urbain,Féminin,Qualifiant,Cartable,174,MEN
AS601037,2022-2023,Rabat-Salé-Kénitra,RAB,Urbain,Masculin,Collégial,Cartable,179,ONG
AS601038,2022-2023,Rabat-Salé-Kénitra,RAB,Rural,Masculin,Primaire,Restauration scolaire,1713,Don privé
AS601039,2022-2023,Béni Mellal-Khénifra,BMK,Rural,Masculin,Qualifiant,Cartable,144,MEN
AS601040,2016-2017,Oriental,ORI,Rural,Masculin,Qualifiant,Restauration scolaire,1418,INDH
AS601041,2021-2022,Fès-Meknès,FES,Rural,Masculin,Primaire,Transport scolaire,1219,INDH
AS601042,2021-2022,Béni Mellal-Khénifra,BMK,Rural,Masculin,Qualifiant,Restauration scolaire,1821,MEN
AS601043,2022-2023,Casablanca-Settat,CAS,Urbain,Féminin,Primaire,Cartable,161,MEN
AS601044,2021-2022,Rabat-Salé-Kénitra,RAB,Rural,Féminin,Qualifiant,Cartable,153,MEN
AS601045,2016-2017,Casablanca-Settat,CAS,Urbain,Masculin,Primaire,Cartable,187,MEN
AS601046,2015-2016,Marrakech-Safi,MAR,Urbain,Féminin,Primaire,Restauration scolaire,1912,Collectivité locale
AS601047,2021-2022,Rabat-Salé-Kénitra,RAB,Urbain,Masculin,Collégial,Cartable,149,Collectivité locale
AS601048,2018-2019,Casablanca-Settat,CAS,Urbain,Féminin,Primaire,Uniforme,261,Collectivité locale
AS601049,2020-2021,Fès-Meknès,FES,Urbain,Masculin,Qualifiant,Uniforme,293,Collectivité locale
AS601050,2020-2021,Tanger-Tétouan-Al Hoceïma,TAN,Urbain,Masculin,Collégial,Internat,3317,INDH
AS601051,2018-2019,Laâyoune-Sakia El Hamra,LAA,Urbain,Féminin,Collégial,Cartable,173,MEN
AS601052,2020-2021,Béni Mellal-Khénifra,BMK,Urbain,Masculin,Qualifiant,Cartable,172,MEN
AS601053,2016-2017,Drâa-Tafilalet,DRA,Rural,Féminin,Qualifiant,Cartable,132,MEN
AS601054,2016-2017,Fès-Meknès,FES,Rural,Féminin,Primaire,Internat,3206,INDH
AS601055,2016-2017,Fès-Meknès,FES,Rural,Féminin,Primaire,Restauration scolaire,1800,ONG
AS601056,2022-2023,Laâyoune-Sakia El Hamra,LAA,Rural,Masculin,Qualifiant,Uniforme,266,INDH
AS601057,2017-2018,Oriental,ORI,Rural,Féminin,Primaire,Internat,3810,MEN
AS601058,2018-2019,Casablanca-Settat,CAS,Rural,Féminin,Collégial,Internat,3407,MEN
AS601059,2023-2024,Tanger-Tétouan-Al Hoceïma,TAN,Rural,Masculin,Primaire,Cartable,156,INDH
AS601060,2017-2018,Fès-Meknès,FES,Rural,Masculin,Collégial,Restauration scolaire,1812,ONG
AS601061,2023-2024,Souss-Massa,SOU,Urbain,Masculin,Primaire,Internat,3643,MEN
AS601062,2018-2019,Rabat-Salé-Kénitra,RAB,Rural,Féminin,Qualifiant,Transport scolaire,1057,INDH
AS601063,2016-2017,Rabat-Salé-Kénitra,RAB,Rural,Masculin,Primaire,Cartable,147,MEN
AS601064,2017-2018,Casablanca-Settat,CAS,Rural,Masculin,Qualifiant,Cartable,151,ONG
AS601065,2020-2021,Tanger-Tétouan-Al Hoceïma,TAN,Rural,Féminin,Collégial,Restauration scolaire,1404,MEN
AS601066,2016-2017,Tanger-Tétouan-Al Hoceïma,TAN,Rural,Féminin,Primaire,Cartable,131,MEN
AS601067,2018-2019,Rabat-Salé-Kénitra,RAB,Urbain,Féminin,Primaire,Fournitures,226,MEN
AS601068,2020-2021,Marrakech-Safi,MAR,Urbain,Féminin,Primaire,Cartable,152,Collectivité locale
AS601069,2019-2020,Casablanca-Settat,CAS,Urbain,Féminin,Collégial,Restauration scolaire,1599,MEN
AS601070,2022-2023,Fès-Meknès,FES,Rural,Masculin,Primaire,Transport scolaire,1368,Collectivité locale
AS601071,2022-2023,Marrakech-Safi,MAR,Urbain,Féminin,Qualifiant,Cartable,137,MEN
AS601072,2023-2024,Casablanca-Settat,CAS,Urbain,Féminin,Collégial,Uniforme,201,MEN
AS601073,2022-2023,Oriental,ORI,Urbain,Féminin,Collégial,Internat,3202,MEN
AS601074,2016-2017,Souss-Massa,SOU,Rural,Masculin,Collégial,Restauration scolaire,1708,MEN
AS601075,2019-2020,Marrakech-Safi,MAR,Rural,Masculin,Primaire,Uniforme,301,MEN
AS601076,2015-2016,Béni Mellal-Khénifra,BMK,Rural,Féminin,Primaire,Cartable,161,INDH
AS601077,2020-2021,Tanger-Tétouan-Al Hoceïma,TAN,Urbain,Féminin,Collégial,Uniforme,238,Collectivité locale
AS601078,2019-2020,Casablanca-Settat,CAS,Rural,Masculin,Primaire,Restauration scolaire,1885,MEN
AS601079,2015-2016,Casablanca-Settat,CAS,Urbain,Féminin,Collégial,Restauration scolaire,1983,Don privé
AS601080,2015-2016,Tanger-Tétouan-Al Hoceïma,TAN,Rural,Féminin,Collégial,Cartable,177,MEN
AS601081,2017-2018,Casablanca-Settat,CAS,Urbain,Féminin,Primaire,Uniforme,262,MEN
AS601082,2018-2019,Fès-Meknès,FES,Urbain,Masculin,Primaire,Internat,2972,INDH
AS601083,2018-2019,Marrakech-Safi,MAR,Rural,Féminin,Primaire,Internat,3860,MEN
AS601084,2019-2020,Béni Mellal-Khénifra,BMK,Rural,Masculin,Primaire,Fournitures,214,MEN
AS601085,2015-2016,Marrakech-Safi,MAR,Rural,Féminin,Primaire,Internat,4166,Collectivité locale
AS601086,2018-2019,Tanger-Tétouan-Al Hoceïma,TAN,Rural,Masculin,Collégial,Cartable,158,ONG
AS601087,2023-2024,Casablanca-Settat,CAS,Urbain,Féminin,Collégial,Restauration scolaire,1949,MEN
AS601088,2016-2017,Fès-Meknès,FES,Urbain,Masculin,Collégial,Fournitures,228,MEN
AS601089,2017-2018,Casablanca-Settat,CAS,Urbain,Féminin,Qualifiant,Transport scolaire,1362,MEN
AS601090,2017-2018,Casablanca-Settat,CAS,Rural,Féminin,Primaire,Internat,3706,INDH
AS601091,2021-2022,Laâyoune-Sakia El Hamra,LAA,Rural,Masculin,Primaire,Uniforme,334,INDH
AS601092,2022-2023,Souss-Massa,SOU,Rural,Masculin,Primaire,Internat,3223,MEN
AS601093,2015-2016,Casablanca-Settat,CAS,Rural,Féminin,Collégial,Restauration scolaire,1675,INDH
AS601094,2017-2018,Tanger-Tétouan-Al Hoceïma,TAN,Rural,Féminin,Collégial,Uniforme,289,MEN
AS601095,2020-2021,Marrakech-Safi,MAR,Urbain,Masculin,Primaire,Internat,3465,MEN
AS601096,2021-2022,Souss-Massa,SOU,Rural,Masculin,Primaire,Uniforme,250,MEN
AS601097,2023-2024,Marrakech-Safi,MAR,Urbain,Féminin,Primaire,Internat,3586,MEN
AS601098,2022-2023,Tanger-Tétouan-Al Hoceïma,TAN,Urbain,Féminin,Qualifiant,Internat,3713,INDH
AS601099,2023-2024,Souss-Massa,SOU,Rural,Masculin,Qualifiant,Cartable,152,INDH
AS601100,2020-2021,Casablanca-Settat,CAS,Urbain,Féminin,Primaire,Internat,2604,MEN
AS601101,2023-2024,Tanger-Tétouan-Al Hoceïma,TAN,Urbain,Masculin,Primaire,Restauration scolaire,1936,INDH
AS601102,2018-2019,Béni Mellal-Khénifra,BMK,Rural,Masculin,Collégial,Transport scolaire,1223,ONG
AS601103,2017-2018,Rabat-Salé-Kénitra,RAB,Urbain,Féminin,Collégial,Cartable,164,MEN
AS601104,2023-2024,Casablanca-Settat,CAS,Rural,Masculin,Qualifiant,Restauration scolaire,1753,INDH
AS601105,2018-2019,Fès-Meknès,FES,Rural,Masculin,Collégial,Cartable,175,MEN
AS601106,2022-2023,Rabat-Salé-Kénitra,RAB,Urbain,Féminin,Primaire,Uniforme,306,Collectivité locale
AS601107,2019-2020,Marrakech-Safi,MAR,Urbain,Masculin,Qualifiant,Uniforme,279,MEN
AS601108,2021-2022,Marrakech-Safi,MAR,Urbain,Féminin,Primaire,Restauration scolaire,1982,INDH
AS601109,2015-2016,Souss-Massa,SOU,Urbain,Masculin,Primaire,Fournitures,186,MEN
AS601110,2015-2016,Béni Mellal-Khénifra,BMK,Urbain,Féminin,Primaire,Transport scolaire,1210,INDH
AS601111,2017-2018,Rabat-Salé-Kénitra,RAB,Rural,Masculin,Qualifiant,Restauration scolaire,1763,MEN
AS601112,2021-2022,Casablanca-Settat,CAS,Rural,Masculin,Qualifiant,Uniforme,272,MEN
AS601113,2017-2018,Béni Mellal-Khénifra,BMK,Urbain,Masculin,Qualifiant,Cartable,167,MEN
AS601114,2023-2024,Souss-Massa,SOU,Urbain,Féminin,Collégial,Restauration scolaire,1685,ONG
AS601115,2021-2022,Fès-Meknès,FES,Urbain,Masculin,Primaire,Internat,3598,Collectivité locale
AS601116,2020-2021,Tanger-Tétouan-Al Hoceïma,TAN,Urbain,Masculin,Qualifiant,Transport scolaire,1122,MEN
AS601117,2021-2022,Fès-Meknès,FES,Rural,Masculin,Collégial,Cartable,193,MEN
AS601118,2019-2020,Rabat-Salé-Kénitra,RAB,Rural,Féminin,Collégial,Restauration scolaire,1874,MEN
AS601119,2017-2018,Marrakech-Safi,MAR,Urbain,Masculin,Collégial,Restauration scolaire,1645,Don privé
AS601120,2015-2016,Marrakech-Safi,MAR,Rural,Féminin,Primaire,Internat,3455,MEN
AS601121,2023-2024,Rabat-Salé-Kénitra,RAB,Rural,Masculin,Qualifiant,Internat,4163,MEN
AS601122,2023-2024,Fès-Meknès,FES,Rural,Masculin,Collégial,Uniforme,287,INDH
AS601123,2018-2019,Fès-Meknès,FES,Urbain,Masculin,Qualifiant,Internat,3556,MEN
AS601124,2016-2017,Rabat-Salé-Kénitra,RAB,Rural,Féminin,Primaire,Restauration scolaire,1798,MEN
AS601125,2021-2022,Rabat-Salé-Kénitra,RAB,Rural,Masculin,Collégial,Internat,3387,MEN
AS601126,2023-2024,Rabat-Salé-Kénitra,RAB,Rural,Féminin,Primaire,Cartable,173,Collectivité locale
AS601127,2023-2024,Casablanca-Settat,CAS,Rural,Masculin,Collégial,Cartable,155,MEN
AS601128,2018-2019,Rabat-Salé-Kénitra,RAB,Rural,Féminin,Primaire,Cartable,167,ONG
AS601129,2020-2021,Dakhla-Oued Eddahab,DAK,Rural,Masculin,Primaire,Internat,3891,INDH
AS601130,2023-2024,Béni Mellal-Khénifra,BMK,Urbain,Féminin,Primaire,Cartable,171,INDH
AS601131,2016-2017,Rabat-Salé-Kénitra,RAB,Rural,Féminin,Primaire,Fournitures,195,MEN
AS601132,2017-2018,Fès-Meknès,FES,Urbain,Féminin,Collégial,Uniforme,325,MEN
AS601133,2015-2016,Casablanca-Settat,CAS,Rural,Masculin,Collégial,Cartable,144,Don privé
AS601134,2022-2023,Souss-Massa,SOU,Rural,Féminin,Qualifiant,Transport scolaire,1415,Collectivité locale
AS601135,2021-2022,Souss-Massa,SOU,Rural,Masculin,Primaire,Internat,3692,MEN
AS601136,2019-2020,Casablanca-Settat,CAS,Urbain,Féminin,Qualifiant,Cartable,146,MEN
AS601137,2018-2019,Casablanca-Settat,CAS,Urbain,Féminin,Primaire,Internat,3235,Collectivité locale
AS601138,2021-2022,Casablanca-Settat,CAS,Rural,Féminin,Collégial,Internat,4208,MEN
AS601139,2019-2020,Souss-Massa,SOU,Rural,Féminin,Qualifiant,Cartable,194,MEN
AS601140,2023-2024,Marrakech-Safi,MAR,Urbain,Masculin,Primaire,Internat,3858,MEN
AS601141,2022-2023,Béni Mellal-Khénifra,BMK,Rural,Masculin,Primaire,Fournitures,245,Don privé
AS601142,2019-2020,Fès-Meknès,FES,Urbain,Féminin,Collégial,Transport scolaire,1198,INDH
AS601143,2020-2021,Casablanca-Settat,CAS,Rural,Féminin,Primaire,Restauration scolaire,2019,MEN
AS601144,2020-2021,Marrakech-Safi,MAR,Rural,Masculin,Primaire,Restauration scolaire,1742,INDH
AS601145,2021-2022,Casablanca-Settat,CAS,Urbain,Masculin,Qualifiant,Cartable,160,INDH
AS601146,2018-2019,Fès-Meknès,FES,Urbain,Masculin,Primaire,Fournitures,195,INDH
AS601147,2023-2024,Oriental,ORI,Urbain,Masculin,Primaire,Internat,2724,MEN
AS601148,2020-2021,Rabat-Salé-Kénitra,RAB,Rural,Féminin,Qualifiant,Cartable,168,MEN
AS601149,2019-2020,Souss-Massa,SOU,Urbain,Féminin,Qualifiant,Cartable,174,MEN
AS601150,2023-2024,Casablanca-Settat,CAS,Rural,Féminin,Primaire,Internat,3260,MEN
AS601151,2015-2016,Rabat-Salé-Kénitra,RAB,Urbain,Masculin,Collégial,Fournitures,205,INDH
AS601152,2019-2020,Tanger-Tétouan-Al Hoceïma,TAN,Rural,Masculin,Collégial,Restauration scolaire,1657,MEN
AS601153,2017-2018,Marrakech-Safi,MAR,Urbain,Féminin,Primaire,Cartable,165,MEN
AS601154,2018-2019,Marrakech-Safi,MAR,Urbain,Masculin,Primaire,Fournitures,199,MEN
AS601155,2015-2016,Casablanca-Settat,CAS,Urbain,Féminin,Collégial,Uniforme,283,Collectivité locale
AS601156,2021-2022,Tanger-Tétouan-Al Hoceïma,TAN,Urbain,Masculin,Collégial,Uniforme,265,INDH
AS601157,2019-2020,Rabat-Salé-Kénitra,RAB,Urbain,Féminin,Collégial,Cartable,168,MEN
AS601158,2016-2017,Fès-Meknès,FES,Rural,Féminin,Qualifiant,Cartable,165,MEN
AS601159,2018-2019,Guelmim-Oued Noun,GUE,Rural,Masculin,Primaire,Transport scolaire,1305,MEN
AS601160,2022-2023,Casablanca-Settat,CAS,Rural,Masculin,Primaire,Cartable,145,MEN
AS601161,2023-2024,Casablanca-Settat,CAS,Rural,Masculin,Collégial,Cartable,179,MEN
AS601162,2020-2021,Marrakech-Safi,MAR,Rural,Masculin,Primaire,Cartable,137,INDH
AS601163,2016-2017,Béni Mellal-Khénifra,BMK,Urbain,Féminin,Primaire,Uniforme,258,MEN
AS601164,2023-2024,Oriental,ORI,Rural,Masculin,Collégial,Uniforme,253,Collectivité locale
AS601165,2023-2024,Béni Mellal-Khénifra,BMK,Urbain,Féminin,Primaire,Internat,2969,INDH
AS601166,2019-2020,Drâa-Tafilalet,DRA,Urbain,Féminin,Collégial,Uniforme,290,MEN
AS601167,2019-2020,Rabat-Salé-Kénitra,RAB,Urbain,Féminin,Primaire,Transport scolaire,1131,MEN
AS601168,2022-2023,Casablanca-Settat,CAS,Rural,Féminin,Primaire,Cartable,168,MEN
AS601169,2020-2021,Oriental,ORI,Urbain,Féminin,Primaire,Cartable,175,INDH
AS601170,2020-2021,Casablanca-Settat,CAS,Urbain,Masculin,Primaire,Restauration scolaire,1964,MEN
AS601171,2023-2024,Tanger-Tétouan-Al Hoceïma,TAN,Urbain,Masculin,Primaire,Cartable,173,INDH
AS601172,2022-2023,Fès-Meknès,FES,Rural,Masculin,Primaire,Cartable,155,MEN
AS601173,2022-2023,Fès-Meknès,FES,Rural,Féminin,Primaire,Cartable,157,MEN
AS601174,2015-2016,Béni Mellal-Khénifra,BMK,Rural,Masculin,Collégial,Uniforme,266,INDH
AS601175,2020-2021,Drâa-Tafilalet,DRA,Urbain,Masculin,Primaire,Restauration scolaire,1761,MEN
AS601176,2023-2024,Casablanca-Settat,CAS,Urbain,Masculin,Collégial,Restauration scolaire,1623,MEN
AS601177,2019-2020,Tanger-Tétouan-Al Hoceïma,TAN,Rural,Féminin,Collégial,Restauration scolaire,2014,MEN
AS601178,2015-2016,Oriental,ORI,Rural,Masculin,Primaire,Cartable,138,MEN
AS601179,2023-2024,Fès-Meknès,FES,Rural,Féminin,Qualifiant,Cartable,171,MEN
AS601180,2016-2017,Fès-Meknès,FES,Rural,Féminin,Primaire,Uniforme,319,MEN
AS601181,2019-2020,Marrakech-Safi,MAR,Rural,Masculin,Primaire,Cartable,171,Collectivité locale
AS601182,2021-2022,Marrakech-Safi,MAR,Urbain,Masculin,Primaire,Restauration scolaire,1813,MEN
AS601183,2018-2019,Casablanca-Settat,CAS,Rural,Féminin,Primaire,Restauration scolaire,1687,MEN
AS601184,2021-2022,Rabat-Salé-Kénitra,RAB,Urbain,Masculin,Primaire,Internat,3617,MEN
AS601185,2016-2017,Marrakech-Safi,MAR,Urbain,Masculin,Primaire,Cartable,172,Collectivité locale
AS601186,2018-2019,Béni Mellal-Khénifra,BMK,Urbain,Masculin,Primaire,Transport scolaire,1249,MEN
AS601187,2019-2020,Souss-Massa,SOU,Rural,Masculin,Primaire,Cartable,144,MEN
AS601188,2023-2024,Fès-Meknès,FES,Rural,Féminin,Collégial,Cartable,133,MEN
AS601189,2017-2018,Casablanca-Settat,CAS,Rural,Masculin,Collégial,Restauration scolaire,2014,ONG
AS601190,2018-2019,Marrakech-Safi,MAR,Rural,Masculin,Collégial,Internat,2606,Don privé
AS601191,2015-2016,Casablanca-Settat,CAS,Rural,Féminin,Primaire,Fournitures,218,ONG
AS601192,2022-2023,Marrakech-Safi,MAR,Rural,Féminin,Collégial,Cartable,178,MEN
AS601193,2023-2024,Fès-Meknès,FES,Rural,Masculin,Primaire,Transport scolaire,1146,MEN
AS601194,2017-2018,Rabat-Salé-Kénitra,RAB,Rural,Féminin,Primaire,Uniforme,277,MEN
AS601195,2020-2021,Casablanca-Settat,CAS,Urbain,Féminin,Primaire,Uniforme,310,INDH
AS601196,2021-2022,Casablanca-Settat,CAS,Rural,Féminin,Primaire,Internat,3301,MEN
AS601197,2015-2016,Drâa-Tafilalet,DRA,Urbain,Masculin,Collégial,Cartable,165,MEN
AS601198,2017-2018,Marrakech-Safi,MAR,Urbain,Féminin,Collégial,Restauration scolaire,1711,INDH
AS601199,2016-2017,Casablanca-Settat,CAS,Rural,Féminin,Primaire,Cartable,139,INDH
AS601200,2023-2024,Oriental,ORI,Urbain,Masculin,Collégial,Transport scolaire,1224,MEN
AS601201,2019-2020,Marrakech-Safi,MAR,Urbain,Féminin,Qualifiant,Cartable,145,MEN
AS601202,2015-2016,Drâa-Tafilalet,DRA,Rural,Féminin,Qualifiant,Restauration scolaire,1763,MEN
AS601203,2015-2016,Guelmim-Oued Noun,GUE,Rural,Masculin,Collégial,Cartable,146,MEN
AS601204,2020-2021,Marrakech-Safi,MAR,Rural,Féminin,Primaire,Internat,3813,Collectivité locale
AS601205,2018-2019,Marrakech-Safi,MAR,Rural,Féminin,Qualifiant,Uniforme,288,MEN
AS601206,2018-2019,Oriental,ORI,Rural,Féminin,Primaire,Restauration scolaire,1723,MEN
AS601207,2023-2024,Marrakech-Safi,MAR,Rural,Masculin,Qualifiant,Internat,3781,MEN
AS601208,2018-2019,Fès-Meknès,FES,Urbain,Masculin,Primaire,Transport scolaire,1241,MEN
AS601209,2020-2021,Casablanca-Settat,CAS,Urbain,Féminin,Primaire,Fournitures,191,Collectivité locale
AS601210,2020-2021,Marrakech-Safi,MAR,Rural,Féminin,Primaire,Restauration scolaire,1989,MEN
AS601211,2021-2022,Casablanca-Settat,CAS,Urbain,Féminin,Collégial,Cartable,150,INDH
AS601212,2019-2020,Casablanca-Settat,CAS,Rural,Masculin,Primaire,Restauration scolaire,1730,MEN
AS601213,2020-2021,Marrakech-Safi,MAR,Rural,Masculin,Primaire,Cartable,131,MEN
AS601214,2020-2021,Casablanca-Settat,CAS,Urbain,Féminin,Primaire,Cartable,160,INDH
AS601215,2015-2016,Casablanca-Settat,CAS,Rural,Féminin,Primaire,Cartable,158,MEN
AS601216,2021-2022,Casablanca-Settat,CAS,Rural,Féminin,Qualifiant,Restauration scolaire,1834,INDH
AS601217,2015-2016,Marrakech-Safi,MAR,Rural,Féminin,Collégial,Uniforme,309,MEN
AS601218,2016-2017,Oriental,ORI,Urbain,Masculin,Primaire,Uniforme,253,MEN
AS601219,2015-2016,Souss-Massa,SOU,Urbain,Masculin,Primaire,Restauration scolaire,1839,ONG
AS601220,2019-2020,Rabat-Salé-Kénitra,RAB,Urbain,Masculin,Primaire,Transport scolaire,1242,MEN
AS601221,2015-2016,Casablanca-Settat,CAS,Rural,Féminin,Qualifiant,Internat,3926,MEN
AS601222,2021-2022,Tanger-Tétouan-Al Hoceïma,TAN,Urbain,Féminin,Primaire,Internat,3492,MEN
AS601223,2022-2023,Fès-Meknès,FES,Rural,Féminin,Qualifiant,Cartable,138,Collectivité locale
AS601224,2017-2018,Tanger-Tétouan-Al Hoceïma,TAN,Urbain,Féminin,Qualifiant,Cartable,138,MEN
AS601225,2023-2024,Casablanca-Settat,CAS,Urbain,Féminin,Collégial,Cartable,170,MEN
AS601226,2021-2022,Marrakech-Safi,MAR,Urbain,Masculin,Primaire,Uniforme,261,MEN
AS601227,2019-2020,Casablanca-Settat,CAS,Rural,Féminin,Primaire,Cartable,155,ONG
AS601228,2017-2018,Tanger-Tétouan-Al Hoceïma,TAN,Urbain,Féminin,Primaire,Restauration scolaire,1925,INDH
AS601229,2019-2020,Marrakech-Safi,MAR,Rural,Féminin,Collégial,Restauration scolaire,1814,MEN
AS601230,2016-2017,Tanger-Tétouan-Al Hoceïma,TAN,Rural,Féminin,Primaire,Restauration scolaire,1634,MEN
AS601231,2022-2023,Fès-Meknès,FES,Urbain,Masculin,Qualifiant,Restauration scolaire,1637,Collectivité locale
AS601232,2022-2023,Oriental,ORI,Rural,Masculin,Primaire,Transport scolaire,1124,INDH
AS601233,2022-2023,Souss-Massa,SOU,Rural,Féminin,Collégial,Uniforme,366,MEN
AS601234,2023-2024,Fès-Meknès,FES,Urbain,Féminin,Primaire,Internat,3824,MEN
AS601235,2016-2017,Tanger-Tétouan-Al Hoceïma,TAN,Rural,Féminin,Primaire,Cartable,175,Collectivité locale
AS601236,2020-2021,Fès-Meknès,FES,Rural,Féminin,Primaire,Restauration scolaire,2032,Collectivité locale
AS601237,2022-2023,Souss-Massa,SOU,Rural,Masculin,Primaire,Cartable,178,Collectivité locale
AS601238,2015-2016,Rabat-Salé-Kénitra,RAB,Rural,Masculin,Collégial,Transport scolaire,1229,Collectivité locale
AS601239,2020-2021,Drâa-Tafilalet,DRA,Urbain,Masculin,Primaire,Fournitures,221,MEN
AS601240,2016-2017,Casablanca-Settat,CAS,Rural,Masculin,Primaire,Uniforme,254,MEN
AS601241,2017-2018,Souss-Massa,SOU,Urbain,Masculin,Primaire,Transport scolaire,1287,MEN
AS601242,2018-2019,Oriental,ORI,Rural,Masculin,Collégial,Restauration scolaire,1955,ONG
AS601243,2017-2018,Drâa-Tafilalet,DRA,Urbain,Féminin,Primaire,Cartable,151,MEN
AS601244,2019-2020,Laâyoune-Sakia El Hamra,LAA,Urbain,Féminin,Collégial,Restauration scolaire,1715,MEN
AS601245,2023-2024,Casablanca-Settat,CAS,Urbain,Féminin,Qualifiant,Cartable,166,MEN
AS601246,2019-2020,Tanger-Tétouan-Al Hoceïma,TAN,Rural,Féminin,Collégial,Cartable,165,MEN
AS601247,2020-2021,Fès-Meknès,FES,Urbain,Féminin,Primaire,Restauration scolaire,2159,MEN
AS601248,2017-2018,Marrakech-Safi,MAR,Urbain,Masculin,Collégial,Transport scolaire,1223,ONG
AS601249,2019-2020,Marrakech-Safi,MAR,Rural,Féminin,Primaire,Restauration scolaire,1695,INDH
AS601250,2016-2017,Fès-Meknès,FES,Rural,Féminin,Primaire,Internat,4108,MEN
AS601251,2019-2020,Oriental,ORI,Rural,Masculin,Collégial,Uniforme,299,INDH
AS601252,2020-2021,Rabat-Salé-Kénitra,RAB,Rural,Féminin,Collégial,Transport scolaire,1105,MEN
AS601253,2021-2022,Casablanca-Settat,CAS,Urbain,Masculin,Collégial,Uniforme,282,INDH
AS601254,2017-2018,Casablanca-Settat,CAS,Rural,Féminin,Primaire,Restauration scolaire,1747,Collectivité locale
AS601255,2015-2016,Casablanca-Settat,CAS,Rural,Masculin,Primaire,Internat,3105,MEN
AS601256,2021-2022,Casablanca-Settat,CAS,Rural,Masculin,Collégial,Fournitures,212,MEN
AS601257,2016-2017,Tanger-Tétouan-Al Hoceïma,TAN,Rural,Féminin,Primaire,Fournitures,191,MEN
AS601258,2020-2021,Rabat-Salé-Kénitra,RAB,Urbain,Masculin,Qualifiant,Uniforme,296,MEN
AS601259,2019-2020,Casablanca-Settat,CAS,Urbain,Masculin,Qualifiant,Cartable,174,Don privé
AS601260,2020-2021,Rabat-Salé-Kénitra,RAB,Urbain,Féminin,Primaire,Restauration scolaire,1720,Collectivité locale
AS601261,2019-2020,Tanger-Tétouan-Al Hoceïma,TAN,Rural,Féminin,Primaire,Cartable,176,ONG
AS601262,2018-2019,Marrakech-Safi,MAR,Urbain,Féminin,Primaire,Internat,4012,Collectivité locale
AS601263,2023-2024,Souss-Massa,SOU,Rural,Masculin,Collégial,Internat,3720,INDH
AS601264,2017-2018,Tanger-Tétouan-Al Hoceïma,TAN,Urbain,Masculin,Qualifiant,Restauration scolaire,1874,MEN
AS601265,2023-2024,Rabat-Salé-Kénitra,RAB,Rural,Masculin,Collégial,Internat,2977,MEN
AS601266,2019-2020,Béni Mellal-Khénifra,BMK,Rural,Masculin,Collégial,Uniforme,289,MEN
AS601267,2015-2016,Casablanca-Settat,CAS,Urbain,Féminin,Primaire,Transport scolaire,1019,Collectivité locale
AS601268,2019-2020,Rabat-Salé-Kénitra,RAB,Rural,Masculin,Primaire,Transport scolaire,997,MEN
AS601269,2021-2022,Dakhla-Oued Eddahab,DAK,Rural,Féminin,Collégial,Uniforme,319,MEN
AS601270,2017-2018,Oriental,ORI,Urbain,Masculin,Qualifiant,Restauration scolaire,1687,INDH
AS601271,2021-2022,Casablanca-Settat,CAS,Urbain,Féminin,Collégial,Fournitures,192,MEN
AS601272,2021-2022,Drâa-Tafilalet,DRA,Rural,Féminin,Primaire,Cartable,167,Collectivité locale
AS601273,2023-2024,Oriental,ORI,Rural,Masculin,Primaire,Internat,3446,MEN
AS601274,2023-2024,Marrakech-Safi,MAR,Rural,Masculin,Primaire,Transport scolaire,1228,INDH
AS601275,2017-2018,Oriental,ORI,Urbain,Masculin,Primaire,Internat,3489,MEN
AS601276,2015-2016,Rabat-Salé-Kénitra,RAB,Urbain,Féminin,Collégial,Restauration scolaire,1975,INDH
AS601277,2023-2024,Casablanca-Settat,CAS,Urbain,Masculin,Primaire,Cartable,131,MEN
AS601278,2023-2024,Rabat-Salé-Kénitra,RAB,Urbain,Masculin,Primaire,Restauration scolaire,1561,MEN
AS601279,2021-2022,Fès-Meknès,FES,Rural,Féminin,Qualifiant,Internat,3481,ONG
AS601280,2023-2024,Fès-Meknès,FES,Urbain,Masculin,Primaire,Restauration scolaire,1715,MEN
AS601281,2020-2021,Rabat-Salé-Kénitra,RAB,Urbain,Masculin,Primaire,Restauration scolaire,1787,MEN
AS601282,2018-2019,Drâa-Tafilalet,DRA,Urbain,Féminin,Primaire,Cartable,158,MEN
AS601283,2018-2019,Casablanca-Settat,CAS,Rural,Masculin,Qualifiant,Transport scolaire,1327,Don privé
AS601284,2018-2019,Marrakech-Safi,MAR,Urbain,Masculin,Primaire,Restauration scolaire,1822,MEN
AS601285,2021-2022,Souss-Massa,SOU,Rural,Féminin,Qualifiant,Fournitures,217,MEN
AS601286,2015-2016,Casablanca-Settat,CAS,Rural,Féminin,Primaire,Cartable,129,INDH
AS601287,2021-2022,Marrakech-Safi,MAR,Rural,Masculin,Collégial,Cartable,138,MEN
AS601288,2018-2019,Souss-Massa,SOU,Rural,Masculin,Qualifiant,Transport scolaire,1257,MEN
AS601289,2015-2016,Souss-Massa,SOU,Rural,Féminin,Collégial,Cartable,145,Collectivité locale
AS601290,2019-2020,Drâa-Tafilalet,DRA,Urbain,Masculin,Qualifiant,Cartable,174,MEN
AS601291,2016-2017,Tanger-Tétouan-Al Hoceïma,TAN,Urbain,Masculin,Primaire,Transport scolaire,1122,MEN
AS601292,2022-2023,Casablanca-Settat,CAS,Rural,Féminin,Primaire,Uniforme,303,INDH
AS601293,2022-2023,Rabat-Salé-Kénitra,RAB,Rural,Masculin,Collégial,Uniforme,286,MEN
AS601294,2019-2020,Casablanca-Settat,CAS,Rural,Masculin,Primaire,Cartable,159,MEN
AS601295,2015-2016,Oriental,ORI,Urbain,Masculin,Primaire,Restauration scolaire,1851,ONG
AS601296,2016-2017,Marrakech-Safi,MAR,Rural,Féminin,Primaire,Restauration scolaire,1570,INDH
AS601297,2017-2018,Béni Mellal-Khénifra,BMK,Urbain,Féminin,Collégial,Restauration scolaire,1578,MEN
AS601298,2022-2023,Casablanca-Settat,CAS,Urbain,Féminin,Primaire,Uniforme,316,MEN
AS601299,2017-2018,Casablanca-Settat,CAS,Rural,Féminin,Collégial,Uniforme,252,Collectivité locale
AS601300,2021-2022,Fès-Meknès,FES,Urbain,Masculin,Primaire,Cartable,161,INDH
AS601301,2022-2023,Oriental,ORI,Urbain,Masculin,Primaire,Internat,3786,MEN
AS601302,2020-2021,Casablanca-Settat,CAS,Urbain,Masculin,Collégial,Fournitures,189,INDH
AS601303,2019-2020,Marrakech-Safi,MAR,Rural,Masculin,Primaire,Cartable,175,Don privé
AS601304,2017-2018,Rabat-Salé-Kénitra,RAB,Urbain,Féminin,Qualifiant,Cartable,142,MEN
AS601305,2019-2020,Casablanca-Settat,CAS,Urbain,Féminin,Collégial,Internat,4018,INDH
AS601306,2015-2016,Marrakech-Safi,MAR,Urbain,Féminin,Qualifiant,Cartable,166,MEN
AS601307,2018-2019,Rabat-Salé-Kénitra,RAB,Rural,Féminin,Primaire,Cartable,163,Don privé
AS601308,2015-2016,Marrakech-Safi,MAR,Rural,Masculin,Collégial,Cartable,169,INDH
AS601309,2016-2017,Tanger-Tétouan-Al Hoceïma,TAN,Rural,Masculin,Primaire,Restauration scolaire,1696,INDH
AS601310,2021-2022,Laâyoune-Sakia El Hamra,LAA,Urbain,Féminin,Collégial,Fournitures,217,Don privé
AS601311,2018-2019,Casablanca-Settat,CAS,Urbain,Féminin,Collégial,Restauration scolaire,2100,MEN
AS601312,2018-2019,Tanger-Tétouan-Al Hoceïma,TAN,Rural,Masculin,Primaire,Uniforme,295,ONG
AS601313,2020-2021,Marrakech-Safi,MAR,Urbain,Masculin,Primaire,Internat,3970,INDH
AS601314,2023-2024,Fès-Meknès,FES,Urbain,Féminin,Primaire,Cartable,150,MEN
AS601315,2023-2024,Drâa-Tafilalet,DRA,Rural,Féminin,Collégial,Transport scolaire,1343,INDH
AS601316,2015-2016,Fès-Meknès,FES,Rural,Féminin,Collégial,Cartable,169,MEN
AS601317,2015-2016,Fès-Meknès,FES,Rural,Féminin,Primaire,Uniforme,289,MEN
AS601318,2017-2018,Drâa-Tafilalet,DRA,Rural,Féminin,Primaire,Cartable,143,MEN
AS601319,2019-2020,Marrakech-Safi,MAR,Rural,Masculin,Primaire,Internat,3672,ONG
AS601320,2019-2020,Casablanca-Settat,CAS,Urbain,Masculin,Primaire,Restauration scolaire,1592,ONG
AS601321,2016-2017,Rabat-Salé-Kénitra,RAB,Urbain,Masculin,Collégial,Fournitures,180,MEN
AS601322,2016-2017,Marrakech-Safi,MAR,Urbain,Féminin,Collégial,Uniforme,260,INDH
AS601323,2019-2020,Souss-Massa,SOU,Rural,Féminin,Primaire,Cartable,147,MEN
AS601324,2020-2021,Marrakech-Safi,MAR,Urbain,Masculin,Primaire,Cartable,185,Collectivité locale
AS601325,2017-2018,Fès-Meknès,FES,Urbain,Féminin,Primaire,Fournitures,210,MEN
AS601326,2016-2017,Marrakech-Safi,MAR,Rural,Masculin,Collégial,Restauration scolaire,1924,MEN
AS601327,2016-2017,Casablanca-Settat,CAS,Urbain,Féminin,Collégial,Internat,3121,MEN
AS601328,2018-2019,Fès-Meknès,FES,Urbain,Masculin,Primaire,Uniforme,289,MEN
AS601329,2018-2019,Drâa-Tafilalet,DRA,Urbain,Féminin,Collégial,Uniforme,272,INDH
AS601330,2020-2021,Tanger-Tétouan-Al Hoceïma,TAN,Rural,Féminin,Primaire,Cartable,155,MEN
AS601331,2023-2024,Fès-Meknès,FES,Rural,Masculin,Qualifiant,Uniforme,306,MEN
AS601332,2021-2022,Casablanca-Settat,CAS,Rural,Féminin,Primaire,Fournitures,218,INDH
AS601333,2017-2018,Marrakech-Safi,MAR,Urbain,Masculin,Primaire,Fournitures,180,MEN
AS601334,2016-2017,Casablanca-Settat,CAS,Urbain,Masculin,Primaire,Internat,4022,MEN
AS601335,2018-2019,Fès-Meknès,FES,Urbain,Masculin,Collégial,Restauration scolaire,1896,MEN
AS601336,2020-2021,Marrakech-Safi,MAR,Rural,Féminin,Primaire,Restauration scolaire,1483,MEN
AS601337,2017-2018,Casablanca-Settat,CAS,Urbain,Masculin,Collégial,Uniforme,270,INDH
AS601338,2016-2017,Casablanca-Settat,CAS,Rural,Masculin,Primaire,Transport scolaire,1042,MEN
AS601339,2015-2016,Marrakech-Safi,MAR,Rural,Masculin,Collégial,Transport scolaire,1461,INDH
AS601340,2021-2022,Rabat-Salé-Kénitra,RAB,Urbain,Féminin,Collégial,Internat,3599,MEN
AS601341,2023-2024,Casablanca-Settat,CAS,Urbain,Masculin,Primaire,Fournitures,178,MEN
AS601342,2021-2022,Béni Mellal-Khénifra,BMK,Urbain,Féminin,Primaire,Restauration scolaire,1963,MEN
AS601343,2021-2022,Dakhla-Oued Eddahab,DAK,Rural,Féminin,Primaire,Transport scolaire,1149,MEN
AS601344,2019-2020,Tanger-Tétouan-Al Hoceïma,TAN,Rural,Masculin,Qualifiant,Cartable,156,MEN
AS601345,2020-2021,Oriental,ORI,Urbain,Masculin,Qualifiant,Cartable,144,ONG
AS601346,2023-2024,Marrakech-Safi,MAR,Urbain,Féminin,Primaire,Cartable,170,MEN
AS601347,2019-2020,Drâa-Tafilalet,DRA,Rural,Masculin,Primaire,Cartable,175,MEN
AS601348,2023-2024,Souss-Massa,SOU,Rural,Féminin,Collégial,Restauration scolaire,1606,MEN
AS601349,2016-2017,Tanger-Tétouan-Al Hoceïma,TAN,Urbain,Féminin,Collégial,Internat,3300,INDH
AS601350,2020-2021,Casablanca-Settat,CAS,Rural,Féminin,Primaire,Cartable,162,Collectivité locale
AS601351,2019-2020,Marrakech-Safi,MAR,Rural,Féminin,Primaire,Uniforme,287,INDH
AS601352,2015-2016,Fès-Meknès,FES,Rural,Féminin,Qualifiant,Uniforme,245,MEN
AS601353,2022-2023,Oriental,ORI,Urbain,Féminin,Qualifiant,Cartable,151,MEN
AS601354,2019-2020,Rabat-Salé-Kénitra,RAB,Rural,Féminin,Collégial,Restauration scolaire,1800,MEN
AS601355,2023-2024,Oriental,ORI,Urbain,Féminin,Qualifiant,Restauration scolaire,1736,MEN
AS601356,2020-2021,Souss-Massa,SOU,Urbain,Féminin,Primaire,Internat,3236,MEN
AS601357,2017-2018,Oriental,ORI,Urbain,Masculin,Collégial,Cartable,181,MEN
AS601358,2018-2019,Marrakech-Safi,MAR,Rural,Masculin,Primaire,Internat,3509,Collectivité locale
AS601359,2018-2019,Béni Mellal-Khénifra,BMK,Rural,Masculin,Primaire,Restauration scolaire,1919,MEN
AS601360,2015-2016,Casablanca-Settat,CAS,Urbain,Masculin,Qualifiant,Cartable,153,Collectivité locale
AS601361,2016-2017,Casablanca-Settat,CAS,Rural,Féminin,Collégial,Internat,3586,MEN
AS601362,2015-2016,Souss-Massa,SOU,Urbain,Masculin,Collégial,Cartable,143,MEN
AS601363,2019-2020,Oriental,ORI,Rural,Féminin,Qualifiant,Internat,3495,MEN
AS601364,2021-2022,Casablanca-Settat,CAS,Urbain,Masculin,Collégial,Restauration scolaire,1549,MEN
AS601365,2016-2017,Rabat-Salé-Kénitra,RAB,Rural,Féminin,Primaire,Internat,3557,MEN
AS601366,2016-2017,Marrakech-Safi,MAR,Rural,Féminin,Primaire,Cartable,165,ONG
AS601367,2015-2016,Rabat-Salé-Kénitra,RAB,Rural,Féminin,Collégial,Cartable,168,MEN
AS601368,2019-2020,Rabat-Salé-Kénitra,RAB,Rural,Féminin,Primaire,Restauration scolaire,1739,ONG
AS601369,2021-2022,Casablanca-Settat,CAS,Urbain,Masculin,Collégial,Internat,3423,MEN
AS601370,2018-2019,Fès-Meknès,FES,Urbain,Féminin,Collégial,Restauration scolaire,2121,Don privé
AS601371,2017-2018,Rabat-Salé-Kénitra,RAB,Urbain,Masculin,Qualifiant,Transport scolaire,1149,MEN
AS601372,2017-2018,Oriental,ORI,Rural,Masculin,Qualifiant,Uniforme,329,INDH
AS601373,2021-2022,Rabat-Salé-Kénitra,RAB,Urbain,Féminin,Qualifiant,Uniforme,299,MEN
AS601374,2017-2018,Casablanca-Settat,CAS,Rural,Masculin,Collégial,Fournitures,218,MEN
AS601375,2022-2023,Souss-Massa,SOU,Rural,Masculin,Collégial,Cartable,184,MEN
AS601376,2019-2020,Fès-Meknès,FES,Urbain,Féminin,Primaire,Fournitures,215,MEN
AS601377,2018-2019,Souss-Massa,SOU,Rural,Masculin,Primaire,Restauration scolaire,1868,MEN
AS601378,2016-2017,Dakhla-Oued Eddahab,DAK,Urbain,Féminin,Primaire,Transport scolaire,1227,MEN
AS601379,2023-2024,Rabat-Salé-Kénitra,RAB,Urbain,Féminin,Primaire,Cartable,164,MEN
AS601380,2016-2017,Oriental,ORI,Urbain,Masculin,Collégial,Transport scolaire,1199,MEN
AS601381,2020-2021,Casablanca-Settat,CAS,Rural,Masculin,Primaire,Cartable,138,Don privé
AS601382,2020-2021,Guelmim-Oued Noun,GUE,Urbain,Masculin,Primaire,Restauration scolaire,1889,ONG
AS601383,2018-2019,Fès-Meknès,FES,Rural,Masculin,Qualifiant,Fournitures,218,MEN
AS601384,2022-2023,Casablanca-Settat,CAS,Rural,Féminin,Qualifiant,Cartable,185,INDH
AS601385,2019-2020,Casablanca-Settat,CAS,Rural,Masculin,Primaire,Transport scolaire,1309,ONG
AS601386,2022-2023,Guelmim-Oued Noun,GUE,Rural,Masculin,Collégial,Restauration scolaire,1872,MEN
AS601387,2015-2016,Casablanca-Settat,CAS,Rural,Masculin,Primaire,Transport scolaire,1365,MEN
AS601388,2016-2017,Fès-Meknès,FES,Urbain,Masculin,Primaire,Cartable,151,Collectivité locale
AS601389,2020-2021,Rabat-Salé-Kénitra,RAB,Rural,Féminin,Collégial,Internat,2563,MEN
AS601390,2020-2021,Fès-Meknès,FES,Rural,Féminin,Primaire,Uniforme,301,MEN
AS601391,2023-2024,Casablanca-Settat,CAS,Rural,Masculin,Primaire,Restauration scolaire,1699,INDH
AS601392,2017-2018,Souss-Massa,SOU,Urbain,Féminin,Primaire,Restauration scolaire,1595,MEN
AS601393,2022-2023,Tanger-Tétouan-Al Hoceïma,TAN,Rural,Masculin,Collégial,Restauration scolaire,1926,MEN
AS601394,2015-2016,Casablanca-Settat,CAS,Urbain,Féminin,Collégial,Restauration scolaire,1865,INDH
AS601395,2017-2018,Casablanca-Settat,CAS,Rural,Masculin,Primaire,Transport scolaire,942,ONG
AS601396,2021-2022,Casablanca-Settat,CAS,Urbain,Féminin,Primaire,Cartable,173,ONG
AS601397,2018-2019,Marrakech-Safi,MAR,Urbain,Masculin,Qualifiant,Restauration scolaire,2020,MEN
AS601398,2017-2018,Marrakech-Safi,MAR,Rural,Masculin,Primaire,Uniforme,287,MEN
AS601399,2015-2016,Oriental,ORI,Urbain,Masculin,Collégial,Restauration scolaire,1710,Collectivité locale
AS601400,2016-2017,Laâyoune-Sakia El Hamra,LAA,Rural,Féminin,Primaire,Cartable,177,ONG
AS601401,2019-2020,Marrakech-Safi,MAR,Rural,Féminin,Primaire,Cartable,140,MEN
AS601402,2023-2024,Fès-Meknès,FES,Rural,Masculin,Collégial,Cartable,152,MEN
AS601403,2023-2024,Marrakech-Safi,MAR,Urbain,Féminin,Qualifiant,Cartable,159,INDH
AS601404,2020-2021,Oriental,ORI,Urbain,Féminin,Primaire,Internat,3660,INDH
AS601405,2016-2017,Casablanca-Settat,CAS,Rural,Féminin,Primaire,Cartable,138,Don privé
AS601406,2022-2023,Casablanca-Settat,CAS,Rural,Féminin,Primaire,Fournitures,184,MEN
AS601407,2022-2023,Drâa-Tafilalet,DRA,Rural,Masculin,Collégial,Restauration scolaire,1701,MEN
AS601408,2022-2023,Souss-Massa,SOU,Rural,Masculin,Collégial,Internat,3731,MEN
AS601409,2018-2019,Drâa-Tafilalet,DRA,Urbain,Masculin,Primaire,Cartable,154,MEN
AS601410,2022-2023,Rabat-Salé-Kénitra,RAB,Rural,Masculin,Collégial,Cartable,151,MEN
AS601411,2021-2022,Marrakech-Safi,MAR,Urbain,Masculin,Primaire,Uniforme,229,INDH
AS601412,2016-2017,Tanger-Tétouan-Al Hoceïma,TAN,Urbain,Masculin,Primaire,Transport scolaire,1038,MEN
AS601413,2018-2019,Marrakech-Safi,MAR,Urbain,Masculin,Primaire,Fournitures,223,MEN
AS601414,2019-2020,Tanger-Tétouan-Al Hoceïma,TAN,Rural,Féminin,Collégial,Restauration scolaire,1975,Collectivité locale
AS601415,2016-2017,Casablanca-Settat,CAS,Urbain,Masculin,Primaire,Restauration scolaire,1535,INDH
AS601416,2017-2018,Rabat-Salé-Kénitra,RAB,Urbain,Masculin,Primaire,Cartable,164,MEN
AS601417,2023-2024,Drâa-Tafilalet,DRA,Urbain,Masculin,Primaire,Cartable,149,MEN
AS601418,2023-2024,Béni Mellal-Khénifra,BMK,Rural,Masculin,Primaire,Cartable,142,MEN
AS601419,2015-2016,Fès-Meknès,FES,Rural,Féminin,Primaire,Fournitures,175,MEN
AS601420,2021-2022,Souss-Massa,SOU,Urbain,Masculin,Collégial,Transport scolaire,1199,INDH
AS601421,2016-2017,Casablanca-Settat,CAS,Rural,Féminin,Primaire,Transport scolaire,1220,MEN
AS601422,2017-2018,Marrakech-Safi,MAR,Urbain,Masculin,Qualifiant,Transport scolaire,1297,INDH
AS601423,2018-2019,Fès-Meknès,FES,Urbain,Masculin,Qualifiant,Restauration scolaire,1820,MEN
AS601424,2017-2018,Rabat-Salé-Kénitra,RAB,Urbain,Féminin,Qualifiant,Cartable,155,Collectivité locale
AS601425,2017-2018,Tanger-Tétouan-Al Hoceïma,TAN,Urbain,Masculin,Collégial,Cartable,179,MEN
AS601426,2023-2024,Oriental,ORI,Urbain,Féminin,Primaire,Uniforme,341,Collectivité locale
AS601427,2022-2023,Rabat-Salé-Kénitra,RAB,Urbain,Masculin,Primaire,Fournitures,202,INDH
AS601428,2017-2018,Tanger-Tétouan-Al Hoceïma,TAN,Rural,Féminin,Collégial,Internat,3636,MEN
AS601429,2017-2018,Rabat-Salé-Kénitra,RAB,Urbain,Féminin,Primaire,Internat,3170,MEN
AS601430,2019-2020,Tanger-Tétouan-Al Hoceïma,TAN,Urbain,Masculin,Primaire,Transport scolaire,1143,Collectivité locale
AS601431,2020-2021,Tanger-Tétouan-Al Hoceïma,TAN,Rural,Féminin,Primaire,Uniforme,282,ONG
AS601432,2017-2018,Rabat-Salé-Kénitra,RAB,Urbain,Masculin,Collégial,Cartable,187,MEN
AS601433,2019-2020,Casablanca-Settat,CAS,Rural,Féminin,Primaire,Restauration scolaire,1792,INDH
AS601434,2018-2019,Casablanca-Settat,CAS,Rural,Féminin,Primaire,Cartable,118,MEN
AS601435,2021-2022,Béni Mellal-Khénifra,BMK,Rural,Masculin,Collégial,Uniforme,292,ONG
AS601436,2019-2020,Oriental,ORI,Urbain,Masculin,Primaire,Restauration scolaire,1776,Collectivité locale
AS601437,2017-2018,Casablanca-Settat,CAS,Rural,Féminin,Primaire,Restauration scolaire,1450,MEN
AS601438,2019-2020,Rabat-Salé-Kénitra,RAB,Urbain,Masculin,Primaire,Internat,3753,MEN
AS601439,2015-2016,Rabat-Salé-Kénitra,RAB,Urbain,Féminin,Primaire,Cartable,152,MEN
AS601440,2020-2021,Casablanca-Settat,CAS,Urbain,Féminin,Primaire,Transport scolaire,1139,Collectivité locale
AS601441,2018-2019,Béni Mellal-Khénifra,BMK,Urbain,Féminin,Collégial,Transport scolaire,1140,MEN
AS601442,2022-2023,Béni Mellal-Khénifra,BMK,Urbain,Féminin,Primaire,Cartable,206,INDH
AS601443,2017-2018,Oriental,ORI,Urbain,Féminin,Primaire,Fournitures,194,MEN
AS601444,2022-2023,Souss-Massa,SOU,Rural,Féminin,Qualifiant,Fournitures,173,INDH
AS601445,2015-2016,Souss-Massa,SOU,Rural,Masculin,Primaire,Restauration scolaire,1613,MEN
AS601446,2019-2020,Rabat-Salé-Kénitra,RAB,Rural,Masculin,Collégial,Cartable,172,MEN
AS601447,2019-2020,Rabat-Salé-Kénitra,RAB,Urbain,Masculin,Primaire,Cartable,181,Don privé
AS601448,2022-2023,Oriental,ORI,Rural,Masculin,Primaire,Cartable,159,MEN
AS601449,2022-2023,Tanger-Tétouan-Al Hoceïma,TAN,Urbain,Masculin,Collégial,Cartable,145,Collectivité locale
AS601450,2021-2022,Oriental,ORI,Rural,Masculin,Primaire,Restauration scolaire,1860,MEN
AS601451,2023-2024,Rabat-Salé-Kénitra,RAB,Rural,Féminin,Collégial,Transport scolaire,1532,MEN
AS601452,2016-2017,Tanger-Tétouan-Al Hoceïma,TAN,Urbain,Masculin,Collégial,Transport scolaire,1161,MEN
AS601453,2017-2018,Oriental,ORI,Rural,Masculin,Qualifiant,Internat,3352,MEN
AS601454,2017-2018,Marrakech-Safi,MAR,Rural,Masculin,Collégial,Uniforme,277,ONG
AS601455,2015-2016,Drâa-Tafilalet,DRA,Rural,Féminin,Primaire,Internat,3464,MEN
AS601456,2020-2021,Béni Mellal-Khénifra,BMK,Urbain,Masculin,Qualifiant,Restauration scolaire,1735,MEN
AS601457,2020-2021,Fès-Meknès,FES,Urbain,Féminin,Collégial,Uniforme,238,INDH
AS601458,2016-2017,Rabat-Salé-Kénitra,RAB,Rural,Féminin,Qualifiant,Uniforme,264,MEN
AS601459,2016-2017,Rabat-Salé-Kénitra,RAB,Rural,Masculin,Collégial,Cartable,145,INDH
AS601460,2020-2021,Fès-Meknès,FES,Urbain,Féminin,Primaire,Transport scolaire,1158,INDH
AS601461,2021-2022,Rabat-Salé-Kénitra,RAB,Urbain,Féminin,Collégial,Cartable,160,MEN
AS601462,2015-2016,Marrakech-Safi,MAR,Rural,Féminin,Primaire,Uniforme,256,MEN
AS601463,2019-2020,Casablanca-Settat,CAS,Rural,Féminin,Collégial,Fournitures,188,MEN
AS601464,2017-2018,Fès-Meknès,FES,Rural,Masculin,Collégial,Uniforme,291,INDH
AS601465,2020-2021,Tanger-Tétouan-Al Hoceïma,TAN,Urbain,Masculin,Qualifiant,Fournitures,233,INDH
AS601466,2018-2019,Casablanca-Settat,CAS,Rural,Masculin,Primaire,Internat,3862,INDH
AS601467,2018-2019,Tanger-Tétouan-Al Hoceïma,TAN,Urbain,Masculin,Primaire,Cartable,155,MEN
AS601468,2019-2020,Fès-Meknès,FES,Rural,Masculin,Primaire,Uniforme,230,MEN
AS601469,2020-2021,Tanger-Tétouan-Al Hoceïma,TAN,Urbain,Féminin,Qualifiant,Cartable,155,MEN
AS601470,2023-2024,Rabat-Salé-Kénitra,RAB,Rural,Masculin,Collégial,Transport scolaire,1118,MEN
AS601471,2015-2016,Fès-Meknès,FES,Urbain,Féminin,Collégial,Restauration scolaire,1941,Collectivité locale
AS601472,2022-2023,Tanger-Tétouan-Al Hoceïma,TAN,Rural,Féminin,Primaire,Transport scolaire,1014,MEN
AS601473,2015-2016,Marrakech-Safi,MAR,Urbain,Masculin,Primaire,Uniforme,244,Collectivité locale
AS601474,2015-2016,Drâa-Tafilalet,DRA,Rural,Masculin,Qualifiant,Transport scolaire,899,MEN
AS601475,2015-2016,Casablanca-Settat,CAS,Rural,Féminin,Collégial,Restauration scolaire,1918,MEN
AS601476,2018-2019,Tanger-Tétouan-Al Hoceïma,TAN,Urbain,Féminin,Primaire,Uniforme,272,Don privé
AS601477,2022-2023,Marrakech-Safi,MAR,Urbain,Féminin,Primaire,Cartable,167,MEN
AS601478,2018-2019,Béni Mellal-Khénifra,BMK,Urbain,Masculin,Collégial,Cartable,152,INDH
AS601479,2017-2018,Marrakech-Safi,MAR,Rural,Féminin,Primaire,Restauration scolaire,1605,MEN
AS601480,2020-2021,Tanger-Tétouan-Al Hoceïma,TAN,Rural,Féminin,Collégial,Fournitures,204,MEN
AS601481,2015-2016,Fès-Meknès,FES,Urbain,Masculin,Qualifiant,Cartable,143,MEN
AS601482,2023-2024,Casablanca-Settat,CAS,Rural,Féminin,Collégial,Uniforme,299,Collectivité locale
AS601483,2021-2022,Fès-Meknès,FES,Urbain,Féminin,Primaire,Cartable,199,MEN
AS601484,2015-2016,Fès-Meknès,FES,Rural,Masculin,Primaire,Restauration scolaire,1561,MEN
AS601485,2015-2016,Rabat-Salé-Kénitra,RAB,Rural,Féminin,Qualifiant,Internat,3757,MEN
AS601486,2021-2022,Casablanca-Settat,CAS,Urbain,Féminin,Primaire,Fournitures,182,MEN
AS601487,2023-2024,Fès-Meknès,FES,Rural,Masculin,Primaire,Transport scolaire,1084,MEN
AS601488,2017-2018,Rabat-Salé-Kénitra,RAB,Rural,Masculin,Collégial,Restauration scolaire,1647,Collectivité locale
AS601489,2021-2022,Tanger-Tétouan-Al Hoceïma,TAN,Urbain,Féminin,Qualifiant,Cartable,172,Don privé
AS601490,2023-2024,Tanger-Tétouan-Al Hoceïma,TAN,Urbain,Masculin,Collégial,Restauration scolaire,1806,INDH
AS601491,2022-2023,Tanger-Tétouan-Al Hoceïma,TAN,Rural,Féminin,Collégial,Fournitures,176,Collectivité locale
AS601492,2017-2018,Marrakech-Safi,MAR,Rural,Féminin,Collégial,Uniforme,336,INDH
AS601493,2016-2017,Béni Mellal-Khénifra,BMK,Rural,Féminin,Primaire,Cartable,174,MEN
AS601494,2021-2022,Fès-Meknès,FES,Urbain,Féminin,Qualifiant,Cartable,135,MEN
AS601495,2020-2021,Casablanca-Settat,CAS,Urbain,Masculin,Qualifiant,Uniforme,237,MEN
AS601496,2022-2023,Marrakech-Safi,MAR,Urbain,Masculin,Collégial,Uniforme,301,INDH
AS601497,2020-2021,Rabat-Salé-Kénitra,RAB,Urbain,Féminin,Primaire,Fournitures,216,MEN
AS601498,2023-2024,Casablanca-Settat,CAS,Urbain,Masculin,Qualifiant,Restauration scolaire,2041,MEN
AS601499,2015-2016,Casablanca-Settat,CAS,Rural,Masculin,Primaire,Transport scolaire,1000,MEN
AS601500,2016-2017,Fès-Meknès,FES,Rural,Masculin,Collégial,Internat,3928,MEN
AS601501,2015-2016,Béni Mellal-Khénifra,BMK,Urbain,Féminin,Qualifiant,Cartable,165,Don privé
AS601502,2019-2020,Casablanca-Settat,CAS,Urbain,Féminin,Primaire,Restauration scolaire,1837,Collectivité locale
AS601503,2018-2019,Casablanca-Settat,CAS,Urbain,Féminin,Qualifiant,Uniforme,249,MEN
AS601504,2023-2024,Casablanca-Settat,CAS,Urbain,Masculin,Primaire,Fournitures,196,MEN
AS601505,2021-2022,Drâa-Tafilalet,DRA,Urbain,Féminin,Primaire,Cartable,157,INDH
AS601506,2022-2023,Rabat-Salé-Kénitra,RAB,Urbain,Féminin,Qualifiant,Restauration scolaire,1973,MEN
AS601507,2018-2019,Drâa-Tafilalet,DRA,Rural,Masculin,Qualifiant,Cartable,165,MEN
AS601508,2017-2018,Fès-Meknès,FES,Rural,Masculin,Primaire,Transport scolaire,1242,MEN
AS601509,2020-2021,Béni Mellal-Khénifra,BMK,Urbain,Féminin,Collégial,Internat,3302,ONG
AS601510,2015-2016,Tanger-Tétouan-Al Hoceïma,TAN,Rural,Féminin,Primaire,Cartable,152,MEN
AS601511,2016-2017,Drâa-Tafilalet,DRA,Urbain,Féminin,Collégial,Internat,3462,MEN
AS601512,2017-2018,Casablanca-Settat,CAS,Rural,Masculin,Primaire,Cartable,159,Collectivité locale
AS601513,2018-2019,Casablanca-Settat,CAS,Urbain,Féminin,Primaire,Restauration scolaire,1432,MEN
AS601514,2016-2017,Rabat-Salé-Kénitra,RAB,Rural,Féminin,Collégial,Cartable,163,MEN
AS601515,2018-2019,Fès-Meknès,FES,Urbain,Féminin,Collégial,Cartable,170,INDH
AS601516,2016-2017,Casablanca-Settat,CAS,Urbain,Masculin,Primaire,Uniforme,260,MEN
AS601517,2023-2024,Rabat-Salé-Kénitra,RAB,Rural,Féminin,Qualifiant,Internat,3228,MEN
AS601518,2018-2019,Rabat-Salé-Kénitra,RAB,Urbain,Féminin,Primaire,Transport scolaire,1346,MEN
AS601519,2016-2017,Marrakech-Safi,MAR,Rural,Féminin,Primaire,Cartable,164,MEN
AS601520,2020-2021,Tanger-Tétouan-Al Hoceïma,TAN,Urbain,Masculin,Collégial,Restauration scolaire,1519,MEN
AS601521,2021-2022,Marrakech-Safi,MAR,Rural,Masculin,Primaire,Transport scolaire,1150,MEN
AS601522,2019-2020,Rabat-Salé-Kénitra,RAB,Urbain,Féminin,Primaire,Transport scolaire,1194,MEN
AS601523,2017-2018,Drâa-Tafilalet,DRA,Urbain,Masculin,Collégial,Cartable,152,Collectivité locale
AS601524,2018-2019,Laâyoune-Sakia El Hamra,LAA,Urbain,Masculin,Primaire,Restauration scolaire,1493,Collectivité locale
AS601525,2018-2019,Oriental,ORI,Rural,Masculin,Collégial,Cartable,141,MEN
AS601526,2022-2023,Casablanca-Settat,CAS,Rural,Masculin,Collégial,Restauration scolaire,1702,MEN
AS601527,2022-2023,Casablanca-Settat,CAS,Rural,Masculin,Primaire,Cartable,174,MEN
AS601528,2019-2020,Souss-Massa,SOU,Rural,Féminin,Primaire,Uniforme,272,INDH
AS601529,2015-2016,Casablanca-Settat,CAS,Urbain,Féminin,Collégial,Uniforme,291,MEN
AS601530,2022-2023,Casablanca-Settat,CAS,Urbain,Féminin,Primaire,Cartable,169,MEN
AS601531,2021-2022,Rabat-Salé-Kénitra,RAB,Urbain,Féminin,Collégial,Restauration scolaire,1745,MEN
AS601532,2020-2021,Fès-Meknès,FES,Rural,Masculin,Primaire,Restauration scolaire,1793,MEN
AS601533,2021-2022,Rabat-Salé-Kénitra,RAB,Urbain,Masculin,Qualifiant,Internat,3698,Don privé
AS601534,2017-2018,Oriental,ORI,Rural,Masculin,Primaire,Internat,3653,MEN
AS601535,2015-2016,Béni Mellal-Khénifra,BMK,Rural,Masculin,Primaire,Uniforme,291,MEN
AS601536,2018-2019,Fès-Meknès,FES,Urbain,Masculin,Collégial,Internat,3715,MEN
AS601537,2020-2021,Casablanca-Settat,CAS,Urbain,Masculin,Qualifiant,Cartable,148,MEN
AS601538,2023-2024,Marrakech-Safi,MAR,Rural,Féminin,Primaire,Cartable,144,MEN
AS601539,2022-2023,Casablanca-Settat,CAS,Rural,Féminin,Qualifiant,Uniforme,267,INDH
AS601540,2023-2024,Tanger-Tétouan-Al Hoceïma,TAN,Rural,Masculin,Primaire,Transport scolaire,1309,Collectivité locale
AS601541,2015-2016,Guelmim-Oued Noun,GUE,Rural,Masculin,Primaire,Internat,2891,MEN
AS601542,2015-2016,Béni Mellal-Khénifra,BMK,Rural,Féminin,Primaire,Restauration scolaire,2108,MEN
AS601543,2017-2018,Marrakech-Safi,MAR,Rural,Masculin,Collégial,Restauration scolaire,2129,MEN
AS601544,2021-2022,Rabat-Salé-Kénitra,RAB,Urbain,Masculin,Primaire,Cartable,149,MEN
AS601545,2016-2017,Fès-Meknès,FES,Urbain,Masculin,Primaire,Transport scolaire,1214,MEN
AS601546,2019-2020,Oriental,ORI,Rural,Masculin,Qualifiant,Restauration scolaire,1682,MEN
AS601547,2016-2017,Béni Mellal-Khénifra,BMK,Rural,Féminin,Primaire,Transport scolaire,1325,INDH
AS601548,2015-2016,Fès-Meknès,FES,Rural,Féminin,Collégial,Transport scolaire,1319,INDH
AS601549,2015-2016,Marrakech-Safi,MAR,Urbain,Masculin,Qualifiant,Transport scolaire,1141,MEN
AS601550,2022-2023,Souss-Massa,SOU,Urbain,Féminin,Primaire,Restauration scolaire,1717,MEN
AS601551,2022-2023,Rabat-Salé-Kénitra,RAB,Rural,Féminin,Qualifiant,Internat,3386,ONG
AS601552,2021-2022,Marrakech-Safi,MAR,Rural,Féminin,Collégial,Internat,3402,Collectivité locale
AS601553,2015-2016,Marrakech-Safi,MAR,Rural,Féminin,Qualifiant,Cartable,165,Don privé
AS601554,2018-2019,Rabat-Salé-Kénitra,RAB,Rural,Féminin,Primaire,Uniforme,248,MEN
AS601555,2021-2022,Fès-Meknès,FES,Rural,Féminin,Primaire,Cartable,167,ONG
AS601556,2023-2024,Marrakech-Safi,MAR,Urbain,Féminin,Collégial,Cartable,166,INDH
AS601557,2016-2017,Tanger-Tétouan-Al Hoceïma,TAN,Rural,Masculin,Primaire,Cartable,151,MEN
AS601558,2017-2018,Fès-Meknès,FES,Rural,Masculin,Qualifiant,Restauration scolaire,2008,MEN
AS601559,2019-2020,Souss-Massa,SOU,Rural,Féminin,Primaire,Uniforme,327,MEN
AS601560,2015-2016,Casablanca-Settat,CAS,Rural,Masculin,Qualifiant,Internat,2920,MEN
AS601561,2023-2024,Béni Mellal-Khénifra,BMK,Urbain,Féminin,Qualifiant,Cartable,163,ONG
AS601562,2018-2019,Oriental,ORI,Urbain,Masculin,Collégial,Cartable,166,MEN
AS601563,2016-2017,Marrakech-Safi,MAR,Urbain,Féminin,Collégial,Restauration scolaire,1667,MEN
AS601564,2019-2020,Fès-Meknès,FES,Rural,Masculin,Collégial,Transport scolaire,1143,INDH
AS601565,2023-2024,Dakhla-Oued Eddahab,DAK,Rural,Féminin,Primaire,Cartable,147,MEN
AS601566,2015-2016,Rabat-Salé-Kénitra,RAB,Urbain,Masculin,Collégial,Restauration scolaire,1901,MEN
AS601567,2023-2024,Marrakech-Safi,MAR,Urbain,Masculin,Primaire,Cartable,126,Collectivité locale
AS601568,2023-2024,Guelmim-Oued Noun,GUE,Rural,Masculin,Qualifiant,Transport scolaire,1211,MEN
AS601569,2015-2016,Guelmim-Oued Noun,GUE,Rural,Masculin,Primaire,Internat,3839,INDH
AS601570,2017-2018,Casablanca-Settat,CAS,Rural,Masculin,Collégial,Transport scolaire,1030,INDH
AS601571,2017-2018,Marrakech-Safi,MAR,Rural,Masculin,Primaire,Internat,3096,Collectivité locale
AS601572,2018-2019,Tanger-Tétouan-Al Hoceïma,TAN,Urbain,Féminin,Collégial,Cartable,159,MEN
AS601573,2023-2024,Drâa-Tafilalet,DRA,Rural,Masculin,Primaire,Restauration scolaire,1769,MEN
AS601574,2019-2020,Casablanca-Settat,CAS,Rural,Féminin,Collégial,Transport scolaire,1267,INDH
AS601575,2023-2024,Rabat-Salé-Kénitra,RAB,Rural,Masculin,Primaire,Restauration scolaire,1926,INDH
AS601576,2016-2017,Béni Mellal-Khénifra,BMK,Rural,Féminin,Qualifiant,Restauration scolaire,1772,INDH
AS601577,2022-2023,Oriental,ORI,Rural,Masculin,Primaire,Uniforme,245,MEN
AS601578,2018-2019,Béni Mellal-Khénifra,BMK,Rural,Masculin,Collégial,Fournitures,215,Collectivité locale
AS601579,2020-2021,Casablanca-Settat,CAS,Rural,Masculin,Primaire,Cartable,156,Don privé
AS601580,2020-2021,Oriental,ORI,Urbain,Féminin,Collégial,Internat,3462,Don privé
AS601581,2015-2016,Casablanca-Settat,CAS,Urbain,Féminin,Primaire,Restauration scolaire,1991,INDH
AS601582,2017-2018,Fès-Meknès,FES,Rural,Féminin,Collégial,Internat,3652,MEN
AS601583,2019-2020,Marrakech-Safi,MAR,Urbain,Masculin,Primaire,Internat,3077,MEN
AS601584,2017-2018,Casablanca-Settat,CAS,Rural,Masculin,Primaire,Restauration scolaire,2007,MEN
AS601585,2015-2016,Oriental,ORI,Urbain,Masculin,Primaire,Cartable,130,MEN
AS601586,2015-2016,Souss-Massa,SOU,Urbain,Féminin,Qualifiant,Cartable,141,MEN
AS601587,2022-2023,Casablanca-Settat,CAS,Rural,Masculin,Primaire,Transport scolaire,1125,MEN
AS601588,2016-2017,Tanger-Tétouan-Al Hoceïma,TAN,Rural,Féminin,Primaire,Cartable,147,MEN
AS601589,2015-2016,Casablanca-Settat,CAS,Rural,Féminin,Primaire,Restauration scolaire,2164,MEN
AS601590,2016-2017,Marrakech-Safi,MAR,Urbain,Féminin,Qualifiant,Internat,3871,MEN
AS601591,2015-2016,Casablanca-Settat,CAS,Urbain,Masculin,Primaire,Restauration scolaire,1757,MEN
AS601592,2018-2019,Casablanca-Settat,CAS,Rural,Féminin,Collégial,Fournitures,163,INDH
AS601593,2017-2018,Souss-Massa,SOU,Urbain,Féminin,Primaire,Transport scolaire,1159,ONG
AS601594,2021-2022,Casablanca-Settat,CAS,Rural,Masculin,Collégial,Cartable,172,MEN
AS601595,2016-2017,Marrakech-Safi,MAR,Rural,Masculin,Collégial,Internat,3434,MEN
AS601596,2019-2020,Casablanca-Settat,CAS,Rural,Masculin,Primaire,Cartable,147,INDH
AS601597,2021-2022,Laâyoune-Sakia El Hamra,LAA,Rural,Féminin,Qualifiant,Cartable,136,MEN
AS601598,2017-2018,Casablanca-Settat,CAS,Urbain,Masculin,Primaire,Restauration scolaire,1545,MEN
AS601599,2017-2018,Casablanca-Settat,CAS,Rural,Masculin,Collégial,Cartable,162,MEN
AS601600,2018-2019,Béni Mellal-Khénifra,BMK,Rural,Féminin,Collégial,Uniforme,269,MEN
AS601601,2019-2020,Tanger-Tétouan-Al Hoceïma,TAN,Urbain,Féminin,Primaire,Cartable,170,MEN
AS601602,2020-2021,Casablanca-Settat,CAS,Rural,Masculin,Qualifiant,Restauration scolaire,1994,MEN
AS601603,2017-2018,Souss-Massa,SOU,Rural,Féminin,Qualifiant,Internat,3106,MEN
AS601604,2023-2024,Tanger-Tétouan-Al Hoceïma,TAN,Urbain,Féminin,Primaire,Restauration scolaire,1998,MEN
AS601605,2022-2023,Fès-Meknès,FES,Urbain,Masculin,Collégial,Cartable,169,Collectivité locale
AS601606,2019-2020,Drâa-Tafilalet,DRA,Rural,Masculin,Collégial,Transport scolaire,1141,MEN
AS601607,2022-2023,Rabat-Salé-Kénitra,RAB,Urbain,Féminin,Collégial,Cartable,153,MEN
AS601608,2022-2023,Fès-Meknès,FES,Urbain,Masculin,Collégial,Restauration scolaire,2039,MEN
AS601609,2020-2021,Rabat-Salé-Kénitra,RAB,Rural,Masculin,Primaire,Cartable,164,MEN
AS601610,2021-2022,Marrakech-Safi,MAR,Urbain,Masculin,Qualifiant,Restauration scolaire,1646,MEN
AS601611,2023-2024,Rabat-Salé-Kénitra,RAB,Rural,Masculin,Primaire,Cartable,166,MEN
AS601612,2015-2016,Drâa-Tafilalet,DRA,Urbain,Masculin,Primaire,Cartable,158,MEN
AS601613,2018-2019,Fès-Meknès,FES,Rural,Masculin,Qualifiant,Restauration scolaire,1605,MEN
AS601614,2016-2017,Oriental,ORI,Rural,Féminin,Primaire,Cartable,164,MEN
AS601615,2015-2016,Tanger-Tétouan-Al Hoceïma,TAN,Urbain,Féminin,Primaire,Internat,3521,Collectivité locale
AS601616,2023-2024,Rabat-Salé-Kénitra,RAB,Rural,Féminin,Primaire,Internat,3532,ONG
AS601617,2017-2018,Marrakech-Safi,MAR,Urbain,Masculin,Primaire,Restauration scolaire,1719,INDH
AS601618,2018-2019,Fès-Meknès,FES,Urbain,Masculin,Collégial,Internat,3918,MEN
AS601619,2018-2019,Tanger-Tétouan-Al Hoceïma,TAN,Rural,Féminin,Collégial,Cartable,169,INDH
AS601620,2022-2023,Marrakech-Safi,MAR,Rural,Masculin,Primaire,Transport scolaire,1183,MEN
AS601621,2022-2023,Béni Mellal-Khénifra,BMK,Rural,Féminin,Primaire,Fournitures,180,MEN
AS601622,2020-2021,Marrakech-Safi,MAR,Rural,Masculin,Qualifiant,Cartable,149,Collectivité locale
AS601623,2023-2024,Béni Mellal-Khénifra,BMK,Urbain,Féminin,Primaire,Cartable,166,ONG
AS601624,2018-2019,Laâyoune-Sakia El Hamra,LAA,Urbain,Masculin,Collégial,Cartable,161,INDH
AS601625,2019-2020,Rabat-Salé-Kénitra,RAB,Urbain,Masculin,Qualifiant,Uniforme,278,INDH
AS601626,2015-2016,Marrakech-Safi,MAR,Urbain,Féminin,Primaire,Cartable,180,INDH
AS601627,2016-2017,Rabat-Salé-Kénitra,RAB,Urbain,Masculin,Primaire,Cartable,175,MEN
AS601628,2015-2016,Marrakech-Safi,MAR,Rural,Masculin,Collégial,Restauration scolaire,1593,MEN
AS601629,2018-2019,Béni Mellal-Khénifra,BMK,Rural,Masculin,Primaire,Uniforme,253,ONG
AS601630,2017-2018,Marrakech-Safi,MAR,Rural,Masculin,Qualifiant,Internat,3280,INDH
AS601631,2016-2017,Marrakech-Safi,MAR,Rural,Féminin,Primaire,Cartable,169,ONG
AS601632,2020-2021,Béni Mellal-Khénifra,BMK,Rural,Féminin,Collégial,Restauration scolaire,1513,MEN
AS601633,2020-2021,Casablanca-Settat,CAS,Urbain,Masculin,Primaire,Transport scolaire,1078,Collectivité locale
AS601634,2018-2019,Casablanca-Settat,CAS,Urbain,Masculin,Primaire,Restauration scolaire,1606,MEN
AS601635,2016-2017,Drâa-Tafilalet,DRA,Urbain,Féminin,Collégial,Restauration scolaire,1586,MEN
AS601636,2017-2018,Fès-Meknès,FES,Rural,Masculin,Qualifiant,Cartable,158,MEN
AS601637,2020-2021,Souss-Massa,SOU,Urbain,Masculin,Primaire,Cartable,169,MEN
AS601638,2023-2024,Rabat-Salé-Kénitra,RAB,Urbain,Masculin,Primaire,Internat,3839,INDH
AS601639,2020-2021,Tanger-Tétouan-Al Hoceïma,TAN,Urbain,Masculin,Primaire,Cartable,169,MEN
AS601640,2016-2017,Fès-Meknès,FES,Urbain,Masculin,Qualifiant,Internat,3822,INDH
AS601641,2016-2017,Fès-Meknès,FES,Urbain,Masculin,Primaire,Internat,3623,MEN
AS601642,2019-2020,Fès-Meknès,FES,Rural,Féminin,Primaire,Uniforme,294,MEN
AS601643,2022-2023,Casablanca-Settat,CAS,Urbain,Féminin,Collégial,Transport scolaire,1141,Collectivité locale
AS601644,2023-2024,Souss-Massa,SOU,Rural,Masculin,Primaire,Cartable,179,MEN
AS601645,2016-2017,Tanger-Tétouan-Al Hoceïma,TAN,Urbain,Féminin,Primaire,Transport scolaire,1260,Don privé
AS601646,2023-2024,Béni Mellal-Khénifra,BMK,Urbain,Féminin,Collégial,Uniforme,273,MEN
AS601647,2023-2024,Souss-Massa,SOU,Rural,Masculin,Qualifiant,Fournitures,221,INDH
AS601648,2015-2016,Marrakech-Safi,MAR,Rural,Féminin,Qualifiant,Restauration scolaire,1500,MEN
AS601649,2020-2021,Béni Mellal-Khénifra,BMK,Rural,Féminin,Qualifiant,Cartable,165,MEN
AS601650,2015-2016,Tanger-Tétouan-Al Hoceïma,TAN,Urbain,Féminin,Qualifiant,Transport scolaire,1318,MEN
AS601651,2015-2016,Rabat-Salé-Kénitra,RAB,Rural,Féminin,Primaire,Cartable,136,MEN
AS601652,2020-2021,Fès-Meknès,FES,Rural,Masculin,Collégial,Transport scolaire,1338,MEN
AS601653,2016-2017,Fès-Meknès,FES,Rural,Masculin,Qualifiant,Cartable,171,Collectivité locale
AS601654,2019-2020,Rabat-Salé-Kénitra,RAB,Rural,Masculin,Collégial,Fournitures,223,Collectivité locale
AS601655,2020-2021,Tanger-Tétouan-Al Hoceïma,TAN,Rural,Masculin,Qualifiant,Cartable,130,Collectivité locale
AS601656,2015-2016,Marrakech-Safi,MAR,Rural,Masculin,Collégial,Internat,3545,INDH
AS601657,2015-2016,Marrakech-Safi,MAR,Rural,Féminin,Qualifiant,Cartable,148,MEN
AS601658,2020-2021,Rabat-Salé-Kénitra,RAB,Urbain,Féminin,Primaire,Cartable,157,MEN
AS601659,2019-2020,Fès-Meknès,FES,Urbain,Féminin,Qualifiant,Internat,3159,MEN
AS601660,2016-2017,Marrakech-Safi,MAR,Rural,Féminin,Collégial,Internat,3750,Collectivité locale
AS601661,2023-2024,Guelmim-Oued Noun,GUE,Rural,Masculin,Primaire,Restauration scolaire,1710,MEN
AS601662,2017-2018,Marrakech-Safi,MAR,Urbain,Féminin,Primaire,Uniforme,279,MEN
AS601663,2022-2023,Marrakech-Safi,MAR,Rural,Féminin,Primaire,Cartable,164,INDH
AS601664,2020-2021,Casablanca-Settat,CAS,Urbain,Masculin,Qualifiant,Restauration scolaire,2051,MEN
AS601665,2016-2017,Marrakech-Safi,MAR,Rural,Féminin,Collégial,Cartable,141,Don privé
AS601666,2018-2019,Marrakech-Safi,MAR,Urbain,Féminin,Collégial,Transport scolaire,950,MEN
AS601667,2022-2023,Fès-Meknès,FES,Urbain,Féminin,Primaire,Restauration scolaire,1768,ONG
AS601668,2016-2017,Rabat-Salé-Kénitra,RAB,Urbain,Masculin,Qualifiant,Internat,3278,ONG
AS601669,2017-2018,Béni Mellal-Khénifra,BMK,Rural,Masculin,Primaire,Transport scolaire,1226,MEN
AS601670,2018-2019,Casablanca-Settat,CAS,Rural,Féminin,Primaire,Transport scolaire,1075,MEN
AS601671,2020-2021,Casablanca-Settat,CAS,Rural,Féminin,Qualifiant,Cartable,163,INDH
AS601672,2020-2021,Oriental,ORI,Urbain,Masculin,Primaire,Restauration scolaire,1970,MEN
AS601673,2022-2023,Fès-Meknès,FES,Urbain,Masculin,Qualifiant,Internat,3615,MEN
AS601674,2017-2018,Casablanca-Settat,CAS,Rural,Masculin,Collégial,Uniforme,237,INDH
AS601675,2019-2020,Tanger-Tétouan-Al Hoceïma,TAN,Rural,Masculin,Primaire,Restauration scolaire,1958,MEN
AS601676,2023-2024,Casablanca-Settat,CAS,Rural,Féminin,Qualifiant,Restauration scolaire,1758,MEN
AS601677,2022-2023,Fès-Meknès,FES,Urbain,Féminin,Collégial,Cartable,136,Don privé
AS601678,2023-2024,Rabat-Salé-Kénitra,RAB,Rural,Féminin,Primaire,Restauration scolaire,1488,Don privé
AS601679,2016-2017,Drâa-Tafilalet,DRA,Rural,Masculin,Collégial,Restauration scolaire,1669,MEN
AS601680,2020-2021,Rabat-Salé-Kénitra,RAB,Rural,Masculin,Primaire,Cartable,177,INDH
AS601681,2022-2023,Drâa-Tafilalet,DRA,Urbain,Masculin,Collégial,Internat,3191,INDH
AS601682,2022-2023,Tanger-Tétouan-Al Hoceïma,TAN,Urbain,Masculin,Primaire,Restauration scolaire,1978,MEN
AS601683,2022-2023,Tanger-Tétouan-Al Hoceïma,TAN,Rural,Féminin,Primaire,Internat,3353,Collectivité locale
AS601684,2018-2019,Casablanca-Settat,CAS,Rural,Féminin,Collégial,Uniforme,276,MEN
AS601685,2021-2022,Casablanca-Settat,CAS,Urbain,Féminin,Qualifiant,Cartable,175,MEN
AS601686,2022-2023,Casablanca-Settat,CAS,Urbain,Féminin,Primaire,Fournitures,201,INDH
AS601687,2019-2020,Dakhla-Oued Eddahab,DAK,Urbain,Masculin,Collégial,Cartable,160,MEN
AS601688,2015-2016,Oriental,ORI,Urbain,Féminin,Primaire,Uniforme,283,MEN
AS601689,2019-2020,Marrakech-Safi,MAR,Rural,Masculin,Qualifiant,Restauration scolaire,2012,MEN
AS601690,2021-2022,Casablanca-Settat,CAS,Rural,Féminin,Primaire,Cartable,126,Collectivité locale
AS601691,2022-2023,Casablanca-Settat,CAS,Rural,Masculin,Primaire,Internat,3560,ONG
AS601692,2019-2020,Souss-Massa,SOU,Urbain,Féminin,Primaire,Restauration scolaire,1977,MEN
AS601693,2017-2018,Casablanca-Settat,CAS,Rural,Masculin,Primaire,Cartable,195,MEN
AS601694,2015-2016,Fès-Meknès,FES,Rural,Féminin,Primaire,Internat,3669,INDH
AS601695,2023-2024,Fès-Meknès,FES,Rural,Masculin,Collégial,Cartable,202,INDH
AS601696,2021-2022,Marrakech-Safi,MAR,Rural,Masculin,Primaire,Transport scolaire,1214,Collectivité locale
AS601697,2018-2019,Casablanca-Settat,CAS,Urbain,Masculin,Primaire,Transport scolaire,1060,INDH
AS601698,2017-2018,Marrakech-Safi,MAR,Urbain,Masculin,Primaire,Restauration scolaire,1531,Collectivité locale
AS601699,2017-2018,Casablanca-Settat,CAS,Urbain,Masculin,Qualifiant,Restauration scolaire,1862,MEN
AS601700,2021-2022,Guelmim-Oued Noun,GUE,Rural,Féminin,Collégial,Restauration scolaire,2152,INDH
AS601701,2020-2021,Casablanca-Settat,CAS,Urbain,Féminin,Qualifiant,Uniforme,280,INDH
AS601702,2021-2022,Marrakech-Safi,MAR,Urbain,Féminin,Primaire,Cartable,159,MEN
AS601703,2021-2022,Marrakech-Safi,MAR,Rural,Féminin,Qualifiant,Restauration scolaire,1868,MEN
AS601704,2020-2021,Béni Mellal-Khénifra,BMK,Rural,Masculin,Primaire,Transport scolaire,1147,MEN
AS601705,2018-2019,Souss-Massa,SOU,Rural,Masculin,Primaire,Internat,3757,MEN
AS601706,2015-2016,Marrakech-Safi,MAR,Urbain,Féminin,Collégial,Uniforme,303,ONG
AS601707,2023-2024,Rabat-Salé-Kénitra,RAB,Urbain,Féminin,Collégial,Cartable,159,MEN
AS601708,2021-2022,Fès-Meknès,FES,Rural,Masculin,Primaire,Transport scolaire,1330,MEN
AS601709,2017-2018,Souss-Massa,SOU,Rural,Masculin,Primaire,Uniforme,262,Collectivité locale
AS601710,2023-2024,Béni Mellal-Khénifra,BMK,Rural,Masculin,Primaire,Uniforme,231,MEN
AS601711,2023-2024,Drâa-Tafilalet,DRA,Urbain,Masculin,Primaire,Internat,3144,INDH
AS601712,2017-2018,Tanger-Tétouan-Al Hoceïma,TAN,Urbain,Féminin,Primaire,Cartable,122,MEN
AS601713,2016-2017,Tanger-Tétouan-Al Hoceïma,TAN,Urbain,Masculin,Primaire,Cartable,184,ONG
AS601714,2016-2017,Marrakech-Safi,MAR,Urbain,Masculin,Qualifiant,Fournitures,198,MEN
AS601715,2022-2023,Béni Mellal-Khénifra,BMK,Rural,Féminin,Collégial,Restauration scolaire,1704,MEN
AS601716,2017-2018,Tanger-Tétouan-Al Hoceïma,TAN,Urbain,Féminin,Collégial,Restauration scolaire,1822,Collectivité locale
AS601717,2015-2016,Oriental,ORI,Rural,Masculin,Primaire,Restauration scolaire,1716,INDH
AS601718,2016-2017,Drâa-Tafilalet,DRA,Rural,Masculin,Primaire,Cartable,169,Collectivité locale
AS601719,2023-2024,Rabat-Salé-Kénitra,RAB,Rural,Féminin,Qualifiant,Fournitures,191,ONG
AS601720,2019-2020,Casablanca-Settat,CAS,Rural,Féminin,Primaire,Restauration scolaire,1951,MEN
AS601721,2018-2019,Fès-Meknès,FES,Rural,Féminin,Primaire,Transport scolaire,1048,INDH
AS601722,2015-2016,Rabat-Salé-Kénitra,RAB,Rural,Masculin,Primaire,Cartable,169,INDH
AS601723,2017-2018,Souss-Massa,SOU,Urbain,Féminin,Collégial,Fournitures,186,INDH
AS601724,2016-2017,Drâa-Tafilalet,DRA,Rural,Masculin,Qualifiant,Transport scolaire,1233,Collectivité locale
AS601725,2018-2019,Marrakech-Safi,MAR,Urbain,Féminin,Qualifiant,Restauration scolaire,1642,MEN
AS601726,2016-2017,Béni Mellal-Khénifra,BMK,Rural,Masculin,Collégial,Restauration scolaire,1912,MEN
AS601727,2015-2016,Béni Mellal-Khénifra,BMK,Rural,Féminin,Collégial,Restauration scolaire,1579,MEN
AS601728,2019-2020,Drâa-Tafilalet,DRA,Rural,Féminin,Collégial,Transport scolaire,1146,Collectivité locale
AS601729,2017-2018,Marrakech-Safi,MAR,Urbain,Masculin,Collégial,Restauration scolaire,1504,Collectivité locale
AS601730,2022-2023,Rabat-Salé-Kénitra,RAB,Rural,Féminin,Collégial,Uniforme,269,Collectivité locale
AS601731,2021-2022,Souss-Massa,SOU,Urbain,Féminin,Primaire,Restauration scolaire,2066,MEN
AS601732,2019-2020,Tanger-Tétouan-Al Hoceïma,TAN,Rural,Masculin,Collégial,Restauration scolaire,1595,MEN
AS601733,2023-2024,Béni Mellal-Khénifra,BMK,Urbain,Masculin,Primaire,Cartable,163,MEN
AS601734,2016-2017,Marrakech-Safi,MAR,Urbain,Féminin,Primaire,Restauration scolaire,1881,MEN
AS601735,2018-2019,Marrakech-Safi,MAR,Urbain,Féminin,Primaire,Restauration scolaire,2031,INDH
AS601736,2015-2016,Tanger-Tétouan-Al Hoceïma,TAN,Rural,Féminin,Primaire,Fournitures,225,INDH
AS601737,2020-2021,Fès-Meknès,FES,Rural,Féminin,Primaire,Uniforme,297,INDH
AS601738,2023-2024,Béni Mellal-Khénifra,BMK,Rural,Masculin,Primaire,Fournitures,192,MEN
AS601739,2023-2024,Fès-Meknès,FES,Rural,Féminin,Collégial,Uniforme,247,ONG
AS601740,2022-2023,Fès-Meknès,FES,Rural,Masculin,Qualifiant,Transport scolaire,1046,Collectivité locale
AS601741,2018-2019,Rabat-Salé-Kénitra,RAB,Rural,Féminin,Collégial,Cartable,150,MEN
AS601742,2018-2019,Rabat-Salé-Kénitra,RAB,Rural,Masculin,Primaire,Uniforme,270,Collectivité locale
AS601743,2022-2023,Rabat-Salé-Kénitra,RAB,Rural,Masculin,Primaire,Internat,3474,Collectivité locale
AS601744,2023-2024,Béni Mellal-Khénifra,BMK,Urbain,Féminin,Primaire,Cartable,136,MEN
AS601745,2021-2022,Rabat-Salé-Kénitra,RAB,Urbain,Masculin,Collégial,Restauration scolaire,1897,INDH
AS601746,2015-2016,Oriental,ORI,Rural,Masculin,Collégial,Cartable,177,MEN
AS601747,2023-2024,Drâa-Tafilalet,DRA,Urbain,Féminin,Primaire,Cartable,164,MEN
AS601748,2022-2023,Casablanca-Settat,CAS,Urbain,Masculin,Collégial,Restauration scolaire,1517,MEN
AS601749,2016-2017,Fès-Meknès,FES,Urbain,Féminin,Primaire,Cartable,167,MEN
AS601750,2022-2023,Béni Mellal-Khénifra,BMK,Rural,Féminin,Collégial,Cartable,135,MEN
AS601751,2019-2020,Oriental,ORI,Urbain,Féminin,Collégial,Uniforme,267,MEN
AS601752,2023-2024,Tanger-Tétouan-Al Hoceïma,TAN,Rural,Masculin,Primaire,Restauration scolaire,1946,INDH
AS601753,2021-2022,Marrakech-Safi,MAR,Rural,Masculin,Collégial,Transport scolaire,1078,MEN
AS601754,2023-2024,Casablanca-Settat,CAS,Urbain,Masculin,Collégial,Transport scolaire,1344,MEN
AS601755,2020-2021,Marrakech-Safi,MAR,Rural,Masculin,Collégial,Transport scolaire,1203,Don privé
AS601756,2017-2018,Marrakech-Safi,MAR,Rural,Féminin,Qualifiant,Cartable,160,ONG
AS601757,2018-2019,Rabat-Salé-Kénitra,RAB,Rural,Masculin,Primaire,Transport scolaire,1200,MEN
AS601758,2015-2016,Drâa-Tafilalet,DRA,Urbain,Masculin,Collégial,Cartable,144,MEN
AS601759,2017-2018,Souss-Massa,SOU,Rural,Féminin,Primaire,Fournitures,195,MEN
AS601760,2016-2017,Béni Mellal-Khénifra,BMK,Urbain,Féminin,Primaire,Fournitures,208,Collectivité locale
AS601761,2015-2016,Rabat-Salé-Kénitra,RAB,Rural,Féminin,Collégial,Restauration scolaire,1682,MEN
AS601762,2017-2018,Casablanca-Settat,CAS,Rural,Masculin,Collégial,Transport scolaire,1279,INDH
AS601763,2017-2018,Casablanca-Settat,CAS,Urbain,Masculin,Collégial,Internat,3634,INDH
AS601764,2021-2022,Rabat-Salé-Kénitra,RAB,Urbain,Féminin,Qualifiant,Transport scolaire,1158,MEN
AS601765,2022-2023,Casablanca-Settat,CAS,Rural,Féminin,Qualifiant,Cartable,161,Collectivité locale
AS601766,2022-2023,Tanger-Tétouan-Al Hoceïma,TAN,Rural,Masculin,Primaire,Restauration scolaire,1882,INDH
AS601767,2022-2023,Souss-Massa,SOU,Urbain,Féminin,Qualifiant,Transport scolaire,1236,INDH
AS601768,2016-2017,Marrakech-Safi,MAR,Rural,Masculin,Primaire,Cartable,175,MEN
AS601769,2018-2019,Casablanca-Settat,CAS,Rural,Féminin,Collégial,Cartable,148,INDH
AS601770,2021-2022,Oriental,ORI,Rural,Masculin,Primaire,Restauration scolaire,1881,Don privé
AS601771,2016-2017,Marrakech-Safi,MAR,Rural,Masculin,Primaire,Uniforme,258,INDH
AS601772,2016-2017,Casablanca-Settat,CAS,Urbain,Masculin,Collégial,Uniforme,262,MEN
AS601773,2018-2019,Tanger-Tétouan-Al Hoceïma,TAN,Rural,Féminin,Primaire,Cartable,144,MEN
AS601774,2016-2017,Casablanca-Settat,CAS,Rural,Masculin,Collégial,Uniforme,252,INDH
AS601775,2020-2021,Tanger-Tétouan-Al Hoceïma,TAN,Rural,Féminin,Primaire,Transport scolaire,1221,MEN
AS601776,2016-2017,Rabat-Salé-Kénitra,RAB,Urbain,Féminin,Collégial,Transport scolaire,1342,INDH
AS601777,2020-2021,Marrakech-Safi,MAR,Rural,Masculin,Primaire,Cartable,133,MEN
AS601778,2015-2016,Drâa-Tafilalet,DRA,Rural,Masculin,Qualifiant,Transport scolaire,1124,MEN
AS601779,2023-2024,Casablanca-Settat,CAS,Urbain,Masculin,Primaire,Internat,3191,MEN
AS601780,2017-2018,Fès-Meknès,FES,Rural,Masculin,Collégial,Internat,3493,MEN
AS601781,2020-2021,Casablanca-Settat,CAS,Urbain,Masculin,Qualifiant,Restauration scolaire,1726,MEN
AS601782,2015-2016,Guelmim-Oued Noun,GUE,Urbain,Féminin,Primaire,Restauration scolaire,1743,MEN
AS601783,2020-2021,Souss-Massa,SOU,Rural,Masculin,Primaire,Cartable,160,Collectivité locale
AS601784,2015-2016,Drâa-Tafilalet,DRA,Urbain,Masculin,Collégial,Internat,3737,MEN
AS601785,2023-2024,Fès-Meknès,FES,Urbain,Masculin,Primaire,Cartable,161,MEN
AS601786,2019-2020,Casablanca-Settat,CAS,Rural,Féminin,Collégial,Cartable,162,MEN
AS601787,2016-2017,Marrakech-Safi,MAR,Urbain,Féminin,Primaire,Cartable,153,Collectivité locale
AS601788,2015-2016,Rabat-Salé-Kénitra,RAB,Rural,Féminin,Primaire,Cartable,134,MEN
AS601789,2015-2016,Rabat-Salé-Kénitra,RAB,Urbain,Masculin,Primaire,Transport scolaire,1001,MEN
AS601790,2015-2016,Fès-Meknès,FES,Rural,Féminin,Primaire,Cartable,166,Don privé
AS601791,2020-2021,Casablanca-Settat,CAS,Urbain,Masculin,Collégial,Cartable,156,INDH
AS601792,2023-2024,Marrakech-Safi,MAR,Rural,Féminin,Primaire,Restauration scolaire,2101,INDH
AS601793,2019-2020,Marrakech-Safi,MAR,Rural,Féminin,Collégial,Cartable,160,INDH
AS601794,2018-2019,Marrakech-Safi,MAR,Urbain,Masculin,Qualifiant,Uniforme,326,MEN
AS601795,2023-2024,Oriental,ORI,Urbain,Masculin,Primaire,Cartable,161,MEN
AS601796,2015-2016,Casablanca-Settat,CAS,Urbain,Féminin,Primaire,Cartable,145,MEN
AS601797,2019-2020,Fès-Meknès,FES,Urbain,Féminin,Collégial,Transport scolaire,1073,ONG
AS601798,2016-2017,Fès-Meknès,FES,Urbain,Féminin,Primaire,Uniforme,252,MEN
AS601799,2023-2024,Fès-Meknès,FES,Rural,Féminin,Primaire,Internat,3726,MEN
AS601800,2021-2022,Rabat-Salé-Kénitra,RAB,Rural,Masculin,Collégial,Internat,3093,MEN
AS601801,2017-2018,Casablanca-Settat,CAS,Rural,Féminin,Primaire,Internat,4438,INDH
AS601802,2023-2024,Fès-Meknès,FES,Urbain,Féminin,Primaire,Restauration scolaire,1817,MEN
AS601803,2019-2020,Tanger-Tétouan-Al Hoceïma,TAN,Rural,Féminin,Primaire,Transport scolaire,1199,MEN
AS601804,2017-2018,Oriental,ORI,Urbain,Masculin,Primaire,Fournitures,200,MEN
AS601805,2022-2023,Marrakech-Safi,MAR,Rural,Féminin,Collégial,Fournitures,208,ONG
AS601806,2016-2017,Rabat-Salé-Kénitra,RAB,Urbain,Féminin,Primaire,Cartable,170,INDH
AS601807,2023-2024,Marrakech-Safi,MAR,Rural,Masculin,Primaire,Restauration scolaire,1853,MEN
AS601808,2023-2024,Fès-Meknès,FES,Urbain,Féminin,Collégial,Uniforme,333,MEN
AS601809,2023-2024,Béni Mellal-Khénifra,BMK,Urbain,Masculin,Primaire,Internat,3590,MEN
AS601810,2017-2018,Marrakech-Safi,MAR,Rural,Féminin,Primaire,Restauration scolaire,1944,MEN
AS601811,2023-2024,Tanger-Tétouan-Al Hoceïma,TAN,Rural,Masculin,Primaire,Uniforme,245,INDH
AS601812,2021-2022,Drâa-Tafilalet,DRA,Rural,Féminin,Primaire,Restauration scolaire,1948,Collectivité locale
AS601813,2023-2024,Oriental,ORI,Rural,Masculin,Collégial,Fournitures,230,MEN
AS601814,2020-2021,Marrakech-Safi,MAR,Rural,Masculin,Collégial,Uniforme,306,MEN
AS601815,2023-2024,Tanger-Tétouan-Al Hoceïma,TAN,Rural,Masculin,Collégial,Internat,3998,MEN
AS601816,2018-2019,Marrakech-Safi,MAR,Rural,Féminin,Qualifiant,Restauration scolaire,1991,Don privé
AS601817,2022-2023,Casablanca-Settat,CAS,Rural,Féminin,Qualifiant,Uniforme,238,Don privé
AS601818,2016-2017,Oriental,ORI,Urbain,Féminin,Collégial,Cartable,171,MEN
AS601819,2019-2020,Casablanca-Settat,CAS,Rural,Masculin,Primaire,Cartable,166,INDH
AS601820,2023-2024,Marrakech-Safi,MAR,Rural,Masculin,Qualifiant,Cartable,158,MEN
AS601821,2023-2024,Marrakech-Safi,MAR,Urbain,Féminin,Qualifiant,Fournitures,208,MEN
AS601822,2017-2018,Drâa-Tafilalet,DRA,Rural,Masculin,Primaire,Cartable,159,MEN
AS601823,2016-2017,Fès-Meknès,FES,Rural,Féminin,Primaire,Fournitures,206,Collectivité locale
AS601824,2016-2017,Souss-Massa,SOU,Rural,Masculin,Collégial,Uniforme,253,MEN
AS601825,2022-2023,Marrakech-Safi,MAR,Urbain,Féminin,Collégial,Internat,4412,ONG
AS601826,2018-2019,Oriental,ORI,Rural,Féminin,Qualifiant,Transport scolaire,1298,ONG
AS601827,2023-2024,Oriental,ORI,Rural,Masculin,Qualifiant,Cartable,169,MEN
AS601828,2017-2018,Rabat-Salé-Kénitra,RAB,Urbain,Féminin,Collégial,Cartable,145,Collectivité locale
AS601829,2015-2016,Marrakech-Safi,MAR,Urbain,Masculin,Primaire,Transport scolaire,1134,MEN
AS601830,2022-2023,Guelmim-Oued Noun,GUE,Urbain,Féminin,Qualifiant,Transport scolaire,1114,MEN
AS601831,2021-2022,Marrakech-Safi,MAR,Rural,Masculin,Primaire,Internat,3769,INDH
AS601832,2021-2022,Casablanca-Settat,CAS,Rural,Féminin,Collégial,Internat,3645,INDH
AS601833,2018-2019,Marrakech-Safi,MAR,Rural,Féminin,Collégial,Restauration scolaire,1858,ONG
AS601834,2018-2019,Oriental,ORI,Urbain,Féminin,Primaire,Cartable,151,MEN
AS601835,2020-2021,Marrakech-Safi,MAR,Urbain,Féminin,Primaire,Internat,2616,ONG
AS601836,2021-2022,Casablanca-Settat,CAS,Rural,Féminin,Collégial,Cartable,156,ONG
AS601837,2017-2018,Casablanca-Settat,CAS,Urbain,Féminin,Primaire,Internat,3261,MEN
AS601838,2020-2021,Tanger-Tétouan-Al Hoceïma,TAN,Rural,Féminin,Collégial,Internat,3845,MEN
AS601839,2019-2020,Casablanca-Settat,CAS,Urbain,Féminin,Collégial,Restauration scolaire,1457,MEN
AS601840,2019-2020,Tanger-Tétouan-Al Hoceïma,TAN,Urbain,Féminin,Qualifiant,Cartable,161,Collectivité locale
AS601841,2018-2019,Casablanca-Settat,CAS,Urbain,Féminin,Qualifiant,Internat,3881,INDH
AS601842,2019-2020,Casablanca-Settat,CAS,Rural,Masculin,Collégial,Cartable,146,ONG
AS601843,2019-2020,Rabat-Salé-Kénitra,RAB,Rural,Masculin,Qualifiant,Internat,2942,MEN
AS601844,2021-2022,Casablanca-Settat,CAS,Urbain,Masculin,Collégial,Internat,4124,MEN
AS601845,2015-2016,Drâa-Tafilalet,DRA,Rural,Masculin,Primaire,Internat,3184,MEN
AS601846,2021-2022,Rabat-Salé-Kénitra,RAB,Rural,Féminin,Qualifiant,Cartable,180,MEN
AS601847,2017-2018,Fès-Meknès,FES,Urbain,Féminin,Primaire,Cartable,163,MEN
AS601848,2020-2021,Drâa-Tafilalet,DRA,Rural,Féminin,Collégial,Restauration scolaire,1549,MEN
AS601849,2020-2021,Souss-Massa,SOU,Rural,Féminin,Qualifiant,Cartable,134,MEN
AS601850,2017-2018,Souss-Massa,SOU,Urbain,Féminin,Primaire,Restauration scolaire,1976,Collectivité locale
AS601851,2021-2022,Rabat-Salé-Kénitra,RAB,Rural,Masculin,Collégial,Internat,3927,MEN
AS601852,2018-2019,Casablanca-Settat,CAS,Urbain,Masculin,Primaire,Transport scolaire,1007,MEN
AS601853,2017-2018,Casablanca-Settat,CAS,Rural,Féminin,Collégial,Cartable,158,INDH
AS601854,2021-2022,Marrakech-Safi,MAR,Urbain,Masculin,Primaire,Cartable,171,MEN
AS601855,2021-2022,Fès-Meknès,FES,Rural,Féminin,Primaire,Restauration scolaire,2142,INDH
AS601856,2018-2019,Fès-Meknès,FES,Urbain,Masculin,Primaire,Transport scolaire,1156,INDH
AS601857,2016-2017,Oriental,ORI,Urbain,Féminin,Primaire,Uniforme,274,Collectivité locale
AS601858,2019-2020,Casablanca-Settat,CAS,Rural,Masculin,Primaire,Cartable,159,ONG
AS601859,2016-2017,Oriental,ORI,Urbain,Féminin,Primaire,Restauration scolaire,1994,MEN
AS601860,2015-2016,Fès-Meknès,FES,Rural,Masculin,Primaire,Cartable,149,Collectivité locale
AS601861,2015-2016,Casablanca-Settat,CAS,Rural,Féminin,Collégial,Restauration scolaire,1716,Collectivité locale
AS601862,2018-2019,Casablanca-Settat,CAS,Rural,Masculin,Primaire,Cartable,157,Collectivité locale
AS601863,2022-2023,Tanger-Tétouan-Al Hoceïma,TAN,Rural,Féminin,Primaire,Internat,3337,Collectivité locale
AS601864,2020-2021,Fès-Meknès,FES,Urbain,Masculin,Primaire,Transport scolaire,985,INDH
AS601865,2022-2023,Tanger-Tétouan-Al Hoceïma,TAN,Rural,Masculin,Primaire,Cartable,163,MEN
AS601866,2021-2022,Rabat-Salé-Kénitra,RAB,Urbain,Féminin,Primaire,Cartable,147,MEN
AS601867,2017-2018,Rabat-Salé-Kénitra,RAB,Urbain,Féminin,Collégial,Transport scolaire,1149,ONG
AS601868,2017-2018,Fès-Meknès,FES,Rural,Féminin,Collégial,Cartable,167,INDH
AS601869,2018-2019,Oriental,ORI,Urbain,Féminin,Qualifiant,Transport scolaire,989,Don privé
AS601870,2021-2022,Fès-Meknès,FES,Rural,Féminin,Primaire,Restauration scolaire,1918,Collectivité locale
AS601871,2019-2020,Laâyoune-Sakia El Hamra,LAA,Rural,Masculin,Qualifiant,Transport scolaire,960,ONG
AS601872,2017-2018,Tanger-Tétouan-Al Hoceïma,TAN,Rural,Féminin,Primaire,Cartable,157,Collectivité locale
AS601873,2016-2017,Tanger-Tétouan-Al Hoceïma,TAN,Rural,Masculin,Primaire,Restauration scolaire,1913,MEN
AS601874,2020-2021,Drâa-Tafilalet,DRA,Rural,Féminin,Collégial,Transport scolaire,1078,INDH
AS601875,2015-2016,Tanger-Tétouan-Al Hoceïma,TAN,Rural,Féminin,Collégial,Transport scolaire,1419,INDH
AS601876,2022-2023,Béni Mellal-Khénifra,BMK,Urbain,Féminin,Collégial,Internat,2899,MEN
AS601877,2021-2022,Marrakech-Safi,MAR,Rural,Masculin,Collégial,Restauration scolaire,1870,MEN
AS601878,2019-2020,Souss-Massa,SOU,Urbain,Féminin,Collégial,Cartable,194,MEN
AS601879,2021-2022,Rabat-Salé-Kénitra,RAB,Rural,Féminin,Collégial,Transport scolaire,1222,MEN
AS601880,2022-2023,Fès-Meknès,FES,Rural,Féminin,Collégial,Cartable,167,MEN
AS601881,2016-2017,Béni Mellal-Khénifra,BMK,Rural,Masculin,Qualifiant,Transport scolaire,1234,MEN
AS601882,2021-2022,Casablanca-Settat,CAS,Rural,Masculin,Collégial,Cartable,168,MEN
AS601883,2022-2023,Souss-Massa,SOU,Rural,Féminin,Primaire,Cartable,165,INDH
AS601884,2016-2017,Rabat-Salé-Kénitra,RAB,Urbain,Féminin,Qualifiant,Restauration scolaire,2111,MEN
AS601885,2022-2023,Tanger-Tétouan-Al Hoceïma,TAN,Rural,Féminin,Qualifiant,Transport scolaire,1195,MEN
AS601886,2017-2018,Oriental,ORI,Rural,Masculin,Primaire,Cartable,138,INDH
AS601887,2016-2017,Drâa-Tafilalet,DRA,Rural,Féminin,Primaire,Restauration scolaire,1723,MEN
AS601888,2019-2020,Drâa-Tafilalet,DRA,Rural,Féminin,Primaire,Fournitures,199,INDH
AS601889,2017-2018,Rabat-Salé-Kénitra,RAB,Urbain,Masculin,Collégial,Cartable,164,INDH
AS601890,2021-2022,Drâa-Tafilalet,DRA,Rural,Féminin,Primaire,Restauration scolaire,1928,MEN
AS601891,2017-2018,Rabat-Salé-Kénitra,RAB,Urbain,Féminin,Collégial,Internat,3413,INDH
AS601892,2020-2021,Dakhla-Oued Eddahab,DAK,Rural,Masculin,Primaire,Restauration scolaire,1673,MEN
AS601893,2015-2016,Fès-Meknès,FES,Rural,Masculin,Qualifiant,Internat,3587,MEN
AS601894,2020-2021,Tanger-Tétouan-Al Hoceïma,TAN,Urbain,Masculin,Primaire,Restauration scolaire,1862,ONG
AS601895,2022-2023,Béni Mellal-Khénifra,BMK,Urbain,Masculin,Primaire,Cartable,162,MEN
AS601896,2015-2016,Souss-Massa,SOU,Rural,Féminin,Qualifiant,Uniforme,319,INDH
AS601897,2020-2021,Casablanca-Settat,CAS,Rural,Masculin,Primaire,Transport scolaire,1325,MEN
AS601898,2017-2018,Casablanca-Settat,CAS,Rural,Féminin,Primaire,Restauration scolaire,1951,MEN
AS601899,2016-2017,Souss-Massa,SOU,Rural,Masculin,Primaire,Fournitures,192,MEN
AS601900,2017-2018,Tanger-Tétouan-Al Hoceïma,TAN,Rural,Masculin,Primaire,Restauration scolaire,1937,INDH
AS601901,2018-2019,Oriental,ORI,Rural,Masculin,Primaire,Cartable,152,ONG
AS601902,2015-2016,Fès-Meknès,FES,Urbain,Féminin,Primaire,Internat,3690,MEN
AS601903,2020-2021,Casablanca-Settat,CAS,Urbain,Féminin,Primaire,Cartable,195,MEN
AS601904,2015-2016,Béni Mellal-Khénifra,BMK,Rural,Masculin,Qualifiant,Transport scolaire,1042,MEN
AS601905,2017-2018,Fès-Meknès,FES,Rural,Masculin,Qualifiant,Cartable,142,Collectivité locale
AS601906,2017-2018,Marrakech-Safi,MAR,Rural,Féminin,Collégial,Cartable,163,Collectivité locale
AS601907,2018-2019,Rabat-Salé-Kénitra,RAB,Urbain,Masculin,Primaire,Internat,3399,INDH
AS601908,2023-2024,Fès-Meknès,FES,Rural,Masculin,Primaire,Fournitures,211,Collectivité locale
AS601909,2017-2018,Fès-Meknès,FES,Urbain,Masculin,Primaire,Uniforme,228,INDH
AS601910,2015-2016,Rabat-Salé-Kénitra,RAB,Rural,Féminin,Collégial,Fournitures,185,MEN
AS601911,2023-2024,Casablanca-Settat,CAS,Rural,Masculin,Qualifiant,Uniforme,310,MEN
AS601912,2015-2016,Casablanca-Settat,CAS,Urbain,Féminin,Primaire,Restauration scolaire,2202,Collectivité locale
AS601913,2017-2018,Marrakech-Safi,MAR,Rural,Masculin,Qualifiant,Internat,4126,MEN
AS601914,2023-2024,Béni Mellal-Khénifra,BMK,Urbain,Masculin,Primaire,Cartable,163,MEN
AS601915,2020-2021,Souss-Massa,SOU,Urbain,Masculin,Collégial,Cartable,157,Don privé
AS601916,2020-2021,Marrakech-Safi,MAR,Urbain,Féminin,Primaire,Cartable,148,MEN
AS601917,2015-2016,Casablanca-Settat,CAS,Urbain,Masculin,Collégial,Fournitures,168,MEN
AS601918,2016-2017,Casablanca-Settat,CAS,Rural,Féminin,Collégial,Fournitures,226,INDH
AS601919,2023-2024,Souss-Massa,SOU,Rural,Féminin,Primaire,Cartable,159,ONG
AS601920,2018-2019,Marrakech-Safi,MAR,Rural,Masculin,Collégial,Cartable,173,INDH
AS601921,2022-2023,Oriental,ORI,Urbain,Masculin,Collégial,Cartable,146,ONG
AS601922,2021-2022,Béni Mellal-Khénifra,BMK,Rural,Masculin,Collégial,Cartable,158,MEN
AS601923,2017-2018,Marrakech-Safi,MAR,Urbain,Féminin,Collégial,Restauration scolaire,1721,MEN
AS601924,2020-2021,Fès-Meknès,FES,Urbain,Féminin,Collégial,Cartable,146,MEN
AS601925,2015-2016,Marrakech-Safi,MAR,Urbain,Masculin,Primaire,Transport scolaire,1103,MEN
AS601926,2019-2020,Casablanca-Settat,CAS,Rural,Masculin,Collégial,Uniforme,306,Collectivité locale
AS601927,2021-2022,Fès-Meknès,FES,Urbain,Masculin,Primaire,Restauration scolaire,2247,INDH
AS601928,2017-2018,Rabat-Salé-Kénitra,RAB,Rural,Féminin,Primaire,Transport scolaire,997,INDH
AS601929,2015-2016,Tanger-Tétouan-Al Hoceïma,TAN,Rural,Masculin,Collégial,Cartable,164,MEN
AS601930,2021-2022,Oriental,ORI,Urbain,Masculin,Qualifiant,Transport scolaire,1367,MEN
AS601931,2016-2017,Casablanca-Settat,CAS,Rural,Masculin,Primaire,Uniforme,294,Collectivité locale
AS601932,2020-2021,Casablanca-Settat,CAS,Rural,Féminin,Primaire,Cartable,141,ONG
AS601933,2015-2016,Fès-Meknès,FES,Rural,Masculin,Primaire,Restauration scolaire,1932,MEN
AS601934,2023-2024,Tanger-Tétouan-Al Hoceïma,TAN,Urbain,Féminin,Primaire,Uniforme,250,Don privé
AS601935,2017-2018,Casablanca-Settat,CAS,Urbain,Masculin,Primaire,Restauration scolaire,1664,INDH
AS601936,2019-2020,Tanger-Tétouan-Al Hoceïma,TAN,Rural,Masculin,Primaire,Fournitures,179,INDH
AS601937,2015-2016,Fès-Meknès,FES,Rural,Féminin,Primaire,Cartable,169,Collectivité locale
AS601938,2017-2018,Fès-Meknès,FES,Rural,Féminin,Primaire,Cartable,143,ONG
AS601939,2023-2024,Souss-Massa,SOU,Rural,Féminin,Primaire,Restauration scolaire,1492,Collectivité locale
AS601940,2021-2022,Marrakech-Safi,MAR,Urbain,Féminin,Collégial,Restauration scolaire,1590,MEN
AS601941,2015-2016,Casablanca-Settat,CAS,Rural,Féminin,Collégial,Cartable,170,MEN
AS601942,2015-2016,Souss-Massa,SOU,Urbain,Féminin,Primaire,Transport scolaire,1396,INDH
AS601943,2023-2024,Souss-Massa,SOU,Urbain,Masculin,Qualifiant,Cartable,168,INDH
AS601944,2015-2016,Casablanca-Settat,CAS,Rural,Féminin,Primaire,Internat,3678,MEN
AS601945,2019-2020,Béni Mellal-Khénifra,BMK,Rural,Féminin,Primaire,Transport scolaire,1277,MEN
AS601946,2023-2024,Tanger-Tétouan-Al Hoceïma,TAN,Rural,Masculin,Primaire,Transport scolaire,1063,Don privé
AS601947,2021-2022,Casablanca-Settat,CAS,Rural,Féminin,Primaire,Fournitures,225,MEN
AS601948,2015-2016,Casablanca-Settat,CAS,Urbain,Féminin,Primaire,Transport scolaire,1134,Collectivité locale
AS601949,2020-2021,Fès-Meknès,FES,Rural,Féminin,Primaire,Restauration scolaire,1710,MEN
AS601950,2018-2019,Casablanca-Settat,CAS,Rural,Masculin,Collégial,Internat,3256,MEN
AS601951,2020-2021,Drâa-Tafilalet,DRA,Rural,Masculin,Primaire,Cartable,170,MEN
AS601952,2021-2022,Marrakech-Safi,MAR,Urbain,Masculin,Qualifiant,Uniforme,309,INDH
AS601953,2019-2020,Tanger-Tétouan-Al Hoceïma,TAN,Urbain,Masculin,Primaire,Cartable,132,MEN
AS601954,2016-2017,Tanger-Tétouan-Al Hoceïma,TAN,Rural,Féminin,Primaire,Transport scolaire,1187,INDH
AS601955,2015-2016,Marrakech-Safi,MAR,Rural,Masculin,Collégial,Restauration scolaire,1780,INDH
AS601956,2020-2021,Casablanca-Settat,CAS,Urbain,Masculin,Qualifiant,Cartable,148,MEN
AS601957,2016-2017,Marrakech-Safi,MAR,Rural,Masculin,Primaire,Restauration scolaire,1750,MEN
AS601958,2018-2019,Marrakech-Safi,MAR,Rural,Féminin,Primaire,Restauration scolaire,1520,MEN
AS601959,2017-2018,Tanger-Tétouan-Al Hoceïma,TAN,Rural,Féminin,Primaire,Transport scolaire,1269,ONG
AS601960,2018-2019,Casablanca-Settat,CAS,Rural,Féminin,Qualifiant,Transport scolaire,1150,Don privé
AS601961,2019-2020,Fès-Meknès,FES,Rural,Féminin,Primaire,Cartable,153,MEN
AS601962,2023-2024,Rabat-Salé-Kénitra,RAB,Rural,Masculin,Qualifiant,Restauration scolaire,1805,MEN
AS601963,2016-2017,Rabat-Salé-Kénitra,RAB,Urbain,Masculin,Qualifiant,Cartable,162,MEN
AS601964,2019-2020,Fès-Meknès,FES,Urbain,Féminin,Qualifiant,Internat,3076,Collectivité locale
AS601965,2020-2021,Rabat-Salé-Kénitra,RAB,Urbain,Féminin,Primaire,Cartable,162,INDH
AS601966,2016-2017,Casablanca-Settat,CAS,Rural,Féminin,Collégial,Restauration scolaire,2031,INDH
AS601967,2023-2024,Casablanca-Settat,CAS,Rural,Féminin,Primaire,Cartable,164,MEN
AS601968,2016-2017,Casablanca-Settat,CAS,Urbain,Masculin,Primaire,Transport scolaire,1166,MEN
AS601969,2021-2022,Oriental,ORI,Rural,Masculin,Primaire,Internat,3626,MEN
AS601970,2020-2021,Béni Mellal-Khénifra,BMK,Rural,Masculin,Qualifiant,Cartable,169,INDH
AS601971,2021-2022,Fès-Meknès,FES,Rural,Masculin,Primaire,Uniforme,263,Collectivité locale
AS601972,2021-2022,Tanger-Tétouan-Al Hoceïma,TAN,Urbain,Féminin,Collégial,Transport scolaire,1250,Collectivité locale
AS601973,2016-2017,Marrakech-Safi,MAR,Rural,Féminin,Primaire,Cartable,153,MEN
AS601974,2018-2019,Tanger-Tétouan-Al Hoceïma,TAN,Rural,Féminin,Primaire,Restauration scolaire,1640,MEN
AS601975,2018-2019,Oriental,ORI,Rural,Féminin,Primaire,Uniforme,255,Collectivité locale
AS601976,2022-2023,Tanger-Tétouan-Al Hoceïma,TAN,Urbain,Masculin,Collégial,Restauration scolaire,1676,MEN
AS601977,2022-2023,Tanger-Tétouan-Al Hoceïma,TAN,Rural,Masculin,Collégial,Cartable,163,MEN
AS601978,2022-2023,Guelmim-Oued Noun,GUE,Urbain,Masculin,Primaire,Cartable,167,MEN
AS601979,2020-2021,Fès-Meknès,FES,Rural,Masculin,Primaire,Fournitures,201,INDH
AS601980,2021-2022,Casablanca-Settat,CAS,Urbain,Masculin,Collégial,Cartable,137,MEN
AS601981,2017-2018,Béni Mellal-Khénifra,BMK,Urbain,Féminin,Primaire,Cartable,137,MEN
AS601982,2015-2016,Oriental,ORI,Urbain,Masculin,Collégial,Cartable,164,INDH
AS601983,2018-2019,Marrakech-Safi,MAR,Urbain,Masculin,Primaire,Cartable,129,INDH
AS601984,2019-2020,Souss-Massa,SOU,Urbain,Féminin,Collégial,Internat,3322,Collectivité locale
AS601985,2017-2018,Rabat-Salé-Kénitra,RAB,Rural,Féminin,Primaire,Internat,2914,MEN
AS601986,2019-2020,Fès-Meknès,FES,Rural,Féminin,Collégial,Internat,3392,INDH
AS601987,2023-2024,Béni Mellal-Khénifra,BMK,Urbain,Masculin,Collégial,Restauration scolaire,1746,INDH
AS601988,2023-2024,Souss-Massa,SOU,Urbain,Féminin,Qualifiant,Transport scolaire,1311,MEN
AS601989,2015-2016,Marrakech-Safi,MAR,Urbain,Masculin,Primaire,Transport scolaire,1220,Collectivité locale
AS601990,2017-2018,Rabat-Salé-Kénitra,RAB,Rural,Féminin,Collégial,Cartable,152,ONG
AS601991,2016-2017,Rabat-Salé-Kénitra,RAB,Rural,Masculin,Primaire,Internat,3309,INDH
AS601992,2017-2018,Marrakech-Safi,MAR,Urbain,Masculin,Primaire,Transport scolaire,1220,MEN
AS601993,2022-2023,Rabat-Salé-Kénitra,RAB,Rural,Masculin,Collégial,Cartable,146,INDH
AS601994,2019-2020,Marrakech-Safi,MAR,Urbain,Féminin,Primaire,Cartable,145,MEN
AS601995,2019-2020,Laâyoune-Sakia El Hamra,LAA,Rural,Masculin,Primaire,Internat,3355,Collectivité locale
AS601996,2016-2017,Rabat-Salé-Kénitra,RAB,Urbain,Masculin,Collégial,Restauration scolaire,1796,MEN
AS601997,2021-2022,Rabat-Salé-Kénitra,RAB,Rural,Masculin,Primaire,Internat,3419,ONG
AS601998,2019-2020,Tanger-Tétouan-Al Hoceïma,TAN,Urbain,Féminin,Primaire,Cartable,193,MEN
AS601999,2017-2018,Fès-Meknès,FES,Urbain,Masculin,Collégial,Fournitures,222,INDH
AS602000,2023-2024,Fès-Meknès,FES,Rural,Masculin,Primaire,Cartable,148,Collectivité locale
AS602001,2016-2017,Souss-Massa,SOU,Rural,Féminin,Qualifiant,Cartable,191,INDH
AS602002,2023-2024,Casablanca-Settat,CAS,Rural,Masculin,Collégial,Cartable,170,Collectivité locale
AS602003,2016-2017,Rabat-Salé-Kénitra,RAB,Urbain,Féminin,Primaire,Internat,3613,Collectivité locale
AS602004,2019-2020,Guelmim-Oued Noun,GUE,Rural,Féminin,Primaire,Cartable,106,MEN
AS602005,2020-2021,Guelmim-Oued Noun,GUE,Urbain,Masculin,Collégial,Fournitures,194,MEN
AS602006,2021-2022,Marrakech-Safi,MAR,Rural,Masculin,Collégial,Cartable,162,MEN
AS602007,2019-2020,Rabat-Salé-Kénitra,RAB,Rural,Masculin,Collégial,Internat,3405,INDH
AS602008,2019-2020,Fès-Meknès,FES,Rural,Féminin,Qualifiant,Transport scolaire,1138,MEN
AS602009,2023-2024,Casablanca-Settat,CAS,Rural,Masculin,Collégial,Internat,4060,Collectivité locale
AS602010,2017-2018,Fès-Meknès,FES,Rural,Masculin,Qualifiant,Restauration scolaire,1840,MEN
AS602011,2017-2018,Souss-Massa,SOU,Rural,Masculin,Primaire,Restauration scolaire,1457,MEN
AS602012,2017-2018,Rabat-Salé-Kénitra,RAB,Urbain,Féminin,Collégial,Cartable,150,MEN
AS602013,2023-2024,Casablanca-Settat,CAS,Urbain,Féminin,Collégial,Internat,3529,MEN
AS602014,2017-2018,Casablanca-Settat,CAS,Rural,Féminin,Primaire,Cartable,143,Collectivité locale
AS602015,2020-2021,Tanger-Tétouan-Al Hoceïma,TAN,Rural,Masculin,Collégial,Transport scolaire,1176,MEN
AS602016,2022-2023,Rabat-Salé-Kénitra,RAB,Rural,Féminin,Primaire,Restauration scolaire,1407,INDH
AS602017,2020-2021,Casablanca-Settat,CAS,Urbain,Féminin,Primaire,Fournitures,200,ONG
AS602018,2017-2018,Fès-Meknès,FES,Urbain,Féminin,Collégial,Cartable,170,INDH
AS602019,2020-2021,Fès-Meknès,FES,Rural,Féminin,Primaire,Restauration scolaire,1491,ONG
AS602020,2023-2024,Fès-Meknès,FES,Rural,Masculin,Primaire,Cartable,149,INDH
AS602021,2022-2023,Oriental,ORI,Rural,Masculin,Qualifiant,Cartable,172,INDH
AS602022,2023-2024,Béni Mellal-Khénifra,BMK,Urbain,Masculin,Qualifiant,Fournitures,216,Collectivité locale
AS602023,2018-2019,Fès-Meknès,FES,Rural,Masculin,Collégial,Cartable,160,Collectivité locale
AS602024,2018-2019,Fès-Meknès,FES,Rural,Masculin,Qualifiant,Cartable,155,MEN
AS602025,2020-2021,Rabat-Salé-Kénitra,RAB,Urbain,Masculin,Primaire,Fournitures,197,MEN
AS602026,2018-2019,Tanger-Tétouan-Al Hoceïma,TAN,Urbain,Féminin,Primaire,Internat,3480,Collectivité locale
AS602027,2021-2022,Rabat-Salé-Kénitra,RAB,Rural,Masculin,Primaire,Restauration scolaire,1798,INDH
AS602028,2016-2017,Marrakech-Safi,MAR,Urbain,Masculin,Primaire,Cartable,153,Don privé
AS602029,2017-2018,Souss-Massa,SOU,Urbain,Masculin,Primaire,Restauration scolaire,1825,MEN
AS602030,2019-2020,Casablanca-Settat,CAS,Urbain,Féminin,Primaire,Fournitures,200,MEN
AS602031,2019-2020,Marrakech-Safi,MAR,Rural,Masculin,Primaire,Transport scolaire,1311,Collectivité locale
AS602032,2016-2017,Rabat-Salé-Kénitra,RAB,Urbain,Masculin,Collégial,Restauration scolaire,1551,MEN
AS602033,2020-2021,Drâa-Tafilalet,DRA,Rural,Masculin,Collégial,Restauration scolaire,1811,MEN
AS602034,2020-2021,Fès-Meknès,FES,Urbain,Féminin,Collégial,Cartable,160,Collectivité locale
AS602035,2019-2020,Marrakech-Safi,MAR,Rural,Féminin,Collégial,Restauration scolaire,1708,INDH
AS602036,2023-2024,Tanger-Tétouan-Al Hoceïma,TAN,Urbain,Féminin,Primaire,Uniforme,271,MEN
AS602037,2019-2020,Oriental,ORI,Rural,Féminin,Collégial,Fournitures,197,MEN
AS602038,2016-2017,Dakhla-Oued Eddahab,DAK,Rural,Masculin,Primaire,Cartable,196,MEN
AS602039,2022-2023,Rabat-Salé-Kénitra,RAB,Urbain,Masculin,Primaire,Uniforme,284,MEN
AS602040,2016-2017,Laâyoune-Sakia El Hamra,LAA,Rural,Féminin,Primaire,Cartable,173,MEN
AS602041,2015-2016,Casablanca-Settat,CAS,Urbain,Féminin,Qualifiant,Cartable,155,MEN
AS602042,2019-2020,Rabat-Salé-Kénitra,RAB,Urbain,Féminin,Primaire,Restauration scolaire,1692,MEN
AS602043,2015-2016,Casablanca-Settat,CAS,Rural,Masculin,Collégial,Transport scolaire,1212,MEN
AS602044,2019-2020,Béni Mellal-Khénifra,BMK,Urbain,Féminin,Collégial,Restauration scolaire,1815,INDH
AS602045,2022-2023,Souss-Massa,SOU,Urbain,Féminin,Primaire,Cartable,158,MEN
AS602046,2015-2016,Rabat-Salé-Kénitra,RAB,Rural,Féminin,Collégial,Restauration scolaire,1759,MEN
AS602047,2021-2022,Tanger-Tétouan-Al Hoceïma,TAN,Urbain,Féminin,Primaire,Internat,3201,Don privé
AS602048,2015-2016,Casablanca-Settat,CAS,Urbain,Féminin,Primaire,Cartable,171,INDH
AS602049,2020-2021,Marrakech-Safi,MAR,Urbain,Féminin,Primaire,Cartable,140,MEN
AS602050,2023-2024,Fès-Meknès,FES,Rural,Masculin,Collégial,Cartable,177,ONG
AS602051,2019-2020,Fès-Meknès,FES,Urbain,Masculin,Primaire,Restauration scolaire,1940,Collectivité locale
AS602052,2021-2022,Casablanca-Settat,CAS,Rural,Féminin,Primaire,Transport scolaire,1128,INDH
AS602053,2016-2017,Souss-Massa,SOU,Rural,Féminin,Primaire,Internat,3515,MEN
AS602054,2015-2016,Marrakech-Safi,MAR,Rural,Masculin,Primaire,Uniforme,267,Collectivité locale
AS602055,2018-2019,Casablanca-Settat,CAS,Rural,Féminin,Qualifiant,Transport scolaire,1144,INDH
AS602056,2022-2023,Béni Mellal-Khénifra,BMK,Rural,Féminin,Qualifiant,Uniforme,280,ONG
AS602057,2018-2019,Rabat-Salé-Kénitra,RAB,Urbain,Féminin,Collégial,Restauration scolaire,1793,INDH
AS602058,2019-2020,Drâa-Tafilalet,DRA,Rural,Féminin,Collégial,Transport scolaire,1401,INDH
AS602059,2015-2016,Tanger-Tétouan-Al Hoceïma,TAN,Rural,Masculin,Primaire,Restauration scolaire,2105,MEN
AS602060,2021-2022,Souss-Massa,SOU,Urbain,Masculin,Qualifiant,Uniforme,282,MEN
AS602061,2023-2024,Oriental,ORI,Rural,Féminin,Collégial,Restauration scolaire,1709,INDH
AS602062,2015-2016,Rabat-Salé-Kénitra,RAB,Rural,Masculin,Collégial,Uniforme,258,MEN
AS602063,2022-2023,Casablanca-Settat,CAS,Urbain,Féminin,Primaire,Restauration scolaire,1920,MEN
AS602064,2022-2023,Drâa-Tafilalet,DRA,Rural,Masculin,Primaire,Uniforme,310,INDH
AS602065,2016-2017,Fès-Meknès,FES,Urbain,Féminin,Primaire,Cartable,150,MEN
AS602066,2018-2019,Drâa-Tafilalet,DRA,Urbain,Masculin,Collégial,Transport scolaire,1178,ONG
AS602067,2022-2023,Casablanca-Settat,CAS,Urbain,Féminin,Collégial,Cartable,166,MEN
AS602068,2018-2019,Rabat-Salé-Kénitra,RAB,Urbain,Féminin,Collégial,Restauration scolaire,1862,Don privé
AS602069,2021-2022,Fès-Meknès,FES,Urbain,Masculin,Qualifiant,Cartable,169,INDH
AS602070,2019-2020,Marrakech-Safi,MAR,Rural,Masculin,Primaire,Cartable,170,ONG
AS602071,2020-2021,Casablanca-Settat,CAS,Rural,Masculin,Primaire,Fournitures,168,Collectivité locale
AS602072,2021-2022,Casablanca-Settat,CAS,Urbain,Féminin,Collégial,Internat,3742,Don privé
AS602073,2022-2023,Casablanca-Settat,CAS,Rural,Féminin,Collégial,Restauration scolaire,1719,Collectivité locale
AS602074,2016-2017,Rabat-Salé-Kénitra,RAB,Urbain,Masculin,Primaire,Transport scolaire,1119,Collectivité locale
AS602075,2017-2018,Souss-Massa,SOU,Rural,Masculin,Collégial,Transport scolaire,1111,INDH
AS602076,2019-2020,Rabat-Salé-Kénitra,RAB,Urbain,Féminin,Qualifiant,Uniforme,265,ONG
AS602077,2016-2017,Marrakech-Safi,MAR,Rural,Masculin,Qualifiant,Cartable,134,INDH
AS602078,2021-2022,Fès-Meknès,FES,Rural,Féminin,Primaire,Restauration scolaire,1726,MEN
AS602079,2023-2024,Fès-Meknès,FES,Rural,Masculin,Collégial,Restauration scolaire,1781,Collectivité locale
AS602080,2016-2017,Casablanca-Settat,CAS,Urbain,Masculin,Collégial,Cartable,152,Collectivité locale
AS602081,2021-2022,Rabat-Salé-Kénitra,RAB,Rural,Masculin,Qualifiant,Transport scolaire,1541,MEN
AS602082,2020-2021,Souss-Massa,SOU,Rural,Masculin,Qualifiant,Fournitures,178,MEN
AS602083,2018-2019,Béni Mellal-Khénifra,BMK,Urbain,Masculin,Qualifiant,Restauration scolaire,1995,MEN
AS602084,2016-2017,Oriental,ORI,Urbain,Masculin,Collégial,Fournitures,199,MEN
AS602085,2017-2018,Souss-Massa,SOU,Rural,Féminin,Primaire,Internat,3730,MEN
AS602086,2019-2020,Casablanca-Settat,CAS,Rural,Masculin,Qualifiant,Cartable,125,MEN
AS602087,2023-2024,Souss-Massa,SOU,Rural,Féminin,Primaire,Restauration scolaire,1871,INDH
AS602088,2022-2023,Souss-Massa,SOU,Urbain,Féminin,Primaire,Internat,3175,Don privé
AS602089,2020-2021,Marrakech-Safi,MAR,Rural,Féminin,Collégial,Uniforme,261,MEN
AS602090,2020-2021,Guelmim-Oued Noun,GUE,Rural,Féminin,Qualifiant,Cartable,145,MEN
AS602091,2019-2020,Fès-Meknès,FES,Rural,Féminin,Primaire,Cartable,186,MEN
AS602092,2020-2021,Souss-Massa,SOU,Rural,Féminin,Collégial,Restauration scolaire,1966,MEN
AS602093,2021-2022,Casablanca-Settat,CAS,Urbain,Féminin,Qualifiant,Transport scolaire,1259,MEN
AS602094,2022-2023,Oriental,ORI,Urbain,Féminin,Primaire,Cartable,148,MEN
AS602095,2021-2022,Marrakech-Safi,MAR,Rural,Féminin,Qualifiant,Restauration scolaire,1780,MEN
AS602096,2020-2021,Marrakech-Safi,MAR,Rural,Masculin,Collégial,Cartable,136,Collectivité locale
AS602097,2015-2016,Marrakech-Safi,MAR,Rural,Masculin,Collégial,Restauration scolaire,1634,MEN
AS602098,2015-2016,Casablanca-Settat,CAS,Rural,Masculin,Primaire,Internat,2927,MEN
AS602099,2018-2019,Drâa-Tafilalet,DRA,Rural,Masculin,Collégial,Internat,4030,MEN
AS602100,2015-2016,Tanger-Tétouan-Al Hoceïma,TAN,Urbain,Féminin,Collégial,Internat,3202,Collectivité locale
AS602101,2019-2020,Casablanca-Settat,CAS,Rural,Masculin,Primaire,Restauration scolaire,1780,MEN
AS602102,2015-2016,Tanger-Tétouan-Al Hoceïma,TAN,Rural,Féminin,Primaire,Internat,3411,ONG
AS602103,2022-2023,Marrakech-Safi,MAR,Rural,Féminin,Primaire,Internat,3309,MEN
AS602104,2021-2022,Oriental,ORI,Rural,Masculin,Collégial,Uniforme,290,MEN
AS602105,2020-2021,Casablanca-Settat,CAS,Urbain,Féminin,Primaire,Cartable,181,MEN
AS602106,2019-2020,Casablanca-Settat,CAS,Rural,Masculin,Primaire,Uniforme,276,MEN
AS602107,2020-2021,Fès-Meknès,FES,Urbain,Masculin,Qualifiant,Cartable,185,Collectivité locale
AS602108,2017-2018,Souss-Massa,SOU,Urbain,Féminin,Collégial,Restauration scolaire,1839,Collectivité locale
AS602109,2015-2016,Drâa-Tafilalet,DRA,Urbain,Masculin,Primaire,Restauration scolaire,1939,MEN
AS602110,2016-2017,Oriental,ORI,Rural,Masculin,Collégial,Uniforme,290,MEN
AS602111,2015-2016,Marrakech-Safi,MAR,Rural,Féminin,Qualifiant,Transport scolaire,1173,MEN
AS602112,2016-2017,Marrakech-Safi,MAR,Rural,Masculin,Primaire,Restauration scolaire,1723,MEN
AS602113,2016-2017,Rabat-Salé-Kénitra,RAB,Urbain,Féminin,Primaire,Restauration scolaire,1775,MEN
AS602114,2015-2016,Rabat-Salé-Kénitra,RAB,Urbain,Féminin,Primaire,Restauration scolaire,1934,Collectivité locale
AS602115,2018-2019,Fès-Meknès,FES,Urbain,Féminin,Primaire,Internat,3825,MEN
AS602116,2021-2022,Casablanca-Settat,CAS,Urbain,Féminin,Collégial,Uniforme,250,MEN
AS602117,2019-2020,Casablanca-Settat,CAS,Rural,Masculin,Primaire,Transport scolaire,1300,MEN
AS602118,2020-2021,Marrakech-Safi,MAR,Rural,Féminin,Primaire,Restauration scolaire,1990,Don privé
AS602119,2020-2021,Souss-Massa,SOU,Rural,Féminin,Primaire,Internat,3524,INDH
AS602120,2015-2016,Rabat-Salé-Kénitra,RAB,Rural,Féminin,Qualifiant,Restauration scolaire,1904,INDH
AS602121,2018-2019,Souss-Massa,SOU,Urbain,Féminin,Primaire,Uniforme,268,MEN
AS602122,2019-2020,Béni Mellal-Khénifra,BMK,Rural,Masculin,Primaire,Cartable,163,INDH
AS602123,2022-2023,Oriental,ORI,Rural,Féminin,Collégial,Fournitures,205,Collectivité locale
AS602124,2020-2021,Rabat-Salé-Kénitra,RAB,Urbain,Masculin,Collégial,Restauration scolaire,1738,INDH
AS602125,2023-2024,Rabat-Salé-Kénitra,RAB,Urbain,Féminin,Primaire,Internat,3473,INDH
AS602126,2022-2023,Casablanca-Settat,CAS,Urbain,Féminin,Collégial,Restauration scolaire,2071,INDH
AS602127,2017-2018,Béni Mellal-Khénifra,BMK,Rural,Féminin,Qualifiant,Internat,2859,INDH
AS602128,2021-2022,Tanger-Tétouan-Al Hoceïma,TAN,Rural,Masculin,Qualifiant,Internat,3318,MEN
AS602129,2016-2017,Casablanca-Settat,CAS,Rural,Masculin,Primaire,Cartable,154,INDH
AS602130,2017-2018,Tanger-Tétouan-Al Hoceïma,TAN,Urbain,Féminin,Collégial,Restauration scolaire,1968,MEN
AS602131,2016-2017,Oriental,ORI,Rural,Masculin,Collégial,Cartable,142,MEN
AS602132,2020-2021,Rabat-Salé-Kénitra,RAB,Rural,Masculin,Primaire,Transport scolaire,1355,INDH
AS602133,2020-2021,Rabat-Salé-Kénitra,RAB,Urbain,Féminin,Collégial,Restauration scolaire,2041,MEN
AS602134,2017-2018,Tanger-Tétouan-Al Hoceïma,TAN,Rural,Féminin,Collégial,Restauration scolaire,2248,INDH
AS602135,2020-2021,Fès-Meknès,FES,Urbain,Masculin,Primaire,Cartable,163,Don privé
AS602136,2019-2020,Rabat-Salé-Kénitra,RAB,Rural,Masculin,Qualifiant,Restauration scolaire,1633,Don privé
AS602137,2015-2016,Casablanca-Settat,CAS,Urbain,Masculin,Primaire,Restauration scolaire,1909,MEN
AS602138,2022-2023,Tanger-Tétouan-Al Hoceïma,TAN,Rural,Féminin,Collégial,Internat,4007,Don privé
AS602139,2020-2021,Laâyoune-Sakia El Hamra,LAA,Urbain,Masculin,Collégial,Restauration scolaire,1825,MEN
AS602140,2021-2022,Fès-Meknès,FES,Urbain,Féminin,Collégial,Internat,3705,INDH
AS602141,2016-2017,Casablanca-Settat,CAS,Urbain,Féminin,Collégial,Transport scolaire,1305,INDH
AS602142,2015-2016,Marrakech-Safi,MAR,Urbain,Féminin,Qualifiant,Uniforme,313,MEN
AS602143,2023-2024,Souss-Massa,SOU,Urbain,Féminin,Primaire,Internat,3380,MEN
AS602144,2022-2023,Oriental,ORI,Rural,Féminin,Primaire,Cartable,155,MEN
AS602145,2020-2021,Casablanca-Settat,CAS,Urbain,Féminin,Collégial,Restauration scolaire,2159,MEN
AS602146,2017-2018,Marrakech-Safi,MAR,Rural,Masculin,Qualifiant,Internat,3297,MEN
AS602147,2018-2019,Marrakech-Safi,MAR,Urbain,Féminin,Primaire,Internat,3293,MEN
AS602148,2021-2022,Marrakech-Safi,MAR,Urbain,Féminin,Primaire,Cartable,137,MEN
AS602149,2019-2020,Casablanca-Settat,CAS,Rural,Masculin,Collégial,Cartable,159,ONG
AS602150,2023-2024,Marrakech-Safi,MAR,Rural,Féminin,Primaire,Cartable,171,MEN
AS602151,2015-2016,Casablanca-Settat,CAS,Urbain,Masculin,Primaire,Uniforme,305,MEN
AS602152,2017-2018,Tanger-Tétouan-Al Hoceïma,TAN,Rural,Féminin,Primaire,Cartable,158,ONG
AS602153,2022-2023,Rabat-Salé-Kénitra,RAB,Urbain,Féminin,Collégial,Fournitures,200,MEN
AS602154,2018-2019,Drâa-Tafilalet,DRA,Rural,Féminin,Primaire,Cartable,139,INDH
AS602155,2018-2019,Béni Mellal-Khénifra,BMK,Urbain,Masculin,Primaire,Cartable,152,MEN
AS602156,2022-2023,Casablanca-Settat,CAS,Urbain,Féminin,Qualifiant,Transport scolaire,1189,MEN
AS602157,2019-2020,Casablanca-Settat,CAS,Urbain,Féminin,Primaire,Cartable,166,ONG
AS602158,2015-2016,Tanger-Tétouan-Al Hoceïma,TAN,Urbain,Masculin,Primaire,Restauration scolaire,1727,Don privé
AS602159,2021-2022,Rabat-Salé-Kénitra,RAB,Rural,Masculin,Collégial,Transport scolaire,1177,Don privé
AS602160,2023-2024,Fès-Meknès,FES,Rural,Féminin,Qualifiant,Uniforme,304,MEN
AS602161,2018-2019,Fès-Meknès,FES,Rural,Féminin,Collégial,Restauration scolaire,1912,MEN
AS602162,2022-2023,Oriental,ORI,Urbain,Masculin,Primaire,Transport scolaire,1370,Collectivité locale
AS602163,2020-2021,Oriental,ORI,Rural,Féminin,Collégial,Cartable,157,MEN
AS602164,2021-2022,Rabat-Salé-Kénitra,RAB,Urbain,Masculin,Collégial,Transport scolaire,1199,MEN
AS602165,2020-2021,Fès-Meknès,FES,Rural,Masculin,Primaire,Cartable,184,Collectivité locale
AS602166,2018-2019,Fès-Meknès,FES,Rural,Féminin,Primaire,Restauration scolaire,1693,Collectivité locale
AS602167,2017-2018,Dakhla-Oued Eddahab,DAK,Urbain,Féminin,Primaire,Cartable,154,MEN
AS602168,2023-2024,Fès-Meknès,FES,Urbain,Masculin,Primaire,Fournitures,185,MEN
AS602169,2022-2023,Souss-Massa,SOU,Rural,Masculin,Collégial,Transport scolaire,992,MEN
AS602170,2018-2019,Souss-Massa,SOU,Rural,Féminin,Primaire,Transport scolaire,1125,INDH
AS602171,2015-2016,Oriental,ORI,Urbain,Masculin,Primaire,Fournitures,205,MEN
AS602172,2022-2023,Marrakech-Safi,MAR,Rural,Féminin,Collégial,Uniforme,280,INDH
AS602173,2022-2023,Marrakech-Safi,MAR,Rural,Masculin,Collégial,Internat,3545,MEN
AS602174,2022-2023,Marrakech-Safi,MAR,Urbain,Féminin,Primaire,Transport scolaire,1300,MEN
AS602175,2022-2023,Oriental,ORI,Rural,Masculin,Primaire,Restauration scolaire,2083,Don privé
AS602176,2019-2020,Rabat-Salé-Kénitra,RAB,Rural,Masculin,Primaire,Cartable,158,MEN
AS602177,2020-2021,Fès-Meknès,FES,Rural,Féminin,Primaire,Cartable,142,MEN
AS602178,2019-2020,Fès-Meknès,FES,Urbain,Masculin,Primaire,Cartable,163,Collectivité locale
AS602179,2023-2024,Marrakech-Safi,MAR,Urbain,Masculin,Qualifiant,Cartable,128,ONG
AS602180,2015-2016,Fès-Meknès,FES,Rural,Féminin,Collégial,Cartable,148,MEN
AS602181,2016-2017,Rabat-Salé-Kénitra,RAB,Rural,Féminin,Primaire,Fournitures,203,Collectivité locale
AS602182,2015-2016,Souss-Massa,SOU,Urbain,Féminin,Qualifiant,Cartable,172,MEN
AS602183,2015-2016,Fès-Meknès,FES,Urbain,Masculin,Qualifiant,Cartable,142,Collectivité locale
AS602184,2021-2022,Souss-Massa,SOU,Rural,Masculin,Qualifiant,Cartable,140,MEN
AS602185,2019-2020,Tanger-Tétouan-Al Hoceïma,TAN,Rural,Masculin,Collégial,Internat,3306,MEN
AS602186,2019-2020,Casablanca-Settat,CAS,Rural,Féminin,Collégial,Transport scolaire,1112,MEN
AS602187,2022-2023,Marrakech-Safi,MAR,Rural,Masculin,Qualifiant,Cartable,170,MEN
AS602188,2016-2017,Souss-Massa,SOU,Rural,Féminin,Primaire,Internat,3282,ONG
AS602189,2020-2021,Oriental,ORI,Urbain,Féminin,Primaire,Cartable,171,MEN
AS602190,2016-2017,Oriental,ORI,Urbain,Masculin,Primaire,Restauration scolaire,1615,MEN
AS602191,2022-2023,Casablanca-Settat,CAS,Urbain,Masculin,Qualifiant,Cartable,145,MEN
AS602192,2023-2024,Fès-Meknès,FES,Urbain,Masculin,Primaire,Internat,3601,MEN
AS602193,2023-2024,Souss-Massa,SOU,Rural,Masculin,Qualifiant,Cartable,141,ONG
AS602194,2015-2016,Drâa-Tafilalet,DRA,Urbain,Masculin,Collégial,Cartable,165,INDH
AS602195,2018-2019,Casablanca-Settat,CAS,Rural,Masculin,Collégial,Restauration scolaire,1699,MEN
AS602196,2023-2024,Tanger-Tétouan-Al Hoceïma,TAN,Urbain,Féminin,Primaire,Transport scolaire,1247,Collectivité locale
AS602197,2022-2023,Béni Mellal-Khénifra,BMK,Urbain,Féminin,Collégial,Uniforme,323,MEN
AS602198,2018-2019,Rabat-Salé-Kénitra,RAB,Urbain,Féminin,Collégial,Transport scolaire,1078,MEN
AS602199,2016-2017,Souss-Massa,SOU,Urbain,Masculin,Collégial,Transport scolaire,1352,MEN
AS602200,2022-2023,Casablanca-Settat,CAS,Rural,Masculin,Collégial,Transport scolaire,1149,INDH
AS602201,2019-2020,Casablanca-Settat,CAS,Rural,Masculin,Primaire,Internat,3509,ONG
AS602202,2015-2016,Tanger-Tétouan-Al Hoceïma,TAN,Urbain,Féminin,Primaire,Restauration scolaire,1710,MEN
AS602203,2016-2017,Oriental,ORI,Rural,Féminin,Primaire,Cartable,160,MEN
AS602204,2015-2016,Tanger-Tétouan-Al Hoceïma,TAN,Rural,Féminin,Collégial,Transport scolaire,1281,INDH
AS602205,2018-2019,Casablanca-Settat,CAS,Rural,Féminin,Primaire,Transport scolaire,1064,ONG
AS602206,2019-2020,Marrakech-Safi,MAR,Urbain,Masculin,Primaire,Cartable,150,MEN
AS602207,2022-2023,Casablanca-Settat,CAS,Urbain,Masculin,Qualifiant,Cartable,134,MEN
AS602208,2017-2018,Tanger-Tétouan-Al Hoceïma,TAN,Rural,Féminin,Primaire,Cartable,165,MEN
AS602209,2023-2024,Tanger-Tétouan-Al Hoceïma,TAN,Rural,Féminin,Collégial,Uniforme,255,Collectivité locale
AS602210,2021-2022,Casablanca-Settat,CAS,Urbain,Masculin,Collégial,Restauration scolaire,1479,ONG
AS602211,2015-2016,Souss-Massa,SOU,Urbain,Masculin,Qualifiant,Transport scolaire,1155,MEN
AS602212,2019-2020,Casablanca-Settat,CAS,Urbain,Féminin,Collégial,Internat,3676,MEN
AS602213,2018-2019,Casablanca-Settat,CAS,Rural,Masculin,Primaire,Transport scolaire,1196,MEN
AS602214,2015-2016,Tanger-Tétouan-Al Hoceïma,TAN,Rural,Féminin,Primaire,Transport scolaire,1437,MEN
AS602215,2018-2019,Rabat-Salé-Kénitra,RAB,Rural,Masculin,Collégial,Cartable,157,MEN
AS602216,2022-2023,Laâyoune-Sakia El Hamra,LAA,Urbain,Féminin,Qualifiant,Internat,3473,Don privé
AS602217,2015-2016,Casablanca-Settat,CAS,Urbain,Masculin,Qualifiant,Transport scolaire,1138,MEN
AS602218,2022-2023,Laâyoune-Sakia El Hamra,LAA,Rural,Masculin,Primaire,Internat,3779,MEN
AS602219,2021-2022,Béni Mellal-Khénifra,BMK,Urbain,Masculin,Qualifiant,Uniforme,264,MEN
AS602220,2020-2021,Oriental,ORI,Rural,Masculin,Collégial,Internat,3656,INDH
AS602221,2023-2024,Fès-Meknès,FES,Rural,Masculin,Primaire,Cartable,170,Collectivité locale
AS602222,2020-2021,Fès-Meknès,FES,Urbain,Masculin,Qualifiant,Transport scolaire,1341,INDH
AS602223,2021-2022,Casablanca-Settat,CAS,Rural,Masculin,Collégial,Cartable,138,INDH
AS602224,2015-2016,Marrakech-Safi,MAR,Urbain,Féminin,Primaire,Restauration scolaire,1495,MEN
AS602225,2015-2016,Marrakech-Safi,MAR,Rural,Féminin,Primaire,Cartable,149,MEN
AS602226,2018-2019,Fès-Meknès,FES,Rural,Masculin,Qualifiant,Restauration scolaire,1654,INDH
AS602227,2017-2018,Rabat-Salé-Kénitra,RAB,Rural,Masculin,Qualifiant,Transport scolaire,1202,MEN
AS602228,2018-2019,Tanger-Tétouan-Al Hoceïma,TAN,Urbain,Masculin,Collégial,Transport scolaire,1169,MEN
AS602229,2018-2019,Drâa-Tafilalet,DRA,Urbain,Masculin,Collégial,Uniforme,291,MEN
AS602230,2016-2017,Souss-Massa,SOU,Urbain,Féminin,Collégial,Cartable,177,MEN
AS602231,2020-2021,Fès-Meknès,FES,Urbain,Féminin,Collégial,Cartable,164,MEN
AS602232,2017-2018,Béni Mellal-Khénifra,BMK,Urbain,Masculin,Primaire,Cartable,182,Collectivité locale
AS602233,2018-2019,Rabat-Salé-Kénitra,RAB,Urbain,Masculin,Collégial,Transport scolaire,1177,MEN
AS602234,2021-2022,Drâa-Tafilalet,DRA,Urbain,Masculin,Collégial,Uniforme,212,MEN
AS602235,2022-2023,Rabat-Salé-Kénitra,RAB,Urbain,Féminin,Primaire,Fournitures,188,MEN
AS602236,2022-2023,Casablanca-Settat,CAS,Urbain,Féminin,Primaire,Fournitures,209,MEN
AS602237,2023-2024,Tanger-Tétouan-Al Hoceïma,TAN,Urbain,Féminin,Qualifiant,Cartable,153,MEN
AS602238,2020-2021,Oriental,ORI,Rural,Féminin,Primaire,Internat,2975,MEN
AS602239,2023-2024,Fès-Meknès,FES,Rural,Féminin,Primaire,Cartable,154,MEN
AS602240,2015-2016,Marrakech-Safi,MAR,Rural,Féminin,Collégial,Fournitures,205,ONG
AS602241,2017-2018,Oriental,ORI,Rural,Masculin,Primaire,Cartable,151,MEN
AS602242,2018-2019,Casablanca-Settat,CAS,Rural,Masculin,Primaire,Internat,3393,INDH
AS602243,2015-2016,Tanger-Tétouan-Al Hoceïma,TAN,Rural,Féminin,Primaire,Internat,3691,MEN
AS602244,2022-2023,Tanger-Tétouan-Al Hoceïma,TAN,Urbain,Masculin,Primaire,Cartable,146,ONG
AS602245,2019-2020,Tanger-Tétouan-Al Hoceïma,TAN,Urbain,Féminin,Collégial,Transport scolaire,1213,INDH
AS602246,2023-2024,Marrakech-Safi,MAR,Urbain,Masculin,Primaire,Fournitures,177,INDH
AS602247,2019-2020,Marrakech-Safi,MAR,Urbain,Féminin,Primaire,Cartable,159,MEN
AS602248,2021-2022,Béni Mellal-Khénifra,BMK,Rural,Féminin,Primaire,Restauration scolaire,2135,Collectivité locale
AS602249,2017-2018,Rabat-Salé-Kénitra,RAB,Rural,Féminin,Primaire,Restauration scolaire,2190,MEN
AS602250,2023-2024,Marrakech-Safi,MAR,Rural,Masculin,Primaire,Restauration scolaire,1457,ONG
AS602251,2019-2020,Drâa-Tafilalet,DRA,Urbain,Féminin,Primaire,Internat,2711,ONG
AS602252,2019-2020,Fès-Meknès,FES,Urbain,Masculin,Primaire,Fournitures,211,INDH
AS602253,2016-2017,Tanger-Tétouan-Al Hoceïma,TAN,Rural,Masculin,Collégial,Cartable,159,MEN
AS602254,2017-2018,Tanger-Tétouan-Al Hoceïma,TAN,Rural,Masculin,Qualifiant,Restauration scolaire,1743,Collectivité locale
AS602255,2019-2020,Marrakech-Safi,MAR,Urbain,Féminin,Qualifiant,Cartable,153,INDH
AS602256,2023-2024,Casablanca-Settat,CAS,Rural,Masculin,Qualifiant,Restauration scolaire,1962,MEN
AS602257,2018-2019,Tanger-Tétouan-Al Hoceïma,TAN,Urbain,Masculin,Collégial,Cartable,160,MEN
AS602258,2020-2021,Souss-Massa,SOU,Urbain,Féminin,Collégial,Uniforme,260,INDH
AS602259,2015-2016,Fès-Meknès,FES,Urbain,Masculin,Qualifiant,Internat,3684,MEN
AS602260,2020-2021,Tanger-Tétouan-Al Hoceïma,TAN,Rural,Masculin,Primaire,Cartable,163,MEN
AS602261,2020-2021,Fès-Meknès,FES,Rural,Féminin,Qualifiant,Cartable,144,MEN
AS602262,2023-2024,Casablanca-Settat,CAS,Urbain,Masculin,Primaire,Restauration scolaire,1682,MEN
AS602263,2023-2024,Béni Mellal-Khénifra,BMK,Urbain,Féminin,Qualifiant,Transport scolaire,1087,MEN
AS602264,2018-2019,Oriental,ORI,Urbain,Féminin,Collégial,Cartable,152,INDH
AS602265,2016-2017,Marrakech-Safi,MAR,Rural,Féminin,Qualifiant,Uniforme,239,INDH
AS602266,2015-2016,Béni Mellal-Khénifra,BMK,Urbain,Féminin,Qualifiant,Uniforme,210,INDH
AS602267,2021-2022,Rabat-Salé-Kénitra,RAB,Rural,Masculin,Primaire,Transport scolaire,1242,ONG
AS602268,2018-2019,Tanger-Tétouan-Al Hoceïma,TAN,Urbain,Féminin,Primaire,Cartable,159,MEN
AS602269,2021-2022,Oriental,ORI,Rural,Féminin,Qualifiant,Restauration scolaire,1709,Collectivité locale
AS602270,2017-2018,Rabat-Salé-Kénitra,RAB,Urbain,Masculin,Collégial,Cartable,162,Collectivité locale
AS602271,2016-2017,Drâa-Tafilalet,DRA,Rural,Masculin,Primaire,Transport scolaire,1136,MEN
AS602272,2016-2017,Béni Mellal-Khénifra,BMK,Rural,Féminin,Qualifiant,Restauration scolaire,1704,INDH
AS602273,2016-2017,Rabat-Salé-Kénitra,RAB,Rural,Masculin,Collégial,Restauration scolaire,1765,MEN
AS602274,2021-2022,Casablanca-Settat,CAS,Rural,Masculin,Qualifiant,Restauration scolaire,1885,Don privé
AS602275,2023-2024,Marrakech-Safi,MAR,Urbain,Masculin,Collégial,Fournitures,213,MEN
AS602276,2021-2022,Marrakech-Safi,MAR,Urbain,Masculin,Primaire,Cartable,155,ONG
AS602277,2023-2024,Tanger-Tétouan-Al Hoceïma,TAN,Rural,Féminin,Collégial,Transport scolaire,1185,MEN
AS602278,2018-2019,Béni Mellal-Khénifra,BMK,Rural,Masculin,Primaire,Internat,3227,MEN
AS602279,2017-2018,Marrakech-Safi,MAR,Urbain,Masculin,Collégial,Transport scolaire,1232,MEN
AS602280,2015-2016,Casablanca-Settat,CAS,Rural,Féminin,Collégial,Internat,3187,INDH
AS602281,2022-2023,Tanger-Tétouan-Al Hoceïma,TAN,Rural,Masculin,Primaire,Fournitures,167,INDH
AS602282,2023-2024,Marrakech-Safi,MAR,Urbain,Masculin,Primaire,Fournitures,218,Don privé
AS602283,2015-2016,Tanger-Tétouan-Al Hoceïma,TAN,Rural,Féminin,Collégial,Cartable,140,MEN
AS602284,2019-2020,Oriental,ORI,Rural,Masculin,Primaire,Uniforme,260,MEN
AS602285,2019-2020,Rabat-Salé-Kénitra,RAB,Urbain,Masculin,Collégial,Restauration scolaire,1751,MEN
AS602286,2023-2024,Rabat-Salé-Kénitra,RAB,Rural,Masculin,Collégial,Fournitures,189,Collectivité locale
AS602287,2023-2024,Souss-Massa,SOU,Rural,Féminin,Qualifiant,Restauration scolaire,1607,Don privé
AS602288,2018-2019,Casablanca-Settat,CAS,Rural,Masculin,Primaire,Restauration scolaire,1770,ONG
AS602289,2022-2023,Fès-Meknès,FES,Urbain,Masculin,Qualifiant,Internat,3428,MEN
AS602290,2020-2021,Tanger-Tétouan-Al Hoceïma,TAN,Rural,Féminin,Primaire,Uniforme,316,MEN
AS602291,2018-2019,Dakhla-Oued Eddahab,DAK,Urbain,Masculin,Primaire,Cartable,170,MEN
AS602292,2020-2021,Casablanca-Settat,CAS,Urbain,Masculin,Qualifiant,Uniforme,236,MEN
AS602293,2017-2018,Casablanca-Settat,CAS,Urbain,Masculin,Collégial,Cartable,153,MEN
AS602294,2015-2016,Marrakech-Safi,MAR,Urbain,Féminin,Primaire,Restauration scolaire,1931,Collectivité locale
AS602295,2018-2019,Casablanca-Settat,CAS,Rural,Masculin,Primaire,Transport scolaire,1328,MEN
AS602296,2019-2020,Rabat-Salé-Kénitra,RAB,Rural,Masculin,Primaire,Internat,3710,INDH
AS602297,2021-2022,Fès-Meknès,FES,Rural,Masculin,Primaire,Internat,3790,Collectivité locale
AS602298,2018-2019,Rabat-Salé-Kénitra,RAB,Urbain,Masculin,Collégial,Restauration scolaire,1884,MEN
AS602299,2019-2020,Drâa-Tafilalet,DRA,Urbain,Féminin,Qualifiant,Restauration scolaire,1679,MEN
AS602300,2021-2022,Marrakech-Safi,MAR,Rural,Féminin,Primaire,Restauration scolaire,1730,INDH
AS602301,2022-2023,Marrakech-Safi,MAR,Rural,Masculin,Primaire,Fournitures,226,MEN
AS602302,2015-2016,Fès-Meknès,FES,Urbain,Féminin,Primaire,Internat,3434,INDH
AS602303,2020-2021,Béni Mellal-Khénifra,BMK,Urbain,Masculin,Qualifiant,Cartable,178,INDH
AS602304,2017-2018,Fès-Meknès,FES,Urbain,Masculin,Primaire,Cartable,154,MEN
AS602305,2021-2022,Rabat-Salé-Kénitra,RAB,Rural,Masculin,Qualifiant,Restauration scolaire,2029,Collectivité locale
AS602306,2015-2016,Casablanca-Settat,CAS,Rural,Masculin,Primaire,Transport scolaire,1410,ONG
AS602307,2017-2018,Marrakech-Safi,MAR,Urbain,Masculin,Primaire,Fournitures,147,INDH
AS602308,2016-2017,Marrakech-Safi,MAR,Urbain,Masculin,Collégial,Cartable,175,INDH
AS602309,2020-2021,Casablanca-Settat,CAS,Urbain,Féminin,Collégial,Cartable,186,MEN
AS602310,2018-2019,Marrakech-Safi,MAR,Urbain,Féminin,Primaire,Cartable,144,INDH
AS602311,2018-2019,Oriental,ORI,Rural,Masculin,Qualifiant,Transport scolaire,1223,MEN
AS602312,2021-2022,Tanger-Tétouan-Al Hoceïma,TAN,Urbain,Féminin,Primaire,Cartable,154,MEN
AS602313,2018-2019,Béni Mellal-Khénifra,BMK,Rural,Féminin,Collégial,Internat,2541,Don privé
AS602314,2023-2024,Marrakech-Safi,MAR,Rural,Masculin,Primaire,Restauration scolaire,1742,MEN
AS602315,2021-2022,Fès-Meknès,FES,Rural,Féminin,Collégial,Internat,3626,MEN
AS602316,2016-2017,Fès-Meknès,FES,Urbain,Féminin,Primaire,Transport scolaire,1007,ONG
AS602317,2018-2019,Tanger-Tétouan-Al Hoceïma,TAN,Rural,Féminin,Primaire,Transport scolaire,1311,Collectivité locale
AS602318,2022-2023,Tanger-Tétouan-Al Hoceïma,TAN,Rural,Féminin,Qualifiant,Restauration scolaire,1494,INDH
AS602319,2019-2020,Béni Mellal-Khénifra,BMK,Rural,Masculin,Collégial,Cartable,159,MEN
AS602320,2015-2016,Souss-Massa,SOU,Urbain,Féminin,Primaire,Cartable,150,INDH
AS602321,2016-2017,Rabat-Salé-Kénitra,RAB,Rural,Masculin,Collégial,Restauration scolaire,1957,MEN
AS602322,2021-2022,Marrakech-Safi,MAR,Urbain,Masculin,Qualifiant,Transport scolaire,1035,Collectivité locale
AS602323,2019-2020,Tanger-Tétouan-Al Hoceïma,TAN,Urbain,Masculin,Collégial,Fournitures,199,MEN
AS602324,2019-2020,Rabat-Salé-Kénitra,RAB,Rural,Féminin,Primaire,Restauration scolaire,1626,MEN
AS602325,2017-2018,Fès-Meknès,FES,Rural,Masculin,Collégial,Cartable,170,MEN
AS602326,2018-2019,Casablanca-Settat,CAS,Rural,Masculin,Primaire,Cartable,141,MEN
AS602327,2015-2016,Souss-Massa,SOU,Rural,Féminin,Collégial,Restauration scolaire,2005,MEN
AS602328,2022-2023,Rabat-Salé-Kénitra,RAB,Rural,Féminin,Qualifiant,Restauration scolaire,1727,ONG
AS602329,2016-2017,Souss-Massa,SOU,Rural,Féminin,Qualifiant,Cartable,168,MEN
AS602330,2016-2017,Casablanca-Settat,CAS,Urbain,Féminin,Primaire,Cartable,167,MEN
AS602331,2023-2024,Casablanca-Settat,CAS,Rural,Masculin,Primaire,Internat,3326,MEN
AS602332,2020-2021,Casablanca-Settat,CAS,Urbain,Féminin,Primaire,Cartable,169,MEN
AS602333,2023-2024,Marrakech-Safi,MAR,Urbain,Masculin,Qualifiant,Fournitures,212,MEN
AS602334,2020-2021,Rabat-Salé-Kénitra,RAB,Rural,Masculin,Primaire,Cartable,129,MEN
AS602335,2020-2021,Tanger-Tétouan-Al Hoceïma,TAN,Rural,Masculin,Qualifiant,Uniforme,261,MEN
AS602336,2018-2019,Guelmim-Oued Noun,GUE,Rural,Féminin,Primaire,Fournitures,227,MEN
AS602337,2018-2019,Rabat-Salé-Kénitra,RAB,Rural,Masculin,Primaire,Transport scolaire,1200,INDH
AS602338,2020-2021,Fès-Meknès,FES,Rural,Féminin,Collégial,Restauration scolaire,1802,MEN
AS602339,2018-2019,Béni Mellal-Khénifra,BMK,Urbain,Féminin,Primaire,Transport scolaire,1345,INDH
AS602340,2020-2021,Tanger-Tétouan-Al Hoceïma,TAN,Rural,Féminin,Primaire,Internat,3464,MEN
AS602341,2020-2021,Marrakech-Safi,MAR,Urbain,Féminin,Primaire,Transport scolaire,1228,MEN
AS602342,2020-2021,Casablanca-Settat,CAS,Urbain,Masculin,Primaire,Transport scolaire,911,MEN
AS602343,2015-2016,Rabat-Salé-Kénitra,RAB,Urbain,Féminin,Primaire,Cartable,133,ONG
AS602344,2020-2021,Souss-Massa,SOU,Rural,Féminin,Collégial,Transport scolaire,1118,INDH
AS602345,2022-2023,Marrakech-Safi,MAR,Rural,Masculin,Primaire,Restauration scolaire,1554,Don privé
AS602346,2017-2018,Marrakech-Safi,MAR,Urbain,Féminin,Primaire,Transport scolaire,1234,MEN
AS602347,2019-2020,Casablanca-Settat,CAS,Rural,Féminin,Collégial,Transport scolaire,1268,MEN
AS602348,2021-2022,Marrakech-Safi,MAR,Urbain,Féminin,Collégial,Transport scolaire,1179,MEN
AS602349,2018-2019,Casablanca-Settat,CAS,Rural,Masculin,Primaire,Cartable,140,INDH
AS602350,2022-2023,Béni Mellal-Khénifra,BMK,Urbain,Masculin,Collégial,Transport scolaire,1400,MEN
AS602351,2021-2022,Fès-Meknès,FES,Urbain,Masculin,Primaire,Transport scolaire,1037,MEN
AS602352,2022-2023,Oriental,ORI,Urbain,Masculin,Primaire,Internat,3660,ONG
AS602353,2017-2018,Marrakech-Safi,MAR,Rural,Masculin,Collégial,Internat,3482,MEN
AS602354,2023-2024,Fès-Meknès,FES,Rural,Féminin,Qualifiant,Internat,3178,Don privé
AS602355,2018-2019,Rabat-Salé-Kénitra,RAB,Rural,Féminin,Primaire,Cartable,141,Collectivité locale
AS602356,2015-2016,Souss-Massa,SOU,Rural,Féminin,Primaire,Internat,3690,MEN
AS602357,2023-2024,Laâyoune-Sakia El Hamra,LAA,Urbain,Féminin,Qualifiant,Restauration scolaire,1891,MEN
AS602358,2020-2021,Oriental,ORI,Rural,Masculin,Collégial,Restauration scolaire,2099,MEN
AS602359,2020-2021,Fès-Meknès,FES,Urbain,Masculin,Collégial,Transport scolaire,1296,MEN
AS602360,2021-2022,Oriental,ORI,Rural,Féminin,Collégial,Cartable,147,MEN
AS602361,2021-2022,Rabat-Salé-Kénitra,RAB,Urbain,Masculin,Qualifiant,Cartable,176,ONG
AS602362,2020-2021,Casablanca-Settat,CAS,Rural,Masculin,Primaire,Fournitures,167,Collectivité locale
AS602363,2019-2020,Oriental,ORI,Rural,Féminin,Primaire,Internat,3439,MEN
AS602364,2016-2017,Casablanca-Settat,CAS,Urbain,Masculin,Qualifiant,Cartable,171,Don privé
AS602365,2015-2016,Fès-Meknès,FES,Urbain,Féminin,Primaire,Cartable,140,MEN
AS602366,2023-2024,Tanger-Tétouan-Al Hoceïma,TAN,Urbain,Féminin,Collégial,Cartable,158,MEN
AS602367,2021-2022,Casablanca-Settat,CAS,Urbain,Masculin,Primaire,Uniforme,288,MEN
AS602368,2023-2024,Tanger-Tétouan-Al Hoceïma,TAN,Rural,Masculin,Collégial,Cartable,146,INDH
AS602369,2019-2020,Casablanca-Settat,CAS,Rural,Masculin,Primaire,Transport scolaire,1190,MEN
AS602370,2021-2022,Casablanca-Settat,CAS,Rural,Féminin,Primaire,Restauration scolaire,2019,MEN
AS602371,2015-2016,Fès-Meknès,FES,Rural,Féminin,Collégial,Fournitures,218,Collectivité locale
AS602372,2019-2020,Guelmim-Oued Noun,GUE,Urbain,Féminin,Collégial,Transport scolaire,1038,INDH
AS602373,2022-2023,Marrakech-Safi,MAR,Urbain,Féminin,Primaire,Restauration scolaire,1718,MEN
AS602374,2022-2023,Casablanca-Settat,CAS,Rural,Féminin,Collégial,Cartable,163,INDH
AS602375,2020-2021,Rabat-Salé-Kénitra,RAB,Rural,Masculin,Primaire,Restauration scolaire,1668,MEN
AS602376,2015-2016,Casablanca-Settat,CAS,Urbain,Masculin,Collégial,Internat,3637,MEN
AS602377,2018-2019,Fès-Meknès,FES,Rural,Masculin,Primaire,Cartable,147,Collectivité locale
AS602378,2018-2019,Souss-Massa,SOU,Rural,Féminin,Qualifiant,Restauration scolaire,1728,MEN
AS602379,2018-2019,Casablanca-Settat,CAS,Rural,Masculin,Primaire,Restauration scolaire,1592,MEN
AS602380,2023-2024,Rabat-Salé-Kénitra,RAB,Rural,Féminin,Primaire,Internat,3682,INDH
AS602381,2022-2023,Casablanca-Settat,CAS,Rural,Féminin,Collégial,Uniforme,299,MEN
AS602382,2018-2019,Fès-Meknès,FES,Rural,Masculin,Primaire,Internat,3425,INDH
AS602383,2016-2017,Marrakech-Safi,MAR,Rural,Féminin,Collégial,Internat,3718,INDH
AS602384,2022-2023,Tanger-Tétouan-Al Hoceïma,TAN,Rural,Féminin,Collégial,Transport scolaire,1326,Collectivité locale
AS602385,2018-2019,Casablanca-Settat,CAS,Urbain,Féminin,Primaire,Restauration scolaire,1723,MEN
AS602386,2018-2019,Fès-Meknès,FES,Rural,Masculin,Qualifiant,Restauration scolaire,1807,MEN
AS602387,2023-2024,Casablanca-Settat,CAS,Rural,Féminin,Collégial,Restauration scolaire,1925,INDH
AS602388,2021-2022,Casablanca-Settat,CAS,Urbain,Masculin,Primaire,Restauration scolaire,1451,MEN
AS602389,2022-2023,Casablanca-Settat,CAS,Rural,Féminin,Qualifiant,Restauration scolaire,1773,INDH
AS602390,2017-2018,Fès-Meknès,FES,Rural,Masculin,Collégial,Internat,4227,INDH
AS602391,2015-2016,Casablanca-Settat,CAS,Rural,Masculin,Primaire,Restauration scolaire,2040,INDH
AS602392,2021-2022,Oriental,ORI,Rural,Féminin,Primaire,Cartable,159,MEN
AS602393,2020-2021,Fès-Meknès,FES,Rural,Masculin,Qualifiant,Restauration scolaire,1830,Don privé
AS602394,2019-2020,Oriental,ORI,Rural,Masculin,Collégial,Transport scolaire,977,MEN
AS602395,2021-2022,Marrakech-Safi,MAR,Urbain,Féminin,Primaire,Cartable,152,MEN
AS602396,2018-2019,Rabat-Salé-Kénitra,RAB,Urbain,Masculin,Primaire,Internat,3666,INDH
AS602397,2023-2024,Drâa-Tafilalet,DRA,Rural,Féminin,Primaire,Restauration scolaire,2014,MEN
AS602398,2021-2022,Béni Mellal-Khénifra,BMK,Urbain,Féminin,Qualifiant,Cartable,154,Don privé
AS602399,2020-2021,Souss-Massa,SOU,Rural,Féminin,Qualifiant,Cartable,174,INDH
AS602400,2022-2023,Dakhla-Oued Eddahab,DAK,Rural,Féminin,Primaire,Restauration scolaire,2055,Collectivité locale
AS602401,2021-2022,Casablanca-Settat,CAS,Rural,Féminin,Primaire,Restauration scolaire,1528,MEN
AS602402,2015-2016,Rabat-Salé-Kénitra,RAB,Rural,Féminin,Primaire,Cartable,155,INDH
AS602403,2017-2018,Tanger-Tétouan-Al Hoceïma,TAN,Urbain,Féminin,Primaire,Transport scolaire,1226,MEN
AS602404,2016-2017,Rabat-Salé-Kénitra,RAB,Urbain,Masculin,Primaire,Uniforme,286,INDH
AS602405,2019-2020,Béni Mellal-Khénifra,BMK,Rural,Féminin,Collégial,Internat,3697,Don privé
AS602406,2020-2021,Marrakech-Safi,MAR,Rural,Masculin,Primaire,Cartable,173,MEN
AS602407,2017-2018,Souss-Massa,SOU,Rural,Féminin,Primaire,Internat,3825,ONG
AS602408,2017-2018,Souss-Massa,SOU,Urbain,Masculin,Collégial,Cartable,175,INDH
AS602409,2021-2022,Casablanca-Settat,CAS,Rural,Masculin,Collégial,Uniforme,310,MEN
AS602410,2021-2022,Casablanca-Settat,CAS,Rural,Féminin,Primaire,Transport scolaire,1121,MEN
AS602411,2018-2019,Fès-Meknès,FES,Rural,Féminin,Primaire,Uniforme,315,ONG
AS602412,2016-2017,Béni Mellal-Khénifra,BMK,Urbain,Masculin,Qualifiant,Fournitures,181,Collectivité locale
AS602413,2018-2019,Casablanca-Settat,CAS,Urbain,Féminin,Collégial,Transport scolaire,1219,MEN
AS602414,2017-2018,Marrakech-Safi,MAR,Rural,Masculin,Qualifiant,Fournitures,203,Collectivité locale
AS602415,2017-2018,Casablanca-Settat,CAS,Urbain,Féminin,Primaire,Cartable,156,MEN
AS602416,2017-2018,Souss-Massa,SOU,Rural,Féminin,Qualifiant,Cartable,169,MEN
AS602417,2022-2023,Rabat-Salé-Kénitra,RAB,Rural,Féminin,Primaire,Uniforme,235,INDH
AS602418,2022-2023,Rabat-Salé-Kénitra,RAB,Rural,Féminin,Collégial,Internat,2965,MEN
AS602419,2022-2023,Guelmim-Oued Noun,GUE,Urbain,Féminin,Primaire,Uniforme,269,MEN
AS602420,2021-2022,Casablanca-Settat,CAS,Urbain,Masculin,Primaire,Transport scolaire,1264,MEN
AS602421,2022-2023,Marrakech-Safi,MAR,Urbain,Féminin,Primaire,Restauration scolaire,2205,Collectivité locale
AS602422,2020-2021,Casablanca-Settat,CAS,Urbain,Féminin,Primaire,Internat,3649,MEN
AS602423,2018-2019,Casablanca-Settat,CAS,Rural,Masculin,Qualifiant,Transport scolaire,1117,MEN
AS602424,2017-2018,Casablanca-Settat,CAS,Rural,Féminin,Primaire,Cartable,176,INDH
AS602425,2021-2022,Casablanca-Settat,CAS,Urbain,Féminin,Collégial,Internat,2886,MEN
AS602426,2020-2021,Casablanca-Settat,CAS,Rural,Féminin,Collégial,Transport scolaire,1253,MEN
AS602427,2023-2024,Fès-Meknès,FES,Urbain,Féminin,Collégial,Cartable,173,MEN
AS602428,2020-2021,Casablanca-Settat,CAS,Urbain,Féminin,Collégial,Cartable,165,MEN
AS602429,2019-2020,Béni Mellal-Khénifra,BMK,Urbain,Masculin,Qualifiant,Restauration scolaire,2168,Don privé
AS602430,2019-2020,Casablanca-Settat,CAS,Rural,Masculin,Primaire,Transport scolaire,1173,MEN
AS602431,2017-2018,Fès-Meknès,FES,Urbain,Masculin,Collégial,Cartable,167,MEN
AS602432,2023-2024,Souss-Massa,SOU,Urbain,Masculin,Qualifiant,Cartable,150,MEN
AS602433,2022-2023,Fès-Meknès,FES,Urbain,Féminin,Primaire,Restauration scolaire,1597,MEN
AS602434,2015-2016,Fès-Meknès,FES,Urbain,Masculin,Primaire,Internat,3006,MEN
AS602435,2016-2017,Tanger-Tétouan-Al Hoceïma,TAN,Urbain,Masculin,Primaire,Restauration scolaire,1766,INDH
AS602436,2020-2021,Fès-Meknès,FES,Rural,Féminin,Qualifiant,Restauration scolaire,1896,MEN
AS602437,2022-2023,Guelmim-Oued Noun,GUE,Urbain,Masculin,Primaire,Cartable,160,MEN
AS602438,2019-2020,Rabat-Salé-Kénitra,RAB,Rural,Féminin,Collégial,Restauration scolaire,1912,INDH
AS602439,2023-2024,Guelmim-Oued Noun,GUE,Rural,Féminin,Collégial,Transport scolaire,1346,MEN
AS602440,2018-2019,Fès-Meknès,FES,Urbain,Féminin,Primaire,Restauration scolaire,2163,ONG
AS602441,2023-2024,Fès-Meknès,FES,Urbain,Masculin,Primaire,Restauration scolaire,1829,MEN
AS602442,2023-2024,Marrakech-Safi,MAR,Rural,Féminin,Qualifiant,Cartable,178,ONG
AS602443,2016-2017,Fès-Meknès,FES,Urbain,Féminin,Primaire,Transport scolaire,1252,MEN
AS602444,2020-2021,Drâa-Tafilalet,DRA,Rural,Féminin,Primaire,Internat,3682,MEN
AS602445,2021-2022,Casablanca-Settat,CAS,Rural,Masculin,Collégial,Cartable,155,MEN
AS602446,2016-2017,Casablanca-Settat,CAS,Rural,Féminin,Collégial,Transport scolaire,1234,MEN
AS602447,2020-2021,Béni Mellal-Khénifra,BMK,Rural,Masculin,Primaire,Restauration scolaire,1577,MEN
AS602448,2020-2021,Casablanca-Settat,CAS,Urbain,Masculin,Collégial,Internat,3665,MEN
AS602449,2015-2016,Marrakech-Safi,MAR,Urbain,Féminin,Primaire,Cartable,132,INDH
AS602450,2022-2023,Oriental,ORI,Rural,Féminin,Primaire,Cartable,123,Collectivité locale
AS602451,2017-2018,Marrakech-Safi,MAR,Rural,Féminin,Primaire,Restauration scolaire,1666,ONG
AS602452,2023-2024,Casablanca-Settat,CAS,Urbain,Féminin,Collégial,Transport scolaire,1240,MEN
AS602453,2019-2020,Marrakech-Safi,MAR,Urbain,Masculin,Primaire,Uniforme,251,INDH
AS602454,2021-2022,Marrakech-Safi,MAR,Urbain,Masculin,Collégial,Cartable,184,Collectivité locale
AS602455,2020-2021,Souss-Massa,SOU,Rural,Masculin,Primaire,Transport scolaire,1356,MEN
AS602456,2022-2023,Drâa-Tafilalet,DRA,Rural,Féminin,Primaire,Restauration scolaire,1782,INDH
AS602457,2021-2022,Rabat-Salé-Kénitra,RAB,Urbain,Masculin,Collégial,Cartable,170,MEN
AS602458,2021-2022,Souss-Massa,SOU,Urbain,Masculin,Qualifiant,Cartable,153,ONG
AS602459,2018-2019,Tanger-Tétouan-Al Hoceïma,TAN,Rural,Masculin,Qualifiant,Cartable,180,MEN
AS602460,2021-2022,Rabat-Salé-Kénitra,RAB,Urbain,Féminin,Primaire,Cartable,191,INDH
AS602461,2017-2018,Marrakech-Safi,MAR,Urbain,Féminin,Primaire,Cartable,176,INDH
AS602462,2018-2019,Fès-Meknès,FES,Rural,Masculin,Collégial,Cartable,185,INDH
AS602463,2015-2016,Laâyoune-Sakia El Hamra,LAA,Rural,Féminin,Primaire,Cartable,160,Collectivité locale
AS602464,2021-2022,Fès-Meknès,FES,Rural,Masculin,Qualifiant,Internat,4129,MEN
AS602465,2015-2016,Casablanca-Settat,CAS,Rural,Masculin,Qualifiant,Cartable,151,MEN
AS602466,2022-2023,Béni Mellal-Khénifra,BMK,Urbain,Féminin,Primaire,Fournitures,189,MEN
AS602467,2021-2022,Marrakech-Safi,MAR,Urbain,Masculin,Primaire,Cartable,202,Collectivité locale
AS602468,2018-2019,Tanger-Tétouan-Al Hoceïma,TAN,Rural,Féminin,Primaire,Uniforme,249,INDH
AS602469,2018-2019,Souss-Massa,SOU,Urbain,Masculin,Qualifiant,Restauration scolaire,1561,MEN
AS602470,2022-2023,Oriental,ORI,Urbain,Masculin,Primaire,Cartable,156,MEN
AS602471,2019-2020,Fès-Meknès,FES,Rural,Masculin,Collégial,Restauration scolaire,1886,INDH
AS602472,2016-2017,Casablanca-Settat,CAS,Urbain,Masculin,Collégial,Transport scolaire,1290,INDH
AS602473,2020-2021,Marrakech-Safi,MAR,Urbain,Masculin,Qualifiant,Internat,3345,MEN
AS602474,2018-2019,Casablanca-Settat,CAS,Rural,Féminin,Collégial,Internat,3147,MEN
AS602475,2023-2024,Fès-Meknès,FES,Rural,Féminin,Collégial,Restauration scolaire,1644,MEN
AS602476,2017-2018,Souss-Massa,SOU,Urbain,Masculin,Collégial,Internat,3241,INDH
AS602477,2017-2018,Fès-Meknès,FES,Urbain,Féminin,Primaire,Transport scolaire,1328,INDH
AS602478,2020-2021,Rabat-Salé-Kénitra,RAB,Urbain,Féminin,Collégial,Uniforme,301,MEN
AS602479,2017-2018,Marrakech-Safi,MAR,Rural,Masculin,Primaire,Fournitures,195,MEN
AS602480,2020-2021,Fès-Meknès,FES,Urbain,Masculin,Primaire,Uniforme,279,INDH
AS602481,2017-2018,Rabat-Salé-Kénitra,RAB,Rural,Masculin,Qualifiant,Internat,3319,MEN
AS602482,2023-2024,Guelmim-Oued Noun,GUE,Rural,Masculin,Primaire,Cartable,158,MEN
AS602483,2015-2016,Rabat-Salé-Kénitra,RAB,Rural,Féminin,Collégial,Restauration scolaire,1967,MEN
AS602484,2020-2021,Fès-Meknès,FES,Urbain,Masculin,Qualifiant,Cartable,171,MEN
AS602485,2016-2017,Tanger-Tétouan-Al Hoceïma,TAN,Urbain,Féminin,Qualifiant,Restauration scolaire,1770,MEN
AS602486,2021-2022,Oriental,ORI,Urbain,Féminin,Qualifiant,Cartable,165,Don privé
AS602487,2022-2023,Souss-Massa,SOU,Urbain,Masculin,Primaire,Internat,3707,MEN
AS602488,2019-2020,Marrakech-Safi,MAR,Rural,Féminin,Primaire,Internat,3681,Collectivité locale
AS602489,2018-2019,Casablanca-Settat,CAS,Rural,Féminin,Qualifiant,Cartable,172,MEN
AS602490,2022-2023,Fès-Meknès,FES,Urbain,Masculin,Collégial,Internat,4284,INDH
AS602491,2017-2018,Tanger-Tétouan-Al Hoceïma,TAN,Urbain,Masculin,Collégial,Uniforme,295,INDH
AS602492,2023-2024,Casablanca-Settat,CAS,Urbain,Féminin,Primaire,Transport scolaire,1096,INDH
AS602493,2015-2016,Tanger-Tétouan-Al Hoceïma,TAN,Urbain,Masculin,Primaire,Transport scolaire,1193,INDH
AS602494,2018-2019,Marrakech-Safi,MAR,Rural,Féminin,Collégial,Restauration scolaire,1672,Don privé
AS602495,2016-2017,Tanger-Tétouan-Al Hoceïma,TAN,Urbain,Féminin,Collégial,Internat,2865,Collectivité locale
AS602496,2020-2021,Souss-Massa,SOU,Rural,Féminin,Collégial,Internat,2728,MEN
AS602497,2017-2018,Tanger-Tétouan-Al Hoceïma,TAN,Rural,Féminin,Collégial,Restauration scolaire,1903,MEN
AS602498,2018-2019,Fès-Meknès,FES,Rural,Masculin,Primaire,Cartable,153,MEN
AS602499,2021-2022,Tanger-Tétouan-Al Hoceïma,TAN,Urbain,Féminin,Qualifiant,Uniforme,265,MEN
AS602500,2015-2016,Oriental,ORI,Rural,Masculin,Collégial,Uniforme,306,Collectivité locale
AS602501,2023-2024,Béni Mellal-Khénifra,BMK,Urbain,Masculin,Primaire,Restauration scolaire,2018,MEN
AS602502,2021-2022,Tanger-Tétouan-Al Hoceïma,TAN,Rural,Masculin,Primaire,Uniforme,226,MEN
AS602503,2018-2019,Souss-Massa,SOU,Rural,Féminin,Primaire,Cartable,157,MEN
AS602504,2016-2017,Fès-Meknès,FES,Urbain,Féminin,Qualifiant,Cartable,154,MEN
AS602505,2016-2017,Casablanca-Settat,CAS,Urbain,Masculin,Collégial,Internat,3894,Don privé
AS602506,2018-2019,Casablanca-Settat,CAS,Rural,Masculin,Qualifiant,Transport scolaire,1225,INDH
AS602507,2020-2021,Casablanca-Settat,CAS,Urbain,Féminin,Collégial,Uniforme,279,MEN
AS602508,2015-2016,Casablanca-Settat,CAS,Rural,Féminin,Primaire,Restauration scolaire,1872,MEN
AS602509,2023-2024,Tanger-Tétouan-Al Hoceïma,TAN,Urbain,Masculin,Primaire,Restauration scolaire,1596,MEN
AS602510,2020-2021,Tanger-Tétouan-Al Hoceïma,TAN,Rural,Féminin,Collégial,Cartable,154,ONG
AS602511,2023-2024,Marrakech-Safi,MAR,Urbain,Féminin,Primaire,Cartable,174,INDH
AS602512,2018-2019,Casablanca-Settat,CAS,Urbain,Masculin,Collégial,Cartable,156,Collectivité locale
AS602513,2020-2021,Drâa-Tafilalet,DRA,Rural,Masculin,Qualifiant,Restauration scolaire,1661,MEN
AS602514,2020-2021,Marrakech-Safi,MAR,Urbain,Masculin,Qualifiant,Internat,3572,ONG
AS602515,2016-2017,Fès-Meknès,FES,Urbain,Masculin,Primaire,Restauration scolaire,1871,INDH
AS602516,2019-2020,Souss-Massa,SOU,Rural,Féminin,Primaire,Uniforme,293,INDH
AS602517,2021-2022,Marrakech-Safi,MAR,Rural,Masculin,Collégial,Uniforme,283,MEN
AS602518,2021-2022,Marrakech-Safi,MAR,Rural,Féminin,Collégial,Fournitures,212,MEN
AS602519,2018-2019,Fès-Meknès,FES,Urbain,Masculin,Collégial,Uniforme,269,MEN
AS602520,2020-2021,Drâa-Tafilalet,DRA,Urbain,Masculin,Qualifiant,Restauration scolaire,1668,ONG
AS602521,2019-2020,Marrakech-Safi,MAR,Rural,Masculin,Qualifiant,Cartable,169,INDH
AS602522,2016-2017,Souss-Massa,SOU,Rural,Masculin,Primaire,Uniforme,301,MEN
AS602523,2017-2018,Marrakech-Safi,MAR,Urbain,Masculin,Collégial,Fournitures,168,MEN
AS602524,2021-2022,Tanger-Tétouan-Al Hoceïma,TAN,Urbain,Féminin,Primaire,Uniforme,227,MEN
AS602525,2018-2019,Guelmim-Oued Noun,GUE,Rural,Féminin,Primaire,Internat,3479,MEN
AS602526,2016-2017,Béni Mellal-Khénifra,BMK,Rural,Masculin,Primaire,Cartable,160,INDH
AS602527,2018-2019,Fès-Meknès,FES,Urbain,Masculin,Primaire,Cartable,166,MEN
AS602528,2020-2021,Souss-Massa,SOU,Rural,Féminin,Collégial,Internat,3800,MEN
AS602529,2020-2021,Casablanca-Settat,CAS,Urbain,Masculin,Primaire,Restauration scolaire,1979,MEN
AS602530,2017-2018,Fès-Meknès,FES,Urbain,Masculin,Primaire,Internat,3458,ONG
AS602531,2019-2020,Souss-Massa,SOU,Rural,Masculin,Qualifiant,Internat,4166,MEN
AS602532,2022-2023,Fès-Meknès,FES,Urbain,Masculin,Primaire,Cartable,164,Collectivité locale
AS602533,2020-2021,Fès-Meknès,FES,Rural,Masculin,Qualifiant,Internat,3859,MEN
AS602534,2018-2019,Casablanca-Settat,CAS,Urbain,Féminin,Primaire,Transport scolaire,1186,MEN
AS602535,2017-2018,Rabat-Salé-Kénitra,RAB,Urbain,Féminin,Collégial,Uniforme,347,MEN
AS602536,2017-2018,Tanger-Tétouan-Al Hoceïma,TAN,Urbain,Féminin,Collégial,Internat,3130,INDH
AS602537,2018-2019,Marrakech-Safi,MAR,Rural,Féminin,Primaire,Transport scolaire,1107,MEN
AS602538,2015-2016,Casablanca-Settat,CAS,Rural,Masculin,Collégial,Transport scolaire,1135,MEN
AS602539,2016-2017,Fès-Meknès,FES,Urbain,Masculin,Qualifiant,Transport scolaire,1342,ONG
AS602540,2018-2019,Rabat-Salé-Kénitra,RAB,Rural,Féminin,Primaire,Cartable,156,INDH
AS602541,2015-2016,Souss-Massa,SOU,Rural,Féminin,Primaire,Transport scolaire,1239,ONG
AS602542,2015-2016,Laâyoune-Sakia El Hamra,LAA,Rural,Féminin,Qualifiant,Restauration scolaire,1717,Collectivité locale
AS602543,2023-2024,Béni Mellal-Khénifra,BMK,Urbain,Masculin,Primaire,Uniforme,266,Don privé
AS602544,2021-2022,Fès-Meknès,FES,Rural,Féminin,Qualifiant,Uniforme,318,MEN
AS602545,2016-2017,Marrakech-Safi,MAR,Urbain,Féminin,Qualifiant,Cartable,163,MEN
AS602546,2018-2019,Fès-Meknès,FES,Urbain,Masculin,Primaire,Cartable,146,Collectivité locale
AS602547,2015-2016,Casablanca-Settat,CAS,Rural,Masculin,Collégial,Uniforme,287,INDH
AS602548,2018-2019,Souss-Massa,SOU,Rural,Féminin,Primaire,Restauration scolaire,1585,INDH
AS602549,2021-2022,Marrakech-Safi,MAR,Rural,Féminin,Qualifiant,Restauration scolaire,1544,INDH
AS602550,2020-2021,Fès-Meknès,FES,Rural,Masculin,Primaire,Cartable,171,MEN
AS602551,2016-2017,Marrakech-Safi,MAR,Rural,Masculin,Collégial,Cartable,150,Don privé
AS602552,2021-2022,Marrakech-Safi,MAR,Urbain,Masculin,Collégial,Cartable,164,MEN
AS602553,2016-2017,Marrakech-Safi,MAR,Rural,Féminin,Qualifiant,Restauration scolaire,1663,INDH
AS602554,2018-2019,Marrakech-Safi,MAR,Urbain,Masculin,Qualifiant,Restauration scolaire,1825,MEN
AS602555,2017-2018,Souss-Massa,SOU,Urbain,Masculin,Qualifiant,Transport scolaire,1093,MEN
AS602556,2021-2022,Casablanca-Settat,CAS,Rural,Féminin,Primaire,Restauration scolaire,1461,Don privé
AS602557,2021-2022,Rabat-Salé-Kénitra,RAB,Rural,Féminin,Qualifiant,Transport scolaire,1133,MEN
AS602558,2019-2020,Béni Mellal-Khénifra,BMK,Rural,Féminin,Collégial,Internat,3762,INDH
AS602559,2020-2021,Béni Mellal-Khénifra,BMK,Rural,Féminin,Primaire,Internat,3305,MEN
AS602560,2023-2024,Casablanca-Settat,CAS,Rural,Féminin,Qualifiant,Uniforme,323,MEN
AS602561,2021-2022,Rabat-Salé-Kénitra,RAB,Rural,Féminin,Primaire,Transport scolaire,1293,INDH
AS602562,2020-2021,Tanger-Tétouan-Al Hoceïma,TAN,Rural,Masculin,Primaire,Fournitures,198,MEN
AS602563,2016-2017,Fès-Meknès,FES,Urbain,Féminin,Primaire,Cartable,171,ONG
AS602564,2023-2024,Béni Mellal-Khénifra,BMK,Rural,Féminin,Qualifiant,Internat,3292,INDH
AS602565,2022-2023,Fès-Meknès,FES,Urbain,Masculin,Primaire,Cartable,150,MEN
AS602566,2015-2016,Oriental,ORI,Urbain,Masculin,Collégial,Cartable,148,MEN
AS602567,2018-2019,Casablanca-Settat,CAS,Urbain,Féminin,Collégial,Internat,3698,MEN
AS602568,2021-2022,Marrakech-Safi,MAR,Rural,Masculin,Collégial,Restauration scolaire,1697,INDH
AS602569,2021-2022,Casablanca-Settat,CAS,Rural,Féminin,Primaire,Internat,3853,MEN
AS602570,2023-2024,Fès-Meknès,FES,Urbain,Masculin,Primaire,Cartable,153,MEN
AS602571,2022-2023,Marrakech-Safi,MAR,Urbain,Masculin,Qualifiant,Internat,3750,MEN
AS602572,2019-2020,Tanger-Tétouan-Al Hoceïma,TAN,Rural,Masculin,Qualifiant,Cartable,154,INDH
AS602573,2019-2020,Béni Mellal-Khénifra,BMK,Urbain,Masculin,Primaire,Cartable,192,MEN
AS602574,2022-2023,Rabat-Salé-Kénitra,RAB,Rural,Féminin,Primaire,Fournitures,213,MEN
AS602575,2018-2019,Souss-Massa,SOU,Urbain,Féminin,Primaire,Cartable,153,MEN
AS602576,2023-2024,Laâyoune-Sakia El Hamra,LAA,Rural,Féminin,Primaire,Cartable,160,MEN
AS602577,2016-2017,Rabat-Salé-Kénitra,RAB,Urbain,Féminin,Collégial,Cartable,148,Don privé
AS602578,2015-2016,Casablanca-Settat,CAS,Urbain,Masculin,Collégial,Cartable,170,INDH
AS602579,2020-2021,Fès-Meknès,FES,Rural,Féminin,Primaire,Internat,3661,ONG
AS602580,2017-2018,Tanger-Tétouan-Al Hoceïma,TAN,Rural,Masculin,Primaire,Restauration scolaire,2111,MEN
AS602581,2018-2019,Souss-Massa,SOU,Rural,Féminin,Qualifiant,Internat,3354,INDH
AS602582,2016-2017,Marrakech-Safi,MAR,Urbain,Féminin,Primaire,Restauration scolaire,1621,MEN
AS602583,2018-2019,Casablanca-Settat,CAS,Rural,Féminin,Collégial,Restauration scolaire,2049,Collectivité locale
AS602584,2017-2018,Oriental,ORI,Rural,Masculin,Qualifiant,Restauration scolaire,1830,Collectivité locale
AS602585,2015-2016,Marrakech-Safi,MAR,Rural,Féminin,Collégial,Restauration scolaire,1728,INDH
AS602586,2020-2021,Casablanca-Settat,CAS,Rural,Féminin,Primaire,Cartable,139,MEN
AS602587,2021-2022,Rabat-Salé-Kénitra,RAB,Rural,Féminin,Primaire,Internat,3436,MEN
AS602588,2022-2023,Casablanca-Settat,CAS,Urbain,Masculin,Primaire,Internat,3830,MEN
AS602589,2015-2016,Marrakech-Safi,MAR,Rural,Masculin,Qualifiant,Uniforme,308,MEN
AS602590,2016-2017,Oriental,ORI,Urbain,Féminin,Primaire,Cartable,168,MEN
AS602591,2023-2024,Rabat-Salé-Kénitra,RAB,Rural,Masculin,Collégial,Transport scolaire,1365,Collectivité locale
AS602592,2015-2016,Fès-Meknès,FES,Rural,Masculin,Collégial,Cartable,166,MEN
AS602593,2023-2024,Marrakech-Safi,MAR,Rural,Masculin,Primaire,Uniforme,316,MEN
AS602594,2020-2021,Rabat-Salé-Kénitra,RAB,Rural,Féminin,Primaire,Internat,3029,MEN
AS602595,2023-2024,Souss-Massa,SOU,Urbain,Masculin,Qualifiant,Transport scolaire,1198,MEN
AS602596,2018-2019,Tanger-Tétouan-Al Hoceïma,TAN,Urbain,Féminin,Primaire,Restauration scolaire,1749,Don privé
AS602597,2016-2017,Rabat-Salé-Kénitra,RAB,Rural,Masculin,Primaire,Cartable,137,INDH
AS602598,2023-2024,Rabat-Salé-Kénitra,RAB,Rural,Masculin,Primaire,Transport scolaire,1104,INDH
AS602599,2015-2016,Fès-Meknès,FES,Rural,Masculin,Primaire,Cartable,151,MEN
AS602600,2022-2023,Casablanca-Settat,CAS,Rural,Masculin,Collégial,Transport scolaire,1036,MEN
AS602601,2022-2023,Casablanca-Settat,CAS,Rural,Féminin,Collégial,Cartable,175,MEN
AS602602,2017-2018,Marrakech-Safi,MAR,Rural,Masculin,Primaire,Cartable,156,MEN
AS602603,2020-2021,Béni Mellal-Khénifra,BMK,Rural,Masculin,Collégial,Uniforme,239,INDH
AS602604,2015-2016,Fès-Meknès,FES,Urbain,Féminin,Primaire,Cartable,163,ONG
AS602605,2022-2023,Marrakech-Safi,MAR,Urbain,Féminin,Collégial,Internat,3392,MEN
AS602606,2018-2019,Rabat-Salé-Kénitra,RAB,Rural,Féminin,Qualifiant,Transport scolaire,1101,INDH
AS602607,2020-2021,Fès-Meknès,FES,Rural,Masculin,Primaire,Transport scolaire,896,MEN
AS602608,2018-2019,Béni Mellal-Khénifra,BMK,Urbain,Féminin,Primaire,Internat,3372,INDH
AS602609,2017-2018,Casablanca-Settat,CAS,Rural,Féminin,Primaire,Transport scolaire,1230,MEN
AS602610,2020-2021,Tanger-Tétouan-Al Hoceïma,TAN,Rural,Masculin,Primaire,Restauration scolaire,1621,ONG
AS602611,2015-2016,Rabat-Salé-Kénitra,RAB,Rural,Masculin,Collégial,Restauration scolaire,1496,MEN
AS602612,2018-2019,Tanger-Tétouan-Al Hoceïma,TAN,Rural,Masculin,Primaire,Restauration scolaire,1500,MEN
AS602613,2019-2020,Rabat-Salé-Kénitra,RAB,Rural,Masculin,Collégial,Cartable,144,INDH
AS602614,2017-2018,Tanger-Tétouan-Al Hoceïma,TAN,Rural,Féminin,Primaire,Cartable,169,MEN
AS602615,2022-2023,Marrakech-Safi,MAR,Rural,Féminin,Primaire,Transport scolaire,1220,Don privé
AS602616,2023-2024,Rabat-Salé-Kénitra,RAB,Urbain,Masculin,Qualifiant,Cartable,148,MEN
AS602617,2020-2021,Rabat-Salé-Kénitra,RAB,Rural,Féminin,Qualifiant,Cartable,173,MEN
AS602618,2021-2022,Marrakech-Safi,MAR,Rural,Masculin,Collégial,Restauration scolaire,1861,Don privé
AS602619,2017-2018,Casablanca-Settat,CAS,Urbain,Féminin,Primaire,Cartable,159,INDH
AS602620,2015-2016,Souss-Massa,SOU,Urbain,Masculin,Qualifiant,Uniforme,261,MEN
AS602621,2022-2023,Casablanca-Settat,CAS,Rural,Masculin,Primaire,Uniforme,232,INDH
AS602622,2015-2016,Casablanca-Settat,CAS,Urbain,Féminin,Qualifiant,Cartable,173,MEN
AS602623,2015-2016,Casablanca-Settat,CAS,Rural,Masculin,Primaire,Cartable,162,MEN
AS602624,2018-2019,Guelmim-Oued Noun,GUE,Urbain,Féminin,Primaire,Transport scolaire,1170,INDH
AS602625,2022-2023,Casablanca-Settat,CAS,Rural,Masculin,Collégial,Internat,3218,MEN
AS602626,2023-2024,Tanger-Tétouan-Al Hoceïma,TAN,Rural,Masculin,Primaire,Transport scolaire,1232,MEN
AS602627,2017-2018,Tanger-Tétouan-Al Hoceïma,TAN,Rural,Féminin,Primaire,Restauration scolaire,1802,INDH
AS602628,2019-2020,Tanger-Tétouan-Al Hoceïma,TAN,Rural,Féminin,Collégial,Restauration scolaire,1861,INDH
AS602629,2016-2017,Béni Mellal-Khénifra,BMK,Rural,Féminin,Primaire,Transport scolaire,1124,INDH
AS602630,2020-2021,Marrakech-Safi,MAR,Rural,Féminin,Collégial,Internat,2940,INDH
AS602631,2021-2022,Casablanca-Settat,CAS,Urbain,Masculin,Primaire,Uniforme,238,INDH
AS602632,2019-2020,Marrakech-Safi,MAR,Urbain,Féminin,Primaire,Uniforme,340,INDH
AS602633,2017-2018,Marrakech-Safi,MAR,Rural,Féminin,Collégial,Uniforme,264,MEN
AS602634,2019-2020,Oriental,ORI,Urbain,Féminin,Collégial,Uniforme,279,Collectivité locale
AS602635,2020-2021,Béni Mellal-Khénifra,BMK,Rural,Masculin,Collégial,Uniforme,287,Don privé
AS602636,2019-2020,Béni Mellal-Khénifra,BMK,Rural,Féminin,Qualifiant,Restauration scolaire,1739,MEN
AS602637,2023-2024,Tanger-Tétouan-Al Hoceïma,TAN,Rural,Féminin,Qualifiant,Transport scolaire,1220,MEN
AS602638,2017-2018,Tanger-Tétouan-Al Hoceïma,TAN,Urbain,Masculin,Qualifiant,Restauration scolaire,1804,MEN
AS602639,2016-2017,Marrakech-Safi,MAR,Urbain,Masculin,Primaire,Cartable,155,MEN
AS602640,2023-2024,Souss-Massa,SOU,Urbain,Féminin,Primaire,Restauration scolaire,2105,MEN
AS602641,2021-2022,Souss-Massa,SOU,Urbain,Féminin,Primaire,Restauration scolaire,1847,MEN
AS602642,2019-2020,Drâa-Tafilalet,DRA,Rural,Masculin,Qualifiant,Uniforme,331,Collectivité locale
AS602643,2015-2016,Tanger-Tétouan-Al Hoceïma,TAN,Urbain,Féminin,Collégial,Restauration scolaire,2060,MEN
AS602644,2020-2021,Marrakech-Safi,MAR,Urbain,Féminin,Primaire,Uniforme,267,MEN
AS602645,2019-2020,Casablanca-Settat,CAS,Urbain,Féminin,Primaire,Uniforme,284,MEN
AS602646,2017-2018,Casablanca-Settat,CAS,Rural,Féminin,Primaire,Cartable,142,Collectivité locale
AS602647,2015-2016,Marrakech-Safi,MAR,Rural,Féminin,Collégial,Cartable,166,MEN
AS602648,2015-2016,Oriental,ORI,Rural,Masculin,Qualifiant,Internat,3299,MEN
AS602649,2018-2019,Marrakech-Safi,MAR,Rural,Féminin,Qualifiant,Cartable,154,MEN
AS602650,2023-2024,Drâa-Tafilalet,DRA,Rural,Masculin,Primaire,Transport scolaire,989,ONG
AS602651,2019-2020,Souss-Massa,SOU,Rural,Féminin,Primaire,Cartable,161,MEN
AS602652,2017-2018,Fès-Meknès,FES,Urbain,Masculin,Collégial,Transport scolaire,1254,MEN
AS602653,2022-2023,Rabat-Salé-Kénitra,RAB,Urbain,Féminin,Collégial,Fournitures,196,ONG
AS602654,2017-2018,Tanger-Tétouan-Al Hoceïma,TAN,Urbain,Féminin,Primaire,Restauration scolaire,1288,INDH
AS602655,2020-2021,Tanger-Tétouan-Al Hoceïma,TAN,Urbain,Féminin,Primaire,Internat,3155,MEN
AS602656,2017-2018,Souss-Massa,SOU,Urbain,Masculin,Primaire,Cartable,181,ONG
AS602657,2018-2019,Fès-Meknès,FES,Rural,Féminin,Collégial,Restauration scolaire,1659,MEN
AS602658,2017-2018,Oriental,ORI,Rural,Masculin,Collégial,Uniforme,295,Collectivité locale
AS602659,2023-2024,Béni Mellal-Khénifra,BMK,Urbain,Féminin,Qualifiant,Restauration scolaire,1957,Collectivité locale
AS602660,2015-2016,Oriental,ORI,Urbain,Féminin,Primaire,Cartable,169,MEN
AS602661,2021-2022,Rabat-Salé-Kénitra,RAB,Rural,Masculin,Primaire,Internat,3448,MEN
AS602662,2022-2023,Casablanca-Settat,CAS,Urbain,Masculin,Primaire,Cartable,182,MEN
AS602663,2018-2019,Oriental,ORI,Rural,Masculin,Primaire,Restauration scolaire,1725,MEN
AS602664,2023-2024,Casablanca-Settat,CAS,Rural,Masculin,Qualifiant,Restauration scolaire,1994,MEN
AS602665,2022-2023,Oriental,ORI,Urbain,Masculin,Primaire,Cartable,159,MEN
AS602666,2018-2019,Casablanca-Settat,CAS,Rural,Féminin,Collégial,Transport scolaire,1066,MEN
AS602667,2022-2023,Casablanca-Settat,CAS,Rural,Féminin,Primaire,Cartable,177,MEN
AS602668,2020-2021,Fès-Meknès,FES,Urbain,Féminin,Collégial,Cartable,135,INDH
AS602669,2022-2023,Laâyoune-Sakia El Hamra,LAA,Urbain,Masculin,Collégial,Restauration scolaire,1630,Collectivité locale
AS602670,2016-2017,Béni Mellal-Khénifra,BMK,Urbain,Masculin,Primaire,Cartable,146,MEN
AS602671,2019-2020,Rabat-Salé-Kénitra,RAB,Rural,Masculin,Collégial,Fournitures,194,Don privé
AS602672,2022-2023,Béni Mellal-Khénifra,BMK,Rural,Masculin,Collégial,Transport scolaire,1146,MEN
AS602673,2017-2018,Béni Mellal-Khénifra,BMK,Rural,Masculin,Collégial,Uniforme,258,MEN
AS602674,2023-2024,Rabat-Salé-Kénitra,RAB,Rural,Féminin,Collégial,Cartable,163,MEN
AS602675,2023-2024,Fès-Meknès,FES,Urbain,Masculin,Collégial,Restauration scolaire,1628,INDH
AS602676,2018-2019,Souss-Massa,SOU,Rural,Féminin,Qualifiant,Restauration scolaire,1942,MEN
AS602677,2020-2021,Marrakech-Safi,MAR,Rural,Féminin,Collégial,Fournitures,236,INDH
AS602678,2023-2024,Laâyoune-Sakia El Hamra,LAA,Rural,Féminin,Collégial,Restauration scolaire,1885,MEN
AS602679,2021-2022,Rabat-Salé-Kénitra,RAB,Rural,Masculin,Primaire,Uniforme,298,MEN
AS602680,2019-2020,Tanger-Tétouan-Al Hoceïma,TAN,Rural,Féminin,Primaire,Internat,3080,MEN
AS602681,2017-2018,Tanger-Tétouan-Al Hoceïma,TAN,Urbain,Féminin,Primaire,Transport scolaire,1264,INDH
AS602682,2021-2022,Oriental,ORI,Rural,Féminin,Collégial,Restauration scolaire,1662,INDH
AS602683,2017-2018,Tanger-Tétouan-Al Hoceïma,TAN,Urbain,Masculin,Qualifiant,Cartable,190,MEN
AS602684,2018-2019,Béni Mellal-Khénifra,BMK,Urbain,Féminin,Primaire,Internat,3644,Collectivité locale
AS602685,2023-2024,Tanger-Tétouan-Al Hoceïma,TAN,Rural,Masculin,Primaire,Cartable,161,MEN
AS602686,2021-2022,Casablanca-Settat,CAS,Rural,Masculin,Qualifiant,Internat,3727,INDH
AS602687,2020-2021,Marrakech-Safi,MAR,Rural,Masculin,Qualifiant,Internat,2741,INDH
AS602688,2022-2023,Souss-Massa,SOU,Urbain,Masculin,Primaire,Restauration scolaire,1731,INDH
AS602689,2015-2016,Marrakech-Safi,MAR,Urbain,Masculin,Qualifiant,Transport scolaire,1556,MEN
AS602690,2021-2022,Tanger-Tétouan-Al Hoceïma,TAN,Urbain,Féminin,Qualifiant,Transport scolaire,1037,Collectivité locale
AS602691,2016-2017,Tanger-Tétouan-Al Hoceïma,TAN,Rural,Masculin,Qualifiant,Transport scolaire,1242,MEN
AS602692,2020-2021,Casablanca-Settat,CAS,Urbain,Féminin,Collégial,Cartable,187,Collectivité locale
AS602693,2015-2016,Tanger-Tétouan-Al Hoceïma,TAN,Urbain,Masculin,Collégial,Restauration scolaire,1662,ONG
AS602694,2019-2020,Drâa-Tafilalet,DRA,Rural,Masculin,Primaire,Fournitures,173,MEN
AS602695,2018-2019,Souss-Massa,SOU,Urbain,Masculin,Primaire,Transport scolaire,1271,MEN
AS602696,2020-2021,Oriental,ORI,Rural,Féminin,Collégial,Cartable,175,ONG
AS602697,2015-2016,Fès-Meknès,FES,Urbain,Féminin,Collégial,Internat,3103,Don privé
AS602698,2023-2024,Casablanca-Settat,CAS,Rural,Féminin,Primaire,Restauration scolaire,1986,INDH
AS602699,2022-2023,Souss-Massa,SOU,Rural,Masculin,Primaire,Cartable,157,Collectivité locale
AS602700,2021-2022,Casablanca-Settat,CAS,Urbain,Féminin,Primaire,Cartable,147,MEN
AS602701,2017-2018,Fès-Meknès,FES,Rural,Masculin,Qualifiant,Cartable,175,INDH
AS602702,2023-2024,Rabat-Salé-Kénitra,RAB,Rural,Féminin,Collégial,Cartable,164,ONG
AS602703,2020-2021,Marrakech-Safi,MAR,Rural,Masculin,Primaire,Uniforme,297,ONG
AS602704,2023-2024,Casablanca-Settat,CAS,Rural,Masculin,Primaire,Restauration scolaire,1721,MEN
AS602705,2017-2018,Marrakech-Safi,MAR,Urbain,Masculin,Primaire,Cartable,170,INDH
AS602706,2015-2016,Marrakech-Safi,MAR,Urbain,Féminin,Qualifiant,Cartable,138,Collectivité locale
AS602707,2019-2020,Marrakech-Safi,MAR,Urbain,Masculin,Primaire,Restauration scolaire,1588,Don privé
AS602708,2016-2017,Fès-Meknès,FES,Rural,Féminin,Primaire,Internat,4465,MEN
AS602709,2019-2020,Tanger-Tétouan-Al Hoceïma,TAN,Rural,Masculin,Qualifiant,Cartable,171,INDH
AS602710,2018-2019,Tanger-Tétouan-Al Hoceïma,TAN,Rural,Masculin,Primaire,Uniforme,318,MEN
AS602711,2018-2019,Fès-Meknès,FES,Urbain,Féminin,Collégial,Cartable,138,MEN
AS602712,2018-2019,Casablanca-Settat,CAS,Rural,Féminin,Primaire,Cartable,192,Don privé
AS602713,2019-2020,Marrakech-Safi,MAR,Rural,Masculin,Qualifiant,Restauration scolaire,1674,MEN
AS602714,2023-2024,Souss-Massa,SOU,Urbain,Masculin,Primaire,Transport scolaire,1328,MEN
AS602715,2016-2017,Béni Mellal-Khénifra,BMK,Urbain,Masculin,Qualifiant,Fournitures,192,MEN
AS602716,2020-2021,Casablanca-Settat,CAS,Urbain,Masculin,Collégial,Transport scolaire,1205,Collectivité locale
AS602717,2018-2019,Souss-Massa,SOU,Rural,Masculin,Primaire,Cartable,172,MEN
AS602718,2016-2017,Casablanca-Settat,CAS,Urbain,Masculin,Primaire,Restauration scolaire,1719,Don privé
AS602719,2016-2017,Rabat-Salé-Kénitra,RAB,Rural,Féminin,Collégial,Cartable,150,INDH
AS602720,2015-2016,Fès-Meknès,FES,Urbain,Masculin,Collégial,Fournitures,227,MEN
AS602721,2019-2020,Fès-Meknès,FES,Urbain,Masculin,Primaire,Restauration scolaire,1616,Collectivité locale
AS602722,2017-2018,Drâa-Tafilalet,DRA,Rural,Masculin,Primaire,Cartable,145,MEN
AS602723,2022-2023,Béni Mellal-Khénifra,BMK,Rural,Masculin,Collégial,Fournitures,185,MEN
AS602724,2019-2020,Fès-Meknès,FES,Rural,Masculin,Collégial,Fournitures,188,ONG
AS602725,2022-2023,Casablanca-Settat,CAS,Rural,Masculin,Qualifiant,Cartable,160,INDH
AS602726,2015-2016,Casablanca-Settat,CAS,Urbain,Masculin,Primaire,Cartable,133,MEN
AS602727,2023-2024,Marrakech-Safi,MAR,Urbain,Féminin,Collégial,Restauration scolaire,1828,Collectivité locale
AS602728,2022-2023,Tanger-Tétouan-Al Hoceïma,TAN,Rural,Masculin,Collégial,Uniforme,265,Don privé
AS602729,2019-2020,Drâa-Tafilalet,DRA,Rural,Féminin,Qualifiant,Transport scolaire,1243,MEN
AS602730,2018-2019,Tanger-Tétouan-Al Hoceïma,TAN,Urbain,Masculin,Primaire,Restauration scolaire,2015,MEN
AS602731,2021-2022,Rabat-Salé-Kénitra,RAB,Rural,Féminin,Primaire,Restauration scolaire,1825,INDH
AS602732,2022-2023,Casablanca-Settat,CAS,Rural,Féminin,Primaire,Internat,3397,INDH
AS602733,2020-2021,Oriental,ORI,Urbain,Féminin,Qualifiant,Cartable,159,INDH
AS602734,2016-2017,Marrakech-Safi,MAR,Rural,Masculin,Collégial,Fournitures,215,INDH
AS602735,2016-2017,Béni Mellal-Khénifra,BMK,Rural,Féminin,Primaire,Transport scolaire,1064,INDH
AS602736,2018-2019,Souss-Massa,SOU,Rural,Féminin,Collégial,Cartable,160,ONG
AS602737,2015-2016,Marrakech-Safi,MAR,Urbain,Masculin,Qualifiant,Cartable,181,INDH
AS602738,2020-2021,Tanger-Tétouan-Al Hoceïma,TAN,Rural,Masculin,Primaire,Internat,3280,Collectivité locale
AS602739,2017-2018,Rabat-Salé-Kénitra,RAB,Rural,Masculin,Primaire,Cartable,174,MEN
AS602740,2022-2023,Marrakech-Safi,MAR,Urbain,Féminin,Primaire,Cartable,167,MEN
AS602741,2020-2021,Oriental,ORI,Rural,Masculin,Collégial,Transport scolaire,984,MEN
AS602742,2019-2020,Dakhla-Oued Eddahab,DAK,Urbain,Masculin,Qualifiant,Cartable,153,Collectivité locale
AS602743,2018-2019,Casablanca-Settat,CAS,Urbain,Féminin,Qualifiant,Restauration scolaire,1662,MEN
AS602744,2015-2016,Marrakech-Safi,MAR,Rural,Féminin,Collégial,Cartable,153,Collectivité locale
AS602745,2020-2021,Marrakech-Safi,MAR,Rural,Féminin,Primaire,Uniforme,292,MEN
AS602746,2015-2016,Tanger-Tétouan-Al Hoceïma,TAN,Urbain,Féminin,Primaire,Transport scolaire,1228,MEN
AS602747,2022-2023,Oriental,ORI,Urbain,Masculin,Qualifiant,Transport scolaire,1359,MEN
AS602748,2021-2022,Rabat-Salé-Kénitra,RAB,Urbain,Masculin,Qualifiant,Uniforme,268,MEN
AS602749,2017-2018,Rabat-Salé-Kénitra,RAB,Rural,Féminin,Qualifiant,Restauration scolaire,1853,Don privé
AS602750,2015-2016,Marrakech-Safi,MAR,Rural,Masculin,Collégial,Transport scolaire,1253,MEN
AS602751,2021-2022,Casablanca-Settat,CAS,Rural,Féminin,Qualifiant,Transport scolaire,1167,INDH
AS602752,2019-2020,Fès-Meknès,FES,Rural,Féminin,Qualifiant,Restauration scolaire,1879,Collectivité locale
AS602753,2022-2023,Casablanca-Settat,CAS,Urbain,Féminin,Primaire,Transport scolaire,1192,MEN
AS602754,2020-2021,Casablanca-Settat,CAS,Urbain,Féminin,Collégial,Restauration scolaire,1955,Collectivité locale
AS602755,2022-2023,Rabat-Salé-Kénitra,RAB,Urbain,Masculin,Primaire,Cartable,170,INDH
AS602756,2019-2020,Fès-Meknès,FES,Rural,Féminin,Collégial,Restauration scolaire,1991,MEN
AS602757,2021-2022,Drâa-Tafilalet,DRA,Rural,Féminin,Primaire,Cartable,189,ONG
AS602758,2018-2019,Béni Mellal-Khénifra,BMK,Rural,Masculin,Primaire,Uniforme,259,INDH
AS602759,2018-2019,Marrakech-Safi,MAR,Rural,Masculin,Primaire,Fournitures,228,INDH
AS602760,2017-2018,Casablanca-Settat,CAS,Rural,Féminin,Qualifiant,Internat,4101,ONG
AS602761,2019-2020,Fès-Meknès,FES,Rural,Masculin,Qualifiant,Uniforme,275,MEN
AS602762,2019-2020,Marrakech-Safi,MAR,Urbain,Féminin,Qualifiant,Fournitures,216,ONG
AS602763,2017-2018,Marrakech-Safi,MAR,Rural,Féminin,Primaire,Transport scolaire,972,MEN
AS602764,2018-2019,Casablanca-Settat,CAS,Urbain,Féminin,Primaire,Transport scolaire,1230,MEN
AS602765,2015-2016,Oriental,ORI,Urbain,Masculin,Primaire,Transport scolaire,1357,MEN
AS602766,2016-2017,Drâa-Tafilalet,DRA,Rural,Féminin,Collégial,Restauration scolaire,1618,MEN
AS602767,2017-2018,Fès-Meknès,FES,Rural,Féminin,Collégial,Transport scolaire,1068,MEN
AS602768,2015-2016,Béni Mellal-Khénifra,BMK,Rural,Féminin,Collégial,Uniforme,287,MEN
AS602769,2016-2017,Marrakech-Safi,MAR,Rural,Féminin,Collégial,Cartable,175,MEN
AS602770,2016-2017,Casablanca-Settat,CAS,Rural,Masculin,Qualifiant,Cartable,169,Don privé
AS602771,2021-2022,Casablanca-Settat,CAS,Rural,Féminin,Collégial,Uniforme,242,MEN
AS602772,2021-2022,Marrakech-Safi,MAR,Urbain,Masculin,Primaire,Internat,4013,MEN
AS602773,2022-2023,Casablanca-Settat,CAS,Rural,Féminin,Primaire,Cartable,173,MEN
AS602774,2020-2021,Béni Mellal-Khénifra,BMK,Rural,Masculin,Primaire,Cartable,166,MEN
AS602775,2022-2023,Souss-Massa,SOU,Urbain,Masculin,Collégial,Restauration scolaire,1674,Collectivité locale
AS602776,2019-2020,Rabat-Salé-Kénitra,RAB,Urbain,Féminin,Qualifiant,Internat,4493,MEN
AS602777,2022-2023,Fès-Meknès,FES,Rural,Masculin,Primaire,Cartable,160,MEN
AS602778,2017-2018,Rabat-Salé-Kénitra,RAB,Urbain,Masculin,Collégial,Cartable,148,Collectivité locale
AS602779,2016-2017,Fès-Meknès,FES,Rural,Masculin,Qualifiant,Cartable,146,MEN
AS602780,2021-2022,Marrakech-Safi,MAR,Rural,Masculin,Primaire,Transport scolaire,1130,MEN
AS602781,2020-2021,Fès-Meknès,FES,Urbain,Féminin,Primaire,Internat,3061,Don privé
AS602782,2017-2018,Casablanca-Settat,CAS,Urbain,Masculin,Collégial,Fournitures,189,MEN
AS602783,2015-2016,Casablanca-Settat,CAS,Rural,Masculin,Qualifiant,Transport scolaire,1291,MEN
AS602784,2019-2020,Casablanca-Settat,CAS,Rural,Masculin,Primaire,Restauration scolaire,1777,INDH
AS602785,2017-2018,Souss-Massa,SOU,Urbain,Masculin,Collégial,Cartable,159,MEN
AS602786,2023-2024,Fès-Meknès,FES,Urbain,Masculin,Qualifiant,Restauration scolaire,1912,Collectivité locale
AS602787,2021-2022,Rabat-Salé-Kénitra,RAB,Rural,Masculin,Primaire,Transport scolaire,1271,MEN
AS602788,2018-2019,Tanger-Tétouan-Al Hoceïma,TAN,Rural,Féminin,Collégial,Cartable,167,MEN
AS602789,2023-2024,Casablanca-Settat,CAS,Rural,Féminin,Primaire,Cartable,175,MEN
AS602790,2019-2020,Tanger-Tétouan-Al Hoceïma,TAN,Rural,Masculin,Primaire,Restauration scolaire,1701,Don privé
AS602791,2021-2022,Casablanca-Settat,CAS,Urbain,Masculin,Collégial,Cartable,156,MEN
AS602792,2019-2020,Béni Mellal-Khénifra,BMK,Urbain,Masculin,Qualifiant,Transport scolaire,1179,ONG
AS602793,2023-2024,Marrakech-Safi,MAR,Urbain,Masculin,Qualifiant,Internat,3438,MEN
AS602794,2021-2022,Casablanca-Settat,CAS,Urbain,Masculin,Primaire,Uniforme,273,MEN
AS602795,2019-2020,Fès-Meknès,FES,Urbain,Féminin,Primaire,Fournitures,192,MEN
AS602796,2023-2024,Marrakech-Safi,MAR,Rural,Féminin,Primaire,Fournitures,262,INDH
AS602797,2019-2020,Oriental,ORI,Rural,Masculin,Primaire,Restauration scolaire,1998,Collectivité locale
AS602798,2022-2023,Marrakech-Safi,MAR,Urbain,Masculin,Primaire,Cartable,156,MEN
AS602799,2020-2021,Fès-Meknès,FES,Urbain,Masculin,Collégial,Restauration scolaire,1788,MEN
AS602800,2020-2021,Tanger-Tétouan-Al Hoceïma,TAN,Rural,Masculin,Collégial,Transport scolaire,1270,INDH
AS602801,2023-2024,Fès-Meknès,FES,Urbain,Féminin,Primaire,Restauration scolaire,1796,MEN
AS602802,2023-2024,Fès-Meknès,FES,Urbain,Masculin,Primaire,Uniforme,323,MEN
AS602803,2023-2024,Marrakech-Safi,MAR,Rural,Féminin,Primaire,Internat,3790,INDH
AS602804,2023-2024,Marrakech-Safi,MAR,Rural,Féminin,Collégial,Cartable,177,INDH
AS602805,2015-2016,Casablanca-Settat,CAS,Rural,Masculin,Primaire,Cartable,153,Collectivité locale
AS602806,2021-2022,Souss-Massa,SOU,Urbain,Masculin,Qualifiant,Restauration scolaire,1684,MEN
AS602807,2023-2024,Oriental,ORI,Rural,Féminin,Qualifiant,Fournitures,226,INDH
AS602808,2019-2020,Tanger-Tétouan-Al Hoceïma,TAN,Rural,Féminin,Primaire,Internat,3841,MEN
AS602809,2020-2021,Fès-Meknès,FES,Rural,Féminin,Collégial,Restauration scolaire,1916,MEN
AS602810,2016-2017,Casablanca-Settat,CAS,Urbain,Féminin,Collégial,Cartable,174,MEN
AS602811,2019-2020,Tanger-Tétouan-Al Hoceïma,TAN,Rural,Masculin,Primaire,Internat,3489,MEN
AS602812,2022-2023,Casablanca-Settat,CAS,Rural,Féminin,Collégial,Restauration scolaire,1817,MEN
AS602813,2019-2020,Béni Mellal-Khénifra,BMK,Urbain,Masculin,Qualifiant,Uniforme,291,MEN
AS602814,2017-2018,Souss-Massa,SOU,Rural,Masculin,Collégial,Restauration scolaire,1915,Collectivité locale
AS602815,2017-2018,Tanger-Tétouan-Al Hoceïma,TAN,Rural,Féminin,Collégial,Internat,3582,INDH
AS602816,2017-2018,Béni Mellal-Khénifra,BMK,Urbain,Masculin,Primaire,Uniforme,281,MEN
AS602817,2017-2018,Marrakech-Safi,MAR,Rural,Féminin,Primaire,Fournitures,205,MEN
AS602818,2017-2018,Oriental,ORI,Rural,Masculin,Primaire,Internat,2744,MEN
AS602819,2020-2021,Béni Mellal-Khénifra,BMK,Urbain,Féminin,Collégial,Uniforme,245,Don privé
AS602820,2022-2023,Casablanca-Settat,CAS,Urbain,Féminin,Primaire,Cartable,179,ONG
AS602821,2017-2018,Casablanca-Settat,CAS,Rural,Féminin,Collégial,Transport scolaire,1194,MEN
AS602822,2016-2017,Béni Mellal-Khénifra,BMK,Rural,Féminin,Primaire,Cartable,168,INDH
AS602823,2020-2021,Fès-Meknès,FES,Rural,Masculin,Primaire,Restauration scolaire,1800,ONG
AS602824,2018-2019,Casablanca-Settat,CAS,Rural,Féminin,Primaire,Cartable,153,MEN
AS602825,2016-2017,Rabat-Salé-Kénitra,RAB,Rural,Masculin,Collégial,Cartable,125,INDH
AS602826,2016-2017,Casablanca-Settat,CAS,Urbain,Féminin,Collégial,Restauration scolaire,1598,ONG
AS602827,2019-2020,Marrakech-Safi,MAR,Urbain,Féminin,Collégial,Uniforme,258,MEN
AS602828,2015-2016,Oriental,ORI,Rural,Féminin,Primaire,Restauration scolaire,1795,MEN
AS602829,2023-2024,Oriental,ORI,Rural,Masculin,Primaire,Uniforme,312,MEN
AS602830,2018-2019,Oriental,ORI,Rural,Masculin,Primaire,Uniforme,275,MEN
AS602831,2022-2023,Marrakech-Safi,MAR,Urbain,Féminin,Primaire,Uniforme,239,MEN
AS602832,2015-2016,Béni Mellal-Khénifra,BMK,Rural,Féminin,Primaire,Internat,3598,MEN
AS602833,2020-2021,Casablanca-Settat,CAS,Urbain,Féminin,Collégial,Transport scolaire,1507,MEN
AS602834,2022-2023,Béni Mellal-Khénifra,BMK,Rural,Masculin,Collégial,Cartable,155,Collectivité locale
AS602835,2019-2020,Oriental,ORI,Urbain,Féminin,Collégial,Transport scolaire,1035,MEN
AS602836,2022-2023,Fès-Meknès,FES,Urbain,Masculin,Collégial,Internat,4375,MEN
AS602837,2023-2024,Oriental,ORI,Urbain,Féminin,Collégial,Cartable,180,MEN
AS602838,2015-2016,Rabat-Salé-Kénitra,RAB,Rural,Féminin,Primaire,Restauration scolaire,1819,Don privé
AS602839,2016-2017,Casablanca-Settat,CAS,Rural,Féminin,Primaire,Cartable,134,INDH
AS602840,2017-2018,Béni Mellal-Khénifra,BMK,Urbain,Féminin,Primaire,Internat,3484,MEN
AS602841,2018-2019,Tanger-Tétouan-Al Hoceïma,TAN,Rural,Féminin,Qualifiant,Restauration scolaire,1767,MEN
AS602842,2023-2024,Béni Mellal-Khénifra,BMK,Urbain,Féminin,Primaire,Restauration scolaire,1867,MEN
AS602843,2017-2018,Tanger-Tétouan-Al Hoceïma,TAN,Rural,Féminin,Primaire,Cartable,149,Collectivité locale
AS602844,2017-2018,Fès-Meknès,FES,Rural,Féminin,Primaire,Restauration scolaire,1920,INDH
AS602845,2015-2016,Marrakech-Safi,MAR,Rural,Masculin,Collégial,Cartable,160,MEN
AS602846,2022-2023,Fès-Meknès,FES,Rural,Féminin,Primaire,Internat,2886,MEN
AS602847,2017-2018,Rabat-Salé-Kénitra,RAB,Urbain,Féminin,Primaire,Internat,4191,MEN
AS602848,2023-2024,Tanger-Tétouan-Al Hoceïma,TAN,Urbain,Masculin,Qualifiant,Internat,3945,MEN
AS602849,2016-2017,Fès-Meknès,FES,Rural,Féminin,Primaire,Cartable,145,INDH
AS602850,2020-2021,Fès-Meknès,FES,Urbain,Masculin,Primaire,Cartable,165,Don privé
AS602851,2023-2024,Casablanca-Settat,CAS,Urbain,Masculin,Qualifiant,Fournitures,212,MEN
AS602852,2020-2021,Casablanca-Settat,CAS,Urbain,Masculin,Primaire,Uniforme,211,MEN
AS602853,2018-2019,Casablanca-Settat,CAS,Rural,Féminin,Primaire,Fournitures,182,MEN
AS602854,2019-2020,Marrakech-Safi,MAR,Rural,Masculin,Primaire,Uniforme,275,MEN
AS602855,2017-2018,Oriental,ORI,Rural,Masculin,Primaire,Cartable,145,INDH
AS602856,2023-2024,Tanger-Tétouan-Al Hoceïma,TAN,Rural,Masculin,Qualifiant,Cartable,165,MEN
AS602857,2023-2024,Rabat-Salé-Kénitra,RAB,Urbain,Masculin,Qualifiant,Cartable,174,Collectivité locale
AS602858,2023-2024,Tanger-Tétouan-Al Hoceïma,TAN,Urbain,Masculin,Collégial,Internat,3641,MEN
AS602859,2023-2024,Casablanca-Settat,CAS,Urbain,Masculin,Primaire,Fournitures,191,Collectivité locale
AS602860,2023-2024,Casablanca-Settat,CAS,Rural,Féminin,Qualifiant,Cartable,143,Don privé
AS602861,2019-2020,Oriental,ORI,Urbain,Masculin,Qualifiant,Internat,3373,MEN
AS602862,2022-2023,Casablanca-Settat,CAS,Urbain,Masculin,Collégial,Restauration scolaire,1843,ONG
AS602863,2018-2019,Oriental,ORI,Urbain,Féminin,Qualifiant,Cartable,149,Collectivité locale
AS602864,2016-2017,Fès-Meknès,FES,Rural,Féminin,Collégial,Internat,3908,MEN
AS602865,2023-2024,Béni Mellal-Khénifra,BMK,Rural,Masculin,Primaire,Restauration scolaire,1701,MEN
AS602866,2021-2022,Marrakech-Safi,MAR,Urbain,Masculin,Primaire,Uniforme,253,Don privé
AS602867,2016-2017,Tanger-Tétouan-Al Hoceïma,TAN,Rural,Masculin,Collégial,Restauration scolaire,1825,MEN
AS602868,2019-2020,Casablanca-Settat,CAS,Rural,Masculin,Primaire,Uniforme,246,MEN
AS602869,2017-2018,Casablanca-Settat,CAS,Rural,Masculin,Primaire,Cartable,142,Collectivité locale
AS602870,2018-2019,Béni Mellal-Khénifra,BMK,Urbain,Masculin,Primaire,Restauration scolaire,1520,Don privé
AS602871,2020-2021,Drâa-Tafilalet,DRA,Urbain,Féminin,Primaire,Fournitures,151,MEN
AS602872,2016-2017,Casablanca-Settat,CAS,Rural,Masculin,Qualifiant,Uniforme,289,MEN
AS602873,2016-2017,Rabat-Salé-Kénitra,RAB,Urbain,Féminin,Primaire,Cartable,150,MEN
AS602874,2015-2016,Rabat-Salé-Kénitra,RAB,Urbain,Féminin,Primaire,Internat,3020,Don privé
AS602875,2015-2016,Casablanca-Settat,CAS,Urbain,Féminin,Collégial,Fournitures,232,ONG
AS602876,2022-2023,Oriental,ORI,Rural,Masculin,Primaire,Restauration scolaire,1486,MEN
AS602877,2019-2020,Tanger-Tétouan-Al Hoceïma,TAN,Rural,Féminin,Qualifiant,Uniforme,280,MEN
AS602878,2021-2022,Tanger-Tétouan-Al Hoceïma,TAN,Urbain,Masculin,Primaire,Restauration scolaire,1587,MEN
AS602879,2020-2021,Fès-Meknès,FES,Rural,Féminin,Primaire,Cartable,167,INDH
AS602880,2017-2018,Marrakech-Safi,MAR,Urbain,Féminin,Primaire,Transport scolaire,1326,MEN
AS602881,2021-2022,Tanger-Tétouan-Al Hoceïma,TAN,Rural,Féminin,Collégial,Internat,3957,MEN
AS602882,2022-2023,Rabat-Salé-Kénitra,RAB,Urbain,Féminin,Primaire,Fournitures,196,MEN
AS602883,2017-2018,Béni Mellal-Khénifra,BMK,Rural,Féminin,Primaire,Cartable,158,ONG
AS602884,2016-2017,Casablanca-Settat,CAS,Rural,Masculin,Collégial,Restauration scolaire,1878,Collectivité locale
AS602885,2020-2021,Oriental,ORI,Rural,Féminin,Primaire,Restauration scolaire,2158,MEN
AS602886,2016-2017,Casablanca-Settat,CAS,Rural,Féminin,Collégial,Internat,3625,MEN
AS602887,2018-2019,Casablanca-Settat,CAS,Urbain,Féminin,Primaire,Cartable,153,INDH
AS602888,2019-2020,Casablanca-Settat,CAS,Urbain,Féminin,Collégial,Cartable,139,INDH
AS602889,2020-2021,Rabat-Salé-Kénitra,RAB,Rural,Masculin,Qualifiant,Internat,4321,Don privé
AS602890,2016-2017,Béni Mellal-Khénifra,BMK,Urbain,Féminin,Qualifiant,Transport scolaire,918,MEN
AS602891,2022-2023,Fès-Meknès,FES,Rural,Féminin,Primaire,Uniforme,283,MEN
AS602892,2017-2018,Tanger-Tétouan-Al Hoceïma,TAN,Urbain,Masculin,Primaire,Restauration scolaire,1832,INDH
AS602893,2016-2017,Tanger-Tétouan-Al Hoceïma,TAN,Rural,Masculin,Primaire,Internat,3344,MEN
AS602894,2022-2023,Béni Mellal-Khénifra,BMK,Rural,Féminin,Primaire,Internat,3391,INDH
AS602895,2021-2022,Fès-Meknès,FES,Rural,Masculin,Primaire,Cartable,174,MEN
AS602896,2019-2020,Rabat-Salé-Kénitra,RAB,Urbain,Féminin,Primaire,Cartable,155,MEN
AS602897,2016-2017,Rabat-Salé-Kénitra,RAB,Urbain,Féminin,Collégial,Cartable,170,MEN
AS602898,2021-2022,Rabat-Salé-Kénitra,RAB,Rural,Féminin,Primaire,Cartable,172,MEN
AS602899,2018-2019,Tanger-Tétouan-Al Hoceïma,TAN,Rural,Féminin,Primaire,Transport scolaire,1078,MEN
AS602900,2017-2018,Casablanca-Settat,CAS,Urbain,Masculin,Primaire,Cartable,165,MEN
AS602901,2016-2017,Casablanca-Settat,CAS,Rural,Féminin,Primaire,Cartable,173,MEN
AS602902,2022-2023,Tanger-Tétouan-Al Hoceïma,TAN,Rural,Féminin,Qualifiant,Internat,3025,MEN
AS602903,2019-2020,Marrakech-Safi,MAR,Urbain,Masculin,Primaire,Uniforme,247,MEN
AS602904,2021-2022,Tanger-Tétouan-Al Hoceïma,TAN,Urbain,Féminin,Primaire,Restauration scolaire,1834,MEN
AS602905,2022-2023,Casablanca-Settat,CAS,Rural,Féminin,Primaire,Cartable,145,MEN
AS602906,2017-2018,Béni Mellal-Khénifra,BMK,Urbain,Féminin,Collégial,Cartable,186,MEN
AS602907,2022-2023,Marrakech-Safi,MAR,Rural,Masculin,Qualifiant,Transport scolaire,1170,Collectivité locale
AS602908,2018-2019,Tanger-Tétouan-Al Hoceïma,TAN,Rural,Masculin,Primaire,Cartable,176,ONG
AS602909,2022-2023,Fès-Meknès,FES,Rural,Masculin,Collégial,Transport scolaire,1085,MEN
AS602910,2020-2021,Rabat-Salé-Kénitra,RAB,Rural,Féminin,Primaire,Cartable,153,Collectivité locale
AS602911,2021-2022,Oriental,ORI,Rural,Féminin,Qualifiant,Uniforme,217,MEN
AS602912,2021-2022,Tanger-Tétouan-Al Hoceïma,TAN,Rural,Masculin,Collégial,Cartable,173,MEN
AS602913,2019-2020,Béni Mellal-Khénifra,BMK,Rural,Masculin,Primaire,Uniforme,263,INDH
AS602914,2021-2022,Dakhla-Oued Eddahab,DAK,Urbain,Féminin,Primaire,Restauration scolaire,2051,INDH
AS602915,2020-2021,Casablanca-Settat,CAS,Rural,Masculin,Collégial,Internat,3904,MEN
AS602916,2019-2020,Tanger-Tétouan-Al Hoceïma,TAN,Rural,Féminin,Primaire,Internat,3480,INDH
AS602917,2019-2020,Casablanca-Settat,CAS,Rural,Féminin,Primaire,Transport scolaire,1313,Collectivité locale
AS602918,2015-2016,Fès-Meknès,FES,Urbain,Masculin,Qualifiant,Cartable,197,Collectivité locale
AS602919,2016-2017,Souss-Massa,SOU,Rural,Féminin,Collégial,Uniforme,343,ONG
AS602920,2021-2022,Rabat-Salé-Kénitra,RAB,Rural,Féminin,Primaire,Cartable,129,MEN
AS602921,2017-2018,Béni Mellal-Khénifra,BMK,Rural,Féminin,Primaire,Cartable,143,MEN
AS602922,2017-2018,Casablanca-Settat,CAS,Urbain,Masculin,Primaire,Uniforme,232,MEN
AS602923,2019-2020,Oriental,ORI,Rural,Féminin,Collégial,Cartable,163,MEN
AS602924,2021-2022,Casablanca-Settat,CAS,Rural,Masculin,Primaire,Restauration scolaire,1837,ONG
AS602925,2022-2023,Tanger-Tétouan-Al Hoceïma,TAN,Urbain,Féminin,Collégial,Uniforme,313,MEN
AS602926,2023-2024,Casablanca-Settat,CAS,Urbain,Féminin,Primaire,Restauration scolaire,1937,MEN
AS602927,2022-2023,Rabat-Salé-Kénitra,RAB,Urbain,Féminin,Collégial,Cartable,160,INDH
AS602928,2021-2022,Souss-Massa,SOU,Urbain,Masculin,Qualifiant,Cartable,158,MEN
AS602929,2019-2020,Casablanca-Settat,CAS,Urbain,Masculin,Primaire,Fournitures,209,Collectivité locale
AS602930,2016-2017,Marrakech-Safi,MAR,Urbain,Masculin,Primaire,Restauration scolaire,1908,MEN
AS602931,2022-2023,Casablanca-Settat,CAS,Urbain,Masculin,Collégial,Restauration scolaire,2071,INDH
AS602932,2023-2024,Oriental,ORI,Rural,Féminin,Collégial,Restauration scolaire,1932,MEN
AS602933,2015-2016,Tanger-Tétouan-Al Hoceïma,TAN,Urbain,Masculin,Primaire,Cartable,174,INDH
AS602934,2017-2018,Casablanca-Settat,CAS,Urbain,Féminin,Primaire,Restauration scolaire,1542,MEN
AS602935,2018-2019,Drâa-Tafilalet,DRA,Rural,Féminin,Primaire,Internat,3759,MEN
AS602936,2015-2016,Tanger-Tétouan-Al Hoceïma,TAN,Urbain,Masculin,Qualifiant,Cartable,161,Don privé
AS602937,2023-2024,Casablanca-Settat,CAS,Urbain,Féminin,Primaire,Transport scolaire,1056,MEN
AS602938,2020-2021,Fès-Meknès,FES,Rural,Féminin,Collégial,Internat,3796,MEN
AS602939,2019-2020,Tanger-Tétouan-Al Hoceïma,TAN,Rural,Féminin,Collégial,Restauration scolaire,1828,MEN
AS602940,2020-2021,Casablanca-Settat,CAS,Rural,Masculin,Qualifiant,Cartable,160,MEN
AS602941,2020-2021,Tanger-Tétouan-Al Hoceïma,TAN,Rural,Féminin,Collégial,Cartable,187,INDH
AS602942,2020-2021,Béni Mellal-Khénifra,BMK,Urbain,Masculin,Collégial,Cartable,158,MEN
AS602943,2022-2023,Fès-Meknès,FES,Rural,Masculin,Primaire,Cartable,132,MEN
AS602944,2023-2024,Casablanca-Settat,CAS,Urbain,Masculin,Collégial,Restauration scolaire,2025,MEN
AS602945,2023-2024,Rabat-Salé-Kénitra,RAB,Rural,Féminin,Primaire,Transport scolaire,1544,MEN
AS602946,2019-2020,Casablanca-Settat,CAS,Rural,Féminin,Primaire,Restauration scolaire,1933,MEN
AS602947,2017-2018,Rabat-Salé-Kénitra,RAB,Rural,Féminin,Primaire,Cartable,158,MEN
AS602948,2022-2023,Casablanca-Settat,CAS,Rural,Masculin,Collégial,Restauration scolaire,1852,Collectivité locale
AS602949,2021-2022,Souss-Massa,SOU,Urbain,Féminin,Primaire,Internat,3661,MEN
AS602950,2019-2020,Fès-Meknès,FES,Urbain,Masculin,Qualifiant,Restauration scolaire,1893,INDH
AS602951,2021-2022,Casablanca-Settat,CAS,Rural,Masculin,Qualifiant,Transport scolaire,1234,MEN
AS602952,2023-2024,Fès-Meknès,FES,Urbain,Masculin,Primaire,Cartable,163,Collectivité locale
AS602953,2023-2024,Casablanca-Settat,CAS,Rural,Féminin,Collégial,Cartable,193,MEN
AS602954,2017-2018,Tanger-Tétouan-Al Hoceïma,TAN,Rural,Masculin,Primaire,Cartable,141,INDH
AS602955,2015-2016,Oriental,ORI,Urbain,Féminin,Primaire,Uniforme,306,MEN
AS602956,2022-2023,Fès-Meknès,FES,Urbain,Féminin,Primaire,Internat,3269,MEN
AS602957,2022-2023,Casablanca-Settat,CAS,Urbain,Masculin,Collégial,Restauration scolaire,1573,MEN
AS602958,2018-2019,Tanger-Tétouan-Al Hoceïma,TAN,Rural,Masculin,Primaire,Fournitures,208,INDH
AS602959,2016-2017,Casablanca-Settat,CAS,Rural,Féminin,Collégial,Cartable,181,Collectivité locale
AS602960,2020-2021,Fès-Meknès,FES,Urbain,Féminin,Primaire,Uniforme,306,INDH
AS602961,2017-2018,Souss-Massa,SOU,Rural,Masculin,Collégial,Cartable,172,MEN
AS602962,2015-2016,Fès-Meknès,FES,Rural,Féminin,Primaire,Restauration scolaire,1803,MEN
AS602963,2015-2016,Guelmim-Oued Noun,GUE,Rural,Féminin,Collégial,Restauration scolaire,1713,MEN
AS602964,2017-2018,Oriental,ORI,Urbain,Féminin,Primaire,Transport scolaire,1143,Collectivité locale
AS602965,2020-2021,Oriental,ORI,Urbain,Féminin,Primaire,Restauration scolaire,1692,MEN
AS602966,2018-2019,Oriental,ORI,Rural,Masculin,Primaire,Cartable,178,Collectivité locale
AS602967,2023-2024,Marrakech-Safi,MAR,Urbain,Féminin,Primaire,Cartable,150,MEN
AS602968,2016-2017,Casablanca-Settat,CAS,Rural,Masculin,Collégial,Cartable,191,MEN
AS602969,2019-2020,Béni Mellal-Khénifra,BMK,Urbain,Féminin,Qualifiant,Cartable,146,INDH
AS602970,2022-2023,Tanger-Tétouan-Al Hoceïma,TAN,Rural,Féminin,Collégial,Cartable,161,MEN
AS602971,2021-2022,Rabat-Salé-Kénitra,RAB,Rural,Masculin,Collégial,Fournitures,198,MEN
AS602972,2022-2023,Tanger-Tétouan-Al Hoceïma,TAN,Rural,Masculin,Collégial,Uniforme,290,INDH
AS602973,2021-2022,Fès-Meknès,FES,Rural,Féminin,Primaire,Restauration scolaire,2034,MEN
AS602974,2023-2024,Rabat-Salé-Kénitra,RAB,Urbain,Féminin,Collégial,Transport scolaire,1296,MEN
AS602975,2023-2024,Marrakech-Safi,MAR,Rural,Féminin,Primaire,Cartable,150,INDH
AS602976,2017-2018,Marrakech-Safi,MAR,Rural,Féminin,Collégial,Transport scolaire,1034,MEN
AS602977,2022-2023,Casablanca-Settat,CAS,Urbain,Féminin,Primaire,Uniforme,246,MEN
AS602978,2022-2023,Tanger-Tétouan-Al Hoceïma,TAN,Urbain,Féminin,Collégial,Uniforme,300,Don privé
AS602979,2021-2022,Béni Mellal-Khénifra,BMK,Rural,Féminin,Collégial,Restauration scolaire,1739,MEN
AS602980,2023-2024,Casablanca-Settat,CAS,Rural,Féminin,Qualifiant,Uniforme,282,INDH
AS602981,2018-2019,Dakhla-Oued Eddahab,DAK,Rural,Masculin,Primaire,Cartable,159,ONG
AS602982,2015-2016,Rabat-Salé-Kénitra,RAB,Rural,Masculin,Primaire,Internat,3224,MEN
AS602983,2017-2018,Tanger-Tétouan-Al Hoceïma,TAN,Urbain,Féminin,Qualifiant,Cartable,159,MEN
AS602984,2022-2023,Rabat-Salé-Kénitra,RAB,Urbain,Masculin,Qualifiant,Restauration scolaire,2057,MEN
AS602985,2018-2019,Drâa-Tafilalet,DRA,Rural,Féminin,Collégial,Fournitures,175,INDH
AS602986,2016-2017,Rabat-Salé-Kénitra,RAB,Rural,Masculin,Qualifiant,Fournitures,176,Don privé
AS602987,2018-2019,Drâa-Tafilalet,DRA,Urbain,Masculin,Qualifiant,Cartable,167,Don privé
AS602988,2022-2023,Marrakech-Safi,MAR,Rural,Masculin,Primaire,Fournitures,193,MEN
AS602989,2016-2017,Rabat-Salé-Kénitra,RAB,Rural,Féminin,Collégial,Restauration scolaire,1507,Don privé
AS602990,2018-2019,Marrakech-Safi,MAR,Urbain,Féminin,Primaire,Fournitures,223,INDH
AS602991,2016-2017,Drâa-Tafilalet,DRA,Rural,Masculin,Primaire,Internat,3521,Collectivité locale
AS602992,2019-2020,Tanger-Tétouan-Al Hoceïma,TAN,Urbain,Masculin,Primaire,Uniforme,243,INDH
AS602993,2022-2023,Casablanca-Settat,CAS,Rural,Masculin,Collégial,Cartable,170,INDH
AS602994,2019-2020,Béni Mellal-Khénifra,BMK,Urbain,Masculin,Primaire,Restauration scolaire,2230,MEN
AS602995,2019-2020,Casablanca-Settat,CAS,Urbain,Masculin,Qualifiant,Internat,3746,ONG
AS602996,2019-2020,Tanger-Tétouan-Al Hoceïma,TAN,Urbain,Féminin,Collégial,Cartable,171,MEN
AS602997,2015-2016,Casablanca-Settat,CAS,Urbain,Masculin,Primaire,Internat,3871,MEN
AS602998,2023-2024,Tanger-Tétouan-Al Hoceïma,TAN,Rural,Masculin,Collégial,Cartable,178,MEN
AS602999,2015-2016,Rabat-Salé-Kénitra,RAB,Urbain,Masculin,Primaire,Restauration scolaire,1207,ONG
AS603000,2015-2016,Casablanca-Settat,CAS,Rural,Féminin,Primaire,Internat,3567,MEN
AS603001,2016-2017,Tanger-Tétouan-Al Hoceïma,TAN,Rural,Féminin,Qualifiant,Cartable,169,INDH
AS603002,2022-2023,Fès-Meknès,FES,Rural,Féminin,Qualifiant,Fournitures,205,MEN
AS603003,2023-2024,Béni Mellal-Khénifra,BMK,Rural,Masculin,Primaire,Cartable,141,MEN
AS603004,2022-2023,Casablanca-Settat,CAS,Urbain,Féminin,Primaire,Fournitures,183,Collectivité locale
AS603005,2019-2020,Béni Mellal-Khénifra,BMK,Rural,Masculin,Collégial,Fournitures,194,INDH
AS603006,2021-2022,Tanger-Tétouan-Al Hoceïma,TAN,Rural,Féminin,Primaire,Cartable,152,MEN
AS603007,2017-2018,Laâyoune-Sakia El Hamra,LAA,Rural,Féminin,Qualifiant,Restauration scolaire,1373,Don privé
AS603008,2019-2020,Rabat-Salé-Kénitra,RAB,Urbain,Masculin,Primaire,Restauration scolaire,1654,MEN
AS603009,2022-2023,Marrakech-Safi,MAR,Rural,Féminin,Primaire,Transport scolaire,1044,MEN
AS603010,2021-2022,Marrakech-Safi,MAR,Rural,Féminin,Collégial,Cartable,143,MEN
AS603011,2021-2022,Casablanca-Settat,CAS,Rural,Féminin,Collégial,Internat,4038,MEN
AS603012,2020-2021,Marrakech-Safi,MAR,Rural,Féminin,Collégial,Cartable,138,MEN
AS603013,2016-2017,Rabat-Salé-Kénitra,RAB,Urbain,Féminin,Collégial,Cartable,169,MEN
AS603014,2020-2021,Fès-Meknès,FES,Rural,Féminin,Primaire,Internat,3889,MEN
AS603015,2018-2019,Casablanca-Settat,CAS,Urbain,Masculin,Primaire,Restauration scolaire,1984,Collectivité locale
AS603016,2021-2022,Béni Mellal-Khénifra,BMK,Urbain,Féminin,Collégial,Restauration scolaire,1591,MEN
AS603017,2019-2020,Rabat-Salé-Kénitra,RAB,Rural,Féminin,Qualifiant,Cartable,161,Collectivité locale
AS603018,2023-2024,Drâa-Tafilalet,DRA,Rural,Féminin,Primaire,Cartable,136,ONG
AS603019,2022-2023,Fès-Meknès,FES,Rural,Masculin,Primaire,Uniforme,308,MEN
AS603020,2022-2023,Casablanca-Settat,CAS,Rural,Masculin,Qualifiant,Cartable,170,MEN
AS603021,2017-2018,Fès-Meknès,FES,Rural,Féminin,Primaire,Cartable,153,INDH
AS603022,2019-2020,Rabat-Salé-Kénitra,RAB,Urbain,Masculin,Primaire,Cartable,164,INDH
AS603023,2018-2019,Tanger-Tétouan-Al Hoceïma,TAN,Urbain,Féminin,Primaire,Transport scolaire,1308,ONG
AS603024,2017-2018,Drâa-Tafilalet,DRA,Urbain,Féminin,Collégial,Internat,3349,ONG
AS603025,2020-2021,Béni Mellal-Khénifra,BMK,Rural,Masculin,Qualifiant,Internat,3593,ONG
AS603026,2019-2020,Casablanca-Settat,CAS,Rural,Féminin,Qualifiant,Internat,3878,INDH
AS603027,2019-2020,Marrakech-Safi,MAR,Urbain,Féminin,Collégial,Internat,2875,MEN
AS603028,2018-2019,Fès-Meknès,FES,Urbain,Féminin,Collégial,Transport scolaire,1170,MEN
AS603029,2020-2021,Casablanca-Settat,CAS,Rural,Féminin,Collégial,Internat,2890,Collectivité locale
AS603030,2019-2020,Marrakech-Safi,MAR,Rural,Masculin,Collégial,Transport scolaire,1312,MEN
AS603031,2015-2016,Casablanca-Settat,CAS,Urbain,Masculin,Primaire,Cartable,165,INDH
AS603032,2022-2023,Casablanca-Settat,CAS,Rural,Féminin,Collégial,Transport scolaire,1095,INDH
AS603033,2021-2022,Guelmim-Oued Noun,GUE,Rural,Féminin,Primaire,Transport scolaire,1092,Collectivité locale
AS603034,2021-2022,Fès-Meknès,FES,Rural,Féminin,Primaire,Fournitures,215,Don privé
AS603035,2015-2016,Béni Mellal-Khénifra,BMK,Rural,Masculin,Primaire,Restauration scolaire,1670,Collectivité locale
AS603036,2019-2020,Rabat-Salé-Kénitra,RAB,Urbain,Masculin,Qualifiant,Cartable,159,MEN
AS603037,2015-2016,Casablanca-Settat,CAS,Rural,Féminin,Primaire,Cartable,160,ONG
AS603038,2019-2020,Casablanca-Settat,CAS,Urbain,Masculin,Collégial,Cartable,168,MEN
AS603039,2021-2022,Casablanca-Settat,CAS,Rural,Masculin,Primaire,Restauration scolaire,1853,INDH
AS603040,2017-2018,Oriental,ORI,Rural,Féminin,Primaire,Internat,3715,INDH
AS603041,2019-2020,Casablanca-Settat,CAS,Rural,Féminin,Collégial,Cartable,156,MEN
AS603042,2023-2024,Casablanca-Settat,CAS,Urbain,Masculin,Primaire,Transport scolaire,1158,MEN
AS603043,2017-2018,Marrakech-Safi,MAR,Urbain,Masculin,Collégial,Fournitures,257,MEN
AS603044,2020-2021,Fès-Meknès,FES,Rural,Masculin,Qualifiant,Fournitures,204,MEN
AS603045,2021-2022,Marrakech-Safi,MAR,Rural,Féminin,Qualifiant,Restauration scolaire,1605,MEN
AS603046,2020-2021,Casablanca-Settat,CAS,Urbain,Féminin,Qualifiant,Internat,3548,INDH
AS603047,2016-2017,Fès-Meknès,FES,Urbain,Féminin,Primaire,Internat,2977,Don privé
AS603048,2022-2023,Casablanca-Settat,CAS,Rural,Féminin,Primaire,Restauration scolaire,1780,INDH
AS603049,2023-2024,Marrakech-Safi,MAR,Rural,Masculin,Qualifiant,Cartable,158,INDH
AS603050,2022-2023,Rabat-Salé-Kénitra,RAB,Urbain,Masculin,Collégial,Uniforme,307,MEN
AS603051,2019-2020,Marrakech-Safi,MAR,Urbain,Masculin,Collégial,Cartable,145,MEN
AS603052,2017-2018,Marrakech-Safi,MAR,Urbain,Masculin,Primaire,Cartable,141,INDH
AS603053,2015-2016,Rabat-Salé-Kénitra,RAB,Urbain,Féminin,Primaire,Restauration scolaire,1389,MEN
AS603054,2018-2019,Fès-Meknès,FES,Urbain,Féminin,Primaire,Transport scolaire,1165,INDH
AS603055,2017-2018,Guelmim-Oued Noun,GUE,Urbain,Masculin,Qualifiant,Cartable,137,Collectivité locale
AS603056,2018-2019,Drâa-Tafilalet,DRA,Urbain,Masculin,Primaire,Internat,3807,INDH
AS603057,2022-2023,Casablanca-Settat,CAS,Rural,Masculin,Collégial,Restauration scolaire,2072,MEN
AS603058,2018-2019,Casablanca-Settat,CAS,Rural,Féminin,Collégial,Internat,3403,MEN
AS603059,2016-2017,Laâyoune-Sakia El Hamra,LAA,Rural,Féminin,Primaire,Internat,3537,MEN
AS603060,2022-2023,Drâa-Tafilalet,DRA,Rural,Masculin,Collégial,Transport scolaire,1227,ONG
AS603061,2021-2022,Casablanca-Settat,CAS,Urbain,Masculin,Primaire,Restauration scolaire,1885,MEN
AS603062,2015-2016,Casablanca-Settat,CAS,Urbain,Masculin,Primaire,Transport scolaire,1239,MEN
AS603063,2016-2017,Tanger-Tétouan-Al Hoceïma,TAN,Rural,Masculin,Qualifiant,Restauration scolaire,1485,MEN
AS603064,2015-2016,Béni Mellal-Khénifra,BMK,Urbain,Masculin,Primaire,Cartable,191,MEN
AS603065,2020-2021,Marrakech-Safi,MAR,Urbain,Masculin,Qualifiant,Restauration scolaire,1823,Collectivité locale
AS603066,2023-2024,Marrakech-Safi,MAR,Rural,Féminin,Collégial,Transport scolaire,1093,MEN
AS603067,2018-2019,Rabat-Salé-Kénitra,RAB,Rural,Masculin,Collégial,Internat,3616,MEN
AS603068,2021-2022,Fès-Meknès,FES,Rural,Masculin,Collégial,Transport scolaire,1215,MEN
AS603069,2016-2017,Béni Mellal-Khénifra,BMK,Urbain,Masculin,Primaire,Uniforme,259,MEN
AS603070,2017-2018,Fès-Meknès,FES,Urbain,Masculin,Collégial,Transport scolaire,1235,Collectivité locale
AS603071,2021-2022,Tanger-Tétouan-Al Hoceïma,TAN,Urbain,Masculin,Primaire,Cartable,134,Collectivité locale
AS603072,2016-2017,Fès-Meknès,FES,Rural,Masculin,Primaire,Cartable,155,Don privé
AS603073,2018-2019,Souss-Massa,SOU,Rural,Féminin,Collégial,Cartable,128,MEN
AS603074,2019-2020,Souss-Massa,SOU,Rural,Féminin,Qualifiant,Uniforme,292,MEN
AS603075,2015-2016,Drâa-Tafilalet,DRA,Rural,Féminin,Primaire,Transport scolaire,1135,Collectivité locale
AS603076,2015-2016,Béni Mellal-Khénifra,BMK,Rural,Masculin,Collégial,Cartable,181,MEN
AS603077,2020-2021,Souss-Massa,SOU,Urbain,Féminin,Collégial,Uniforme,294,MEN
AS603078,2017-2018,Souss-Massa,SOU,Rural,Masculin,Collégial,Transport scolaire,1213,INDH
AS603079,2017-2018,Casablanca-Settat,CAS,Urbain,Féminin,Collégial,Internat,3578,MEN
AS603080,2022-2023,Casablanca-Settat,CAS,Rural,Masculin,Primaire,Transport scolaire,1150,MEN
AS603081,2016-2017,Oriental,ORI,Rural,Masculin,Collégial,Transport scolaire,1228,INDH
AS603082,2022-2023,Casablanca-Settat,CAS,Rural,Masculin,Qualifiant,Cartable,160,ONG
AS603083,2018-2019,Oriental,ORI,Rural,Féminin,Primaire,Cartable,150,MEN
AS603084,2017-2018,Marrakech-Safi,MAR,Urbain,Féminin,Collégial,Restauration scolaire,1394,MEN
AS603085,2022-2023,Oriental,ORI,Urbain,Féminin,Primaire,Uniforme,265,ONG
AS603086,2019-2020,Tanger-Tétouan-Al Hoceïma,TAN,Rural,Féminin,Collégial,Restauration scolaire,1824,MEN
AS603087,2020-2021,Casablanca-Settat,CAS,Rural,Masculin,Collégial,Cartable,162,INDH
AS603088,2015-2016,Casablanca-Settat,CAS,Rural,Masculin,Primaire,Cartable,174,Collectivité locale
AS603089,2017-2018,Tanger-Tétouan-Al Hoceïma,TAN,Rural,Féminin,Collégial,Uniforme,308,MEN
AS603090,2018-2019,Casablanca-Settat,CAS,Urbain,Masculin,Collégial,Cartable,155,MEN
AS603091,2018-2019,Drâa-Tafilalet,DRA,Urbain,Masculin,Collégial,Cartable,178,MEN
AS603092,2018-2019,Béni Mellal-Khénifra,BMK,Urbain,Féminin,Primaire,Transport scolaire,1100,MEN
AS603093,2021-2022,Rabat-Salé-Kénitra,RAB,Rural,Masculin,Collégial,Transport scolaire,980,Don privé
AS603094,2015-2016,Tanger-Tétouan-Al Hoceïma,TAN,Rural,Féminin,Primaire,Cartable,160,ONG
AS603095,2016-2017,Marrakech-Safi,MAR,Rural,Masculin,Qualifiant,Cartable,134,MEN
AS603096,2019-2020,Casablanca-Settat,CAS,Urbain,Féminin,Collégial,Cartable,169,Collectivité locale
AS603097,2020-2021,Béni Mellal-Khénifra,BMK,Urbain,Féminin,Primaire,Restauration scolaire,1516,MEN
AS603098,2015-2016,Casablanca-Settat,CAS,Urbain,Féminin,Qualifiant,Restauration scolaire,1902,MEN
AS603099,2018-2019,Rabat-Salé-Kénitra,RAB,Rural,Féminin,Collégial,Uniforme,322,Collectivité locale
AS603100,2017-2018,Casablanca-Settat,CAS,Urbain,Masculin,Qualifiant,Restauration scolaire,1934,MEN
AS603101,2018-2019,Rabat-Salé-Kénitra,RAB,Urbain,Masculin,Primaire,Internat,3679,MEN
AS603102,2020-2021,Souss-Massa,SOU,Rural,Masculin,Primaire,Uniforme,258,MEN
AS603103,2018-2019,Casablanca-Settat,CAS,Urbain,Masculin,Collégial,Fournitures,211,Don privé
AS603104,2018-2019,Casablanca-Settat,CAS,Rural,Féminin,Qualifiant,Restauration scolaire,1910,MEN
AS603105,2016-2017,Casablanca-Settat,CAS,Urbain,Masculin,Collégial,Fournitures,194,INDH
AS603106,2020-2021,Oriental,ORI,Rural,Masculin,Collégial,Restauration scolaire,1749,ONG
AS603107,2017-2018,Drâa-Tafilalet,DRA,Urbain,Masculin,Collégial,Uniforme,250,MEN
AS603108,2018-2019,Guelmim-Oued Noun,GUE,Rural,Masculin,Primaire,Restauration scolaire,1742,ONG
AS603109,2021-2022,Drâa-Tafilalet,DRA,Rural,Masculin,Qualifiant,Uniforme,238,MEN
AS603110,2015-2016,Casablanca-Settat,CAS,Urbain,Masculin,Collégial,Uniforme,259,MEN
AS603111,2018-2019,Marrakech-Safi,MAR,Urbain,Masculin,Collégial,Uniforme,285,MEN
AS603112,2016-2017,Casablanca-Settat,CAS,Rural,Féminin,Primaire,Transport scolaire,1012,ONG
AS603113,2017-2018,Marrakech-Safi,MAR,Rural,Masculin,Collégial,Internat,3455,MEN
AS603114,2022-2023,Rabat-Salé-Kénitra,RAB,Rural,Féminin,Primaire,Uniforme,240,Collectivité locale
AS603115,2023-2024,Oriental,ORI,Urbain,Masculin,Primaire,Restauration scolaire,1586,MEN
AS603116,2016-2017,Rabat-Salé-Kénitra,RAB,Urbain,Masculin,Primaire,Fournitures,205,INDH
AS603117,2016-2017,Fès-Meknès,FES,Urbain,Féminin,Primaire,Transport scolaire,1146,INDH
AS603118,2019-2020,Souss-Massa,SOU,Urbain,Masculin,Collégial,Cartable,171,MEN
AS603119,2017-2018,Marrakech-Safi,MAR,Urbain,Masculin,Qualifiant,Cartable,166,MEN
AS603120,2016-2017,Drâa-Tafilalet,DRA,Urbain,Féminin,Collégial,Transport scolaire,1298,MEN
AS603121,2019-2020,Béni Mellal-Khénifra,BMK,Rural,Masculin,Primaire,Cartable,173,MEN
AS603122,2018-2019,Béni Mellal-Khénifra,BMK,Rural,Féminin,Collégial,Internat,3433,MEN
AS603123,2020-2021,Marrakech-Safi,MAR,Rural,Masculin,Qualifiant,Transport scolaire,997,INDH
AS603124,2023-2024,Souss-Massa,SOU,Rural,Masculin,Collégial,Fournitures,228,INDH
AS603125,2023-2024,Rabat-Salé-Kénitra,RAB,Rural,Féminin,Primaire,Restauration scolaire,1699,ONG
AS603126,2019-2020,Marrakech-Safi,MAR,Rural,Féminin,Collégial,Internat,3554,MEN
AS603127,2017-2018,Guelmim-Oued Noun,GUE,Rural,Féminin,Collégial,Cartable,185,MEN
AS603128,2018-2019,Tanger-Tétouan-Al Hoceïma,TAN,Rural,Masculin,Collégial,Internat,3869,MEN
AS603129,2021-2022,Casablanca-Settat,CAS,Rural,Masculin,Primaire,Restauration scolaire,1589,INDH
AS603130,2016-2017,Casablanca-Settat,CAS,Rural,Masculin,Primaire,Fournitures,195,ONG
AS603131,2017-2018,Guelmim-Oued Noun,GUE,Urbain,Masculin,Primaire,Uniforme,265,MEN
AS603132,2021-2022,Guelmim-Oued Noun,GUE,Rural,Masculin,Primaire,Transport scolaire,1510,MEN
AS603133,2020-2021,Tanger-Tétouan-Al Hoceïma,TAN,Urbain,Masculin,Collégial,Restauration scolaire,2021,MEN
AS603134,2015-2016,Rabat-Salé-Kénitra,RAB,Urbain,Féminin,Collégial,Cartable,153,Collectivité locale
AS603135,2021-2022,Béni Mellal-Khénifra,BMK,Rural,Féminin,Collégial,Fournitures,191,INDH
AS603136,2017-2018,Rabat-Salé-Kénitra,RAB,Urbain,Féminin,Primaire,Cartable,139,Don privé
AS603137,2021-2022,Souss-Massa,SOU,Urbain,Masculin,Primaire,Cartable,159,MEN
AS603138,2020-2021,Fès-Meknès,FES,Rural,Masculin,Primaire,Restauration scolaire,1727,MEN
AS603139,2018-2019,Béni Mellal-Khénifra,BMK,Rural,Féminin,Qualifiant,Fournitures,210,INDH
AS603140,2017-2018,Rabat-Salé-Kénitra,RAB,Urbain,Féminin,Collégial,Transport scolaire,1118,MEN
AS603141,2020-2021,Casablanca-Settat,CAS,Rural,Féminin,Qualifiant,Cartable,167,MEN
AS603142,2017-2018,Souss-Massa,SOU,Rural,Féminin,Primaire,Uniforme,279,MEN
AS603143,2017-2018,Drâa-Tafilalet,DRA,Urbain,Masculin,Collégial,Restauration scolaire,1745,Don privé
AS603144,2022-2023,Oriental,ORI,Rural,Féminin,Qualifiant,Transport scolaire,1032,MEN
AS603145,2019-2020,Fès-Meknès,FES,Rural,Masculin,Primaire,Transport scolaire,966,ONG
AS603146,2019-2020,Souss-Massa,SOU,Urbain,Féminin,Collégial,Cartable,155,Don privé
AS603147,2023-2024,Tanger-Tétouan-Al Hoceïma,TAN,Rural,Féminin,Qualifiant,Restauration scolaire,1634,Collectivité locale
AS603148,2017-2018,Fès-Meknès,FES,Urbain,Féminin,Collégial,Transport scolaire,1268,INDH
AS603149,2017-2018,Béni Mellal-Khénifra,BMK,Rural,Féminin,Primaire,Cartable,179,MEN
AS603150,2020-2021,Souss-Massa,SOU,Urbain,Féminin,Primaire,Transport scolaire,1169,MEN
AS603151,2016-2017,Fès-Meknès,FES,Rural,Masculin,Collégial,Cartable,134,Don privé
AS603152,2016-2017,Guelmim-Oued Noun,GUE,Urbain,Féminin,Qualifiant,Transport scolaire,1111,MEN
AS603153,2021-2022,Marrakech-Safi,MAR,Rural,Masculin,Collégial,Fournitures,208,MEN
AS603154,2018-2019,Casablanca-Settat,CAS,Urbain,Masculin,Primaire,Transport scolaire,1196,MEN
AS603155,2015-2016,Oriental,ORI,Urbain,Féminin,Collégial,Cartable,141,MEN
AS603156,2016-2017,Casablanca-Settat,CAS,Rural,Masculin,Primaire,Cartable,157,INDH
AS603157,2018-2019,Béni Mellal-Khénifra,BMK,Urbain,Féminin,Primaire,Restauration scolaire,1893,MEN
AS603158,2015-2016,Casablanca-Settat,CAS,Rural,Féminin,Primaire,Restauration scolaire,1804,MEN
AS603159,2015-2016,Oriental,ORI,Urbain,Féminin,Primaire,Cartable,154,MEN
AS603160,2018-2019,Casablanca-Settat,CAS,Rural,Masculin,Primaire,Cartable,160,MEN
AS603161,2016-2017,Casablanca-Settat,CAS,Rural,Masculin,Primaire,Internat,3547,MEN
AS603162,2015-2016,Drâa-Tafilalet,DRA,Rural,Féminin,Collégial,Restauration scolaire,1802,Collectivité locale
AS603163,2016-2017,Souss-Massa,SOU,Urbain,Masculin,Primaire,Restauration scolaire,1699,INDH
AS603164,2015-2016,Tanger-Tétouan-Al Hoceïma,TAN,Urbain,Masculin,Primaire,Cartable,159,INDH
AS603165,2022-2023,Fès-Meknès,FES,Rural,Masculin,Collégial,Uniforme,302,INDH
AS603166,2017-2018,Casablanca-Settat,CAS,Rural,Féminin,Primaire,Restauration scolaire,1674,MEN
AS603167,2020-2021,Fès-Meknès,FES,Rural,Féminin,Collégial,Cartable,154,MEN
AS603168,2023-2024,Marrakech-Safi,MAR,Urbain,Masculin,Primaire,Internat,3377,Collectivité locale
AS603169,2015-2016,Souss-Massa,SOU,Rural,Masculin,Collégial,Transport scolaire,1304,MEN
AS603170,2020-2021,Béni Mellal-Khénifra,BMK,Rural,Féminin,Primaire,Internat,3859,Collectivité locale
AS603171,2019-2020,Casablanca-Settat,CAS,Urbain,Masculin,Primaire,Cartable,174,INDH
AS603172,2017-2018,Oriental,ORI,Urbain,Féminin,Collégial,Cartable,128,MEN
AS603173,2023-2024,Marrakech-Safi,MAR,Urbain,Féminin,Primaire,Internat,3218,MEN
AS603174,2017-2018,Marrakech-Safi,MAR,Rural,Masculin,Qualifiant,Restauration scolaire,1650,MEN
AS603175,2021-2022,Fès-Meknès,FES,Urbain,Masculin,Primaire,Restauration scolaire,1692,MEN
AS603176,2022-2023,Souss-Massa,SOU,Urbain,Féminin,Qualifiant,Transport scolaire,1347,MEN
AS603177,2016-2017,Casablanca-Settat,CAS,Urbain,Féminin,Primaire,Restauration scolaire,1548,MEN
AS603178,2023-2024,Rabat-Salé-Kénitra,RAB,Rural,Masculin,Primaire,Internat,3807,MEN
AS603179,2022-2023,Béni Mellal-Khénifra,BMK,Rural,Masculin,Qualifiant,Restauration scolaire,1684,INDH
AS603180,2015-2016,Marrakech-Safi,MAR,Rural,Féminin,Primaire,Uniforme,275,Don privé
AS603181,2015-2016,Rabat-Salé-Kénitra,RAB,Rural,Masculin,Qualifiant,Internat,3711,MEN
AS603182,2023-2024,Souss-Massa,SOU,Rural,Féminin,Primaire,Fournitures,172,ONG
AS603183,2017-2018,Casablanca-Settat,CAS,Rural,Féminin,Collégial,Transport scolaire,1104,MEN
AS603184,2023-2024,Rabat-Salé-Kénitra,RAB,Rural,Féminin,Primaire,Transport scolaire,1408,MEN
AS603185,2015-2016,Casablanca-Settat,CAS,Urbain,Féminin,Collégial,Restauration scolaire,2000,MEN
AS603186,2022-2023,Casablanca-Settat,CAS,Urbain,Féminin,Collégial,Uniforme,237,MEN
AS603187,2023-2024,Drâa-Tafilalet,DRA,Rural,Masculin,Primaire,Cartable,119,ONG
AS603188,2022-2023,Fès-Meknès,FES,Rural,Masculin,Collégial,Cartable,127,MEN
AS603189,2022-2023,Marrakech-Safi,MAR,Rural,Masculin,Qualifiant,Restauration scolaire,1957,MEN
AS603190,2015-2016,Tanger-Tétouan-Al Hoceïma,TAN,Rural,Féminin,Qualifiant,Internat,3134,INDH
AS603191,2020-2021,Fès-Meknès,FES,Urbain,Féminin,Collégial,Fournitures,157,ONG
AS603192,2018-2019,Tanger-Tétouan-Al Hoceïma,TAN,Rural,Masculin,Qualifiant,Internat,3004,INDH
AS603193,2018-2019,Marrakech-Safi,MAR,Urbain,Masculin,Qualifiant,Transport scolaire,1304,ONG
AS603194,2017-2018,Oriental,ORI,Rural,Féminin,Qualifiant,Transport scolaire,1231,Collectivité locale
AS603195,2017-2018,Casablanca-Settat,CAS,Urbain,Féminin,Primaire,Cartable,146,INDH
AS603196,2017-2018,Béni Mellal-Khénifra,BMK,Urbain,Masculin,Primaire,Restauration scolaire,1712,MEN
AS603197,2020-2021,Oriental,ORI,Rural,Féminin,Primaire,Transport scolaire,1179,MEN
AS603198,2022-2023,Rabat-Salé-Kénitra,RAB,Urbain,Féminin,Qualifiant,Cartable,144,MEN
AS603199,2017-2018,Marrakech-Safi,MAR,Rural,Féminin,Collégial,Restauration scolaire,1508,MEN
AS603200,2018-2019,Marrakech-Safi,MAR,Rural,Masculin,Collégial,Internat,4149,ONG
AS603201,2015-2016,Casablanca-Settat,CAS,Rural,Féminin,Primaire,Restauration scolaire,1945,MEN
AS603202,2022-2023,Souss-Massa,SOU,Rural,Féminin,Collégial,Restauration scolaire,2222,MEN
AS603203,2022-2023,Souss-Massa,SOU,Urbain,Masculin,Primaire,Cartable,163,MEN
AS603204,2023-2024,Casablanca-Settat,CAS,Urbain,Masculin,Collégial,Restauration scolaire,1696,MEN
AS603205,2020-2021,Souss-Massa,SOU,Rural,Masculin,Primaire,Uniforme,287,MEN
AS603206,2017-2018,Casablanca-Settat,CAS,Urbain,Masculin,Primaire,Cartable,158,MEN
AS603207,2023-2024,Tanger-Tétouan-Al Hoceïma,TAN,Rural,Masculin,Qualifiant,Restauration scolaire,1861,MEN
AS603208,2015-2016,Rabat-Salé-Kénitra,RAB,Urbain,Féminin,Qualifiant,Transport scolaire,1131,INDH
AS603209,2017-2018,Fès-Meknès,FES,Urbain,Masculin,Primaire,Cartable,165,MEN
AS603210,2017-2018,Casablanca-Settat,CAS,Rural,Masculin,Primaire,Transport scolaire,1349,MEN
AS603211,2022-2023,Souss-Massa,SOU,Rural,Féminin,Primaire,Restauration scolaire,1638,Collectivité locale
AS603212,2018-2019,Casablanca-Settat,CAS,Rural,Féminin,Qualifiant,Internat,3480,INDH
AS603213,2019-2020,Drâa-Tafilalet,DRA,Rural,Masculin,Qualifiant,Cartable,160,MEN
AS603214,2019-2020,Fès-Meknès,FES,Rural,Masculin,Collégial,Cartable,159,ONG
AS603215,2022-2023,Tanger-Tétouan-Al Hoceïma,TAN,Rural,Féminin,Primaire,Cartable,163,INDH
AS603216,2022-2023,Rabat-Salé-Kénitra,RAB,Rural,Féminin,Primaire,Cartable,166,MEN
AS603217,2019-2020,Casablanca-Settat,CAS,Rural,Masculin,Primaire,Cartable,173,MEN
AS603218,2023-2024,Tanger-Tétouan-Al Hoceïma,TAN,Urbain,Féminin,Primaire,Cartable,156,MEN
AS603219,2016-2017,Fès-Meknès,FES,Urbain,Féminin,Primaire,Cartable,167,MEN
AS603220,2018-2019,Tanger-Tétouan-Al Hoceïma,TAN,Rural,Masculin,Primaire,Fournitures,206,MEN
AS603221,2019-2020,Béni Mellal-Khénifra,BMK,Urbain,Masculin,Primaire,Restauration scolaire,1636,MEN
AS603222,2021-2022,Béni Mellal-Khénifra,BMK,Urbain,Masculin,Qualifiant,Transport scolaire,1125,INDH
AS603223,2015-2016,Tanger-Tétouan-Al Hoceïma,TAN,Rural,Masculin,Qualifiant,Cartable,157,MEN
AS603224,2016-2017,Casablanca-Settat,CAS,Rural,Féminin,Qualifiant,Uniforme,291,Collectivité locale
AS603225,2020-2021,Rabat-Salé-Kénitra,RAB,Rural,Féminin,Qualifiant,Cartable,163,Collectivité locale
AS603226,2017-2018,Tanger-Tétouan-Al Hoceïma,TAN,Rural,Féminin,Primaire,Cartable,137,Don privé
AS603227,2020-2021,Tanger-Tétouan-Al Hoceïma,TAN,Urbain,Féminin,Primaire,Restauration scolaire,1501,INDH
AS603228,2018-2019,Casablanca-Settat,CAS,Rural,Féminin,Primaire,Cartable,142,MEN
AS603229,2021-2022,Casablanca-Settat,CAS,Rural,Féminin,Qualifiant,Restauration scolaire,1607,INDH
AS603230,2016-2017,Souss-Massa,SOU,Rural,Masculin,Primaire,Restauration scolaire,1810,MEN
AS603231,2023-2024,Souss-Massa,SOU,Rural,Féminin,Primaire,Internat,2802,MEN
AS603232,2019-2020,Béni Mellal-Khénifra,BMK,Urbain,Masculin,Collégial,Cartable,178,Collectivité locale
AS603233,2017-2018,Béni Mellal-Khénifra,BMK,Urbain,Masculin,Qualifiant,Cartable,148,INDH
AS603234,2019-2020,Casablanca-Settat,CAS,Rural,Féminin,Primaire,Transport scolaire,1299,MEN
AS603235,2016-2017,Tanger-Tétouan-Al Hoceïma,TAN,Urbain,Féminin,Collégial,Restauration scolaire,1220,Collectivité locale
AS603236,2018-2019,Drâa-Tafilalet,DRA,Urbain,Féminin,Primaire,Cartable,152,INDH
AS603237,2015-2016,Souss-Massa,SOU,Rural,Féminin,Primaire,Transport scolaire,1269,MEN
AS603238,2020-2021,Oriental,ORI,Rural,Féminin,Primaire,Uniforme,258,Collectivité locale
AS603239,2022-2023,Casablanca-Settat,CAS,Rural,Féminin,Primaire,Cartable,142,ONG
AS603240,2022-2023,Casablanca-Settat,CAS,Urbain,Masculin,Qualifiant,Cartable,164,MEN
AS603241,2016-2017,Fès-Meknès,FES,Urbain,Féminin,Primaire,Uniforme,299,INDH
AS603242,2018-2019,Marrakech-Safi,MAR,Urbain,Féminin,Collégial,Internat,2960,ONG
AS603243,2023-2024,Casablanca-Settat,CAS,Urbain,Féminin,Qualifiant,Restauration scolaire,1842,Collectivité locale
AS603244,2015-2016,Marrakech-Safi,MAR,Urbain,Féminin,Collégial,Cartable,143,ONG
AS603245,2019-2020,Oriental,ORI,Rural,Féminin,Collégial,Fournitures,209,Collectivité locale
AS603246,2020-2021,Oriental,ORI,Rural,Masculin,Primaire,Internat,3490,MEN
AS603247,2023-2024,Drâa-Tafilalet,DRA,Urbain,Féminin,Qualifiant,Fournitures,221,Collectivité locale
AS603248,2021-2022,Marrakech-Safi,MAR,Rural,Masculin,Qualifiant,Restauration scolaire,1928,INDH
AS603249,2021-2022,Drâa-Tafilalet,DRA,Urbain,Féminin,Collégial,Restauration scolaire,1588,Collectivité locale
AS603250,2016-2017,Souss-Massa,SOU,Urbain,Masculin,Qualifiant,Restauration scolaire,2005,MEN
AS603251,2021-2022,Marrakech-Safi,MAR,Urbain,Masculin,Primaire,Uniforme,266,INDH
AS603252,2021-2022,Rabat-Salé-Kénitra,RAB,Rural,Féminin,Primaire,Internat,4021,MEN
AS603253,2015-2016,Fès-Meknès,FES,Rural,Féminin,Qualifiant,Restauration scolaire,1714,MEN
AS603254,2020-2021,Marrakech-Safi,MAR,Urbain,Masculin,Primaire,Transport scolaire,1244,Don privé
AS603255,2020-2021,Fès-Meknès,FES,Rural,Masculin,Qualifiant,Transport scolaire,1006,MEN
AS603256,2022-2023,Casablanca-Settat,CAS,Urbain,Masculin,Primaire,Restauration scolaire,1631,ONG
AS603257,2020-2021,Casablanca-Settat,CAS,Rural,Masculin,Primaire,Internat,3731,Collectivité locale
AS603258,2023-2024,Laâyoune-Sakia El Hamra,LAA,Urbain,Féminin,Primaire,Cartable,181,MEN
AS603259,2020-2021,Rabat-Salé-Kénitra,RAB,Rural,Masculin,Primaire,Fournitures,199,ONG
AS603260,2020-2021,Casablanca-Settat,CAS,Rural,Féminin,Qualifiant,Restauration scolaire,1598,MEN
AS603261,2018-2019,Casablanca-Settat,CAS,Urbain,Féminin,Primaire,Cartable,162,INDH
AS603262,2016-2017,Béni Mellal-Khénifra,BMK,Urbain,Masculin,Qualifiant,Restauration scolaire,1820,MEN
AS603263,2018-2019,Drâa-Tafilalet,DRA,Urbain,Féminin,Qualifiant,Cartable,130,Collectivité locale
AS603264,2020-2021,Marrakech-Safi,MAR,Rural,Féminin,Primaire,Uniforme,286,MEN
AS603265,2015-2016,Marrakech-Safi,MAR,Urbain,Masculin,Qualifiant,Fournitures,203,INDH
AS603266,2019-2020,Tanger-Tétouan-Al Hoceïma,TAN,Urbain,Masculin,Primaire,Restauration scolaire,1907,INDH
AS603267,2016-2017,Casablanca-Settat,CAS,Rural,Masculin,Collégial,Transport scolaire,1115,MEN
AS603268,2020-2021,Tanger-Tétouan-Al Hoceïma,TAN,Rural,Féminin,Primaire,Internat,3141,INDH
AS603269,2016-2017,Souss-Massa,SOU,Urbain,Féminin,Qualifiant,Restauration scolaire,2173,MEN
AS603270,2016-2017,Tanger-Tétouan-Al Hoceïma,TAN,Rural,Masculin,Primaire,Cartable,164,ONG
AS603271,2018-2019,Casablanca-Settat,CAS,Rural,Féminin,Qualifiant,Uniforme,227,MEN
AS603272,2020-2021,Drâa-Tafilalet,DRA,Urbain,Masculin,Collégial,Internat,3161,MEN
AS603273,2017-2018,Casablanca-Settat,CAS,Rural,Féminin,Primaire,Restauration scolaire,1879,MEN
AS603274,2016-2017,Marrakech-Safi,MAR,Rural,Masculin,Primaire,Uniforme,308,MEN
AS603275,2022-2023,Rabat-Salé-Kénitra,RAB,Urbain,Féminin,Collégial,Restauration scolaire,2007,INDH
AS603276,2016-2017,Casablanca-Settat,CAS,Rural,Féminin,Collégial,Fournitures,214,INDH
AS603277,2020-2021,Casablanca-Settat,CAS,Rural,Masculin,Collégial,Fournitures,203,ONG
AS603278,2018-2019,Tanger-Tétouan-Al Hoceïma,TAN,Urbain,Masculin,Collégial,Transport scolaire,1207,MEN
AS603279,2017-2018,Casablanca-Settat,CAS,Rural,Féminin,Collégial,Restauration scolaire,1887,INDH
AS603280,2017-2018,Marrakech-Safi,MAR,Rural,Masculin,Primaire,Cartable,175,MEN
AS603281,2015-2016,Marrakech-Safi,MAR,Urbain,Masculin,Primaire,Cartable,147,INDH
AS603282,2015-2016,Marrakech-Safi,MAR,Rural,Féminin,Primaire,Internat,3591,MEN
AS603283,2023-2024,Dakhla-Oued Eddahab,DAK,Urbain,Féminin,Primaire,Restauration scolaire,1615,MEN
AS603284,2019-2020,Fès-Meknès,FES,Rural,Féminin,Primaire,Cartable,181,ONG
AS603285,2022-2023,Casablanca-Settat,CAS,Rural,Féminin,Collégial,Cartable,143,Don privé
AS603286,2015-2016,Tanger-Tétouan-Al Hoceïma,TAN,Urbain,Féminin,Primaire,Restauration scolaire,2099,INDH
AS603287,2016-2017,Fès-Meknès,FES,Urbain,Masculin,Primaire,Internat,3146,MEN
AS603288,2021-2022,Rabat-Salé-Kénitra,RAB,Rural,Masculin,Qualifiant,Cartable,175,MEN
AS603289,2020-2021,Oriental,ORI,Rural,Féminin,Collégial,Restauration scolaire,1883,INDH
AS603290,2022-2023,Casablanca-Settat,CAS,Urbain,Masculin,Collégial,Internat,3639,INDH
AS603291,2020-2021,Marrakech-Safi,MAR,Rural,Masculin,Collégial,Internat,3103,ONG
AS603292,2015-2016,Tanger-Tétouan-Al Hoceïma,TAN,Urbain,Féminin,Primaire,Restauration scolaire,1641,INDH
AS603293,2023-2024,Rabat-Salé-Kénitra,RAB,Rural,Masculin,Primaire,Internat,3414,MEN
AS603294,2023-2024,Casablanca-Settat,CAS,Rural,Féminin,Primaire,Cartable,171,MEN
AS603295,2018-2019,Rabat-Salé-Kénitra,RAB,Rural,Masculin,Qualifiant,Cartable,144,MEN
AS603296,2023-2024,Marrakech-Safi,MAR,Rural,Féminin,Collégial,Restauration scolaire,1610,Collectivité locale
AS603297,2018-2019,Souss-Massa,SOU,Urbain,Masculin,Collégial,Transport scolaire,1254,MEN
AS603298,2015-2016,Casablanca-Settat,CAS,Urbain,Masculin,Primaire,Uniforme,261,INDH
AS603299,2023-2024,Souss-Massa,SOU,Urbain,Masculin,Collégial,Fournitures,172,MEN
AS603300,2015-2016,Laâyoune-Sakia El Hamra,LAA,Urbain,Masculin,Qualifiant,Uniforme,217,MEN
AS603301,2018-2019,Marrakech-Safi,MAR,Urbain,Masculin,Collégial,Cartable,146,Collectivité locale
AS603302,2020-2021,Oriental,ORI,Rural,Masculin,Qualifiant,Restauration scolaire,2069,INDH
AS603303,2015-2016,Casablanca-Settat,CAS,Rural,Masculin,Qualifiant,Internat,3798,MEN
AS603304,2015-2016,Laâyoune-Sakia El Hamra,LAA,Rural,Féminin,Collégial,Cartable,155,Don privé
AS603305,2020-2021,Marrakech-Safi,MAR,Urbain,Féminin,Qualifiant,Cartable,191,MEN
AS603306,2015-2016,Souss-Massa,SOU,Rural,Féminin,Collégial,Fournitures,220,INDH
AS603307,2020-2021,Marrakech-Safi,MAR,Rural,Féminin,Primaire,Cartable,190,Collectivité locale
AS603308,2021-2022,Casablanca-Settat,CAS,Urbain,Masculin,Primaire,Restauration scolaire,1520,MEN
AS603309,2021-2022,Fès-Meknès,FES,Rural,Masculin,Qualifiant,Restauration scolaire,1703,MEN
AS603310,2019-2020,Marrakech-Safi,MAR,Urbain,Masculin,Qualifiant,Cartable,153,MEN
AS603311,2016-2017,Casablanca-Settat,CAS,Rural,Féminin,Primaire,Fournitures,193,MEN
AS603312,2016-2017,Tanger-Tétouan-Al Hoceïma,TAN,Rural,Masculin,Primaire,Internat,3991,MEN
AS603313,2022-2023,Souss-Massa,SOU,Rural,Féminin,Primaire,Internat,3352,MEN
AS603314,2022-2023,Fès-Meknès,FES,Rural,Masculin,Collégial,Transport scolaire,1414,Collectivité locale
AS603315,2021-2022,Marrakech-Safi,MAR,Rural,Masculin,Collégial,Cartable,141,MEN
AS603316,2021-2022,Souss-Massa,SOU,Urbain,Masculin,Qualifiant,Restauration scolaire,1636,MEN
AS603317,2018-2019,Fès-Meknès,FES,Urbain,Masculin,Primaire,Cartable,154,MEN
AS603318,2021-2022,Béni Mellal-Khénifra,BMK,Rural,Masculin,Qualifiant,Restauration scolaire,1659,Collectivité locale
AS603319,2020-2021,Marrakech-Safi,MAR,Urbain,Masculin,Primaire,Transport scolaire,1305,MEN
AS603320,2015-2016,Souss-Massa,SOU,Urbain,Masculin,Collégial,Cartable,155,MEN
AS603321,2021-2022,Rabat-Salé-Kénitra,RAB,Urbain,Masculin,Primaire,Fournitures,187,MEN
AS603322,2023-2024,Casablanca-Settat,CAS,Rural,Masculin,Collégial,Restauration scolaire,1925,Collectivité locale
AS603323,2020-2021,Rabat-Salé-Kénitra,RAB,Urbain,Masculin,Qualifiant,Cartable,167,Collectivité locale
AS603324,2018-2019,Souss-Massa,SOU,Urbain,Masculin,Primaire,Uniforme,304,MEN
AS603325,2017-2018,Dakhla-Oued Eddahab,DAK,Urbain,Masculin,Qualifiant,Uniforme,292,MEN
AS603326,2019-2020,Marrakech-Safi,MAR,Rural,Masculin,Primaire,Transport scolaire,1102,MEN
AS603327,2018-2019,Rabat-Salé-Kénitra,RAB,Rural,Féminin,Primaire,Cartable,151,INDH
AS603328,2015-2016,Souss-Massa,SOU,Rural,Féminin,Qualifiant,Cartable,166,INDH
AS603329,2017-2018,Drâa-Tafilalet,DRA,Urbain,Féminin,Collégial,Cartable,130,MEN
AS603330,2023-2024,Rabat-Salé-Kénitra,RAB,Urbain,Féminin,Primaire,Cartable,158,Collectivité locale
AS603331,2017-2018,Rabat-Salé-Kénitra,RAB,Urbain,Féminin,Primaire,Uniforme,264,MEN
AS603332,2021-2022,Fès-Meknès,FES,Urbain,Féminin,Primaire,Cartable,158,INDH
AS603333,2016-2017,Béni Mellal-Khénifra,BMK,Rural,Masculin,Primaire,Restauration scolaire,1661,Don privé
AS603334,2022-2023,Casablanca-Settat,CAS,Urbain,Féminin,Primaire,Internat,4167,Collectivité locale
AS603335,2020-2021,Tanger-Tétouan-Al Hoceïma,TAN,Rural,Féminin,Collégial,Cartable,157,Collectivité locale
AS603336,2023-2024,Souss-Massa,SOU,Rural,Féminin,Primaire,Restauration scolaire,1662,MEN
AS603337,2021-2022,Souss-Massa,SOU,Rural,Féminin,Primaire,Cartable,188,Collectivité locale
AS603338,2021-2022,Marrakech-Safi,MAR,Rural,Masculin,Primaire,Cartable,183,MEN
AS603339,2015-2016,Oriental,ORI,Rural,Féminin,Qualifiant,Transport scolaire,1341,Collectivité locale
AS603340,2018-2019,Casablanca-Settat,CAS,Urbain,Féminin,Primaire,Transport scolaire,1141,MEN
AS603341,2023-2024,Casablanca-Settat,CAS,Rural,Masculin,Primaire,Transport scolaire,1325,MEN
AS603342,2020-2021,Marrakech-Safi,MAR,Rural,Masculin,Collégial,Cartable,156,MEN
AS603343,2022-2023,Fès-Meknès,FES,Rural,Masculin,Collégial,Fournitures,165,ONG
AS603344,2019-2020,Rabat-Salé-Kénitra,RAB,Rural,Masculin,Primaire,Restauration scolaire,1999,MEN
AS603345,2018-2019,Tanger-Tétouan-Al Hoceïma,TAN,Urbain,Masculin,Qualifiant,Fournitures,193,MEN
AS603346,2016-2017,Fès-Meknès,FES,Urbain,Masculin,Primaire,Fournitures,210,INDH
AS603347,2022-2023,Souss-Massa,SOU,Rural,Féminin,Qualifiant,Cartable,159,Don privé
AS603348,2021-2022,Oriental,ORI,Rural,Masculin,Qualifiant,Cartable,136,MEN
AS603349,2020-2021,Souss-Massa,SOU,Rural,Féminin,Qualifiant,Cartable,153,MEN
AS603350,2017-2018,Casablanca-Settat,CAS,Rural,Masculin,Primaire,Internat,3543,MEN
AS603351,2019-2020,Casablanca-Settat,CAS,Rural,Féminin,Primaire,Transport scolaire,1153,MEN
AS603352,2021-2022,Souss-Massa,SOU,Urbain,Féminin,Primaire,Transport scolaire,1100,MEN
AS603353,2016-2017,Rabat-Salé-Kénitra,RAB,Urbain,Féminin,Collégial,Transport scolaire,1157,MEN
AS603354,2021-2022,Marrakech-Safi,MAR,Rural,Féminin,Primaire,Restauration scolaire,1968,MEN
AS603355,2017-2018,Fès-Meknès,FES,Urbain,Féminin,Qualifiant,Cartable,187,ONG
AS603356,2018-2019,Drâa-Tafilalet,DRA,Rural,Féminin,Qualifiant,Uniforme,251,MEN
AS603357,2020-2021,Béni Mellal-Khénifra,BMK,Rural,Féminin,Qualifiant,Internat,3795,MEN
AS603358,2016-2017,Casablanca-Settat,CAS,Rural,Masculin,Qualifiant,Cartable,153,MEN
AS603359,2019-2020,Casablanca-Settat,CAS,Urbain,Féminin,Primaire,Uniforme,232,MEN
AS603360,2019-2020,Casablanca-Settat,CAS,Rural,Masculin,Primaire,Cartable,134,INDH
AS603361,2021-2022,Casablanca-Settat,CAS,Rural,Masculin,Collégial,Cartable,137,ONG
AS603362,2019-2020,Béni Mellal-Khénifra,BMK,Rural,Masculin,Collégial,Restauration scolaire,1801,MEN
AS603363,2023-2024,Drâa-Tafilalet,DRA,Rural,Masculin,Qualifiant,Internat,3882,INDH
AS603364,2021-2022,Marrakech-Safi,MAR,Rural,Masculin,Collégial,Cartable,135,Collectivité locale
AS603365,2023-2024,Rabat-Salé-Kénitra,RAB,Urbain,Féminin,Primaire,Transport scolaire,1015,MEN
AS603366,2023-2024,Fès-Meknès,FES,Rural,Masculin,Primaire,Cartable,172,MEN
AS603367,2018-2019,Béni Mellal-Khénifra,BMK,Urbain,Masculin,Collégial,Transport scolaire,1342,MEN
AS603368,2015-2016,Souss-Massa,SOU,Rural,Masculin,Qualifiant,Restauration scolaire,2086,MEN
AS603369,2023-2024,Rabat-Salé-Kénitra,RAB,Urbain,Féminin,Qualifiant,Uniforme,277,MEN
AS603370,2015-2016,Tanger-Tétouan-Al Hoceïma,TAN,Urbain,Féminin,Primaire,Internat,3658,ONG
AS603371,2019-2020,Rabat-Salé-Kénitra,RAB,Rural,Féminin,Collégial,Uniforme,255,INDH
AS603372,2022-2023,Béni Mellal-Khénifra,BMK,Rural,Masculin,Collégial,Restauration scolaire,2187,MEN
AS603373,2018-2019,Tanger-Tétouan-Al Hoceïma,TAN,Urbain,Féminin,Qualifiant,Restauration scolaire,1660,MEN
AS603374,2023-2024,Oriental,ORI,Rural,Masculin,Primaire,Uniforme,296,Collectivité locale
AS603375,2015-2016,Casablanca-Settat,CAS,Urbain,Masculin,Qualifiant,Cartable,140,INDH
AS603376,2020-2021,Casablanca-Settat,CAS,Rural,Féminin,Collégial,Restauration scolaire,1833,MEN
AS603377,2017-2018,Fès-Meknès,FES,Rural,Masculin,Primaire,Fournitures,174,MEN
AS603378,2015-2016,Tanger-Tétouan-Al Hoceïma,TAN,Urbain,Féminin,Qualifiant,Uniforme,298,Collectivité locale
AS603379,2022-2023,Tanger-Tétouan-Al Hoceïma,TAN,Urbain,Féminin,Collégial,Restauration scolaire,1480,MEN
AS603380,2017-2018,Souss-Massa,SOU,Rural,Masculin,Primaire,Internat,3760,MEN
AS603381,2022-2023,Rabat-Salé-Kénitra,RAB,Urbain,Masculin,Qualifiant,Restauration scolaire,1506,MEN
AS603382,2018-2019,Fès-Meknès,FES,Urbain,Féminin,Qualifiant,Transport scolaire,1163,ONG
AS603383,2020-2021,Tanger-Tétouan-Al Hoceïma,TAN,Rural,Féminin,Primaire,Fournitures,208,MEN
AS603384,2019-2020,Casablanca-Settat,CAS,Urbain,Masculin,Collégial,Uniforme,282,INDH
AS603385,2015-2016,Drâa-Tafilalet,DRA,Rural,Féminin,Primaire,Restauration scolaire,1975,INDH
AS603386,2015-2016,Béni Mellal-Khénifra,BMK,Urbain,Masculin,Primaire,Cartable,184,Collectivité locale
AS603387,2018-2019,Casablanca-Settat,CAS,Rural,Masculin,Collégial,Cartable,150,Collectivité locale
AS603388,2022-2023,Oriental,ORI,Urbain,Féminin,Primaire,Uniforme,307,MEN
AS603389,2015-2016,Marrakech-Safi,MAR,Rural,Masculin,Primaire,Uniforme,280,INDH
AS603390,2019-2020,Rabat-Salé-Kénitra,RAB,Rural,Féminin,Primaire,Transport scolaire,1091,Collectivité locale
AS603391,2023-2024,Drâa-Tafilalet,DRA,Rural,Masculin,Primaire,Cartable,142,MEN
AS603392,2023-2024,Dakhla-Oued Eddahab,DAK,Rural,Masculin,Primaire,Internat,3202,MEN
AS603393,2020-2021,Marrakech-Safi,MAR,Rural,Masculin,Primaire,Uniforme,265,MEN
AS603394,2019-2020,Oriental,ORI,Urbain,Féminin,Primaire,Uniforme,244,ONG
AS603395,2015-2016,Drâa-Tafilalet,DRA,Rural,Masculin,Collégial,Restauration scolaire,1799,MEN
AS603396,2021-2022,Fès-Meknès,FES,Rural,Féminin,Primaire,Internat,3579,INDH
AS603397,2019-2020,Marrakech-Safi,MAR,Rural,Féminin,Collégial,Cartable,175,MEN
AS603398,2015-2016,Casablanca-Settat,CAS,Rural,Masculin,Primaire,Restauration scolaire,1731,MEN
AS603399,2021-2022,Rabat-Salé-Kénitra,RAB,Rural,Masculin,Primaire,Cartable,169,INDH
AS603400,2018-2019,Tanger-Tétouan-Al Hoceïma,TAN,Urbain,Féminin,Primaire,Restauration scolaire,2023,Collectivité locale
AS603401,2015-2016,Marrakech-Safi,MAR,Urbain,Masculin,Collégial,Internat,3588,MEN
AS603402,2016-2017,Casablanca-Settat,CAS,Urbain,Féminin,Qualifiant,Cartable,172,INDH
AS603403,2019-2020,Casablanca-Settat,CAS,Urbain,Féminin,Primaire,Fournitures,182,MEN
AS603404,2018-2019,Casablanca-Settat,CAS,Urbain,Féminin,Collégial,Internat,3544,MEN
AS603405,2020-2021,Marrakech-Safi,MAR,Rural,Masculin,Primaire,Uniforme,292,INDH
AS603406,2016-2017,Souss-Massa,SOU,Rural,Féminin,Collégial,Internat,3041,MEN
AS603407,2018-2019,Casablanca-Settat,CAS,Rural,Masculin,Collégial,Transport scolaire,1199,INDH
AS603408,2016-2017,Casablanca-Settat,CAS,Rural,Masculin,Collégial,Cartable,177,INDH
AS603409,2022-2023,Casablanca-Settat,CAS,Rural,Masculin,Primaire,Cartable,141,INDH
AS603410,2022-2023,Souss-Massa,SOU,Rural,Masculin,Collégial,Transport scolaire,1168,INDH
AS603411,2019-2020,Casablanca-Settat,CAS,Rural,Féminin,Collégial,Restauration scolaire,1935,MEN
AS603412,2019-2020,Rabat-Salé-Kénitra,RAB,Rural,Masculin,Qualifiant,Cartable,168,Don privé
AS603413,2021-2022,Casablanca-Settat,CAS,Urbain,Masculin,Collégial,Fournitures,201,MEN
AS603414,2020-2021,Marrakech-Safi,MAR,Rural,Masculin,Primaire,Transport scolaire,1015,MEN
AS603415,2016-2017,Fès-Meknès,FES,Rural,Féminin,Qualifiant,Internat,3420,MEN
AS603416,2017-2018,Oriental,ORI,Rural,Féminin,Primaire,Transport scolaire,1314,Collectivité locale
AS603417,2016-2017,Rabat-Salé-Kénitra,RAB,Rural,Masculin,Primaire,Uniforme,299,MEN
AS603418,2022-2023,Casablanca-Settat,CAS,Urbain,Féminin,Collégial,Transport scolaire,1170,ONG
AS603419,2015-2016,Casablanca-Settat,CAS,Urbain,Masculin,Collégial,Transport scolaire,1142,MEN
AS603420,2017-2018,Béni Mellal-Khénifra,BMK,Rural,Masculin,Qualifiant,Transport scolaire,1217,MEN
AS603421,2020-2021,Béni Mellal-Khénifra,BMK,Rural,Masculin,Primaire,Uniforme,342,INDH
AS603422,2017-2018,Tanger-Tétouan-Al Hoceïma,TAN,Urbain,Féminin,Qualifiant,Fournitures,194,INDH
AS603423,2020-2021,Marrakech-Safi,MAR,Urbain,Féminin,Primaire,Cartable,158,Collectivité locale
AS603424,2023-2024,Souss-Massa,SOU,Rural,Féminin,Primaire,Cartable,144,MEN
AS603425,2015-2016,Casablanca-Settat,CAS,Rural,Masculin,Collégial,Transport scolaire,1193,MEN
AS603426,2022-2023,Souss-Massa,SOU,Urbain,Féminin,Collégial,Internat,3555,MEN
AS603427,2016-2017,Casablanca-Settat,CAS,Rural,Féminin,Primaire,Cartable,158,ONG
AS603428,2018-2019,Béni Mellal-Khénifra,BMK,Rural,Féminin,Primaire,Cartable,173,MEN
AS603429,2023-2024,Casablanca-Settat,CAS,Urbain,Masculin,Primaire,Internat,3582,MEN
AS603430,2022-2023,Souss-Massa,SOU,Rural,Masculin,Qualifiant,Transport scolaire,1204,MEN
AS603431,2023-2024,Souss-Massa,SOU,Urbain,Masculin,Primaire,Transport scolaire,1325,Collectivité locale
AS603432,2018-2019,Marrakech-Safi,MAR,Urbain,Masculin,Qualifiant,Uniforme,265,MEN
AS603433,2018-2019,Fès-Meknès,FES,Rural,Masculin,Primaire,Fournitures,194,ONG
AS603434,2016-2017,Casablanca-Settat,CAS,Rural,Féminin,Primaire,Uniforme,297,MEN
AS603435,2019-2020,Tanger-Tétouan-Al Hoceïma,TAN,Urbain,Masculin,Primaire,Cartable,165,ONG
AS603436,2015-2016,Marrakech-Safi,MAR,Rural,Féminin,Qualifiant,Cartable,165,MEN
AS603437,2022-2023,Fès-Meknès,FES,Rural,Masculin,Primaire,Fournitures,244,Collectivité locale
AS603438,2022-2023,Tanger-Tétouan-Al Hoceïma,TAN,Rural,Féminin,Collégial,Cartable,148,ONG
AS603439,2016-2017,Casablanca-Settat,CAS,Rural,Féminin,Primaire,Internat,3685,Collectivité locale
AS603440,2018-2019,Rabat-Salé-Kénitra,RAB,Urbain,Masculin,Primaire,Restauration scolaire,1691,MEN
AS603441,2017-2018,Béni Mellal-Khénifra,BMK,Urbain,Masculin,Primaire,Transport scolaire,1169,INDH
AS603442,2019-2020,Souss-Massa,SOU,Rural,Masculin,Primaire,Cartable,130,MEN
AS603443,2015-2016,Casablanca-Settat,CAS,Rural,Masculin,Collégial,Uniforme,279,MEN
AS603444,2021-2022,Souss-Massa,SOU,Urbain,Féminin,Collégial,Restauration scolaire,1643,MEN
AS603445,2019-2020,Casablanca-Settat,CAS,Urbain,Masculin,Qualifiant,Uniforme,215,Collectivité locale
AS603446,2016-2017,Fès-Meknès,FES,Rural,Féminin,Primaire,Cartable,134,MEN
AS603447,2015-2016,Rabat-Salé-Kénitra,RAB,Urbain,Féminin,Primaire,Transport scolaire,1219,MEN
AS603448,2019-2020,Rabat-Salé-Kénitra,RAB,Rural,Féminin,Primaire,Internat,3631,MEN
AS603449,2017-2018,Rabat-Salé-Kénitra,RAB,Rural,Féminin,Qualifiant,Uniforme,269,MEN
AS603450,2019-2020,Béni Mellal-Khénifra,BMK,Urbain,Masculin,Qualifiant,Internat,2763,MEN
AS603451,2018-2019,Laâyoune-Sakia El Hamra,LAA,Urbain,Féminin,Primaire,Restauration scolaire,1725,INDH
AS603452,2022-2023,Souss-Massa,SOU,Urbain,Masculin,Primaire,Cartable,191,MEN
AS603453,2018-2019,Béni Mellal-Khénifra,BMK,Urbain,Masculin,Collégial,Restauration scolaire,1807,INDH
AS603454,2018-2019,Dakhla-Oued Eddahab,DAK,Urbain,Masculin,Qualifiant,Cartable,174,MEN
AS603455,2018-2019,Laâyoune-Sakia El Hamra,LAA,Urbain,Féminin,Primaire,Cartable,172,MEN
AS603456,2018-2019,Laâyoune-Sakia El Hamra,LAA,Rural,Masculin,Primaire,Internat,3377,INDH
AS603457,2015-2016,Drâa-Tafilalet,DRA,Rural,Féminin,Qualifiant,Fournitures,190,MEN
AS603458,2022-2023,Casablanca-Settat,CAS,Rural,Féminin,Collégial,Restauration scolaire,1957,MEN
AS603459,2016-2017,Tanger-Tétouan-Al Hoceïma,TAN,Rural,Féminin,Collégial,Uniforme,229,MEN
AS603460,2015-2016,Rabat-Salé-Kénitra,RAB,Urbain,Masculin,Qualifiant,Restauration scolaire,1724,MEN
AS603461,2017-2018,Rabat-Salé-Kénitra,RAB,Rural,Féminin,Collégial,Transport scolaire,1315,INDH
AS603462,2023-2024,Souss-Massa,SOU,Rural,Masculin,Primaire,Restauration scolaire,1624,MEN
AS603463,2023-2024,Rabat-Salé-Kénitra,RAB,Urbain,Féminin,Qualifiant,Cartable,169,Collectivité locale
AS603464,2023-2024,Tanger-Tétouan-Al Hoceïma,TAN,Urbain,Féminin,Collégial,Cartable,160,MEN
AS603465,2022-2023,Oriental,ORI,Rural,Féminin,Primaire,Uniforme,205,MEN
AS603466,2017-2018,Rabat-Salé-Kénitra,RAB,Rural,Masculin,Primaire,Restauration scolaire,1987,Don privé
AS603467,2015-2016,Oriental,ORI,Urbain,Féminin,Collégial,Uniforme,330,INDH
AS603468,2018-2019,Rabat-Salé-Kénitra,RAB,Rural,Féminin,Primaire,Restauration scolaire,1717,MEN
AS603469,2015-2016,Béni Mellal-Khénifra,BMK,Rural,Féminin,Qualifiant,Cartable,148,MEN
AS603470,2018-2019,Oriental,ORI,Rural,Masculin,Primaire,Cartable,177,Collectivité locale
AS603471,2017-2018,Casablanca-Settat,CAS,Rural,Masculin,Primaire,Restauration scolaire,1860,MEN
AS603472,2022-2023,Béni Mellal-Khénifra,BMK,Rural,Masculin,Primaire,Restauration scolaire,1567,INDH
AS603473,2020-2021,Marrakech-Safi,MAR,Urbain,Féminin,Collégial,Cartable,150,MEN
AS603474,2015-2016,Drâa-Tafilalet,DRA,Urbain,Féminin,Qualifiant,Uniforme,302,MEN
AS603475,2015-2016,Béni Mellal-Khénifra,BMK,Urbain,Masculin,Primaire,Restauration scolaire,1845,MEN
AS603476,2019-2020,Rabat-Salé-Kénitra,RAB,Rural,Masculin,Primaire,Transport scolaire,1160,INDH
AS603477,2018-2019,Fès-Meknès,FES,Rural,Féminin,Primaire,Restauration scolaire,1634,MEN
AS603478,2016-2017,Rabat-Salé-Kénitra,RAB,Urbain,Féminin,Primaire,Internat,3255,MEN
AS603479,2021-2022,Béni Mellal-Khénifra,BMK,Urbain,Masculin,Primaire,Cartable,156,MEN
AS603480,2016-2017,Casablanca-Settat,CAS,Urbain,Féminin,Primaire,Transport scolaire,1282,Don privé
AS603481,2023-2024,Marrakech-Safi,MAR,Rural,Féminin,Primaire,Cartable,162,MEN
AS603482,2020-2021,Rabat-Salé-Kénitra,RAB,Urbain,Féminin,Primaire,Uniforme,272,Collectivité locale
AS603483,2022-2023,Fès-Meknès,FES,Rural,Masculin,Primaire,Cartable,157,INDH
AS603484,2023-2024,Rabat-Salé-Kénitra,RAB,Urbain,Féminin,Primaire,Restauration scolaire,1822,Collectivité locale
AS603485,2020-2021,Casablanca-Settat,CAS,Urbain,Masculin,Primaire,Restauration scolaire,1737,INDH
AS603486,2020-2021,Casablanca-Settat,CAS,Rural,Féminin,Primaire,Restauration scolaire,1746,INDH
AS603487,2017-2018,Fès-Meknès,FES,Urbain,Féminin,Collégial,Internat,3501,MEN
AS603488,2019-2020,Béni Mellal-Khénifra,BMK,Rural,Féminin,Qualifiant,Cartable,167,Collectivité locale
AS603489,2016-2017,Fès-Meknès,FES,Rural,Féminin,Primaire,Fournitures,195,MEN
AS603490,2022-2023,Béni Mellal-Khénifra,BMK,Rural,Féminin,Primaire,Transport scolaire,1000,MEN
AS603491,2017-2018,Tanger-Tétouan-Al Hoceïma,TAN,Rural,Masculin,Qualifiant,Uniforme,300,MEN
AS603492,2022-2023,Rabat-Salé-Kénitra,RAB,Rural,Féminin,Collégial,Internat,3217,Collectivité locale
AS603493,2016-2017,Tanger-Tétouan-Al Hoceïma,TAN,Rural,Masculin,Primaire,Restauration scolaire,1763,Collectivité locale
AS603494,2023-2024,Souss-Massa,SOU,Urbain,Masculin,Primaire,Cartable,155,INDH
AS603495,2023-2024,Casablanca-Settat,CAS,Rural,Féminin,Qualifiant,Fournitures,210,ONG
AS603496,2022-2023,Marrakech-Safi,MAR,Urbain,Féminin,Qualifiant,Restauration scolaire,1859,MEN
AS603497,2015-2016,Casablanca-Settat,CAS,Rural,Féminin,Qualifiant,Internat,3342,MEN
AS603498,2019-2020,Rabat-Salé-Kénitra,RAB,Rural,Féminin,Qualifiant,Cartable,174,MEN
AS603499,2018-2019,Tanger-Tétouan-Al Hoceïma,TAN,Rural,Féminin,Qualifiant,Restauration scolaire,1886,INDH
AS603500,2018-2019,Marrakech-Safi,MAR,Rural,Féminin,Collégial,Transport scolaire,1177,Collectivité locale
AS603501,2021-2022,Casablanca-Settat,CAS,Rural,Masculin,Collégial,Cartable,151,INDH
AS603502,2018-2019,Marrakech-Safi,MAR,Rural,Masculin,Primaire,Transport scolaire,1264,INDH
AS603503,2023-2024,Fès-Meknès,FES,Rural,Féminin,Collégial,Cartable,173,Collectivité locale
AS603504,2017-2018,Béni Mellal-Khénifra,BMK,Rural,Féminin,Primaire,Cartable,178,MEN
AS603505,2018-2019,Casablanca-Settat,CAS,Urbain,Féminin,Primaire,Internat,3160,INDH
AS603506,2016-2017,Fès-Meknès,FES,Urbain,Masculin,Collégial,Internat,3485,Don privé
AS603507,2018-2019,Casablanca-Settat,CAS,Rural,Féminin,Collégial,Cartable,178,MEN
AS603508,2019-2020,Casablanca-Settat,CAS,Urbain,Féminin,Collégial,Transport scolaire,1217,MEN
AS603509,2019-2020,Marrakech-Safi,MAR,Urbain,Féminin,Primaire,Uniforme,255,MEN
AS603510,2022-2023,Rabat-Salé-Kénitra,RAB,Rural,Masculin,Primaire,Restauration scolaire,1802,MEN
AS603511,2022-2023,Marrakech-Safi,MAR,Rural,Féminin,Primaire,Internat,3266,MEN
AS603512,2021-2022,Fès-Meknès,FES,Rural,Féminin,Collégial,Cartable,153,ONG
AS603513,2022-2023,Casablanca-Settat,CAS,Rural,Masculin,Primaire,Cartable,176,MEN
AS603514,2020-2021,Tanger-Tétouan-Al Hoceïma,TAN,Urbain,Féminin,Qualifiant,Uniforme,352,Collectivité locale
AS603515,2019-2020,Rabat-Salé-Kénitra,RAB,Rural,Féminin,Primaire,Restauration scolaire,1708,MEN
AS603516,2020-2021,Dakhla-Oued Eddahab,DAK,Rural,Féminin,Qualifiant,Cartable,139,MEN
AS603517,2018-2019,Souss-Massa,SOU,Urbain,Masculin,Primaire,Restauration scolaire,1596,MEN
AS603518,2015-2016,Béni Mellal-Khénifra,BMK,Urbain,Féminin,Primaire,Uniforme,275,MEN
AS603519,2022-2023,Marrakech-Safi,MAR,Urbain,Masculin,Primaire,Restauration scolaire,1968,ONG
AS603520,2021-2022,Souss-Massa,SOU,Urbain,Féminin,Qualifiant,Uniforme,274,MEN
AS603521,2023-2024,Casablanca-Settat,CAS,Rural,Masculin,Collégial,Internat,3925,MEN
AS603522,2020-2021,Béni Mellal-Khénifra,BMK,Urbain,Féminin,Primaire,Cartable,163,ONG
AS603523,2023-2024,Béni Mellal-Khénifra,BMK,Urbain,Masculin,Primaire,Restauration scolaire,1861,Collectivité locale
AS603524,2023-2024,Rabat-Salé-Kénitra,RAB,Rural,Masculin,Primaire,Uniforme,283,Collectivité locale
AS603525,2018-2019,Rabat-Salé-Kénitra,RAB,Rural,Féminin,Primaire,Uniforme,241,MEN
AS603526,2022-2023,Rabat-Salé-Kénitra,RAB,Rural,Féminin,Collégial,Restauration scolaire,1651,MEN
AS603527,2022-2023,Souss-Massa,SOU,Rural,Masculin,Qualifiant,Transport scolaire,1217,MEN
AS603528,2020-2021,Tanger-Tétouan-Al Hoceïma,TAN,Urbain,Masculin,Primaire,Internat,3356,Collectivité locale
AS603529,2017-2018,Souss-Massa,SOU,Rural,Féminin,Collégial,Transport scolaire,1255,MEN
AS603530,2021-2022,Casablanca-Settat,CAS,Rural,Masculin,Primaire,Uniforme,271,INDH
AS603531,2019-2020,Fès-Meknès,FES,Urbain,Féminin,Primaire,Cartable,125,Collectivité locale
AS603532,2019-2020,Casablanca-Settat,CAS,Rural,Féminin,Primaire,Transport scolaire,976,MEN
AS603533,2022-2023,Béni Mellal-Khénifra,BMK,Rural,Féminin,Primaire,Restauration scolaire,1724,MEN
AS603534,2020-2021,Casablanca-Settat,CAS,Urbain,Féminin,Primaire,Cartable,150,INDH
AS603535,2021-2022,Casablanca-Settat,CAS,Rural,Masculin,Primaire,Cartable,169,MEN
AS603536,2021-2022,Casablanca-Settat,CAS,Rural,Féminin,Primaire,Cartable,168,MEN
AS603537,2015-2016,Marrakech-Safi,MAR,Urbain,Féminin,Qualifiant,Restauration scolaire,1969,MEN
AS603538,2020-2021,Marrakech-Safi,MAR,Rural,Masculin,Collégial,Uniforme,311,INDH
AS603539,2017-2018,Casablanca-Settat,CAS,Rural,Masculin,Primaire,Fournitures,202,MEN
AS603540,2018-2019,Casablanca-Settat,CAS,Rural,Féminin,Primaire,Restauration scolaire,2102,MEN
AS603541,2020-2021,Oriental,ORI,Urbain,Masculin,Primaire,Cartable,137,MEN
AS603542,2015-2016,Tanger-Tétouan-Al Hoceïma,TAN,Rural,Féminin,Qualifiant,Restauration scolaire,1860,MEN
AS603543,2016-2017,Marrakech-Safi,MAR,Urbain,Féminin,Collégial,Transport scolaire,1288,MEN
AS603544,2018-2019,Casablanca-Settat,CAS,Urbain,Masculin,Primaire,Cartable,134,MEN
AS603545,2017-2018,Fès-Meknès,FES,Rural,Féminin,Collégial,Cartable,168,MEN
AS603546,2020-2021,Marrakech-Safi,MAR,Rural,Féminin,Collégial,Uniforme,307,MEN
AS603547,2019-2020,Fès-Meknès,FES,Rural,Féminin,Primaire,Restauration scolaire,1827,MEN
AS603548,2023-2024,Souss-Massa,SOU,Rural,Féminin,Primaire,Restauration scolaire,1818,MEN
AS603549,2019-2020,Rabat-Salé-Kénitra,RAB,Rural,Féminin,Qualifiant,Internat,3697,MEN
AS603550,2017-2018,Rabat-Salé-Kénitra,RAB,Urbain,Masculin,Primaire,Restauration scolaire,1681,Collectivité locale
AS603551,2017-2018,Fès-Meknès,FES,Urbain,Masculin,Collégial,Restauration scolaire,1643,MEN
AS603552,2017-2018,Casablanca-Settat,CAS,Urbain,Masculin,Primaire,Cartable,128,ONG
AS603553,2015-2016,Tanger-Tétouan-Al Hoceïma,TAN,Rural,Masculin,Qualifiant,Restauration scolaire,2149,Collectivité locale
AS603554,2015-2016,Souss-Massa,SOU,Urbain,Masculin,Primaire,Transport scolaire,1084,MEN
AS603555,2022-2023,Casablanca-Settat,CAS,Rural,Féminin,Primaire,Restauration scolaire,1863,MEN
AS603556,2015-2016,Rabat-Salé-Kénitra,RAB,Urbain,Masculin,Qualifiant,Fournitures,221,MEN
AS603557,2021-2022,Casablanca-Settat,CAS,Rural,Masculin,Primaire,Uniforme,299,INDH
AS603558,2022-2023,Rabat-Salé-Kénitra,RAB,Rural,Féminin,Collégial,Transport scolaire,1339,MEN
AS603559,2021-2022,Fès-Meknès,FES,Urbain,Masculin,Primaire,Uniforme,305,Don privé
AS603560,2021-2022,Marrakech-Safi,MAR,Urbain,Féminin,Primaire,Fournitures,216,MEN
AS603561,2017-2018,Fès-Meknès,FES,Urbain,Féminin,Collégial,Fournitures,240,Collectivité locale
AS603562,2023-2024,Souss-Massa,SOU,Urbain,Masculin,Primaire,Restauration scolaire,1636,MEN
AS603563,2015-2016,Tanger-Tétouan-Al Hoceïma,TAN,Rural,Masculin,Collégial,Transport scolaire,1154,ONG
AS603564,2017-2018,Casablanca-Settat,CAS,Rural,Féminin,Qualifiant,Internat,3561,MEN
AS603565,2019-2020,Drâa-Tafilalet,DRA,Urbain,Féminin,Primaire,Fournitures,186,ONG
AS603566,2015-2016,Tanger-Tétouan-Al Hoceïma,TAN,Rural,Masculin,Qualifiant,Cartable,157,MEN
AS603567,2018-2019,Rabat-Salé-Kénitra,RAB,Rural,Masculin,Primaire,Internat,3675,Collectivité locale
AS603568,2023-2024,Marrakech-Safi,MAR,Rural,Masculin,Primaire,Cartable,150,MEN
AS603569,2016-2017,Rabat-Salé-Kénitra,RAB,Urbain,Féminin,Collégial,Cartable,155,MEN
AS603570,2019-2020,Rabat-Salé-Kénitra,RAB,Urbain,Masculin,Collégial,Cartable,158,INDH
AS603571,2022-2023,Rabat-Salé-Kénitra,RAB,Urbain,Féminin,Collégial,Cartable,141,MEN
AS603572,2023-2024,Fès-Meknès,FES,Rural,Féminin,Primaire,Cartable,161,Collectivité locale
AS603573,2016-2017,Tanger-Tétouan-Al Hoceïma,TAN,Urbain,Féminin,Collégial,Cartable,171,MEN
AS603574,2017-2018,Fès-Meknès,FES,Urbain,Féminin,Collégial,Cartable,146,Collectivité locale
AS603575,2016-2017,Casablanca-Settat,CAS,Rural,Féminin,Primaire,Restauration scolaire,2120,MEN
AS603576,2020-2021,Fès-Meknès,FES,Urbain,Féminin,Collégial,Cartable,164,INDH
AS603577,2022-2023,Rabat-Salé-Kénitra,RAB,Rural,Féminin,Primaire,Restauration scolaire,1849,INDH
AS603578,2020-2021,Souss-Massa,SOU,Rural,Féminin,Collégial,Internat,4107,MEN
AS603579,2023-2024,Casablanca-Settat,CAS,Urbain,Féminin,Primaire,Restauration scolaire,1743,MEN
AS603580,2023-2024,Marrakech-Safi,MAR,Urbain,Féminin,Collégial,Transport scolaire,1250,MEN
AS603581,2017-2018,Tanger-Tétouan-Al Hoceïma,TAN,Rural,Féminin,Primaire,Cartable,150,MEN
AS603582,2022-2023,Marrakech-Safi,MAR,Urbain,Féminin,Collégial,Cartable,154,MEN
AS603583,2019-2020,Casablanca-Settat,CAS,Urbain,Masculin,Primaire,Cartable,170,MEN
AS603584,2015-2016,Casablanca-Settat,CAS,Rural,Masculin,Qualifiant,Transport scolaire,1174,INDH
AS603585,2017-2018,Marrakech-Safi,MAR,Rural,Masculin,Primaire,Internat,3064,INDH
AS603586,2015-2016,Béni Mellal-Khénifra,BMK,Urbain,Féminin,Primaire,Cartable,167,MEN
AS603587,2015-2016,Fès-Meknès,FES,Urbain,Féminin,Primaire,Restauration scolaire,2194,INDH
AS603588,2017-2018,Casablanca-Settat,CAS,Urbain,Masculin,Collégial,Transport scolaire,1243,MEN
AS603589,2021-2022,Rabat-Salé-Kénitra,RAB,Urbain,Féminin,Primaire,Fournitures,204,MEN
AS603590,2016-2017,Fès-Meknès,FES,Rural,Féminin,Qualifiant,Restauration scolaire,1537,MEN
AS603591,2016-2017,Guelmim-Oued Noun,GUE,Urbain,Féminin,Primaire,Cartable,193,ONG
AS603592,2021-2022,Casablanca-Settat,CAS,Rural,Féminin,Collégial,Internat,2610,INDH
AS603593,2020-2021,Rabat-Salé-Kénitra,RAB,Urbain,Féminin,Primaire,Cartable,168,MEN
AS603594,2021-2022,Casablanca-Settat,CAS,Rural,Masculin,Qualifiant,Cartable,164,ONG
AS603595,2023-2024,Souss-Massa,SOU,Rural,Féminin,Primaire,Restauration scolaire,2116,Collectivité locale
AS603596,2023-2024,Tanger-Tétouan-Al Hoceïma,TAN,Urbain,Masculin,Primaire,Cartable,165,MEN
AS603597,2023-2024,Souss-Massa,SOU,Urbain,Masculin,Qualifiant,Internat,3841,MEN
AS603598,2023-2024,Rabat-Salé-Kénitra,RAB,Urbain,Masculin,Primaire,Cartable,117,Don privé
AS603599,2022-2023,Casablanca-Settat,CAS,Urbain,Masculin,Collégial,Transport scolaire,1274,MEN
AS603600,2015-2016,Rabat-Salé-Kénitra,RAB,Rural,Féminin,Qualifiant,Fournitures,200,Don privé
AS603601,2023-2024,Fès-Meknès,FES,Urbain,Féminin,Collégial,Cartable,153,MEN
AS603602,2020-2021,Casablanca-Settat,CAS,Rural,Masculin,Primaire,Restauration scolaire,1912,MEN
AS603603,2015-2016,Tanger-Tétouan-Al Hoceïma,TAN,Rural,Masculin,Collégial,Restauration scolaire,1858,ONG
AS603604,2020-2021,Casablanca-Settat,CAS,Urbain,Féminin,Primaire,Cartable,174,MEN
AS603605,2015-2016,Casablanca-Settat,CAS,Rural,Masculin,Collégial,Cartable,168,INDH
AS603606,2020-2021,Tanger-Tétouan-Al Hoceïma,TAN,Rural,Féminin,Primaire,Internat,3526,MEN
AS603607,2019-2020,Rabat-Salé-Kénitra,RAB,Rural,Féminin,Primaire,Uniforme,242,INDH
AS603608,2021-2022,Souss-Massa,SOU,Rural,Masculin,Qualifiant,Cartable,189,INDH
AS603609,2021-2022,Souss-Massa,SOU,Urbain,Féminin,Qualifiant,Restauration scolaire,1759,MEN
AS603610,2023-2024,Drâa-Tafilalet,DRA,Urbain,Féminin,Primaire,Fournitures,178,Collectivité locale
AS603611,2017-2018,Drâa-Tafilalet,DRA,Urbain,Féminin,Primaire,Restauration scolaire,1470,MEN
AS603612,2020-2021,Rabat-Salé-Kénitra,RAB,Urbain,Masculin,Primaire,Uniforme,279,Collectivité locale
AS603613,2023-2024,Oriental,ORI,Rural,Masculin,Primaire,Transport scolaire,1117,MEN
AS603614,2020-2021,Oriental,ORI,Rural,Masculin,Primaire,Internat,4133,MEN
AS603615,2015-2016,Fès-Meknès,FES,Rural,Féminin,Primaire,Restauration scolaire,1484,ONG
AS603616,2023-2024,Fès-Meknès,FES,Rural,Masculin,Primaire,Restauration scolaire,1846,MEN
AS603617,2021-2022,Guelmim-Oued Noun,GUE,Urbain,Féminin,Primaire,Cartable,197,Collectivité locale
AS603618,2015-2016,Rabat-Salé-Kénitra,RAB,Rural,Féminin,Qualifiant,Uniforme,282,MEN
AS603619,2023-2024,Casablanca-Settat,CAS,Rural,Masculin,Collégial,Restauration scolaire,1854,INDH
AS603620,2019-2020,Rabat-Salé-Kénitra,RAB,Urbain,Masculin,Collégial,Uniforme,317,MEN
AS603621,2023-2024,Marrakech-Safi,MAR,Urbain,Masculin,Collégial,Transport scolaire,981,MEN
AS603622,2017-2018,Fès-Meknès,FES,Urbain,Masculin,Primaire,Internat,3341,MEN
AS603623,2018-2019,Tanger-Tétouan-Al Hoceïma,TAN,Rural,Masculin,Primaire,Cartable,158,MEN
AS603624,2016-2017,Rabat-Salé-Kénitra,RAB,Rural,Masculin,Primaire,Cartable,151,Collectivité locale
AS603625,2019-2020,Casablanca-Settat,CAS,Urbain,Féminin,Primaire,Transport scolaire,1253,Collectivité locale
AS603626,2023-2024,Souss-Massa,SOU,Rural,Féminin,Primaire,Uniforme,287,ONG
AS603627,2022-2023,Tanger-Tétouan-Al Hoceïma,TAN,Urbain,Masculin,Collégial,Transport scolaire,1202,MEN
AS603628,2015-2016,Marrakech-Safi,MAR,Urbain,Féminin,Primaire,Fournitures,193,Don privé
AS603629,2023-2024,Casablanca-Settat,CAS,Rural,Masculin,Primaire,Internat,3627,INDH
AS603630,2018-2019,Casablanca-Settat,CAS,Urbain,Féminin,Qualifiant,Fournitures,202,MEN
AS603631,2015-2016,Marrakech-Safi,MAR,Urbain,Masculin,Primaire,Internat,3570,MEN
AS603632,2020-2021,Souss-Massa,SOU,Rural,Masculin,Primaire,Uniforme,258,Don privé
AS603633,2021-2022,Casablanca-Settat,CAS,Urbain,Masculin,Qualifiant,Cartable,136,MEN
AS603634,2017-2018,Tanger-Tétouan-Al Hoceïma,TAN,Urbain,Masculin,Primaire,Uniforme,322,Collectivité locale
AS603635,2023-2024,Marrakech-Safi,MAR,Urbain,Masculin,Collégial,Restauration scolaire,1701,Don privé
AS603636,2016-2017,Casablanca-Settat,CAS,Rural,Féminin,Collégial,Uniforme,296,MEN
AS603637,2015-2016,Oriental,ORI,Rural,Masculin,Collégial,Restauration scolaire,1864,MEN
AS603638,2021-2022,Casablanca-Settat,CAS,Urbain,Féminin,Collégial,Restauration scolaire,1689,MEN
AS603639,2018-2019,Casablanca-Settat,CAS,Rural,Féminin,Primaire,Uniforme,299,Collectivité locale
AS603640,2020-2021,Fès-Meknès,FES,Rural,Féminin,Primaire,Fournitures,188,MEN
AS603641,2020-2021,Drâa-Tafilalet,DRA,Rural,Féminin,Primaire,Restauration scolaire,2126,INDH
AS603642,2018-2019,Oriental,ORI,Rural,Masculin,Qualifiant,Restauration scolaire,1985,INDH
AS603643,2016-2017,Béni Mellal-Khénifra,BMK,Urbain,Masculin,Qualifiant,Internat,3892,ONG
AS603644,2016-2017,Rabat-Salé-Kénitra,RAB,Rural,Masculin,Collégial,Cartable,162,MEN
AS603645,2018-2019,Casablanca-Settat,CAS,Urbain,Masculin,Qualifiant,Transport scolaire,1056,MEN
AS603646,2015-2016,Rabat-Salé-Kénitra,RAB,Urbain,Masculin,Collégial,Cartable,171,MEN
AS603647,2017-2018,Casablanca-Settat,CAS,Rural,Féminin,Primaire,Internat,3432,INDH
AS603648,2021-2022,Fès-Meknès,FES,Urbain,Féminin,Collégial,Internat,3694,MEN
AS603649,2017-2018,Drâa-Tafilalet,DRA,Rural,Féminin,Collégial,Transport scolaire,1195,MEN
AS603650,2022-2023,Rabat-Salé-Kénitra,RAB,Rural,Masculin,Primaire,Internat,3033,MEN
AS603651,2022-2023,Souss-Massa,SOU,Rural,Masculin,Collégial,Cartable,142,MEN
AS603652,2020-2021,Casablanca-Settat,CAS,Rural,Féminin,Qualifiant,Cartable,131,MEN
AS603653,2021-2022,Casablanca-Settat,CAS,Urbain,Masculin,Primaire,Uniforme,207,MEN
AS603654,2016-2017,Marrakech-Safi,MAR,Urbain,Féminin,Primaire,Internat,3737,MEN
AS603655,2023-2024,Rabat-Salé-Kénitra,RAB,Rural,Masculin,Collégial,Restauration scolaire,1486,MEN
AS603656,2016-2017,Marrakech-Safi,MAR,Urbain,Féminin,Collégial,Fournitures,208,INDH
AS603657,2017-2018,Souss-Massa,SOU,Rural,Féminin,Primaire,Uniforme,316,INDH
AS603658,2018-2019,Casablanca-Settat,CAS,Rural,Masculin,Collégial,Internat,3848,INDH
AS603659,2017-2018,Rabat-Salé-Kénitra,RAB,Urbain,Masculin,Qualifiant,Cartable,128,MEN
AS603660,2016-2017,Tanger-Tétouan-Al Hoceïma,TAN,Rural,Féminin,Collégial,Cartable,158,MEN
AS603661,2016-2017,Fès-Meknès,FES,Rural,Féminin,Qualifiant,Restauration scolaire,1890,MEN
AS603662,2019-2020,Marrakech-Safi,MAR,Rural,Féminin,Qualifiant,Uniforme,233,MEN
AS603663,2023-2024,Drâa-Tafilalet,DRA,Urbain,Masculin,Primaire,Uniforme,285,MEN
AS603664,2018-2019,Tanger-Tétouan-Al Hoceïma,TAN,Urbain,Féminin,Collégial,Cartable,157,MEN
AS603665,2015-2016,Casablanca-Settat,CAS,Rural,Masculin,Primaire,Cartable,188,INDH
AS603666,2016-2017,Rabat-Salé-Kénitra,RAB,Urbain,Féminin,Collégial,Restauration scolaire,1721,MEN
AS603667,2017-2018,Oriental,ORI,Rural,Masculin,Primaire,Restauration scolaire,1869,MEN
AS603668,2016-2017,Casablanca-Settat,CAS,Urbain,Masculin,Primaire,Restauration scolaire,2004,ONG
AS603669,2019-2020,Casablanca-Settat,CAS,Rural,Féminin,Qualifiant,Cartable,172,Collectivité locale
AS603670,2020-2021,Marrakech-Safi,MAR,Rural,Masculin,Primaire,Uniforme,305,MEN
AS603671,2020-2021,Casablanca-Settat,CAS,Rural,Masculin,Primaire,Cartable,191,MEN
AS603672,2018-2019,Casablanca-Settat,CAS,Urbain,Masculin,Primaire,Cartable,155,MEN
AS603673,2015-2016,Tanger-Tétouan-Al Hoceïma,TAN,Rural,Féminin,Qualifiant,Fournitures,194,INDH
AS603674,2016-2017,Rabat-Salé-Kénitra,RAB,Rural,Masculin,Primaire,Cartable,188,INDH
AS603675,2022-2023,Fès-Meknès,FES,Rural,Masculin,Primaire,Uniforme,245,INDH
AS603676,2023-2024,Fès-Meknès,FES,Rural,Masculin,Primaire,Cartable,137,MEN
AS603677,2021-2022,Casablanca-Settat,CAS,Urbain,Masculin,Collégial,Internat,3848,MEN
AS603678,2015-2016,Béni Mellal-Khénifra,BMK,Rural,Masculin,Qualifiant,Cartable,186,MEN
AS603679,2020-2021,Dakhla-Oued Eddahab,DAK,Rural,Masculin,Qualifiant,Transport scolaire,1411,INDH
AS603680,2022-2023,Casablanca-Settat,CAS,Rural,Féminin,Primaire,Fournitures,211,MEN
AS603681,2017-2018,Rabat-Salé-Kénitra,RAB,Rural,Féminin,Collégial,Internat,3962,MEN
AS603682,2022-2023,Rabat-Salé-Kénitra,RAB,Rural,Masculin,Primaire,Restauration scolaire,1782,Collectivité locale
AS603683,2020-2021,Rabat-Salé-Kénitra,RAB,Rural,Masculin,Primaire,Transport scolaire,1309,MEN
AS603684,2019-2020,Casablanca-Settat,CAS,Rural,Masculin,Primaire,Fournitures,202,INDH
AS603685,2021-2022,Oriental,ORI,Rural,Masculin,Primaire,Cartable,180,MEN
AS603686,2023-2024,Rabat-Salé-Kénitra,RAB,Rural,Féminin,Primaire,Restauration scolaire,1494,INDH
AS603687,2022-2023,Marrakech-Safi,MAR,Urbain,Féminin,Collégial,Cartable,174,INDH
AS603688,2021-2022,Tanger-Tétouan-Al Hoceïma,TAN,Urbain,Féminin,Qualifiant,Cartable,161,MEN
AS603689,2019-2020,Casablanca-Settat,CAS,Urbain,Masculin,Primaire,Restauration scolaire,2159,Collectivité locale
AS603690,2019-2020,Marrakech-Safi,MAR,Rural,Féminin,Collégial,Uniforme,281,MEN
AS603691,2019-2020,Casablanca-Settat,CAS,Urbain,Féminin,Qualifiant,Restauration scolaire,1791,MEN
AS603692,2019-2020,Drâa-Tafilalet,DRA,Urbain,Masculin,Primaire,Restauration scolaire,1927,INDH
AS603693,2015-2016,Casablanca-Settat,CAS,Urbain,Masculin,Primaire,Restauration scolaire,1695,MEN
AS603694,2017-2018,Oriental,ORI,Rural,Masculin,Collégial,Cartable,171,Collectivité locale
AS603695,2021-2022,Rabat-Salé-Kénitra,RAB,Rural,Masculin,Qualifiant,Cartable,188,MEN
AS603696,2015-2016,Béni Mellal-Khénifra,BMK,Rural,Féminin,Collégial,Transport scolaire,1065,MEN
AS603697,2020-2021,Fès-Meknès,FES,Rural,Masculin,Primaire,Internat,3543,MEN
AS603698,2022-2023,Tanger-Tétouan-Al Hoceïma,TAN,Rural,Féminin,Qualifiant,Uniforme,317,MEN
AS603699,2023-2024,Tanger-Tétouan-Al Hoceïma,TAN,Urbain,Féminin,Qualifiant,Cartable,166,MEN
AS603700,2015-2016,Souss-Massa,SOU,Rural,Féminin,Qualifiant,Internat,2901,MEN
AS603701,2019-2020,Marrakech-Safi,MAR,Urbain,Féminin,Qualifiant,Restauration scolaire,1786,Collectivité locale
AS603702,2021-2022,Béni Mellal-Khénifra,BMK,Rural,Féminin,Collégial,Internat,3109,MEN
AS603703,2016-2017,Tanger-Tétouan-Al Hoceïma,TAN,Rural,Féminin,Primaire,Restauration scolaire,2021,MEN
AS603704,2018-2019,Béni Mellal-Khénifra,BMK,Urbain,Masculin,Qualifiant,Internat,4067,Collectivité locale
AS603705,2023-2024,Béni Mellal-Khénifra,BMK,Urbain,Masculin,Primaire,Internat,3540,MEN
AS603706,2021-2022,Béni Mellal-Khénifra,BMK,Rural,Masculin,Qualifiant,Internat,3645,INDH
AS603707,2017-2018,Fès-Meknès,FES,Urbain,Masculin,Primaire,Uniforme,272,Don privé
AS603708,2016-2017,Fès-Meknès,FES,Rural,Masculin,Collégial,Cartable,147,MEN
AS603709,2022-2023,Tanger-Tétouan-Al Hoceïma,TAN,Urbain,Féminin,Primaire,Restauration scolaire,1804,Collectivité locale
AS603710,2022-2023,Casablanca-Settat,CAS,Rural,Masculin,Primaire,Cartable,149,MEN
AS603711,2020-2021,Casablanca-Settat,CAS,Urbain,Féminin,Primaire,Restauration scolaire,1593,MEN
AS603712,2022-2023,Casablanca-Settat,CAS,Rural,Masculin,Collégial,Internat,2990,MEN
AS603713,2018-2019,Casablanca-Settat,CAS,Rural,Masculin,Primaire,Cartable,155,MEN
AS603714,2023-2024,Oriental,ORI,Rural,Masculin,Collégial,Cartable,158,MEN
AS603715,2016-2017,Souss-Massa,SOU,Rural,Masculin,Collégial,Transport scolaire,1446,MEN
AS603716,2020-2021,Casablanca-Settat,CAS,Rural,Masculin,Collégial,Transport scolaire,1127,ONG
AS603717,2018-2019,Souss-Massa,SOU,Rural,Masculin,Primaire,Uniforme,278,MEN
AS603718,2016-2017,Guelmim-Oued Noun,GUE,Rural,Féminin,Primaire,Internat,3854,Collectivité locale
AS603719,2022-2023,Casablanca-Settat,CAS,Rural,Masculin,Collégial,Cartable,152,ONG
AS603720,2015-2016,Rabat-Salé-Kénitra,RAB,Rural,Féminin,Collégial,Fournitures,208,MEN
AS603721,2021-2022,Tanger-Tétouan-Al Hoceïma,TAN,Rural,Féminin,Collégial,Transport scolaire,1248,MEN
AS603722,2021-2022,Casablanca-Settat,CAS,Urbain,Féminin,Primaire,Restauration scolaire,1618,INDH
AS603723,2021-2022,Guelmim-Oued Noun,GUE,Urbain,Féminin,Primaire,Internat,3888,MEN
AS603724,2019-2020,Tanger-Tétouan-Al Hoceïma,TAN,Rural,Masculin,Primaire,Transport scolaire,1241,Collectivité locale
AS603725,2016-2017,Casablanca-Settat,CAS,Rural,Masculin,Primaire,Cartable,157,MEN
AS603726,2018-2019,Rabat-Salé-Kénitra,RAB,Urbain,Masculin,Primaire,Transport scolaire,1258,ONG
AS603727,2017-2018,Fès-Meknès,FES,Rural,Féminin,Primaire,Transport scolaire,1250,MEN
AS603728,2020-2021,Rabat-Salé-Kénitra,RAB,Urbain,Féminin,Collégial,Transport scolaire,1264,Collectivité locale
AS603729,2021-2022,Fès-Meknès,FES,Rural,Féminin,Primaire,Cartable,160,Collectivité locale
AS603730,2023-2024,Fès-Meknès,FES,Urbain,Masculin,Primaire,Cartable,164,INDH
AS603731,2023-2024,Rabat-Salé-Kénitra,RAB,Urbain,Masculin,Qualifiant,Uniforme,315,MEN
AS603732,2019-2020,Fès-Meknès,FES,Urbain,Masculin,Qualifiant,Transport scolaire,1073,INDH
AS603733,2019-2020,Rabat-Salé-Kénitra,RAB,Rural,Féminin,Primaire,Restauration scolaire,2178,Don privé
AS603734,2016-2017,Rabat-Salé-Kénitra,RAB,Rural,Féminin,Collégial,Transport scolaire,1165,MEN
AS603735,2021-2022,Marrakech-Safi,MAR,Urbain,Féminin,Collégial,Cartable,166,MEN
AS603736,2017-2018,Marrakech-Safi,MAR,Rural,Féminin,Primaire,Internat,3173,Collectivité locale
AS603737,2019-2020,Casablanca-Settat,CAS,Urbain,Masculin,Collégial,Transport scolaire,1247,Don privé
AS603738,2022-2023,Tanger-Tétouan-Al Hoceïma,TAN,Rural,Masculin,Primaire,Restauration scolaire,1732,INDH
AS603739,2017-2018,Souss-Massa,SOU,Rural,Féminin,Primaire,Cartable,162,MEN
AS603740,2022-2023,Casablanca-Settat,CAS,Rural,Féminin,Primaire,Internat,3832,ONG
AS603741,2020-2021,Casablanca-Settat,CAS,Urbain,Féminin,Collégial,Restauration scolaire,1746,MEN
AS603742,2023-2024,Souss-Massa,SOU,Urbain,Masculin,Primaire,Cartable,161,MEN
AS603743,2016-2017,Guelmim-Oued Noun,GUE,Urbain,Masculin,Collégial,Fournitures,200,MEN
AS603744,2018-2019,Fès-Meknès,FES,Rural,Masculin,Primaire,Cartable,159,MEN
AS603745,2023-2024,Souss-Massa,SOU,Urbain,Féminin,Primaire,Fournitures,201,MEN
AS603746,2020-2021,Souss-Massa,SOU,Rural,Masculin,Primaire,Internat,2991,Don privé
AS603747,2016-2017,Dakhla-Oued Eddahab,DAK,Rural,Féminin,Primaire,Transport scolaire,1334,MEN
AS603748,2021-2022,Casablanca-Settat,CAS,Rural,Masculin,Collégial,Uniforme,305,MEN
AS603749,2019-2020,Rabat-Salé-Kénitra,RAB,Urbain,Masculin,Primaire,Cartable,159,MEN
AS603750,2023-2024,Fès-Meknès,FES,Urbain,Masculin,Primaire,Restauration scolaire,2037,MEN
AS603751,2019-2020,Oriental,ORI,Rural,Féminin,Qualifiant,Restauration scolaire,1931,ONG
AS603752,2015-2016,Marrakech-Safi,MAR,Rural,Masculin,Primaire,Cartable,168,MEN
AS603753,2018-2019,Tanger-Tétouan-Al Hoceïma,TAN,Urbain,Masculin,Primaire,Uniforme,270,MEN
AS603754,2023-2024,Casablanca-Settat,CAS,Urbain,Masculin,Primaire,Cartable,155,MEN
AS603755,2016-2017,Marrakech-Safi,MAR,Urbain,Féminin,Primaire,Internat,3285,ONG
AS603756,2021-2022,Guelmim-Oued Noun,GUE,Urbain,Masculin,Primaire,Uniforme,278,MEN
AS603757,2016-2017,Casablanca-Settat,CAS,Urbain,Masculin,Primaire,Cartable,145,MEN
AS603758,2023-2024,Casablanca-Settat,CAS,Urbain,Féminin,Primaire,Transport scolaire,1079,MEN
AS603759,2015-2016,Casablanca-Settat,CAS,Rural,Masculin,Qualifiant,Transport scolaire,1470,MEN
AS603760,2015-2016,Souss-Massa,SOU,Urbain,Masculin,Primaire,Internat,3754,INDH
AS603761,2017-2018,Oriental,ORI,Rural,Féminin,Qualifiant,Fournitures,220,MEN
AS603762,2016-2017,Casablanca-Settat,CAS,Urbain,Féminin,Collégial,Cartable,189,MEN
AS603763,2016-2017,Marrakech-Safi,MAR,Urbain,Masculin,Collégial,Cartable,144,MEN
AS603764,2016-2017,Casablanca-Settat,CAS,Urbain,Masculin,Primaire,Restauration scolaire,1655,MEN
AS603765,2020-2021,Béni Mellal-Khénifra,BMK,Urbain,Masculin,Collégial,Restauration scolaire,1643,MEN
AS603766,2020-2021,Souss-Massa,SOU,Urbain,Féminin,Qualifiant,Fournitures,198,Collectivité locale
AS603767,2019-2020,Rabat-Salé-Kénitra,RAB,Rural,Féminin,Qualifiant,Cartable,170,MEN
AS603768,2023-2024,Souss-Massa,SOU,Rural,Féminin,Primaire,Cartable,154,INDH
AS603769,2018-2019,Fès-Meknès,FES,Urbain,Masculin,Primaire,Cartable,160,MEN
AS603770,2020-2021,Rabat-Salé-Kénitra,RAB,Rural,Masculin,Collégial,Cartable,172,ONG
AS603771,2017-2018,Fès-Meknès,FES,Urbain,Masculin,Primaire,Cartable,134,Collectivité locale
AS603772,2020-2021,Fès-Meknès,FES,Urbain,Masculin,Primaire,Cartable,154,MEN
AS603773,2021-2022,Drâa-Tafilalet,DRA,Urbain,Masculin,Primaire,Restauration scolaire,1511,ONG
AS603774,2020-2021,Tanger-Tétouan-Al Hoceïma,TAN,Rural,Masculin,Primaire,Restauration scolaire,1651,MEN
AS603775,2020-2021,Béni Mellal-Khénifra,BMK,Rural,Masculin,Primaire,Transport scolaire,1353,MEN
AS603776,2022-2023,Casablanca-Settat,CAS,Rural,Masculin,Qualifiant,Transport scolaire,1075,INDH
AS603777,2018-2019,Rabat-Salé-Kénitra,RAB,Urbain,Féminin,Primaire,Internat,2747,ONG
AS603778,2018-2019,Fès-Meknès,FES,Rural,Masculin,Primaire,Uniforme,283,MEN
AS603779,2023-2024,Fès-Meknès,FES,Rural,Masculin,Collégial,Fournitures,208,MEN
AS603780,2023-2024,Fès-Meknès,FES,Rural,Masculin,Primaire,Restauration scolaire,1598,Collectivité locale
AS603781,2018-2019,Béni Mellal-Khénifra,BMK,Rural,Masculin,Primaire,Internat,3798,Don privé
AS603782,2018-2019,Oriental,ORI,Urbain,Féminin,Primaire,Fournitures,197,MEN
AS603783,2021-2022,Béni Mellal-Khénifra,BMK,Rural,Féminin,Primaire,Restauration scolaire,1881,MEN
AS603784,2021-2022,Drâa-Tafilalet,DRA,Urbain,Féminin,Primaire,Internat,3092,MEN
AS603785,2018-2019,Béni Mellal-Khénifra,BMK,Urbain,Masculin,Qualifiant,Restauration scolaire,1612,MEN
AS603786,2022-2023,Marrakech-Safi,MAR,Rural,Féminin,Collégial,Restauration scolaire,1981,MEN
AS603787,2021-2022,Casablanca-Settat,CAS,Rural,Masculin,Primaire,Cartable,150,MEN
AS603788,2023-2024,Guelmim-Oued Noun,GUE,Urbain,Féminin,Qualifiant,Internat,3276,MEN
AS603789,2023-2024,Tanger-Tétouan-Al Hoceïma,TAN,Rural,Féminin,Qualifiant,Restauration scolaire,1835,ONG
AS603790,2019-2020,Laâyoune-Sakia El Hamra,LAA,Rural,Masculin,Primaire,Internat,4016,MEN
AS603791,2020-2021,Drâa-Tafilalet,DRA,Urbain,Féminin,Primaire,Restauration scolaire,1903,MEN
AS603792,2022-2023,Marrakech-Safi,MAR,Urbain,Masculin,Collégial,Cartable,174,MEN
AS603793,2022-2023,Marrakech-Safi,MAR,Urbain,Masculin,Primaire,Transport scolaire,1353,MEN
AS603794,2017-2018,Drâa-Tafilalet,DRA,Rural,Féminin,Primaire,Cartable,131,INDH
AS603795,2023-2024,Marrakech-Safi,MAR,Urbain,Féminin,Primaire,Cartable,163,MEN
AS603796,2023-2024,Souss-Massa,SOU,Urbain,Féminin,Collégial,Restauration scolaire,1905,MEN
AS603797,2018-2019,Tanger-Tétouan-Al Hoceïma,TAN,Rural,Masculin,Collégial,Restauration scolaire,1893,MEN
AS603798,2019-2020,Béni Mellal-Khénifra,BMK,Urbain,Féminin,Primaire,Cartable,189,MEN
AS603799,2018-2019,Fès-Meknès,FES,Urbain,Masculin,Primaire,Restauration scolaire,1703,MEN
AS603800,2020-2021,Tanger-Tétouan-Al Hoceïma,TAN,Rural,Féminin,Qualifiant,Uniforme,305,MEN
AS603801,2015-2016,Rabat-Salé-Kénitra,RAB,Urbain,Féminin,Collégial,Cartable,155,Collectivité locale
AS603802,2020-2021,Fès-Meknès,FES,Rural,Féminin,Collégial,Uniforme,259,INDH
AS603803,2016-2017,Drâa-Tafilalet,DRA,Rural,Masculin,Primaire,Cartable,149,MEN
AS603804,2020-2021,Fès-Meknès,FES,Urbain,Masculin,Primaire,Internat,3163,Don privé
AS603805,2016-2017,Marrakech-Safi,MAR,Rural,Masculin,Primaire,Restauration scolaire,1606,MEN
AS603806,2016-2017,Tanger-Tétouan-Al Hoceïma,TAN,Rural,Masculin,Primaire,Cartable,131,MEN
AS603807,2020-2021,Rabat-Salé-Kénitra,RAB,Rural,Féminin,Collégial,Cartable,153,MEN
AS603808,2023-2024,Tanger-Tétouan-Al Hoceïma,TAN,Rural,Féminin,Qualifiant,Transport scolaire,1104,ONG
AS603809,2018-2019,Casablanca-Settat,CAS,Rural,Féminin,Collégial,Cartable,143,INDH
AS603810,2019-2020,Souss-Massa,SOU,Urbain,Masculin,Collégial,Cartable,159,MEN
AS603811,2018-2019,Marrakech-Safi,MAR,Rural,Masculin,Collégial,Restauration scolaire,2021,MEN
AS603812,2020-2021,Fès-Meknès,FES,Urbain,Masculin,Primaire,Cartable,154,MEN
AS603813,2021-2022,Fès-Meknès,FES,Rural,Féminin,Collégial,Cartable,163,Collectivité locale
AS603814,2017-2018,Casablanca-Settat,CAS,Rural,Féminin,Primaire,Cartable,132,MEN
AS603815,2017-2018,Guelmim-Oued Noun,GUE,Rural,Féminin,Qualifiant,Restauration scolaire,1862,MEN
AS603816,2016-2017,Marrakech-Safi,MAR,Rural,Masculin,Primaire,Uniforme,280,Collectivité locale
AS603817,2019-2020,Guelmim-Oued Noun,GUE,Rural,Masculin,Qualifiant,Restauration scolaire,1634,INDH
AS603818,2017-2018,Rabat-Salé-Kénitra,RAB,Rural,Féminin,Qualifiant,Cartable,153,INDH
AS603819,2023-2024,Drâa-Tafilalet,DRA,Rural,Masculin,Qualifiant,Uniforme,253,Collectivité locale
AS603820,2015-2016,Drâa-Tafilalet,DRA,Urbain,Masculin,Collégial,Restauration scolaire,1676,Collectivité locale
AS603821,2021-2022,Béni Mellal-Khénifra,BMK,Rural,Masculin,Qualifiant,Transport scolaire,962,MEN
AS603822,2015-2016,Drâa-Tafilalet,DRA,Rural,Féminin,Qualifiant,Cartable,177,INDH
AS603823,2016-2017,Oriental,ORI,Rural,Masculin,Collégial,Cartable,159,INDH
AS603824,2023-2024,Tanger-Tétouan-Al Hoceïma,TAN,Urbain,Féminin,Primaire,Cartable,171,Don privé
AS603825,2015-2016,Marrakech-Safi,MAR,Rural,Féminin,Primaire,Cartable,159,MEN
AS603826,2017-2018,Rabat-Salé-Kénitra,RAB,Rural,Masculin,Collégial,Internat,3010,Don privé
AS603827,2015-2016,Béni Mellal-Khénifra,BMK,Urbain,Masculin,Primaire,Uniforme,325,INDH
AS603828,2017-2018,Marrakech-Safi,MAR,Urbain,Masculin,Primaire,Internat,3392,ONG
AS603829,2020-2021,Casablanca-Settat,CAS,Rural,Féminin,Primaire,Cartable,172,MEN
AS603830,2017-2018,Fès-Meknès,FES,Rural,Masculin,Primaire,Internat,3769,MEN
AS603831,2016-2017,Casablanca-Settat,CAS,Urbain,Féminin,Qualifiant,Restauration scolaire,1892,INDH
AS603832,2020-2021,Casablanca-Settat,CAS,Rural,Masculin,Primaire,Fournitures,232,Don privé
AS603833,2016-2017,Casablanca-Settat,CAS,Rural,Masculin,Primaire,Fournitures,181,MEN
AS603834,2022-2023,Casablanca-Settat,CAS,Urbain,Masculin,Primaire,Restauration scolaire,1988,MEN
AS603835,2019-2020,Drâa-Tafilalet,DRA,Urbain,Masculin,Primaire,Cartable,153,MEN
AS603836,2018-2019,Casablanca-Settat,CAS,Urbain,Féminin,Qualifiant,Internat,3983,INDH
AS603837,2015-2016,Tanger-Tétouan-Al Hoceïma,TAN,Rural,Féminin,Collégial,Transport scolaire,1214,Don privé
AS603838,2023-2024,Casablanca-Settat,CAS,Rural,Masculin,Primaire,Cartable,170,MEN
AS603839,2018-2019,Marrakech-Safi,MAR,Urbain,Masculin,Qualifiant,Uniforme,212,MEN
AS603840,2017-2018,Béni Mellal-Khénifra,BMK,Rural,Masculin,Primaire,Uniforme,264,MEN
AS603841,2015-2016,Casablanca-Settat,CAS,Urbain,Féminin,Collégial,Transport scolaire,1523,MEN
AS603842,2015-2016,Fès-Meknès,FES,Urbain,Masculin,Qualifiant,Transport scolaire,1070,MEN
AS603843,2019-2020,Béni Mellal-Khénifra,BMK,Rural,Féminin,Primaire,Restauration scolaire,2167,MEN
AS603844,2020-2021,Drâa-Tafilalet,DRA,Urbain,Masculin,Qualifiant,Uniforme,236,ONG
AS603845,2022-2023,Casablanca-Settat,CAS,Urbain,Masculin,Collégial,Restauration scolaire,1816,Collectivité locale
AS603846,2021-2022,Souss-Massa,SOU,Rural,Féminin,Collégial,Uniforme,267,MEN
AS603847,2017-2018,Drâa-Tafilalet,DRA,Rural,Féminin,Primaire,Transport scolaire,1085,INDH
AS603848,2018-2019,Casablanca-Settat,CAS,Rural,Masculin,Qualifiant,Internat,3412,MEN
AS603849,2019-2020,Casablanca-Settat,CAS,Urbain,Féminin,Primaire,Cartable,162,MEN
AS603850,2016-2017,Rabat-Salé-Kénitra,RAB,Urbain,Féminin,Primaire,Cartable,162,ONG
AS603851,2021-2022,Souss-Massa,SOU,Urbain,Masculin,Primaire,Transport scolaire,1267,INDH
AS603852,2017-2018,Marrakech-Safi,MAR,Urbain,Masculin,Qualifiant,Cartable,177,MEN
AS603853,2017-2018,Casablanca-Settat,CAS,Rural,Féminin,Collégial,Internat,4103,Collectivité locale
AS603854,2021-2022,Marrakech-Safi,MAR,Urbain,Féminin,Collégial,Restauration scolaire,1997,MEN
AS603855,2015-2016,Tanger-Tétouan-Al Hoceïma,TAN,Rural,Masculin,Collégial,Transport scolaire,1274,MEN
AS603856,2023-2024,Fès-Meknès,FES,Urbain,Féminin,Primaire,Transport scolaire,1201,MEN
AS603857,2015-2016,Béni Mellal-Khénifra,BMK,Rural,Masculin,Qualifiant,Uniforme,226,MEN
AS603858,2017-2018,Rabat-Salé-Kénitra,RAB,Rural,Féminin,Collégial,Cartable,136,MEN
AS603859,2016-2017,Drâa-Tafilalet,DRA,Urbain,Féminin,Qualifiant,Transport scolaire,1246,MEN
AS603860,2023-2024,Fès-Meknès,FES,Rural,Féminin,Qualifiant,Fournitures,212,MEN
AS603861,2018-2019,Fès-Meknès,FES,Rural,Féminin,Primaire,Internat,3207,Collectivité locale
AS603862,2018-2019,Tanger-Tétouan-Al Hoceïma,TAN,Urbain,Féminin,Collégial,Cartable,170,MEN
AS603863,2019-2020,Tanger-Tétouan-Al Hoceïma,TAN,Urbain,Masculin,Primaire,Restauration scolaire,1977,MEN
AS603864,2017-2018,Casablanca-Settat,CAS,Rural,Féminin,Primaire,Transport scolaire,1348,Don privé
AS603865,2021-2022,Rabat-Salé-Kénitra,RAB,Rural,Féminin,Primaire,Uniforme,274,MEN
AS603866,2017-2018,Casablanca-Settat,CAS,Rural,Féminin,Collégial,Restauration scolaire,1511,MEN
AS603867,2023-2024,Oriental,ORI,Rural,Masculin,Collégial,Cartable,184,INDH
AS603868,2020-2021,Casablanca-Settat,CAS,Rural,Féminin,Qualifiant,Transport scolaire,1303,INDH
AS603869,2022-2023,Oriental,ORI,Rural,Féminin,Collégial,Internat,3521,INDH
AS603870,2017-2018,Rabat-Salé-Kénitra,RAB,Urbain,Masculin,Primaire,Cartable,164,MEN
AS603871,2016-2017,Rabat-Salé-Kénitra,RAB,Rural,Masculin,Collégial,Cartable,159,MEN
AS603872,2022-2023,Rabat-Salé-Kénitra,RAB,Urbain,Féminin,Collégial,Restauration scolaire,1560,MEN
AS603873,2020-2021,Fès-Meknès,FES,Rural,Masculin,Collégial,Cartable,164,ONG
AS603874,2021-2022,Rabat-Salé-Kénitra,RAB,Rural,Féminin,Primaire,Uniforme,308,INDH
AS603875,2015-2016,Souss-Massa,SOU,Urbain,Masculin,Collégial,Transport scolaire,1251,MEN
AS603876,2018-2019,Souss-Massa,SOU,Rural,Féminin,Qualifiant,Cartable,197,MEN
AS603877,2022-2023,Tanger-Tétouan-Al Hoceïma,TAN,Urbain,Féminin,Qualifiant,Cartable,180,MEN
AS603878,2021-2022,Fès-Meknès,FES,Rural,Masculin,Collégial,Transport scolaire,1478,MEN
AS603879,2016-2017,Oriental,ORI,Urbain,Féminin,Qualifiant,Restauration scolaire,1811,MEN
AS603880,2016-2017,Fès-Meknès,FES,Urbain,Féminin,Primaire,Cartable,138,Collectivité locale
AS603881,2016-2017,Rabat-Salé-Kénitra,RAB,Urbain,Masculin,Primaire,Internat,3241,MEN
AS603882,2023-2024,Souss-Massa,SOU,Urbain,Féminin,Primaire,Fournitures,199,MEN
AS603883,2019-2020,Casablanca-Settat,CAS,Urbain,Féminin,Primaire,Internat,3407,MEN
AS603884,2016-2017,Oriental,ORI,Rural,Féminin,Primaire,Internat,3454,MEN
AS603885,2017-2018,Fès-Meknès,FES,Rural,Féminin,Collégial,Uniforme,259,MEN
AS603886,2015-2016,Oriental,ORI,Rural,Masculin,Primaire,Internat,3623,MEN
AS603887,2017-2018,Casablanca-Settat,CAS,Urbain,Féminin,Collégial,Restauration scolaire,1563,ONG
AS603888,2020-2021,Souss-Massa,SOU,Rural,Masculin,Collégial,Restauration scolaire,1627,Collectivité locale
AS603889,2015-2016,Tanger-Tétouan-Al Hoceïma,TAN,Rural,Masculin,Primaire,Restauration scolaire,1706,MEN
AS603890,2023-2024,Oriental,ORI,Rural,Masculin,Collégial,Cartable,145,MEN
AS603891,2022-2023,Souss-Massa,SOU,Urbain,Féminin,Primaire,Cartable,163,MEN
AS603892,2019-2020,Marrakech-Safi,MAR,Rural,Masculin,Primaire,Restauration scolaire,1740,MEN
AS603893,2020-2021,Souss-Massa,SOU,Rural,Féminin,Primaire,Transport scolaire,1237,MEN
AS603894,2017-2018,Marrakech-Safi,MAR,Urbain,Féminin,Primaire,Transport scolaire,1128,Collectivité locale
AS603895,2020-2021,Oriental,ORI,Rural,Féminin,Primaire,Cartable,158,MEN
AS603896,2021-2022,Drâa-Tafilalet,DRA,Urbain,Féminin,Primaire,Restauration scolaire,1852,INDH
AS603897,2017-2018,Casablanca-Settat,CAS,Rural,Féminin,Primaire,Uniforme,254,MEN
AS603898,2019-2020,Souss-Massa,SOU,Urbain,Masculin,Collégial,Restauration scolaire,1726,MEN
AS603899,2018-2019,Rabat-Salé-Kénitra,RAB,Urbain,Féminin,Primaire,Cartable,167,Collectivité locale
AS603900,2018-2019,Fès-Meknès,FES,Urbain,Féminin,Primaire,Transport scolaire,1181,INDH
AS603901,2019-2020,Rabat-Salé-Kénitra,RAB,Rural,Masculin,Collégial,Cartable,127,INDH
AS603902,2023-2024,Fès-Meknès,FES,Rural,Masculin,Primaire,Internat,3650,MEN
AS603903,2015-2016,Casablanca-Settat,CAS,Urbain,Féminin,Qualifiant,Internat,2935,INDH
AS603904,2020-2021,Casablanca-Settat,CAS,Rural,Masculin,Collégial,Transport scolaire,1192,ONG
AS603905,2018-2019,Tanger-Tétouan-Al Hoceïma,TAN,Urbain,Féminin,Primaire,Restauration scolaire,1706,INDH
AS603906,2021-2022,Rabat-Salé-Kénitra,RAB,Urbain,Masculin,Qualifiant,Internat,4042,Collectivité locale
AS603907,2018-2019,Oriental,ORI,Urbain,Féminin,Primaire,Uniforme,284,MEN
AS603908,2016-2017,Oriental,ORI,Urbain,Masculin,Qualifiant,Cartable,164,MEN
AS603909,2016-2017,Rabat-Salé-Kénitra,RAB,Urbain,Féminin,Qualifiant,Internat,3234,MEN
AS603910,2022-2023,Marrakech-Safi,MAR,Rural,Féminin,Primaire,Restauration scolaire,1900,Don privé
AS603911,2016-2017,Rabat-Salé-Kénitra,RAB,Urbain,Masculin,Primaire,Uniforme,349,MEN
AS603912,2018-2019,Casablanca-Settat,CAS,Rural,Masculin,Collégial,Internat,3407,INDH
AS603913,2017-2018,Oriental,ORI,Rural,Féminin,Primaire,Transport scolaire,1439,MEN
AS603914,2016-2017,Rabat-Salé-Kénitra,RAB,Urbain,Féminin,Primaire,Cartable,178,MEN
AS603915,2023-2024,Rabat-Salé-Kénitra,RAB,Urbain,Féminin,Primaire,Cartable,162,MEN
AS603916,2022-2023,Tanger-Tétouan-Al Hoceïma,TAN,Urbain,Féminin,Primaire,Internat,3120,MEN
AS603917,2020-2021,Oriental,ORI,Urbain,Féminin,Collégial,Restauration scolaire,1786,MEN
AS603918,2017-2018,Marrakech-Safi,MAR,Urbain,Masculin,Qualifiant,Cartable,177,MEN
AS603919,2019-2020,Casablanca-Settat,CAS,Rural,Masculin,Qualifiant,Uniforme,252,MEN
AS603920,2021-2022,Souss-Massa,SOU,Rural,Masculin,Collégial,Cartable,179,INDH
AS603921,2016-2017,Béni Mellal-Khénifra,BMK,Urbain,Masculin,Primaire,Restauration scolaire,1837,MEN
AS603922,2019-2020,Casablanca-Settat,CAS,Rural,Féminin,Primaire,Internat,4475,MEN
AS603923,2018-2019,Rabat-Salé-Kénitra,RAB,Urbain,Féminin,Primaire,Fournitures,215,MEN
AS603924,2018-2019,Souss-Massa,SOU,Urbain,Féminin,Primaire,Cartable,186,MEN
AS603925,2022-2023,Souss-Massa,SOU,Rural,Féminin,Primaire,Restauration scolaire,2040,INDH
AS603926,2023-2024,Oriental,ORI,Rural,Masculin,Collégial,Restauration scolaire,1666,MEN
AS603927,2020-2021,Tanger-Tétouan-Al Hoceïma,TAN,Rural,Masculin,Qualifiant,Transport scolaire,1125,ONG
AS603928,2020-2021,Béni Mellal-Khénifra,BMK,Urbain,Féminin,Qualifiant,Restauration scolaire,1902,MEN
AS603929,2018-2019,Casablanca-Settat,CAS,Urbain,Féminin,Collégial,Restauration scolaire,1886,MEN
AS603930,2016-2017,Rabat-Salé-Kénitra,RAB,Urbain,Féminin,Collégial,Cartable,158,MEN
AS603931,2018-2019,Casablanca-Settat,CAS,Rural,Masculin,Qualifiant,Internat,3996,MEN
AS603932,2021-2022,Marrakech-Safi,MAR,Rural,Féminin,Primaire,Internat,3985,INDH
AS603933,2015-2016,Casablanca-Settat,CAS,Rural,Masculin,Collégial,Transport scolaire,1212,ONG
AS603934,2021-2022,Tanger-Tétouan-Al Hoceïma,TAN,Rural,Masculin,Primaire,Cartable,189,MEN
AS603935,2020-2021,Béni Mellal-Khénifra,BMK,Urbain,Féminin,Primaire,Transport scolaire,1195,ONG
AS603936,2019-2020,Rabat-Salé-Kénitra,RAB,Rural,Masculin,Qualifiant,Cartable,151,INDH
AS603937,2019-2020,Casablanca-Settat,CAS,Rural,Masculin,Primaire,Cartable,131,MEN
AS603938,2023-2024,Fès-Meknès,FES,Urbain,Féminin,Primaire,Restauration scolaire,1777,Collectivité locale
AS603939,2018-2019,Marrakech-Safi,MAR,Rural,Masculin,Qualifiant,Fournitures,176,MEN
AS603940,2017-2018,Tanger-Tétouan-Al Hoceïma,TAN,Rural,Féminin,Primaire,Cartable,176,MEN
AS603941,2019-2020,Tanger-Tétouan-Al Hoceïma,TAN,Rural,Féminin,Qualifiant,Cartable,178,MEN
AS603942,2021-2022,Casablanca-Settat,CAS,Rural,Féminin,Collégial,Restauration scolaire,1755,INDH
AS603943,2021-2022,Marrakech-Safi,MAR,Rural,Féminin,Primaire,Restauration scolaire,1374,MEN
AS603944,2022-2023,Tanger-Tétouan-Al Hoceïma,TAN,Rural,Féminin,Qualifiant,Uniforme,256,MEN
AS603945,2016-2017,Marrakech-Safi,MAR,Rural,Féminin,Qualifiant,Internat,3311,INDH
AS603946,2015-2016,Souss-Massa,SOU,Urbain,Masculin,Collégial,Restauration scolaire,1627,MEN
AS603947,2019-2020,Casablanca-Settat,CAS,Rural,Masculin,Collégial,Cartable,154,MEN
AS603948,2019-2020,Casablanca-Settat,CAS,Urbain,Masculin,Qualifiant,Cartable,158,Collectivité locale
AS603949,2018-2019,Souss-Massa,SOU,Urbain,Masculin,Collégial,Restauration scolaire,1990,MEN
AS603950,2016-2017,Béni Mellal-Khénifra,BMK,Urbain,Masculin,Primaire,Internat,3164,MEN
AS603951,2023-2024,Béni Mellal-Khénifra,BMK,Rural,Masculin,Qualifiant,Transport scolaire,1243,MEN
AS603952,2015-2016,Rabat-Salé-Kénitra,RAB,Urbain,Masculin,Primaire,Internat,3807,MEN
AS603953,2017-2018,Rabat-Salé-Kénitra,RAB,Urbain,Féminin,Primaire,Cartable,144,Collectivité locale
AS603954,2015-2016,Fès-Meknès,FES,Rural,Masculin,Qualifiant,Restauration scolaire,1597,MEN
AS603955,2020-2021,Laâyoune-Sakia El Hamra,LAA,Urbain,Masculin,Primaire,Restauration scolaire,1895,ONG
AS603956,2023-2024,Fès-Meknès,FES,Rural,Masculin,Primaire,Internat,3658,INDH
AS603957,2015-2016,Fès-Meknès,FES,Urbain,Féminin,Collégial,Internat,3717,MEN
AS603958,2015-2016,Casablanca-Settat,CAS,Rural,Féminin,Qualifiant,Cartable,185,MEN
AS603959,2022-2023,Rabat-Salé-Kénitra,RAB,Urbain,Masculin,Primaire,Cartable,146,MEN
AS603960,2016-2017,Tanger-Tétouan-Al Hoceïma,TAN,Rural,Féminin,Primaire,Fournitures,182,MEN
AS603961,2016-2017,Dakhla-Oued Eddahab,DAK,Rural,Masculin,Primaire,Cartable,174,MEN
AS603962,2020-2021,Marrakech-Safi,MAR,Urbain,Féminin,Qualifiant,Restauration scolaire,1613,INDH
AS603963,2015-2016,Rabat-Salé-Kénitra,RAB,Rural,Féminin,Primaire,Uniforme,220,Don privé
AS603964,2022-2023,Fès-Meknès,FES,Rural,Masculin,Primaire,Transport scolaire,1322,MEN
AS603965,2022-2023,Béni Mellal-Khénifra,BMK,Rural,Masculin,Primaire,Transport scolaire,1069,MEN
AS603966,2015-2016,Souss-Massa,SOU,Rural,Masculin,Qualifiant,Cartable,148,Don privé
AS603967,2015-2016,Souss-Massa,SOU,Urbain,Masculin,Qualifiant,Cartable,172,MEN
AS603968,2021-2022,Souss-Massa,SOU,Urbain,Féminin,Primaire,Fournitures,196,MEN
AS603969,2019-2020,Casablanca-Settat,CAS,Urbain,Masculin,Primaire,Cartable,162,MEN
AS603970,2018-2019,Casablanca-Settat,CAS,Rural,Féminin,Collégial,Internat,2760,MEN
AS603971,2016-2017,Casablanca-Settat,CAS,Rural,Masculin,Collégial,Internat,3488,INDH
AS603972,2022-2023,Marrakech-Safi,MAR,Rural,Masculin,Primaire,Cartable,159,MEN
AS603973,2017-2018,Oriental,ORI,Rural,Féminin,Primaire,Transport scolaire,1259,MEN
AS603974,2019-2020,Tanger-Tétouan-Al Hoceïma,TAN,Urbain,Féminin,Collégial,Cartable,178,MEN
AS603975,2019-2020,Rabat-Salé-Kénitra,RAB,Urbain,Féminin,Collégial,Restauration scolaire,1784,MEN
AS603976,2021-2022,Tanger-Tétouan-Al Hoceïma,TAN,Urbain,Masculin,Collégial,Restauration scolaire,1719,ONG
AS603977,2016-2017,Marrakech-Safi,MAR,Rural,Féminin,Primaire,Restauration scolaire,1782,INDH
AS603978,2020-2021,Souss-Massa,SOU,Rural,Féminin,Primaire,Internat,3689,INDH
AS603979,2015-2016,Tanger-Tétouan-Al Hoceïma,TAN,Urbain,Masculin,Primaire,Cartable,155,ONG
AS603980,2017-2018,Casablanca-Settat,CAS,Rural,Féminin,Primaire,Cartable,161,MEN
AS603981,2015-2016,Fès-Meknès,FES,Urbain,Féminin,Qualifiant,Cartable,140,MEN
AS603982,2023-2024,Drâa-Tafilalet,DRA,Urbain,Féminin,Primaire,Cartable,155,INDH
AS603983,2023-2024,Drâa-Tafilalet,DRA,Urbain,Masculin,Primaire,Restauration scolaire,1778,MEN
AS603984,2016-2017,Béni Mellal-Khénifra,BMK,Rural,Féminin,Collégial,Uniforme,326,INDH
AS603985,2021-2022,Casablanca-Settat,CAS,Rural,Féminin,Qualifiant,Cartable,162,INDH
AS603986,2018-2019,Marrakech-Safi,MAR,Urbain,Féminin,Primaire,Restauration scolaire,1536,MEN
AS603987,2019-2020,Oriental,ORI,Rural,Masculin,Qualifiant,Cartable,184,ONG
AS603988,2018-2019,Fès-Meknès,FES,Rural,Féminin,Collégial,Restauration scolaire,1950,MEN
AS603989,2019-2020,Oriental,ORI,Urbain,Féminin,Qualifiant,Cartable,179,MEN
AS603990,2020-2021,Rabat-Salé-Kénitra,RAB,Rural,Féminin,Qualifiant,Restauration scolaire,1981,ONG
AS603991,2023-2024,Oriental,ORI,Rural,Féminin,Collégial,Internat,3816,MEN
AS603992,2020-2021,Casablanca-Settat,CAS,Rural,Féminin,Primaire,Restauration scolaire,1710,ONG
AS603993,2017-2018,Fès-Meknès,FES,Rural,Féminin,Primaire,Restauration scolaire,1730,Collectivité locale
AS603994,2019-2020,Fès-Meknès,FES,Urbain,Masculin,Primaire,Restauration scolaire,1987,MEN
AS603995,2015-2016,Tanger-Tétouan-Al Hoceïma,TAN,Rural,Masculin,Collégial,Internat,3580,Collectivité locale
AS603996,2019-2020,Oriental,ORI,Urbain,Féminin,Qualifiant,Transport scolaire,1169,MEN
AS603997,2016-2017,Tanger-Tétouan-Al Hoceïma,TAN,Urbain,Masculin,Collégial,Cartable,119,MEN
AS603998,2017-2018,Tanger-Tétouan-Al Hoceïma,TAN,Rural,Masculin,Qualifiant,Cartable,159,MEN
AS603999,2020-2021,Béni Mellal-Khénifra,BMK,Urbain,Masculin,Collégial,Cartable,170,INDH
AS604000,2018-2019,Casablanca-Settat,CAS,Urbain,Masculin,Collégial,Restauration scolaire,1759,MEN
AS604001,2017-2018,Tanger-Tétouan-Al Hoceïma,TAN,Rural,Féminin,Collégial,Internat,3712,MEN
AS604002,2017-2018,Casablanca-Settat,CAS,Rural,Masculin,Primaire,Internat,3349,INDH
AS604003,2017-2018,Fès-Meknès,FES,Rural,Féminin,Primaire,Uniforme,292,MEN
AS604004,2022-2023,Rabat-Salé-Kénitra,RAB,Rural,Masculin,Collégial,Uniforme,224,MEN
AS604005,2015-2016,Casablanca-Settat,CAS,Urbain,Masculin,Collégial,Restauration scolaire,1632,MEN
AS604006,2015-2016,Rabat-Salé-Kénitra,RAB,Urbain,Masculin,Collégial,Restauration scolaire,1735,MEN
AS604007,2018-2019,Marrakech-Safi,MAR,Rural,Masculin,Primaire,Transport scolaire,1175,Collectivité locale
AS604008,2022-2023,Souss-Massa,SOU,Rural,Masculin,Primaire,Cartable,158,ONG
AS604009,2017-2018,Rabat-Salé-Kénitra,RAB,Urbain,Masculin,Primaire,Cartable,171,Collectivité locale
AS604010,2020-2021,Casablanca-Settat,CAS,Urbain,Féminin,Qualifiant,Cartable,172,INDH
AS604011,2016-2017,Casablanca-Settat,CAS,Urbain,Masculin,Primaire,Cartable,129,INDH
AS604012,2020-2021,Souss-Massa,SOU,Urbain,Masculin,Primaire,Cartable,172,MEN
AS604013,2017-2018,Oriental,ORI,Urbain,Féminin,Primaire,Internat,3515,INDH
AS604014,2015-2016,Fès-Meknès,FES,Rural,Féminin,Primaire,Uniforme,321,MEN
AS604015,2018-2019,Casablanca-Settat,CAS,Rural,Féminin,Primaire,Transport scolaire,1296,Collectivité locale
AS604016,2019-2020,Tanger-Tétouan-Al Hoceïma,TAN,Rural,Masculin,Collégial,Fournitures,217,MEN
AS604017,2019-2020,Fès-Meknès,FES,Rural,Masculin,Primaire,Cartable,168,MEN
AS604018,2019-2020,Fès-Meknès,FES,Rural,Masculin,Collégial,Cartable,157,INDH
AS604019,2021-2022,Fès-Meknès,FES,Rural,Masculin,Primaire,Restauration scolaire,1716,MEN
AS604020,2022-2023,Casablanca-Settat,CAS,Urbain,Masculin,Primaire,Restauration scolaire,1926,ONG
AS604021,2022-2023,Casablanca-Settat,CAS,Urbain,Masculin,Primaire,Internat,3346,MEN
AS604022,2019-2020,Casablanca-Settat,CAS,Urbain,Masculin,Primaire,Transport scolaire,1335,MEN
AS604023,2019-2020,Tanger-Tétouan-Al Hoceïma,TAN,Urbain,Masculin,Primaire,Internat,3609,INDH
AS604024,2018-2019,Rabat-Salé-Kénitra,RAB,Rural,Masculin,Collégial,Transport scolaire,1195,Collectivité locale
AS604025,2020-2021,Marrakech-Safi,MAR,Urbain,Féminin,Primaire,Cartable,146,ONG
AS604026,2021-2022,Marrakech-Safi,MAR,Rural,Masculin,Collégial,Internat,3338,MEN
AS604027,2017-2018,Casablanca-Settat,CAS,Urbain,Masculin,Collégial,Internat,3432,MEN
AS604028,2015-2016,Drâa-Tafilalet,DRA,Urbain,Masculin,Qualifiant,Restauration scolaire,2151,MEN
AS604029,2016-2017,Fès-Meknès,FES,Rural,Féminin,Qualifiant,Restauration scolaire,1485,ONG
AS604030,2020-2021,Souss-Massa,SOU,Urbain,Féminin,Primaire,Restauration scolaire,1639,MEN
AS604031,2020-2021,Marrakech-Safi,MAR,Rural,Masculin,Collégial,Internat,2731,INDH
AS604032,2021-2022,Béni Mellal-Khénifra,BMK,Urbain,Masculin,Qualifiant,Cartable,165,MEN
AS604033,2018-2019,Fès-Meknès,FES,Urbain,Féminin,Collégial,Transport scolaire,1448,MEN
AS604034,2021-2022,Marrakech-Safi,MAR,Rural,Masculin,Collégial,Cartable,164,Don privé
AS604035,2015-2016,Marrakech-Safi,MAR,Rural,Féminin,Primaire,Restauration scolaire,1805,INDH
AS604036,2021-2022,Fès-Meknès,FES,Rural,Féminin,Collégial,Fournitures,195,MEN
AS604037,2015-2016,Casablanca-Settat,CAS,Rural,Féminin,Qualifiant,Transport scolaire,1518,MEN
AS604038,2015-2016,Drâa-Tafilalet,DRA,Rural,Masculin,Collégial,Cartable,160,MEN
AS604039,2019-2020,Souss-Massa,SOU,Urbain,Masculin,Primaire,Transport scolaire,1226,INDH
AS604040,2017-2018,Tanger-Tétouan-Al Hoceïma,TAN,Rural,Féminin,Primaire,Cartable,144,MEN
AS604041,2020-2021,Oriental,ORI,Urbain,Féminin,Primaire,Cartable,171,MEN
AS604042,2016-2017,Marrakech-Safi,MAR,Rural,Masculin,Primaire,Transport scolaire,1233,MEN
AS604043,2022-2023,Casablanca-Settat,CAS,Rural,Féminin,Primaire,Internat,3211,MEN
AS604044,2017-2018,Souss-Massa,SOU,Rural,Masculin,Collégial,Cartable,165,MEN
AS604045,2023-2024,Oriental,ORI,Urbain,Féminin,Qualifiant,Cartable,163,ONG
AS604046,2023-2024,Rabat-Salé-Kénitra,RAB,Rural,Féminin,Primaire,Internat,3281,MEN
AS604047,2015-2016,Rabat-Salé-Kénitra,RAB,Rural,Féminin,Primaire,Transport scolaire,1150,MEN
AS604048,2020-2021,Rabat-Salé-Kénitra,RAB,Rural,Féminin,Collégial,Uniforme,275,MEN
AS604049,2022-2023,Casablanca-Settat,CAS,Rural,Masculin,Collégial,Cartable,154,INDH
AS604050,2020-2021,Drâa-Tafilalet,DRA,Urbain,Féminin,Collégial,Uniforme,314,INDH
AS604051,2015-2016,Marrakech-Safi,MAR,Urbain,Féminin,Primaire,Cartable,157,INDH
AS604052,2015-2016,Rabat-Salé-Kénitra,RAB,Rural,Masculin,Collégial,Internat,3538,INDH
AS604053,2023-2024,Casablanca-Settat,CAS,Urbain,Masculin,Qualifiant,Restauration scolaire,1808,Collectivité locale
AS604054,2022-2023,Casablanca-Settat,CAS,Urbain,Masculin,Qualifiant,Internat,2666,Collectivité locale
AS604055,2022-2023,Souss-Massa,SOU,Rural,Masculin,Primaire,Cartable,142,MEN
AS604056,2017-2018,Oriental,ORI,Rural,Féminin,Qualifiant,Uniforme,319,MEN
AS604057,2023-2024,Béni Mellal-Khénifra,BMK,Rural,Masculin,Primaire,Cartable,169,MEN
AS604058,2018-2019,Marrakech-Safi,MAR,Rural,Masculin,Collégial,Cartable,169,INDH
AS604059,2021-2022,Rabat-Salé-Kénitra,RAB,Urbain,Féminin,Collégial,Uniforme,275,INDH
AS604060,2015-2016,Casablanca-Settat,CAS,Urbain,Masculin,Primaire,Cartable,159,MEN
AS604061,2021-2022,Béni Mellal-Khénifra,BMK,Urbain,Masculin,Collégial,Cartable,189,Don privé
AS604062,2021-2022,Marrakech-Safi,MAR,Urbain,Féminin,Primaire,Cartable,146,INDH
AS604063,2023-2024,Béni Mellal-Khénifra,BMK,Rural,Masculin,Primaire,Internat,2782,INDH
AS604064,2020-2021,Marrakech-Safi,MAR,Rural,Masculin,Collégial,Restauration scolaire,1654,MEN
AS604065,2015-2016,Rabat-Salé-Kénitra,RAB,Rural,Masculin,Collégial,Restauration scolaire,1786,MEN
AS604066,2021-2022,Souss-Massa,SOU,Rural,Masculin,Qualifiant,Internat,4011,MEN
AS604067,2023-2024,Souss-Massa,SOU,Rural,Féminin,Collégial,Cartable,161,MEN
AS604068,2022-2023,Rabat-Salé-Kénitra,RAB,Rural,Féminin,Qualifiant,Cartable,140,MEN
AS604069,2015-2016,Casablanca-Settat,CAS,Rural,Féminin,Primaire,Internat,3213,MEN
AS604070,2019-2020,Casablanca-Settat,CAS,Urbain,Féminin,Collégial,Restauration scolaire,1946,MEN
AS604071,2015-2016,Casablanca-Settat,CAS,Rural,Féminin,Primaire,Cartable,177,MEN
AS604072,2015-2016,Béni Mellal-Khénifra,BMK,Rural,Masculin,Collégial,Uniforme,292,MEN
AS604073,2021-2022,Marrakech-Safi,MAR,Rural,Féminin,Primaire,Internat,3856,Don privé
AS604074,2022-2023,Fès-Meknès,FES,Urbain,Féminin,Qualifiant,Restauration scolaire,2046,MEN
AS604075,2016-2017,Béni Mellal-Khénifra,BMK,Rural,Féminin,Primaire,Restauration scolaire,1838,MEN
AS604076,2023-2024,Casablanca-Settat,CAS,Rural,Féminin,Collégial,Transport scolaire,897,Collectivité locale
AS604077,2021-2022,Tanger-Tétouan-Al Hoceïma,TAN,Rural,Féminin,Primaire,Restauration scolaire,1797,MEN
AS604078,2023-2024,Souss-Massa,SOU,Rural,Masculin,Primaire,Uniforme,217,Collectivité locale
AS604079,2020-2021,Marrakech-Safi,MAR,Rural,Féminin,Collégial,Transport scolaire,1075,MEN
AS604080,2016-2017,Casablanca-Settat,CAS,Urbain,Masculin,Qualifiant,Transport scolaire,1112,INDH
AS604081,2020-2021,Oriental,ORI,Urbain,Féminin,Primaire,Internat,3469,MEN
AS604082,2017-2018,Béni Mellal-Khénifra,BMK,Urbain,Féminin,Qualifiant,Cartable,173,MEN
AS604083,2015-2016,Casablanca-Settat,CAS,Urbain,Féminin,Primaire,Transport scolaire,1248,MEN
AS604084,2017-2018,Casablanca-Settat,CAS,Rural,Masculin,Qualifiant,Transport scolaire,1106,MEN
AS604085,2023-2024,Marrakech-Safi,MAR,Urbain,Féminin,Primaire,Transport scolaire,1409,ONG
AS604086,2018-2019,Drâa-Tafilalet,DRA,Urbain,Masculin,Primaire,Restauration scolaire,1787,MEN
AS604087,2021-2022,Rabat-Salé-Kénitra,RAB,Urbain,Féminin,Primaire,Uniforme,272,MEN
AS604088,2019-2020,Rabat-Salé-Kénitra,RAB,Rural,Masculin,Primaire,Internat,3347,MEN
AS604089,2016-2017,Casablanca-Settat,CAS,Urbain,Masculin,Primaire,Cartable,148,INDH
AS604090,2019-2020,Fès-Meknès,FES,Urbain,Féminin,Collégial,Restauration scolaire,2064,Collectivité locale
AS604091,2020-2021,Souss-Massa,SOU,Rural,Féminin,Primaire,Restauration scolaire,1524,Collectivité locale
AS604092,2021-2022,Oriental,ORI,Urbain,Féminin,Primaire,Restauration scolaire,1774,Collectivité locale
AS604093,2017-2018,Casablanca-Settat,CAS,Urbain,Féminin,Primaire,Restauration scolaire,1898,MEN
AS604094,2021-2022,Rabat-Salé-Kénitra,RAB,Rural,Féminin,Qualifiant,Transport scolaire,1280,MEN
AS604095,2015-2016,Guelmim-Oued Noun,GUE,Urbain,Masculin,Collégial,Restauration scolaire,1568,MEN
AS604096,2018-2019,Oriental,ORI,Urbain,Féminin,Collégial,Cartable,147,Collectivité locale
AS604097,2023-2024,Casablanca-Settat,CAS,Rural,Masculin,Collégial,Restauration scolaire,1812,MEN
AS604098,2019-2020,Fès-Meknès,FES,Urbain,Féminin,Primaire,Fournitures,171,INDH
AS604099,2022-2023,Rabat-Salé-Kénitra,RAB,Rural,Masculin,Qualifiant,Transport scolaire,1328,ONG
AS604100,2016-2017,Rabat-Salé-Kénitra,RAB,Rural,Féminin,Primaire,Internat,3715,MEN
AS604101,2016-2017,Souss-Massa,SOU,Urbain,Masculin,Qualifiant,Cartable,163,MEN
AS604102,2017-2018,Rabat-Salé-Kénitra,RAB,Rural,Féminin,Collégial,Cartable,171,MEN
AS604103,2020-2021,Tanger-Tétouan-Al Hoceïma,TAN,Urbain,Masculin,Primaire,Cartable,172,MEN
AS604104,2018-2019,Tanger-Tétouan-Al Hoceïma,TAN,Rural,Féminin,Primaire,Fournitures,217,MEN
AS604105,2018-2019,Casablanca-Settat,CAS,Urbain,Féminin,Primaire,Cartable,140,INDH
AS604106,2019-2020,Fès-Meknès,FES,Urbain,Masculin,Primaire,Internat,4059,INDH
AS604107,2022-2023,Casablanca-Settat,CAS,Rural,Féminin,Primaire,Cartable,171,INDH
AS604108,2015-2016,Rabat-Salé-Kénitra,RAB,Urbain,Masculin,Qualifiant,Restauration scolaire,2030,MEN
AS604109,2016-2017,Rabat-Salé-Kénitra,RAB,Rural,Féminin,Qualifiant,Fournitures,183,MEN
AS604110,2021-2022,Marrakech-Safi,MAR,Urbain,Féminin,Primaire,Restauration scolaire,1835,MEN
AS604111,2015-2016,Drâa-Tafilalet,DRA,Urbain,Masculin,Qualifiant,Restauration scolaire,1529,MEN
AS604112,2015-2016,Tanger-Tétouan-Al Hoceïma,TAN,Urbain,Masculin,Collégial,Fournitures,164,MEN
AS604113,2022-2023,Fès-Meknès,FES,Rural,Masculin,Collégial,Transport scolaire,1228,Don privé
AS604114,2021-2022,Souss-Massa,SOU,Rural,Masculin,Primaire,Transport scolaire,1345,MEN
AS604115,2019-2020,Tanger-Tétouan-Al Hoceïma,TAN,Rural,Masculin,Primaire,Cartable,183,MEN
AS604116,2017-2018,Béni Mellal-Khénifra,BMK,Urbain,Féminin,Collégial,Cartable,157,ONG
AS604117,2022-2023,Tanger-Tétouan-Al Hoceïma,TAN,Rural,Féminin,Collégial,Transport scolaire,1142,MEN
AS604118,2023-2024,Rabat-Salé-Kénitra,RAB,Urbain,Masculin,Collégial,Cartable,138,Don privé
AS604119,2015-2016,Casablanca-Settat,CAS,Urbain,Féminin,Collégial,Cartable,170,MEN
AS604120,2015-2016,Fès-Meknès,FES,Urbain,Féminin,Primaire,Cartable,155,INDH
AS604121,2018-2019,Fès-Meknès,FES,Urbain,Masculin,Collégial,Restauration scolaire,1812,MEN
AS604122,2021-2022,Rabat-Salé-Kénitra,RAB,Urbain,Féminin,Primaire,Transport scolaire,1093,Collectivité locale
AS604123,2017-2018,Rabat-Salé-Kénitra,RAB,Urbain,Féminin,Primaire,Uniforme,291,INDH
AS604124,2023-2024,Marrakech-Safi,MAR,Urbain,Masculin,Qualifiant,Fournitures,216,MEN
AS604125,2019-2020,Fès-Meknès,FES,Urbain,Masculin,Collégial,Cartable,156,INDH
AS604126,2016-2017,Fès-Meknès,FES,Rural,Féminin,Collégial,Transport scolaire,1088,MEN
AS604127,2023-2024,Rabat-Salé-Kénitra,RAB,Urbain,Féminin,Primaire,Cartable,189,MEN
AS604128,2018-2019,Tanger-Tétouan-Al Hoceïma,TAN,Rural,Masculin,Primaire,Fournitures,195,Collectivité locale
AS604129,2023-2024,Souss-Massa,SOU,Rural,Masculin,Collégial,Restauration scolaire,1923,ONG
AS604130,2017-2018,Tanger-Tétouan-Al Hoceïma,TAN,Rural,Masculin,Primaire,Transport scolaire,1298,MEN
AS604131,2018-2019,Rabat-Salé-Kénitra,RAB,Rural,Féminin,Collégial,Cartable,151,Don privé
AS604132,2020-2021,Fès-Meknès,FES,Urbain,Masculin,Collégial,Restauration scolaire,1883,INDH
AS604133,2021-2022,Casablanca-Settat,CAS,Rural,Féminin,Primaire,Cartable,156,ONG
AS604134,2015-2016,Rabat-Salé-Kénitra,RAB,Rural,Féminin,Primaire,Restauration scolaire,1953,MEN
AS604135,2016-2017,Souss-Massa,SOU,Rural,Féminin,Primaire,Cartable,129,MEN
AS604136,2018-2019,Fès-Meknès,FES,Rural,Masculin,Primaire,Cartable,189,INDH
AS604137,2017-2018,Rabat-Salé-Kénitra,RAB,Rural,Masculin,Collégial,Uniforme,305,MEN
AS604138,2020-2021,Tanger-Tétouan-Al Hoceïma,TAN,Urbain,Masculin,Primaire,Restauration scolaire,2052,MEN
AS604139,2018-2019,Casablanca-Settat,CAS,Rural,Féminin,Primaire,Transport scolaire,1185,INDH
AS604140,2019-2020,Fès-Meknès,FES,Rural,Féminin,Primaire,Transport scolaire,1351,INDH
AS604141,2015-2016,Casablanca-Settat,CAS,Urbain,Masculin,Primaire,Internat,3395,INDH
AS604142,2016-2017,Rabat-Salé-Kénitra,RAB,Rural,Masculin,Primaire,Internat,3866,INDH
AS604143,2018-2019,Drâa-Tafilalet,DRA,Urbain,Féminin,Collégial,Transport scolaire,1096,Don privé
AS604144,2021-2022,Marrakech-Safi,MAR,Urbain,Masculin,Primaire,Cartable,141,INDH
AS604145,2017-2018,Casablanca-Settat,CAS,Rural,Féminin,Primaire,Restauration scolaire,1459,MEN
AS604146,2015-2016,Béni Mellal-Khénifra,BMK,Urbain,Féminin,Primaire,Restauration scolaire,1496,MEN
AS604147,2020-2021,Casablanca-Settat,CAS,Rural,Féminin,Primaire,Cartable,152,INDH
AS604148,2020-2021,Casablanca-Settat,CAS,Rural,Féminin,Primaire,Restauration scolaire,1561,MEN
AS604149,2023-2024,Tanger-Tétouan-Al Hoceïma,TAN,Rural,Féminin,Primaire,Uniforme,270,Collectivité locale
AS604150,2015-2016,Tanger-Tétouan-Al Hoceïma,TAN,Rural,Féminin,Primaire,Restauration scolaire,1833,INDH
AS604151,2020-2021,Béni Mellal-Khénifra,BMK,Rural,Féminin,Primaire,Fournitures,191,ONG
AS604152,2019-2020,Casablanca-Settat,CAS,Rural,Masculin,Primaire,Transport scolaire,1289,MEN
AS604153,2022-2023,Fès-Meknès,FES,Urbain,Masculin,Collégial,Cartable,172,MEN
AS604154,2018-2019,Casablanca-Settat,CAS,Rural,Féminin,Primaire,Cartable,158,Don privé
AS604155,2015-2016,Oriental,ORI,Urbain,Masculin,Collégial,Cartable,173,MEN
AS604156,2020-2021,Rabat-Salé-Kénitra,RAB,Urbain,Féminin,Primaire,Cartable,145,Don privé
AS604157,2020-2021,Oriental,ORI,Rural,Féminin,Primaire,Transport scolaire,1143,MEN
AS604158,2020-2021,Souss-Massa,SOU,Rural,Féminin,Primaire,Cartable,180,MEN
AS604159,2021-2022,Casablanca-Settat,CAS,Urbain,Masculin,Collégial,Cartable,137,MEN
AS604160,2018-2019,Tanger-Tétouan-Al Hoceïma,TAN,Urbain,Masculin,Primaire,Transport scolaire,1265,MEN
AS604161,2016-2017,Rabat-Salé-Kénitra,RAB,Urbain,Masculin,Primaire,Internat,3905,MEN
AS604162,2021-2022,Casablanca-Settat,CAS,Rural,Masculin,Primaire,Cartable,159,Collectivité locale
AS604163,2017-2018,Rabat-Salé-Kénitra,RAB,Rural,Masculin,Primaire,Transport scolaire,1309,INDH
AS604164,2016-2017,Marrakech-Safi,MAR,Rural,Féminin,Primaire,Uniforme,253,MEN
AS604165,2017-2018,Casablanca-Settat,CAS,Rural,Féminin,Primaire,Restauration scolaire,1864,MEN
AS604166,2016-2017,Marrakech-Safi,MAR,Urbain,Féminin,Primaire,Transport scolaire,1068,MEN
AS604167,2016-2017,Casablanca-Settat,CAS,Rural,Féminin,Qualifiant,Transport scolaire,1156,MEN
AS604168,2020-2021,Drâa-Tafilalet,DRA,Rural,Féminin,Primaire,Restauration scolaire,1773,MEN
AS604169,2015-2016,Casablanca-Settat,CAS,Rural,Féminin,Primaire,Internat,3440,INDH
AS604170,2017-2018,Béni Mellal-Khénifra,BMK,Rural,Masculin,Primaire,Transport scolaire,1386,MEN
AS604171,2019-2020,Tanger-Tétouan-Al Hoceïma,TAN,Urbain,Masculin,Primaire,Internat,2883,MEN
AS604172,2021-2022,Casablanca-Settat,CAS,Urbain,Masculin,Collégial,Restauration scolaire,1877,Collectivité locale
AS604173,2020-2021,Casablanca-Settat,CAS,Urbain,Masculin,Collégial,Cartable,142,MEN
AS604174,2021-2022,Rabat-Salé-Kénitra,RAB,Rural,Masculin,Qualifiant,Internat,3357,MEN
AS604175,2019-2020,Marrakech-Safi,MAR,Rural,Féminin,Collégial,Fournitures,227,MEN
AS604176,2021-2022,Rabat-Salé-Kénitra,RAB,Rural,Masculin,Collégial,Transport scolaire,1335,INDH
AS604177,2015-2016,Souss-Massa,SOU,Rural,Masculin,Collégial,Uniforme,224,Don privé
AS604178,2018-2019,Rabat-Salé-Kénitra,RAB,Urbain,Masculin,Collégial,Restauration scolaire,1582,INDH
AS604179,2016-2017,Fès-Meknès,FES,Urbain,Féminin,Primaire,Uniforme,222,MEN
AS604180,2022-2023,Casablanca-Settat,CAS,Rural,Masculin,Primaire,Cartable,167,MEN
AS604181,2015-2016,Casablanca-Settat,CAS,Urbain,Féminin,Primaire,Internat,3671,INDH
AS604182,2020-2021,Tanger-Tétouan-Al Hoceïma,TAN,Rural,Féminin,Collégial,Uniforme,290,INDH
AS604183,2015-2016,Casablanca-Settat,CAS,Urbain,Masculin,Primaire,Transport scolaire,1058,ONG
AS604184,2023-2024,Marrakech-Safi,MAR,Rural,Féminin,Primaire,Cartable,151,MEN
AS604185,2016-2017,Rabat-Salé-Kénitra,RAB,Urbain,Masculin,Qualifiant,Restauration scolaire,1687,MEN
AS604186,2022-2023,Casablanca-Settat,CAS,Urbain,Féminin,Qualifiant,Uniforme,273,MEN
AS604187,2015-2016,Rabat-Salé-Kénitra,RAB,Rural,Masculin,Primaire,Transport scolaire,1450,MEN
AS604188,2017-2018,Casablanca-Settat,CAS,Urbain,Masculin,Collégial,Cartable,168,Collectivité locale
AS604189,2021-2022,Casablanca-Settat,CAS,Urbain,Masculin,Qualifiant,Cartable,164,INDH
AS604190,2022-2023,Marrakech-Safi,MAR,Rural,Féminin,Primaire,Cartable,153,INDH
AS604191,2022-2023,Souss-Massa,SOU,Urbain,Féminin,Qualifiant,Cartable,173,INDH
AS604192,2020-2021,Souss-Massa,SOU,Urbain,Féminin,Qualifiant,Transport scolaire,1224,MEN
AS604193,2015-2016,Casablanca-Settat,CAS,Rural,Féminin,Primaire,Uniforme,304,MEN
AS604194,2016-2017,Souss-Massa,SOU,Rural,Masculin,Primaire,Cartable,160,MEN
AS604195,2020-2021,Tanger-Tétouan-Al Hoceïma,TAN,Rural,Féminin,Collégial,Uniforme,294,Collectivité locale
AS604196,2022-2023,Fès-Meknès,FES,Rural,Féminin,Qualifiant,Internat,3978,MEN
AS604197,2023-2024,Drâa-Tafilalet,DRA,Rural,Féminin,Collégial,Cartable,167,MEN
AS604198,2021-2022,Casablanca-Settat,CAS,Urbain,Masculin,Qualifiant,Internat,3992,MEN
AS604199,2023-2024,Rabat-Salé-Kénitra,RAB,Urbain,Masculin,Qualifiant,Cartable,159,MEN
AS604200,2018-2019,Souss-Massa,SOU,Rural,Féminin,Primaire,Transport scolaire,1092,ONG
AS604201,2018-2019,Tanger-Tétouan-Al Hoceïma,TAN,Urbain,Masculin,Primaire,Fournitures,254,INDH
AS604202,2018-2019,Fès-Meknès,FES,Rural,Masculin,Collégial,Uniforme,296,MEN
AS604203,2017-2018,Tanger-Tétouan-Al Hoceïma,TAN,Rural,Masculin,Primaire,Restauration scolaire,1501,INDH
AS604204,2017-2018,Fès-Meknès,FES,Rural,Masculin,Primaire,Fournitures,217,MEN
AS604205,2015-2016,Marrakech-Safi,MAR,Rural,Masculin,Primaire,Cartable,167,MEN
AS604206,2015-2016,Casablanca-Settat,CAS,Rural,Féminin,Primaire,Cartable,181,MEN
AS604207,2020-2021,Tanger-Tétouan-Al Hoceïma,TAN,Urbain,Masculin,Primaire,Cartable,161,INDH
AS604208,2018-2019,Casablanca-Settat,CAS,Urbain,Féminin,Primaire,Restauration scolaire,1700,MEN
AS604209,2023-2024,Casablanca-Settat,CAS,Rural,Féminin,Qualifiant,Cartable,141,MEN
AS604210,2021-2022,Guelmim-Oued Noun,GUE,Rural,Masculin,Collégial,Cartable,166,INDH
AS604211,2018-2019,Casablanca-Settat,CAS,Rural,Féminin,Primaire,Cartable,167,MEN
AS604212,2021-2022,Casablanca-Settat,CAS,Urbain,Masculin,Qualifiant,Restauration scolaire,1911,INDH
AS604213,2015-2016,Marrakech-Safi,MAR,Urbain,Féminin,Primaire,Cartable,171,INDH
AS604214,2021-2022,Marrakech-Safi,MAR,Rural,Masculin,Primaire,Cartable,194,INDH
AS604215,2021-2022,Marrakech-Safi,MAR,Urbain,Masculin,Primaire,Cartable,143,MEN
AS604216,2022-2023,Oriental,ORI,Urbain,Masculin,Collégial,Cartable,136,MEN
AS604217,2017-2018,Souss-Massa,SOU,Rural,Féminin,Primaire,Restauration scolaire,1621,MEN
AS604218,2021-2022,Oriental,ORI,Urbain,Féminin,Primaire,Transport scolaire,1076,Collectivité locale
AS604219,2020-2021,Fès-Meknès,FES,Urbain,Masculin,Primaire,Restauration scolaire,1721,MEN
AS604220,2019-2020,Fès-Meknès,FES,Urbain,Masculin,Qualifiant,Uniforme,297,MEN
AS604221,2022-2023,Fès-Meknès,FES,Rural,Féminin,Primaire,Uniforme,247,MEN
AS604222,2022-2023,Drâa-Tafilalet,DRA,Urbain,Féminin,Primaire,Cartable,130,MEN
AS604223,2021-2022,Béni Mellal-Khénifra,BMK,Rural,Masculin,Primaire,Cartable,137,Don privé
AS604224,2021-2022,Béni Mellal-Khénifra,BMK,Rural,Masculin,Primaire,Transport scolaire,1093,MEN
AS604225,2017-2018,Rabat-Salé-Kénitra,RAB,Rural,Féminin,Primaire,Cartable,183,INDH
AS604226,2015-2016,Fès-Meknès,FES,Rural,Masculin,Collégial,Cartable,123,MEN
AS604227,2016-2017,Oriental,ORI,Urbain,Masculin,Qualifiant,Fournitures,185,MEN
AS604228,2022-2023,Fès-Meknès,FES,Urbain,Féminin,Qualifiant,Transport scolaire,1185,INDH
AS604229,2021-2022,Marrakech-Safi,MAR,Urbain,Féminin,Collégial,Cartable,194,MEN
AS604230,2019-2020,Casablanca-Settat,CAS,Urbain,Féminin,Collégial,Restauration scolaire,1852,MEN
AS604231,2018-2019,Casablanca-Settat,CAS,Urbain,Féminin,Primaire,Uniforme,279,MEN
AS604232,2015-2016,Souss-Massa,SOU,Rural,Masculin,Collégial,Restauration scolaire,1597,ONG
AS604233,2017-2018,Rabat-Salé-Kénitra,RAB,Rural,Masculin,Primaire,Uniforme,261,MEN
AS604234,2019-2020,Rabat-Salé-Kénitra,RAB,Urbain,Masculin,Primaire,Uniforme,343,INDH
AS604235,2018-2019,Casablanca-Settat,CAS,Rural,Masculin,Primaire,Cartable,160,MEN
AS604236,2016-2017,Rabat-Salé-Kénitra,RAB,Urbain,Féminin,Primaire,Cartable,168,INDH
AS604237,2016-2017,Tanger-Tétouan-Al Hoceïma,TAN,Rural,Féminin,Collégial,Cartable,165,MEN
AS604238,2019-2020,Drâa-Tafilalet,DRA,Rural,Masculin,Primaire,Cartable,172,MEN
AS604239,2017-2018,Fès-Meknès,FES,Urbain,Féminin,Collégial,Restauration scolaire,1959,MEN
AS604240,2015-2016,Souss-Massa,SOU,Rural,Masculin,Primaire,Cartable,136,INDH
AS604241,2022-2023,Casablanca-Settat,CAS,Rural,Masculin,Collégial,Transport scolaire,1227,MEN
AS604242,2018-2019,Tanger-Tétouan-Al Hoceïma,TAN,Urbain,Masculin,Primaire,Restauration scolaire,1923,MEN
AS604243,2022-2023,Marrakech-Safi,MAR,Urbain,Féminin,Primaire,Restauration scolaire,1607,MEN
AS604244,2022-2023,Fès-Meknès,FES,Rural,Masculin,Qualifiant,Restauration scolaire,1981,MEN
AS604245,2016-2017,Casablanca-Settat,CAS,Urbain,Masculin,Primaire,Internat,4053,MEN
AS604246,2021-2022,Oriental,ORI,Rural,Masculin,Collégial,Transport scolaire,1328,INDH
AS604247,2016-2017,Souss-Massa,SOU,Urbain,Masculin,Primaire,Transport scolaire,1365,INDH
AS604248,2023-2024,Souss-Massa,SOU,Rural,Masculin,Primaire,Fournitures,202,MEN
AS604249,2017-2018,Fès-Meknès,FES,Rural,Féminin,Primaire,Uniforme,319,INDH
AS604250,2016-2017,Souss-Massa,SOU,Urbain,Masculin,Primaire,Fournitures,188,INDH
AS604251,2021-2022,Fès-Meknès,FES,Urbain,Masculin,Collégial,Cartable,148,INDH
AS604252,2016-2017,Rabat-Salé-Kénitra,RAB,Urbain,Féminin,Collégial,Internat,3132,Collectivité locale
AS604253,2022-2023,Casablanca-Settat,CAS,Urbain,Masculin,Collégial,Internat,3556,MEN
AS604254,2021-2022,Tanger-Tétouan-Al Hoceïma,TAN,Urbain,Masculin,Qualifiant,Restauration scolaire,2161,MEN
AS604255,2016-2017,Rabat-Salé-Kénitra,RAB,Urbain,Féminin,Primaire,Cartable,194,ONG
AS604256,2017-2018,Casablanca-Settat,CAS,Rural,Masculin,Collégial,Internat,3597,MEN
AS604257,2019-2020,Rabat-Salé-Kénitra,RAB,Rural,Féminin,Primaire,Fournitures,231,MEN
AS604258,2015-2016,Laâyoune-Sakia El Hamra,LAA,Rural,Féminin,Primaire,Internat,3317,INDH
AS604259,2019-2020,Casablanca-Settat,CAS,Urbain,Féminin,Primaire,Cartable,168,INDH
AS604260,2015-2016,Marrakech-Safi,MAR,Urbain,Masculin,Collégial,Uniforme,286,MEN
AS604261,2018-2019,Rabat-Salé-Kénitra,RAB,Urbain,Masculin,Collégial,Cartable,153,MEN
AS604262,2019-2020,Fès-Meknès,FES,Urbain,Féminin,Collégial,Cartable,134,ONG
AS604263,2016-2017,Tanger-Tétouan-Al Hoceïma,TAN,Urbain,Masculin,Primaire,Internat,3009,MEN
AS604264,2023-2024,Casablanca-Settat,CAS,Urbain,Féminin,Collégial,Cartable,151,Collectivité locale
AS604265,2023-2024,Rabat-Salé-Kénitra,RAB,Rural,Masculin,Qualifiant,Cartable,179,MEN
AS604266,2018-2019,Souss-Massa,SOU,Rural,Féminin,Collégial,Cartable,167,MEN
AS604267,2019-2020,Tanger-Tétouan-Al Hoceïma,TAN,Urbain,Masculin,Primaire,Cartable,156,MEN
AS604268,2019-2020,Drâa-Tafilalet,DRA,Rural,Masculin,Primaire,Internat,3760,ONG
AS604269,2020-2021,Marrakech-Safi,MAR,Rural,Masculin,Collégial,Restauration scolaire,1752,Collectivité locale
AS604270,2021-2022,Rabat-Salé-Kénitra,RAB,Urbain,Féminin,Collégial,Cartable,157,MEN
AS604271,2018-2019,Tanger-Tétouan-Al Hoceïma,TAN,Rural,Féminin,Primaire,Uniforme,355,MEN
AS604272,2022-2023,Souss-Massa,SOU,Rural,Féminin,Primaire,Internat,3587,MEN
AS604273,2017-2018,Béni Mellal-Khénifra,BMK,Urbain,Féminin,Collégial,Restauration scolaire,2068,INDH
AS604274,2019-2020,Casablanca-Settat,CAS,Rural,Féminin,Qualifiant,Uniforme,286,MEN
AS604275,2022-2023,Rabat-Salé-Kénitra,RAB,Urbain,Masculin,Qualifiant,Transport scolaire,1466,INDH
AS604276,2022-2023,Fès-Meknès,FES,Urbain,Féminin,Collégial,Cartable,159,MEN
AS604277,2016-2017,Drâa-Tafilalet,DRA,Rural,Masculin,Collégial,Restauration scolaire,1819,MEN
AS604278,2018-2019,Casablanca-Settat,CAS,Urbain,Masculin,Primaire,Transport scolaire,1232,INDH
AS604279,2022-2023,Casablanca-Settat,CAS,Urbain,Féminin,Collégial,Cartable,170,INDH
AS604280,2021-2022,Marrakech-Safi,MAR,Rural,Féminin,Collégial,Transport scolaire,952,MEN
AS604281,2020-2021,Marrakech-Safi,MAR,Urbain,Féminin,Primaire,Restauration scolaire,1640,MEN
AS604282,2019-2020,Marrakech-Safi,MAR,Rural,Masculin,Primaire,Cartable,180,INDH
AS604283,2022-2023,Casablanca-Settat,CAS,Rural,Féminin,Collégial,Cartable,168,MEN
AS604284,2022-2023,Tanger-Tétouan-Al Hoceïma,TAN,Rural,Féminin,Primaire,Transport scolaire,1197,MEN
AS604285,2022-2023,Souss-Massa,SOU,Rural,Masculin,Qualifiant,Restauration scolaire,1779,MEN
AS604286,2017-2018,Laâyoune-Sakia El Hamra,LAA,Urbain,Féminin,Primaire,Transport scolaire,1137,Collectivité locale
AS604287,2023-2024,Rabat-Salé-Kénitra,RAB,Rural,Masculin,Primaire,Fournitures,231,MEN
AS604288,2018-2019,Rabat-Salé-Kénitra,RAB,Rural,Masculin,Primaire,Internat,3780,INDH
AS604289,2020-2021,Casablanca-Settat,CAS,Urbain,Masculin,Collégial,Restauration scolaire,1873,MEN
AS604290,2022-2023,Rabat-Salé-Kénitra,RAB,Urbain,Masculin,Primaire,Uniforme,265,Collectivité locale
AS604291,2023-2024,Laâyoune-Sakia El Hamra,LAA,Rural,Féminin,Collégial,Restauration scolaire,1561,MEN
AS604292,2017-2018,Souss-Massa,SOU,Rural,Féminin,Primaire,Transport scolaire,912,ONG
AS604293,2017-2018,Béni Mellal-Khénifra,BMK,Rural,Féminin,Primaire,Transport scolaire,1148,INDH
AS604294,2018-2019,Marrakech-Safi,MAR,Urbain,Féminin,Primaire,Restauration scolaire,1966,MEN
AS604295,2018-2019,Casablanca-Settat,CAS,Rural,Féminin,Qualifiant,Restauration scolaire,1980,MEN
AS604296,2020-2021,Oriental,ORI,Urbain,Féminin,Primaire,Internat,3174,MEN
AS604297,2019-2020,Casablanca-Settat,CAS,Rural,Féminin,Primaire,Uniforme,279,INDH
AS604298,2023-2024,Rabat-Salé-Kénitra,RAB,Urbain,Féminin,Collégial,Internat,3350,Collectivité locale
AS604299,2022-2023,Oriental,ORI,Rural,Masculin,Primaire,Cartable,131,INDH
AS604300,2020-2021,Rabat-Salé-Kénitra,RAB,Rural,Masculin,Primaire,Restauration scolaire,1846,MEN
AS604301,2020-2021,Béni Mellal-Khénifra,BMK,Urbain,Masculin,Collégial,Fournitures,221,ONG
AS604302,2022-2023,Tanger-Tétouan-Al Hoceïma,TAN,Rural,Féminin,Primaire,Cartable,160,MEN
AS604303,2020-2021,Guelmim-Oued Noun,GUE,Urbain,Masculin,Collégial,Internat,3355,Collectivité locale
AS604304,2023-2024,Casablanca-Settat,CAS,Rural,Masculin,Primaire,Transport scolaire,1284,MEN
AS604305,2019-2020,Tanger-Tétouan-Al Hoceïma,TAN,Urbain,Masculin,Qualifiant,Uniforme,264,MEN
AS604306,2022-2023,Rabat-Salé-Kénitra,RAB,Urbain,Masculin,Primaire,Fournitures,206,INDH
AS604307,2018-2019,Marrakech-Safi,MAR,Rural,Féminin,Qualifiant,Cartable,158,INDH
AS604308,2016-2017,Souss-Massa,SOU,Urbain,Masculin,Primaire,Cartable,162,MEN
AS604309,2023-2024,Marrakech-Safi,MAR,Rural,Féminin,Collégial,Restauration scolaire,1953,ONG
AS604310,2020-2021,Fès-Meknès,FES,Rural,Féminin,Primaire,Fournitures,247,MEN
AS604311,2022-2023,Souss-Massa,SOU,Urbain,Féminin,Collégial,Transport scolaire,1311,MEN
AS604312,2022-2023,Casablanca-Settat,CAS,Rural,Féminin,Primaire,Cartable,168,MEN
AS604313,2023-2024,Rabat-Salé-Kénitra,RAB,Rural,Féminin,Primaire,Restauration scolaire,1792,MEN
AS604314,2016-2017,Souss-Massa,SOU,Urbain,Féminin,Primaire,Uniforme,285,Don privé
AS604315,2017-2018,Marrakech-Safi,MAR,Rural,Masculin,Qualifiant,Cartable,175,MEN
AS604316,2021-2022,Drâa-Tafilalet,DRA,Urbain,Masculin,Qualifiant,Uniforme,299,ONG
AS604317,2015-2016,Souss-Massa,SOU,Rural,Féminin,Primaire,Fournitures,202,INDH
AS604318,2017-2018,Béni Mellal-Khénifra,BMK,Urbain,Masculin,Primaire,Cartable,154,INDH
AS604319,2023-2024,Tanger-Tétouan-Al Hoceïma,TAN,Urbain,Masculin,Qualifiant,Cartable,183,MEN
AS604320,2023-2024,Drâa-Tafilalet,DRA,Rural,Féminin,Qualifiant,Uniforme,255,INDH
AS604321,2023-2024,Rabat-Salé-Kénitra,RAB,Urbain,Masculin,Primaire,Internat,3404,MEN
AS604322,2016-2017,Fès-Meknès,FES,Rural,Masculin,Collégial,Uniforme,303,ONG
AS604323,2023-2024,Fès-Meknès,FES,Rural,Féminin,Collégial,Uniforme,288,MEN
AS604324,2023-2024,Rabat-Salé-Kénitra,RAB,Rural,Masculin,Primaire,Fournitures,200,MEN
AS604325,2018-2019,Rabat-Salé-Kénitra,RAB,Urbain,Masculin,Collégial,Restauration scolaire,1903,MEN
AS604326,2019-2020,Casablanca-Settat,CAS,Rural,Masculin,Primaire,Cartable,136,MEN
AS604327,2019-2020,Casablanca-Settat,CAS,Rural,Féminin,Primaire,Internat,3425,MEN
AS604328,2023-2024,Marrakech-Safi,MAR,Rural,Féminin,Collégial,Internat,3617,MEN
AS604329,2018-2019,Rabat-Salé-Kénitra,RAB,Urbain,Féminin,Collégial,Uniforme,259,MEN
AS604330,2022-2023,Souss-Massa,SOU,Urbain,Féminin,Primaire,Uniforme,287,INDH
AS604331,2016-2017,Rabat-Salé-Kénitra,RAB,Urbain,Féminin,Collégial,Restauration scolaire,2111,MEN
AS604332,2022-2023,Guelmim-Oued Noun,GUE,Urbain,Masculin,Qualifiant,Uniforme,319,Collectivité locale
AS604333,2017-2018,Drâa-Tafilalet,DRA,Rural,Féminin,Primaire,Cartable,150,MEN
AS604334,2018-2019,Casablanca-Settat,CAS,Rural,Féminin,Primaire,Transport scolaire,1336,Don privé
AS604335,2021-2022,Marrakech-Safi,MAR,Urbain,Féminin,Collégial,Cartable,207,ONG
AS604336,2015-2016,Drâa-Tafilalet,DRA,Rural,Féminin,Primaire,Transport scolaire,1347,MEN
AS604337,2022-2023,Béni Mellal-Khénifra,BMK,Rural,Masculin,Primaire,Cartable,150,Collectivité locale
AS604338,2017-2018,Rabat-Salé-Kénitra,RAB,Urbain,Féminin,Collégial,Internat,3681,ONG
AS604339,2015-2016,Béni Mellal-Khénifra,BMK,Rural,Masculin,Collégial,Cartable,151,MEN
AS604340,2022-2023,Souss-Massa,SOU,Urbain,Féminin,Primaire,Restauration scolaire,1772,MEN
AS604341,2019-2020,Souss-Massa,SOU,Rural,Féminin,Qualifiant,Uniforme,257,INDH
AS604342,2017-2018,Oriental,ORI,Urbain,Masculin,Qualifiant,Fournitures,195,Don privé
AS604343,2019-2020,Fès-Meknès,FES,Rural,Masculin,Collégial,Internat,3411,INDH
AS604344,2015-2016,Guelmim-Oued Noun,GUE,Urbain,Féminin,Collégial,Fournitures,173,MEN
AS604345,2017-2018,Oriental,ORI,Rural,Masculin,Primaire,Fournitures,192,MEN
AS604346,2015-2016,Tanger-Tétouan-Al Hoceïma,TAN,Urbain,Masculin,Primaire,Cartable,155,INDH
AS604347,2022-2023,Casablanca-Settat,CAS,Urbain,Féminin,Collégial,Transport scolaire,873,INDH
AS604348,2022-2023,Fès-Meknès,FES,Urbain,Féminin,Primaire,Transport scolaire,1169,Collectivité locale
AS604349,2022-2023,Rabat-Salé-Kénitra,RAB,Urbain,Féminin,Qualifiant,Transport scolaire,1336,MEN
AS604350,2019-2020,Rabat-Salé-Kénitra,RAB,Rural,Féminin,Qualifiant,Internat,3584,MEN
AS604351,2015-2016,Souss-Massa,SOU,Urbain,Masculin,Primaire,Restauration scolaire,1729,Collectivité locale
AS604352,2020-2021,Fès-Meknès,FES,Urbain,Masculin,Primaire,Cartable,131,MEN
AS604353,2015-2016,Casablanca-Settat,CAS,Urbain,Masculin,Primaire,Restauration scolaire,1784,MEN
AS604354,2015-2016,Oriental,ORI,Rural,Féminin,Qualifiant,Restauration scolaire,1553,MEN
AS604355,2018-2019,Marrakech-Safi,MAR,Urbain,Féminin,Primaire,Uniforme,266,INDH
AS604356,2020-2021,Oriental,ORI,Rural,Masculin,Primaire,Cartable,132,MEN
AS604357,2023-2024,Fès-Meknès,FES,Rural,Féminin,Primaire,Cartable,151,MEN
AS604358,2015-2016,Fès-Meknès,FES,Rural,Féminin,Collégial,Internat,3263,MEN
AS604359,2015-2016,Laâyoune-Sakia El Hamra,LAA,Rural,Féminin,Collégial,Cartable,169,Don privé
AS604360,2018-2019,Rabat-Salé-Kénitra,RAB,Rural,Féminin,Primaire,Cartable,151,ONG
AS604361,2017-2018,Tanger-Tétouan-Al Hoceïma,TAN,Urbain,Féminin,Primaire,Restauration scolaire,1698,MEN
AS604362,2016-2017,Souss-Massa,SOU,Urbain,Masculin,Primaire,Cartable,170,MEN
AS604363,2020-2021,Casablanca-Settat,CAS,Rural,Masculin,Primaire,Cartable,182,INDH
AS604364,2016-2017,Fès-Meknès,FES,Urbain,Masculin,Collégial,Internat,3075,MEN
AS604365,2019-2020,Casablanca-Settat,CAS,Rural,Masculin,Primaire,Restauration scolaire,2054,MEN
AS604366,2017-2018,Béni Mellal-Khénifra,BMK,Rural,Masculin,Primaire,Cartable,161,MEN
AS604367,2018-2019,Oriental,ORI,Rural,Féminin,Collégial,Transport scolaire,1044,Don privé
AS604368,2016-2017,Drâa-Tafilalet,DRA,Urbain,Masculin,Qualifiant,Internat,3539,INDH
AS604369,2015-2016,Marrakech-Safi,MAR,Rural,Féminin,Primaire,Restauration scolaire,1948,INDH
AS604370,2015-2016,Oriental,ORI,Rural,Masculin,Primaire,Restauration scolaire,1921,INDH
AS604371,2019-2020,Rabat-Salé-Kénitra,RAB,Rural,Masculin,Collégial,Cartable,154,MEN
AS604372,2015-2016,Marrakech-Safi,MAR,Urbain,Féminin,Qualifiant,Cartable,158,MEN
AS604373,2021-2022,Tanger-Tétouan-Al Hoceïma,TAN,Rural,Féminin,Primaire,Internat,3223,ONG
AS604374,2018-2019,Fès-Meknès,FES,Rural,Féminin,Primaire,Restauration scolaire,1551,INDH
AS604375,2020-2021,Marrakech-Safi,MAR,Rural,Féminin,Qualifiant,Internat,3876,MEN
AS604376,2021-2022,Fès-Meknès,FES,Urbain,Féminin,Primaire,Restauration scolaire,1673,Don privé
AS604377,2016-2017,Oriental,ORI,Rural,Masculin,Primaire,Restauration scolaire,1633,MEN
AS604378,2017-2018,Marrakech-Safi,MAR,Urbain,Féminin,Collégial,Restauration scolaire,1585,MEN
AS604379,2016-2017,Casablanca-Settat,CAS,Urbain,Masculin,Primaire,Internat,3567,MEN
AS604380,2023-2024,Casablanca-Settat,CAS,Rural,Masculin,Collégial,Restauration scolaire,1646,MEN
AS604381,2017-2018,Fès-Meknès,FES,Rural,Masculin,Qualifiant,Restauration scolaire,1448,MEN
AS604382,2019-2020,Rabat-Salé-Kénitra,RAB,Urbain,Féminin,Collégial,Cartable,125,MEN
AS604383,2015-2016,Souss-Massa,SOU,Rural,Féminin,Primaire,Cartable,182,INDH
AS604384,2018-2019,Béni Mellal-Khénifra,BMK,Urbain,Féminin,Qualifiant,Transport scolaire,1114,INDH
AS604385,2019-2020,Tanger-Tétouan-Al Hoceïma,TAN,Urbain,Féminin,Qualifiant,Restauration scolaire,2038,MEN
AS604386,2015-2016,Marrakech-Safi,MAR,Rural,Féminin,Primaire,Restauration scolaire,1691,Collectivité locale
AS604387,2019-2020,Tanger-Tétouan-Al Hoceïma,TAN,Rural,Féminin,Primaire,Cartable,175,INDH
AS604388,2015-2016,Oriental,ORI,Urbain,Masculin,Primaire,Fournitures,214,MEN
AS604389,2021-2022,Tanger-Tétouan-Al Hoceïma,TAN,Urbain,Féminin,Primaire,Cartable,149,MEN
AS604390,2017-2018,Drâa-Tafilalet,DRA,Rural,Féminin,Collégial,Restauration scolaire,1484,Collectivité locale
AS604391,2017-2018,Marrakech-Safi,MAR,Rural,Féminin,Collégial,Transport scolaire,1232,MEN
AS604392,2016-2017,Casablanca-Settat,CAS,Rural,Féminin,Primaire,Restauration scolaire,1761,INDH
AS604393,2018-2019,Tanger-Tétouan-Al Hoceïma,TAN,Rural,Féminin,Collégial,Uniforme,238,MEN
AS604394,2018-2019,Casablanca-Settat,CAS,Rural,Féminin,Primaire,Transport scolaire,1128,MEN
AS604395,2016-2017,Béni Mellal-Khénifra,BMK,Urbain,Masculin,Collégial,Uniforme,253,MEN
AS604396,2021-2022,Fès-Meknès,FES,Urbain,Féminin,Collégial,Transport scolaire,1263,MEN
AS604397,2015-2016,Souss-Massa,SOU,Urbain,Masculin,Collégial,Restauration scolaire,1792,INDH
AS604398,2021-2022,Tanger-Tétouan-Al Hoceïma,TAN,Rural,Masculin,Primaire,Cartable,132,MEN
AS604399,2023-2024,Oriental,ORI,Rural,Masculin,Qualifiant,Transport scolaire,1184,MEN
AS604400,2021-2022,Marrakech-Safi,MAR,Urbain,Masculin,Collégial,Internat,3269,INDH
AS604401,2017-2018,Fès-Meknès,FES,Rural,Féminin,Qualifiant,Cartable,168,MEN
AS604402,2015-2016,Béni Mellal-Khénifra,BMK,Urbain,Féminin,Collégial,Transport scolaire,1296,MEN
AS604403,2022-2023,Marrakech-Safi,MAR,Rural,Masculin,Collégial,Internat,3336,INDH
AS604404,2017-2018,Casablanca-Settat,CAS,Urbain,Masculin,Primaire,Uniforme,300,MEN
AS604405,2017-2018,Oriental,ORI,Rural,Masculin,Primaire,Uniforme,281,INDH
AS604406,2023-2024,Fès-Meknès,FES,Rural,Masculin,Qualifiant,Cartable,165,MEN
AS604407,2018-2019,Marrakech-Safi,MAR,Rural,Masculin,Collégial,Restauration scolaire,1468,INDH
AS604408,2017-2018,Casablanca-Settat,CAS,Urbain,Féminin,Primaire,Fournitures,215,MEN
AS604409,2021-2022,Casablanca-Settat,CAS,Rural,Féminin,Primaire,Internat,3664,MEN
AS604410,2019-2020,Béni Mellal-Khénifra,BMK,Urbain,Féminin,Collégial,Fournitures,218,MEN
AS604411,2018-2019,Oriental,ORI,Urbain,Féminin,Primaire,Uniforme,317,INDH
AS604412,2021-2022,Rabat-Salé-Kénitra,RAB,Urbain,Masculin,Collégial,Internat,3936,Collectivité locale
AS604413,2015-2016,Rabat-Salé-Kénitra,RAB,Urbain,Féminin,Collégial,Cartable,173,MEN
AS604414,2023-2024,Marrakech-Safi,MAR,Rural,Masculin,Collégial,Internat,3330,MEN
AS604415,2015-2016,Casablanca-Settat,CAS,Urbain,Féminin,Primaire,Transport scolaire,1352,MEN
AS604416,2015-2016,Rabat-Salé-Kénitra,RAB,Urbain,Féminin,Primaire,Restauration scolaire,1585,MEN
AS604417,2023-2024,Casablanca-Settat,CAS,Urbain,Féminin,Primaire,Transport scolaire,1232,MEN
AS604418,2016-2017,Fès-Meknès,FES,Urbain,Féminin,Primaire,Internat,2938,MEN
AS604419,2021-2022,Marrakech-Safi,MAR,Urbain,Féminin,Primaire,Cartable,164,MEN
AS604420,2022-2023,Casablanca-Settat,CAS,Rural,Masculin,Collégial,Cartable,138,MEN
AS604421,2016-2017,Marrakech-Safi,MAR,Rural,Masculin,Collégial,Restauration scolaire,2348,MEN
AS604422,2023-2024,Fès-Meknès,FES,Rural,Féminin,Collégial,Cartable,129,MEN
AS604423,2019-2020,Casablanca-Settat,CAS,Rural,Féminin,Qualifiant,Cartable,182,MEN
AS604424,2016-2017,Casablanca-Settat,CAS,Urbain,Masculin,Primaire,Cartable,131,Collectivité locale
AS604425,2022-2023,Casablanca-Settat,CAS,Rural,Féminin,Qualifiant,Restauration scolaire,1979,MEN
AS604426,2021-2022,Marrakech-Safi,MAR,Rural,Masculin,Primaire,Internat,3518,ONG
AS604427,2018-2019,Béni Mellal-Khénifra,BMK,Rural,Masculin,Primaire,Internat,3601,MEN
AS604428,2021-2022,Marrakech-Safi,MAR,Rural,Féminin,Primaire,Cartable,167,INDH
AS604429,2017-2018,Casablanca-Settat,CAS,Rural,Masculin,Primaire,Internat,3236,INDH
AS604430,2020-2021,Béni Mellal-Khénifra,BMK,Rural,Masculin,Primaire,Cartable,167,INDH
AS604431,2017-2018,Souss-Massa,SOU,Rural,Féminin,Collégial,Cartable,158,MEN
AS604432,2017-2018,Tanger-Tétouan-Al Hoceïma,TAN,Rural,Masculin,Collégial,Cartable,173,MEN
AS604433,2022-2023,Fès-Meknès,FES,Rural,Masculin,Primaire,Restauration scolaire,1927,MEN
AS604434,2015-2016,Marrakech-Safi,MAR,Urbain,Masculin,Primaire,Internat,2665,MEN
AS604435,2023-2024,Drâa-Tafilalet,DRA,Urbain,Masculin,Primaire,Cartable,187,MEN
AS604436,2021-2022,Guelmim-Oued Noun,GUE,Urbain,Masculin,Primaire,Restauration scolaire,1636,MEN
AS604437,2016-2017,Rabat-Salé-Kénitra,RAB,Rural,Féminin,Collégial,Cartable,210,MEN
AS604438,2017-2018,Béni Mellal-Khénifra,BMK,Urbain,Masculin,Collégial,Restauration scolaire,1880,Don privé
AS604439,2023-2024,Fès-Meknès,FES,Urbain,Masculin,Collégial,Uniforme,206,INDH
AS604440,2017-2018,Béni Mellal-Khénifra,BMK,Rural,Féminin,Primaire,Cartable,122,MEN
AS604441,2020-2021,Marrakech-Safi,MAR,Urbain,Féminin,Primaire,Cartable,154,MEN
AS604442,2016-2017,Oriental,ORI,Rural,Masculin,Primaire,Restauration scolaire,1706,Collectivité locale
AS604443,2023-2024,Marrakech-Safi,MAR,Rural,Masculin,Primaire,Restauration scolaire,1706,Don privé
AS604444,2020-2021,Oriental,ORI,Urbain,Masculin,Primaire,Fournitures,219,INDH
AS604445,2016-2017,Casablanca-Settat,CAS,Rural,Féminin,Qualifiant,Restauration scolaire,1577,MEN
AS604446,2020-2021,Souss-Massa,SOU,Rural,Féminin,Qualifiant,Internat,3649,INDH
AS604447,2016-2017,Rabat-Salé-Kénitra,RAB,Rural,Féminin,Primaire,Restauration scolaire,2130,MEN
AS604448,2015-2016,Oriental,ORI,Rural,Féminin,Primaire,Fournitures,190,INDH
AS604449,2015-2016,Béni Mellal-Khénifra,BMK,Rural,Féminin,Primaire,Fournitures,185,MEN
AS604450,2022-2023,Béni Mellal-Khénifra,BMK,Urbain,Masculin,Primaire,Restauration scolaire,1721,INDH
AS604451,2019-2020,Tanger-Tétouan-Al Hoceïma,TAN,Rural,Féminin,Qualifiant,Cartable,164,ONG
AS604452,2015-2016,Casablanca-Settat,CAS,Urbain,Féminin,Primaire,Internat,3757,MEN
AS604453,2022-2023,Oriental,ORI,Urbain,Masculin,Collégial,Internat,2780,MEN
AS604454,2016-2017,Casablanca-Settat,CAS,Rural,Féminin,Qualifiant,Cartable,122,INDH
AS604455,2019-2020,Souss-Massa,SOU,Urbain,Masculin,Primaire,Transport scolaire,1017,Don privé
AS604456,2020-2021,Casablanca-Settat,CAS,Rural,Masculin,Primaire,Cartable,153,Don privé
AS604457,2018-2019,Marrakech-Safi,MAR,Urbain,Féminin,Primaire,Cartable,157,Collectivité locale
AS604458,2015-2016,Souss-Massa,SOU,Rural,Féminin,Primaire,Transport scolaire,1113,MEN
AS604459,2015-2016,Casablanca-Settat,CAS,Rural,Masculin,Collégial,Cartable,137,INDH
AS604460,2017-2018,Rabat-Salé-Kénitra,RAB,Urbain,Masculin,Qualifiant,Restauration scolaire,1990,MEN
AS604461,2015-2016,Marrakech-Safi,MAR,Rural,Masculin,Primaire,Fournitures,225,Collectivité locale
AS604462,2015-2016,Casablanca-Settat,CAS,Rural,Masculin,Primaire,Cartable,148,MEN
AS604463,2016-2017,Marrakech-Safi,MAR,Urbain,Masculin,Primaire,Cartable,165,MEN
AS604464,2019-2020,Drâa-Tafilalet,DRA,Rural,Féminin,Collégial,Fournitures,142,MEN
AS604465,2019-2020,Oriental,ORI,Rural,Féminin,Collégial,Cartable,158,Collectivité locale
AS604466,2016-2017,Fès-Meknès,FES,Rural,Féminin,Primaire,Restauration scolaire,2122,INDH
AS604467,2022-2023,Oriental,ORI,Rural,Masculin,Primaire,Restauration scolaire,1938,MEN
AS604468,2020-2021,Casablanca-Settat,CAS,Urbain,Féminin,Primaire,Internat,4106,INDH
AS604469,2018-2019,Marrakech-Safi,MAR,Urbain,Féminin,Primaire,Restauration scolaire,1738,INDH
AS604470,2018-2019,Marrakech-Safi,MAR,Rural,Masculin,Primaire,Cartable,189,ONG
AS604471,2020-2021,Tanger-Tétouan-Al Hoceïma,TAN,Urbain,Masculin,Collégial,Cartable,159,Collectivité locale
AS604472,2018-2019,Béni Mellal-Khénifra,BMK,Rural,Féminin,Primaire,Restauration scolaire,1797,MEN
AS604473,2016-2017,Marrakech-Safi,MAR,Rural,Masculin,Primaire,Cartable,178,Collectivité locale
AS604474,2017-2018,Casablanca-Settat,CAS,Urbain,Masculin,Qualifiant,Internat,3218,MEN
AS604475,2019-2020,Fès-Meknès,FES,Urbain,Féminin,Collégial,Internat,3472,MEN
AS604476,2017-2018,Fès-Meknès,FES,Urbain,Masculin,Qualifiant,Internat,3649,MEN
AS604477,2023-2024,Casablanca-Settat,CAS,Urbain,Féminin,Qualifiant,Fournitures,228,INDH
AS604478,2019-2020,Béni Mellal-Khénifra,BMK,Rural,Masculin,Qualifiant,Restauration scolaire,2087,Collectivité locale
AS604479,2015-2016,Souss-Massa,SOU,Rural,Masculin,Primaire,Cartable,154,Don privé
AS604480,2023-2024,Fès-Meknès,FES,Rural,Féminin,Primaire,Transport scolaire,1233,Don privé
AS604481,2018-2019,Fès-Meknès,FES,Urbain,Masculin,Qualifiant,Cartable,153,Collectivité locale
AS604482,2023-2024,Drâa-Tafilalet,DRA,Rural,Féminin,Primaire,Internat,3583,MEN
AS604483,2015-2016,Marrakech-Safi,MAR,Rural,Masculin,Primaire,Internat,3971,MEN
AS604484,2015-2016,Casablanca-Settat,CAS,Urbain,Masculin,Collégial,Cartable,145,ONG
AS604485,2017-2018,Marrakech-Safi,MAR,Rural,Féminin,Collégial,Cartable,174,MEN
AS604486,2020-2021,Fès-Meknès,FES,Rural,Féminin,Primaire,Restauration scolaire,1763,Collectivité locale
AS604487,2021-2022,Casablanca-Settat,CAS,Rural,Masculin,Collégial,Restauration scolaire,1639,ONG
AS604488,2020-2021,Fès-Meknès,FES,Rural,Masculin,Qualifiant,Restauration scolaire,1730,ONG
AS604489,2022-2023,Drâa-Tafilalet,DRA,Urbain,Masculin,Primaire,Internat,3008,MEN
AS604490,2015-2016,Casablanca-Settat,CAS,Urbain,Masculin,Collégial,Cartable,166,MEN
AS604491,2020-2021,Béni Mellal-Khénifra,BMK,Rural,Féminin,Collégial,Uniforme,289,MEN
AS604492,2016-2017,Rabat-Salé-Kénitra,RAB,Rural,Masculin,Collégial,Uniforme,283,INDH
AS604493,2015-2016,Casablanca-Settat,CAS,Rural,Féminin,Primaire,Cartable,158,MEN
AS604494,2019-2020,Rabat-Salé-Kénitra,RAB,Urbain,Féminin,Primaire,Cartable,197,MEN
AS604495,2021-2022,Rabat-Salé-Kénitra,RAB,Rural,Masculin,Collégial,Uniforme,292,MEN
AS604496,2022-2023,Rabat-Salé-Kénitra,RAB,Rural,Féminin,Qualifiant,Fournitures,201,MEN
AS604497,2023-2024,Oriental,ORI,Urbain,Masculin,Primaire,Internat,3410,MEN
AS604498,2017-2018,Souss-Massa,SOU,Urbain,Masculin,Collégial,Fournitures,209,ONG
AS604499,2020-2021,Rabat-Salé-Kénitra,RAB,Urbain,Féminin,Primaire,Cartable,139,MEN
AS604500,2023-2024,Béni Mellal-Khénifra,BMK,Urbain,Masculin,Primaire,Restauration scolaire,1684,MEN
AS604501,2017-2018,Tanger-Tétouan-Al Hoceïma,TAN,Urbain,Féminin,Primaire,Restauration scolaire,1691,MEN
AS604502,2020-2021,Oriental,ORI,Urbain,Féminin,Primaire,Transport scolaire,1165,MEN
AS604503,2018-2019,Casablanca-Settat,CAS,Rural,Féminin,Collégial,Cartable,137,MEN
AS604504,2017-2018,Marrakech-Safi,MAR,Rural,Féminin,Primaire,Internat,3414,MEN
AS604505,2023-2024,Fès-Meknès,FES,Urbain,Féminin,Primaire,Restauration scolaire,1692,Collectivité locale
AS604506,2017-2018,Tanger-Tétouan-Al Hoceïma,TAN,Urbain,Féminin,Primaire,Uniforme,305,MEN
AS604507,2018-2019,Souss-Massa,SOU,Urbain,Masculin,Primaire,Transport scolaire,1447,INDH
AS604508,2016-2017,Tanger-Tétouan-Al Hoceïma,TAN,Rural,Féminin,Primaire,Internat,2774,MEN
AS604509,2016-2017,Fès-Meknès,FES,Rural,Féminin,Collégial,Internat,3349,INDH
AS604510,2018-2019,Oriental,ORI,Urbain,Féminin,Collégial,Internat,3764,INDH
AS604511,2021-2022,Drâa-Tafilalet,DRA,Urbain,Féminin,Primaire,Restauration scolaire,1745,Collectivité locale
AS604512,2016-2017,Fès-Meknès,FES,Rural,Féminin,Qualifiant,Restauration scolaire,1946,MEN
AS604513,2016-2017,Marrakech-Safi,MAR,Urbain,Masculin,Collégial,Fournitures,187,MEN
AS604514,2019-2020,Béni Mellal-Khénifra,BMK,Rural,Masculin,Collégial,Uniforme,318,MEN
AS604515,2023-2024,Fès-Meknès,FES,Urbain,Masculin,Qualifiant,Cartable,138,INDH
AS604516,2020-2021,Fès-Meknès,FES,Urbain,Masculin,Primaire,Uniforme,307,MEN
AS604517,2020-2021,Rabat-Salé-Kénitra,RAB,Rural,Masculin,Primaire,Internat,3032,MEN
AS604518,2020-2021,Fès-Meknès,FES,Urbain,Masculin,Qualifiant,Cartable,192,INDH
AS604519,2018-2019,Fès-Meknès,FES,Urbain,Masculin,Primaire,Uniforme,245,MEN
AS604520,2022-2023,Drâa-Tafilalet,DRA,Urbain,Féminin,Primaire,Transport scolaire,1196,MEN
AS604521,2017-2018,Marrakech-Safi,MAR,Rural,Masculin,Qualifiant,Internat,3178,INDH
AS604522,2017-2018,Marrakech-Safi,MAR,Rural,Féminin,Primaire,Restauration scolaire,2078,INDH
AS604523,2022-2023,Tanger-Tétouan-Al Hoceïma,TAN,Urbain,Féminin,Primaire,Internat,2804,INDH
AS604524,2020-2021,Rabat-Salé-Kénitra,RAB,Urbain,Masculin,Primaire,Cartable,179,MEN
AS604525,2019-2020,Marrakech-Safi,MAR,Rural,Masculin,Primaire,Cartable,201,MEN
AS604526,2018-2019,Béni Mellal-Khénifra,BMK,Urbain,Masculin,Qualifiant,Restauration scolaire,1919,MEN
AS604527,2019-2020,Laâyoune-Sakia El Hamra,LAA,Rural,Masculin,Collégial,Restauration scolaire,1765,ONG
AS604528,2021-2022,Béni Mellal-Khénifra,BMK,Urbain,Féminin,Primaire,Internat,3875,INDH
AS604529,2017-2018,Laâyoune-Sakia El Hamra,LAA,Rural,Féminin,Qualifiant,Internat,3223,INDH
AS604530,2016-2017,Marrakech-Safi,MAR,Urbain,Masculin,Qualifiant,Cartable,138,MEN
AS604531,2018-2019,Casablanca-Settat,CAS,Rural,Masculin,Collégial,Cartable,171,INDH
AS604532,2018-2019,Drâa-Tafilalet,DRA,Urbain,Féminin,Collégial,Transport scolaire,1342,MEN
AS604533,2017-2018,Tanger-Tétouan-Al Hoceïma,TAN,Rural,Masculin,Collégial,Transport scolaire,1393,Collectivité locale
AS604534,2023-2024,Oriental,ORI,Rural,Féminin,Primaire,Internat,3167,MEN
AS604535,2018-2019,Casablanca-Settat,CAS,Rural,Masculin,Primaire,Restauration scolaire,1793,MEN
AS604536,2019-2020,Souss-Massa,SOU,Rural,Féminin,Primaire,Restauration scolaire,1814,ONG
AS604537,2016-2017,Rabat-Salé-Kénitra,RAB,Rural,Masculin,Primaire,Transport scolaire,1244,INDH
AS604538,2016-2017,Casablanca-Settat,CAS,Rural,Féminin,Collégial,Restauration scolaire,1656,Collectivité locale
AS604539,2019-2020,Casablanca-Settat,CAS,Urbain,Masculin,Collégial,Cartable,161,MEN
AS604540,2021-2022,Marrakech-Safi,MAR,Rural,Féminin,Collégial,Fournitures,160,Collectivité locale
AS604541,2018-2019,Souss-Massa,SOU,Urbain,Féminin,Primaire,Cartable,143,Collectivité locale
AS604542,2015-2016,Casablanca-Settat,CAS,Rural,Féminin,Qualifiant,Restauration scolaire,1709,MEN
AS604543,2019-2020,Tanger-Tétouan-Al Hoceïma,TAN,Urbain,Masculin,Primaire,Cartable,167,INDH
AS604544,2022-2023,Tanger-Tétouan-Al Hoceïma,TAN,Urbain,Féminin,Qualifiant,Restauration scolaire,1834,Collectivité locale
AS604545,2017-2018,Oriental,ORI,Rural,Féminin,Collégial,Restauration scolaire,1866,ONG
AS604546,2018-2019,Casablanca-Settat,CAS,Urbain,Féminin,Qualifiant,Transport scolaire,1176,MEN
AS604547,2017-2018,Casablanca-Settat,CAS,Urbain,Féminin,Collégial,Cartable,152,Collectivité locale
AS604548,2023-2024,Casablanca-Settat,CAS,Rural,Masculin,Primaire,Restauration scolaire,2032,MEN
AS604549,2019-2020,Souss-Massa,SOU,Rural,Masculin,Collégial,Cartable,165,MEN
AS604550,2022-2023,Marrakech-Safi,MAR,Urbain,Féminin,Primaire,Transport scolaire,1228,MEN
AS604551,2015-2016,Oriental,ORI,Urbain,Féminin,Primaire,Cartable,172,MEN
AS604552,2018-2019,Tanger-Tétouan-Al Hoceïma,TAN,Rural,Féminin,Primaire,Uniforme,271,INDH
AS604553,2017-2018,Casablanca-Settat,CAS,Urbain,Masculin,Collégial,Internat,3484,ONG
AS604554,2018-2019,Marrakech-Safi,MAR,Rural,Féminin,Qualifiant,Uniforme,241,MEN
AS604555,2015-2016,Oriental,ORI,Rural,Féminin,Collégial,Transport scolaire,1064,MEN
AS604556,2021-2022,Casablanca-Settat,CAS,Rural,Masculin,Primaire,Cartable,196,INDH
AS604557,2021-2022,Oriental,ORI,Urbain,Féminin,Primaire,Cartable,159,Don privé
AS604558,2019-2020,Fès-Meknès,FES,Rural,Masculin,Collégial,Internat,3655,MEN
AS604559,2015-2016,Casablanca-Settat,CAS,Rural,Masculin,Primaire,Transport scolaire,1521,MEN
AS604560,2015-2016,Béni Mellal-Khénifra,BMK,Urbain,Féminin,Qualifiant,Restauration scolaire,1858,INDH
AS604561,2017-2018,Marrakech-Safi,MAR,Rural,Féminin,Qualifiant,Transport scolaire,1219,MEN
AS604562,2022-2023,Souss-Massa,SOU,Rural,Masculin,Collégial,Cartable,163,MEN
AS604563,2018-2019,Casablanca-Settat,CAS,Urbain,Féminin,Primaire,Cartable,155,MEN
AS604564,2023-2024,Casablanca-Settat,CAS,Rural,Masculin,Primaire,Internat,3244,MEN
AS604565,2020-2021,Drâa-Tafilalet,DRA,Rural,Féminin,Primaire,Cartable,144,MEN
AS604566,2019-2020,Casablanca-Settat,CAS,Urbain,Féminin,Collégial,Uniforme,284,MEN
AS604567,2016-2017,Marrakech-Safi,MAR,Rural,Féminin,Collégial,Cartable,161,MEN
AS604568,2016-2017,Béni Mellal-Khénifra,BMK,Rural,Féminin,Qualifiant,Restauration scolaire,1503,Don privé
AS604569,2021-2022,Marrakech-Safi,MAR,Rural,Masculin,Qualifiant,Internat,3582,MEN
AS604570,2021-2022,Casablanca-Settat,CAS,Urbain,Féminin,Qualifiant,Internat,3556,INDH
AS604571,2018-2019,Béni Mellal-Khénifra,BMK,Rural,Féminin,Primaire,Transport scolaire,1484,MEN
AS604572,2019-2020,Oriental,ORI,Rural,Masculin,Primaire,Restauration scolaire,1703,MEN
AS604573,2015-2016,Béni Mellal-Khénifra,BMK,Urbain,Masculin,Qualifiant,Cartable,181,MEN
AS604574,2023-2024,Casablanca-Settat,CAS,Urbain,Féminin,Collégial,Restauration scolaire,1685,INDH
AS604575,2019-2020,Casablanca-Settat,CAS,Urbain,Masculin,Primaire,Transport scolaire,1170,MEN
AS604576,2020-2021,Rabat-Salé-Kénitra,RAB,Rural,Masculin,Primaire,Transport scolaire,1178,MEN
AS604577,2017-2018,Béni Mellal-Khénifra,BMK,Urbain,Féminin,Primaire,Restauration scolaire,2052,MEN
AS604578,2021-2022,Casablanca-Settat,CAS,Rural,Féminin,Primaire,Cartable,152,MEN
AS604579,2023-2024,Rabat-Salé-Kénitra,RAB,Rural,Féminin,Primaire,Restauration scolaire,1551,MEN
AS604580,2016-2017,Marrakech-Safi,MAR,Urbain,Féminin,Primaire,Internat,3881,MEN
AS604581,2021-2022,Rabat-Salé-Kénitra,RAB,Rural,Féminin,Qualifiant,Internat,3634,INDH
AS604582,2016-2017,Drâa-Tafilalet,DRA,Urbain,Masculin,Collégial,Restauration scolaire,1994,Collectivité locale
AS604583,2022-2023,Souss-Massa,SOU,Rural,Masculin,Qualifiant,Fournitures,209,INDH
AS604584,2015-2016,Tanger-Tétouan-Al Hoceïma,TAN,Urbain,Masculin,Collégial,Restauration scolaire,1906,INDH
AS604585,2021-2022,Béni Mellal-Khénifra,BMK,Urbain,Masculin,Primaire,Restauration scolaire,1710,Collectivité locale
AS604586,2023-2024,Rabat-Salé-Kénitra,RAB,Urbain,Féminin,Primaire,Cartable,136,INDH
AS604587,2022-2023,Souss-Massa,SOU,Rural,Masculin,Primaire,Internat,3622,INDH
AS604588,2020-2021,Tanger-Tétouan-Al Hoceïma,TAN,Urbain,Masculin,Primaire,Internat,3509,INDH
AS604589,2019-2020,Souss-Massa,SOU,Rural,Féminin,Primaire,Uniforme,342,MEN
AS604590,2017-2018,Tanger-Tétouan-Al Hoceïma,TAN,Urbain,Féminin,Qualifiant,Restauration scolaire,2075,MEN
AS604591,2021-2022,Casablanca-Settat,CAS,Rural,Masculin,Primaire,Internat,3408,MEN
AS604592,2023-2024,Drâa-Tafilalet,DRA,Urbain,Masculin,Primaire,Cartable,193,MEN
AS604593,2018-2019,Casablanca-Settat,CAS,Rural,Féminin,Qualifiant,Uniforme,290,INDH
AS604594,2018-2019,Marrakech-Safi,MAR,Rural,Féminin,Primaire,Cartable,146,Collectivité locale
AS604595,2022-2023,Souss-Massa,SOU,Urbain,Masculin,Primaire,Transport scolaire,1198,MEN
AS604596,2020-2021,Drâa-Tafilalet,DRA,Urbain,Féminin,Primaire,Cartable,177,MEN
AS604597,2016-2017,Béni Mellal-Khénifra,BMK,Urbain,Féminin,Primaire,Uniforme,268,INDH
AS604598,2016-2017,Casablanca-Settat,CAS,Rural,Masculin,Collégial,Cartable,147,MEN
AS604599,2023-2024,Rabat-Salé-Kénitra,RAB,Urbain,Masculin,Primaire,Internat,3900,MEN
AS604600,2021-2022,Béni Mellal-Khénifra,BMK,Rural,Masculin,Primaire,Restauration scolaire,1773,MEN
AS604601,2023-2024,Souss-Massa,SOU,Rural,Masculin,Primaire,Internat,3037,Collectivité locale
AS604602,2018-2019,Fès-Meknès,FES,Rural,Féminin,Primaire,Uniforme,313,Don privé
AS604603,2015-2016,Laâyoune-Sakia El Hamra,LAA,Urbain,Masculin,Primaire,Transport scolaire,1169,MEN
AS604604,2022-2023,Fès-Meknès,FES,Rural,Féminin,Primaire,Uniforme,313,MEN
AS604605,2016-2017,Drâa-Tafilalet,DRA,Urbain,Féminin,Primaire,Restauration scolaire,2142,MEN
AS604606,2021-2022,Marrakech-Safi,MAR,Rural,Masculin,Collégial,Internat,3042,INDH
AS604607,2023-2024,Tanger-Tétouan-Al Hoceïma,TAN,Rural,Féminin,Primaire,Transport scolaire,1214,Collectivité locale
AS604608,2021-2022,Casablanca-Settat,CAS,Urbain,Féminin,Collégial,Restauration scolaire,1647,MEN
AS604609,2019-2020,Casablanca-Settat,CAS,Rural,Féminin,Qualifiant,Restauration scolaire,1774,MEN
AS604610,2023-2024,Fès-Meknès,FES,Rural,Masculin,Primaire,Cartable,162,Collectivité locale
AS604611,2020-2021,Casablanca-Settat,CAS,Urbain,Masculin,Qualifiant,Cartable,163,MEN
AS604612,2019-2020,Fès-Meknès,FES,Rural,Masculin,Collégial,Fournitures,204,INDH
AS604613,2021-2022,Fès-Meknès,FES,Rural,Féminin,Qualifiant,Cartable,166,MEN
AS604614,2016-2017,Casablanca-Settat,CAS,Urbain,Féminin,Qualifiant,Restauration scolaire,1350,MEN
AS604615,2016-2017,Rabat-Salé-Kénitra,RAB,Urbain,Féminin,Primaire,Restauration scolaire,1657,MEN
AS604616,2023-2024,Laâyoune-Sakia El Hamra,LAA,Urbain,Masculin,Primaire,Cartable,175,MEN
AS604617,2021-2022,Fès-Meknès,FES,Urbain,Masculin,Primaire,Internat,3650,MEN
AS604618,2023-2024,Casablanca-Settat,CAS,Urbain,Féminin,Primaire,Restauration scolaire,1820,MEN
AS604619,2018-2019,Oriental,ORI,Rural,Masculin,Collégial,Cartable,131,MEN
AS604620,2019-2020,Casablanca-Settat,CAS,Urbain,Féminin,Collégial,Internat,3526,MEN
AS604621,2016-2017,Marrakech-Safi,MAR,Urbain,Masculin,Collégial,Restauration scolaire,1817,MEN
AS604622,2015-2016,Fès-Meknès,FES,Rural,Féminin,Primaire,Internat,3679,MEN
AS604623,2015-2016,Tanger-Tétouan-Al Hoceïma,TAN,Urbain,Féminin,Primaire,Restauration scolaire,1957,ONG
AS604624,2016-2017,Tanger-Tétouan-Al Hoceïma,TAN,Urbain,Féminin,Collégial,Internat,3632,Don privé
AS604625,2018-2019,Rabat-Salé-Kénitra,RAB,Urbain,Féminin,Qualifiant,Fournitures,185,Collectivité locale
AS604626,2022-2023,Tanger-Tétouan-Al Hoceïma,TAN,Rural,Féminin,Primaire,Restauration scolaire,1595,MEN
AS604627,2017-2018,Oriental,ORI,Urbain,Masculin,Primaire,Restauration scolaire,1762,MEN
AS604628,2023-2024,Drâa-Tafilalet,DRA,Rural,Masculin,Collégial,Cartable,167,ONG
AS604629,2023-2024,Marrakech-Safi,MAR,Rural,Féminin,Primaire,Uniforme,295,MEN
AS604630,2018-2019,Casablanca-Settat,CAS,Urbain,Masculin,Collégial,Cartable,143,MEN
AS604631,2019-2020,Marrakech-Safi,MAR,Urbain,Féminin,Collégial,Fournitures,173,MEN
AS604632,2020-2021,Fès-Meknès,FES,Urbain,Féminin,Collégial,Restauration scolaire,1643,MEN
AS604633,2015-2016,Fès-Meknès,FES,Urbain,Masculin,Collégial,Restauration scolaire,2186,Collectivité locale
AS604634,2016-2017,Fès-Meknès,FES,Rural,Féminin,Primaire,Restauration scolaire,1533,MEN
AS604635,2019-2020,Marrakech-Safi,MAR,Rural,Féminin,Primaire,Internat,3766,MEN
AS604636,2018-2019,Souss-Massa,SOU,Rural,Féminin,Qualifiant,Uniforme,336,INDH
AS604637,2018-2019,Casablanca-Settat,CAS,Rural,Masculin,Primaire,Cartable,160,MEN
AS604638,2017-2018,Fès-Meknès,FES,Rural,Féminin,Primaire,Cartable,187,ONG
AS604639,2019-2020,Marrakech-Safi,MAR,Rural,Féminin,Primaire,Restauration scolaire,1943,MEN
AS604640,2015-2016,Rabat-Salé-Kénitra,RAB,Rural,Masculin,Primaire,Transport scolaire,1376,MEN
AS604641,2021-2022,Tanger-Tétouan-Al Hoceïma,TAN,Rural,Féminin,Primaire,Restauration scolaire,1866,INDH
AS604642,2015-2016,Béni Mellal-Khénifra,BMK,Rural,Masculin,Primaire,Cartable,172,Don privé
AS604643,2016-2017,Casablanca-Settat,CAS,Urbain,Masculin,Qualifiant,Cartable,164,INDH
AS604644,2020-2021,Oriental,ORI,Rural,Féminin,Primaire,Transport scolaire,1363,MEN
AS604645,2022-2023,Tanger-Tétouan-Al Hoceïma,TAN,Rural,Masculin,Primaire,Transport scolaire,1180,INDH
AS604646,2022-2023,Casablanca-Settat,CAS,Rural,Masculin,Qualifiant,Cartable,117,Collectivité locale
AS604647,2020-2021,Souss-Massa,SOU,Urbain,Féminin,Collégial,Transport scolaire,1024,MEN
AS604648,2019-2020,Oriental,ORI,Urbain,Masculin,Primaire,Uniforme,291,ONG
AS604649,2015-2016,Casablanca-Settat,CAS,Rural,Féminin,Primaire,Cartable,178,MEN
AS604650,2017-2018,Casablanca-Settat,CAS,Urbain,Masculin,Collégial,Transport scolaire,1171,Collectivité locale
AS604651,2023-2024,Tanger-Tétouan-Al Hoceïma,TAN,Urbain,Féminin,Primaire,Internat,3738,Don privé
AS604652,2019-2020,Béni Mellal-Khénifra,BMK,Urbain,Féminin,Collégial,Restauration scolaire,2125,MEN
AS604653,2022-2023,Casablanca-Settat,CAS,Urbain,Masculin,Primaire,Cartable,182,INDH
AS604654,2019-2020,Rabat-Salé-Kénitra,RAB,Urbain,Féminin,Collégial,Uniforme,313,MEN
AS604655,2017-2018,Laâyoune-Sakia El Hamra,LAA,Urbain,Féminin,Qualifiant,Restauration scolaire,1807,MEN
AS604656,2020-2021,Casablanca-Settat,CAS,Urbain,Féminin,Primaire,Internat,3867,MEN
AS604657,2017-2018,Tanger-Tétouan-Al Hoceïma,TAN,Urbain,Féminin,Qualifiant,Restauration scolaire,1783,MEN
AS604658,2016-2017,Béni Mellal-Khénifra,BMK,Urbain,Masculin,Primaire,Cartable,151,MEN
AS604659,2019-2020,Béni Mellal-Khénifra,BMK,Rural,Féminin,Qualifiant,Internat,3507,MEN
AS604660,2023-2024,Oriental,ORI,Rural,Féminin,Primaire,Cartable,164,MEN
AS604661,2016-2017,Tanger-Tétouan-Al Hoceïma,TAN,Rural,Féminin,Primaire,Cartable,153,INDH
AS604662,2021-2022,Tanger-Tétouan-Al Hoceïma,TAN,Rural,Féminin,Qualifiant,Internat,4013,ONG
AS604663,2022-2023,Marrakech-Safi,MAR,Urbain,Masculin,Collégial,Transport scolaire,1186,Collectivité locale
AS604664,2021-2022,Rabat-Salé-Kénitra,RAB,Rural,Masculin,Primaire,Transport scolaire,1291,ONG
AS604665,2017-2018,Casablanca-Settat,CAS,Rural,Féminin,Primaire,Cartable,165,INDH
AS604666,2017-2018,Béni Mellal-Khénifra,BMK,Urbain,Masculin,Collégial,Internat,3013,MEN
AS604667,2017-2018,Marrakech-Safi,MAR,Urbain,Féminin,Primaire,Cartable,207,INDH
AS604668,2021-2022,Casablanca-Settat,CAS,Rural,Masculin,Collégial,Uniforme,251,INDH
AS604669,2020-2021,Laâyoune-Sakia El Hamra,LAA,Rural,Masculin,Primaire,Fournitures,179,MEN
AS604670,2019-2020,Béni Mellal-Khénifra,BMK,Urbain,Féminin,Collégial,Cartable,148,MEN
AS604671,2015-2016,Fès-Meknès,FES,Urbain,Masculin,Primaire,Uniforme,265,INDH
AS604672,2020-2021,Fès-Meknès,FES,Urbain,Masculin,Primaire,Restauration scolaire,1651,INDH
AS604673,2015-2016,Souss-Massa,SOU,Urbain,Féminin,Primaire,Internat,3019,MEN
AS604674,2019-2020,Drâa-Tafilalet,DRA,Urbain,Féminin,Collégial,Restauration scolaire,1878,Collectivité locale
AS604675,2016-2017,Drâa-Tafilalet,DRA,Urbain,Masculin,Primaire,Restauration scolaire,1520,MEN
AS604676,2018-2019,Marrakech-Safi,MAR,Rural,Masculin,Collégial,Restauration scolaire,1685,MEN
AS604677,2022-2023,Drâa-Tafilalet,DRA,Urbain,Masculin,Collégial,Cartable,150,Collectivité locale
AS604678,2017-2018,Marrakech-Safi,MAR,Rural,Féminin,Primaire,Restauration scolaire,1840,MEN
AS604679,2023-2024,Tanger-Tétouan-Al Hoceïma,TAN,Rural,Féminin,Qualifiant,Cartable,163,INDH
AS604680,2017-2018,Casablanca-Settat,CAS,Urbain,Masculin,Collégial,Cartable,157,MEN
AS604681,2020-2021,Béni Mellal-Khénifra,BMK,Rural,Féminin,Collégial,Fournitures,221,MEN
AS604682,2017-2018,Tanger-Tétouan-Al Hoceïma,TAN,Rural,Masculin,Primaire,Transport scolaire,1167,Collectivité locale
AS604683,2016-2017,Marrakech-Safi,MAR,Urbain,Féminin,Qualifiant,Restauration scolaire,1733,MEN
AS604684,2019-2020,Casablanca-Settat,CAS,Rural,Masculin,Primaire,Cartable,154,INDH
AS604685,2022-2023,Casablanca-Settat,CAS,Urbain,Féminin,Qualifiant,Uniforme,258,MEN
AS604686,2017-2018,Drâa-Tafilalet,DRA,Urbain,Féminin,Qualifiant,Cartable,176,MEN
AS604687,2016-2017,Fès-Meknès,FES,Urbain,Masculin,Qualifiant,Cartable,151,MEN
AS604688,2018-2019,Marrakech-Safi,MAR,Rural,Masculin,Collégial,Internat,3354,MEN
AS604689,2018-2019,Drâa-Tafilalet,DRA,Rural,Féminin,Primaire,Transport scolaire,1097,MEN
AS604690,2015-2016,Fès-Meknès,FES,Urbain,Masculin,Qualifiant,Internat,3117,INDH
AS604691,2021-2022,Souss-Massa,SOU,Urbain,Masculin,Collégial,Internat,3572,ONG
AS604692,2017-2018,Fès-Meknès,FES,Urbain,Masculin,Collégial,Transport scolaire,1181,MEN
AS604693,2022-2023,Marrakech-Safi,MAR,Rural,Féminin,Qualifiant,Transport scolaire,1206,MEN
AS604694,2015-2016,Souss-Massa,SOU,Urbain,Féminin,Primaire,Internat,3899,Collectivité locale
AS604695,2020-2021,Casablanca-Settat,CAS,Rural,Masculin,Primaire,Cartable,161,MEN
AS604696,2018-2019,Casablanca-Settat,CAS,Rural,Masculin,Primaire,Cartable,140,Collectivité locale
AS604697,2016-2017,Rabat-Salé-Kénitra,RAB,Urbain,Masculin,Primaire,Transport scolaire,1171,Collectivité locale
AS604698,2023-2024,Rabat-Salé-Kénitra,RAB,Urbain,Masculin,Primaire,Restauration scolaire,1903,INDH
AS604699,2018-2019,Béni Mellal-Khénifra,BMK,Rural,Féminin,Collégial,Cartable,169,INDH
AS604700,2016-2017,Casablanca-Settat,CAS,Rural,Masculin,Primaire,Restauration scolaire,1749,INDH
AS604701,2021-2022,Guelmim-Oued Noun,GUE,Urbain,Masculin,Collégial,Transport scolaire,797,ONG
AS604702,2020-2021,Béni Mellal-Khénifra,BMK,Rural,Masculin,Primaire,Uniforme,239,Collectivité locale
AS604703,2023-2024,Rabat-Salé-Kénitra,RAB,Rural,Masculin,Qualifiant,Restauration scolaire,1318,MEN
AS604704,2019-2020,Souss-Massa,SOU,Rural,Féminin,Primaire,Uniforme,308,INDH
AS604705,2019-2020,Fès-Meknès,FES,Urbain,Masculin,Qualifiant,Cartable,128,Collectivité locale
AS604706,2020-2021,Casablanca-Settat,CAS,Urbain,Féminin,Primaire,Restauration scolaire,1738,MEN
AS604707,2016-2017,Casablanca-Settat,CAS,Urbain,Féminin,Collégial,Internat,3780,INDH
AS604708,2017-2018,Rabat-Salé-Kénitra,RAB,Urbain,Masculin,Primaire,Cartable,151,MEN
AS604709,2022-2023,Fès-Meknès,FES,Rural,Masculin,Qualifiant,Transport scolaire,1327,INDH
AS604710,2020-2021,Souss-Massa,SOU,Urbain,Masculin,Primaire,Transport scolaire,1210,Don privé
AS604711,2023-2024,Casablanca-Settat,CAS,Rural,Masculin,Primaire,Restauration scolaire,1570,INDH
AS604712,2020-2021,Casablanca-Settat,CAS,Rural,Masculin,Primaire,Fournitures,182,MEN
AS604713,2017-2018,Rabat-Salé-Kénitra,RAB,Rural,Masculin,Qualifiant,Transport scolaire,1025,MEN
AS604714,2020-2021,Rabat-Salé-Kénitra,RAB,Rural,Féminin,Collégial,Cartable,143,INDH
AS604715,2021-2022,Marrakech-Safi,MAR,Urbain,Masculin,Collégial,Transport scolaire,1418,ONG
AS604716,2020-2021,Casablanca-Settat,CAS,Urbain,Masculin,Collégial,Internat,3624,Don privé
AS604717,2023-2024,Casablanca-Settat,CAS,Rural,Masculin,Primaire,Restauration scolaire,2111,MEN
AS604718,2018-2019,Béni Mellal-Khénifra,BMK,Rural,Féminin,Primaire,Uniforme,264,INDH
AS604719,2020-2021,Marrakech-Safi,MAR,Rural,Masculin,Primaire,Restauration scolaire,1629,MEN
AS604720,2015-2016,Fès-Meknès,FES,Urbain,Féminin,Qualifiant,Restauration scolaire,1827,MEN
AS604721,2015-2016,Casablanca-Settat,CAS,Urbain,Féminin,Primaire,Cartable,198,MEN
AS604722,2019-2020,Casablanca-Settat,CAS,Urbain,Masculin,Collégial,Uniforme,304,MEN
AS604723,2022-2023,Béni Mellal-Khénifra,BMK,Urbain,Masculin,Collégial,Cartable,148,MEN
AS604724,2020-2021,Rabat-Salé-Kénitra,RAB,Urbain,Masculin,Qualifiant,Restauration scolaire,1713,Collectivité locale
AS604725,2017-2018,Béni Mellal-Khénifra,BMK,Rural,Féminin,Primaire,Cartable,150,Collectivité locale
AS604726,2017-2018,Marrakech-Safi,MAR,Urbain,Masculin,Collégial,Fournitures,161,MEN
AS604727,2021-2022,Marrakech-Safi,MAR,Rural,Féminin,Primaire,Fournitures,199,MEN
AS604728,2018-2019,Casablanca-Settat,CAS,Rural,Masculin,Collégial,Restauration scolaire,1887,INDH
AS604729,2018-2019,Rabat-Salé-Kénitra,RAB,Urbain,Féminin,Collégial,Transport scolaire,1443,INDH
AS604730,2020-2021,Souss-Massa,SOU,Rural,Féminin,Collégial,Cartable,169,Collectivité locale
AS604731,2019-2020,Marrakech-Safi,MAR,Rural,Masculin,Qualifiant,Restauration scolaire,1711,Collectivité locale
AS604732,2020-2021,Rabat-Salé-Kénitra,RAB,Rural,Féminin,Collégial,Restauration scolaire,1999,ONG
AS604733,2020-2021,Casablanca-Settat,CAS,Rural,Féminin,Collégial,Internat,3151,Collectivité locale
AS604734,2021-2022,Fès-Meknès,FES,Rural,Féminin,Collégial,Internat,3060,Don privé
AS604735,2023-2024,Oriental,ORI,Urbain,Féminin,Primaire,Fournitures,201,MEN
AS604736,2021-2022,Fès-Meknès,FES,Urbain,Masculin,Primaire,Restauration scolaire,1827,MEN
AS604737,2017-2018,Tanger-Tétouan-Al Hoceïma,TAN,Urbain,Masculin,Collégial,Internat,3531,INDH
AS604738,2017-2018,Casablanca-Settat,CAS,Urbain,Féminin,Primaire,Uniforme,300,MEN
AS604739,2022-2023,Béni Mellal-Khénifra,BMK,Rural,Féminin,Qualifiant,Cartable,147,Collectivité locale
AS604740,2017-2018,Marrakech-Safi,MAR,Rural,Féminin,Primaire,Cartable,179,MEN
AS604741,2016-2017,Oriental,ORI,Rural,Féminin,Primaire,Uniforme,287,MEN
AS604742,2020-2021,Marrakech-Safi,MAR,Rural,Masculin,Collégial,Cartable,153,MEN
AS604743,2020-2021,Drâa-Tafilalet,DRA,Rural,Masculin,Qualifiant,Fournitures,196,MEN
AS604744,2023-2024,Marrakech-Safi,MAR,Urbain,Masculin,Primaire,Uniforme,260,Collectivité locale
AS604745,2018-2019,Oriental,ORI,Rural,Masculin,Collégial,Internat,3219,MEN
AS604746,2018-2019,Tanger-Tétouan-Al Hoceïma,TAN,Rural,Féminin,Primaire,Restauration scolaire,1896,INDH
AS604747,2023-2024,Marrakech-Safi,MAR,Urbain,Masculin,Collégial,Internat,3183,INDH
AS604748,2015-2016,Fès-Meknès,FES,Urbain,Masculin,Primaire,Cartable,163,INDH
AS604749,2023-2024,Marrakech-Safi,MAR,Urbain,Féminin,Primaire,Uniforme,290,MEN
AS604750,2021-2022,Fès-Meknès,FES,Urbain,Masculin,Primaire,Fournitures,174,MEN
AS604751,2019-2020,Fès-Meknès,FES,Rural,Féminin,Collégial,Restauration scolaire,1760,MEN
AS604752,2016-2017,Tanger-Tétouan-Al Hoceïma,TAN,Urbain,Féminin,Qualifiant,Transport scolaire,1170,MEN
AS604753,2020-2021,Drâa-Tafilalet,DRA,Urbain,Féminin,Primaire,Restauration scolaire,2235,MEN
AS604754,2016-2017,Tanger-Tétouan-Al Hoceïma,TAN,Urbain,Féminin,Qualifiant,Restauration scolaire,1935,ONG
AS604755,2021-2022,Laâyoune-Sakia El Hamra,LAA,Urbain,Masculin,Primaire,Restauration scolaire,1506,MEN
AS604756,2023-2024,Drâa-Tafilalet,DRA,Rural,Féminin,Collégial,Restauration scolaire,1655,MEN
AS604757,2019-2020,Marrakech-Safi,MAR,Rural,Féminin,Primaire,Internat,3789,ONG
AS604758,2022-2023,Casablanca-Settat,CAS,Rural,Masculin,Qualifiant,Cartable,172,ONG
AS604759,2019-2020,Rabat-Salé-Kénitra,RAB,Rural,Féminin,Primaire,Internat,4036,INDH
AS604760,2020-2021,Fès-Meknès,FES,Rural,Féminin,Qualifiant,Internat,3794,INDH
AS604761,2016-2017,Casablanca-Settat,CAS,Urbain,Féminin,Collégial,Restauration scolaire,1830,MEN
AS604762,2019-2020,Drâa-Tafilalet,DRA,Urbain,Féminin,Primaire,Restauration scolaire,1717,INDH
AS604763,2015-2016,Casablanca-Settat,CAS,Rural,Féminin,Qualifiant,Cartable,166,MEN
AS604764,2019-2020,Casablanca-Settat,CAS,Rural,Féminin,Collégial,Uniforme,324,Collectivité locale
AS604765,2015-2016,Fès-Meknès,FES,Urbain,Masculin,Primaire,Cartable,160,MEN
AS604766,2023-2024,Marrakech-Safi,MAR,Rural,Masculin,Collégial,Cartable,164,ONG
AS604767,2021-2022,Souss-Massa,SOU,Urbain,Masculin,Primaire,Uniforme,272,MEN
AS604768,2019-2020,Laâyoune-Sakia El Hamra,LAA,Rural,Masculin,Primaire,Cartable,153,MEN
AS604769,2021-2022,Fès-Meknès,FES,Rural,Féminin,Collégial,Uniforme,272,INDH
AS604770,2023-2024,Drâa-Tafilalet,DRA,Rural,Féminin,Collégial,Internat,3660,MEN
AS604771,2020-2021,Casablanca-Settat,CAS,Urbain,Masculin,Collégial,Cartable,165,INDH
AS604772,2015-2016,Béni Mellal-Khénifra,BMK,Rural,Masculin,Qualifiant,Fournitures,199,MEN
AS604773,2017-2018,Béni Mellal-Khénifra,BMK,Urbain,Masculin,Primaire,Uniforme,260,INDH
AS604774,2022-2023,Fès-Meknès,FES,Rural,Masculin,Primaire,Restauration scolaire,2019,INDH
AS604775,2018-2019,Drâa-Tafilalet,DRA,Rural,Masculin,Collégial,Restauration scolaire,2087,Collectivité locale
AS604776,2015-2016,Casablanca-Settat,CAS,Urbain,Masculin,Primaire,Restauration scolaire,1503,MEN
AS604777,2015-2016,Casablanca-Settat,CAS,Urbain,Féminin,Collégial,Uniforme,296,MEN
AS604778,2022-2023,Souss-Massa,SOU,Rural,Féminin,Collégial,Restauration scolaire,1714,MEN
AS604779,2023-2024,Marrakech-Safi,MAR,Rural,Masculin,Collégial,Cartable,155,MEN
AS604780,2021-2022,Marrakech-Safi,MAR,Urbain,Féminin,Primaire,Internat,3378,INDH
AS604781,2023-2024,Tanger-Tétouan-Al Hoceïma,TAN,Rural,Masculin,Qualifiant,Cartable,163,INDH
AS604782,2022-2023,Marrakech-Safi,MAR,Rural,Féminin,Collégial,Uniforme,280,INDH
AS604783,2023-2024,Oriental,ORI,Rural,Masculin,Primaire,Transport scolaire,998,Collectivité locale
AS604784,2020-2021,Béni Mellal-Khénifra,BMK,Urbain,Masculin,Primaire,Restauration scolaire,1686,INDH
AS604785,2015-2016,Souss-Massa,SOU,Urbain,Masculin,Qualifiant,Cartable,145,MEN
AS604786,2015-2016,Marrakech-Safi,MAR,Rural,Masculin,Primaire,Cartable,141,INDH
AS604787,2016-2017,Souss-Massa,SOU,Rural,Féminin,Primaire,Cartable,153,Collectivité locale
AS604788,2023-2024,Souss-Massa,SOU,Urbain,Masculin,Qualifiant,Cartable,149,MEN
AS604789,2021-2022,Fès-Meknès,FES,Rural,Masculin,Primaire,Internat,3832,MEN
AS604790,2017-2018,Casablanca-Settat,CAS,Urbain,Masculin,Qualifiant,Cartable,148,MEN
AS604791,2020-2021,Tanger-Tétouan-Al Hoceïma,TAN,Urbain,Masculin,Primaire,Internat,3357,Collectivité locale
AS604792,2015-2016,Marrakech-Safi,MAR,Rural,Masculin,Primaire,Restauration scolaire,1557,MEN
AS604793,2020-2021,Casablanca-Settat,CAS,Rural,Masculin,Primaire,Transport scolaire,1330,MEN
AS604794,2023-2024,Marrakech-Safi,MAR,Rural,Masculin,Primaire,Internat,3399,Don privé
AS604795,2015-2016,Tanger-Tétouan-Al Hoceïma,TAN,Rural,Féminin,Primaire,Fournitures,213,MEN
AS604796,2015-2016,Souss-Massa,SOU,Rural,Féminin,Collégial,Uniforme,277,MEN
AS604797,2021-2022,Casablanca-Settat,CAS,Urbain,Masculin,Primaire,Restauration scolaire,1563,MEN
AS604798,2015-2016,Rabat-Salé-Kénitra,RAB,Rural,Féminin,Collégial,Fournitures,180,ONG
AS604799,2023-2024,Rabat-Salé-Kénitra,RAB,Rural,Féminin,Collégial,Restauration scolaire,1884,Collectivité locale
AS604800,2023-2024,Casablanca-Settat,CAS,Rural,Masculin,Primaire,Transport scolaire,1153,INDH
AS604801,2020-2021,Casablanca-Settat,CAS,Rural,Masculin,Primaire,Cartable,160,Collectivité locale
AS604802,2019-2020,Béni Mellal-Khénifra,BMK,Urbain,Masculin,Primaire,Fournitures,196,Don privé
AS604803,2020-2021,Souss-Massa,SOU,Rural,Masculin,Primaire,Transport scolaire,1315,ONG
AS604804,2021-2022,Fès-Meknès,FES,Rural,Féminin,Qualifiant,Transport scolaire,1282,INDH
AS604805,2023-2024,Marrakech-Safi,MAR,Urbain,Masculin,Qualifiant,Cartable,183,MEN
AS604806,2016-2017,Tanger-Tétouan-Al Hoceïma,TAN,Urbain,Masculin,Collégial,Transport scolaire,1143,MEN
AS604807,2023-2024,Casablanca-Settat,CAS,Rural,Masculin,Collégial,Cartable,166,ONG
AS604808,2015-2016,Casablanca-Settat,CAS,Rural,Féminin,Collégial,Restauration scolaire,1776,MEN
AS604809,2022-2023,Casablanca-Settat,CAS,Urbain,Féminin,Collégial,Internat,3703,MEN
AS604810,2018-2019,Tanger-Tétouan-Al Hoceïma,TAN,Rural,Masculin,Collégial,Internat,3678,MEN
AS604811,2022-2023,Fès-Meknès,FES,Rural,Masculin,Primaire,Cartable,173,MEN
AS604812,2019-2020,Marrakech-Safi,MAR,Urbain,Féminin,Qualifiant,Internat,3127,ONG
AS604813,2021-2022,Casablanca-Settat,CAS,Urbain,Féminin,Collégial,Cartable,143,MEN
AS604814,2019-2020,Fès-Meknès,FES,Urbain,Féminin,Collégial,Transport scolaire,1169,MEN
AS604815,2020-2021,Rabat-Salé-Kénitra,RAB,Urbain,Féminin,Primaire,Internat,3779,MEN
AS604816,2022-2023,Souss-Massa,SOU,Urbain,Féminin,Primaire,Restauration scolaire,1876,ONG
AS604817,2017-2018,Casablanca-Settat,CAS,Urbain,Féminin,Collégial,Fournitures,191,INDH
AS604818,2022-2023,Marrakech-Safi,MAR,Urbain,Féminin,Collégial,Cartable,188,MEN
AS604819,2018-2019,Marrakech-Safi,MAR,Urbain,Féminin,Primaire,Cartable,140,INDH
AS604820,2018-2019,Béni Mellal-Khénifra,BMK,Urbain,Féminin,Primaire,Restauration scolaire,1700,MEN
AS604821,2019-2020,Béni Mellal-Khénifra,BMK,Urbain,Masculin,Collégial,Internat,3896,INDH
AS604822,2019-2020,Béni Mellal-Khénifra,BMK,Rural,Féminin,Primaire,Restauration scolaire,1775,MEN
AS604823,2018-2019,Oriental,ORI,Urbain,Féminin,Primaire,Cartable,155,MEN
AS604824,2019-2020,Casablanca-Settat,CAS,Rural,Féminin,Collégial,Transport scolaire,1300,Collectivité locale
AS604825,2022-2023,Fès-Meknès,FES,Rural,Masculin,Qualifiant,Cartable,147,MEN
AS604826,2023-2024,Béni Mellal-Khénifra,BMK,Rural,Féminin,Qualifiant,Cartable,150,ONG
AS604827,2017-2018,Marrakech-Safi,MAR,Urbain,Féminin,Collégial,Uniforme,276,Collectivité locale
AS604828,2021-2022,Rabat-Salé-Kénitra,RAB,Urbain,Féminin,Primaire,Transport scolaire,1272,Collectivité locale
AS604829,2015-2016,Béni Mellal-Khénifra,BMK,Rural,Masculin,Collégial,Fournitures,210,MEN
AS604830,2016-2017,Casablanca-Settat,CAS,Rural,Masculin,Primaire,Cartable,185,MEN
AS604831,2022-2023,Rabat-Salé-Kénitra,RAB,Rural,Féminin,Primaire,Cartable,180,Collectivité locale
AS604832,2020-2021,Drâa-Tafilalet,DRA,Rural,Masculin,Collégial,Transport scolaire,1409,Collectivité locale
AS604833,2017-2018,Tanger-Tétouan-Al Hoceïma,TAN,Rural,Masculin,Primaire,Restauration scolaire,1682,Collectivité locale
AS604834,2015-2016,Oriental,ORI,Rural,Féminin,Primaire,Transport scolaire,1096,INDH
AS604835,2016-2017,Fès-Meknès,FES,Urbain,Masculin,Qualifiant,Transport scolaire,1018,ONG
AS604836,2023-2024,Casablanca-Settat,CAS,Rural,Féminin,Primaire,Transport scolaire,1115,MEN
AS604837,2021-2022,Rabat-Salé-Kénitra,RAB,Rural,Masculin,Primaire,Cartable,159,MEN
AS604838,2019-2020,Oriental,ORI,Urbain,Masculin,Primaire,Internat,3467,MEN
AS604839,2017-2018,Drâa-Tafilalet,DRA,Rural,Féminin,Qualifiant,Restauration scolaire,2173,MEN
AS604840,2019-2020,Tanger-Tétouan-Al Hoceïma,TAN,Urbain,Féminin,Primaire,Restauration scolaire,1886,MEN
AS604841,2018-2019,Tanger-Tétouan-Al Hoceïma,TAN,Rural,Masculin,Collégial,Cartable,184,MEN
AS604842,2022-2023,Marrakech-Safi,MAR,Urbain,Féminin,Primaire,Internat,3229,MEN
AS604843,2018-2019,Drâa-Tafilalet,DRA,Rural,Masculin,Primaire,Cartable,147,Collectivité locale
AS604844,2023-2024,Fès-Meknès,FES,Rural,Masculin,Collégial,Internat,3480,Don privé
AS604845,2019-2020,Oriental,ORI,Rural,Masculin,Primaire,Cartable,151,INDH
AS604846,2022-2023,Casablanca-Settat,CAS,Urbain,Masculin,Primaire,Fournitures,186,MEN
AS604847,2015-2016,Fès-Meknès,FES,Rural,Masculin,Collégial,Internat,2476,Collectivité locale
AS604848,2016-2017,Souss-Massa,SOU,Urbain,Masculin,Collégial,Restauration scolaire,1583,MEN
AS604849,2021-2022,Rabat-Salé-Kénitra,RAB,Rural,Masculin,Collégial,Transport scolaire,1211,INDH
AS604850,2017-2018,Souss-Massa,SOU,Rural,Féminin,Collégial,Restauration scolaire,1960,INDH
AS604851,2023-2024,Rabat-Salé-Kénitra,RAB,Urbain,Féminin,Collégial,Restauration scolaire,1631,INDH
AS604852,2016-2017,Béni Mellal-Khénifra,BMK,Urbain,Masculin,Primaire,Uniforme,321,INDH
AS604853,2015-2016,Rabat-Salé-Kénitra,RAB,Urbain,Féminin,Collégial,Fournitures,232,MEN
AS604854,2022-2023,Fès-Meknès,FES,Rural,Féminin,Collégial,Restauration scolaire,1663,INDH
AS604855,2018-2019,Tanger-Tétouan-Al Hoceïma,TAN,Rural,Féminin,Primaire,Cartable,146,MEN
AS604856,2023-2024,Drâa-Tafilalet,DRA,Urbain,Masculin,Primaire,Uniforme,249,MEN
AS604857,2023-2024,Oriental,ORI,Urbain,Masculin,Primaire,Cartable,173,MEN
AS604858,2020-2021,Rabat-Salé-Kénitra,RAB,Urbain,Féminin,Primaire,Internat,4028,MEN
AS604859,2016-2017,Casablanca-Settat,CAS,Urbain,Féminin,Primaire,Cartable,182,MEN
AS604860,2017-2018,Oriental,ORI,Rural,Féminin,Qualifiant,Restauration scolaire,2030,Don privé
AS604861,2017-2018,Marrakech-Safi,MAR,Urbain,Masculin,Primaire,Uniforme,274,MEN
AS604862,2023-2024,Tanger-Tétouan-Al Hoceïma,TAN,Rural,Masculin,Qualifiant,Restauration scolaire,1947,MEN
AS604863,2016-2017,Fès-Meknès,FES,Rural,Féminin,Qualifiant,Cartable,150,INDH
AS604864,2017-2018,Fès-Meknès,FES,Rural,Masculin,Primaire,Cartable,134,MEN
AS604865,2018-2019,Casablanca-Settat,CAS,Rural,Féminin,Collégial,Transport scolaire,1299,INDH
AS604866,2023-2024,Souss-Massa,SOU,Urbain,Féminin,Qualifiant,Internat,3509,MEN
AS604867,2016-2017,Rabat-Salé-Kénitra,RAB,Urbain,Féminin,Primaire,Internat,3711,Collectivité locale
AS604868,2021-2022,Marrakech-Safi,MAR,Urbain,Masculin,Primaire,Internat,3099,MEN
AS604869,2018-2019,Oriental,ORI,Rural,Féminin,Qualifiant,Internat,3332,INDH
AS604870,2023-2024,Casablanca-Settat,CAS,Urbain,Féminin,Primaire,Cartable,132,Collectivité locale
AS604871,2015-2016,Oriental,ORI,Rural,Masculin,Collégial,Fournitures,182,MEN
AS604872,2016-2017,Casablanca-Settat,CAS,Rural,Féminin,Collégial,Transport scolaire,1246,Collectivité locale
AS604873,2023-2024,Rabat-Salé-Kénitra,RAB,Urbain,Féminin,Primaire,Restauration scolaire,1885,MEN
AS604874,2023-2024,Marrakech-Safi,MAR,Rural,Féminin,Collégial,Internat,3539,MEN
AS604875,2015-2016,Marrakech-Safi,MAR,Urbain,Féminin,Collégial,Uniforme,277,MEN
AS604876,2016-2017,Souss-Massa,SOU,Rural,Féminin,Primaire,Cartable,166,INDH
AS604877,2021-2022,Casablanca-Settat,CAS,Urbain,Masculin,Primaire,Restauration scolaire,1941,MEN
AS604878,2017-2018,Rabat-Salé-Kénitra,RAB,Rural,Masculin,Primaire,Uniforme,298,Collectivité locale
AS604879,2023-2024,Tanger-Tétouan-Al Hoceïma,TAN,Rural,Masculin,Primaire,Internat,3491,MEN
AS604880,2018-2019,Oriental,ORI,Rural,Masculin,Collégial,Internat,4335,MEN
AS604881,2023-2024,Marrakech-Safi,MAR,Rural,Féminin,Collégial,Cartable,181,MEN
AS604882,2018-2019,Oriental,ORI,Urbain,Masculin,Primaire,Internat,3589,MEN
AS604883,2023-2024,Casablanca-Settat,CAS,Rural,Masculin,Collégial,Transport scolaire,1316,MEN
AS604884,2019-2020,Fès-Meknès,FES,Rural,Féminin,Qualifiant,Restauration scolaire,1840,Collectivité locale
AS604885,2021-2022,Oriental,ORI,Urbain,Féminin,Primaire,Transport scolaire,1028,Collectivité locale
AS604886,2021-2022,Casablanca-Settat,CAS,Rural,Masculin,Primaire,Transport scolaire,1264,MEN
AS604887,2019-2020,Rabat-Salé-Kénitra,RAB,Urbain,Masculin,Primaire,Fournitures,181,MEN
AS604888,2019-2020,Dakhla-Oued Eddahab,DAK,Rural,Masculin,Qualifiant,Internat,3374,MEN
AS604889,2017-2018,Casablanca-Settat,CAS,Rural,Masculin,Qualifiant,Cartable,159,Collectivité locale
AS604890,2020-2021,Casablanca-Settat,CAS,Urbain,Masculin,Primaire,Fournitures,184,MEN
AS604891,2018-2019,Souss-Massa,SOU,Urbain,Féminin,Primaire,Cartable,150,MEN
AS604892,2018-2019,Marrakech-Safi,MAR,Rural,Masculin,Collégial,Restauration scolaire,1671,MEN
AS604893,2021-2022,Casablanca-Settat,CAS,Rural,Féminin,Primaire,Internat,3829,INDH
AS604894,2021-2022,Rabat-Salé-Kénitra,RAB,Urbain,Masculin,Collégial,Uniforme,299,ONG
AS604895,2015-2016,Fès-Meknès,FES,Rural,Féminin,Primaire,Internat,3627,Don privé
AS604896,2019-2020,Marrakech-Safi,MAR,Rural,Masculin,Collégial,Cartable,198,ONG
AS604897,2016-2017,Souss-Massa,SOU,Rural,Masculin,Primaire,Restauration scolaire,2000,ONG
AS604898,2015-2016,Casablanca-Settat,CAS,Rural,Masculin,Collégial,Restauration scolaire,2017,INDH
AS604899,2016-2017,Oriental,ORI,Urbain,Féminin,Qualifiant,Internat,3227,MEN
AS604900,2018-2019,Rabat-Salé-Kénitra,RAB,Urbain,Masculin,Collégial,Cartable,143,MEN
AS604901,2023-2024,Rabat-Salé-Kénitra,RAB,Urbain,Féminin,Qualifiant,Cartable,164,INDH
AS604902,2021-2022,Casablanca-Settat,CAS,Rural,Masculin,Primaire,Internat,3171,MEN
AS604903,2022-2023,Rabat-Salé-Kénitra,RAB,Rural,Masculin,Primaire,Transport scolaire,1113,MEN
AS604904,2019-2020,Oriental,ORI,Urbain,Féminin,Primaire,Cartable,175,MEN
AS604905,2017-2018,Laâyoune-Sakia El Hamra,LAA,Urbain,Masculin,Qualifiant,Cartable,155,INDH
AS604906,2022-2023,Tanger-Tétouan-Al Hoceïma,TAN,Rural,Masculin,Qualifiant,Fournitures,164,Collectivité locale
AS604907,2023-2024,Rabat-Salé-Kénitra,RAB,Rural,Féminin,Primaire,Internat,4324,MEN
AS604908,2017-2018,Rabat-Salé-Kénitra,RAB,Urbain,Masculin,Primaire,Cartable,171,MEN
AS604909,2016-2017,Marrakech-Safi,MAR,Rural,Féminin,Primaire,Restauration scolaire,2077,Don privé
AS604910,2023-2024,Rabat-Salé-Kénitra,RAB,Urbain,Masculin,Primaire,Uniforme,301,MEN
AS604911,2018-2019,Oriental,ORI,Urbain,Masculin,Collégial,Cartable,134,MEN
AS604912,2020-2021,Guelmim-Oued Noun,GUE,Rural,Féminin,Collégial,Internat,3525,Collectivité locale
AS604913,2021-2022,Fès-Meknès,FES,Urbain,Masculin,Primaire,Transport scolaire,1354,ONG
AS604914,2019-2020,Souss-Massa,SOU,Rural,Masculin,Primaire,Restauration scolaire,1553,INDH
AS604915,2022-2023,Casablanca-Settat,CAS,Rural,Masculin,Qualifiant,Restauration scolaire,1996,INDH
AS604916,2023-2024,Rabat-Salé-Kénitra,RAB,Urbain,Féminin,Primaire,Cartable,134,INDH
AS604917,2015-2016,Rabat-Salé-Kénitra,RAB,Urbain,Féminin,Primaire,Internat,3429,Don privé
AS604918,2021-2022,Marrakech-Safi,MAR,Rural,Féminin,Primaire,Internat,3991,ONG
AS604919,2021-2022,Marrakech-Safi,MAR,Urbain,Masculin,Primaire,Internat,3785,ONG
AS604920,2017-2018,Fès-Meknès,FES,Rural,Masculin,Qualifiant,Internat,3208,MEN
AS604921,2016-2017,Drâa-Tafilalet,DRA,Rural,Masculin,Qualifiant,Uniforme,305,INDH
AS604922,2018-2019,Casablanca-Settat,CAS,Rural,Féminin,Primaire,Transport scolaire,1298,MEN
AS604923,2021-2022,Souss-Massa,SOU,Rural,Féminin,Primaire,Cartable,139,Collectivité locale
AS604924,2016-2017,Tanger-Tétouan-Al Hoceïma,TAN,Rural,Masculin,Primaire,Cartable,146,Don privé
AS604925,2018-2019,Oriental,ORI,Urbain,Masculin,Primaire,Restauration scolaire,1938,MEN
AS604926,2018-2019,Souss-Massa,SOU,Rural,Masculin,Primaire,Cartable,155,MEN
AS604927,2017-2018,Marrakech-Safi,MAR,Rural,Masculin,Primaire,Restauration scolaire,1686,Collectivité locale
AS604928,2021-2022,Casablanca-Settat,CAS,Rural,Féminin,Primaire,Transport scolaire,1143,Collectivité locale
AS604929,2021-2022,Casablanca-Settat,CAS,Rural,Féminin,Primaire,Cartable,136,Don privé
AS604930,2017-2018,Fès-Meknès,FES,Rural,Masculin,Collégial,Cartable,122,Collectivité locale
AS604931,2015-2016,Souss-Massa,SOU,Rural,Masculin,Qualifiant,Transport scolaire,1381,Don privé
AS604932,2017-2018,Tanger-Tétouan-Al Hoceïma,TAN,Urbain,Masculin,Collégial,Cartable,167,ONG
AS604933,2016-2017,Béni Mellal-Khénifra,BMK,Urbain,Féminin,Collégial,Internat,3971,Collectivité locale
AS604934,2017-2018,Laâyoune-Sakia El Hamra,LAA,Rural,Féminin,Qualifiant,Restauration scolaire,2010,MEN
AS604935,2022-2023,Marrakech-Safi,MAR,Rural,Féminin,Primaire,Transport scolaire,1257,MEN
AS604936,2021-2022,Béni Mellal-Khénifra,BMK,Urbain,Masculin,Collégial,Internat,3067,Collectivité locale
AS604937,2018-2019,Souss-Massa,SOU,Urbain,Féminin,Primaire,Cartable,162,MEN
AS604938,2015-2016,Béni Mellal-Khénifra,BMK,Urbain,Masculin,Primaire,Transport scolaire,1302,Collectivité locale
AS604939,2020-2021,Tanger-Tétouan-Al Hoceïma,TAN,Rural,Masculin,Primaire,Uniforme,357,MEN
AS604940,2021-2022,Casablanca-Settat,CAS,Urbain,Masculin,Primaire,Cartable,153,Collectivité locale
AS604941,2016-2017,Marrakech-Safi,MAR,Urbain,Masculin,Collégial,Restauration scolaire,1649,INDH
AS604942,2021-2022,Marrakech-Safi,MAR,Rural,Masculin,Qualifiant,Cartable,165,ONG
AS604943,2017-2018,Souss-Massa,SOU,Rural,Féminin,Primaire,Internat,3362,INDH
AS604944,2018-2019,Marrakech-Safi,MAR,Urbain,Féminin,Collégial,Fournitures,217,Don privé
AS604945,2017-2018,Souss-Massa,SOU,Rural,Masculin,Primaire,Restauration scolaire,1681,MEN
AS604946,2016-2017,Béni Mellal-Khénifra,BMK,Rural,Masculin,Primaire,Cartable,131,MEN
AS604947,2019-2020,Marrakech-Safi,MAR,Rural,Féminin,Collégial,Internat,3120,INDH
AS604948,2022-2023,Tanger-Tétouan-Al Hoceïma,TAN,Urbain,Masculin,Primaire,Cartable,177,MEN
AS604949,2017-2018,Casablanca-Settat,CAS,Urbain,Masculin,Primaire,Cartable,161,MEN
AS604950,2021-2022,Tanger-Tétouan-Al Hoceïma,TAN,Urbain,Féminin,Primaire,Cartable,157,MEN
AS604951,2020-2021,Marrakech-Safi,MAR,Urbain,Masculin,Qualifiant,Internat,3277,MEN
AS604952,2018-2019,Casablanca-Settat,CAS,Urbain,Féminin,Collégial,Restauration scolaire,1888,INDH
AS604953,2015-2016,Casablanca-Settat,CAS,Rural,Masculin,Collégial,Restauration scolaire,1694,MEN
AS604954,2019-2020,Casablanca-Settat,CAS,Urbain,Masculin,Qualifiant,Fournitures,187,Don privé
AS604955,2022-2023,Fès-Meknès,FES,Rural,Féminin,Qualifiant,Restauration scolaire,1501,MEN
AS604956,2023-2024,Drâa-Tafilalet,DRA,Rural,Féminin,Qualifiant,Restauration scolaire,2043,INDH
AS604957,2017-2018,Marrakech-Safi,MAR,Rural,Masculin,Primaire,Uniforme,328,MEN
AS604958,2015-2016,Rabat-Salé-Kénitra,RAB,Urbain,Féminin,Primaire,Cartable,164,INDH
AS604959,2019-2020,Casablanca-Settat,CAS,Rural,Masculin,Collégial,Internat,3317,Collectivité locale
AS604960,2015-2016,Oriental,ORI,Rural,Féminin,Collégial,Restauration scolaire,1488,Collectivité locale
AS604961,2022-2023,Souss-Massa,SOU,Urbain,Masculin,Primaire,Cartable,174,MEN
AS604962,2019-2020,Oriental,ORI,Rural,Féminin,Primaire,Internat,3294,Don privé
AS604963,2023-2024,Dakhla-Oued Eddahab,DAK,Urbain,Féminin,Qualifiant,Uniforme,277,MEN
AS604964,2017-2018,Casablanca-Settat,CAS,Rural,Féminin,Primaire,Uniforme,344,MEN
AS604965,2015-2016,Oriental,ORI,Urbain,Féminin,Primaire,Cartable,166,MEN
AS604966,2019-2020,Rabat-Salé-Kénitra,RAB,Urbain,Masculin,Qualifiant,Cartable,122,Don privé
AS604967,2023-2024,Guelmim-Oued Noun,GUE,Urbain,Masculin,Collégial,Restauration scolaire,1669,Collectivité locale
AS604968,2019-2020,Tanger-Tétouan-Al Hoceïma,TAN,Rural,Masculin,Collégial,Internat,3068,MEN
AS604969,2015-2016,Fès-Meknès,FES,Rural,Masculin,Collégial,Cartable,176,MEN
AS604970,2019-2020,Rabat-Salé-Kénitra,RAB,Rural,Féminin,Collégial,Internat,3588,ONG
AS604971,2020-2021,Souss-Massa,SOU,Rural,Féminin,Qualifiant,Fournitures,203,INDH
AS604972,2016-2017,Marrakech-Safi,MAR,Urbain,Masculin,Qualifiant,Uniforme,315,INDH
AS604973,2015-2016,Oriental,ORI,Rural,Masculin,Collégial,Restauration scolaire,1408,ONG
AS604974,2020-2021,Casablanca-Settat,CAS,Urbain,Féminin,Collégial,Uniforme,274,MEN
AS604975,2019-2020,Oriental,ORI,Urbain,Masculin,Primaire,Cartable,168,MEN
AS604976,2018-2019,Laâyoune-Sakia El Hamra,LAA,Rural,Féminin,Collégial,Transport scolaire,1208,Collectivité locale
AS604977,2021-2022,Tanger-Tétouan-Al Hoceïma,TAN,Rural,Masculin,Qualifiant,Cartable,138,MEN
AS604978,2023-2024,Rabat-Salé-Kénitra,RAB,Urbain,Féminin,Qualifiant,Uniforme,273,Collectivité locale
AS604979,2015-2016,Béni Mellal-Khénifra,BMK,Rural,Masculin,Qualifiant,Cartable,161,Collectivité locale
AS604980,2019-2020,Drâa-Tafilalet,DRA,Urbain,Masculin,Primaire,Cartable,134,INDH
AS604981,2016-2017,Fès-Meknès,FES,Urbain,Masculin,Collégial,Fournitures,224,MEN
AS604982,2020-2021,Fès-Meknès,FES,Rural,Masculin,Collégial,Uniforme,312,MEN
AS604983,2023-2024,Casablanca-Settat,CAS,Urbain,Masculin,Collégial,Transport scolaire,1268,Collectivité locale
AS604984,2019-2020,Rabat-Salé-Kénitra,RAB,Urbain,Féminin,Collégial,Transport scolaire,1148,MEN
AS604985,2020-2021,Marrakech-Safi,MAR,Rural,Masculin,Qualifiant,Transport scolaire,1196,INDH
AS604986,2022-2023,Rabat-Salé-Kénitra,RAB,Rural,Féminin,Collégial,Cartable,164,MEN
AS604987,2017-2018,Marrakech-Safi,MAR,Rural,Masculin,Qualifiant,Fournitures,215,MEN
AS604988,2016-2017,Drâa-Tafilalet,DRA,Rural,Masculin,Collégial,Restauration scolaire,1677,ONG
AS604989,2016-2017,Tanger-Tétouan-Al Hoceïma,TAN,Urbain,Féminin,Collégial,Cartable,170,Collectivité locale
AS604990,2015-2016,Rabat-Salé-Kénitra,RAB,Rural,Féminin,Qualifiant,Transport scolaire,1361,ONG
AS604991,2021-2022,Fès-Meknès,FES,Urbain,Masculin,Primaire,Internat,3078,INDH
AS604992,2020-2021,Marrakech-Safi,MAR,Urbain,Masculin,Collégial,Restauration scolaire,1545,MEN
AS604993,2018-2019,Fès-Meknès,FES,Urbain,Masculin,Qualifiant,Restauration scolaire,2069,MEN
AS604994,2018-2019,Souss-Massa,SOU,Urbain,Masculin,Primaire,Restauration scolaire,1798,Collectivité locale
AS604995,2022-2023,Oriental,ORI,Rural,Féminin,Primaire,Cartable,166,MEN
AS604996,2023-2024,Fès-Meknès,FES,Urbain,Féminin,Collégial,Restauration scolaire,1634,MEN
AS604997,2020-2021,Rabat-Salé-Kénitra,RAB,Urbain,Masculin,Primaire,Uniforme,277,Collectivité locale
AS604998,2020-2021,Casablanca-Settat,CAS,Rural,Féminin,Qualifiant,Cartable,152,MEN
AS604999,2017-2018,Drâa-Tafilalet,DRA,Rural,Masculin,Primaire,Cartable,174,MEN
AS605000,2019-2020,Rabat-Salé-Kénitra,RAB,Rural,Féminin,Primaire,Transport scolaire,1053,MEN
AS605001,2023-2024,Rabat-Salé-Kénitra,RAB,Urbain,Féminin,Primaire,Restauration scolaire,1903,MEN
AS605002,2020-2021,Marrakech-Safi,MAR,Rural,Masculin,Qualifiant,Cartable,169,ONG
AS605003,2021-2022,Rabat-Salé-Kénitra,RAB,Urbain,Féminin,Collégial,Restauration scolaire,1516,MEN
AS605004,2017-2018,Fès-Meknès,FES,Urbain,Féminin,Primaire,Internat,3619,MEN
AS605005,2018-2019,Rabat-Salé-Kénitra,RAB,Rural,Masculin,Primaire,Restauration scolaire,1579,ONG
AS605006,2022-2023,Drâa-Tafilalet,DRA,Urbain,Masculin,Collégial,Fournitures,171,MEN
AS605007,2022-2023,Marrakech-Safi,MAR,Urbain,Féminin,Primaire,Transport scolaire,1051,MEN
AS605008,2019-2020,Casablanca-Settat,CAS,Rural,Féminin,Qualifiant,Transport scolaire,1249,INDH
AS605009,2022-2023,Marrakech-Safi,MAR,Rural,Masculin,Primaire,Cartable,165,INDH
AS605010,2016-2017,Casablanca-Settat,CAS,Rural,Féminin,Primaire,Cartable,166,MEN
AS605011,2020-2021,Fès-Meknès,FES,Rural,Masculin,Primaire,Cartable,156,MEN
AS605012,2015-2016,Tanger-Tétouan-Al Hoceïma,TAN,Rural,Masculin,Qualifiant,Cartable,174,MEN
AS605013,2023-2024,Casablanca-Settat,CAS,Rural,Féminin,Primaire,Cartable,186,MEN
AS605014,2020-2021,Casablanca-Settat,CAS,Urbain,Masculin,Primaire,Fournitures,214,MEN
AS605015,2020-2021,Guelmim-Oued Noun,GUE,Rural,Masculin,Collégial,Uniforme,276,Collectivité locale
AS605016,2019-2020,Marrakech-Safi,MAR,Rural,Masculin,Collégial,Fournitures,215,ONG
AS605017,2023-2024,Casablanca-Settat,CAS,Urbain,Masculin,Qualifiant,Uniforme,287,MEN
AS605018,2019-2020,Marrakech-Safi,MAR,Rural,Masculin,Collégial,Restauration scolaire,1896,MEN
AS605019,2016-2017,Casablanca-Settat,CAS,Rural,Féminin,Primaire,Uniforme,295,MEN
AS605020,2021-2022,Tanger-Tétouan-Al Hoceïma,TAN,Rural,Masculin,Primaire,Cartable,152,MEN
AS605021,2022-2023,Béni Mellal-Khénifra,BMK,Rural,Masculin,Collégial,Internat,3133,MEN
AS605022,2020-2021,Souss-Massa,SOU,Urbain,Féminin,Collégial,Transport scolaire,1212,MEN
AS605023,2015-2016,Souss-Massa,SOU,Urbain,Masculin,Collégial,Internat,3927,MEN
AS605024,2021-2022,Fès-Meknès,FES,Urbain,Masculin,Primaire,Restauration scolaire,1788,MEN
AS605025,2016-2017,Casablanca-Settat,CAS,Urbain,Féminin,Collégial,Internat,3747,MEN
AS605026,2019-2020,Rabat-Salé-Kénitra,RAB,Urbain,Masculin,Qualifiant,Fournitures,242,MEN
AS605027,2020-2021,Béni Mellal-Khénifra,BMK,Rural,Féminin,Collégial,Internat,3433,INDH
AS605028,2020-2021,Tanger-Tétouan-Al Hoceïma,TAN,Rural,Féminin,Qualifiant,Cartable,166,Collectivité locale
AS605029,2021-2022,Drâa-Tafilalet,DRA,Urbain,Féminin,Primaire,Cartable,158,MEN
AS605030,2020-2021,Casablanca-Settat,CAS,Rural,Masculin,Collégial,Uniforme,229,Collectivité locale
AS605031,2023-2024,Casablanca-Settat,CAS,Rural,Masculin,Primaire,Internat,3351,MEN
AS605032,2020-2021,Tanger-Tétouan-Al Hoceïma,TAN,Urbain,Masculin,Collégial,Cartable,189,MEN
AS605033,2018-2019,Fès-Meknès,FES,Urbain,Féminin,Primaire,Cartable,168,MEN
AS605034,2021-2022,Souss-Massa,SOU,Rural,Masculin,Primaire,Internat,2852,MEN
AS605035,2022-2023,Marrakech-Safi,MAR,Urbain,Féminin,Primaire,Restauration scolaire,1623,INDH
AS605036,2020-2021,Casablanca-Settat,CAS,Rural,Féminin,Collégial,Cartable,141,MEN
AS605037,2016-2017,Rabat-Salé-Kénitra,RAB,Rural,Féminin,Collégial,Internat,3076,ONG
AS605038,2022-2023,Casablanca-Settat,CAS,Rural,Masculin,Primaire,Transport scolaire,1023,ONG
AS605039,2016-2017,Fès-Meknès,FES,Urbain,Féminin,Primaire,Restauration scolaire,1866,MEN
AS605040,2021-2022,Marrakech-Safi,MAR,Rural,Féminin,Primaire,Internat,3719,MEN
AS605041,2015-2016,Marrakech-Safi,MAR,Urbain,Féminin,Qualifiant,Fournitures,198,MEN
AS605042,2023-2024,Tanger-Tétouan-Al Hoceïma,TAN,Urbain,Féminin,Qualifiant,Restauration scolaire,1716,MEN
AS605043,2017-2018,Fès-Meknès,FES,Rural,Féminin,Primaire,Restauration scolaire,1941,Don privé
AS605044,2018-2019,Casablanca-Settat,CAS,Urbain,Masculin,Collégial,Uniforme,264,ONG
AS605045,2018-2019,Tanger-Tétouan-Al Hoceïma,TAN,Urbain,Féminin,Primaire,Restauration scolaire,1741,MEN
AS605046,2015-2016,Rabat-Salé-Kénitra,RAB,Rural,Féminin,Collégial,Cartable,146,Collectivité locale
AS605047,2020-2021,Béni Mellal-Khénifra,BMK,Rural,Féminin,Qualifiant,Fournitures,234,MEN
AS605048,2019-2020,Tanger-Tétouan-Al Hoceïma,TAN,Urbain,Féminin,Primaire,Transport scolaire,1242,INDH
AS605049,2020-2021,Casablanca-Settat,CAS,Urbain,Féminin,Primaire,Internat,3500,MEN
AS605050,2017-2018,Souss-Massa,SOU,Urbain,Masculin,Qualifiant,Transport scolaire,1174,Collectivité locale
AS605051,2021-2022,Rabat-Salé-Kénitra,RAB,Rural,Masculin,Primaire,Fournitures,200,INDH
AS605052,2019-2020,Rabat-Salé-Kénitra,RAB,Urbain,Masculin,Qualifiant,Restauration scolaire,1777,MEN
AS605053,2018-2019,Souss-Massa,SOU,Rural,Féminin,Qualifiant,Restauration scolaire,1915,Collectivité locale
AS605054,2016-2017,Souss-Massa,SOU,Rural,Masculin,Primaire,Internat,3293,INDH
AS605055,2020-2021,Oriental,ORI,Rural,Féminin,Primaire,Restauration scolaire,1695,MEN
AS605056,2022-2023,Fès-Meknès,FES,Rural,Féminin,Qualifiant,Uniforme,344,MEN
AS605057,2017-2018,Béni Mellal-Khénifra,BMK,Urbain,Féminin,Primaire,Internat,2833,ONG
AS605058,2017-2018,Tanger-Tétouan-Al Hoceïma,TAN,Rural,Masculin,Collégial,Fournitures,202,ONG
AS605059,2019-2020,Rabat-Salé-Kénitra,RAB,Rural,Féminin,Qualifiant,Transport scolaire,1200,ONG
AS605060,2017-2018,Tanger-Tétouan-Al Hoceïma,TAN,Urbain,Masculin,Primaire,Cartable,180,MEN
AS605061,2018-2019,Casablanca-Settat,CAS,Urbain,Masculin,Primaire,Uniforme,273,ONG
AS605062,2018-2019,Casablanca-Settat,CAS,Rural,Féminin,Collégial,Internat,3391,INDH
AS605063,2021-2022,Laâyoune-Sakia El Hamra,LAA,Urbain,Féminin,Primaire,Restauration scolaire,1691,MEN
AS605064,2016-2017,Marrakech-Safi,MAR,Urbain,Féminin,Collégial,Restauration scolaire,1932,ONG
AS605065,2023-2024,Fès-Meknès,FES,Rural,Masculin,Primaire,Internat,3459,MEN
AS605066,2020-2021,Tanger-Tétouan-Al Hoceïma,TAN,Rural,Féminin,Collégial,Restauration scolaire,1861,MEN
AS605067,2018-2019,Oriental,ORI,Rural,Féminin,Primaire,Cartable,179,MEN
AS605068,2019-2020,Tanger-Tétouan-Al Hoceïma,TAN,Urbain,Féminin,Primaire,Internat,2904,MEN
AS605069,2017-2018,Marrakech-Safi,MAR,Urbain,Masculin,Qualifiant,Uniforme,283,Collectivité locale
AS605070,2020-2021,Souss-Massa,SOU,Urbain,Masculin,Primaire,Fournitures,201,MEN
AS605071,2022-2023,Rabat-Salé-Kénitra,RAB,Rural,Masculin,Primaire,Restauration scolaire,1996,MEN
AS605072,2017-2018,Fès-Meknès,FES,Urbain,Féminin,Primaire,Transport scolaire,1174,INDH
AS605073,2021-2022,Souss-Massa,SOU,Urbain,Féminin,Collégial,Restauration scolaire,1656,MEN
AS605074,2016-2017,Rabat-Salé-Kénitra,RAB,Urbain,Masculin,Collégial,Uniforme,275,Don privé
AS605075,2015-2016,Béni Mellal-Khénifra,BMK,Urbain,Masculin,Qualifiant,Restauration scolaire,2012,MEN
AS605076,2019-2020,Casablanca-Settat,CAS,Rural,Féminin,Primaire,Restauration scolaire,1822,ONG
AS605077,2018-2019,Drâa-Tafilalet,DRA,Rural,Féminin,Primaire,Restauration scolaire,1618,INDH
AS605078,2023-2024,Oriental,ORI,Urbain,Féminin,Collégial,Cartable,150,INDH
AS605079,2023-2024,Fès-Meknès,FES,Urbain,Masculin,Primaire,Uniforme,327,INDH
AS605080,2017-2018,Casablanca-Settat,CAS,Rural,Féminin,Primaire,Uniforme,337,INDH
AS605081,2017-2018,Rabat-Salé-Kénitra,RAB,Rural,Féminin,Collégial,Internat,4051,MEN
AS605082,2018-2019,Béni Mellal-Khénifra,BMK,Rural,Masculin,Primaire,Restauration scolaire,1642,INDH
AS605083,2018-2019,Casablanca-Settat,CAS,Rural,Masculin,Qualifiant,Fournitures,201,MEN
AS605084,2023-2024,Casablanca-Settat,CAS,Urbain,Féminin,Collégial,Restauration scolaire,1725,MEN
AS605085,2022-2023,Rabat-Salé-Kénitra,RAB,Rural,Masculin,Primaire,Fournitures,183,Collectivité locale
AS605086,2020-2021,Rabat-Salé-Kénitra,RAB,Rural,Féminin,Qualifiant,Cartable,175,Don privé
AS605087,2019-2020,Tanger-Tétouan-Al Hoceïma,TAN,Rural,Masculin,Primaire,Restauration scolaire,1722,INDH
AS605088,2017-2018,Marrakech-Safi,MAR,Urbain,Féminin,Primaire,Restauration scolaire,2133,MEN
AS605089,2019-2020,Rabat-Salé-Kénitra,RAB,Urbain,Féminin,Primaire,Cartable,129,ONG
AS605090,2017-2018,Tanger-Tétouan-Al Hoceïma,TAN,Rural,Masculin,Primaire,Internat,3150,INDH
AS605091,2021-2022,Souss-Massa,SOU,Rural,Féminin,Primaire,Cartable,174,MEN
AS605092,2020-2021,Rabat-Salé-Kénitra,RAB,Urbain,Masculin,Collégial,Fournitures,186,MEN
AS605093,2017-2018,Tanger-Tétouan-Al Hoceïma,TAN,Rural,Féminin,Primaire,Fournitures,164,MEN
AS605094,2016-2017,Casablanca-Settat,CAS,Rural,Masculin,Collégial,Restauration scolaire,1943,MEN
AS605095,2022-2023,Marrakech-Safi,MAR,Rural,Masculin,Collégial,Internat,3574,Don privé
AS605096,2016-2017,Rabat-Salé-Kénitra,RAB,Urbain,Masculin,Primaire,Restauration scolaire,1809,MEN
AS605097,2016-2017,Casablanca-Settat,CAS,Urbain,Féminin,Collégial,Transport scolaire,1093,MEN
AS605098,2019-2020,Béni Mellal-Khénifra,BMK,Urbain,Féminin,Primaire,Cartable,155,Collectivité locale
AS605099,2016-2017,Casablanca-Settat,CAS,Rural,Masculin,Primaire,Internat,3662,MEN
AS605100,2023-2024,Rabat-Salé-Kénitra,RAB,Urbain,Féminin,Primaire,Transport scolaire,951,MEN
AS605101,2021-2022,Casablanca-Settat,CAS,Urbain,Féminin,Primaire,Cartable,139,MEN
AS605102,2015-2016,Rabat-Salé-Kénitra,RAB,Rural,Féminin,Qualifiant,Cartable,163,INDH
AS605103,2018-2019,Casablanca-Settat,CAS,Urbain,Féminin,Primaire,Uniforme,280,INDH
AS605104,2022-2023,Casablanca-Settat,CAS,Rural,Féminin,Collégial,Restauration scolaire,1849,Don privé
AS605105,2022-2023,Béni Mellal-Khénifra,BMK,Rural,Masculin,Primaire,Transport scolaire,1062,ONG
AS605106,2023-2024,Casablanca-Settat,CAS,Rural,Féminin,Primaire,Cartable,144,MEN
AS605107,2016-2017,Marrakech-Safi,MAR,Urbain,Féminin,Collégial,Restauration scolaire,2162,Collectivité locale
AS605108,2019-2020,Rabat-Salé-Kénitra,RAB,Rural,Masculin,Qualifiant,Uniforme,282,INDH
AS605109,2016-2017,Béni Mellal-Khénifra,BMK,Urbain,Masculin,Primaire,Transport scolaire,1189,MEN
AS605110,2015-2016,Fès-Meknès,FES,Rural,Féminin,Primaire,Fournitures,217,Collectivité locale
AS605111,2020-2021,Casablanca-Settat,CAS,Urbain,Féminin,Collégial,Cartable,154,INDH
AS605112,2015-2016,Fès-Meknès,FES,Rural,Masculin,Primaire,Transport scolaire,1085,Collectivité locale
AS605113,2015-2016,Marrakech-Safi,MAR,Urbain,Féminin,Collégial,Uniforme,276,MEN
AS605114,2016-2017,Marrakech-Safi,MAR,Rural,Masculin,Primaire,Restauration scolaire,1803,MEN
AS605115,2021-2022,Rabat-Salé-Kénitra,RAB,Rural,Féminin,Primaire,Restauration scolaire,1328,INDH
AS605116,2020-2021,Marrakech-Safi,MAR,Urbain,Féminin,Collégial,Uniforme,285,MEN
AS605117,2022-2023,Béni Mellal-Khénifra,BMK,Rural,Féminin,Primaire,Transport scolaire,1363,MEN
AS605118,2023-2024,Marrakech-Safi,MAR,Rural,Féminin,Collégial,Transport scolaire,1067,MEN
AS605119,2015-2016,Marrakech-Safi,MAR,Urbain,Féminin,Collégial,Transport scolaire,1197,MEN
AS605120,2017-2018,Fès-Meknès,FES,Rural,Masculin,Primaire,Cartable,155,Don privé
AS605121,2018-2019,Souss-Massa,SOU,Urbain,Masculin,Primaire,Cartable,143,MEN
AS605122,2023-2024,Oriental,ORI,Urbain,Masculin,Primaire,Internat,2836,MEN
AS605123,2020-2021,Casablanca-Settat,CAS,Rural,Féminin,Primaire,Restauration scolaire,1829,MEN
AS605124,2021-2022,Fès-Meknès,FES,Rural,Masculin,Collégial,Transport scolaire,1225,Don privé
AS605125,2017-2018,Marrakech-Safi,MAR,Rural,Féminin,Primaire,Transport scolaire,1144,INDH
AS605126,2021-2022,Casablanca-Settat,CAS,Urbain,Féminin,Primaire,Cartable,164,INDH
AS605127,2015-2016,Fès-Meknès,FES,Rural,Féminin,Primaire,Transport scolaire,1175,MEN
AS605128,2017-2018,Béni Mellal-Khénifra,BMK,Urbain,Masculin,Collégial,Transport scolaire,1297,Don privé
AS605129,2021-2022,Tanger-Tétouan-Al Hoceïma,TAN,Urbain,Masculin,Primaire,Cartable,170,INDH
AS605130,2018-2019,Oriental,ORI,Rural,Masculin,Primaire,Fournitures,185,INDH
AS605131,2018-2019,Drâa-Tafilalet,DRA,Rural,Féminin,Qualifiant,Restauration scolaire,1901,MEN
AS605132,2017-2018,Oriental,ORI,Rural,Féminin,Primaire,Cartable,176,MEN
AS605133,2020-2021,Fès-Meknès,FES,Rural,Masculin,Collégial,Cartable,154,Collectivité locale
AS605134,2015-2016,Béni Mellal-Khénifra,BMK,Rural,Masculin,Collégial,Cartable,150,MEN
AS605135,2021-2022,Casablanca-Settat,CAS,Rural,Masculin,Qualifiant,Cartable,157,MEN
AS605136,2015-2016,Souss-Massa,SOU,Urbain,Féminin,Qualifiant,Internat,3857,MEN
AS605137,2015-2016,Rabat-Salé-Kénitra,RAB,Rural,Masculin,Collégial,Transport scolaire,1125,MEN
AS605138,2021-2022,Guelmim-Oued Noun,GUE,Rural,Féminin,Primaire,Fournitures,181,MEN
AS605139,2020-2021,Oriental,ORI,Rural,Masculin,Primaire,Restauration scolaire,1825,Collectivité locale
AS605140,2023-2024,Fès-Meknès,FES,Rural,Féminin,Primaire,Uniforme,273,MEN
AS605141,2020-2021,Souss-Massa,SOU,Rural,Masculin,Qualifiant,Internat,3551,Collectivité locale
AS605142,2016-2017,Tanger-Tétouan-Al Hoceïma,TAN,Urbain,Masculin,Collégial,Restauration scolaire,1517,INDH
AS605143,2021-2022,Drâa-Tafilalet,DRA,Rural,Masculin,Qualifiant,Internat,3406,MEN
AS605144,2016-2017,Marrakech-Safi,MAR,Rural,Féminin,Primaire,Restauration scolaire,1563,MEN
AS605145,2022-2023,Béni Mellal-Khénifra,BMK,Urbain,Féminin,Collégial,Cartable,129,ONG
AS605146,2019-2020,Fès-Meknès,FES,Rural,Masculin,Primaire,Restauration scolaire,1631,INDH
AS605147,2021-2022,Marrakech-Safi,MAR,Urbain,Féminin,Primaire,Cartable,156,INDH
AS605148,2015-2016,Béni Mellal-Khénifra,BMK,Urbain,Masculin,Primaire,Restauration scolaire,1940,INDH
AS605149,2015-2016,Rabat-Salé-Kénitra,RAB,Rural,Féminin,Collégial,Uniforme,236,MEN
AS605150,2015-2016,Rabat-Salé-Kénitra,RAB,Rural,Féminin,Qualifiant,Cartable,131,MEN
AS605151,2023-2024,Oriental,ORI,Urbain,Masculin,Collégial,Internat,3078,Collectivité locale
AS605152,2015-2016,Fès-Meknès,FES,Urbain,Féminin,Collégial,Internat,3515,MEN
AS605153,2017-2018,Casablanca-Settat,CAS,Urbain,Masculin,Collégial,Restauration scolaire,2171,MEN
AS605154,2019-2020,Tanger-Tétouan-Al Hoceïma,TAN,Urbain,Féminin,Primaire,Fournitures,176,MEN
AS605155,2017-2018,Casablanca-Settat,CAS,Urbain,Féminin,Primaire,Cartable,183,MEN
AS605156,2023-2024,Tanger-Tétouan-Al Hoceïma,TAN,Rural,Féminin,Primaire,Restauration scolaire,1556,Don privé
AS605157,2015-2016,Rabat-Salé-Kénitra,RAB,Rural,Féminin,Primaire,Cartable,166,MEN
AS605158,2023-2024,Casablanca-Settat,CAS,Rural,Féminin,Primaire,Internat,3753,MEN
AS605159,2015-2016,Souss-Massa,SOU,Rural,Masculin,Primaire,Cartable,146,MEN
AS605160,2016-2017,Souss-Massa,SOU,Urbain,Masculin,Primaire,Transport scolaire,1123,Collectivité locale
AS605161,2015-2016,Rabat-Salé-Kénitra,RAB,Rural,Féminin,Primaire,Restauration scolaire,1520,MEN
AS605162,2022-2023,Casablanca-Settat,CAS,Rural,Féminin,Collégial,Transport scolaire,1109,Collectivité locale
AS605163,2022-2023,Souss-Massa,SOU,Rural,Féminin,Qualifiant,Restauration scolaire,1561,MEN
AS605164,2016-2017,Béni Mellal-Khénifra,BMK,Urbain,Féminin,Primaire,Restauration scolaire,1895,MEN
AS605165,2023-2024,Rabat-Salé-Kénitra,RAB,Rural,Féminin,Collégial,Restauration scolaire,1829,MEN
AS605166,2019-2020,Marrakech-Safi,MAR,Urbain,Féminin,Qualifiant,Cartable,154,MEN
AS605167,2018-2019,Casablanca-Settat,CAS,Rural,Masculin,Primaire,Cartable,176,MEN
AS605168,2017-2018,Souss-Massa,SOU,Urbain,Masculin,Collégial,Internat,3493,MEN
AS605169,2018-2019,Casablanca-Settat,CAS,Rural,Féminin,Primaire,Cartable,163,Don privé
AS605170,2017-2018,Rabat-Salé-Kénitra,RAB,Rural,Féminin,Primaire,Transport scolaire,1179,MEN
AS605171,2019-2020,Souss-Massa,SOU,Urbain,Féminin,Primaire,Internat,3968,INDH
AS605172,2021-2022,Souss-Massa,SOU,Urbain,Féminin,Primaire,Cartable,126,MEN
AS605173,2020-2021,Guelmim-Oued Noun,GUE,Urbain,Féminin,Collégial,Restauration scolaire,1703,MEN
AS605174,2022-2023,Casablanca-Settat,CAS,Rural,Féminin,Primaire,Cartable,171,MEN
AS605175,2022-2023,Béni Mellal-Khénifra,BMK,Rural,Masculin,Qualifiant,Cartable,174,MEN
AS605176,2016-2017,Casablanca-Settat,CAS,Rural,Masculin,Primaire,Cartable,163,MEN
AS605177,2017-2018,Tanger-Tétouan-Al Hoceïma,TAN,Rural,Féminin,Collégial,Restauration scolaire,1887,INDH
AS605178,2020-2021,Souss-Massa,SOU,Urbain,Masculin,Primaire,Uniforme,262,MEN
AS605179,2020-2021,Rabat-Salé-Kénitra,RAB,Rural,Masculin,Primaire,Cartable,167,MEN
AS605180,2019-2020,Rabat-Salé-Kénitra,RAB,Rural,Masculin,Collégial,Cartable,145,ONG
AS605181,2018-2019,Béni Mellal-Khénifra,BMK,Urbain,Masculin,Primaire,Cartable,159,INDH
AS605182,2015-2016,Casablanca-Settat,CAS,Rural,Féminin,Qualifiant,Internat,3690,INDH
AS605183,2017-2018,Béni Mellal-Khénifra,BMK,Rural,Masculin,Collégial,Internat,4122,MEN
AS605184,2022-2023,Rabat-Salé-Kénitra,RAB,Urbain,Féminin,Primaire,Cartable,162,MEN
AS605185,2019-2020,Rabat-Salé-Kénitra,RAB,Rural,Masculin,Qualifiant,Fournitures,188,MEN
AS605186,2016-2017,Fès-Meknès,FES,Urbain,Masculin,Qualifiant,Cartable,163,MEN
AS605187,2019-2020,Marrakech-Safi,MAR,Urbain,Féminin,Qualifiant,Restauration scolaire,1492,Collectivité locale
AS605188,2015-2016,Souss-Massa,SOU,Rural,Féminin,Primaire,Uniforme,339,MEN
AS605189,2019-2020,Tanger-Tétouan-Al Hoceïma,TAN,Rural,Masculin,Qualifiant,Internat,2850,Don privé
AS605190,2023-2024,Guelmim-Oued Noun,GUE,Rural,Masculin,Collégial,Restauration scolaire,1728,INDH
AS605191,2016-2017,Marrakech-Safi,MAR,Rural,Masculin,Primaire,Fournitures,194,ONG
AS605192,2019-2020,Souss-Massa,SOU,Rural,Masculin,Primaire,Restauration scolaire,1719,Don privé
AS605193,2023-2024,Oriental,ORI,Urbain,Masculin,Primaire,Restauration scolaire,1742,ONG
AS605194,2021-2022,Oriental,ORI,Rural,Féminin,Qualifiant,Restauration scolaire,1560,MEN
AS605195,2017-2018,Marrakech-Safi,MAR,Rural,Masculin,Primaire,Uniforme,257,Collectivité locale
AS605196,2018-2019,Béni Mellal-Khénifra,BMK,Urbain,Masculin,Primaire,Uniforme,281,MEN
AS605197,2019-2020,Souss-Massa,SOU,Urbain,Masculin,Primaire,Cartable,146,MEN
AS605198,2015-2016,Tanger-Tétouan-Al Hoceïma,TAN,Rural,Masculin,Qualifiant,Restauration scolaire,1371,MEN
AS605199,2021-2022,Casablanca-Settat,CAS,Rural,Féminin,Qualifiant,Cartable,143,Collectivité locale
AS605200,2017-2018,Fès-Meknès,FES,Urbain,Masculin,Collégial,Restauration scolaire,1736,MEN
AS605201,2023-2024,Tanger-Tétouan-Al Hoceïma,TAN,Rural,Féminin,Collégial,Restauration scolaire,1865,MEN
AS605202,2021-2022,Casablanca-Settat,CAS,Rural,Masculin,Qualifiant,Cartable,150,MEN
AS605203,2022-2023,Casablanca-Settat,CAS,Rural,Masculin,Collégial,Transport scolaire,1156,ONG
AS605204,2021-2022,Souss-Massa,SOU,Rural,Féminin,Primaire,Transport scolaire,1235,Collectivité locale
AS605205,2020-2021,Oriental,ORI,Urbain,Féminin,Qualifiant,Cartable,133,INDH
AS605206,2023-2024,Marrakech-Safi,MAR,Urbain,Masculin,Collégial,Cartable,150,MEN
AS605207,2015-2016,Rabat-Salé-Kénitra,RAB,Urbain,Féminin,Collégial,Internat,3660,MEN
AS605208,2019-2020,Fès-Meknès,FES,Rural,Masculin,Collégial,Internat,4153,INDH
AS605209,2020-2021,Tanger-Tétouan-Al Hoceïma,TAN,Urbain,Féminin,Primaire,Transport scolaire,1234,MEN
AS605210,2015-2016,Marrakech-Safi,MAR,Rural,Féminin,Primaire,Cartable,155,INDH
AS605211,2021-2022,Béni Mellal-Khénifra,BMK,Urbain,Masculin,Primaire,Cartable,162,MEN
AS605212,2016-2017,Tanger-Tétouan-Al Hoceïma,TAN,Rural,Masculin,Collégial,Cartable,174,MEN
AS605213,2017-2018,Marrakech-Safi,MAR,Rural,Masculin,Primaire,Uniforme,233,MEN
AS605214,2020-2021,Oriental,ORI,Rural,Féminin,Qualifiant,Fournitures,202,MEN
AS605215,2022-2023,Casablanca-Settat,CAS,Rural,Féminin,Collégial,Fournitures,214,MEN
AS605216,2018-2019,Souss-Massa,SOU,Urbain,Masculin,Collégial,Fournitures,198,MEN
AS605217,2020-2021,Fès-Meknès,FES,Urbain,Masculin,Qualifiant,Restauration scolaire,1563,Collectivité locale
AS605218,2019-2020,Marrakech-Safi,MAR,Urbain,Féminin,Collégial,Restauration scolaire,1672,MEN
AS605219,2020-2021,Béni Mellal-Khénifra,BMK,Urbain,Masculin,Collégial,Restauration scolaire,1647,MEN
AS605220,2020-2021,Casablanca-Settat,CAS,Urbain,Masculin,Qualifiant,Transport scolaire,1074,MEN
AS605221,2022-2023,Tanger-Tétouan-Al Hoceïma,TAN,Urbain,Féminin,Primaire,Uniforme,279,Collectivité locale
AS605222,2022-2023,Souss-Massa,SOU,Rural,Féminin,Collégial,Restauration scolaire,1945,MEN
AS605223,2017-2018,Oriental,ORI,Urbain,Masculin,Primaire,Transport scolaire,1401,MEN
AS605224,2020-2021,Drâa-Tafilalet,DRA,Rural,Féminin,Qualifiant,Restauration scolaire,1547,INDH
AS605225,2021-2022,Casablanca-Settat,CAS,Rural,Masculin,Collégial,Restauration scolaire,1974,INDH
AS605226,2017-2018,Casablanca-Settat,CAS,Rural,Masculin,Primaire,Transport scolaire,1277,MEN
AS605227,2023-2024,Rabat-Salé-Kénitra,RAB,Rural,Masculin,Collégial,Internat,3721,Collectivité locale
AS605228,2015-2016,Rabat-Salé-Kénitra,RAB,Rural,Féminin,Primaire,Transport scolaire,1206,MEN
AS605229,2023-2024,Fès-Meknès,FES,Rural,Masculin,Qualifiant,Restauration scolaire,1624,MEN
AS605230,2020-2021,Casablanca-Settat,CAS,Rural,Masculin,Primaire,Restauration scolaire,1670,INDH
AS605231,2015-2016,Oriental,ORI,Rural,Masculin,Qualifiant,Internat,3917,INDH
AS605232,2017-2018,Rabat-Salé-Kénitra,RAB,Urbain,Masculin,Collégial,Cartable,135,INDH
AS605233,2016-2017,Fès-Meknès,FES,Rural,Féminin,Primaire,Uniforme,267,MEN
AS605234,2022-2023,Tanger-Tétouan-Al Hoceïma,TAN,Urbain,Masculin,Primaire,Uniforme,253,MEN
AS605235,2018-2019,Marrakech-Safi,MAR,Urbain,Féminin,Collégial,Cartable,152,MEN
AS605236,2018-2019,Casablanca-Settat,CAS,Rural,Féminin,Collégial,Internat,3779,MEN
AS605237,2017-2018,Rabat-Salé-Kénitra,RAB,Rural,Masculin,Primaire,Internat,4009,INDH
AS605238,2020-2021,Casablanca-Settat,CAS,Rural,Masculin,Primaire,Restauration scolaire,1985,ONG
AS605239,2016-2017,Casablanca-Settat,CAS,Rural,Féminin,Qualifiant,Transport scolaire,1037,INDH
AS605240,2015-2016,Rabat-Salé-Kénitra,RAB,Rural,Masculin,Primaire,Transport scolaire,1458,INDH
AS605241,2017-2018,Souss-Massa,SOU,Rural,Féminin,Primaire,Cartable,154,Collectivité locale
AS605242,2018-2019,Casablanca-Settat,CAS,Urbain,Féminin,Qualifiant,Restauration scolaire,1541,MEN
AS605243,2020-2021,Tanger-Tétouan-Al Hoceïma,TAN,Rural,Masculin,Qualifiant,Restauration scolaire,1811,ONG
AS605244,2017-2018,Casablanca-Settat,CAS,Urbain,Masculin,Collégial,Uniforme,273,MEN
AS605245,2022-2023,Fès-Meknès,FES,Rural,Masculin,Qualifiant,Restauration scolaire,1979,MEN
AS605246,2017-2018,Souss-Massa,SOU,Urbain,Masculin,Primaire,Restauration scolaire,1567,INDH
AS605247,2015-2016,Fès-Meknès,FES,Rural,Masculin,Primaire,Restauration scolaire,1900,MEN
AS605248,2018-2019,Marrakech-Safi,MAR,Urbain,Féminin,Collégial,Restauration scolaire,2106,Collectivité locale
AS605249,2020-2021,Casablanca-Settat,CAS,Urbain,Féminin,Primaire,Cartable,158,MEN
AS605250,2016-2017,Fès-Meknès,FES,Rural,Masculin,Collégial,Restauration scolaire,1831,INDH
AS605251,2022-2023,Oriental,ORI,Rural,Masculin,Qualifiant,Fournitures,191,ONG
AS605252,2021-2022,Fès-Meknès,FES,Urbain,Masculin,Primaire,Uniforme,297,Collectivité locale
AS605253,2021-2022,Casablanca-Settat,CAS,Rural,Masculin,Qualifiant,Internat,3717,Don privé
AS605254,2017-2018,Rabat-Salé-Kénitra,RAB,Urbain,Féminin,Collégial,Internat,3787,INDH
AS605255,2022-2023,Casablanca-Settat,CAS,Rural,Masculin,Qualifiant,Internat,3584,MEN
AS605256,2020-2021,Souss-Massa,SOU,Urbain,Féminin,Primaire,Cartable,153,MEN
AS605257,2022-2023,Casablanca-Settat,CAS,Urbain,Masculin,Collégial,Transport scolaire,1440,MEN
AS605258,2020-2021,Béni Mellal-Khénifra,BMK,Rural,Féminin,Primaire,Restauration scolaire,1723,Collectivité locale
AS605259,2016-2017,Casablanca-Settat,CAS,Rural,Masculin,Qualifiant,Uniforme,291,MEN
AS605260,2016-2017,Casablanca-Settat,CAS,Urbain,Masculin,Primaire,Cartable,156,MEN
AS605261,2022-2023,Tanger-Tétouan-Al Hoceïma,TAN,Rural,Masculin,Collégial,Internat,3703,INDH
AS605262,2015-2016,Tanger-Tétouan-Al Hoceïma,TAN,Rural,Masculin,Primaire,Transport scolaire,1034,ONG
AS605263,2017-2018,Rabat-Salé-Kénitra,RAB,Urbain,Masculin,Collégial,Internat,3128,MEN
AS605264,2019-2020,Casablanca-Settat,CAS,Urbain,Féminin,Collégial,Uniforme,285,MEN
AS605265,2023-2024,Souss-Massa,SOU,Urbain,Féminin,Collégial,Restauration scolaire,2073,INDH
AS605266,2015-2016,Béni Mellal-Khénifra,BMK,Rural,Masculin,Collégial,Fournitures,203,MEN
AS605267,2022-2023,Rabat-Salé-Kénitra,RAB,Rural,Féminin,Primaire,Restauration scolaire,1634,ONG
AS605268,2019-2020,Casablanca-Settat,CAS,Urbain,Masculin,Qualifiant,Cartable,202,MEN
AS605269,2021-2022,Casablanca-Settat,CAS,Urbain,Masculin,Primaire,Cartable,152,INDH
AS605270,2017-2018,Drâa-Tafilalet,DRA,Rural,Féminin,Qualifiant,Transport scolaire,1273,MEN
AS605271,2022-2023,Marrakech-Safi,MAR,Rural,Masculin,Primaire,Cartable,167,INDH
AS605272,2019-2020,Rabat-Salé-Kénitra,RAB,Urbain,Masculin,Primaire,Fournitures,205,ONG
AS605273,2019-2020,Casablanca-Settat,CAS,Urbain,Féminin,Collégial,Transport scolaire,954,MEN
AS605274,2019-2020,Casablanca-Settat,CAS,Urbain,Féminin,Primaire,Cartable,170,INDH
AS605275,2016-2017,Marrakech-Safi,MAR,Urbain,Masculin,Primaire,Internat,3527,MEN
AS605276,2018-2019,Rabat-Salé-Kénitra,RAB,Rural,Masculin,Primaire,Internat,3435,INDH
AS605277,2023-2024,Souss-Massa,SOU,Rural,Féminin,Primaire,Cartable,138,MEN
AS605278,2016-2017,Béni Mellal-Khénifra,BMK,Rural,Masculin,Primaire,Cartable,137,Don privé
AS605279,2021-2022,Souss-Massa,SOU,Urbain,Masculin,Qualifiant,Cartable,151,Collectivité locale
AS605280,2019-2020,Casablanca-Settat,CAS,Rural,Féminin,Primaire,Transport scolaire,1152,INDH
AS605281,2019-2020,Oriental,ORI,Rural,Féminin,Primaire,Cartable,150,MEN
AS605282,2021-2022,Casablanca-Settat,CAS,Rural,Masculin,Primaire,Fournitures,191,MEN
AS605283,2020-2021,Fès-Meknès,FES,Rural,Féminin,Primaire,Uniforme,287,MEN
AS605284,2017-2018,Oriental,ORI,Rural,Féminin,Primaire,Fournitures,216,MEN
AS605285,2019-2020,Drâa-Tafilalet,DRA,Urbain,Masculin,Qualifiant,Transport scolaire,997,MEN
AS605286,2017-2018,Casablanca-Settat,CAS,Rural,Féminin,Collégial,Fournitures,209,MEN
AS605287,2015-2016,Souss-Massa,SOU,Urbain,Masculin,Primaire,Transport scolaire,1109,INDH
AS605288,2020-2021,Tanger-Tétouan-Al Hoceïma,TAN,Rural,Féminin,Primaire,Restauration scolaire,1895,ONG
AS605289,2015-2016,Béni Mellal-Khénifra,BMK,Rural,Féminin,Qualifiant,Cartable,131,Collectivité locale
AS605290,2023-2024,Rabat-Salé-Kénitra,RAB,Rural,Féminin,Qualifiant,Cartable,143,Collectivité locale
AS605291,2018-2019,Rabat-Salé-Kénitra,RAB,Urbain,Féminin,Qualifiant,Restauration scolaire,1855,MEN
AS605292,2022-2023,Tanger-Tétouan-Al Hoceïma,TAN,Urbain,Féminin,Primaire,Restauration scolaire,1647,ONG
AS605293,2022-2023,Casablanca-Settat,CAS,Rural,Féminin,Primaire,Restauration scolaire,1586,ONG
AS605294,2021-2022,Fès-Meknès,FES,Rural,Masculin,Qualifiant,Cartable,176,INDH
AS605295,2018-2019,Souss-Massa,SOU,Urbain,Masculin,Qualifiant,Internat,3467,ONG
AS605296,2019-2020,Souss-Massa,SOU,Urbain,Masculin,Collégial,Fournitures,212,MEN
AS605297,2017-2018,Béni Mellal-Khénifra,BMK,Urbain,Masculin,Qualifiant,Cartable,131,INDH
AS605298,2017-2018,Marrakech-Safi,MAR,Urbain,Masculin,Primaire,Uniforme,290,MEN
AS605299,2017-2018,Marrakech-Safi,MAR,Urbain,Masculin,Primaire,Fournitures,159,Don privé
AS605300,2015-2016,Casablanca-Settat,CAS,Rural,Masculin,Collégial,Cartable,189,MEN
AS605301,2023-2024,Rabat-Salé-Kénitra,RAB,Rural,Féminin,Primaire,Cartable,160,Don privé
AS605302,2016-2017,Fès-Meknès,FES,Rural,Masculin,Primaire,Restauration scolaire,1818,MEN
AS605303,2016-2017,Rabat-Salé-Kénitra,RAB,Rural,Féminin,Qualifiant,Transport scolaire,1254,MEN
AS605304,2020-2021,Casablanca-Settat,CAS,Urbain,Masculin,Collégial,Transport scolaire,1207,MEN
AS605305,2018-2019,Drâa-Tafilalet,DRA,Urbain,Masculin,Primaire,Internat,3223,Collectivité locale
AS605306,2018-2019,Oriental,ORI,Rural,Féminin,Primaire,Cartable,138,MEN
AS605307,2017-2018,Casablanca-Settat,CAS,Urbain,Féminin,Qualifiant,Internat,3443,Collectivité locale
AS605308,2021-2022,Drâa-Tafilalet,DRA,Rural,Féminin,Qualifiant,Uniforme,235,INDH
AS605309,2017-2018,Rabat-Salé-Kénitra,RAB,Rural,Masculin,Collégial,Restauration scolaire,1782,MEN
AS605310,2015-2016,Drâa-Tafilalet,DRA,Urbain,Féminin,Primaire,Cartable,175,Collectivité locale
AS605311,2019-2020,Marrakech-Safi,MAR,Urbain,Masculin,Qualifiant,Uniforme,243,INDH
AS605312,2017-2018,Casablanca-Settat,CAS,Rural,Féminin,Primaire,Cartable,167,INDH
AS605313,2020-2021,Casablanca-Settat,CAS,Rural,Féminin,Primaire,Restauration scolaire,1656,Collectivité locale
AS605314,2017-2018,Tanger-Tétouan-Al Hoceïma,TAN,Urbain,Féminin,Collégial,Cartable,142,INDH
AS605315,2020-2021,Casablanca-Settat,CAS,Rural,Féminin,Primaire,Internat,3159,INDH
AS605316,2018-2019,Fès-Meknès,FES,Rural,Masculin,Primaire,Internat,3449,MEN
AS605317,2016-2017,Tanger-Tétouan-Al Hoceïma,TAN,Urbain,Masculin,Collégial,Internat,3895,Collectivité locale
AS605318,2022-2023,Drâa-Tafilalet,DRA,Rural,Féminin,Collégial,Transport scolaire,1283,INDH
AS605319,2017-2018,Souss-Massa,SOU,Urbain,Féminin,Qualifiant,Restauration scolaire,1815,MEN
AS605320,2016-2017,Oriental,ORI,Rural,Féminin,Primaire,Cartable,178,Collectivité locale
AS605321,2021-2022,Fès-Meknès,FES,Urbain,Masculin,Primaire,Uniforme,302,MEN
AS605322,2020-2021,Oriental,ORI,Urbain,Féminin,Primaire,Internat,3790,MEN
AS605323,2023-2024,Tanger-Tétouan-Al Hoceïma,TAN,Rural,Féminin,Primaire,Restauration scolaire,1569,Collectivité locale
AS605324,2022-2023,Fès-Meknès,FES,Rural,Masculin,Collégial,Internat,3535,ONG
AS605325,2023-2024,Oriental,ORI,Urbain,Féminin,Primaire,Uniforme,258,MEN
AS605326,2015-2016,Casablanca-Settat,CAS,Rural,Masculin,Primaire,Cartable,153,INDH
AS605327,2020-2021,Tanger-Tétouan-Al Hoceïma,TAN,Rural,Masculin,Primaire,Cartable,147,Collectivité locale
AS605328,2022-2023,Tanger-Tétouan-Al Hoceïma,TAN,Urbain,Féminin,Primaire,Restauration scolaire,1745,MEN
AS605329,2022-2023,Rabat-Salé-Kénitra,RAB,Rural,Féminin,Primaire,Internat,3607,MEN
AS605330,2018-2019,Marrakech-Safi,MAR,Rural,Féminin,Qualifiant,Cartable,174,ONG
AS605331,2022-2023,Casablanca-Settat,CAS,Rural,Masculin,Qualifiant,Internat,3954,Don privé
AS605332,2017-2018,Casablanca-Settat,CAS,Rural,Féminin,Primaire,Uniforme,268,INDH
AS605333,2021-2022,Souss-Massa,SOU,Urbain,Masculin,Qualifiant,Cartable,169,MEN
AS605334,2022-2023,Fès-Meknès,FES,Urbain,Féminin,Collégial,Internat,3281,MEN
AS605335,2023-2024,Casablanca-Settat,CAS,Urbain,Masculin,Primaire,Cartable,178,MEN
AS605336,2015-2016,Drâa-Tafilalet,DRA,Urbain,Féminin,Collégial,Restauration scolaire,1421,INDH
AS605337,2022-2023,Béni Mellal-Khénifra,BMK,Urbain,Féminin,Primaire,Cartable,158,MEN
AS605338,2018-2019,Fès-Meknès,FES,Rural,Féminin,Primaire,Internat,3301,MEN
AS605339,2022-2023,Tanger-Tétouan-Al Hoceïma,TAN,Urbain,Masculin,Collégial,Transport scolaire,1202,MEN
AS605340,2015-2016,Tanger-Tétouan-Al Hoceïma,TAN,Urbain,Masculin,Qualifiant,Fournitures,184,MEN
AS605341,2021-2022,Oriental,ORI,Rural,Féminin,Collégial,Cartable,192,ONG
AS605342,2023-2024,Rabat-Salé-Kénitra,RAB,Urbain,Féminin,Qualifiant,Transport scolaire,1327,Collectivité locale
AS605343,2018-2019,Fès-Meknès,FES,Urbain,Féminin,Primaire,Cartable,165,MEN
AS605344,2020-2021,Tanger-Tétouan-Al Hoceïma,TAN,Urbain,Masculin,Primaire,Restauration scolaire,1668,INDH
AS605345,2015-2016,Casablanca-Settat,CAS,Urbain,Féminin,Collégial,Restauration scolaire,1655,MEN
AS605346,2020-2021,Casablanca-Settat,CAS,Urbain,Féminin,Qualifiant,Transport scolaire,1165,MEN
AS605347,2022-2023,Fès-Meknès,FES,Urbain,Féminin,Qualifiant,Restauration scolaire,1693,ONG
AS605348,2023-2024,Souss-Massa,SOU,Rural,Masculin,Qualifiant,Restauration scolaire,1489,MEN
AS605349,2019-2020,Casablanca-Settat,CAS,Rural,Féminin,Primaire,Cartable,156,INDH
AS605350,2018-2019,Marrakech-Safi,MAR,Urbain,Féminin,Collégial,Restauration scolaire,1684,MEN
AS605351,2016-2017,Tanger-Tétouan-Al Hoceïma,TAN,Urbain,Masculin,Qualifiant,Cartable,169,Collectivité locale
AS605352,2020-2021,Marrakech-Safi,MAR,Urbain,Féminin,Primaire,Cartable,158,Collectivité locale
AS605353,2017-2018,Fès-Meknès,FES,Rural,Féminin,Primaire,Uniforme,314,MEN
AS605354,2022-2023,Tanger-Tétouan-Al Hoceïma,TAN,Urbain,Féminin,Collégial,Fournitures,183,MEN
AS605355,2017-2018,Oriental,ORI,Rural,Féminin,Collégial,Internat,3936,ONG
AS605356,2016-2017,Béni Mellal-Khénifra,BMK,Urbain,Féminin,Primaire,Cartable,125,Collectivité locale
AS605357,2023-2024,Béni Mellal-Khénifra,BMK,Rural,Féminin,Primaire,Transport scolaire,1211,MEN
AS605358,2019-2020,Souss-Massa,SOU,Rural,Masculin,Collégial,Cartable,192,ONG
AS605359,2015-2016,Marrakech-Safi,MAR,Rural,Masculin,Primaire,Uniforme,228,MEN
AS605360,2022-2023,Casablanca-Settat,CAS,Rural,Masculin,Primaire,Cartable,139,INDH
AS605361,2016-2017,Souss-Massa,SOU,Rural,Masculin,Primaire,Restauration scolaire,1943,MEN
AS605362,2020-2021,Marrakech-Safi,MAR,Rural,Féminin,Qualifiant,Restauration scolaire,1724,MEN
AS605363,2016-2017,Tanger-Tétouan-Al Hoceïma,TAN,Rural,Féminin,Primaire,Internat,3114,MEN
AS605364,2020-2021,Guelmim-Oued Noun,GUE,Urbain,Masculin,Qualifiant,Cartable,171,Collectivité locale
AS605365,2023-2024,Marrakech-Safi,MAR,Rural,Masculin,Collégial,Cartable,157,MEN
AS605366,2020-2021,Marrakech-Safi,MAR,Urbain,Masculin,Primaire,Cartable,172,MEN
AS605367,2021-2022,Fès-Meknès,FES,Rural,Féminin,Collégial,Uniforme,281,INDH
AS605368,2018-2019,Béni Mellal-Khénifra,BMK,Urbain,Féminin,Qualifiant,Fournitures,201,MEN
AS605369,2017-2018,Souss-Massa,SOU,Rural,Féminin,Primaire,Cartable,151,Collectivité locale
AS605370,2022-2023,Oriental,ORI,Rural,Féminin,Collégial,Cartable,151,MEN
AS605371,2023-2024,Fès-Meknès,FES,Rural,Masculin,Primaire,Cartable,146,MEN
AS605372,2019-2020,Marrakech-Safi,MAR,Urbain,Masculin,Collégial,Uniforme,284,ONG
AS605373,2015-2016,Marrakech-Safi,MAR,Rural,Masculin,Primaire,Cartable,167,MEN
AS605374,2022-2023,Oriental,ORI,Urbain,Féminin,Primaire,Restauration scolaire,1691,INDH
AS605375,2015-2016,Marrakech-Safi,MAR,Urbain,Féminin,Qualifiant,Cartable,165,MEN
AS605376,2021-2022,Tanger-Tétouan-Al Hoceïma,TAN,Rural,Féminin,Qualifiant,Uniforme,266,Don privé
AS605377,2016-2017,Souss-Massa,SOU,Urbain,Féminin,Primaire,Internat,3755,ONG
AS605378,2022-2023,Tanger-Tétouan-Al Hoceïma,TAN,Urbain,Masculin,Primaire,Internat,3585,MEN
AS605379,2023-2024,Dakhla-Oued Eddahab,DAK,Urbain,Féminin,Primaire,Cartable,159,MEN
AS605380,2016-2017,Oriental,ORI,Rural,Féminin,Qualifiant,Internat,2933,Collectivité locale
AS605381,2017-2018,Marrakech-Safi,MAR,Urbain,Féminin,Collégial,Uniforme,245,Collectivité locale
AS605382,2019-2020,Rabat-Salé-Kénitra,RAB,Urbain,Féminin,Primaire,Uniforme,250,Collectivité locale
AS605383,2019-2020,Béni Mellal-Khénifra,BMK,Rural,Masculin,Primaire,Fournitures,191,Collectivité locale
AS605384,2015-2016,Fès-Meknès,FES,Rural,Masculin,Collégial,Transport scolaire,1219,INDH
AS605385,2022-2023,Fès-Meknès,FES,Urbain,Féminin,Collégial,Internat,2927,Collectivité locale
AS605386,2015-2016,Marrakech-Safi,MAR,Urbain,Féminin,Primaire,Transport scolaire,1174,INDH
AS605387,2019-2020,Drâa-Tafilalet,DRA,Urbain,Féminin,Collégial,Transport scolaire,1289,Collectivité locale
AS605388,2020-2021,Casablanca-Settat,CAS,Urbain,Féminin,Qualifiant,Restauration scolaire,1727,MEN
AS605389,2022-2023,Casablanca-Settat,CAS,Urbain,Féminin,Primaire,Cartable,151,Don privé
AS605390,2022-2023,Drâa-Tafilalet,DRA,Rural,Féminin,Primaire,Internat,3955,MEN
AS605391,2019-2020,Tanger-Tétouan-Al Hoceïma,TAN,Urbain,Masculin,Primaire,Transport scolaire,1080,MEN
AS605392,2021-2022,Fès-Meknès,FES,Rural,Féminin,Primaire,Internat,3786,Don privé
AS605393,2019-2020,Rabat-Salé-Kénitra,RAB,Rural,Masculin,Collégial,Restauration scolaire,1773,MEN
AS605394,2017-2018,Marrakech-Safi,MAR,Rural,Masculin,Primaire,Internat,3825,ONG
AS605395,2017-2018,Fès-Meknès,FES,Urbain,Masculin,Primaire,Internat,3808,MEN
AS605396,2023-2024,Fès-Meknès,FES,Urbain,Féminin,Primaire,Uniforme,253,ONG
AS605397,2020-2021,Rabat-Salé-Kénitra,RAB,Rural,Féminin,Primaire,Internat,3608,MEN
AS605398,2018-2019,Marrakech-Safi,MAR,Urbain,Masculin,Primaire,Restauration scolaire,1782,MEN
AS605399,2023-2024,Tanger-Tétouan-Al Hoceïma,TAN,Rural,Féminin,Qualifiant,Restauration scolaire,1702,MEN
AS605400,2018-2019,Tanger-Tétouan-Al Hoceïma,TAN,Rural,Féminin,Primaire,Uniforme,250,INDH
AS605401,2022-2023,Fès-Meknès,FES,Urbain,Féminin,Primaire,Internat,3533,MEN
AS605402,2016-2017,Fès-Meknès,FES,Rural,Féminin,Qualifiant,Fournitures,230,INDH
AS605403,2021-2022,Marrakech-Safi,MAR,Urbain,Masculin,Primaire,Transport scolaire,1253,INDH
AS605404,2018-2019,Rabat-Salé-Kénitra,RAB,Rural,Masculin,Primaire,Cartable,175,MEN
AS605405,2022-2023,Casablanca-Settat,CAS,Urbain,Masculin,Primaire,Cartable,158,ONG
AS605406,2021-2022,Drâa-Tafilalet,DRA,Rural,Féminin,Collégial,Fournitures,158,MEN
AS605407,2021-2022,Béni Mellal-Khénifra,BMK,Rural,Féminin,Primaire,Restauration scolaire,1650,MEN
AS605408,2019-2020,Casablanca-Settat,CAS,Urbain,Masculin,Primaire,Cartable,157,MEN
AS605409,2021-2022,Souss-Massa,SOU,Urbain,Féminin,Primaire,Transport scolaire,1117,MEN
AS605410,2019-2020,Oriental,ORI,Urbain,Masculin,Primaire,Restauration scolaire,1979,MEN
AS605411,2016-2017,Tanger-Tétouan-Al Hoceïma,TAN,Urbain,Féminin,Primaire,Cartable,136,Collectivité locale
AS605412,2015-2016,Rabat-Salé-Kénitra,RAB,Rural,Féminin,Qualifiant,Restauration scolaire,1848,MEN
AS605413,2017-2018,Fès-Meknès,FES,Rural,Masculin,Primaire,Cartable,173,MEN
AS605414,2023-2024,Oriental,ORI,Urbain,Féminin,Primaire,Internat,3300,INDH
AS605415,2015-2016,Fès-Meknès,FES,Urbain,Masculin,Collégial,Cartable,159,INDH
AS605416,2019-2020,Fès-Meknès,FES,Urbain,Masculin,Primaire,Uniforme,269,ONG
AS605417,2015-2016,Rabat-Salé-Kénitra,RAB,Urbain,Masculin,Primaire,Fournitures,179,MEN
AS605418,2016-2017,Marrakech-Safi,MAR,Rural,Féminin,Primaire,Uniforme,292,INDH
AS605419,2021-2022,Fès-Meknès,FES,Rural,Féminin,Collégial,Cartable,183,MEN
AS605420,2016-2017,Casablanca-Settat,CAS,Urbain,Masculin,Qualifiant,Uniforme,304,MEN
AS605421,2022-2023,Souss-Massa,SOU,Rural,Féminin,Qualifiant,Cartable,170,Don privé
AS605422,2017-2018,Tanger-Tétouan-Al Hoceïma,TAN,Rural,Féminin,Qualifiant,Cartable,150,MEN
AS605423,2018-2019,Drâa-Tafilalet,DRA,Rural,Féminin,Primaire,Internat,3782,MEN
AS605424,2016-2017,Tanger-Tétouan-Al Hoceïma,TAN,Rural,Masculin,Collégial,Cartable,190,MEN
AS605425,2015-2016,Fès-Meknès,FES,Rural,Masculin,Qualifiant,Transport scolaire,1210,MEN
AS605426,2019-2020,Fès-Meknès,FES,Rural,Féminin,Qualifiant,Uniforme,282,INDH
AS605427,2018-2019,Fès-Meknès,FES,Urbain,Masculin,Qualifiant,Restauration scolaire,1795,ONG
AS605428,2018-2019,Tanger-Tétouan-Al Hoceïma,TAN,Urbain,Masculin,Primaire,Restauration scolaire,1983,MEN
AS605429,2021-2022,Fès-Meknès,FES,Rural,Féminin,Qualifiant,Cartable,139,Collectivité locale
AS605430,2021-2022,Marrakech-Safi,MAR,Rural,Masculin,Primaire,Restauration scolaire,1558,MEN
AS605431,2020-2021,Fès-Meknès,FES,Urbain,Masculin,Qualifiant,Transport scolaire,1072,MEN
AS605432,2021-2022,Souss-Massa,SOU,Rural,Féminin,Qualifiant,Transport scolaire,1178,Collectivité locale
AS605433,2021-2022,Souss-Massa,SOU,Urbain,Féminin,Collégial,Uniforme,305,MEN
AS605434,2018-2019,Souss-Massa,SOU,Urbain,Masculin,Primaire,Restauration scolaire,1816,Collectivité locale
AS605435,2015-2016,Souss-Massa,SOU,Rural,Masculin,Primaire,Transport scolaire,1249,Don privé
AS605436,2022-2023,Oriental,ORI,Urbain,Féminin,Primaire,Cartable,143,MEN
AS605437,2015-2016,Rabat-Salé-Kénitra,RAB,Urbain,Féminin,Primaire,Fournitures,226,Collectivité locale
AS605438,2021-2022,Rabat-Salé-Kénitra,RAB,Urbain,Masculin,Primaire,Cartable,144,MEN
AS605439,2017-2018,Casablanca-Settat,CAS,Urbain,Masculin,Qualifiant,Internat,3220,Collectivité locale
AS605440,2020-2021,Rabat-Salé-Kénitra,RAB,Urbain,Féminin,Primaire,Uniforme,286,INDH
AS605441,2016-2017,Fès-Meknès,FES,Urbain,Masculin,Collégial,Uniforme,291,Don privé
AS605442,2016-2017,Marrakech-Safi,MAR,Rural,Féminin,Primaire,Cartable,145,INDH
AS605443,2015-2016,Tanger-Tétouan-Al Hoceïma,TAN,Urbain,Féminin,Collégial,Transport scolaire,1004,MEN
AS605444,2015-2016,Drâa-Tafilalet,DRA,Rural,Féminin,Primaire,Cartable,172,MEN
AS605445,2019-2020,Laâyoune-Sakia El Hamra,LAA,Rural,Masculin,Primaire,Cartable,151,INDH
AS605446,2022-2023,Oriental,ORI,Urbain,Masculin,Collégial,Cartable,140,Collectivité locale
AS605447,2023-2024,Marrakech-Safi,MAR,Rural,Féminin,Collégial,Cartable,177,ONG
AS605448,2016-2017,Marrakech-Safi,MAR,Rural,Féminin,Primaire,Cartable,162,Don privé
AS605449,2021-2022,Marrakech-Safi,MAR,Urbain,Masculin,Primaire,Cartable,162,MEN
AS605450,2018-2019,Casablanca-Settat,CAS,Urbain,Masculin,Qualifiant,Cartable,162,MEN
AS605451,2015-2016,Marrakech-Safi,MAR,Rural,Féminin,Primaire,Uniforme,243,INDH
AS605452,2015-2016,Souss-Massa,SOU,Urbain,Féminin,Primaire,Internat,3529,MEN
AS605453,2022-2023,Casablanca-Settat,CAS,Urbain,Féminin,Primaire,Restauration scolaire,2024,MEN
AS605454,2021-2022,Casablanca-Settat,CAS,Rural,Masculin,Primaire,Fournitures,206,ONG
AS605455,2018-2019,Tanger-Tétouan-Al Hoceïma,TAN,Urbain,Féminin,Collégial,Transport scolaire,1402,MEN
AS605456,2020-2021,Béni Mellal-Khénifra,BMK,Urbain,Féminin,Primaire,Transport scolaire,1152,Collectivité locale
AS605457,2019-2020,Casablanca-Settat,CAS,Urbain,Masculin,Primaire,Cartable,157,Collectivité locale
AS605458,2022-2023,Guelmim-Oued Noun,GUE,Rural,Masculin,Primaire,Uniforme,259,Collectivité locale
AS605459,2018-2019,Casablanca-Settat,CAS,Urbain,Masculin,Collégial,Cartable,130,MEN
AS605460,2017-2018,Marrakech-Safi,MAR,Rural,Masculin,Primaire,Cartable,148,INDH
AS605461,2018-2019,Marrakech-Safi,MAR,Urbain,Féminin,Primaire,Restauration scolaire,1892,MEN
AS605462,2022-2023,Béni Mellal-Khénifra,BMK,Rural,Féminin,Primaire,Transport scolaire,1334,MEN
AS605463,2018-2019,Casablanca-Settat,CAS,Urbain,Féminin,Collégial,Restauration scolaire,1705,MEN
AS605464,2020-2021,Casablanca-Settat,CAS,Rural,Masculin,Primaire,Restauration scolaire,1790,ONG
AS605465,2020-2021,Oriental,ORI,Urbain,Féminin,Primaire,Transport scolaire,1338,INDH
AS605466,2017-2018,Casablanca-Settat,CAS,Urbain,Masculin,Collégial,Transport scolaire,986,MEN
AS605467,2020-2021,Casablanca-Settat,CAS,Rural,Masculin,Primaire,Fournitures,193,MEN
AS605468,2018-2019,Béni Mellal-Khénifra,BMK,Rural,Féminin,Primaire,Internat,3189,INDH
AS605469,2021-2022,Oriental,ORI,Rural,Masculin,Qualifiant,Cartable,160,MEN
AS605470,2022-2023,Casablanca-Settat,CAS,Urbain,Masculin,Primaire,Uniforme,288,MEN
AS605471,2016-2017,Fès-Meknès,FES,Urbain,Féminin,Primaire,Transport scolaire,1290,MEN
AS605472,2020-2021,Fès-Meknès,FES,Urbain,Féminin,Collégial,Cartable,182,INDH
AS605473,2019-2020,Béni Mellal-Khénifra,BMK,Rural,Féminin,Collégial,Cartable,171,ONG
AS605474,2020-2021,Fès-Meknès,FES,Urbain,Féminin,Primaire,Fournitures,198,MEN
AS605475,2019-2020,Tanger-Tétouan-Al Hoceïma,TAN,Urbain,Féminin,Qualifiant,Cartable,150,Collectivité locale
AS605476,2016-2017,Béni Mellal-Khénifra,BMK,Rural,Masculin,Primaire,Uniforme,299,Don privé
AS605477,2022-2023,Souss-Massa,SOU,Rural,Féminin,Collégial,Internat,3473,MEN
AS605478,2015-2016,Oriental,ORI,Rural,Masculin,Collégial,Cartable,174,Collectivité locale
AS605479,2017-2018,Souss-Massa,SOU,Rural,Féminin,Qualifiant,Restauration scolaire,1629,INDH
AS605480,2017-2018,Casablanca-Settat,CAS,Rural,Féminin,Collégial,Cartable,154,MEN
AS605481,2022-2023,Drâa-Tafilalet,DRA,Urbain,Féminin,Collégial,Uniforme,328,INDH
AS605482,2016-2017,Marrakech-Safi,MAR,Urbain,Masculin,Collégial,Internat,3237,MEN
AS605483,2016-2017,Drâa-Tafilalet,DRA,Rural,Masculin,Collégial,Restauration scolaire,1727,MEN
AS605484,2018-2019,Laâyoune-Sakia El Hamra,LAA,Urbain,Féminin,Primaire,Transport scolaire,1277,MEN
AS605485,2020-2021,Fès-Meknès,FES,Urbain,Féminin,Primaire,Restauration scolaire,1891,ONG
AS605486,2023-2024,Fès-Meknès,FES,Rural,Féminin,Primaire,Internat,3275,MEN
AS605487,2022-2023,Souss-Massa,SOU,Rural,Masculin,Primaire,Internat,4246,MEN
AS605488,2020-2021,Fès-Meknès,FES,Rural,Masculin,Qualifiant,Restauration scolaire,1767,INDH
AS605489,2022-2023,Rabat-Salé-Kénitra,RAB,Rural,Féminin,Primaire,Uniforme,342,Collectivité locale
AS605490,2017-2018,Tanger-Tétouan-Al Hoceïma,TAN,Rural,Masculin,Primaire,Cartable,131,MEN
AS605491,2023-2024,Oriental,ORI,Rural,Masculin,Primaire,Restauration scolaire,1645,Don privé
AS605492,2022-2023,Rabat-Salé-Kénitra,RAB,Urbain,Féminin,Qualifiant,Internat,3838,MEN
AS605493,2023-2024,Rabat-Salé-Kénitra,RAB,Rural,Féminin,Primaire,Internat,3474,INDH
AS605494,2016-2017,Oriental,ORI,Urbain,Féminin,Primaire,Restauration scolaire,1641,INDH
AS605495,2020-2021,Marrakech-Safi,MAR,Rural,Féminin,Collégial,Fournitures,189,INDH
AS605496,2021-2022,Rabat-Salé-Kénitra,RAB,Rural,Masculin,Primaire,Restauration scolaire,1833,MEN
AS605497,2021-2022,Béni Mellal-Khénifra,BMK,Rural,Féminin,Collégial,Restauration scolaire,1904,MEN
AS605498,2020-2021,Marrakech-Safi,MAR,Urbain,Masculin,Primaire,Uniforme,214,MEN
AS605499,2015-2016,Casablanca-Settat,CAS,Urbain,Féminin,Primaire,Fournitures,202,MEN
AS605500,2023-2024,Laâyoune-Sakia El Hamra,LAA,Urbain,Féminin,Collégial,Cartable,182,MEN
AS605501,2019-2020,Oriental,ORI,Urbain,Féminin,Primaire,Cartable,177,MEN
AS605502,2017-2018,Casablanca-Settat,CAS,Rural,Masculin,Collégial,Cartable,143,MEN
AS605503,2017-2018,Fès-Meknès,FES,Rural,Masculin,Primaire,Cartable,154,MEN
AS605504,2017-2018,Tanger-Tétouan-Al Hoceïma,TAN,Urbain,Masculin,Primaire,Restauration scolaire,2002,MEN
AS605505,2017-2018,Béni Mellal-Khénifra,BMK,Rural,Masculin,Primaire,Restauration scolaire,1860,INDH
AS605506,2022-2023,Fès-Meknès,FES,Rural,Féminin,Primaire,Transport scolaire,1162,ONG
AS605507,2020-2021,Marrakech-Safi,MAR,Rural,Masculin,Primaire,Transport scolaire,1277,MEN
AS605508,2022-2023,Marrakech-Safi,MAR,Rural,Masculin,Collégial,Transport scolaire,1341,MEN
AS605509,2021-2022,Rabat-Salé-Kénitra,RAB,Rural,Féminin,Primaire,Restauration scolaire,1673,ONG
AS605510,2023-2024,Marrakech-Safi,MAR,Rural,Féminin,Primaire,Restauration scolaire,1827,Collectivité locale
AS605511,2018-2019,Marrakech-Safi,MAR,Rural,Féminin,Collégial,Restauration scolaire,1731,INDH
AS605512,2023-2024,Tanger-Tétouan-Al Hoceïma,TAN,Urbain,Masculin,Collégial,Internat,3591,MEN
AS605513,2019-2020,Béni Mellal-Khénifra,BMK,Urbain,Masculin,Qualifiant,Cartable,165,MEN
AS605514,2018-2019,Rabat-Salé-Kénitra,RAB,Urbain,Féminin,Qualifiant,Restauration scolaire,1674,INDH
AS605515,2019-2020,Marrakech-Safi,MAR,Urbain,Féminin,Qualifiant,Restauration scolaire,1859,MEN
AS605516,2015-2016,Tanger-Tétouan-Al Hoceïma,TAN,Urbain,Masculin,Primaire,Transport scolaire,1354,INDH
AS605517,2020-2021,Fès-Meknès,FES,Rural,Féminin,Primaire,Fournitures,222,MEN
AS605518,2020-2021,Marrakech-Safi,MAR,Rural,Masculin,Primaire,Cartable,152,MEN
AS605519,2020-2021,Marrakech-Safi,MAR,Rural,Masculin,Collégial,Restauration scolaire,1549,MEN
AS605520,2021-2022,Marrakech-Safi,MAR,Rural,Masculin,Qualifiant,Cartable,147,INDH
AS605521,2019-2020,Oriental,ORI,Rural,Masculin,Collégial,Cartable,160,Collectivité locale
AS605522,2017-2018,Fès-Meknès,FES,Rural,Féminin,Collégial,Fournitures,217,MEN
AS605523,2020-2021,Béni Mellal-Khénifra,BMK,Urbain,Masculin,Collégial,Restauration scolaire,2021,MEN
AS605524,2023-2024,Rabat-Salé-Kénitra,RAB,Urbain,Masculin,Collégial,Cartable,141,Collectivité locale
AS605525,2020-2021,Marrakech-Safi,MAR,Urbain,Féminin,Collégial,Uniforme,233,MEN
AS605526,2018-2019,Fès-Meknès,FES,Urbain,Féminin,Collégial,Fournitures,184,MEN
AS605527,2022-2023,Marrakech-Safi,MAR,Urbain,Masculin,Qualifiant,Internat,3509,MEN
AS605528,2019-2020,Fès-Meknès,FES,Urbain,Féminin,Primaire,Transport scolaire,1160,MEN
AS605529,2015-2016,Marrakech-Safi,MAR,Urbain,Masculin,Collégial,Cartable,164,INDH
AS605530,2022-2023,Tanger-Tétouan-Al Hoceïma,TAN,Rural,Masculin,Qualifiant,Restauration scolaire,2001,INDH
AS605531,2016-2017,Souss-Massa,SOU,Rural,Masculin,Collégial,Internat,3349,MEN
AS605532,2018-2019,Souss-Massa,SOU,Urbain,Masculin,Qualifiant,Cartable,136,MEN
AS605533,2017-2018,Casablanca-Settat,CAS,Rural,Féminin,Collégial,Restauration scolaire,1802,MEN
AS605534,2016-2017,Casablanca-Settat,CAS,Urbain,Féminin,Qualifiant,Transport scolaire,1187,MEN
AS605535,2019-2020,Laâyoune-Sakia El Hamra,LAA,Rural,Féminin,Collégial,Uniforme,256,MEN
AS605536,2020-2021,Oriental,ORI,Rural,Féminin,Primaire,Restauration scolaire,1984,Collectivité locale
AS605537,2022-2023,Tanger-Tétouan-Al Hoceïma,TAN,Urbain,Féminin,Qualifiant,Restauration scolaire,2242,INDH
AS605538,2019-2020,Oriental,ORI,Urbain,Féminin,Primaire,Internat,3263,INDH
AS605539,2017-2018,Casablanca-Settat,CAS,Rural,Féminin,Qualifiant,Cartable,161,MEN
AS605540,2018-2019,Rabat-Salé-Kénitra,RAB,Urbain,Féminin,Primaire,Restauration scolaire,1794,Collectivité locale
AS605541,2019-2020,Fès-Meknès,FES,Rural,Masculin,Collégial,Cartable,180,MEN
AS605542,2018-2019,Casablanca-Settat,CAS,Urbain,Féminin,Qualifiant,Uniforme,276,MEN
AS605543,2022-2023,Casablanca-Settat,CAS,Rural,Masculin,Qualifiant,Transport scolaire,1217,MEN
AS605544,2022-2023,Béni Mellal-Khénifra,BMK,Urbain,Masculin,Collégial,Uniforme,245,MEN
AS605545,2023-2024,Rabat-Salé-Kénitra,RAB,Urbain,Masculin,Primaire,Restauration scolaire,1870,MEN
AS605546,2023-2024,Oriental,ORI,Rural,Masculin,Collégial,Restauration scolaire,1820,MEN
AS605547,2018-2019,Béni Mellal-Khénifra,BMK,Rural,Féminin,Primaire,Uniforme,310,INDH
AS605548,2021-2022,Rabat-Salé-Kénitra,RAB,Urbain,Féminin,Qualifiant,Internat,3470,MEN
AS605549,2018-2019,Casablanca-Settat,CAS,Rural,Féminin,Primaire,Uniforme,254,MEN
AS605550,2017-2018,Tanger-Tétouan-Al Hoceïma,TAN,Rural,Féminin,Qualifiant,Uniforme,257,INDH
AS605551,2022-2023,Guelmim-Oued Noun,GUE,Rural,Masculin,Qualifiant,Cartable,124,Collectivité locale
AS605552,2023-2024,Rabat-Salé-Kénitra,RAB,Rural,Féminin,Primaire,Cartable,154,MEN
AS605553,2023-2024,Casablanca-Settat,CAS,Urbain,Féminin,Collégial,Cartable,139,MEN
AS605554,2023-2024,Béni Mellal-Khénifra,BMK,Urbain,Masculin,Primaire,Restauration scolaire,1864,MEN
AS605555,2022-2023,Casablanca-Settat,CAS,Rural,Féminin,Primaire,Uniforme,294,MEN
AS605556,2015-2016,Rabat-Salé-Kénitra,RAB,Urbain,Masculin,Qualifiant,Cartable,181,Collectivité locale
AS605557,2016-2017,Guelmim-Oued Noun,GUE,Urbain,Féminin,Primaire,Restauration scolaire,2001,MEN
AS605558,2015-2016,Tanger-Tétouan-Al Hoceïma,TAN,Rural,Masculin,Collégial,Internat,3408,ONG
AS605559,2021-2022,Tanger-Tétouan-Al Hoceïma,TAN,Urbain,Féminin,Qualifiant,Transport scolaire,1228,MEN
AS605560,2021-2022,Rabat-Salé-Kénitra,RAB,Rural,Masculin,Primaire,Transport scolaire,1245,MEN
AS605561,2019-2020,Fès-Meknès,FES,Urbain,Féminin,Collégial,Restauration scolaire,1671,MEN
AS605562,2019-2020,Casablanca-Settat,CAS,Urbain,Masculin,Qualifiant,Restauration scolaire,1688,Collectivité locale
AS605563,2021-2022,Laâyoune-Sakia El Hamra,LAA,Rural,Masculin,Collégial,Transport scolaire,1065,MEN
AS605564,2016-2017,Casablanca-Settat,CAS,Urbain,Masculin,Primaire,Transport scolaire,1376,MEN
AS605565,2022-2023,Rabat-Salé-Kénitra,RAB,Urbain,Masculin,Collégial,Transport scolaire,1046,INDH
AS605566,2016-2017,Fès-Meknès,FES,Rural,Masculin,Qualifiant,Uniforme,255,INDH
AS605567,2022-2023,Oriental,ORI,Rural,Féminin,Primaire,Cartable,176,MEN
AS605568,2022-2023,Casablanca-Settat,CAS,Rural,Féminin,Primaire,Restauration scolaire,1706,MEN
AS605569,2020-2021,Tanger-Tétouan-Al Hoceïma,TAN,Urbain,Féminin,Primaire,Uniforme,304,Collectivité locale
AS605570,2017-2018,Marrakech-Safi,MAR,Urbain,Masculin,Collégial,Restauration scolaire,1573,MEN
AS605571,2023-2024,Casablanca-Settat,CAS,Rural,Féminin,Qualifiant,Cartable,141,Don privé
AS605572,2016-2017,Casablanca-Settat,CAS,Urbain,Masculin,Collégial,Uniforme,306,MEN
AS605573,2015-2016,Drâa-Tafilalet,DRA,Rural,Masculin,Collégial,Fournitures,216,MEN
AS605574,2017-2018,Marrakech-Safi,MAR,Urbain,Féminin,Qualifiant,Cartable,147,MEN
AS605575,2021-2022,Marrakech-Safi,MAR,Rural,Masculin,Qualifiant,Cartable,149,ONG
AS605576,2017-2018,Souss-Massa,SOU,Urbain,Masculin,Collégial,Uniforme,240,Collectivité locale
AS605577,2017-2018,Marrakech-Safi,MAR,Rural,Masculin,Qualifiant,Cartable,170,INDH
AS605578,2022-2023,Rabat-Salé-Kénitra,RAB,Urbain,Féminin,Collégial,Internat,2888,MEN
AS605579,2018-2019,Casablanca-Settat,CAS,Urbain,Masculin,Primaire,Restauration scolaire,1980,Don privé
AS605580,2017-2018,Drâa-Tafilalet,DRA,Rural,Féminin,Qualifiant,Transport scolaire,1103,MEN
AS605581,2019-2020,Tanger-Tétouan-Al Hoceïma,TAN,Rural,Féminin,Primaire,Transport scolaire,1299,ONG
AS605582,2021-2022,Rabat-Salé-Kénitra,RAB,Rural,Masculin,Primaire,Restauration scolaire,1718,MEN
AS605583,2015-2016,Souss-Massa,SOU,Urbain,Féminin,Qualifiant,Internat,3321,MEN
AS605584,2022-2023,Rabat-Salé-Kénitra,RAB,Urbain,Féminin,Primaire,Uniforme,281,MEN
AS605585,2016-2017,Drâa-Tafilalet,DRA,Rural,Féminin,Primaire,Internat,3517,MEN
AS605586,2021-2022,Casablanca-Settat,CAS,Rural,Féminin,Collégial,Cartable,136,MEN
AS605587,2019-2020,Casablanca-Settat,CAS,Rural,Féminin,Primaire,Cartable,147,MEN
AS605588,2019-2020,Casablanca-Settat,CAS,Rural,Masculin,Qualifiant,Restauration scolaire,1732,Collectivité locale
AS605589,2019-2020,Tanger-Tétouan-Al Hoceïma,TAN,Urbain,Féminin,Collégial,Uniforme,274,ONG
AS605590,2018-2019,Guelmim-Oued Noun,GUE,Urbain,Masculin,Qualifiant,Restauration scolaire,1887,MEN
AS605591,2018-2019,Fès-Meknès,FES,Urbain,Masculin,Primaire,Restauration scolaire,2040,MEN
AS605592,2022-2023,Drâa-Tafilalet,DRA,Rural,Masculin,Qualifiant,Uniforme,235,INDH
AS605593,2020-2021,Tanger-Tétouan-Al Hoceïma,TAN,Urbain,Masculin,Collégial,Cartable,168,MEN
AS605594,2018-2019,Laâyoune-Sakia El Hamra,LAA,Urbain,Féminin,Primaire,Cartable,157,ONG
AS605595,2020-2021,Dakhla-Oued Eddahab,DAK,Rural,Masculin,Collégial,Restauration scolaire,1914,MEN
AS605596,2017-2018,Souss-Massa,SOU,Rural,Féminin,Qualifiant,Restauration scolaire,1564,INDH
AS605597,2023-2024,Casablanca-Settat,CAS,Rural,Féminin,Collégial,Restauration scolaire,1677,Collectivité locale
AS605598,2019-2020,Casablanca-Settat,CAS,Urbain,Masculin,Qualifiant,Restauration scolaire,1639,INDH
AS605599,2022-2023,Fès-Meknès,FES,Rural,Féminin,Qualifiant,Cartable,171,ONG
AS605600,2017-2018,Fès-Meknès,FES,Urbain,Féminin,Collégial,Internat,3470,ONG
AS605601,2020-2021,Béni Mellal-Khénifra,BMK,Urbain,Féminin,Qualifiant,Uniforme,288,MEN
AS605602,2016-2017,Fès-Meknès,FES,Rural,Masculin,Primaire,Restauration scolaire,1836,Don privé
AS605603,2020-2021,Rabat-Salé-Kénitra,RAB,Rural,Féminin,Primaire,Restauration scolaire,1979,MEN
AS605604,2015-2016,Béni Mellal-Khénifra,BMK,Urbain,Féminin,Primaire,Cartable,165,INDH
AS605605,2018-2019,Rabat-Salé-Kénitra,RAB,Rural,Masculin,Primaire,Cartable,164,MEN
AS605606,2019-2020,Laâyoune-Sakia El Hamra,LAA,Rural,Masculin,Qualifiant,Restauration scolaire,1726,MEN
AS605607,2019-2020,Oriental,ORI,Urbain,Masculin,Primaire,Internat,3301,MEN
AS605608,2016-2017,Fès-Meknès,FES,Urbain,Masculin,Primaire,Internat,3622,MEN
AS605609,2018-2019,Fès-Meknès,FES,Urbain,Féminin,Primaire,Fournitures,222,ONG
AS605610,2015-2016,Casablanca-Settat,CAS,Rural,Féminin,Collégial,Transport scolaire,1059,INDH
AS605611,2018-2019,Laâyoune-Sakia El Hamra,LAA,Urbain,Féminin,Primaire,Fournitures,194,MEN
AS605612,2016-2017,Fès-Meknès,FES,Rural,Masculin,Collégial,Restauration scolaire,1975,MEN
AS605613,2022-2023,Marrakech-Safi,MAR,Rural,Masculin,Qualifiant,Internat,3560,MEN
AS605614,2021-2022,Oriental,ORI,Rural,Féminin,Primaire,Internat,3476,INDH
AS605615,2018-2019,Fès-Meknès,FES,Rural,Masculin,Primaire,Restauration scolaire,2170,INDH
AS605616,2021-2022,Drâa-Tafilalet,DRA,Urbain,Masculin,Primaire,Cartable,158,INDH
AS605617,2016-2017,Rabat-Salé-Kénitra,RAB,Rural,Féminin,Primaire,Transport scolaire,1082,MEN
AS605618,2018-2019,Dakhla-Oued Eddahab,DAK,Urbain,Féminin,Qualifiant,Uniforme,260,ONG
AS605619,2019-2020,Marrakech-Safi,MAR,Urbain,Féminin,Collégial,Internat,3208,MEN
AS605620,2017-2018,Tanger-Tétouan-Al Hoceïma,TAN,Rural,Masculin,Primaire,Internat,3300,MEN
AS605621,2022-2023,Béni Mellal-Khénifra,BMK,Urbain,Masculin,Collégial,Cartable,165,MEN
AS605622,2020-2021,Fès-Meknès,FES,Rural,Masculin,Primaire,Transport scolaire,1144,MEN
AS605623,2020-2021,Casablanca-Settat,CAS,Urbain,Féminin,Qualifiant,Restauration scolaire,1798,INDH
AS605624,2020-2021,Rabat-Salé-Kénitra,RAB,Rural,Féminin,Qualifiant,Fournitures,211,Collectivité locale
AS605625,2023-2024,Rabat-Salé-Kénitra,RAB,Rural,Masculin,Qualifiant,Transport scolaire,1258,Collectivité locale
AS605626,2022-2023,Rabat-Salé-Kénitra,RAB,Rural,Féminin,Primaire,Restauration scolaire,2070,MEN
AS605627,2021-2022,Rabat-Salé-Kénitra,RAB,Urbain,Féminin,Collégial,Transport scolaire,1207,Collectivité locale
AS605628,2020-2021,Marrakech-Safi,MAR,Urbain,Masculin,Qualifiant,Restauration scolaire,1727,ONG
AS605629,2019-2020,Drâa-Tafilalet,DRA,Rural,Masculin,Primaire,Transport scolaire,1077,MEN
AS605630,2020-2021,Fès-Meknès,FES,Rural,Féminin,Primaire,Restauration scolaire,1858,Collectivité locale
AS605631,2019-2020,Tanger-Tétouan-Al Hoceïma,TAN,Urbain,Féminin,Qualifiant,Cartable,149,INDH
AS605632,2022-2023,Souss-Massa,SOU,Urbain,Masculin,Primaire,Cartable,160,MEN
AS605633,2023-2024,Casablanca-Settat,CAS,Urbain,Féminin,Primaire,Cartable,159,Collectivité locale
AS605634,2023-2024,Fès-Meknès,FES,Rural,Masculin,Qualifiant,Uniforme,280,MEN
AS605635,2022-2023,Souss-Massa,SOU,Urbain,Masculin,Primaire,Transport scolaire,1233,ONG
AS605636,2016-2017,Rabat-Salé-Kénitra,RAB,Rural,Féminin,Qualifiant,Cartable,165,MEN
AS605637,2023-2024,Oriental,ORI,Urbain,Masculin,Qualifiant,Internat,3091,MEN
AS605638,2021-2022,Fès-Meknès,FES,Rural,Féminin,Primaire,Uniforme,261,MEN
AS605639,2016-2017,Rabat-Salé-Kénitra,RAB,Rural,Masculin,Collégial,Restauration scolaire,1648,Don privé
AS605640,2015-2016,Casablanca-Settat,CAS,Urbain,Masculin,Primaire,Transport scolaire,1480,MEN
AS605641,2015-2016,Casablanca-Settat,CAS,Rural,Masculin,Collégial,Cartable,159,MEN
AS605642,2023-2024,Souss-Massa,SOU,Urbain,Masculin,Primaire,Cartable,170,MEN
AS605643,2019-2020,Casablanca-Settat,CAS,Rural,Féminin,Primaire,Transport scolaire,1100,MEN
AS605644,2016-2017,Casablanca-Settat,CAS,Rural,Masculin,Collégial,Cartable,164,MEN
AS605645,2017-2018,Casablanca-Settat,CAS,Rural,Féminin,Primaire,Internat,4246,Collectivité locale
AS605646,2022-2023,Fès-Meknès,FES,Rural,Masculin,Collégial,Cartable,168,INDH
AS605647,2016-2017,Drâa-Tafilalet,DRA,Rural,Féminin,Primaire,Cartable,157,MEN
AS605648,2021-2022,Guelmim-Oued Noun,GUE,Rural,Féminin,Collégial,Cartable,163,Don privé
AS605649,2017-2018,Drâa-Tafilalet,DRA,Rural,Féminin,Primaire,Transport scolaire,942,MEN
AS605650,2017-2018,Fès-Meknès,FES,Rural,Féminin,Collégial,Restauration scolaire,1511,MEN
AS605651,2020-2021,Casablanca-Settat,CAS,Rural,Masculin,Collégial,Transport scolaire,1250,INDH
AS605652,2015-2016,Tanger-Tétouan-Al Hoceïma,TAN,Urbain,Féminin,Qualifiant,Cartable,177,MEN
AS605653,2016-2017,Casablanca-Settat,CAS,Rural,Masculin,Primaire,Restauration scolaire,1593,INDH
AS605654,2020-2021,Guelmim-Oued Noun,GUE,Rural,Féminin,Collégial,Uniforme,264,INDH
AS605655,2015-2016,Casablanca-Settat,CAS,Urbain,Féminin,Qualifiant,Cartable,139,INDH
AS605656,2019-2020,Souss-Massa,SOU,Urbain,Masculin,Qualifiant,Cartable,134,MEN
AS605657,2016-2017,Souss-Massa,SOU,Rural,Masculin,Collégial,Restauration scolaire,1822,MEN
AS605658,2015-2016,Fès-Meknès,FES,Rural,Féminin,Primaire,Uniforme,296,MEN
AS605659,2017-2018,Béni Mellal-Khénifra,BMK,Rural,Féminin,Primaire,Transport scolaire,1030,Collectivité locale
AS605660,2015-2016,Oriental,ORI,Urbain,Masculin,Primaire,Transport scolaire,1022,Collectivité locale
AS605661,2022-2023,Marrakech-Safi,MAR,Rural,Masculin,Primaire,Internat,3535,MEN
AS605662,2017-2018,Rabat-Salé-Kénitra,RAB,Urbain,Masculin,Primaire,Transport scolaire,1158,Collectivité locale
AS605663,2019-2020,Tanger-Tétouan-Al Hoceïma,TAN,Urbain,Masculin,Collégial,Transport scolaire,978,Collectivité locale
AS605664,2019-2020,Rabat-Salé-Kénitra,RAB,Urbain,Féminin,Primaire,Internat,3144,INDH
AS605665,2019-2020,Drâa-Tafilalet,DRA,Rural,Masculin,Collégial,Transport scolaire,1168,ONG
AS605666,2018-2019,Rabat-Salé-Kénitra,RAB,Urbain,Masculin,Collégial,Cartable,153,Don privé
AS605667,2019-2020,Béni Mellal-Khénifra,BMK,Rural,Féminin,Primaire,Transport scolaire,1025,Collectivité locale
AS605668,2021-2022,Béni Mellal-Khénifra,BMK,Urbain,Masculin,Primaire,Transport scolaire,1257,MEN
AS605669,2021-2022,Marrakech-Safi,MAR,Urbain,Masculin,Primaire,Internat,2831,MEN
AS605670,2021-2022,Béni Mellal-Khénifra,BMK,Urbain,Masculin,Primaire,Transport scolaire,1185,INDH
AS605671,2018-2019,Casablanca-Settat,CAS,Urbain,Féminin,Primaire,Internat,3125,ONG
AS605672,2020-2021,Casablanca-Settat,CAS,Rural,Féminin,Collégial,Internat,3703,MEN
AS605673,2018-2019,Tanger-Tétouan-Al Hoceïma,TAN,Rural,Féminin,Primaire,Transport scolaire,898,INDH
AS605674,2016-2017,Fès-Meknès,FES,Rural,Féminin,Primaire,Internat,3870,MEN
AS605675,2018-2019,Béni Mellal-Khénifra,BMK,Urbain,Féminin,Collégial,Internat,3370,MEN
AS605676,2018-2019,Oriental,ORI,Urbain,Masculin,Primaire,Transport scolaire,1262,INDH
AS605677,2016-2017,Casablanca-Settat,CAS,Urbain,Masculin,Primaire,Cartable,169,INDH
AS605678,2015-2016,Marrakech-Safi,MAR,Urbain,Masculin,Qualifiant,Cartable,184,MEN
AS605679,2022-2023,Casablanca-Settat,CAS,Rural,Masculin,Collégial,Uniforme,258,MEN
AS605680,2018-2019,Casablanca-Settat,CAS,Urbain,Féminin,Primaire,Uniforme,302,MEN
AS605681,2018-2019,Rabat-Salé-Kénitra,RAB,Urbain,Féminin,Collégial,Cartable,154,INDH
AS605682,2022-2023,Béni Mellal-Khénifra,BMK,Rural,Féminin,Collégial,Fournitures,224,ONG
AS605683,2020-2021,Souss-Massa,SOU,Rural,Masculin,Qualifiant,Transport scolaire,1117,INDH
AS605684,2020-2021,Drâa-Tafilalet,DRA,Rural,Masculin,Primaire,Cartable,138,INDH
AS605685,2019-2020,Fès-Meknès,FES,Rural,Féminin,Qualifiant,Restauration scolaire,1903,INDH
AS605686,2021-2022,Souss-Massa,SOU,Urbain,Masculin,Primaire,Cartable,165,MEN
AS605687,2023-2024,Rabat-Salé-Kénitra,RAB,Rural,Masculin,Collégial,Internat,3547,Collectivité locale
AS605688,2021-2022,Rabat-Salé-Kénitra,RAB,Rural,Féminin,Primaire,Uniforme,253,INDH
AS605689,2021-2022,Tanger-Tétouan-Al Hoceïma,TAN,Urbain,Masculin,Primaire,Fournitures,192,MEN
AS605690,2017-2018,Drâa-Tafilalet,DRA,Rural,Féminin,Collégial,Restauration scolaire,1659,INDH
AS605691,2021-2022,Marrakech-Safi,MAR,Urbain,Féminin,Primaire,Restauration scolaire,1740,ONG
AS605692,2020-2021,Oriental,ORI,Urbain,Féminin,Collégial,Internat,3540,Collectivité locale
AS605693,2023-2024,Tanger-Tétouan-Al Hoceïma,TAN,Rural,Féminin,Collégial,Cartable,175,ONG
AS605694,2015-2016,Casablanca-Settat,CAS,Rural,Féminin,Collégial,Uniforme,283,INDH
AS605695,2017-2018,Tanger-Tétouan-Al Hoceïma,TAN,Rural,Féminin,Qualifiant,Restauration scolaire,1870,INDH
AS605696,2019-2020,Marrakech-Safi,MAR,Rural,Masculin,Primaire,Internat,3367,Collectivité locale
AS605697,2023-2024,Oriental,ORI,Urbain,Féminin,Qualifiant,Restauration scolaire,1810,MEN
AS605698,2018-2019,Béni Mellal-Khénifra,BMK,Urbain,Féminin,Collégial,Internat,3541,INDH
AS605699,2021-2022,Rabat-Salé-Kénitra,RAB,Urbain,Féminin,Primaire,Transport scolaire,1269,MEN
AS605700,2017-2018,Marrakech-Safi,MAR,Rural,Féminin,Collégial,Internat,3379,Collectivité locale
AS605701,2020-2021,Casablanca-Settat,CAS,Rural,Masculin,Collégial,Transport scolaire,1380,INDH
AS605702,2018-2019,Marrakech-Safi,MAR,Urbain,Féminin,Primaire,Internat,3803,MEN
AS605703,2017-2018,Béni Mellal-Khénifra,BMK,Rural,Féminin,Qualifiant,Cartable,164,INDH
AS605704,2019-2020,Souss-Massa,SOU,Urbain,Féminin,Collégial,Restauration scolaire,1674,MEN
AS605705,2019-2020,Fès-Meknès,FES,Rural,Féminin,Primaire,Cartable,141,MEN
AS605706,2018-2019,Dakhla-Oued Eddahab,DAK,Rural,Masculin,Primaire,Internat,3786,MEN
AS605707,2015-2016,Casablanca-Settat,CAS,Rural,Féminin,Primaire,Cartable,147,MEN
AS605708,2016-2017,Fès-Meknès,FES,Rural,Masculin,Collégial,Transport scolaire,1033,MEN
AS605709,2018-2019,Marrakech-Safi,MAR,Rural,Masculin,Qualifiant,Restauration scolaire,1750,MEN
AS605710,2020-2021,Fès-Meknès,FES,Urbain,Masculin,Primaire,Transport scolaire,1253,Don privé
AS605711,2015-2016,Rabat-Salé-Kénitra,RAB,Rural,Féminin,Primaire,Restauration scolaire,1808,INDH
AS605712,2016-2017,Oriental,ORI,Urbain,Féminin,Primaire,Internat,3584,ONG
AS605713,2022-2023,Souss-Massa,SOU,Urbain,Féminin,Qualifiant,Transport scolaire,1053,MEN
AS605714,2023-2024,Marrakech-Safi,MAR,Rural,Féminin,Primaire,Restauration scolaire,1941,MEN
AS605715,2019-2020,Casablanca-Settat,CAS,Rural,Féminin,Primaire,Transport scolaire,1291,MEN
AS605716,2016-2017,Souss-Massa,SOU,Rural,Masculin,Collégial,Cartable,147,MEN
AS605717,2021-2022,Tanger-Tétouan-Al Hoceïma,TAN,Urbain,Masculin,Primaire,Cartable,150,MEN
AS605718,2022-2023,Oriental,ORI,Rural,Féminin,Collégial,Transport scolaire,1330,MEN
AS605719,2020-2021,Oriental,ORI,Rural,Masculin,Collégial,Restauration scolaire,1688,MEN
AS605720,2018-2019,Marrakech-Safi,MAR,Rural,Féminin,Collégial,Cartable,176,Collectivité locale
AS605721,2017-2018,Oriental,ORI,Urbain,Masculin,Primaire,Internat,4057,INDH
AS605722,2023-2024,Fès-Meknès,FES,Urbain,Féminin,Primaire,Internat,3576,MEN
AS605723,2016-2017,Fès-Meknès,FES,Urbain,Masculin,Primaire,Cartable,148,MEN
AS605724,2018-2019,Fès-Meknès,FES,Urbain,Féminin,Primaire,Restauration scolaire,1899,MEN
AS605725,2021-2022,Souss-Massa,SOU,Rural,Masculin,Collégial,Cartable,165,MEN
AS605726,2015-2016,Laâyoune-Sakia El Hamra,LAA,Urbain,Féminin,Primaire,Cartable,149,INDH
AS605727,2019-2020,Rabat-Salé-Kénitra,RAB,Rural,Féminin,Primaire,Restauration scolaire,1625,Don privé
AS605728,2017-2018,Béni Mellal-Khénifra,BMK,Urbain,Masculin,Qualifiant,Transport scolaire,1174,MEN
AS605729,2022-2023,Casablanca-Settat,CAS,Rural,Féminin,Collégial,Uniforme,278,MEN
AS605730,2023-2024,Rabat-Salé-Kénitra,RAB,Rural,Masculin,Collégial,Cartable,173,MEN
AS605731,2016-2017,Rabat-Salé-Kénitra,RAB,Rural,Masculin,Qualifiant,Restauration scolaire,1758,Collectivité locale
AS605732,2021-2022,Casablanca-Settat,CAS,Urbain,Féminin,Primaire,Cartable,137,MEN
AS605733,2016-2017,Rabat-Salé-Kénitra,RAB,Rural,Féminin,Primaire,Transport scolaire,1372,Collectivité locale
AS605734,2020-2021,Rabat-Salé-Kénitra,RAB,Rural,Masculin,Collégial,Restauration scolaire,1768,MEN
AS605735,2017-2018,Casablanca-Settat,CAS,Rural,Masculin,Qualifiant,Cartable,138,MEN
AS605736,2018-2019,Casablanca-Settat,CAS,Rural,Masculin,Primaire,Internat,3796,MEN
AS605737,2015-2016,Fès-Meknès,FES,Rural,Féminin,Primaire,Uniforme,223,INDH
AS605738,2017-2018,Souss-Massa,SOU,Urbain,Masculin,Primaire,Cartable,145,ONG
AS605739,2016-2017,Marrakech-Safi,MAR,Rural,Féminin,Collégial,Transport scolaire,1339,MEN
AS605740,2018-2019,Casablanca-Settat,CAS,Rural,Masculin,Primaire,Transport scolaire,1242,MEN
AS605741,2020-2021,Oriental,ORI,Urbain,Féminin,Qualifiant,Internat,4077,INDH
AS605742,2020-2021,Béni Mellal-Khénifra,BMK,Rural,Féminin,Collégial,Fournitures,183,MEN
AS605743,2019-2020,Casablanca-Settat,CAS,Urbain,Masculin,Collégial,Internat,3080,ONG
AS605744,2018-2019,Marrakech-Safi,MAR,Rural,Féminin,Qualifiant,Cartable,162,MEN
AS605745,2018-2019,Rabat-Salé-Kénitra,RAB,Rural,Masculin,Collégial,Internat,3329,INDH
AS605746,2020-2021,Marrakech-Safi,MAR,Rural,Masculin,Qualifiant,Uniforme,334,ONG
AS605747,2015-2016,Casablanca-Settat,CAS,Rural,Masculin,Primaire,Internat,3295,INDH
AS605748,2020-2021,Souss-Massa,SOU,Urbain,Masculin,Collégial,Restauration scolaire,1920,MEN
AS605749,2021-2022,Oriental,ORI,Urbain,Féminin,Primaire,Transport scolaire,1336,ONG
AS605750,2019-2020,Souss-Massa,SOU,Urbain,Féminin,Primaire,Transport scolaire,1032,MEN
AS605751,2021-2022,Casablanca-Settat,CAS,Urbain,Masculin,Collégial,Internat,3591,MEN
AS605752,2021-2022,Casablanca-Settat,CAS,Urbain,Masculin,Collégial,Uniforme,299,MEN
AS605753,2017-2018,Rabat-Salé-Kénitra,RAB,Urbain,Masculin,Primaire,Transport scolaire,1029,MEN
AS605754,2021-2022,Souss-Massa,SOU,Urbain,Féminin,Qualifiant,Internat,3499,MEN
AS605755,2023-2024,Souss-Massa,SOU,Urbain,Masculin,Collégial,Cartable,170,Don privé
AS605756,2015-2016,Casablanca-Settat,CAS,Rural,Masculin,Primaire,Cartable,175,MEN
AS605757,2017-2018,Casablanca-Settat,CAS,Rural,Masculin,Collégial,Uniforme,233,MEN
AS605758,2023-2024,Rabat-Salé-Kénitra,RAB,Urbain,Féminin,Primaire,Internat,2987,MEN
AS605759,2020-2021,Fès-Meknès,FES,Urbain,Masculin,Primaire,Transport scolaire,1172,MEN
AS605760,2020-2021,Rabat-Salé-Kénitra,RAB,Rural,Masculin,Collégial,Cartable,178,MEN
AS605761,2019-2020,Casablanca-Settat,CAS,Urbain,Masculin,Primaire,Cartable,186,Don privé
AS605762,2018-2019,Marrakech-Safi,MAR,Urbain,Féminin,Qualifiant,Restauration scolaire,1841,Collectivité locale
AS605763,2016-2017,Tanger-Tétouan-Al Hoceïma,TAN,Urbain,Féminin,Primaire,Restauration scolaire,2054,MEN
AS605764,2015-2016,Béni Mellal-Khénifra,BMK,Urbain,Féminin,Qualifiant,Fournitures,230,MEN
AS605765,2017-2018,Fès-Meknès,FES,Urbain,Masculin,Primaire,Internat,3041,MEN
AS605766,2020-2021,Casablanca-Settat,CAS,Rural,Féminin,Collégial,Internat,2928,Collectivité locale
AS605767,2016-2017,Rabat-Salé-Kénitra,RAB,Rural,Féminin,Collégial,Transport scolaire,1231,MEN
AS605768,2019-2020,Rabat-Salé-Kénitra,RAB,Rural,Masculin,Collégial,Cartable,168,MEN
AS605769,2019-2020,Souss-Massa,SOU,Rural,Féminin,Collégial,Internat,3993,MEN
AS605770,2018-2019,Marrakech-Safi,MAR,Rural,Masculin,Qualifiant,Cartable,152,Collectivité locale
AS605771,2019-2020,Fès-Meknès,FES,Urbain,Masculin,Qualifiant,Fournitures,202,MEN
AS605772,2022-2023,Tanger-Tétouan-Al Hoceïma,TAN,Rural,Féminin,Qualifiant,Cartable,157,ONG
AS605773,2015-2016,Tanger-Tétouan-Al Hoceïma,TAN,Rural,Masculin,Qualifiant,Cartable,149,MEN
AS605774,2018-2019,Casablanca-Settat,CAS,Rural,Masculin,Collégial,Restauration scolaire,1623,INDH
AS605775,2017-2018,Marrakech-Safi,MAR,Rural,Masculin,Collégial,Uniforme,327,INDH
AS605776,2016-2017,Marrakech-Safi,MAR,Rural,Féminin,Qualifiant,Fournitures,185,MEN
AS605777,2022-2023,Marrakech-Safi,MAR,Urbain,Féminin,Collégial,Uniforme,302,MEN
AS605778,2022-2023,Béni Mellal-Khénifra,BMK,Rural,Masculin,Collégial,Restauration scolaire,1527,Don privé
AS605779,2020-2021,Marrakech-Safi,MAR,Urbain,Féminin,Primaire,Internat,3586,Collectivité locale
AS605780,2021-2022,Fès-Meknès,FES,Urbain,Masculin,Primaire,Restauration scolaire,1597,INDH
AS605781,2017-2018,Souss-Massa,SOU,Urbain,Masculin,Qualifiant,Internat,3337,MEN
AS605782,2015-2016,Souss-Massa,SOU,Urbain,Féminin,Primaire,Cartable,176,MEN
AS605783,2017-2018,Casablanca-Settat,CAS,Rural,Féminin,Collégial,Internat,3749,MEN
AS605784,2018-2019,Souss-Massa,SOU,Urbain,Féminin,Qualifiant,Cartable,175,Collectivité locale
AS605785,2023-2024,Drâa-Tafilalet,DRA,Urbain,Masculin,Qualifiant,Uniforme,261,Don privé
AS605786,2022-2023,Drâa-Tafilalet,DRA,Urbain,Masculin,Primaire,Cartable,149,MEN
AS605787,2020-2021,Tanger-Tétouan-Al Hoceïma,TAN,Rural,Masculin,Primaire,Restauration scolaire,1726,MEN
AS605788,2020-2021,Béni Mellal-Khénifra,BMK,Rural,Masculin,Primaire,Cartable,137,INDH
AS605789,2020-2021,Rabat-Salé-Kénitra,RAB,Urbain,Féminin,Primaire,Uniforme,308,INDH
AS605790,2023-2024,Rabat-Salé-Kénitra,RAB,Rural,Masculin,Primaire,Transport scolaire,1426,MEN
AS605791,2020-2021,Tanger-Tétouan-Al Hoceïma,TAN,Urbain,Féminin,Collégial,Restauration scolaire,1741,MEN
AS605792,2017-2018,Rabat-Salé-Kénitra,RAB,Rural,Féminin,Primaire,Fournitures,205,INDH
AS605793,2021-2022,Béni Mellal-Khénifra,BMK,Urbain,Féminin,Primaire,Cartable,166,MEN
AS605794,2019-2020,Béni Mellal-Khénifra,BMK,Urbain,Féminin,Primaire,Transport scolaire,1302,MEN
AS605795,2022-2023,Béni Mellal-Khénifra,BMK,Urbain,Masculin,Primaire,Cartable,146,INDH
AS605796,2015-2016,Casablanca-Settat,CAS,Urbain,Masculin,Primaire,Internat,3445,MEN
AS605797,2017-2018,Fès-Meknès,FES,Urbain,Féminin,Qualifiant,Cartable,169,Collectivité locale
AS605798,2018-2019,Marrakech-Safi,MAR,Rural,Masculin,Primaire,Fournitures,197,ONG
AS605799,2018-2019,Guelmim-Oued Noun,GUE,Rural,Masculin,Collégial,Uniforme,306,MEN
AS605800,2022-2023,Casablanca-Settat,CAS,Rural,Masculin,Collégial,Uniforme,265,MEN
AS605801,2016-2017,Casablanca-Settat,CAS,Urbain,Masculin,Collégial,Transport scolaire,1361,MEN
AS605802,2017-2018,Casablanca-Settat,CAS,Urbain,Masculin,Collégial,Fournitures,199,MEN
AS605803,2018-2019,Casablanca-Settat,CAS,Urbain,Masculin,Primaire,Uniforme,283,INDH
AS605804,2019-2020,Casablanca-Settat,CAS,Urbain,Féminin,Collégial,Restauration scolaire,1720,MEN
AS605805,2016-2017,Oriental,ORI,Rural,Féminin,Qualifiant,Restauration scolaire,1787,ONG
AS605806,2017-2018,Rabat-Salé-Kénitra,RAB,Urbain,Féminin,Primaire,Restauration scolaire,2035,MEN
AS605807,2018-2019,Guelmim-Oued Noun,GUE,Rural,Féminin,Qualifiant,Fournitures,157,INDH
AS605808,2020-2021,Marrakech-Safi,MAR,Rural,Féminin,Primaire,Internat,3691,MEN
AS605809,2015-2016,Marrakech-Safi,MAR,Rural,Féminin,Collégial,Cartable,155,MEN
AS605810,2023-2024,Casablanca-Settat,CAS,Rural,Masculin,Collégial,Transport scolaire,1357,INDH
AS605811,2019-2020,Fès-Meknès,FES,Rural,Féminin,Primaire,Restauration scolaire,1688,MEN
AS605812,2016-2017,Fès-Meknès,FES,Urbain,Féminin,Primaire,Cartable,148,INDH
AS605813,2018-2019,Marrakech-Safi,MAR,Urbain,Féminin,Primaire,Restauration scolaire,1783,MEN
AS605814,2017-2018,Casablanca-Settat,CAS,Urbain,Féminin,Collégial,Transport scolaire,1282,INDH
AS605815,2016-2017,Béni Mellal-Khénifra,BMK,Urbain,Masculin,Primaire,Fournitures,227,INDH
AS605816,2018-2019,Fès-Meknès,FES,Urbain,Féminin,Collégial,Uniforme,273,Don privé
AS605817,2015-2016,Casablanca-Settat,CAS,Urbain,Masculin,Collégial,Internat,2906,MEN
AS605818,2021-2022,Souss-Massa,SOU,Urbain,Féminin,Qualifiant,Transport scolaire,1147,MEN
AS605819,2020-2021,Fès-Meknès,FES,Urbain,Masculin,Primaire,Transport scolaire,1118,INDH
AS605820,2020-2021,Béni Mellal-Khénifra,BMK,Rural,Féminin,Qualifiant,Restauration scolaire,1981,INDH
AS605821,2017-2018,Marrakech-Safi,MAR,Rural,Féminin,Collégial,Internat,3225,MEN
AS605822,2015-2016,Casablanca-Settat,CAS,Urbain,Masculin,Collégial,Cartable,159,MEN
AS605823,2017-2018,Marrakech-Safi,MAR,Rural,Féminin,Primaire,Cartable,148,Collectivité locale
AS605824,2019-2020,Marrakech-Safi,MAR,Rural,Féminin,Primaire,Cartable,150,MEN
AS605825,2016-2017,Fès-Meknès,FES,Urbain,Féminin,Collégial,Restauration scolaire,1573,MEN
AS605826,2021-2022,Rabat-Salé-Kénitra,RAB,Urbain,Féminin,Collégial,Internat,3532,MEN
AS605827,2015-2016,Souss-Massa,SOU,Rural,Féminin,Qualifiant,Cartable,170,MEN
AS605828,2023-2024,Marrakech-Safi,MAR,Rural,Masculin,Primaire,Restauration scolaire,2071,MEN
AS605829,2017-2018,Tanger-Tétouan-Al Hoceïma,TAN,Rural,Masculin,Collégial,Cartable,156,INDH
AS605830,2022-2023,Casablanca-Settat,CAS,Rural,Masculin,Collégial,Restauration scolaire,1824,ONG
AS605831,2022-2023,Casablanca-Settat,CAS,Urbain,Masculin,Collégial,Internat,3449,INDH
AS605832,2019-2020,Tanger-Tétouan-Al Hoceïma,TAN,Rural,Masculin,Primaire,Cartable,174,MEN
AS605833,2020-2021,Marrakech-Safi,MAR,Rural,Féminin,Primaire,Cartable,198,MEN
AS605834,2017-2018,Fès-Meknès,FES,Rural,Féminin,Primaire,Cartable,152,INDH
AS605835,2016-2017,Tanger-Tétouan-Al Hoceïma,TAN,Urbain,Féminin,Primaire,Cartable,148,Collectivité locale
AS605836,2018-2019,Marrakech-Safi,MAR,Urbain,Féminin,Primaire,Restauration scolaire,1762,MEN
AS605837,2016-2017,Guelmim-Oued Noun,GUE,Urbain,Masculin,Primaire,Transport scolaire,1481,Collectivité locale
AS605838,2022-2023,Souss-Massa,SOU,Rural,Masculin,Primaire,Cartable,152,INDH
AS605839,2015-2016,Souss-Massa,SOU,Rural,Masculin,Primaire,Fournitures,235,MEN
AS605840,2020-2021,Tanger-Tétouan-Al Hoceïma,TAN,Urbain,Féminin,Primaire,Cartable,137,INDH
AS605841,2022-2023,Drâa-Tafilalet,DRA,Rural,Masculin,Collégial,Restauration scolaire,1869,Collectivité locale
AS605842,2019-2020,Rabat-Salé-Kénitra,RAB,Rural,Masculin,Qualifiant,Transport scolaire,1331,INDH
AS605843,2020-2021,Casablanca-Settat,CAS,Rural,Masculin,Collégial,Uniforme,268,MEN
AS605844,2015-2016,Béni Mellal-Khénifra,BMK,Rural,Féminin,Collégial,Cartable,149,MEN
AS605845,2018-2019,Casablanca-Settat,CAS,Rural,Féminin,Collégial,Cartable,175,Collectivité locale
AS605846,2016-2017,Tanger-Tétouan-Al Hoceïma,TAN,Urbain,Masculin,Qualifiant,Internat,3991,ONG
AS605847,2022-2023,Casablanca-Settat,CAS,Rural,Masculin,Primaire,Cartable,135,ONG
AS605848,2018-2019,Souss-Massa,SOU,Urbain,Masculin,Collégial,Cartable,135,MEN
AS605849,2018-2019,Casablanca-Settat,CAS,Urbain,Masculin,Collégial,Transport scolaire,1203,MEN
AS605850,2020-2021,Guelmim-Oued Noun,GUE,Urbain,Féminin,Primaire,Cartable,163,MEN
AS605851,2019-2020,Marrakech-Safi,MAR,Rural,Féminin,Primaire,Transport scolaire,1176,MEN
AS605852,2019-2020,Drâa-Tafilalet,DRA,Rural,Féminin,Qualifiant,Internat,3161,MEN
AS605853,2015-2016,Fès-Meknès,FES,Rural,Masculin,Qualifiant,Restauration scolaire,1762,Don privé
AS605854,2020-2021,Souss-Massa,SOU,Urbain,Masculin,Primaire,Uniforme,232,INDH
AS605855,2015-2016,Fès-Meknès,FES,Urbain,Masculin,Collégial,Internat,4022,INDH
AS605856,2019-2020,Casablanca-Settat,CAS,Urbain,Masculin,Primaire,Internat,4040,Collectivité locale
AS605857,2022-2023,Fès-Meknès,FES,Rural,Masculin,Collégial,Uniforme,272,Collectivité locale
AS605858,2019-2020,Oriental,ORI,Rural,Masculin,Primaire,Cartable,149,Collectivité locale
AS605859,2016-2017,Béni Mellal-Khénifra,BMK,Urbain,Masculin,Qualifiant,Restauration scolaire,1516,MEN
AS605860,2022-2023,Fès-Meknès,FES,Rural,Masculin,Collégial,Cartable,155,MEN
AS605861,2023-2024,Marrakech-Safi,MAR,Urbain,Féminin,Primaire,Internat,3898,INDH
AS605862,2016-2017,Béni Mellal-Khénifra,BMK,Urbain,Masculin,Primaire,Cartable,178,INDH
AS605863,2018-2019,Tanger-Tétouan-Al Hoceïma,TAN,Urbain,Féminin,Collégial,Uniforme,287,MEN
AS605864,2018-2019,Marrakech-Safi,MAR,Rural,Masculin,Primaire,Uniforme,265,Collectivité locale
AS605865,2022-2023,Casablanca-Settat,CAS,Urbain,Masculin,Qualifiant,Cartable,122,MEN
AS605866,2022-2023,Marrakech-Safi,MAR,Rural,Masculin,Collégial,Transport scolaire,1069,INDH
AS605867,2016-2017,Fès-Meknès,FES,Rural,Masculin,Collégial,Cartable,170,MEN
AS605868,2021-2022,Casablanca-Settat,CAS,Rural,Féminin,Qualifiant,Internat,3407,MEN
AS605869,2023-2024,Drâa-Tafilalet,DRA,Rural,Féminin,Primaire,Fournitures,191,MEN
AS605870,2020-2021,Marrakech-Safi,MAR,Urbain,Féminin,Primaire,Transport scolaire,1071,Don privé
AS605871,2022-2023,Béni Mellal-Khénifra,BMK,Urbain,Féminin,Primaire,Uniforme,253,ONG
AS605872,2022-2023,Fès-Meknès,FES,Urbain,Masculin,Primaire,Transport scolaire,1287,MEN
AS605873,2017-2018,Rabat-Salé-Kénitra,RAB,Urbain,Féminin,Primaire,Uniforme,244,INDH
AS605874,2020-2021,Marrakech-Safi,MAR,Urbain,Masculin,Primaire,Restauration scolaire,1634,MEN
AS605875,2021-2022,Rabat-Salé-Kénitra,RAB,Rural,Féminin,Primaire,Transport scolaire,1211,MEN
AS605876,2018-2019,Fès-Meknès,FES,Rural,Féminin,Collégial,Internat,3389,ONG
AS605877,2015-2016,Marrakech-Safi,MAR,Rural,Masculin,Qualifiant,Restauration scolaire,2127,MEN
AS605878,2016-2017,Rabat-Salé-Kénitra,RAB,Urbain,Masculin,Primaire,Cartable,168,MEN
AS605879,2023-2024,Laâyoune-Sakia El Hamra,LAA,Rural,Masculin,Collégial,Restauration scolaire,2114,INDH
AS605880,2021-2022,Oriental,ORI,Urbain,Féminin,Primaire,Uniforme,270,MEN
AS605881,2017-2018,Marrakech-Safi,MAR,Rural,Féminin,Collégial,Cartable,171,ONG
AS605882,2020-2021,Rabat-Salé-Kénitra,RAB,Urbain,Féminin,Qualifiant,Internat,3376,MEN
AS605883,2019-2020,Casablanca-Settat,CAS,Urbain,Féminin,Primaire,Transport scolaire,1344,INDH
AS605884,2015-2016,Béni Mellal-Khénifra,BMK,Urbain,Masculin,Primaire,Internat,3646,MEN
AS605885,2018-2019,Rabat-Salé-Kénitra,RAB,Rural,Féminin,Qualifiant,Uniforme,282,ONG
AS605886,2017-2018,Fès-Meknès,FES,Urbain,Masculin,Collégial,Internat,3573,MEN
AS605887,2021-2022,Casablanca-Settat,CAS,Urbain,Masculin,Qualifiant,Restauration scolaire,2024,MEN
AS605888,2016-2017,Souss-Massa,SOU,Urbain,Masculin,Qualifiant,Restauration scolaire,1469,ONG
AS605889,2015-2016,Béni Mellal-Khénifra,BMK,Urbain,Masculin,Primaire,Cartable,157,MEN
AS605890,2018-2019,Casablanca-Settat,CAS,Urbain,Masculin,Collégial,Cartable,143,ONG
AS605891,2023-2024,Marrakech-Safi,MAR,Rural,Féminin,Primaire,Cartable,139,Collectivité locale
AS605892,2023-2024,Souss-Massa,SOU,Rural,Masculin,Collégial,Restauration scolaire,1709,INDH
AS605893,2018-2019,Béni Mellal-Khénifra,BMK,Rural,Masculin,Collégial,Internat,3018,MEN
AS605894,2022-2023,Casablanca-Settat,CAS,Rural,Masculin,Qualifiant,Restauration scolaire,1824,MEN
AS605895,2019-2020,Casablanca-Settat,CAS,Urbain,Féminin,Primaire,Internat,3306,MEN
AS605896,2022-2023,Casablanca-Settat,CAS,Urbain,Féminin,Primaire,Fournitures,220,ONG
AS605897,2023-2024,Fès-Meknès,FES,Rural,Féminin,Primaire,Uniforme,298,MEN
AS605898,2017-2018,Souss-Massa,SOU,Rural,Masculin,Primaire,Cartable,159,ONG
AS605899,2019-2020,Drâa-Tafilalet,DRA,Urbain,Masculin,Primaire,Internat,3954,INDH
AS605900,2019-2020,Fès-Meknès,FES,Urbain,Masculin,Primaire,Restauration scolaire,1651,MEN
AS605901,2020-2021,Tanger-Tétouan-Al Hoceïma,TAN,Urbain,Masculin,Primaire,Internat,2821,ONG
AS605902,2015-2016,Tanger-Tétouan-Al Hoceïma,TAN,Rural,Féminin,Primaire,Cartable,120,INDH
AS605903,2017-2018,Tanger-Tétouan-Al Hoceïma,TAN,Rural,Masculin,Collégial,Uniforme,255,MEN
AS605904,2020-2021,Casablanca-Settat,CAS,Rural,Féminin,Qualifiant,Cartable,148,MEN
AS605905,2016-2017,Tanger-Tétouan-Al Hoceïma,TAN,Urbain,Masculin,Collégial,Uniforme,300,MEN
AS605906,2021-2022,Dakhla-Oued Eddahab,DAK,Urbain,Féminin,Qualifiant,Cartable,142,MEN
AS605907,2022-2023,Fès-Meknès,FES,Rural,Masculin,Primaire,Cartable,137,Collectivité locale
AS605908,2022-2023,Casablanca-Settat,CAS,Urbain,Féminin,Primaire,Cartable,168,MEN
AS605909,2020-2021,Fès-Meknès,FES,Rural,Masculin,Primaire,Restauration scolaire,2061,MEN
AS605910,2020-2021,Casablanca-Settat,CAS,Urbain,Féminin,Primaire,Cartable,147,MEN
AS605911,2022-2023,Béni Mellal-Khénifra,BMK,Urbain,Masculin,Primaire,Uniforme,284,MEN
AS605912,2020-2021,Casablanca-Settat,CAS,Rural,Masculin,Primaire,Cartable,135,MEN
AS605913,2019-2020,Marrakech-Safi,MAR,Rural,Féminin,Collégial,Cartable,148,MEN
AS605914,2022-2023,Tanger-Tétouan-Al Hoceïma,TAN,Urbain,Féminin,Qualifiant,Cartable,183,MEN
AS605915,2015-2016,Marrakech-Safi,MAR,Rural,Féminin,Primaire,Uniforme,304,INDH
AS605916,2017-2018,Béni Mellal-Khénifra,BMK,Urbain,Féminin,Qualifiant,Internat,2904,Collectivité locale
AS605917,2018-2019,Souss-Massa,SOU,Rural,Masculin,Primaire,Restauration scolaire,1748,MEN
AS605918,2021-2022,Béni Mellal-Khénifra,BMK,Urbain,Féminin,Primaire,Uniforme,274,INDH
AS605919,2020-2021,Marrakech-Safi,MAR,Rural,Masculin,Primaire,Fournitures,218,Collectivité locale
AS605920,2015-2016,Casablanca-Settat,CAS,Urbain,Féminin,Primaire,Cartable,145,Collectivité locale
AS605921,2016-2017,Souss-Massa,SOU,Rural,Féminin,Collégial,Restauration scolaire,1639,MEN
AS605922,2017-2018,Souss-Massa,SOU,Rural,Masculin,Primaire,Transport scolaire,1127,INDH
AS605923,2018-2019,Rabat-Salé-Kénitra,RAB,Rural,Masculin,Primaire,Restauration scolaire,1813,ONG
AS605924,2015-2016,Casablanca-Settat,CAS,Urbain,Féminin,Qualifiant,Restauration scolaire,1973,MEN
AS605925,2019-2020,Marrakech-Safi,MAR,Urbain,Féminin,Primaire,Restauration scolaire,2116,MEN
AS605926,2023-2024,Casablanca-Settat,CAS,Rural,Féminin,Primaire,Transport scolaire,1207,MEN
AS605927,2021-2022,Casablanca-Settat,CAS,Rural,Féminin,Qualifiant,Internat,3531,MEN
AS605928,2021-2022,Marrakech-Safi,MAR,Rural,Masculin,Collégial,Uniforme,309,MEN
AS605929,2019-2020,Béni Mellal-Khénifra,BMK,Urbain,Masculin,Qualifiant,Restauration scolaire,1826,ONG
AS605930,2021-2022,Tanger-Tétouan-Al Hoceïma,TAN,Urbain,Masculin,Primaire,Cartable,132,MEN
AS605931,2015-2016,Casablanca-Settat,CAS,Rural,Féminin,Collégial,Cartable,129,ONG
AS605932,2016-2017,Tanger-Tétouan-Al Hoceïma,TAN,Rural,Féminin,Collégial,Uniforme,271,MEN
AS605933,2023-2024,Tanger-Tétouan-Al Hoceïma,TAN,Rural,Féminin,Primaire,Internat,2519,MEN
AS605934,2021-2022,Souss-Massa,SOU,Rural,Masculin,Primaire,Cartable,162,MEN
AS605935,2015-2016,Fès-Meknès,FES,Urbain,Féminin,Collégial,Internat,3476,MEN
AS605936,2018-2019,Marrakech-Safi,MAR,Rural,Féminin,Primaire,Restauration scolaire,1898,MEN
AS605937,2021-2022,Rabat-Salé-Kénitra,RAB,Urbain,Masculin,Primaire,Internat,3407,Collectivité locale
AS605938,2022-2023,Drâa-Tafilalet,DRA,Rural,Masculin,Primaire,Internat,3586,INDH
AS605939,2017-2018,Rabat-Salé-Kénitra,RAB,Urbain,Masculin,Primaire,Restauration scolaire,1695,INDH
AS605940,2023-2024,Marrakech-Safi,MAR,Rural,Féminin,Collégial,Restauration scolaire,1653,Collectivité locale
AS605941,2016-2017,Tanger-Tétouan-Al Hoceïma,TAN,Rural,Masculin,Collégial,Transport scolaire,1340,MEN
AS605942,2016-2017,Dakhla-Oued Eddahab,DAK,Urbain,Masculin,Primaire,Restauration scolaire,1844,MEN
AS605943,2019-2020,Fès-Meknès,FES,Urbain,Féminin,Primaire,Transport scolaire,1349,INDH
AS605944,2016-2017,Marrakech-Safi,MAR,Urbain,Masculin,Primaire,Transport scolaire,1352,MEN
AS605945,2018-2019,Tanger-Tétouan-Al Hoceïma,TAN,Rural,Masculin,Primaire,Transport scolaire,1175,ONG
AS605946,2022-2023,Dakhla-Oued Eddahab,DAK,Urbain,Masculin,Collégial,Restauration scolaire,1540,MEN
AS605947,2015-2016,Casablanca-Settat,CAS,Urbain,Masculin,Collégial,Restauration scolaire,1935,ONG
AS605948,2015-2016,Marrakech-Safi,MAR,Rural,Masculin,Primaire,Restauration scolaire,1860,Collectivité locale
AS605949,2022-2023,Casablanca-Settat,CAS,Rural,Féminin,Collégial,Restauration scolaire,1703,INDH
AS605950,2019-2020,Marrakech-Safi,MAR,Urbain,Masculin,Primaire,Cartable,161,MEN
AS605951,2019-2020,Guelmim-Oued Noun,GUE,Rural,Féminin,Qualifiant,Internat,3969,Don privé
AS605952,2019-2020,Casablanca-Settat,CAS,Rural,Masculin,Collégial,Internat,3577,INDH
AS605953,2021-2022,Béni Mellal-Khénifra,BMK,Rural,Masculin,Collégial,Uniforme,336,INDH
AS605954,2023-2024,Marrakech-Safi,MAR,Rural,Masculin,Qualifiant,Cartable,147,INDH
AS605955,2020-2021,Rabat-Salé-Kénitra,RAB,Urbain,Féminin,Collégial,Cartable,132,MEN
AS605956,2015-2016,Rabat-Salé-Kénitra,RAB,Rural,Masculin,Qualifiant,Fournitures,200,Collectivité locale
AS605957,2023-2024,Fès-Meknès,FES,Urbain,Féminin,Collégial,Internat,3394,INDH
AS605958,2017-2018,Marrakech-Safi,MAR,Urbain,Masculin,Collégial,Cartable,177,MEN
AS605959,2021-2022,Oriental,ORI,Rural,Masculin,Collégial,Uniforme,291,MEN
AS605960,2015-2016,Fès-Meknès,FES,Urbain,Masculin,Primaire,Restauration scolaire,1668,MEN
AS605961,2019-2020,Souss-Massa,SOU,Urbain,Féminin,Primaire,Internat,4046,MEN
AS605962,2015-2016,Rabat-Salé-Kénitra,RAB,Urbain,Masculin,Primaire,Cartable,144,INDH
AS605963,2017-2018,Drâa-Tafilalet,DRA,Rural,Masculin,Collégial,Uniforme,290,INDH
AS605964,2021-2022,Marrakech-Safi,MAR,Rural,Masculin,Primaire,Transport scolaire,1608,MEN
AS605965,2021-2022,Rabat-Salé-Kénitra,RAB,Rural,Féminin,Qualifiant,Cartable,178,MEN
AS605966,2017-2018,Rabat-Salé-Kénitra,RAB,Rural,Masculin,Collégial,Restauration scolaire,1723,Collectivité locale
AS605967,2019-2020,Casablanca-Settat,CAS,Urbain,Féminin,Primaire,Fournitures,203,Don privé
AS605968,2019-2020,Fès-Meknès,FES,Urbain,Féminin,Primaire,Restauration scolaire,1608,INDH
AS605969,2015-2016,Rabat-Salé-Kénitra,RAB,Rural,Féminin,Primaire,Cartable,174,Collectivité locale
AS605970,2018-2019,Béni Mellal-Khénifra,BMK,Rural,Masculin,Primaire,Cartable,188,MEN
AS605971,2019-2020,Tanger-Tétouan-Al Hoceïma,TAN,Urbain,Masculin,Collégial,Restauration scolaire,1777,INDH
AS605972,2021-2022,Casablanca-Settat,CAS,Rural,Masculin,Primaire,Cartable,150,INDH
AS605973,2021-2022,Rabat-Salé-Kénitra,RAB,Urbain,Féminin,Qualifiant,Cartable,138,Don privé
AS605974,2017-2018,Béni Mellal-Khénifra,BMK,Rural,Féminin,Collégial,Restauration scolaire,1935,INDH
AS605975,2023-2024,Rabat-Salé-Kénitra,RAB,Rural,Féminin,Collégial,Cartable,137,MEN
AS605976,2020-2021,Marrakech-Safi,MAR,Rural,Masculin,Qualifiant,Restauration scolaire,1933,Don privé
AS605977,2023-2024,Marrakech-Safi,MAR,Urbain,Masculin,Primaire,Fournitures,189,MEN
AS605978,2016-2017,Tanger-Tétouan-Al Hoceïma,TAN,Rural,Féminin,Primaire,Internat,3713,MEN
AS605979,2019-2020,Marrakech-Safi,MAR,Rural,Masculin,Primaire,Cartable,150,Collectivité locale
AS605980,2023-2024,Tanger-Tétouan-Al Hoceïma,TAN,Rural,Masculin,Collégial,Restauration scolaire,1943,MEN
AS605981,2015-2016,Casablanca-Settat,CAS,Urbain,Masculin,Primaire,Restauration scolaire,1878,INDH
AS605982,2015-2016,Drâa-Tafilalet,DRA,Rural,Féminin,Collégial,Restauration scolaire,1810,Collectivité locale
AS605983,2015-2016,Rabat-Salé-Kénitra,RAB,Rural,Féminin,Collégial,Restauration scolaire,1807,MEN
AS605984,2016-2017,Béni Mellal-Khénifra,BMK,Rural,Féminin,Primaire,Uniforme,247,Collectivité locale
AS605985,2015-2016,Souss-Massa,SOU,Rural,Féminin,Primaire,Cartable,191,Collectivité locale
AS605986,2021-2022,Fès-Meknès,FES,Rural,Masculin,Primaire,Uniforme,292,Collectivité locale
AS605987,2017-2018,Casablanca-Settat,CAS,Urbain,Masculin,Qualifiant,Restauration scolaire,2143,MEN
AS605988,2023-2024,Tanger-Tétouan-Al Hoceïma,TAN,Urbain,Féminin,Primaire,Cartable,148,MEN
AS605989,2019-2020,Casablanca-Settat,CAS,Urbain,Féminin,Collégial,Transport scolaire,1126,MEN
AS605990,2023-2024,Tanger-Tétouan-Al Hoceïma,TAN,Rural,Féminin,Collégial,Cartable,168,MEN
AS605991,2020-2021,Casablanca-Settat,CAS,Urbain,Féminin,Collégial,Restauration scolaire,1741,MEN
AS605992,2016-2017,Marrakech-Safi,MAR,Rural,Féminin,Collégial,Internat,2835,ONG
AS605993,2018-2019,Marrakech-Safi,MAR,Urbain,Féminin,Primaire,Cartable,169,MEN
AS605994,2015-2016,Tanger-Tétouan-Al Hoceïma,TAN,Rural,Masculin,Collégial,Fournitures,183,MEN
AS605995,2023-2024,Souss-Massa,SOU,Rural,Masculin,Collégial,Uniforme,283,INDH
AS605996,2022-2023,Rabat-Salé-Kénitra,RAB,Rural,Féminin,Primaire,Restauration scolaire,1692,MEN
AS605997,2018-2019,Fès-Meknès,FES,Rural,Masculin,Primaire,Restauration scolaire,1922,INDH
AS605998,2016-2017,Tanger-Tétouan-Al Hoceïma,TAN,Urbain,Masculin,Qualifiant,Uniforme,345,ONG
AS605999,2019-2020,Fès-Meknès,FES,Urbain,Féminin,Primaire,Restauration scolaire,1952,MEN
